moment_id,batch,event_id,held_out_uav,manual_identity,wrong_identity,support_uav_count,support_uavs,own_cost_px,wrong_cost_px,association_margin_px,predicted_identity,correct,truth_origin,baseline,note
B3_M02,B3,B3_formal_event,uav-01,B3_N,B3_S,2,uav-02|uav-04,163.8557802061121,450.5510145343844,286.69523432827236,B3_N,True,manual_scene_topology_independent_of_ray_residual,H2_two_uav_nominal_geometry,same time candidate; manual flame-base proxy; H4 temporal not fitted
B3_M02,B3,B3_formal_event,uav-01,B3_S,B3_N,2,uav-02|uav-04,159.91000531718808,750.2617880837506,590.3517827665626,B3_S,True,manual_scene_topology_independent_of_ray_residual,H2_two_uav_nominal_geometry,same time candidate; manual flame-base proxy; H4 temporal not fitted
B3_M02,B3,B3_formal_event,uav-01,B3_N,B3_S,2,uav-02|uav-05,211.74987221423376,469.2961993932785,257.54632717904474,B3_N,True,manual_scene_topology_independent_of_ray_residual,H2_two_uav_nominal_geometry,same time candidate; manual flame-base proxy; H4 temporal not fitted
B3_M02,B3,B3_formal_event,uav-01,B3_S,B3_N,2,uav-02|uav-05,133.85983565102865,798.1755722311353,664.3157365801067,B3_S,True,manual_scene_topology_independent_of_ray_residual,H2_two_uav_nominal_geometry,same time candidate; manual flame-base proxy; H4 temporal not fitted
B3_M02,B3,B3_formal_event,uav-01,B3_N,B3_S,2,uav-02|uav-07,267.78372380777773,364.97141328639543,97.1876894786177,B3_N,True,manual_scene_topology_independent_of_ray_residual,H2_two_uav_nominal_geometry,same time candidate; manual flame-base proxy; H4 temporal not fitted
B3_M02,B3,B3_formal_event,uav-01,B3_S,B3_N,2,uav-02|uav-07,250.68615078141724,848.0432537397726,597.3571029583553,B3_S,True,manual_scene_topology_independent_of_ray_residual,H2_two_uav_nominal_geometry,same time candidate; manual flame-base proxy; H4 temporal not fitted
B3_M02,B3,B3_formal_event,uav-01,B3_N,B3_S,2,uav-02|uav-09,196.68646572991702,466.4785409762358,269.7920752463188,B3_N,True,manual_scene_topology_independent_of_ray_residual,H2_two_uav_nominal_geometry,same time candidate; manual flame-base proxy; H4 temporal not fitted
B3_M02,B3,B3_formal_event,uav-01,B3_S,B3_N,2,uav-02|uav-09,122.12605491342143,782.2689941277865,660.1429392143651,B3_S,True,manual_scene_topology_independent_of_ray_residual,H2_two_uav_nominal_geometry,same time candidate; manual flame-base proxy; H4 temporal not fitted
B3_M02,B3,B3_formal_event,uav-01,B3_N,B3_S,2,uav-04|uav-05,170.7434208959036,455.61207066558126,284.86864976967763,B3_N,True,manual_scene_topology_independent_of_ray_residual,H2_two_uav_nominal_geometry,same time candidate; manual flame-base proxy; H4 temporal not fitted
B3_M02,B3,B3_formal_event,uav-01,B3_S,B3_N,2,uav-04|uav-05,176.0920911724758,759.074180008259,582.9820888357832,B3_S,True,manual_scene_topology_independent_of_ray_residual,H2_two_uav_nominal_geometry,same time candidate; manual flame-base proxy; H4 temporal not fitted
B3_M02,B3,B3_formal_event,uav-01,B3_N,B3_S,2,uav-04|uav-07,282.3735512541924,393.0168222376557,110.64327098346325,B3_N,True,manual_scene_topology_independent_of_ray_residual,H2_two_uav_nominal_geometry,same time candidate; manual flame-base proxy; H4 temporal not fitted
B3_M02,B3,B3_formal_event,uav-01,B3_S,B3_N,2,uav-04|uav-07,222.80688212435672,870.7969531321748,647.9900710078182,B3_S,True,manual_scene_topology_independent_of_ray_residual,H2_two_uav_nominal_geometry,same time candidate; manual flame-base proxy; H4 temporal not fitted
B3_M02,B3,B3_formal_event,uav-01,B3_N,B3_S,2,uav-04|uav-09,103.26937527562819,494.2789971562641,391.0096218806359,B3_N,True,manual_scene_topology_independent_of_ray_residual,H2_two_uav_nominal_geometry,same time candidate; manual flame-base proxy; H4 temporal not fitted
B3_M02,B3,B3_formal_event,uav-01,B3_S,B3_N,2,uav-04|uav-09,115.39207262020759,681.558007692176,566.1659350719684,B3_S,True,manual_scene_topology_independent_of_ray_residual,H2_two_uav_nominal_geometry,same time candidate; manual flame-base proxy; H4 temporal not fitted
B3_M02,B3,B3_formal_event,uav-01,B3_N,B3_S,2,uav-05|uav-07,265.9775194593425,372.71684660119735,106.73932714185486,B3_N,True,manual_scene_topology_independent_of_ray_residual,H2_two_uav_nominal_geometry,same time candidate; manual flame-base proxy; H4 temporal not fitted
B3_M02,B3,B3_formal_event,uav-01,B3_S,B3_N,2,uav-05|uav-07,253.0260148895074,845.8589448232267,592.8329299337192,B3_S,True,manual_scene_topology_independent_of_ray_residual,H2_two_uav_nominal_geometry,same time candidate; manual flame-base proxy; H4 temporal not fitted
B3_M02,B3,B3_formal_event,uav-01,B3_N,B3_S,2,uav-05|uav-09,198.60568429206634,427.38882362590726,228.78313933384092,B3_N,True,manual_scene_topology_independent_of_ray_residual,H2_two_uav_nominal_geometry,same time candidate; manual flame-base proxy; H4 temporal not fitted
B3_M02,B3,B3_formal_event,uav-01,B3_S,B3_N,2,uav-05|uav-09,161.16057403876465,785.8500314101162,624.6894573713516,B3_S,True,manual_scene_topology_independent_of_ray_residual,H2_two_uav_nominal_geometry,same time candidate; manual flame-base proxy; H4 temporal not fitted
B3_M02,B3,B3_formal_event,uav-01,B3_N,B3_S,2,uav-07|uav-09,366.1334507453391,256.9804746531716,-109.15297609216748,B3_S,False,manual_scene_topology_independent_of_ray_residual,H2_two_uav_nominal_geometry,same time candidate; manual flame-base proxy; H4 temporal not fitted
B3_M02,B3,B3_formal_event,uav-01,B3_S,B3_N,2,uav-07|uav-09,333.7082221491085,954.0608735019545,620.3526513528459,B3_S,True,manual_scene_topology_independent_of_ray_residual,H2_two_uav_nominal_geometry,same time candidate; manual flame-base proxy; H4 temporal not fitted
B3_M02,B3,B3_formal_event,uav-01,B3_N,B3_S,3,uav-02|uav-04|uav-05,178.09033102020888,446.59700515791627,268.50667413770736,B3_N,True,manual_scene_topology_independent_of_ray_residual,H3_multiuav_nominal_consensus,same time candidate; manual flame-base proxy; H4 temporal not fitted
B3_M02,B3,B3_formal_event,uav-01,B3_S,B3_N,3,uav-02|uav-04|uav-05,166.46994526180026,765.7114213246628,599.2414760628625,B3_S,True,manual_scene_topology_independent_of_ray_residual,H3_multiuav_nominal_consensus,same time candidate; manual flame-base proxy; H4 temporal not fitted
B3_M02,B3,B3_formal_event,uav-01,B3_N,B3_S,3,uav-02|uav-04|uav-07,217.03168630596622,400.3208087830584,183.28912247709218,B3_N,True,manual_scene_topology_independent_of_ray_residual,H3_multiuav_nominal_consensus,same time candidate; manual flame-base proxy; H4 temporal not fitted
B3_M02,B3,B3_formal_event,uav-01,B3_S,B3_N,3,uav-02|uav-04|uav-07,211.6370821431996,801.3615664486439,589.7244843054443,B3_S,True,manual_scene_topology_independent_of_ray_residual,H3_multiuav_nominal_consensus,same time candidate; manual flame-base proxy; H4 temporal not fitted
B3_M02,B3,B3_formal_event,uav-01,B3_N,B3_S,3,uav-02|uav-04|uav-09,164.37357234297744,454.2640645474779,289.89049220450045,B3_N,True,manual_scene_topology_independent_of_ray_residual,H3_multiuav_nominal_consensus,same time candidate; manual flame-base proxy; H4 temporal not fitted
B3_M02,B3,B3_formal_event,uav-01,B3_S,B3_N,3,uav-02|uav-04|uav-09,141.33465190939435,750.5067119675363,609.1720600581419,B3_S,True,manual_scene_topology_independent_of_ray_residual,H3_multiuav_nominal_consensus,same time candidate; manual flame-base proxy; H4 temporal not fitted
B3_M02,B3,B3_formal_event,uav-01,B3_N,B3_S,3,uav-02|uav-05|uav-07,257.89280626068177,392.6006731767176,134.7078669160358,B3_N,True,manual_scene_topology_independent_of_ray_residual,H3_multiuav_nominal_consensus,same time candidate; manual flame-base proxy; H4 temporal not fitted
B3_M02,B3,B3_formal_event,uav-01,B3_S,B3_N,3,uav-02|uav-05|uav-07,220.00787803096895,838.18882737812,618.180949347151,B3_S,True,manual_scene_topology_independent_of_ray_residual,H3_multiuav_nominal_consensus,same time candidate; manual flame-base proxy; H4 temporal not fitted
B3_M02,B3,B3_formal_event,uav-01,B3_N,B3_S,3,uav-02|uav-05|uav-09,201.9599062806152,448.1717351411369,246.21182886052168,B3_N,True,manual_scene_topology_independent_of_ray_residual,H3_multiuav_nominal_consensus,same time candidate; manual flame-base proxy; H4 temporal not fitted
B3_M02,B3,B3_formal_event,uav-01,B3_S,B3_N,3,uav-02|uav-05|uav-09,140.39787447583439,788.3905703671127,647.9926958912783,B3_S,True,manual_scene_topology_independent_of_ray_residual,H3_multiuav_nominal_consensus,same time candidate; manual flame-base proxy; H4 temporal not fitted
B3_M02,B3,B3_formal_event,uav-01,B3_N,B3_S,3,uav-02|uav-07|uav-09,255.9571325583292,384.46179873049863,128.50466617216944,B3_N,True,manual_scene_topology_independent_of_ray_residual,H3_multiuav_nominal_consensus,same time candidate; manual flame-base proxy; H4 temporal not fitted
B3_M02,B3,B3_formal_event,uav-01,B3_S,B3_N,3,uav-02|uav-07|uav-09,210.9592349147722,839.7958595616617,628.8366246468895,B3_S,True,manual_scene_topology_independent_of_ray_residual,H3_multiuav_nominal_consensus,same time candidate; manual flame-base proxy; H4 temporal not fitted
B3_M02,B3,B3_formal_event,uav-01,B3_N,B3_S,3,uav-04|uav-05|uav-07,216.14847222663477,415.4858188827327,199.33734665609794,B3_N,True,manual_scene_topology_independent_of_ray_residual,H3_multiuav_nominal_consensus,same time candidate; manual flame-base proxy; H4 temporal not fitted
B3_M02,B3,B3_formal_event,uav-01,B3_S,B3_N,3,uav-04|uav-05|uav-07,211.90053261305022,801.3363359895033,589.435803376453,B3_S,True,manual_scene_topology_independent_of_ray_residual,H3_multiuav_nominal_consensus,same time candidate; manual flame-base proxy; H4 temporal not fitted
B3_M02,B3,B3_formal_event,uav-01,B3_N,B3_S,3,uav-04|uav-05|uav-09,170.94462886483927,448.53919654744817,277.5945676826089,B3_N,True,manual_scene_topology_independent_of_ray_residual,H3_multiuav_nominal_consensus,same time candidate; manual flame-base proxy; H4 temporal not fitted
B3_M02,B3,B3_formal_event,uav-01,B3_S,B3_N,3,uav-04|uav-05|uav-09,151.89947966441125,758.5394552776723,606.6399756132611,B3_S,True,manual_scene_topology_independent_of_ray_residual,H3_multiuav_nominal_consensus,same time candidate; manual flame-base proxy; H4 temporal not fitted
B3_M02,B3,B3_formal_event,uav-01,B3_N,B3_S,3,uav-04|uav-07|uav-09,271.8088264567088,381.71318414822696,109.90435769151816,B3_N,True,manual_scene_topology_independent_of_ray_residual,H3_multiuav_nominal_consensus,same time candidate; manual flame-base proxy; H4 temporal not fitted
B3_M02,B3,B3_formal_event,uav-01,B3_S,B3_N,3,uav-04|uav-07|uav-09,216.77144228721525,860.0348426529763,643.2634003657611,B3_S,True,manual_scene_topology_independent_of_ray_residual,H3_multiuav_nominal_consensus,same time candidate; manual flame-base proxy; H4 temporal not fitted
B3_M02,B3,B3_formal_event,uav-01,B3_N,B3_S,3,uav-05|uav-07|uav-09,246.73617767285154,381.34385540531747,134.60767773246593,B3_N,True,manual_scene_topology_independent_of_ray_residual,H3_multiuav_nominal_consensus,same time candidate; manual flame-base proxy; H4 temporal not fitted
B3_M02,B3,B3_formal_event,uav-01,B3_S,B3_N,3,uav-05|uav-07|uav-09,217.24886290522795,831.2467653513656,613.9979024461377,B3_S,True,manual_scene_topology_independent_of_ray_residual,H3_multiuav_nominal_consensus,same time candidate; manual flame-base proxy; H4 temporal not fitted
B3_M02,B3,B3_formal_event,uav-01,B3_N,B3_S,4,uav-02|uav-04|uav-05|uav-07,215.18111899580242,415.1077414179481,199.92662242214567,B3_N,True,manual_scene_topology_independent_of_ray_residual,H3_multiuav_nominal_consensus,same time candidate; manual flame-base proxy; H4 temporal not fitted
B3_M02,B3,B3_formal_event,uav-01,B3_S,B3_N,4,uav-02|uav-04|uav-05|uav-07,201.29275203712754,799.7181486367343,598.4253965996068,B3_S,True,manual_scene_topology_independent_of_ray_residual,H3_multiuav_nominal_consensus,same time candidate; manual flame-base proxy; H4 temporal not fitted
B3_M02,B3,B3_formal_event,uav-01,B3_N,B3_S,4,uav-02|uav-04|uav-05|uav-09,178.20975804255536,447.3616013643583,269.15184332180297,B3_N,True,manual_scene_topology_independent_of_ray_residual,H3_multiuav_nominal_consensus,same time candidate; manual flame-base proxy; H4 temporal not fitted
B3_M02,B3,B3_formal_event,uav-01,B3_S,B3_N,4,uav-02|uav-04|uav-05|uav-09,149.03160979793128,765.2975769591894,616.2659671612581,B3_S,True,manual_scene_topology_independent_of_ray_residual,H3_multiuav_nominal_consensus,same time candidate; manual flame-base proxy; H4 temporal not fitted
B3_M02,B3,B3_formal_event,uav-01,B3_N,B3_S,4,uav-02|uav-04|uav-07|uav-09,216.85689971923324,406.6262903049879,189.76939058575465,B3_N,True,manual_scene_topology_independent_of_ray_residual,H3_multiuav_nominal_consensus,same time candidate; manual flame-base proxy; H4 temporal not fitted
B3_M02,B3,B3_formal_event,uav-01,B3_S,B3_N,4,uav-02|uav-04|uav-07|uav-09,193.38523575593953,802.3083390948636,608.9231033389241,B3_S,True,manual_scene_topology_independent_of_ray_residual,H3_multiuav_nominal_consensus,same time candidate; manual flame-base proxy; H4 temporal not fitted
B3_M02,B3,B3_formal_event,uav-01,B3_N,B3_S,4,uav-02|uav-05|uav-07|uav-09,239.78502637695246,401.9704967350283,162.18547035807583,B3_N,True,manual_scene_topology_independent_of_ray_residual,H3_multiuav_nominal_consensus,same time candidate; manual flame-base proxy; H4 temporal not fitted
B3_M02,B3,B3_formal_event,uav-01,B3_S,B3_N,4,uav-02|uav-05|uav-07|uav-09,194.01022465644093,823.4317503613167,629.4215257048759,B3_S,True,manual_scene_topology_independent_of_ray_residual,H3_multiuav_nominal_consensus,same time candidate; manual flame-base proxy; H4 temporal not fitted
B3_M02,B3,B3_formal_event,uav-01,B3_N,B3_S,4,uav-04|uav-05|uav-07|uav-09,214.30257737682072,412.8166040351385,198.51402665831776,B3_N,True,manual_scene_topology_independent_of_ray_residual,H3_multiuav_nominal_consensus,same time candidate; manual flame-base proxy; H4 temporal not fitted
B3_M02,B3,B3_formal_event,uav-01,B3_S,B3_N,4,uav-04|uav-05|uav-07|uav-09,193.22370930854237,800.4537989243207,607.2300896157783,B3_S,True,manual_scene_topology_independent_of_ray_residual,H3_multiuav_nominal_consensus,same time candidate; manual flame-base proxy; H4 temporal not fitted
B3_M02,B3,B3_formal_event,uav-01,B3_N,B3_S,5,uav-02|uav-04|uav-05|uav-07|uav-09,211.49255920301246,417.19159431089656,205.6990351078841,B3_N,True,manual_scene_topology_independent_of_ray_residual,H3_multiuav_nominal_consensus,same time candidate; manual flame-base proxy; H4 temporal not fitted
B3_M02,B3,B3_formal_event,uav-01,B3_S,B3_N,5,uav-02|uav-04|uav-05|uav-07|uav-09,185.13182907829213,796.8607750669318,611.7289459886397,B3_S,True,manual_scene_topology_independent_of_ray_residual,H3_multiuav_nominal_consensus,same time candidate; manual flame-base proxy; H4 temporal not fitted
B3_M02,B3,B3_formal_event,uav-02,B3_N,B3_S,2,uav-01|uav-04,184.2859286613971,1411.0945086428821,1226.808579981485,B3_N,True,manual_scene_topology_independent_of_ray_residual,H2_two_uav_nominal_geometry,same time candidate; manual flame-base proxy; H4 temporal not fitted
B3_M02,B3,B3_formal_event,uav-02,B3_S,B3_N,2,uav-01|uav-04,135.33675785051952,1163.0871472085269,1027.7503893580074,B3_S,True,manual_scene_topology_independent_of_ray_residual,H2_two_uav_nominal_geometry,same time candidate; manual flame-base proxy; H4 temporal not fitted
B3_M02,B3,B3_formal_event,uav-02,B3_N,B3_S,2,uav-01|uav-05,71.40073324178702,1295.8421782000244,1224.4414449582373,B3_N,True,manual_scene_topology_independent_of_ray_residual,H2_two_uav_nominal_geometry,same time candidate; manual flame-base proxy; H4 temporal not fitted
B3_M02,B3,B3_formal_event,uav-02,B3_S,B3_N,2,uav-01|uav-05,64.78391740343774,1254.8031628707624,1190.0192454673247,B3_S,True,manual_scene_topology_independent_of_ray_residual,H2_two_uav_nominal_geometry,same time candidate; manual flame-base proxy; H4 temporal not fitted
B3_M02,B3,B3_formal_event,uav-02,B3_N,B3_S,2,uav-01|uav-07,374.7388942133676,1012.971685704291,638.2327914909233,B3_N,True,manual_scene_topology_independent_of_ray_residual,H2_two_uav_nominal_geometry,same time candidate; manual flame-base proxy; H4 temporal not fitted
B3_M02,B3,B3_formal_event,uav-02,B3_S,B3_N,2,uav-01|uav-07,604.0199611771659,1532.7667203608967,928.7467591837308,B3_S,True,manual_scene_topology_independent_of_ray_residual,H2_two_uav_nominal_geometry,same time candidate; manual flame-base proxy; H4 temporal not fitted
B3_M02,B3,B3_formal_event,uav-02,B3_N,B3_S,2,uav-01|uav-09,185.69889683814446,1331.4866359007603,1145.7877390626159,B3_N,True,manual_scene_topology_independent_of_ray_residual,H2_two_uav_nominal_geometry,same time candidate; manual flame-base proxy; H4 temporal not fitted
B3_M02,B3,B3_formal_event,uav-02,B3_S,B3_N,2,uav-01|uav-09,189.45480946151346,1177.1126993854336,987.6578899239202,B3_S,True,manual_scene_topology_independent_of_ray_residual,H2_two_uav_nominal_geometry,same time candidate; manual flame-base proxy; H4 temporal not fitted
B3_M02,B3,B3_formal_event,uav-02,B3_N,B3_S,2,uav-04|uav-05,64.0491887963612,1266.8831582646064,1202.8339694682452,B3_N,True,manual_scene_topology_independent_of_ray_residual,H2_two_uav_nominal_geometry,same time candidate; manual flame-base proxy; H4 temporal not fitted
B3_M02,B3,B3_formal_event,uav-02,B3_S,B3_N,2,uav-04|uav-05,96.40222132952361,1268.5659881402428,1172.1637668107192,B3_S,True,manual_scene_topology_independent_of_ray_residual,H2_two_uav_nominal_geometry,same time candidate; manual flame-base proxy; H4 temporal not fitted
B3_M02,B3,B3_formal_event,uav-02,B3_N,B3_S,2,uav-04|uav-07,146.61037043308832,1228.5872739496663,1081.976903516578,B3_N,True,manual_scene_topology_independent_of_ray_residual,H2_two_uav_nominal_geometry,same time candidate; manual flame-base proxy; H4 temporal not fitted
B3_M02,B3,B3_formal_event,uav-02,B3_S,B3_N,2,uav-04|uav-07,95.57810282483791,1290.1540583767767,1194.5759555519387,B3_S,True,manual_scene_topology_independent_of_ray_residual,H2_two_uav_nominal_geometry,same time candidate; manual flame-base proxy; H4 temporal not fitted
B3_M02,B3,B3_formal_event,uav-02,B3_N,B3_S,2,uav-04|uav-09,131.07894569398826,1305.8391877751335,1174.7602420811452,B3_N,True,manual_scene_topology_independent_of_ray_residual,H2_two_uav_nominal_geometry,same time candidate; manual flame-base proxy; H4 temporal not fitted
B3_M02,B3,B3_formal_event,uav-02,B3_S,B3_N,2,uav-04|uav-09,93.1965642415954,1201.7417275193386,1108.5451632777433,B3_S,True,manual_scene_topology_independent_of_ray_residual,H2_two_uav_nominal_geometry,same time candidate; manual flame-base proxy; H4 temporal not fitted
B3_M02,B3,B3_formal_event,uav-02,B3_N,B3_S,2,uav-05|uav-07,46.93659297683505,1131.2455150900928,1084.3089221132577,B3_N,True,manual_scene_topology_independent_of_ray_residual,H2_two_uav_nominal_geometry,same time candidate; manual flame-base proxy; H4 temporal not fitted
B3_M02,B3,B3_formal_event,uav-02,B3_S,B3_N,2,uav-05|uav-07,196.06887071205688,1370.1077172481562,1174.0388465360993,B3_S,True,manual_scene_topology_independent_of_ray_residual,H2_two_uav_nominal_geometry,same time candidate; manual flame-base proxy; H4 temporal not fitted
B3_M02,B3,B3_formal_event,uav-02,B3_N,B3_S,2,uav-05|uav-09,36.264082912155786,1232.4309053529628,1196.166822440807,B3_N,True,manual_scene_topology_independent_of_ray_residual,H2_two_uav_nominal_geometry,same time candidate; manual flame-base proxy; H4 temporal not fitted
B3_M02,B3,B3_formal_event,uav-02,B3_S,B3_N,2,uav-05|uav-09,92.08935573031661,1298.099728152637,1206.0103724223204,B3_S,True,manual_scene_topology_independent_of_ray_residual,H2_two_uav_nominal_geometry,same time candidate; manual flame-base proxy; H4 temporal not fitted
B3_M02,B3,B3_formal_event,uav-02,B3_N,B3_S,2,uav-07|uav-09,178.10623237436042,1183.7020700194619,1005.5958376451015,B3_N,True,manual_scene_topology_independent_of_ray_residual,H2_two_uav_nominal_geometry,same time candidate; manual flame-base proxy; H4 temporal not fitted
B3_M02,B3,B3_formal_event,uav-02,B3_S,B3_N,2,uav-07|uav-09,249.42588583885288,1340.7738297717642,1091.3479439329112,B3_S,True,manual_scene_topology_independent_of_ray_residual,H2_two_uav_nominal_geometry,same time candidate; manual flame-base proxy; H4 temporal not fitted
B3_M02,B3,B3_formal_event,uav-02,B3_N,B3_S,3,uav-01|uav-04|uav-05,103.02326716155164,1325.5452466780312,1222.5219795164794,B3_N,True,manual_scene_topology_independent_of_ray_residual,H3_multiuav_nominal_consensus,same time candidate; manual flame-base proxy; H4 temporal not fitted
B3_M02,B3,B3_formal_event,uav-02,B3_S,B3_N,3,uav-01|uav-04|uav-05,86.6081181697489,1223.4981031769976,1136.8899850072487,B3_S,True,manual_scene_topology_independent_of_ray_residual,H3_multiuav_nominal_consensus,same time candidate; manual flame-base proxy; H4 temporal not fitted
B3_M02,B3,B3_formal_event,uav-02,B3_N,B3_S,3,uav-01|uav-04|uav-07,124.80921110394019,1219.6942301834895,1094.8850190795492,B3_N,True,manual_scene_topology_independent_of_ray_residual,H3_multiuav_nominal_consensus,same time candidate; manual flame-base proxy; H4 temporal not fitted
B3_M02,B3,B3_formal_event,uav-02,B3_S,B3_N,3,uav-01|uav-04|uav-07,245.2875405927463,1274.4123413385933,1029.1248007458469,B3_S,True,manual_scene_topology_independent_of_ray_residual,H3_multiuav_nominal_consensus,same time candidate; manual flame-base proxy; H4 temporal not fitted
B3_M02,B3,B3_formal_event,uav-02,B3_N,B3_S,3,uav-01|uav-04|uav-09,181.35863683740004,1340.7172566767817,1159.3586198393816,B3_N,True,manual_scene_topology_independent_of_ray_residual,H3_multiuav_nominal_consensus,same time candidate; manual flame-base proxy; H4 temporal not fitted
B3_M02,B3,B3_formal_event,uav-02,B3_S,B3_N,3,uav-01|uav-04|uav-09,162.94749777188542,1176.1228802664555,1013.17538249457,B3_S,True,manual_scene_topology_independent_of_ray_residual,H3_multiuav_nominal_consensus,same time candidate; manual flame-base proxy; H4 temporal not fitted
B3_M02,B3,B3_formal_event,uav-02,B3_N,B3_S,3,uav-01|uav-05|uav-07,60.24840341782356,1194.751900216543,1134.5034967987194,B3_N,True,manual_scene_topology_independent_of_ray_residual,H3_multiuav_nominal_consensus,same time candidate; manual flame-base proxy; H4 temporal not fitted
B3_M02,B3,B3_formal_event,uav-02,B3_S,B3_N,3,uav-01|uav-05|uav-07,160.31462433802668,1326.7152086399067,1166.40058430188,B3_S,True,manual_scene_topology_independent_of_ray_residual,H3_multiuav_nominal_consensus,same time candidate; manual flame-base proxy; H4 temporal not fitted
B3_M02,B3,B3_formal_event,uav-02,B3_N,B3_S,3,uav-01|uav-05|uav-09,94.37078579350127,1291.745854553663,1197.3750687601619,B3_N,True,manual_scene_topology_independent_of_ray_residual,H3_multiuav_nominal_consensus,same time candidate; manual flame-base proxy; H4 temporal not fitted
B3_M02,B3,B3_formal_event,uav-02,B3_S,B3_N,3,uav-01|uav-05|uav-09,76.53903237139792,1235.2006824139683,1158.6616500425703,B3_S,True,manual_scene_topology_independent_of_ray_residual,H3_multiuav_nominal_consensus,same time candidate; manual flame-base proxy; H4 temporal not fitted
B3_M02,B3,B3_formal_event,uav-02,B3_N,B3_S,3,uav-01|uav-07|uav-09,115.46906856989281,1204.6015769456428,1089.13250837575,B3_N,True,manual_scene_topology_independent_of_ray_residual,H3_multiuav_nominal_consensus,same time candidate; manual flame-base proxy; H4 temporal not fitted
B3_M02,B3,B3_formal_event,uav-02,B3_S,B3_N,3,uav-01|uav-07|uav-09,230.4462666182521,1282.9034803198576,1052.4572137016055,B3_S,True,manual_scene_topology_independent_of_ray_residual,H3_multiuav_nominal_consensus,same time candidate; manual flame-base proxy; H4 temporal not fitted
B3_M02,B3,B3_formal_event,uav-02,B3_N,B3_S,3,uav-04|uav-05|uav-07,23.058501302789853,1202.8883459085148,1179.829844605725,B3_N,True,manual_scene_topology_independent_of_ray_residual,H3_multiuav_nominal_consensus,same time candidate; manual flame-base proxy; H4 temporal not fitted
B3_M02,B3,B3_formal_event,uav-02,B3_S,B3_N,3,uav-04|uav-05|uav-07,133.39726810950492,1309.3015139600618,1175.904245850557,B3_S,True,manual_scene_topology_independent_of_ray_residual,H3_multiuav_nominal_consensus,same time candidate; manual flame-base proxy; H4 temporal not fitted
B3_M02,B3,B3_formal_event,uav-02,B3_N,B3_S,3,uav-04|uav-05|uav-09,67.55587793371495,1267.9367019171368,1200.3808239834218,B3_N,True,manual_scene_topology_independent_of_ray_residual,H3_multiuav_nominal_consensus,same time candidate; manual flame-base proxy; H4 temporal not fitted
B3_M02,B3,B3_formal_event,uav-02,B3_S,B3_N,3,uav-04|uav-05|uav-09,67.92400056953996,1261.6346837323363,1193.7106831627964,B3_S,True,manual_scene_topology_independent_of_ray_residual,H3_multiuav_nominal_consensus,same time candidate; manual flame-base proxy; H4 temporal not fitted
B3_M02,B3,B3_formal_event,uav-02,B3_N,B3_S,3,uav-04|uav-07|uav-09,126.04317867311391,1233.6191438611545,1107.5759651880405,B3_N,True,manual_scene_topology_independent_of_ray_residual,H3_multiuav_nominal_consensus,same time candidate; manual flame-base proxy; H4 temporal not fitted
B3_M02,B3,B3_formal_event,uav-02,B3_S,B3_N,3,uav-04|uav-07|uav-09,99.24820419639954,1292.2315821834627,1192.9833779870632,B3_S,True,manual_scene_topology_independent_of_ray_residual,H3_multiuav_nominal_consensus,same time candidate; manual flame-base proxy; H4 temporal not fitted
B3_M02,B3,B3_formal_event,uav-02,B3_N,B3_S,3,uav-05|uav-07|uav-09,27.488102236965528,1170.9636202527997,1143.4755180158343,B3_N,True,manual_scene_topology_independent_of_ray_residual,H3_multiuav_nominal_consensus,same time candidate; manual flame-base proxy; H4 temporal not fitted
B3_M02,B3,B3_formal_event,uav-02,B3_S,B3_N,3,uav-05|uav-07|uav-09,153.24817159225853,1331.411249839543,1178.1630782472844,B3_S,True,manual_scene_topology_independent_of_ray_residual,H3_multiuav_nominal_consensus,same time candidate; manual flame-base proxy; H4 temporal not fitted
B3_M02,B3,B3_formal_event,uav-02,B3_N,B3_S,4,uav-01|uav-04|uav-05|uav-07,60.99521596182772,1244.8325106033983,1183.8372946415707,B3_N,True,manual_scene_topology_independent_of_ray_residual,H3_multiuav_nominal_consensus,same time candidate; manual flame-base proxy; H4 temporal not fitted
B3_M02,B3,B3_formal_event,uav-02,B3_S,B3_N,4,uav-01|uav-04|uav-05|uav-07,125.47648588840795,1277.6312944151514,1152.1548085267434,B3_S,True,manual_scene_topology_independent_of_ray_residual,H3_multiuav_nominal_consensus,same time candidate; manual flame-base proxy; H4 temporal not fitted
B3_M02,B3,B3_formal_event,uav-02,B3_N,B3_S,4,uav-01|uav-04|uav-05|uav-09,107.37214936972272,1308.238009034522,1200.8658596647992,B3_N,True,manual_scene_topology_independent_of_ray_residual,H3_multiuav_nominal_consensus,same time candidate; manual flame-base proxy; H4 temporal not fitted
B3_M02,B3,B3_formal_event,uav-02,B3_S,B3_N,4,uav-01|uav-04|uav-05|uav-09,85.72056949203144,1221.1916785575686,1135.4711090655371,B3_S,True,manual_scene_topology_independent_of_ray_residual,H3_multiuav_nominal_consensus,same time candidate; manual flame-base proxy; H4 temporal not fitted
B3_M02,B3,B3_formal_event,uav-02,B3_N,B3_S,4,uav-01|uav-04|uav-07|uav-09,112.04197315966012,1250.670958202991,1138.6289850433309,B3_N,True,manual_scene_topology_independent_of_ray_residual,H3_multiuav_nominal_consensus,same time candidate; manual flame-base proxy; H4 temporal not fitted
B3_M02,B3,B3_formal_event,uav-02,B3_S,B3_N,4,uav-01|uav-04|uav-07|uav-09,178.77015448116939,1245.9519315615362,1067.1817770803668,B3_S,True,manual_scene_topology_independent_of_ray_residual,H3_multiuav_nominal_consensus,same time candidate; manual flame-base proxy; H4 temporal not fitted
B3_M02,B3,B3_formal_event,uav-02,B3_N,B3_S,4,uav-01|uav-05|uav-07|uav-09,53.41884222135056,1219.9485420783271,1166.5296998569765,B3_N,True,manual_scene_topology_independent_of_ray_residual,H3_multiuav_nominal_consensus,same time candidate; manual flame-base proxy; H4 temporal not fitted
B3_M02,B3,B3_formal_event,uav-02,B3_S,B3_N,4,uav-01|uav-05|uav-07|uav-09,130.12412859593258,1288.4249505965588,1158.3008220006263,B3_S,True,manual_scene_topology_independent_of_ray_residual,H3_multiuav_nominal_consensus,same time candidate; manual flame-base proxy; H4 temporal not fitted
B3_M02,B3,B3_formal_event,uav-02,B3_N,B3_S,4,uav-04|uav-05|uav-07|uav-09,42.48507686527549,1216.3754914844653,1173.8904146191899,B3_N,True,manual_scene_topology_independent_of_ray_residual,H3_multiuav_nominal_consensus,same time candidate; manual flame-base proxy; H4 temporal not fitted
B3_M02,B3,B3_formal_event,uav-02,B3_S,B3_N,4,uav-04|uav-05|uav-07|uav-09,110.59687393866642,1296.2998441834827,1185.7029702448162,B3_S,True,manual_scene_topology_independent_of_ray_residual,H3_multiuav_nominal_consensus,same time candidate; manual flame-base proxy; H4 temporal not fitted
B3_M02,B3,B3_formal_event,uav-02,B3_N,B3_S,5,uav-01|uav-04|uav-05|uav-07|uav-09,67.8623887010096,1249.957647039666,1182.0952583386563,B3_N,True,manual_scene_topology_independent_of_ray_residual,H3_multiuav_nominal_consensus,same time candidate; manual flame-base proxy; H4 temporal not fitted
B3_M02,B3,B3_formal_event,uav-02,B3_S,B3_N,5,uav-01|uav-04|uav-05|uav-07|uav-09,112.35081073969442,1263.6292605333288,1151.2784497936343,B3_S,True,manual_scene_topology_independent_of_ray_residual,H3_multiuav_nominal_consensus,same time candidate; manual flame-base proxy; H4 temporal not fitted
B3_M02,B3,B3_formal_event,uav-04,B3_N,B3_S,2,uav-01|uav-02,245.84222188422447,1532.1288202356454,1286.286598351421,B3_N,True,manual_scene_topology_independent_of_ray_residual,H2_two_uav_nominal_geometry,same time candidate; manual flame-base proxy; H4 temporal not fitted
B3_M02,B3,B3_formal_event,uav-04,B3_S,B3_N,2,uav-01|uav-02,308.72927066357926,1757.23582130183,1448.5065506382507,B3_S,True,manual_scene_topology_independent_of_ray_residual,H2_two_uav_nominal_geometry,same time candidate; manual flame-base proxy; H4 temporal not fitted
B3_M02,B3,B3_formal_event,uav-04,B3_N,B3_S,2,uav-01|uav-05,182.23871634277032,1451.835950695461,1269.5972343526905,B3_N,True,manual_scene_topology_independent_of_ray_residual,H2_two_uav_nominal_geometry,same time candidate; manual flame-base proxy; H4 temporal not fitted
B3_M02,B3,B3_formal_event,uav-04,B3_S,B3_N,2,uav-01|uav-05,318.02547714615406,1704.9250165359158,1386.8995393897617,B3_S,True,manual_scene_topology_independent_of_ray_residual,H2_two_uav_nominal_geometry,same time candidate; manual flame-base proxy; H4 temporal not fitted
B3_M02,B3,B3_formal_event,uav-04,B3_N,B3_S,2,uav-01|uav-07,546.0769067606336,1060.6907773847627,514.613870624129,B3_N,True,manual_scene_topology_independent_of_ray_residual,H2_two_uav_nominal_geometry,same time candidate; manual flame-base proxy; H4 temporal not fitted
B3_M02,B3,B3_formal_event,uav-04,B3_S,B3_N,2,uav-01|uav-07,705.4283530985477,2122.0718056714595,1416.6434525729119,B3_S,True,manual_scene_topology_independent_of_ray_residual,H2_two_uav_nominal_geometry,same time candidate; manual flame-base proxy; H4 temporal not fitted
B3_M02,B3,B3_formal_event,uav-04,B3_N,B3_S,2,uav-01|uav-09,112.8163077144083,1523.1363098281827,1410.3200021137743,B3_N,True,manual_scene_topology_independent_of_ray_residual,H2_two_uav_nominal_geometry,same time candidate; manual flame-base proxy; H4 temporal not fitted
B3_M02,B3,B3_formal_event,uav-04,B3_S,B3_N,2,uav-01|uav-09,321.8648254351151,1613.5825908690874,1291.7177654339723,B3_S,True,manual_scene_topology_independent_of_ray_residual,H2_two_uav_nominal_geometry,same time candidate; manual flame-base proxy; H4 temporal not fitted
B3_M02,B3,B3_formal_event,uav-04,B3_N,B3_S,2,uav-02|uav-05,179.10755359629528,1398.7476178731047,1219.6400642768094,B3_N,True,manual_scene_topology_independent_of_ray_residual,H2_two_uav_nominal_geometry,same time candidate; manual flame-base proxy; H4 temporal not fitted
B3_M02,B3,B3_formal_event,uav-04,B3_S,B3_N,2,uav-02|uav-05,356.2919206519184,1790.670173355022,1434.3782527031035,B3_S,True,manual_scene_topology_independent_of_ray_residual,H2_two_uav_nominal_geometry,same time candidate; manual flame-base proxy; H4 temporal not fitted
B3_M02,B3,B3_formal_event,uav-04,B3_N,B3_S,2,uav-02|uav-07,222.71590571924307,1430.4159185989022,1207.7000128796592,B3_N,True,manual_scene_topology_independent_of_ray_residual,H2_two_uav_nominal_geometry,same time candidate; manual flame-base proxy; H4 temporal not fitted
B3_M02,B3,B3_formal_event,uav-04,B3_S,B3_N,2,uav-02|uav-07,208.7349300568659,1811.2666407346208,1602.5317106777547,B3_S,True,manual_scene_topology_independent_of_ray_residual,H2_two_uav_nominal_geometry,same time candidate; manual flame-base proxy; H4 temporal not fitted
B3_M02,B3,B3_formal_event,uav-04,B3_N,B3_S,2,uav-02|uav-09,118.86302308802716,1452.250539912536,1333.3875168245088,B3_N,True,manual_scene_topology_independent_of_ray_residual,H2_two_uav_nominal_geometry,same time candidate; manual flame-base proxy; H4 temporal not fitted
B3_M02,B3,B3_formal_event,uav-04,B3_S,B3_N,2,uav-02|uav-09,243.96629764916116,1727.4416697557826,1483.4753721066215,B3_S,True,manual_scene_topology_independent_of_ray_residual,H2_two_uav_nominal_geometry,same time candidate; manual flame-base proxy; H4 temporal not fitted
B3_M02,B3,B3_formal_event,uav-04,B3_N,B3_S,2,uav-05|uav-07,246.62655296075997,1331.5880804956762,1084.9615275349163,B3_N,True,manual_scene_topology_independent_of_ray_residual,H2_two_uav_nominal_geometry,same time candidate; manual flame-base proxy; H4 temporal not fitted
B3_M02,B3,B3_formal_event,uav-04,B3_S,B3_N,2,uav-05|uav-07,293.80033138672786,1842.4934064527863,1548.6930750660586,B3_S,True,manual_scene_topology_independent_of_ray_residual,H2_two_uav_nominal_geometry,same time candidate; manual flame-base proxy; H4 temporal not fitted
B3_M02,B3,B3_formal_event,uav-04,B3_N,B3_S,2,uav-05|uav-09,126.74054475203151,1380.8046054342415,1254.0640606822099,B3_N,True,manual_scene_topology_independent_of_ray_residual,H2_two_uav_nominal_geometry,same time candidate; manual flame-base proxy; H4 temporal not fitted
B3_M02,B3,B3_formal_event,uav-04,B3_S,B3_N,2,uav-05|uav-09,273.6265511098511,1738.307231521457,1464.6806804116059,B3_S,True,manual_scene_topology_independent_of_ray_residual,H2_two_uav_nominal_geometry,same time candidate; manual flame-base proxy; H4 temporal not fitted
B3_M02,B3,B3_formal_event,uav-04,B3_N,B3_S,2,uav-07|uav-09,193.63364380221424,1316.6830122461765,1123.0493684439623,B3_N,True,manual_scene_topology_independent_of_ray_residual,H2_two_uav_nominal_geometry,same time candidate; manual flame-base proxy; H4 temporal not fitted
B3_M02,B3,B3_formal_event,uav-04,B3_S,B3_N,2,uav-07|uav-09,309.60573924772615,1744.7032577053735,1435.0975184576473,B3_S,True,manual_scene_topology_independent_of_ray_residual,H2_two_uav_nominal_geometry,same time candidate; manual flame-base proxy; H4 temporal not fitted
B3_M02,B3,B3_formal_event,uav-04,B3_N,B3_S,3,uav-01|uav-02|uav-05,206.7974610705513,1459.8528628166696,1253.0554017461184,B3_N,True,manual_scene_topology_independent_of_ray_residual,H3_multiuav_nominal_consensus,same time candidate; manual flame-base proxy; H4 temporal not fitted
B3_M02,B3,B3_formal_event,uav-04,B3_S,B3_N,3,uav-01|uav-02|uav-05,323.45528824572483,1741.4580448509137,1418.0027566051888,B3_S,True,manual_scene_topology_independent_of_ray_residual,H3_multiuav_nominal_consensus,same time candidate; manual flame-base proxy; H4 temporal not fitted
B3_M02,B3,B3_formal_event,uav-04,B3_N,B3_S,3,uav-01|uav-02|uav-07,225.10302504088398,1409.5077421786477,1184.4047171377638,B3_N,True,manual_scene_topology_independent_of_ray_residual,H3_multiuav_nominal_consensus,same time candidate; manual flame-base proxy; H4 temporal not fitted
B3_M02,B3,B3_formal_event,uav-04,B3_S,B3_N,3,uav-01|uav-02|uav-07,267.7212240529547,1817.445578564493,1549.7243545115382,B3_S,True,manual_scene_topology_independent_of_ray_residual,H3_multiuav_nominal_consensus,same time candidate; manual flame-base proxy; H4 temporal not fitted
B3_M02,B3,B3_formal_event,uav-04,B3_N,B3_S,3,uav-01|uav-02|uav-09,129.82949177141995,1505.9291769706783,1376.0996851992584,B3_N,True,manual_scene_topology_independent_of_ray_residual,H3_multiuav_nominal_consensus,same time candidate; manual flame-base proxy; H4 temporal not fitted
B3_M02,B3,B3_formal_event,uav-04,B3_S,B3_N,3,uav-01|uav-02|uav-09,294.87652077892403,1684.3368388878844,1389.4603181089603,B3_S,True,manual_scene_topology_independent_of_ray_residual,H3_multiuav_nominal_consensus,same time candidate; manual flame-base proxy; H4 temporal not fitted
B3_M02,B3,B3_formal_event,uav-04,B3_N,B3_S,3,uav-01|uav-05|uav-07,193.06653996797064,1362.5320966493514,1169.4655566813808,B3_N,True,manual_scene_topology_independent_of_ray_residual,H3_multiuav_nominal_consensus,same time candidate; manual flame-base proxy; H4 temporal not fitted
B3_M02,B3,B3_formal_event,uav-04,B3_S,B3_N,3,uav-01|uav-05|uav-07,284.47740942703473,1796.7336733810794,1512.2562639540447,B3_S,True,manual_scene_topology_independent_of_ray_residual,H3_multiuav_nominal_consensus,same time candidate; manual flame-base proxy; H4 temporal not fitted
B3_M02,B3,B3_formal_event,uav-04,B3_N,B3_S,3,uav-01|uav-05|uav-09,112.24112115887613,1456.700516162602,1344.459395003726,B3_N,True,manual_scene_topology_independent_of_ray_residual,H3_multiuav_nominal_consensus,same time candidate; manual flame-base proxy; H4 temporal not fitted
B3_M02,B3,B3_formal_event,uav-04,B3_S,B3_N,3,uav-01|uav-05|uav-09,286.1815510774136,1676.1082412698277,1389.926690192414,B3_S,True,manual_scene_topology_independent_of_ray_residual,H3_multiuav_nominal_consensus,same time candidate; manual flame-base proxy; H4 temporal not fitted
B3_M02,B3,B3_formal_event,uav-04,B3_N,B3_S,3,uav-01|uav-07|uav-09,149.03479831680096,1375.6232190211772,1226.5884207043762,B3_N,True,manual_scene_topology_independent_of_ray_residual,H3_multiuav_nominal_consensus,same time candidate; manual flame-base proxy; H4 temporal not fitted
B3_M02,B3,B3_formal_event,uav-04,B3_S,B3_N,3,uav-01|uav-07|uav-09,320.66744335405036,1747.9214260120743,1427.253982658024,B3_S,True,manual_scene_topology_independent_of_ray_residual,H3_multiuav_nominal_consensus,same time candidate; manual flame-base proxy; H4 temporal not fitted
B3_M02,B3,B3_formal_event,uav-04,B3_N,B3_S,3,uav-02|uav-05|uav-07,224.47737213764128,1398.9757030497076,1174.4983309120662,B3_N,True,manual_scene_topology_independent_of_ray_residual,H3_multiuav_nominal_consensus,same time candidate; manual flame-base proxy; H4 temporal not fitted
B3_M02,B3,B3_formal_event,uav-04,B3_S,B3_N,3,uav-02|uav-05|uav-07,217.0384060886649,1819.2682552486253,1602.2298491599604,B3_S,True,manual_scene_topology_independent_of_ray_residual,H3_multiuav_nominal_consensus,same time candidate; manual flame-base proxy; H4 temporal not fitted
B3_M02,B3,B3_formal_event,uav-04,B3_N,B3_S,3,uav-02|uav-05|uav-09,141.2160066870142,1416.249649023607,1275.0336423365927,B3_N,True,manual_scene_topology_independent_of_ray_residual,H3_multiuav_nominal_consensus,same time candidate; manual flame-base proxy; H4 temporal not fitted
B3_M02,B3,B3_formal_event,uav-04,B3_S,B3_N,3,uav-02|uav-05|uav-09,261.1370728284713,1752.1478441867575,1491.0107713582863,B3_S,True,manual_scene_topology_independent_of_ray_residual,H3_multiuav_nominal_consensus,same time candidate; manual flame-base proxy; H4 temporal not fitted
B3_M02,B3,B3_formal_event,uav-04,B3_N,B3_S,3,uav-02|uav-07|uav-09,176.20320306563477,1387.8626799615324,1211.6594768958976,B3_N,True,manual_scene_topology_independent_of_ray_residual,H3_multiuav_nominal_consensus,same time candidate; manual flame-base proxy; H4 temporal not fitted
B3_M02,B3,B3_formal_event,uav-04,B3_S,B3_N,3,uav-02|uav-07|uav-09,224.97819572292607,1766.905239510209,1541.9270437872829,B3_S,True,manual_scene_topology_independent_of_ray_residual,H3_multiuav_nominal_consensus,same time candidate; manual flame-base proxy; H4 temporal not fitted
B3_M02,B3,B3_formal_event,uav-04,B3_N,B3_S,3,uav-05|uav-07|uav-09,181.1355389299529,1338.9010534177396,1157.7655144877867,B3_N,True,manual_scene_topology_independent_of_ray_residual,H3_multiuav_nominal_consensus,same time candidate; manual flame-base proxy; H4 temporal not fitted
B3_M02,B3,B3_formal_event,uav-04,B3_S,B3_N,3,uav-05|uav-07|uav-09,273.74976710369435,1781.0489936773752,1507.2992265736807,B3_S,True,manual_scene_topology_independent_of_ray_residual,H3_multiuav_nominal_consensus,same time candidate; manual flame-base proxy; H4 temporal not fitted
B3_M02,B3,B3_formal_event,uav-04,B3_N,B3_S,4,uav-01|uav-02|uav-05|uav-07,182.16231171976364,1409.2425588389226,1227.080247119159,B3_N,True,manual_scene_topology_independent_of_ray_residual,H3_multiuav_nominal_consensus,same time candidate; manual flame-base proxy; H4 temporal not fitted
B3_M02,B3,B3_formal_event,uav-04,B3_S,B3_N,4,uav-01|uav-02|uav-05|uav-07,247.36992577997393,1784.9060679897527,1537.5361422097787,B3_S,True,manual_scene_topology_independent_of_ray_residual,H3_multiuav_nominal_consensus,same time candidate; manual flame-base proxy; H4 temporal not fitted
B3_M02,B3,B3_formal_event,uav-04,B3_N,B3_S,4,uav-01|uav-02|uav-05|uav-09,132.95834568421762,1461.2751812798845,1328.3168355956668,B3_N,True,manual_scene_topology_independent_of_ray_residual,H3_multiuav_nominal_consensus,same time candidate; manual flame-base proxy; H4 temporal not fitted
B3_M02,B3,B3_formal_event,uav-04,B3_S,B3_N,4,uav-01|uav-02|uav-05|uav-09,287.2576473828163,1708.38952390313,1421.1318765203139,B3_S,True,manual_scene_topology_independent_of_ray_residual,H3_multiuav_nominal_consensus,same time candidate; manual flame-base proxy; H4 temporal not fitted
B3_M02,B3,B3_formal_event,uav-04,B3_N,B3_S,4,uav-01|uav-02|uav-07|uav-09,141.56217709123695,1423.7717343055401,1282.2095572143032,B3_N,True,manual_scene_topology_independent_of_ray_residual,H3_multiuav_nominal_consensus,same time candidate; manual flame-base proxy; H4 temporal not fitted
B3_M02,B3,B3_formal_event,uav-04,B3_S,B3_N,4,uav-01|uav-02|uav-07|uav-09,257.7689167195527,1744.978597997182,1487.2096812776294,B3_S,True,manual_scene_topology_independent_of_ray_residual,H3_multiuav_nominal_consensus,same time candidate; manual flame-base proxy; H4 temporal not fitted
B3_M02,B3,B3_formal_event,uav-04,B3_N,B3_S,4,uav-01|uav-05|uav-07|uav-09,134.7927825293472,1388.6684116039548,1253.8756290746076,B3_N,True,manual_scene_topology_independent_of_ray_residual,H3_multiuav_nominal_consensus,same time candidate; manual flame-base proxy; H4 temporal not fitted
B3_M02,B3,B3_formal_event,uav-04,B3_S,B3_N,4,uav-01|uav-05|uav-07|uav-09,267.9376525366893,1742.2019988981626,1474.2643463614734,B3_S,True,manual_scene_topology_independent_of_ray_residual,H3_multiuav_nominal_consensus,same time candidate; manual flame-base proxy; H4 temporal not fitted
B3_M02,B3,B3_formal_event,uav-04,B3_N,B3_S,4,uav-02|uav-05|uav-07|uav-09,180.82534008856268,1382.000623801278,1201.1752837127153,B3_N,True,manual_scene_topology_independent_of_ray_residual,H3_multiuav_nominal_consensus,same time candidate; manual flame-base proxy; H4 temporal not fitted
B3_M02,B3,B3_formal_event,uav-04,B3_S,B3_N,4,uav-02|uav-05|uav-07|uav-09,234.23134729199538,1781.0907638444282,1546.8594165524328,B3_S,True,manual_scene_topology_independent_of_ray_residual,H3_multiuav_nominal_consensus,same time candidate; manual flame-base proxy; H4 temporal not fitted
B3_M02,B3,B3_formal_event,uav-04,B3_N,B3_S,5,uav-01|uav-02|uav-05|uav-07|uav-09,141.54231616365092,1413.414468686488,1271.872152522837,B3_N,True,manual_scene_topology_independent_of_ray_residual,H3_multiuav_nominal_consensus,same time candidate; manual flame-base proxy; H4 temporal not fitted
B3_M02,B3,B3_formal_event,uav-04,B3_S,B3_N,5,uav-01|uav-02|uav-05|uav-07|uav-09,250.19213614268517,1749.2282339347805,1499.0360977920955,B3_S,True,manual_scene_topology_independent_of_ray_residual,H3_multiuav_nominal_consensus,same time candidate; manual flame-base proxy; H4 temporal not fitted
B3_M02,B3,B3_formal_event,uav-05,B3_N,B3_S,2,uav-01|uav-02,152.1010610231938,1402.998685445023,1250.8976244218293,B3_N,True,manual_scene_topology_independent_of_ray_residual,H2_two_uav_nominal_geometry,same time candidate; manual flame-base proxy; H4 temporal not fitted
B3_M02,B3,B3_formal_event,uav-05,B3_S,B3_N,2,uav-01|uav-02,186.1515100919843,1234.3077491044667,1048.1562390124823,B3_S,True,manual_scene_topology_independent_of_ray_residual,H2_two_uav_nominal_geometry,same time candidate; manual flame-base proxy; H4 temporal not fitted
B3_M02,B3,B3_formal_event,uav-05,B3_N,B3_S,2,uav-01|uav-04,211.8164799611523,1478.3226507857698,1266.5061708246176,B3_N,True,manual_scene_topology_independent_of_ray_residual,H2_two_uav_nominal_geometry,same time candidate; manual flame-base proxy; H4 temporal not fitted
B3_M02,B3,B3_formal_event,uav-05,B3_S,B3_N,2,uav-01|uav-04,236.9549104122617,1093.5646756608674,856.6097652486056,B3_S,True,manual_scene_topology_independent_of_ray_residual,H2_two_uav_nominal_geometry,same time candidate; manual flame-base proxy; H4 temporal not fitted
B3_M02,B3,B3_formal_event,uav-05,B3_N,B3_S,2,uav-01|uav-07,421.95813463971655,1020.89747580643,598.9393411667133,B3_N,True,manual_scene_topology_independent_of_ray_residual,H2_two_uav_nominal_geometry,same time candidate; manual flame-base proxy; H4 temporal not fitted
B3_M02,B3,B3_formal_event,uav-05,B3_S,B3_N,2,uav-01|uav-07,644.4820338406403,1453.5125489847755,809.0305151441353,B3_S,True,manual_scene_topology_independent_of_ray_residual,H2_two_uav_nominal_geometry,same time candidate; manual flame-base proxy; H4 temporal not fitted
B3_M02,B3,B3_formal_event,uav-05,B3_N,B3_S,2,uav-01|uav-09,221.99929580016644,1356.8557242560737,1134.8564284559072,B3_N,True,manual_scene_topology_independent_of_ray_residual,H2_two_uav_nominal_geometry,same time candidate; manual flame-base proxy; H4 temporal not fitted
B3_M02,B3,B3_formal_event,uav-05,B3_S,B3_N,2,uav-01|uav-09,266.7859186888378,1113.9613681708486,847.1754494820108,B3_S,True,manual_scene_topology_independent_of_ray_residual,H2_two_uav_nominal_geometry,same time candidate; manual flame-base proxy; H4 temporal not fitted
B3_M02,B3,B3_formal_event,uav-05,B3_N,B3_S,2,uav-02|uav-04,82.75106804691923,1447.9889063335681,1365.2378382866489,B3_N,True,manual_scene_topology_independent_of_ray_residual,H2_two_uav_nominal_geometry,same time candidate; manual flame-base proxy; H4 temporal not fitted
B3_M02,B3,B3_formal_event,uav-05,B3_S,B3_N,2,uav-02|uav-04,186.482504856685,1182.9149467207922,996.4324418641072,B3_S,True,manual_scene_topology_independent_of_ray_residual,H2_two_uav_nominal_geometry,same time candidate; manual flame-base proxy; H4 temporal not fitted
B3_M02,B3,B3_formal_event,uav-05,B3_N,B3_S,2,uav-02|uav-07,26.5994617137875,1322.1410724577781,1295.5416107439905,B3_N,True,manual_scene_topology_independent_of_ray_residual,H2_two_uav_nominal_geometry,same time candidate; manual flame-base proxy; H4 temporal not fitted
B3_M02,B3,B3_formal_event,uav-05,B3_S,B3_N,2,uav-02|uav-07,122.2497112644134,1257.3345935215393,1135.0848822571259,B3_S,True,manual_scene_topology_independent_of_ray_residual,H2_two_uav_nominal_geometry,same time candidate; manual flame-base proxy; H4 temporal not fitted
B3_M02,B3,B3_formal_event,uav-05,B3_N,B3_S,2,uav-02|uav-09,60.07799908174888,1351.1480401401832,1291.0700410584343,B3_N,True,manual_scene_topology_independent_of_ray_residual,H2_two_uav_nominal_geometry,same time candidate; manual flame-base proxy; H4 temporal not fitted
B3_M02,B3,B3_formal_event,uav-05,B3_S,B3_N,2,uav-02|uav-09,89.62985309441154,1207.026093466748,1117.3962403723365,B3_S,True,manual_scene_topology_independent_of_ray_residual,H2_two_uav_nominal_geometry,same time candidate; manual flame-base proxy; H4 temporal not fitted
B3_M02,B3,B3_formal_event,uav-05,B3_N,B3_S,2,uav-04|uav-07,171.96793715161132,1323.505179406256,1151.5372422546448,B3_N,True,manual_scene_topology_independent_of_ray_residual,H2_two_uav_nominal_geometry,same time candidate; manual flame-base proxy; H4 temporal not fitted
B3_M02,B3,B3_formal_event,uav-05,B3_S,B3_N,2,uav-04|uav-07,84.84165505685328,1216.5137711584348,1131.6721161015814,B3_S,True,manual_scene_topology_independent_of_ray_residual,H2_two_uav_nominal_geometry,same time candidate; manual flame-base proxy; H4 temporal not fitted
B3_M02,B3,B3_formal_event,uav-05,B3_N,B3_S,2,uav-04|uav-09,154.5487752378113,1368.523359640035,1213.9745844022239,B3_N,True,manual_scene_topology_independent_of_ray_residual,H2_two_uav_nominal_geometry,same time candidate; manual flame-base proxy; H4 temporal not fitted
B3_M02,B3,B3_formal_event,uav-05,B3_S,B3_N,2,uav-04|uav-09,132.1179904345241,1124.2614793324362,992.1434888979121,B3_S,True,manual_scene_topology_independent_of_ray_residual,H2_two_uav_nominal_geometry,same time candidate; manual flame-base proxy; H4 temporal not fitted
B3_M02,B3,B3_formal_event,uav-05,B3_N,B3_S,2,uav-07|uav-09,225.20603723916366,1316.637515529223,1091.4314782900594,B3_N,True,manual_scene_topology_independent_of_ray_residual,H2_two_uav_nominal_geometry,same time candidate; manual flame-base proxy; H4 temporal not fitted
B3_M02,B3,B3_formal_event,uav-05,B3_S,B3_N,2,uav-07|uav-09,294.29928624570755,1266.2158780232232,971.9165917775157,B3_S,True,manual_scene_topology_independent_of_ray_residual,H2_two_uav_nominal_geometry,same time candidate; manual flame-base proxy; H4 temporal not fitted
B3_M02,B3,B3_formal_event,uav-05,B3_N,B3_S,3,uav-01|uav-02|uav-04,139.95186954155847,1460.7881808534603,1320.836311311902,B3_N,True,manual_scene_topology_independent_of_ray_residual,H3_multiuav_nominal_consensus,same time candidate; manual flame-base proxy; H4 temporal not fitted
B3_M02,B3,B3_formal_event,uav-05,B3_S,B3_N,3,uav-01|uav-02|uav-04,202.13553532943052,1158.1871929574631,956.0516576280327,B3_S,True,manual_scene_topology_independent_of_ray_residual,H3_multiuav_nominal_consensus,same time candidate; manual flame-base proxy; H4 temporal not fitted
B3_M02,B3,B3_formal_event,uav-05,B3_N,B3_S,3,uav-01|uav-02|uav-07,134.871472218396,1282.8337693685091,1147.962297150113,B3_N,True,manual_scene_topology_independent_of_ray_residual,H3_multiuav_nominal_consensus,same time candidate; manual flame-base proxy; H4 temporal not fitted
B3_M02,B3,B3_formal_event,uav-05,B3_S,B3_N,3,uav-01|uav-02|uav-07,111.36876174463,1265.6388781422747,1154.2701163976446,B3_S,True,manual_scene_topology_independent_of_ray_residual,H3_multiuav_nominal_consensus,same time candidate; manual flame-base proxy; H4 temporal not fitted
B3_M02,B3,B3_formal_event,uav-05,B3_N,B3_S,3,uav-01|uav-02|uav-09,143.52042738966813,1372.7498586455613,1229.2294312558931,B3_N,True,manual_scene_topology_independent_of_ray_residual,H3_multiuav_nominal_consensus,same time candidate; manual flame-base proxy; H4 temporal not fitted
B3_M02,B3,B3_formal_event,uav-05,B3_S,B3_N,3,uav-01|uav-02|uav-09,172.58153096940583,1172.6314855922078,1000.049954622802,B3_S,True,manual_scene_topology_independent_of_ray_residual,H3_multiuav_nominal_consensus,same time candidate; manual flame-base proxy; H4 temporal not fitted
B3_M02,B3,B3_formal_event,uav-05,B3_N,B3_S,3,uav-01|uav-04|uav-07,159.61289996365707,1254.8404163206626,1095.2275163570055,B3_N,True,manual_scene_topology_independent_of_ray_residual,H3_multiuav_nominal_consensus,same time candidate; manual flame-base proxy; H4 temporal not fitted
B3_M02,B3,B3_formal_event,uav-05,B3_S,B3_N,3,uav-01|uav-04|uav-07,224.2044614097627,1196.6775360967258,972.4730746869632,B3_S,True,manual_scene_topology_independent_of_ray_residual,H3_multiuav_nominal_consensus,same time candidate; manual flame-base proxy; H4 temporal not fitted
B3_M02,B3,B3_formal_event,uav-05,B3_N,B3_S,3,uav-01|uav-04|uav-09,211.86267970810172,1384.6823460810567,1172.819666372955,B3_N,True,manual_scene_topology_independent_of_ray_residual,H3_multiuav_nominal_consensus,same time candidate; manual flame-base proxy; H4 temporal not fitted
B3_M02,B3,B3_formal_event,uav-05,B3_S,B3_N,3,uav-01|uav-04|uav-09,217.56510198800623,1105.8488881196665,888.2837861316602,B3_S,True,manual_scene_topology_independent_of_ray_residual,H3_multiuav_nominal_consensus,same time candidate; manual flame-base proxy; H4 temporal not fitted
B3_M02,B3,B3_formal_event,uav-05,B3_N,B3_S,3,uav-01|uav-07|uav-09,154.10143778401795,1231.4320789275962,1077.3306411435783,B3_N,True,manual_scene_topology_independent_of_ray_residual,H3_multiuav_nominal_consensus,same time candidate; manual flame-base proxy; H4 temporal not fitted
B3_M02,B3,B3_formal_event,uav-05,B3_S,B3_N,3,uav-01|uav-07|uav-09,233.40300366770643,1207.7961489220847,974.3931452543783,B3_S,True,manual_scene_topology_independent_of_ray_residual,H3_multiuav_nominal_consensus,same time candidate; manual flame-base proxy; H4 temporal not fitted
B3_M02,B3,B3_formal_event,uav-05,B3_N,B3_S,3,uav-02|uav-04|uav-07,53.769304541273264,1366.9969034602955,1313.2275989190223,B3_N,True,manual_scene_topology_independent_of_ray_residual,H3_multiuav_nominal_consensus,same time candidate; manual flame-base proxy; H4 temporal not fitted
B3_M02,B3,B3_formal_event,uav-05,B3_S,B3_N,3,uav-02|uav-04|uav-07,126.48672110485052,1216.9164244003184,1090.4297032954678,B3_S,True,manual_scene_topology_independent_of_ray_residual,H3_multiuav_nominal_consensus,same time candidate; manual flame-base proxy; H4 temporal not fitted
B3_M02,B3,B3_formal_event,uav-05,B3_N,B3_S,3,uav-02|uav-04|uav-09,89.02177196549924,1390.7422724629926,1301.7205004974933,B3_N,True,manual_scene_topology_independent_of_ray_residual,H3_multiuav_nominal_consensus,same time candidate; manual flame-base proxy; H4 temporal not fitted
B3_M02,B3,B3_formal_event,uav-05,B3_S,B3_N,3,uav-02|uav-04|uav-09,125.21264518290428,1176.6184067760032,1051.405761593099,B3_S,True,manual_scene_topology_independent_of_ray_residual,H3_multiuav_nominal_consensus,same time candidate; manual flame-base proxy; H4 temporal not fitted
B3_M02,B3,B3_formal_event,uav-05,B3_N,B3_S,3,uav-02|uav-07|uav-09,60.258547748249384,1299.0396183409898,1238.7810705927404,B3_N,True,manual_scene_topology_independent_of_ray_residual,H3_multiuav_nominal_consensus,same time candidate; manual flame-base proxy; H4 temporal not fitted
B3_M02,B3,B3_formal_event,uav-05,B3_S,B3_N,3,uav-02|uav-07|uav-09,75.43599705103554,1235.6574881858317,1160.221491134796,B3_S,True,manual_scene_topology_independent_of_ray_residual,H3_multiuav_nominal_consensus,same time candidate; manual flame-base proxy; H4 temporal not fitted
B3_M02,B3,B3_formal_event,uav-05,B3_N,B3_S,3,uav-04|uav-07|uav-09,149.1083533354774,1326.248562893651,1177.1402095581736,B3_N,True,manual_scene_topology_independent_of_ray_residual,H3_multiuav_nominal_consensus,same time candidate; manual flame-base proxy; H4 temporal not fitted
B3_M02,B3,B3_formal_event,uav-05,B3_S,B3_N,3,uav-04|uav-07|uav-09,105.6645212593922,1216.5677154894959,1110.9031942301037,B3_S,True,manual_scene_topology_independent_of_ray_residual,H3_multiuav_nominal_consensus,same time candidate; manual flame-base proxy; H4 temporal not fitted
B3_M02,B3,B3_formal_event,uav-05,B3_N,B3_S,4,uav-01|uav-02|uav-04|uav-07,105.68043413257135,1356.2101646313738,1250.5297304988026,B3_N,True,manual_scene_topology_independent_of_ray_residual,H3_multiuav_nominal_consensus,same time candidate; manual flame-base proxy; H4 temporal not fitted
B3_M02,B3,B3_formal_event,uav-05,B3_S,B3_N,4,uav-01|uav-02|uav-04|uav-07,105.79011170378493,1201.6383512532475,1095.8482395494625,B3_S,True,manual_scene_topology_independent_of_ray_residual,H3_multiuav_nominal_consensus,same time candidate; manual flame-base proxy; H4 temporal not fitted
B3_M02,B3,B3_formal_event,uav-05,B3_N,B3_S,4,uav-01|uav-02|uav-04|uav-09,144.76373741813936,1402.9820857249751,1258.2183483068359,B3_N,True,manual_scene_topology_independent_of_ray_residual,H3_multiuav_nominal_consensus,same time candidate; manual flame-base proxy; H4 temporal not fitted
B3_M02,B3,B3_formal_event,uav-05,B3_S,B3_N,4,uav-01|uav-02|uav-04|uav-09,162.94030110209982,1149.2073535653456,986.2670524632457,B3_S,True,manual_scene_topology_independent_of_ray_residual,H3_multiuav_nominal_consensus,same time candidate; manual flame-base proxy; H4 temporal not fitted
B3_M02,B3,B3_formal_event,uav-05,B3_N,B3_S,4,uav-01|uav-02|uav-07|uav-09,102.8649746737817,1298.1524722194195,1195.2874975456377,B3_N,True,manual_scene_topology_independent_of_ray_residual,H3_multiuav_nominal_consensus,same time candidate; manual flame-base proxy; H4 temporal not fitted
B3_M02,B3,B3_formal_event,uav-05,B3_S,B3_N,4,uav-01|uav-02|uav-07|uav-09,105.31896539051577,1212.7114746522548,1107.392509261739,B3_S,True,manual_scene_topology_independent_of_ray_residual,H3_multiuav_nominal_consensus,same time candidate; manual flame-base proxy; H4 temporal not fitted
B3_M02,B3,B3_formal_event,uav-05,B3_N,B3_S,4,uav-01|uav-04|uav-07|uav-09,142.81199655335132,1293.1086045548384,1150.2966080014871,B3_N,True,manual_scene_topology_independent_of_ray_residual,H3_multiuav_nominal_consensus,same time candidate; manual flame-base proxy; H4 temporal not fitted
B3_M02,B3,B3_formal_event,uav-05,B3_S,B3_N,4,uav-01|uav-04|uav-07|uav-09,171.69382682454506,1169.0267732766888,997.3329464521437,B3_S,True,manual_scene_topology_independent_of_ray_residual,H3_multiuav_nominal_consensus,same time candidate; manual flame-base proxy; H4 temporal not fitted
B3_M02,B3,B3_formal_event,uav-05,B3_N,B3_S,4,uav-02|uav-04|uav-07|uav-09,68.47565265284499,1341.8464502353675,1273.3707975825225,B3_N,True,manual_scene_topology_independent_of_ray_residual,H3_multiuav_nominal_consensus,same time candidate; manual flame-base proxy; H4 temporal not fitted
B3_M02,B3,B3_formal_event,uav-05,B3_S,B3_N,4,uav-02|uav-04|uav-07|uav-09,93.0584554914134,1208.564863763625,1115.5064082722115,B3_S,True,manual_scene_topology_independent_of_ray_residual,H3_multiuav_nominal_consensus,same time candidate; manual flame-base proxy; H4 temporal not fitted
B3_M02,B3,B3_formal_event,uav-05,B3_N,B3_S,5,uav-01|uav-02|uav-04|uav-07|uav-09,105.27876916469339,1339.6361667803094,1234.357397615616,B3_N,True,manual_scene_topology_independent_of_ray_residual,H3_multiuav_nominal_consensus,same time candidate; manual flame-base proxy; H4 temporal not fitted
B3_M02,B3,B3_formal_event,uav-05,B3_S,B3_N,5,uav-01|uav-02|uav-04|uav-07|uav-09,100.78237513004979,1185.0865626668703,1084.3041875368206,B3_S,True,manual_scene_topology_independent_of_ray_residual,H3_multiuav_nominal_consensus,same time candidate; manual flame-base proxy; H4 temporal not fitted
B3_M02,B3,B3_formal_event,uav-07,B3_N,B3_S,2,uav-01|uav-02,177.23880536232903,1040.3319074009473,863.0931020386183,B3_N,True,manual_scene_topology_independent_of_ray_residual,H2_two_uav_nominal_geometry,same time candidate; manual flame-base proxy; H4 temporal not fitted
B3_M02,B3,B3_formal_event,uav-07,B3_S,B3_N,2,uav-01|uav-02,265.06782028008655,728.9900493657997,463.9222290857131,B3_S,True,manual_scene_topology_independent_of_ray_residual,H2_two_uav_nominal_geometry,same time candidate; manual flame-base proxy; H4 temporal not fitted
B3_M02,B3,B3_formal_event,uav-07,B3_N,B3_S,2,uav-01|uav-04,202.95877269437636,1081.259976816944,878.3012041225675,B3_N,True,manual_scene_topology_independent_of_ray_residual,H2_two_uav_nominal_geometry,same time candidate; manual flame-base proxy; H4 temporal not fitted
B3_M02,B3,B3_formal_event,uav-07,B3_S,B3_N,2,uav-01|uav-04,264.26303346168464,637.214070613352,372.9510371516673,B3_S,True,manual_scene_topology_independent_of_ray_residual,H2_two_uav_nominal_geometry,same time candidate; manual flame-base proxy; H4 temporal not fitted
B3_M02,B3,B3_formal_event,uav-07,B3_N,B3_S,2,uav-01|uav-05,174.53738715613048,992.835639550471,818.2982523943406,B3_N,True,manual_scene_topology_independent_of_ray_residual,H2_two_uav_nominal_geometry,same time candidate; manual flame-base proxy; H4 temporal not fitted
B3_M02,B3,B3_formal_event,uav-07,B3_S,B3_N,2,uav-01|uav-05,224.05486174413534,720.4699486665615,496.4150869224262,B3_S,True,manual_scene_topology_independent_of_ray_residual,H2_two_uav_nominal_geometry,same time candidate; manual flame-base proxy; H4 temporal not fitted
B3_M02,B3,B3_formal_event,uav-07,B3_N,B3_S,2,uav-01|uav-09,207.579333807308,1045.1155512925027,837.5362174851947,B3_N,True,manual_scene_topology_independent_of_ray_residual,H2_two_uav_nominal_geometry,same time candidate; manual flame-base proxy; H4 temporal not fitted
B3_M02,B3,B3_formal_event,uav-07,B3_S,B3_N,2,uav-01|uav-09,253.64602732257586,639.8585321023804,386.2125047798046,B3_S,True,manual_scene_topology_independent_of_ray_residual,H2_two_uav_nominal_geometry,same time candidate; manual flame-base proxy; H4 temporal not fitted
B3_M02,B3,B3_formal_event,uav-07,B3_N,B3_S,2,uav-02|uav-04,107.97967527567587,1012.8195790002943,904.8399037246185,B3_N,True,manual_scene_topology_independent_of_ray_residual,H2_two_uav_nominal_geometry,same time candidate; manual flame-base proxy; H4 temporal not fitted
B3_M02,B3,B3_formal_event,uav-07,B3_S,B3_N,2,uav-02|uav-04,189.37148604437675,733.9560531217057,544.584567077329,B3_S,True,manual_scene_topology_independent_of_ray_residual,H2_two_uav_nominal_geometry,same time candidate; manual flame-base proxy; H4 temporal not fitted
B3_M02,B3,B3_formal_event,uav-07,B3_N,B3_S,2,uav-02|uav-05,58.39808211799198,959.5039165215717,901.1058344035797,B3_N,True,manual_scene_topology_independent_of_ray_residual,H2_two_uav_nominal_geometry,same time candidate; manual flame-base proxy; H4 temporal not fitted
B3_M02,B3,B3_formal_event,uav-07,B3_S,B3_N,2,uav-02|uav-05,221.44425939427018,789.314201649315,567.8699422550449,B3_S,True,manual_scene_topology_independent_of_ray_residual,H2_two_uav_nominal_geometry,same time candidate; manual flame-base proxy; H4 temporal not fitted
B3_M02,B3,B3_formal_event,uav-07,B3_N,B3_S,2,uav-02|uav-09,80.87126379871847,976.2108723014335,895.339608502715,B3_N,True,manual_scene_topology_independent_of_ray_residual,H2_two_uav_nominal_geometry,same time candidate; manual flame-base proxy; H4 temporal not fitted
B3_M02,B3,B3_formal_event,uav-07,B3_S,B3_N,2,uav-02|uav-09,194.59605512705372,757.4418284216731,562.8457732946194,B3_S,True,manual_scene_topology_independent_of_ray_residual,H2_two_uav_nominal_geometry,same time candidate; manual flame-base proxy; H4 temporal not fitted
B3_M02,B3,B3_formal_event,uav-07,B3_N,B3_S,2,uav-04|uav-05,110.18215742461459,977.8607893827937,867.678631958179,B3_N,True,manual_scene_topology_independent_of_ray_residual,H2_two_uav_nominal_geometry,same time candidate; manual flame-base proxy; H4 temporal not fitted
B3_M02,B3,B3_formal_event,uav-07,B3_S,B3_N,2,uav-04|uav-05,150.8212013868387,743.6394617552447,592.8182603684061,B3_S,True,manual_scene_topology_independent_of_ray_residual,H2_two_uav_nominal_geometry,same time candidate; manual flame-base proxy; H4 temporal not fitted
B3_M02,B3,B3_formal_event,uav-07,B3_N,B3_S,2,uav-04|uav-09,157.0426885269406,1005.8961884910829,848.8534999641422,B3_N,True,manual_scene_topology_independent_of_ray_residual,H2_two_uav_nominal_geometry,same time candidate; manual flame-base proxy; H4 temporal not fitted
B3_M02,B3,B3_formal_event,uav-07,B3_S,B3_N,2,uav-04|uav-09,189.28418628793537,678.1224281095054,488.8382418215701,B3_S,True,manual_scene_topology_independent_of_ray_residual,H2_two_uav_nominal_geometry,same time candidate; manual flame-base proxy; H4 temporal not fitted
B3_M02,B3,B3_formal_event,uav-07,B3_N,B3_S,2,uav-05|uav-09,80.74325195523082,930.3385769860618,849.595325030831,B3_N,True,manual_scene_topology_independent_of_ray_residual,H2_two_uav_nominal_geometry,same time candidate; manual flame-base proxy; H4 temporal not fitted
B3_M02,B3,B3_formal_event,uav-07,B3_S,B3_N,2,uav-05|uav-09,153.5704175714568,765.6405277755516,612.0701102040948,B3_S,True,manual_scene_topology_independent_of_ray_residual,H2_two_uav_nominal_geometry,same time candidate; manual flame-base proxy; H4 temporal not fitted
B3_M02,B3,B3_formal_event,uav-07,B3_N,B3_S,3,uav-01|uav-02|uav-04,160.15471266875548,1051.7931943545705,891.638481685815,B3_N,True,manual_scene_topology_independent_of_ray_residual,H3_multiuav_nominal_consensus,same time candidate; manual flame-base proxy; H4 temporal not fitted
B3_M02,B3,B3_formal_event,uav-07,B3_S,B3_N,3,uav-01|uav-02|uav-04,239.17011099732443,692.4917290610098,453.3216180636854,B3_S,True,manual_scene_topology_independent_of_ray_residual,H3_multiuav_nominal_consensus,same time candidate; manual flame-base proxy; H4 temporal not fitted
B3_M02,B3,B3_formal_event,uav-07,B3_N,B3_S,3,uav-01|uav-02|uav-05,164.12826455528764,997.0463140106592,832.9180494553716,B3_N,True,manual_scene_topology_independent_of_ray_residual,H3_multiuav_nominal_consensus,same time candidate; manual flame-base proxy; H4 temporal not fitted
B3_M02,B3,B3_formal_event,uav-07,B3_S,B3_N,3,uav-01|uav-02|uav-05,234.38873756885263,741.6418536523358,507.2531160834832,B3_S,True,manual_scene_topology_independent_of_ray_residual,H3_multiuav_nominal_consensus,same time candidate; manual flame-base proxy; H4 temporal not fitted
B3_M02,B3,B3_formal_event,uav-07,B3_N,B3_S,3,uav-01|uav-02|uav-09,163.29783852454028,1024.1277892728267,860.8299507482864,B3_N,True,manual_scene_topology_independent_of_ray_residual,H3_multiuav_nominal_consensus,same time candidate; manual flame-base proxy; H4 temporal not fitted
B3_M02,B3,B3_formal_event,uav-07,B3_S,B3_N,3,uav-01|uav-02|uav-09,243.64339330267418,697.1579885170308,453.51459521435663,B3_S,True,manual_scene_topology_independent_of_ray_residual,H3_multiuav_nominal_consensus,same time candidate; manual flame-base proxy; H4 temporal not fitted
B3_M02,B3,B3_formal_event,uav-07,B3_N,B3_S,3,uav-01|uav-04|uav-05,159.14309540155335,1018.0327669714734,858.88967156992,B3_N,True,manual_scene_topology_independent_of_ray_residual,H3_multiuav_nominal_consensus,same time candidate; manual flame-base proxy; H4 temporal not fitted
B3_M02,B3,B3_formal_event,uav-07,B3_S,B3_N,3,uav-01|uav-04|uav-05,204.48604443251432,697.530235738008,493.04419130549365,B3_S,True,manual_scene_topology_independent_of_ray_residual,H3_multiuav_nominal_consensus,same time candidate; manual flame-base proxy; H4 temporal not fitted
B3_M02,B3,B3_formal_event,uav-07,B3_N,B3_S,3,uav-01|uav-04|uav-09,196.36400587816274,1045.8252936083475,849.4612877301847,B3_N,True,manual_scene_topology_independent_of_ray_residual,H3_multiuav_nominal_consensus,same time candidate; manual flame-base proxy; H4 temporal not fitted
B3_M02,B3,B3_formal_event,uav-07,B3_S,B3_N,3,uav-01|uav-04|uav-09,233.3856158588371,642.4586565952214,409.0730407363843,B3_S,True,manual_scene_topology_independent_of_ray_residual,H3_multiuav_nominal_consensus,same time candidate; manual flame-base proxy; H4 temporal not fitted
B3_M02,B3,B3_formal_event,uav-07,B3_N,B3_S,3,uav-01|uav-05|uav-09,157.66161984467038,991.6645540812441,834.0029342365738,B3_N,True,manual_scene_topology_independent_of_ray_residual,H3_multiuav_nominal_consensus,same time candidate; manual flame-base proxy; H4 temporal not fitted
B3_M02,B3,B3_formal_event,uav-07,B3_S,B3_N,3,uav-01|uav-05|uav-09,211.62805406259548,703.3993114125725,491.771257349977,B3_S,True,manual_scene_topology_independent_of_ray_residual,H3_multiuav_nominal_consensus,same time candidate; manual flame-base proxy; H4 temporal not fitted
B3_M02,B3,B3_formal_event,uav-07,B3_N,B3_S,3,uav-02|uav-04|uav-05,94.72294390227081,981.7821817601294,887.0592378578586,B3_N,True,manual_scene_topology_independent_of_ray_residual,H3_multiuav_nominal_consensus,same time candidate; manual flame-base proxy; H4 temporal not fitted
B3_M02,B3,B3_formal_event,uav-07,B3_S,B3_N,3,uav-02|uav-04|uav-05,158.82614356029828,754.7265674167746,595.9004238564763,B3_S,True,manual_scene_topology_independent_of_ray_residual,H3_multiuav_nominal_consensus,same time candidate; manual flame-base proxy; H4 temporal not fitted
B3_M02,B3,B3_formal_event,uav-07,B3_N,B3_S,3,uav-02|uav-04|uav-09,109.99505215052979,989.0182399871624,879.0231878366326,B3_N,True,manual_scene_topology_independent_of_ray_residual,H3_multiuav_nominal_consensus,same time candidate; manual flame-base proxy; H4 temporal not fitted
B3_M02,B3,B3_formal_event,uav-07,B3_S,B3_N,3,uav-02|uav-04|uav-09,178.68998713276338,730.4497261302433,551.75973899748,B3_S,True,manual_scene_topology_independent_of_ray_residual,H3_multiuav_nominal_consensus,same time candidate; manual flame-base proxy; H4 temporal not fitted
B3_M02,B3,B3_formal_event,uav-07,B3_N,B3_S,3,uav-02|uav-05|uav-09,72.6975085210506,954.0843696356578,881.3868611146072,B3_N,True,manual_scene_topology_independent_of_ray_residual,H3_multiuav_nominal_consensus,same time candidate; manual flame-base proxy; H4 temporal not fitted
B3_M02,B3,B3_formal_event,uav-07,B3_S,B3_N,3,uav-02|uav-05|uav-09,176.92713166879665,770.6037323661542,593.6766006973576,B3_S,True,manual_scene_topology_independent_of_ray_residual,H3_multiuav_nominal_consensus,same time candidate; manual flame-base proxy; H4 temporal not fitted
B3_M02,B3,B3_formal_event,uav-07,B3_N,B3_S,3,uav-04|uav-05|uav-09,108.08337845759561,966.065230198111,857.9818517405154,B3_N,True,manual_scene_topology_independent_of_ray_residual,H3_multiuav_nominal_consensus,same time candidate; manual flame-base proxy; H4 temporal not fitted
B3_M02,B3,B3_formal_event,uav-07,B3_S,B3_N,3,uav-04|uav-05|uav-09,153.4528307640666,738.1345854399959,584.6817546759294,B3_S,True,manual_scene_topology_independent_of_ray_residual,H3_multiuav_nominal_consensus,same time candidate; manual flame-base proxy; H4 temporal not fitted
B3_M02,B3,B3_formal_event,uav-07,B3_N,B3_S,4,uav-01|uav-02|uav-04|uav-05,142.57024872614775,1012.9287344808806,870.3584857547329,B3_N,True,manual_scene_topology_independent_of_ray_residual,H3_multiuav_nominal_consensus,same time candidate; manual flame-base proxy; H4 temporal not fitted
B3_M02,B3,B3_formal_event,uav-07,B3_S,B3_N,4,uav-01|uav-02|uav-04|uav-05,203.94891973314827,719.8594526306019,515.9105328974537,B3_S,True,manual_scene_topology_independent_of_ray_residual,H3_multiuav_nominal_consensus,same time candidate; manual flame-base proxy; H4 temporal not fitted
B3_M02,B3,B3_formal_event,uav-07,B3_N,B3_S,4,uav-01|uav-02|uav-04|uav-09,159.1647212723392,1027.7401524958325,868.5754312234933,B3_N,True,manual_scene_topology_independent_of_ray_residual,H3_multiuav_nominal_consensus,same time candidate; manual flame-base proxy; H4 temporal not fitted
B3_M02,B3,B3_formal_event,uav-07,B3_S,B3_N,4,uav-01|uav-02|uav-04|uav-09,222.4452334175742,687.7331801517117,465.28794673413756,B3_S,True,manual_scene_topology_independent_of_ray_residual,H3_multiuav_nominal_consensus,same time candidate; manual flame-base proxy; H4 temporal not fitted
B3_M02,B3,B3_formal_event,uav-07,B3_N,B3_S,4,uav-01|uav-02|uav-05|uav-09,142.20846186650016,992.8726359755002,850.664174109,B3_N,True,manual_scene_topology_independent_of_ray_residual,H3_multiuav_nominal_consensus,same time candidate; manual flame-base proxy; H4 temporal not fitted
B3_M02,B3,B3_formal_event,uav-07,B3_S,B3_N,4,uav-01|uav-02|uav-05|uav-09,217.69392185288254,724.7952991943749,507.10137734149237,B3_S,True,manual_scene_topology_independent_of_ray_residual,H3_multiuav_nominal_consensus,same time candidate; manual flame-base proxy; H4 temporal not fitted
B3_M02,B3,B3_formal_event,uav-07,B3_N,B3_S,4,uav-01|uav-04|uav-05|uav-09,154.98522269153173,1005.346132306155,850.3609096146233,B3_N,True,manual_scene_topology_independent_of_ray_residual,H3_multiuav_nominal_consensus,same time candidate; manual flame-base proxy; H4 temporal not fitted
B3_M02,B3,B3_formal_event,uav-07,B3_S,B3_N,4,uav-01|uav-04|uav-05|uav-09,198.78627629073503,694.3272506178614,495.5409743271264,B3_S,True,manual_scene_topology_independent_of_ray_residual,H3_multiuav_nominal_consensus,same time candidate; manual flame-base proxy; H4 temporal not fitted
B3_M02,B3,B3_formal_event,uav-07,B3_N,B3_S,4,uav-02|uav-04|uav-05|uav-09,96.56400828533496,971.497143025911,874.9331347405761,B3_N,True,manual_scene_topology_independent_of_ray_residual,H3_multiuav_nominal_consensus,same time candidate; manual flame-base proxy; H4 temporal not fitted
B3_M02,B3,B3_formal_event,uav-07,B3_S,B3_N,4,uav-02|uav-04|uav-05|uav-09,162.14376938191407,748.3115958891299,586.1678265072158,B3_S,True,manual_scene_topology_independent_of_ray_residual,H3_multiuav_nominal_consensus,same time candidate; manual flame-base proxy; H4 temporal not fitted
B3_M02,B3,B3_formal_event,uav-07,B3_N,B3_S,5,uav-01|uav-02|uav-04|uav-05|uav-09,139.25947105722233,1002.1141247586673,862.854653701445,B3_N,True,manual_scene_topology_independent_of_ray_residual,H3_multiuav_nominal_consensus,same time candidate; manual flame-base proxy; H4 temporal not fitted
B3_M02,B3,B3_formal_event,uav-07,B3_S,B3_N,5,uav-01|uav-02|uav-04|uav-05|uav-09,199.68622269340162,714.0379850880354,514.3517623946337,B3_S,True,manual_scene_topology_independent_of_ray_residual,H3_multiuav_nominal_consensus,same time candidate; manual flame-base proxy; H4 temporal not fitted
B3_M02,B3,B3_formal_event,uav-09,B3_N,B3_S,2,uav-01|uav-02,146.15915828333226,1225.4657610817565,1079.3066027984241,B3_N,True,manual_scene_topology_independent_of_ray_residual,H2_two_uav_nominal_geometry,same time candidate; manual flame-base proxy; H4 temporal not fitted
B3_M02,B3,B3_formal_event,uav-09,B3_S,B3_N,2,uav-01|uav-02,94.81138335283558,1253.4462691265046,1158.634885773669,B3_S,True,manual_scene_topology_independent_of_ray_residual,H2_two_uav_nominal_geometry,same time candidate; manual flame-base proxy; H4 temporal not fitted
B3_M02,B3,B3_formal_event,uav-09,B3_N,B3_S,2,uav-01|uav-04,31.221320946822228,1334.7543934339424,1303.53307248712,B3_N,True,manual_scene_topology_independent_of_ray_residual,H2_two_uav_nominal_geometry,same time candidate; manual flame-base proxy; H4 temporal not fitted
B3_M02,B3,B3_formal_event,uav-09,B3_S,B3_N,2,uav-01|uav-04,191.17617328615876,1128.0240375143567,936.847864228198,B3_S,True,manual_scene_topology_independent_of_ray_residual,H2_two_uav_nominal_geometry,same time candidate; manual flame-base proxy; H4 temporal not fitted
B3_M02,B3,B3_formal_event,uav-09,B3_N,B3_S,2,uav-01|uav-05,109.45768408223717,1158.559385956186,1049.1017018739487,B3_N,True,manual_scene_topology_independent_of_ray_residual,H2_two_uav_nominal_geometry,same time candidate; manual flame-base proxy; H4 temporal not fitted
B3_M02,B3,B3_formal_event,uav-09,B3_S,B3_N,2,uav-01|uav-05,56.192761628583376,1204.2783003283507,1148.0855386997673,B3_S,True,manual_scene_topology_independent_of_ray_residual,H2_two_uav_nominal_geometry,same time candidate; manual flame-base proxy; H4 temporal not fitted
B3_M02,B3,B3_formal_event,uav-09,B3_N,B3_S,2,uav-01|uav-07,387.7387970607976,633.9746756955877,246.23587863479014,B3_N,True,manual_scene_topology_independent_of_ray_residual,H2_two_uav_nominal_geometry,same time candidate; manual flame-base proxy; H4 temporal not fitted
B3_M02,B3,B3_formal_event,uav-09,B3_S,B3_N,2,uav-01|uav-07,524.2237520219314,1543.506981642989,1019.2832296210577,B3_S,True,manual_scene_topology_independent_of_ray_residual,H2_two_uav_nominal_geometry,same time candidate; manual flame-base proxy; H4 temporal not fitted
B3_M02,B3,B3_formal_event,uav-09,B3_N,B3_S,2,uav-02|uav-04,20.086195072944484,1319.4604374823455,1299.374242409401,B3_N,True,manual_scene_topology_independent_of_ray_residual,H2_two_uav_nominal_geometry,same time candidate; manual flame-base proxy; H4 temporal not fitted
B3_M02,B3,B3_formal_event,uav-09,B3_S,B3_N,2,uav-02|uav-04,201.93802028273086,1176.4696266436292,974.5316063608984,B3_S,True,manual_scene_topology_independent_of_ray_residual,H2_two_uav_nominal_geometry,same time candidate; manual flame-base proxy; H4 temporal not fitted
B3_M02,B3,B3_formal_event,uav-09,B3_N,B3_S,2,uav-02|uav-05,84.76637457481701,1143.3025238737669,1058.5361492989498,B3_N,True,manual_scene_topology_independent_of_ray_residual,H2_two_uav_nominal_geometry,same time candidate; manual flame-base proxy; H4 temporal not fitted
B3_M02,B3,B3_formal_event,uav-09,B3_S,B3_N,2,uav-02|uav-05,98.07150657607764,1242.1277877406892,1144.0562811646116,B3_S,True,manual_scene_topology_independent_of_ray_residual,H2_two_uav_nominal_geometry,same time candidate; manual flame-base proxy; H4 temporal not fitted
B3_M02,B3,B3_formal_event,uav-09,B3_N,B3_S,2,uav-02|uav-07,99.8812551646638,1197.2581586372676,1097.3769034726038,B3_N,True,manual_scene_topology_independent_of_ray_residual,H2_two_uav_nominal_geometry,same time candidate; manual flame-base proxy; H4 temporal not fitted
B3_M02,B3,B3_formal_event,uav-09,B3_S,B3_N,2,uav-02|uav-07,162.37137569405394,1245.1269168476704,1082.7555411536164,B3_S,True,manual_scene_topology_independent_of_ray_residual,H2_two_uav_nominal_geometry,same time candidate; manual flame-base proxy; H4 temporal not fitted
B3_M02,B3,B3_formal_event,uav-09,B3_N,B3_S,2,uav-04|uav-05,34.7453932708779,1222.3582081453733,1187.6128148744954,B3_N,True,manual_scene_topology_independent_of_ray_residual,H2_two_uav_nominal_geometry,same time candidate; manual flame-base proxy; H4 temporal not fitted
B3_M02,B3,B3_formal_event,uav-09,B3_S,B3_N,2,uav-04|uav-05,170.5642883057883,1178.1210777227996,1007.5567894170113,B3_S,True,manual_scene_topology_independent_of_ray_residual,H2_two_uav_nominal_geometry,same time candidate; manual flame-base proxy; H4 temporal not fitted
B3_M02,B3,B3_formal_event,uav-09,B3_N,B3_S,2,uav-04|uav-07,18.316531183392513,1197.6324502866407,1179.3159191032482,B3_N,True,manual_scene_topology_independent_of_ray_residual,H2_two_uav_nominal_geometry,same time candidate; manual flame-base proxy; H4 temporal not fitted
B3_M02,B3,B3_formal_event,uav-09,B3_S,B3_N,2,uav-04|uav-07,153.46893804277448,1140.0483910807293,986.5794530379549,B3_S,True,manual_scene_topology_independent_of_ray_residual,H2_two_uav_nominal_geometry,same time candidate; manual flame-base proxy; H4 temporal not fitted
B3_M02,B3,B3_formal_event,uav-09,B3_N,B3_S,2,uav-05|uav-07,122.02859230919258,1085.4937330292648,963.4651407200722,B3_N,True,manual_scene_topology_independent_of_ray_residual,H2_two_uav_nominal_geometry,same time candidate; manual flame-base proxy; H4 temporal not fitted
B3_M02,B3,B3_formal_event,uav-09,B3_S,B3_N,2,uav-05|uav-07,185.01258580080196,1271.1497908465665,1086.1372050457644,B3_S,True,manual_scene_topology_independent_of_ray_residual,H2_two_uav_nominal_geometry,same time candidate; manual flame-base proxy; H4 temporal not fitted
B3_M02,B3,B3_formal_event,uav-09,B3_N,B3_S,3,uav-01|uav-02|uav-04,41.52084053815711,1314.4795462542459,1272.9587057160888,B3_N,True,manual_scene_topology_independent_of_ray_residual,H3_multiuav_nominal_consensus,same time candidate; manual flame-base proxy; H4 temporal not fitted
B3_M02,B3,B3_formal_event,uav-09,B3_S,B3_N,3,uav-01|uav-02|uav-04,166.66058696221162,1176.1524162717944,1009.4918293095828,B3_S,True,manual_scene_topology_independent_of_ray_residual,H3_multiuav_nominal_consensus,same time candidate; manual flame-base proxy; H4 temporal not fitted
B3_M02,B3,B3_formal_event,uav-09,B3_N,B3_S,3,uav-01|uav-02|uav-05,127.40846960599677,1174.7899983552168,1047.38152874922,B3_N,True,manual_scene_topology_independent_of_ray_residual,H3_multiuav_nominal_consensus,same time candidate; manual flame-base proxy; H4 temporal not fitted
B3_M02,B3,B3_formal_event,uav-09,B3_S,B3_N,3,uav-01|uav-02|uav-05,74.56370173660643,1230.4125911408476,1155.8488894042412,B3_S,True,manual_scene_topology_independent_of_ray_residual,H3_multiuav_nominal_consensus,same time candidate; manual flame-base proxy; H4 temporal not fitted
B3_M02,B3,B3_formal_event,uav-09,B3_N,B3_S,3,uav-01|uav-02|uav-07,137.99364226233055,1116.9284358883551,978.9347936260245,B3_N,True,manual_scene_topology_independent_of_ray_residual,H3_multiuav_nominal_consensus,same time candidate; manual flame-base proxy; H4 temporal not fitted
B3_M02,B3,B3_formal_event,uav-09,B3_S,B3_N,3,uav-01|uav-02|uav-07,47.18803083049757,1289.741475466835,1242.5534446363374,B3_S,True,manual_scene_topology_independent_of_ray_residual,H3_multiuav_nominal_consensus,same time candidate; manual flame-base proxy; H4 temporal not fitted
B3_M02,B3,B3_formal_event,uav-09,B3_N,B3_S,3,uav-01|uav-04|uav-05,44.67207036918363,1238.619470618634,1193.9474002494505,B3_N,True,manual_scene_topology_independent_of_ray_residual,H3_multiuav_nominal_consensus,same time candidate; manual flame-base proxy; H4 temporal not fitted
B3_M02,B3,B3_formal_event,uav-09,B3_S,B3_N,3,uav-01|uav-04|uav-05,106.15077105451799,1164.7863721592764,1058.6356011047585,B3_S,True,manual_scene_topology_independent_of_ray_residual,H3_multiuav_nominal_consensus,same time candidate; manual flame-base proxy; H4 temporal not fitted
B3_M02,B3,B3_formal_event,uav-09,B3_N,B3_S,3,uav-01|uav-04|uav-07,77.7889548937835,1084.0066058773868,1006.2176509836033,B3_N,True,manual_scene_topology_independent_of_ray_residual,H3_multiuav_nominal_consensus,same time candidate; manual flame-base proxy; H4 temporal not fitted
B3_M02,B3,B3_formal_event,uav-09,B3_S,B3_N,3,uav-01|uav-04|uav-07,142.3829844757155,1235.1432225238727,1092.7602380481571,B3_S,True,manual_scene_topology_independent_of_ray_residual,H3_multiuav_nominal_consensus,same time candidate; manual flame-base proxy; H4 temporal not fitted
B3_M02,B3,B3_formal_event,uav-09,B3_N,B3_S,3,uav-01|uav-05|uav-07,112.21265442970629,1077.4127572087336,965.2001027790274,B3_N,True,manual_scene_topology_independent_of_ray_residual,H3_multiuav_nominal_consensus,same time candidate; manual flame-base proxy; H4 temporal not fitted
B3_M02,B3,B3_formal_event,uav-09,B3_S,B3_N,3,uav-01|uav-05|uav-07,94.43244277209448,1266.7091860514488,1172.2767432793544,B3_S,True,manual_scene_topology_independent_of_ray_residual,H3_multiuav_nominal_consensus,same time candidate; manual flame-base proxy; H4 temporal not fitted
B3_M02,B3,B3_formal_event,uav-09,B3_N,B3_S,3,uav-02|uav-04|uav-05,45.170115165515,1243.1203341238947,1197.9502189583798,B3_N,True,manual_scene_topology_independent_of_ray_residual,H3_multiuav_nominal_consensus,same time candidate; manual flame-base proxy; H4 temporal not fitted
B3_M02,B3,B3_formal_event,uav-09,B3_S,B3_N,3,uav-02|uav-04|uav-05,149.12168709069823,1199.1208074505487,1049.9991203598504,B3_S,True,manual_scene_topology_independent_of_ray_residual,H3_multiuav_nominal_consensus,same time candidate; manual flame-base proxy; H4 temporal not fitted
B3_M02,B3,B3_formal_event,uav-09,B3_N,B3_S,3,uav-02|uav-04|uav-07,48.78453708847936,1239.4416540768377,1190.6571169883584,B3_N,True,manual_scene_topology_independent_of_ray_residual,H3_multiuav_nominal_consensus,same time candidate; manual flame-base proxy; H4 temporal not fitted
B3_M02,B3,B3_formal_event,uav-09,B3_S,B3_N,3,uav-02|uav-04|uav-07,161.227544607704,1202.7354613657938,1041.5079167580898,B3_S,True,manual_scene_topology_independent_of_ray_residual,H3_multiuav_nominal_consensus,same time candidate; manual flame-base proxy; H4 temporal not fitted
B3_M02,B3,B3_formal_event,uav-09,B3_N,B3_S,3,uav-02|uav-05|uav-07,106.05233841293425,1150.687094557907,1044.6347561449727,B3_N,True,manual_scene_topology_independent_of_ray_residual,H3_multiuav_nominal_consensus,same time candidate; manual flame-base proxy; H4 temporal not fitted
B3_M02,B3,B3_formal_event,uav-09,B3_S,B3_N,3,uav-02|uav-05|uav-07,135.66253275445794,1254.5054419898572,1118.8429092353992,B3_S,True,manual_scene_topology_independent_of_ray_residual,H3_multiuav_nominal_consensus,same time candidate; manual flame-base proxy; H4 temporal not fitted
B3_M02,B3,B3_formal_event,uav-09,B3_N,B3_S,3,uav-04|uav-05|uav-07,55.47427550406207,1157.868663680345,1102.394388176283,B3_N,True,manual_scene_topology_independent_of_ray_residual,H3_multiuav_nominal_consensus,same time candidate; manual flame-base proxy; H4 temporal not fitted
B3_M02,B3,B3_formal_event,uav-09,B3_S,B3_N,3,uav-04|uav-05|uav-07,163.22541405730718,1211.8319785350318,1048.6065644777245,B3_S,True,manual_scene_topology_independent_of_ray_residual,H3_multiuav_nominal_consensus,same time candidate; manual flame-base proxy; H4 temporal not fitted
B3_M02,B3,B3_formal_event,uav-09,B3_N,B3_S,4,uav-01|uav-02|uav-04|uav-05,59.40517855325134,1245.6999105779169,1186.2947320246656,B3_N,True,manual_scene_topology_independent_of_ray_residual,H3_multiuav_nominal_consensus,same time candidate; manual flame-base proxy; H4 temporal not fitted
B3_M02,B3,B3_formal_event,uav-09,B3_S,B3_N,4,uav-01|uav-02|uav-04|uav-05,102.16208335562433,1190.2315058738193,1088.0694225181949,B3_S,True,manual_scene_topology_independent_of_ray_residual,H3_multiuav_nominal_consensus,same time candidate; manual flame-base proxy; H4 temporal not fitted
B3_M02,B3,B3_formal_event,uav-09,B3_N,B3_S,4,uav-01|uav-02|uav-04|uav-07,63.02091339511388,1211.5327162962606,1148.5118029011467,B3_N,True,manual_scene_topology_independent_of_ray_residual,H3_multiuav_nominal_consensus,same time candidate; manual flame-base proxy; H4 temporal not fitted
B3_M02,B3,B3_formal_event,uav-09,B3_S,B3_N,4,uav-01|uav-02|uav-04|uav-07,99.74962771347425,1219.2448631633104,1119.4952354498362,B3_S,True,manual_scene_topology_independent_of_ray_residual,H3_multiuav_nominal_consensus,same time candidate; manual flame-base proxy; H4 temporal not fitted
B3_M02,B3,B3_formal_event,uav-09,B3_N,B3_S,4,uav-01|uav-02|uav-05|uav-07,102.66505254179908,1133.676346417109,1031.01129387531,B3_N,True,manual_scene_topology_independent_of_ray_residual,H3_multiuav_nominal_consensus,same time candidate; manual flame-base proxy; H4 temporal not fitted
B3_M02,B3,B3_formal_event,uav-09,B3_S,B3_N,4,uav-01|uav-02|uav-05|uav-07,40.1734688063261,1254.6483864999452,1214.474917693619,B3_S,True,manual_scene_topology_independent_of_ray_residual,H3_multiuav_nominal_consensus,same time candidate; manual flame-base proxy; H4 temporal not fitted
B3_M02,B3,B3_formal_event,uav-09,B3_N,B3_S,4,uav-01|uav-04|uav-05|uav-07,56.62863629772484,1157.6143070604537,1100.985670762729,B3_N,True,manual_scene_topology_independent_of_ray_residual,H3_multiuav_nominal_consensus,same time candidate; manual flame-base proxy; H4 temporal not fitted
B3_M02,B3,B3_formal_event,uav-09,B3_S,B3_N,4,uav-01|uav-04|uav-05|uav-07,100.59053904400885,1212.6615667070766,1112.0710276630678,B3_S,True,manual_scene_topology_independent_of_ray_residual,H3_multiuav_nominal_consensus,same time candidate; manual flame-base proxy; H4 temporal not fitted
B3_M02,B3,B3_formal_event,uav-09,B3_N,B3_S,4,uav-02|uav-04|uav-05|uav-07,62.39188668227852,1195.6936987289987,1133.3018120467202,B3_N,True,manual_scene_topology_independent_of_ray_residual,H3_multiuav_nominal_consensus,same time candidate; manual flame-base proxy; H4 temporal not fitted
B3_M02,B3,B3_formal_event,uav-09,B3_S,B3_N,4,uav-02|uav-04|uav-05|uav-07,145.67489611826707,1218.3001973736004,1072.6253012553334,B3_S,True,manual_scene_topology_independent_of_ray_residual,H3_multiuav_nominal_consensus,same time candidate; manual flame-base proxy; H4 temporal not fitted
B3_M02,B3,B3_formal_event,uav-09,B3_N,B3_S,5,uav-01|uav-02|uav-04|uav-05|uav-07,62.60745616753353,1191.1327577632037,1128.5253015956703,B3_N,True,manual_scene_topology_independent_of_ray_residual,H3_multiuav_nominal_consensus,same time candidate; manual flame-base proxy; H4 temporal not fitted
B3_M02,B3,B3_formal_event,uav-09,B3_S,B3_N,5,uav-01|uav-02|uav-04|uav-05|uav-07,89.4935622555983,1217.3231981708363,1127.829635915238,B3_S,True,manual_scene_topology_independent_of_ray_residual,H3_multiuav_nominal_consensus,same time candidate; manual flame-base proxy; H4 temporal not fitted
B4_M02,B4,B4_formal_event,uav-01,B4_road_pile,B4_tree_pile,2,uav-02|uav-06,749.6304685288677,1051.2382467045527,301.607778175685,B4_road_pile,True,manual_scene_topology_independent_of_ray_residual,H2_two_uav_nominal_geometry,same time candidate; manual flame-base proxy; H4 temporal not fitted
B4_M02,B4,B4_formal_event,uav-01,B4_tree_pile,B4_road_pile,2,uav-02|uav-06,372.5641461838194,1672.5642219360668,1300.0000757522475,B4_tree_pile,True,manual_scene_topology_independent_of_ray_residual,H2_two_uav_nominal_geometry,same time candidate; manual flame-base proxy; H4 temporal not fitted
B4_M02,B4,B4_formal_event,uav-01,B4_road_pile,B4_tree_pile,2,uav-02|uav-08,181.13068898040888,1200.2720388518908,1019.1413498714819,B4_road_pile,True,manual_scene_topology_independent_of_ray_residual,H2_two_uav_nominal_geometry,same time candidate; manual flame-base proxy; H4 temporal not fitted
B4_M02,B4,B4_formal_event,uav-01,B4_tree_pile,B4_road_pile,2,uav-02|uav-08,81.27930483324094,1116.4070557413718,1035.1277509081308,B4_tree_pile,True,manual_scene_topology_independent_of_ray_residual,H2_two_uav_nominal_geometry,same time candidate; manual flame-base proxy; H4 temporal not fitted
B4_M02,B4,B4_formal_event,uav-01,B4_road_pile,B4_tree_pile,2,uav-02|uav-09,623.7946463009903,1182.4190794896292,558.6244331886389,B4_road_pile,True,manual_scene_topology_independent_of_ray_residual,H2_two_uav_nominal_geometry,same time candidate; manual flame-base proxy; H4 temporal not fitted
B4_M02,B4,B4_formal_event,uav-01,B4_tree_pile,B4_road_pile,2,uav-02|uav-09,101.30999577070841,1564.877096881195,1463.5671011104866,B4_tree_pile,True,manual_scene_topology_independent_of_ray_residual,H2_two_uav_nominal_geometry,same time candidate; manual flame-base proxy; H4 temporal not fitted
B4_M02,B4,B4_formal_event,uav-01,B4_road_pile,B4_tree_pile,2,uav-06|uav-08,611.4668436390969,972.0781718457004,360.6113282066035,B4_road_pile,True,manual_scene_topology_independent_of_ray_residual,H2_two_uav_nominal_geometry,same time candidate; manual flame-base proxy; H4 temporal not fitted
B4_M02,B4,B4_formal_event,uav-01,B4_tree_pile,B4_road_pile,2,uav-06|uav-08,458.9203438003435,1599.1892355421003,1140.2688917417568,B4_tree_pile,True,manual_scene_topology_independent_of_ray_residual,H2_two_uav_nominal_geometry,same time candidate; manual flame-base proxy; H4 temporal not fitted
B4_M02,B4,B4_formal_event,uav-01,B4_road_pile,B4_tree_pile,2,uav-06|uav-09,714.0801678990595,828.9529935624788,114.87282566341935,B4_road_pile,True,manual_scene_topology_independent_of_ray_residual,H2_two_uav_nominal_geometry,same time candidate; manual flame-base proxy; H4 temporal not fitted
B4_M02,B4,B4_formal_event,uav-01,B4_tree_pile,B4_road_pile,2,uav-06|uav-09,443.48243998384044,1738.557256301,1295.0748163171597,B4_tree_pile,True,manual_scene_topology_independent_of_ray_residual,H2_two_uav_nominal_geometry,same time candidate; manual flame-base proxy; H4 temporal not fitted
B4_M02,B4,B4_formal_event,uav-01,B4_road_pile,B4_tree_pile,2,uav-08|uav-09,565.4121529755106,1269.919845721277,704.5076927457663,B4_road_pile,True,manual_scene_topology_independent_of_ray_residual,H2_two_uav_nominal_geometry,same time candidate; manual flame-base proxy; H4 temporal not fitted
B4_M02,B4,B4_formal_event,uav-01,B4_tree_pile,B4_road_pile,2,uav-08|uav-09,43.97535949571784,1553.3150784661964,1509.3397189704785,B4_tree_pile,True,manual_scene_topology_independent_of_ray_residual,H2_two_uav_nominal_geometry,same time candidate; manual flame-base proxy; H4 temporal not fitted
B4_M02,B4,B4_formal_event,uav-01,B4_road_pile,B4_tree_pile,3,uav-02|uav-06|uav-08,531.7556003165697,1043.1162458014805,511.36064548491083,B4_road_pile,True,manual_scene_topology_independent_of_ray_residual,H3_multiuav_nominal_consensus,same time candidate; manual flame-base proxy; H4 temporal not fitted
B4_M02,B4,B4_formal_event,uav-01,B4_tree_pile,B4_road_pile,3,uav-02|uav-06|uav-08,344.40820482985833,1525.0331715102895,1180.6249666804313,B4_tree_pile,True,manual_scene_topology_independent_of_ray_residual,H3_multiuav_nominal_consensus,same time candidate; manual flame-base proxy; H4 temporal not fitted
B4_M02,B4,B4_formal_event,uav-01,B4_road_pile,B4_tree_pile,3,uav-02|uav-06|uav-09,697.8312233320905,989.7469591210842,291.91573578899363,B4_road_pile,True,manual_scene_topology_independent_of_ray_residual,H3_multiuav_nominal_consensus,same time candidate; manual flame-base proxy; H4 temporal not fitted
B4_M02,B4,B4_formal_event,uav-01,B4_tree_pile,B4_road_pile,3,uav-02|uav-06|uav-09,296.70774737201236,1675.0206002069283,1378.312852834916,B4_tree_pile,True,manual_scene_topology_independent_of_ray_residual,H3_multiuav_nominal_consensus,same time candidate; manual flame-base proxy; H4 temporal not fitted
B4_M02,B4,B4_formal_event,uav-01,B4_road_pile,B4_tree_pile,3,uav-02|uav-08|uav-09,438.5652411588947,1198.099279369112,759.5340382102174,B4_road_pile,True,manual_scene_topology_independent_of_ray_residual,H3_multiuav_nominal_consensus,same time candidate; manual flame-base proxy; H4 temporal not fitted
B4_M02,B4,B4_formal_event,uav-01,B4_tree_pile,B4_road_pile,3,uav-02|uav-08|uav-09,79.37493894554697,1386.9395386117176,1307.5645996661706,B4_tree_pile,True,manual_scene_topology_independent_of_ray_residual,H3_multiuav_nominal_consensus,same time candidate; manual flame-base proxy; H4 temporal not fitted
B4_M02,B4,B4_formal_event,uav-01,B4_road_pile,B4_tree_pile,3,uav-06|uav-08|uav-09,664.8110009938657,923.5303195653822,258.7193185715165,B4_road_pile,True,manual_scene_topology_independent_of_ray_residual,H3_multiuav_nominal_consensus,same time candidate; manual flame-base proxy; H4 temporal not fitted
B4_M02,B4,B4_formal_event,uav-01,B4_tree_pile,B4_road_pile,3,uav-06|uav-08|uav-09,385.1396829678665,1675.7065903522691,1290.5669073844026,B4_tree_pile,True,manual_scene_topology_independent_of_ray_residual,H3_multiuav_nominal_consensus,same time candidate; manual flame-base proxy; H4 temporal not fitted
B4_M02,B4,B4_formal_event,uav-01,B4_road_pile,B4_tree_pile,4,uav-02|uav-06|uav-08|uav-09,607.1356696267528,1020.8412819924961,413.70561236574326,B4_road_pile,True,manual_scene_topology_independent_of_ray_residual,H3_multiuav_nominal_consensus,same time candidate; manual flame-base proxy; H4 temporal not fitted
B4_M02,B4,B4_formal_event,uav-01,B4_tree_pile,B4_road_pile,4,uav-02|uav-06|uav-08|uav-09,284.3057147994517,1595.2123191225671,1310.9066043231155,B4_tree_pile,True,manual_scene_topology_independent_of_ray_residual,H3_multiuav_nominal_consensus,same time candidate; manual flame-base proxy; H4 temporal not fitted
B4_M02,B4,B4_formal_event,uav-02,B4_road_pile,B4_tree_pile,2,uav-01|uav-06,246.04099675739826,1560.3711072824874,1314.3301105250891,B4_road_pile,True,manual_scene_topology_independent_of_ray_residual,H2_two_uav_nominal_geometry,same time candidate; manual flame-base proxy; H4 temporal not fitted
B4_M02,B4,B4_formal_event,uav-02,B4_tree_pile,B4_road_pile,2,uav-01|uav-06,263.2110252768894,1484.8937582298158,1221.6827329529265,B4_tree_pile,True,manual_scene_topology_independent_of_ray_residual,H2_two_uav_nominal_geometry,same time candidate; manual flame-base proxy; H4 temporal not fitted
B4_M02,B4,B4_formal_event,uav-02,B4_road_pile,B4_tree_pile,2,uav-01|uav-08,57.4670783976746,1450.5523969779179,1393.0853185802432,B4_road_pile,True,manual_scene_topology_independent_of_ray_residual,H2_two_uav_nominal_geometry,same time candidate; manual flame-base proxy; H4 temporal not fitted
B4_M02,B4,B4_formal_event,uav-02,B4_tree_pile,B4_road_pile,2,uav-01|uav-08,65.89918011865431,1439.2291164231867,1373.3299363045323,B4_tree_pile,True,manual_scene_topology_independent_of_ray_residual,H2_two_uav_nominal_geometry,same time candidate; manual flame-base proxy; H4 temporal not fitted
B4_M02,B4,B4_formal_event,uav-02,B4_road_pile,B4_tree_pile,2,uav-01|uav-09,122.70988845740561,1340.1144207965356,1217.40453233913,B4_road_pile,True,manual_scene_topology_independent_of_ray_residual,H2_two_uav_nominal_geometry,same time candidate; manual flame-base proxy; H4 temporal not fitted
B4_M02,B4,B4_formal_event,uav-02,B4_tree_pile,B4_road_pile,2,uav-01|uav-09,179.69546894713912,1521.0915170179885,1341.3960480708495,B4_tree_pile,True,manual_scene_topology_independent_of_ray_residual,H2_two_uav_nominal_geometry,same time candidate; manual flame-base proxy; H4 temporal not fitted
B4_M02,B4,B4_formal_event,uav-02,B4_road_pile,B4_tree_pile,2,uav-06|uav-08,213.1967744315538,1680.1673226527064,1466.9705482211525,B4_road_pile,True,manual_scene_topology_independent_of_ray_residual,H2_two_uav_nominal_geometry,same time candidate; manual flame-base proxy; H4 temporal not fitted
B4_M02,B4,B4_formal_event,uav-02,B4_tree_pile,B4_road_pile,2,uav-06|uav-08,398.48328804098816,1405.9730466196338,1007.4897585786457,B4_tree_pile,True,manual_scene_topology_independent_of_ray_residual,H2_two_uav_nominal_geometry,same time candidate; manual flame-base proxy; H4 temporal not fitted
B4_M02,B4,B4_formal_event,uav-02,B4_road_pile,B4_tree_pile,2,uav-06|uav-09,156.88138319359146,1445.4486355916135,1288.567252398022,B4_road_pile,True,manual_scene_topology_independent_of_ray_residual,H2_two_uav_nominal_geometry,same time candidate; manual flame-base proxy; H4 temporal not fitted
B4_M02,B4,B4_formal_event,uav-02,B4_tree_pile,B4_road_pile,2,uav-06|uav-09,443.516269372716,1476.727875767691,1033.2116063949752,B4_tree_pile,True,manual_scene_topology_independent_of_ray_residual,H2_two_uav_nominal_geometry,same time candidate; manual flame-base proxy; H4 temporal not fitted
B4_M02,B4,B4_formal_event,uav-02,B4_road_pile,B4_tree_pile,2,uav-08|uav-09,97.63973665346967,1394.2833626738754,1296.6436260204057,B4_road_pile,True,manual_scene_topology_independent_of_ray_residual,H2_two_uav_nominal_geometry,same time candidate; manual flame-base proxy; H4 temporal not fitted
B4_M02,B4,B4_formal_event,uav-02,B4_tree_pile,B4_road_pile,2,uav-08|uav-09,141.92930668836215,1452.95858056248,1311.0292738741177,B4_tree_pile,True,manual_scene_topology_independent_of_ray_residual,H2_two_uav_nominal_geometry,same time candidate; manual flame-base proxy; H4 temporal not fitted
B4_M02,B4,B4_formal_event,uav-02,B4_road_pile,B4_tree_pile,3,uav-01|uav-06|uav-08,177.5156230974878,1559.6445676129756,1382.1289445154878,B4_road_pile,True,manual_scene_topology_independent_of_ray_residual,H3_multiuav_nominal_consensus,same time candidate; manual flame-base proxy; H4 temporal not fitted
B4_M02,B4,B4_formal_event,uav-02,B4_tree_pile,B4_road_pile,3,uav-01|uav-06|uav-08,216.1407095996528,1442.6325177449364,1226.4918081452836,B4_tree_pile,True,manual_scene_topology_independent_of_ray_residual,H3_multiuav_nominal_consensus,same time candidate; manual flame-base proxy; H4 temporal not fitted
B4_M02,B4,B4_formal_event,uav-02,B4_road_pile,B4_tree_pile,3,uav-01|uav-06|uav-09,123.5415947229565,1431.0695085801049,1307.5279138571484,B4_road_pile,True,manual_scene_topology_independent_of_ray_residual,H3_multiuav_nominal_consensus,same time candidate; manual flame-base proxy; H4 temporal not fitted
B4_M02,B4,B4_formal_event,uav-02,B4_tree_pile,B4_road_pile,3,uav-01|uav-06|uav-09,227.6026823564339,1483.2152461301916,1255.6125637737578,B4_tree_pile,True,manual_scene_topology_independent_of_ray_residual,H3_multiuav_nominal_consensus,same time candidate; manual flame-base proxy; H4 temporal not fitted
B4_M02,B4,B4_formal_event,uav-02,B4_road_pile,B4_tree_pile,3,uav-01|uav-08|uav-09,45.90620562853498,1391.326966698358,1345.4207610698231,B4_road_pile,True,manual_scene_topology_independent_of_ray_residual,H3_multiuav_nominal_consensus,same time candidate; manual flame-base proxy; H4 temporal not fitted
B4_M02,B4,B4_formal_event,uav-02,B4_tree_pile,B4_road_pile,3,uav-01|uav-08|uav-09,130.08232323894907,1460.4291547024386,1330.3468314634895,B4_tree_pile,True,manual_scene_topology_independent_of_ray_residual,H3_multiuav_nominal_consensus,same time candidate; manual flame-base proxy; H4 temporal not fitted
B4_M02,B4,B4_formal_event,uav-02,B4_road_pile,B4_tree_pile,3,uav-06|uav-08|uav-09,170.87060174875532,1501.4659012308846,1330.5952994821293,B4_road_pile,True,manual_scene_topology_independent_of_ray_residual,H3_multiuav_nominal_consensus,same time candidate; manual flame-base proxy; H4 temporal not fitted
B4_M02,B4,B4_formal_event,uav-02,B4_tree_pile,B4_road_pile,3,uav-06|uav-08|uav-09,339.1847966852546,1450.411019405389,1111.2262227201345,B4_tree_pile,True,manual_scene_topology_independent_of_ray_residual,H3_multiuav_nominal_consensus,same time candidate; manual flame-base proxy; H4 temporal not fitted
B4_M02,B4,B4_formal_event,uav-02,B4_road_pile,B4_tree_pile,4,uav-01|uav-06|uav-08|uav-09,120.67088332500937,1464.2838708763593,1343.61298755135,B4_road_pile,True,manual_scene_topology_independent_of_ray_residual,H3_multiuav_nominal_consensus,same time candidate; manual flame-base proxy; H4 temporal not fitted
B4_M02,B4,B4_formal_event,uav-02,B4_tree_pile,B4_road_pile,4,uav-01|uav-06|uav-08|uav-09,182.56477412202088,1456.1600583649706,1273.5952842429497,B4_tree_pile,True,manual_scene_topology_independent_of_ray_residual,H3_multiuav_nominal_consensus,same time candidate; manual flame-base proxy; H4 temporal not fitted
B4_M02,B4,B4_formal_event,uav-06,B4_road_pile,B4_tree_pile,2,uav-01|uav-02,418.7965330005903,1821.2119744781487,1402.4154414775585,B4_road_pile,True,manual_scene_topology_independent_of_ray_residual,H2_two_uav_nominal_geometry,same time candidate; manual flame-base proxy; H4 temporal not fitted
B4_M02,B4,B4_formal_event,uav-06,B4_tree_pile,B4_road_pile,2,uav-01|uav-02,584.7915448753441,1733.8582881252182,1149.066743249874,B4_tree_pile,True,manual_scene_topology_independent_of_ray_residual,H2_two_uav_nominal_geometry,same time candidate; manual flame-base proxy; H4 temporal not fitted
B4_M02,B4,B4_formal_event,uav-06,B4_road_pile,B4_tree_pile,2,uav-01|uav-08,382.935135991144,1788.284787556278,1405.3496515651339,B4_road_pile,True,manual_scene_topology_independent_of_ray_residual,H2_two_uav_nominal_geometry,same time candidate; manual flame-base proxy; H4 temporal not fitted
B4_M02,B4,B4_formal_event,uav-06,B4_tree_pile,B4_road_pile,2,uav-01|uav-08,620.3388450337064,1651.820860238564,1031.4820152048574,B4_tree_pile,True,manual_scene_topology_independent_of_ray_residual,H2_two_uav_nominal_geometry,same time candidate; manual flame-base proxy; H4 temporal not fitted
B4_M02,B4,B4_formal_event,uav-06,B4_road_pile,B4_tree_pile,2,uav-01|uav-09,548.8912947670883,1688.1532719971397,1139.2619772300513,B4_road_pile,True,manual_scene_topology_independent_of_ray_residual,H2_two_uav_nominal_geometry,same time candidate; manual flame-base proxy; H4 temporal not fitted
B4_M02,B4,B4_formal_event,uav-06,B4_tree_pile,B4_road_pile,2,uav-01|uav-09,664.849921972163,1859.8726961811371,1195.0227742089742,B4_tree_pile,True,manual_scene_topology_independent_of_ray_residual,H2_two_uav_nominal_geometry,same time candidate; manual flame-base proxy; H4 temporal not fitted
B4_M02,B4,B4_formal_event,uav-06,B4_road_pile,B4_tree_pile,2,uav-02|uav-08,420.1618143703507,1754.4597750169905,1334.2979606466397,B4_road_pile,True,manual_scene_topology_independent_of_ray_residual,H2_two_uav_nominal_geometry,same time candidate; manual flame-base proxy; H4 temporal not fitted
B4_M02,B4,B4_formal_event,uav-06,B4_tree_pile,B4_road_pile,2,uav-02|uav-08,529.1752298569211,1672.3874872966448,1143.2122574397238,B4_tree_pile,True,manual_scene_topology_independent_of_ray_residual,H2_two_uav_nominal_geometry,same time candidate; manual flame-base proxy; H4 temporal not fitted
B4_M02,B4,B4_formal_event,uav-06,B4_road_pile,B4_tree_pile,2,uav-02|uav-09,316.58110604046726,1688.6343058476584,1372.053199807191,B4_road_pile,True,manual_scene_topology_independent_of_ray_residual,H2_two_uav_nominal_geometry,same time candidate; manual flame-base proxy; H4 temporal not fitted
B4_M02,B4,B4_formal_event,uav-06,B4_tree_pile,B4_road_pile,2,uav-02|uav-09,535.6046464756964,1859.7552978609049,1324.1506513852084,B4_tree_pile,True,manual_scene_topology_independent_of_ray_residual,H2_two_uav_nominal_geometry,same time candidate; manual flame-base proxy; H4 temporal not fitted
B4_M02,B4,B4_formal_event,uav-06,B4_road_pile,B4_tree_pile,2,uav-08|uav-09,171.7513139565381,1733.9803111362692,1562.228997179731,B4_road_pile,True,manual_scene_topology_independent_of_ray_residual,H2_two_uav_nominal_geometry,same time candidate; manual flame-base proxy; H4 temporal not fitted
B4_M02,B4,B4_formal_event,uav-06,B4_tree_pile,B4_road_pile,2,uav-08|uav-09,664.4749340648722,1774.3858091287798,1109.9108750639075,B4_tree_pile,True,manual_scene_topology_independent_of_ray_residual,H2_two_uav_nominal_geometry,same time candidate; manual flame-base proxy; H4 temporal not fitted
B4_M02,B4,B4_formal_event,uav-06,B4_road_pile,B4_tree_pile,3,uav-01|uav-02|uav-08,414.83638088805856,1798.7682496463226,1383.931868758264,B4_road_pile,True,manual_scene_topology_independent_of_ray_residual,H3_multiuav_nominal_consensus,same time candidate; manual flame-base proxy; H4 temporal not fitted
B4_M02,B4,B4_formal_event,uav-06,B4_tree_pile,B4_road_pile,3,uav-01|uav-02|uav-08,586.8414678927498,1686.5427530869354,1099.7012851941854,B4_tree_pile,True,manual_scene_topology_independent_of_ray_residual,H3_multiuav_nominal_consensus,same time candidate; manual flame-base proxy; H4 temporal not fitted
B4_M02,B4,B4_formal_event,uav-06,B4_road_pile,B4_tree_pile,3,uav-01|uav-02|uav-09,431.684532102008,1738.5116391499741,1306.8271070479661,B4_road_pile,True,manual_scene_topology_independent_of_ray_residual,H3_multiuav_nominal_consensus,same time candidate; manual flame-base proxy; H4 temporal not fitted
B4_M02,B4,B4_formal_event,uav-06,B4_tree_pile,B4_road_pile,3,uav-01|uav-02|uav-09,592.3706758427188,1802.3276175957644,1209.9569417530456,B4_tree_pile,True,manual_scene_topology_independent_of_ray_residual,H3_multiuav_nominal_consensus,same time candidate; manual flame-base proxy; H4 temporal not fitted
B4_M02,B4,B4_formal_event,uav-06,B4_road_pile,B4_tree_pile,3,uav-01|uav-08|uav-09,436.3342363772498,1734.8807015512712,1298.5464651740213,B4_road_pile,True,manual_scene_topology_independent_of_ray_residual,H3_multiuav_nominal_consensus,same time candidate; manual flame-base proxy; H4 temporal not fitted
B4_M02,B4,B4_formal_event,uav-06,B4_tree_pile,B4_road_pile,3,uav-01|uav-08|uav-09,648.7205904032216,1742.2155262749818,1093.4949358717602,B4_tree_pile,True,manual_scene_topology_independent_of_ray_residual,H3_multiuav_nominal_consensus,same time candidate; manual flame-base proxy; H4 temporal not fitted
B4_M02,B4,B4_formal_event,uav-06,B4_road_pile,B4_tree_pile,3,uav-02|uav-08|uav-09,302.8914363779587,1718.3880897996064,1415.4966534216478,B4_road_pile,True,manual_scene_topology_independent_of_ray_residual,H3_multiuav_nominal_consensus,same time candidate; manual flame-base proxy; H4 temporal not fitted
B4_M02,B4,B4_formal_event,uav-06,B4_tree_pile,B4_road_pile,3,uav-02|uav-08|uav-09,549.5107463372876,1769.2343749395156,1219.723628602228,B4_tree_pile,True,manual_scene_topology_independent_of_ray_residual,H3_multiuav_nominal_consensus,same time candidate; manual flame-base proxy; H4 temporal not fitted
B4_M02,B4,B4_formal_event,uav-06,B4_road_pile,B4_tree_pile,4,uav-01|uav-02|uav-08|uav-09,406.50108076596854,1750.8545912752904,1344.353510509322,B4_road_pile,True,manual_scene_topology_independent_of_ray_residual,H3_multiuav_nominal_consensus,same time candidate; manual flame-base proxy; H4 temporal not fitted
B4_M02,B4,B4_formal_event,uav-06,B4_tree_pile,B4_road_pile,4,uav-01|uav-02|uav-08|uav-09,595.2196947478632,1743.9686812291352,1148.748986481272,B4_tree_pile,True,manual_scene_topology_independent_of_ray_residual,H3_multiuav_nominal_consensus,same time candidate; manual flame-base proxy; H4 temporal not fitted
B4_M02,B4,B4_formal_event,uav-08,B4_road_pile,B4_tree_pile,2,uav-01|uav-02,69.27493980786416,821.6915997041602,752.4166598962961,B4_road_pile,True,manual_scene_topology_independent_of_ray_residual,H2_two_uav_nominal_geometry,same time candidate; manual flame-base proxy; H4 temporal not fitted
B4_M02,B4,B4_formal_event,uav-08,B4_tree_pile,B4_road_pile,2,uav-01|uav-02,31.32769748237865,866.398784692605,835.0710872102263,B4_tree_pile,True,manual_scene_topology_independent_of_ray_residual,H2_two_uav_nominal_geometry,same time candidate; manual flame-base proxy; H4 temporal not fitted
B4_M02,B4,B4_formal_event,uav-08,B4_road_pile,B4_tree_pile,2,uav-01|uav-06,115.51744067163798,811.9403676074983,696.4229269358602,B4_road_pile,True,manual_scene_topology_independent_of_ray_residual,H2_two_uav_nominal_geometry,same time candidate; manual flame-base proxy; H4 temporal not fitted
B4_M02,B4,B4_formal_event,uav-08,B4_tree_pile,B4_road_pile,2,uav-01|uav-06,96.93619980216702,827.0071002013152,730.0709003991482,B4_tree_pile,True,manual_scene_topology_independent_of_ray_residual,H2_two_uav_nominal_geometry,same time candidate; manual flame-base proxy; H4 temporal not fitted
B4_M02,B4,B4_formal_event,uav-08,B4_road_pile,B4_tree_pile,2,uav-01|uav-09,107.61359158736404,741.1118509593289,633.4982593719649,B4_road_pile,True,manual_scene_topology_independent_of_ray_residual,H2_two_uav_nominal_geometry,same time candidate; manual flame-base proxy; H4 temporal not fitted
B4_M02,B4,B4_formal_event,uav-08,B4_tree_pile,B4_road_pile,2,uav-01|uav-09,67.28495192513078,900.6244520571369,833.339500132006,B4_tree_pile,True,manual_scene_topology_independent_of_ray_residual,H2_two_uav_nominal_geometry,same time candidate; manual flame-base proxy; H4 temporal not fitted
B4_M02,B4,B4_formal_event,uav-08,B4_road_pile,B4_tree_pile,2,uav-02|uav-06,63.64290524424157,787.8547900490958,724.2118848048542,B4_road_pile,True,manual_scene_topology_independent_of_ray_residual,H2_two_uav_nominal_geometry,same time candidate; manual flame-base proxy; H4 temporal not fitted
B4_M02,B4,B4_formal_event,uav-08,B4_tree_pile,B4_road_pile,2,uav-02|uav-06,31.342485163668698,846.5077660946291,815.1652809309604,B4_tree_pile,True,manual_scene_topology_independent_of_ray_residual,H2_two_uav_nominal_geometry,same time candidate; manual flame-base proxy; H4 temporal not fitted
B4_M02,B4,B4_formal_event,uav-08,B4_road_pile,B4_tree_pile,2,uav-02|uav-09,97.70480458852975,765.4762262285642,667.7714216400344,B4_road_pile,True,manual_scene_topology_independent_of_ray_residual,H2_two_uav_nominal_geometry,same time candidate; manual flame-base proxy; H4 temporal not fitted
B4_M02,B4,B4_formal_event,uav-08,B4_tree_pile,B4_road_pile,2,uav-02|uav-09,40.08904505499933,884.5810855147444,844.492040459745,B4_tree_pile,True,manual_scene_topology_independent_of_ray_residual,H2_two_uav_nominal_geometry,same time candidate; manual flame-base proxy; H4 temporal not fitted
B4_M02,B4,B4_formal_event,uav-08,B4_road_pile,B4_tree_pile,2,uav-06|uav-09,50.9389906516821,704.6383731510592,653.6993824993772,B4_road_pile,True,manual_scene_topology_independent_of_ray_residual,H2_two_uav_nominal_geometry,same time candidate; manual flame-base proxy; H4 temporal not fitted
B4_M02,B4,B4_formal_event,uav-08,B4_tree_pile,B4_road_pile,2,uav-06|uav-09,155.27084518654456,854.6287389743713,699.3578937878268,B4_tree_pile,True,manual_scene_topology_independent_of_ray_residual,H2_two_uav_nominal_geometry,same time candidate; manual flame-base proxy; H4 temporal not fitted
B4_M02,B4,B4_formal_event,uav-08,B4_road_pile,B4_tree_pile,3,uav-01|uav-02|uav-06,76.73207209569918,795.0305282966326,718.2984562009334,B4_road_pile,True,manual_scene_topology_independent_of_ray_residual,H3_multiuav_nominal_consensus,same time candidate; manual flame-base proxy; H4 temporal not fitted
B4_M02,B4,B4_formal_event,uav-08,B4_tree_pile,B4_road_pile,3,uav-01|uav-02|uav-06,65.75943914520674,848.1997723528647,782.4403332076579,B4_tree_pile,True,manual_scene_topology_independent_of_ray_residual,H3_multiuav_nominal_consensus,same time candidate; manual flame-base proxy; H4 temporal not fitted
B4_M02,B4,B4_formal_event,uav-08,B4_road_pile,B4_tree_pile,3,uav-01|uav-02|uav-09,76.97850637874102,778.332856604224,701.354350225483,B4_road_pile,True,manual_scene_topology_independent_of_ray_residual,H3_multiuav_nominal_consensus,same time candidate; manual flame-base proxy; H4 temporal not fitted
B4_M02,B4,B4_formal_event,uav-08,B4_tree_pile,B4_road_pile,3,uav-01|uav-02|uav-09,26.699135734801306,878.643166800154,851.9440310653526,B4_tree_pile,True,manual_scene_topology_independent_of_ray_residual,H3_multiuav_nominal_consensus,same time candidate; manual flame-base proxy; H4 temporal not fitted
B4_M02,B4,B4_formal_event,uav-08,B4_road_pile,B4_tree_pile,3,uav-01|uav-06|uav-09,53.8726549699711,747.9990491348194,694.1263941648483,B4_road_pile,True,manual_scene_topology_independent_of_ray_residual,H3_multiuav_nominal_consensus,same time candidate; manual flame-base proxy; H4 temporal not fitted
B4_M02,B4,B4_formal_event,uav-08,B4_tree_pile,B4_road_pile,3,uav-01|uav-06|uav-09,98.55060648857194,850.8146401135136,752.2640336249417,B4_tree_pile,True,manual_scene_topology_independent_of_ray_residual,H3_multiuav_nominal_consensus,same time candidate; manual flame-base proxy; H4 temporal not fitted
B4_M02,B4,B4_formal_event,uav-08,B4_road_pile,B4_tree_pile,3,uav-02|uav-06|uav-09,67.86892680569304,739.0219295285826,671.1530027228896,B4_road_pile,True,manual_scene_topology_independent_of_ray_residual,H3_multiuav_nominal_consensus,same time candidate; manual flame-base proxy; H4 temporal not fitted
B4_M02,B4,B4_formal_event,uav-08,B4_tree_pile,B4_road_pile,3,uav-02|uav-06|uav-09,82.26728648984329,862.8508333652079,780.5835468753646,B4_tree_pile,True,manual_scene_topology_independent_of_ray_residual,H3_multiuav_nominal_consensus,same time candidate; manual flame-base proxy; H4 temporal not fitted
B4_M02,B4,B4_formal_event,uav-08,B4_road_pile,B4_tree_pile,4,uav-01|uav-02|uav-06|uav-09,54.66412250468242,763.3044013697389,708.6402788650565,B4_road_pile,True,manual_scene_topology_independent_of_ray_residual,H3_multiuav_nominal_consensus,same time candidate; manual flame-base proxy; H4 temporal not fitted
B4_M02,B4,B4_formal_event,uav-08,B4_tree_pile,B4_road_pile,4,uav-01|uav-02|uav-06|uav-09,68.02889486477231,858.6281335666774,790.5992387019052,B4_tree_pile,True,manual_scene_topology_independent_of_ray_residual,H3_multiuav_nominal_consensus,same time candidate; manual flame-base proxy; H4 temporal not fitted
B4_M02,B4,B4_formal_event,uav-09,B4_road_pile,B4_tree_pile,2,uav-01|uav-02,214.77887442645496,1469.1514464949869,1254.372572068532,B4_road_pile,True,manual_scene_topology_independent_of_ray_residual,H2_two_uav_nominal_geometry,same time candidate; manual flame-base proxy; H4 temporal not fitted
B4_M02,B4,B4_formal_event,uav-09,B4_tree_pile,B4_road_pile,2,uav-01|uav-02,172.42037524655737,1266.8039029715658,1094.3835277250084,B4_tree_pile,True,manual_scene_topology_independent_of_ray_residual,H2_two_uav_nominal_geometry,same time candidate; manual flame-base proxy; H4 temporal not fitted
B4_M02,B4,B4_formal_event,uav-09,B4_road_pile,B4_tree_pile,2,uav-01|uav-06,304.11245042439106,1518.0024282112,1213.889977786809,B4_road_pile,True,manual_scene_topology_independent_of_ray_residual,H2_two_uav_nominal_geometry,same time candidate; manual flame-base proxy; H4 temporal not fitted
B4_M02,B4,B4_formal_event,uav-09,B4_tree_pile,B4_road_pile,2,uav-01|uav-06,218.84887857969179,1164.9089208433854,946.0600422636936,B4_tree_pile,True,manual_scene_topology_independent_of_ray_residual,H2_two_uav_nominal_geometry,same time candidate; manual flame-base proxy; H4 temporal not fitted
B4_M02,B4,B4_formal_event,uav-09,B4_road_pile,B4_tree_pile,2,uav-01|uav-08,212.31616008041786,1428.433662014318,1216.1175019339003,B4_road_pile,True,manual_scene_topology_independent_of_ray_residual,H2_two_uav_nominal_geometry,same time candidate; manual flame-base proxy; H4 temporal not fitted
B4_M02,B4,B4_formal_event,uav-09,B4_tree_pile,B4_road_pile,2,uav-01|uav-08,129.46490234131133,1206.1445921436148,1076.6796898023035,B4_tree_pile,True,manual_scene_topology_independent_of_ray_residual,H2_two_uav_nominal_geometry,same time candidate; manual flame-base proxy; H4 temporal not fitted
B4_M02,B4,B4_formal_event,uav-09,B4_road_pile,B4_tree_pile,2,uav-02|uav-06,87.08828955206897,1532.443890808146,1445.355601256077,B4_road_pile,True,manual_scene_topology_independent_of_ray_residual,H2_two_uav_nominal_geometry,same time candidate; manual flame-base proxy; H4 temporal not fitted
B4_M02,B4,B4_formal_event,uav-09,B4_tree_pile,B4_road_pile,2,uav-02|uav-06,283.8329531188256,1242.6660799822823,958.8331268634568,B4_tree_pile,True,manual_scene_topology_independent_of_ray_residual,H2_two_uav_nominal_geometry,same time candidate; manual flame-base proxy; H4 temporal not fitted
B4_M02,B4,B4_formal_event,uav-09,B4_road_pile,B4_tree_pile,2,uav-02|uav-08,185.3409921436846,1460.2382498568886,1274.897257713204,B4_road_pile,True,manual_scene_topology_independent_of_ray_residual,H2_two_uav_nominal_geometry,same time candidate; manual flame-base proxy; H4 temporal not fitted
B4_M02,B4,B4_formal_event,uav-09,B4_tree_pile,B4_road_pile,2,uav-02|uav-08,144.91266477419308,1217.68060292396,1072.767938149767,B4_tree_pile,True,manual_scene_topology_independent_of_ray_residual,H2_two_uav_nominal_geometry,same time candidate; manual flame-base proxy; H4 temporal not fitted
B4_M02,B4,B4_formal_event,uav-09,B4_road_pile,B4_tree_pile,2,uav-06|uav-08,156.5936222390306,1635.0993918031486,1478.505769564118,B4_road_pile,True,manual_scene_topology_independent_of_ray_residual,H2_two_uav_nominal_geometry,same time candidate; manual flame-base proxy; H4 temporal not fitted
B4_M02,B4,B4_formal_event,uav-09,B4_tree_pile,B4_road_pile,2,uav-06|uav-08,375.73456949466015,1158.9400058032588,783.2054363085987,B4_tree_pile,True,manual_scene_topology_independent_of_ray_residual,H2_two_uav_nominal_geometry,same time candidate; manual flame-base proxy; H4 temporal not fitted
B4_M02,B4,B4_formal_event,uav-09,B4_road_pile,B4_tree_pile,3,uav-01|uav-02|uav-06,232.62080560347871,1473.132129513881,1240.5113239104023,B4_road_pile,True,manual_scene_topology_independent_of_ray_residual,H3_multiuav_nominal_consensus,same time candidate; manual flame-base proxy; H4 temporal not fitted
B4_M02,B4,B4_formal_event,uav-09,B4_tree_pile,B4_road_pile,3,uav-01|uav-02|uav-06,169.55301663350522,1219.1857711957502,1049.632754562245,B4_tree_pile,True,manual_scene_topology_independent_of_ray_residual,H3_multiuav_nominal_consensus,same time candidate; manual flame-base proxy; H4 temporal not fitted
B4_M02,B4,B4_formal_event,uav-09,B4_road_pile,B4_tree_pile,3,uav-01|uav-02|uav-08,203.6560439761406,1454.3780998448585,1250.722055868718,B4_road_pile,True,manual_scene_topology_independent_of_ray_residual,H3_multiuav_nominal_consensus,same time candidate; manual flame-base proxy; H4 temporal not fitted
B4_M02,B4,B4_formal_event,uav-09,B4_tree_pile,B4_road_pile,3,uav-01|uav-02|uav-08,151.56338476066296,1231.7931757642275,1080.2297910035645,B4_tree_pile,True,manual_scene_topology_independent_of_ray_residual,H3_multiuav_nominal_consensus,same time candidate; manual flame-base proxy; H4 temporal not fitted
B4_M02,B4,B4_formal_event,uav-09,B4_road_pile,B4_tree_pile,3,uav-01|uav-06|uav-08,226.80646400360743,1523.2247118971152,1296.4182478935077,B4_road_pile,True,manual_scene_topology_independent_of_ray_residual,H3_multiuav_nominal_consensus,same time candidate; manual flame-base proxy; H4 temporal not fitted
B4_M02,B4,B4_formal_event,uav-09,B4_tree_pile,B4_road_pile,3,uav-01|uav-06|uav-08,208.61937151288348,1166.4303560154258,957.8109845025423,B4_tree_pile,True,manual_scene_topology_independent_of_ray_residual,H3_multiuav_nominal_consensus,same time candidate; manual flame-base proxy; H4 temporal not fitted
B4_M02,B4,B4_formal_event,uav-09,B4_road_pile,B4_tree_pile,3,uav-02|uav-06|uav-08,110.86876239500468,1530.135856261437,1419.2670938664323,B4_road_pile,True,manual_scene_topology_independent_of_ray_residual,H3_multiuav_nominal_consensus,same time candidate; manual flame-base proxy; H4 temporal not fitted
B4_M02,B4,B4_formal_event,uav-09,B4_tree_pile,B4_road_pile,3,uav-02|uav-06|uav-08,259.4398112635285,1208.5028731681687,949.0630619046401,B4_tree_pile,True,manual_scene_topology_independent_of_ray_residual,H3_multiuav_nominal_consensus,same time candidate; manual flame-base proxy; H4 temporal not fitted
B4_M02,B4,B4_formal_event,uav-09,B4_road_pile,B4_tree_pile,4,uav-01|uav-02|uav-06|uav-08,197.6642564243269,1484.954153884671,1287.2898974603443,B4_road_pile,True,manual_scene_topology_independent_of_ray_residual,H3_multiuav_nominal_consensus,same time candidate; manual flame-base proxy; H4 temporal not fitted
B4_M02,B4,B4_formal_event,uav-09,B4_tree_pile,B4_road_pile,4,uav-01|uav-02|uav-06|uav-08,170.59409338923132,1204.7182763074443,1034.124182918213,B4_tree_pile,True,manual_scene_topology_independent_of_ray_residual,H3_multiuav_nominal_consensus,same time candidate; manual flame-base proxy; H4 temporal not fitted
