sequence_id,sequence_frame_index,timestamp_pts,pts_status,source_video,batch,session,sample_id,image_path,annotation_available
B3_10m07_D02_pts_v2,000001,53.0196,decoded frame PTS,@raw/03_第三批_20260908_1006_多火点/01_正式视频/无人机02_1581F7K3C267500D2DQD/DJI_202609080957_005/DJI_20260908100606_0001_V.MP4,B3,DJI_202609080957_005,8123045db986a395a13c0b591d761f33e75e7f58dcb122c9b37e27b896be861d,data/images/8123045db986a395a13c0b591d761f33e75e7f58dcb122c9b37e27b896be861d.jpg,False
B3_10m07_D02_pts_v2,000002,53.2198,decoded frame PTS,@raw/03_第三批_20260908_1006_多火点/01_正式视频/无人机02_1581F7K3C267500D2DQD/DJI_202609080957_005/DJI_20260908100606_0001_V.MP4,B3,DJI_202609080957_005,1ffa17a340bde90ae81aa9f84342818da3b8820e36dc7ffd8b0d6de1b1bdd4e2,data/images/1ffa17a340bde90ae81aa9f84342818da3b8820e36dc7ffd8b0d6de1b1bdd4e2.jpg,False
B3_10m07_D02_pts_v2,000003,53.42,decoded frame PTS,@raw/03_第三批_20260908_1006_多火点/01_正式视频/无人机02_1581F7K3C267500D2DQD/DJI_202609080957_005/DJI_20260908100606_0001_V.MP4,B3,DJI_202609080957_005,2bc15352a014006fd929893a42e840bcf30a71cd11b008c09d22347379306087,data/images/2bc15352a014006fd929893a42e840bcf30a71cd11b008c09d22347379306087.jpg,False
B3_10m07_D02_pts_v2,000004,53.6202,decoded frame PTS,@raw/03_第三批_20260908_1006_多火点/01_正式视频/无人机02_1581F7K3C267500D2DQD/DJI_202609080957_005/DJI_20260908100606_0001_V.MP4,B3,DJI_202609080957_005,bd5826451b5e858a3e3591c88d393989a17438f87931f2a1049b4e57ea1bbe1f,data/images/bd5826451b5e858a3e3591c88d393989a17438f87931f2a1049b4e57ea1bbe1f.jpg,False
B3_10m07_D02_pts_v2,000005,53.8204,decoded frame PTS,@raw/03_第三批_20260908_1006_多火点/01_正式视频/无人机02_1581F7K3C267500D2DQD/DJI_202609080957_005/DJI_20260908100606_0001_V.MP4,B3,DJI_202609080957_005,60136adff808289f968f49b1987cec63120b654cc2854ac533681c9cdb7ae3e6,data/images/60136adff808289f968f49b1987cec63120b654cc2854ac533681c9cdb7ae3e6.jpg,False
B3_10m07_D02_pts_v2,000006,54.0206,decoded frame PTS,@raw/03_第三批_20260908_1006_多火点/01_正式视频/无人机02_1581F7K3C267500D2DQD/DJI_202609080957_005/DJI_20260908100606_0001_V.MP4,B3,DJI_202609080957_005,938e898a8e484bb04a2466a3191458b329870e155981c0205e04a7a2b3734d1b,data/images/938e898a8e484bb04a2466a3191458b329870e155981c0205e04a7a2b3734d1b.jpg,False
B3_10m07_D02_pts_v2,000007,54.2208,decoded frame PTS,@raw/03_第三批_20260908_1006_多火点/01_正式视频/无人机02_1581F7K3C267500D2DQD/DJI_202609080957_005/DJI_20260908100606_0001_V.MP4,B3,DJI_202609080957_005,8cf4c63243eefd3768270a7da22d10124d8750ff5d3077672c3c13761e4fba6a,data/images/8cf4c63243eefd3768270a7da22d10124d8750ff5d3077672c3c13761e4fba6a.jpg,False
B3_10m07_D02_pts_v2,000008,54.421,decoded frame PTS,@raw/03_第三批_20260908_1006_多火点/01_正式视频/无人机02_1581F7K3C267500D2DQD/DJI_202609080957_005/DJI_20260908100606_0001_V.MP4,B3,DJI_202609080957_005,168f9f361bf83c22d5e22365de9bf90d9dd26e1ff19e3c8779668393c1a82054,data/images/168f9f361bf83c22d5e22365de9bf90d9dd26e1ff19e3c8779668393c1a82054.jpg,False
B3_10m07_D02_pts_v2,000009,54.6212,decoded frame PTS,@raw/03_第三批_20260908_1006_多火点/01_正式视频/无人机02_1581F7K3C267500D2DQD/DJI_202609080957_005/DJI_20260908100606_0001_V.MP4,B3,DJI_202609080957_005,8351a8feaf54940a5715e71c88a50ac0ff746a7656f2b87ff91d71bcf3d29499,data/images/8351a8feaf54940a5715e71c88a50ac0ff746a7656f2b87ff91d71bcf3d29499.jpg,False
B3_10m07_D02_pts_v2,000010,54.8214,decoded frame PTS,@raw/03_第三批_20260908_1006_多火点/01_正式视频/无人机02_1581F7K3C267500D2DQD/DJI_202609080957_005/DJI_20260908100606_0001_V.MP4,B3,DJI_202609080957_005,e622dfc7ac302bacaff0d042045592194a156bdc89f79217f55225da83366ac0,data/images/e622dfc7ac302bacaff0d042045592194a156bdc89f79217f55225da83366ac0.jpg,False
B3_10m07_D02_pts_v2,000011,55.0216,decoded frame PTS,@raw/03_第三批_20260908_1006_多火点/01_正式视频/无人机02_1581F7K3C267500D2DQD/DJI_202609080957_005/DJI_20260908100606_0001_V.MP4,B3,DJI_202609080957_005,5531fb018cc50a13cae2993341312b2e1cc027ce8ae86673abe5c611abca8a5a,data/images/5531fb018cc50a13cae2993341312b2e1cc027ce8ae86673abe5c611abca8a5a.jpg,False
B3_10m07_D02_pts_v2,000012,55.2218,decoded frame PTS,@raw/03_第三批_20260908_1006_多火点/01_正式视频/无人机02_1581F7K3C267500D2DQD/DJI_202609080957_005/DJI_20260908100606_0001_V.MP4,B3,DJI_202609080957_005,40afd61fbd4a8172b0e6024147e5f78ae91c526f9777548008e56699dfcdb055,data/images/40afd61fbd4a8172b0e6024147e5f78ae91c526f9777548008e56699dfcdb055.jpg,False
B3_10m07_D02_pts_v2,000013,55.422,decoded frame PTS,@raw/03_第三批_20260908_1006_多火点/01_正式视频/无人机02_1581F7K3C267500D2DQD/DJI_202609080957_005/DJI_20260908100606_0001_V.MP4,B3,DJI_202609080957_005,6b7419d01446ce1c6a049ee3817a38dd51b05f1e6464f5fa48bb6a0aab0bec7b,data/images/6b7419d01446ce1c6a049ee3817a38dd51b05f1e6464f5fa48bb6a0aab0bec7b.jpg,False
B3_10m07_D02_pts_v2,000014,55.6222,decoded frame PTS,@raw/03_第三批_20260908_1006_多火点/01_正式视频/无人机02_1581F7K3C267500D2DQD/DJI_202609080957_005/DJI_20260908100606_0001_V.MP4,B3,DJI_202609080957_005,c42cf69c6354a62f161928f4856aaae88c0c6ae22bf4e8603c013fab7a494faa,data/images/c42cf69c6354a62f161928f4856aaae88c0c6ae22bf4e8603c013fab7a494faa.jpg,False
B3_10m07_D02_pts_v2,000015,55.8224,decoded frame PTS,@raw/03_第三批_20260908_1006_多火点/01_正式视频/无人机02_1581F7K3C267500D2DQD/DJI_202609080957_005/DJI_20260908100606_0001_V.MP4,B3,DJI_202609080957_005,40cee0f822f0f82a17c9a3028cc48f3050d6114f99d23061db2635866e10c3ed,data/images/40cee0f822f0f82a17c9a3028cc48f3050d6114f99d23061db2635866e10c3ed.jpg,False
B3_10m07_D02_pts_v2,000016,56.0226,decoded frame PTS,@raw/03_第三批_20260908_1006_多火点/01_正式视频/无人机02_1581F7K3C267500D2DQD/DJI_202609080957_005/DJI_20260908100606_0001_V.MP4,B3,DJI_202609080957_005,bb656ce13cc5470340d013f435e2b10002a4841b44bb855be02d28bc30071dbd,data/images/bb656ce13cc5470340d013f435e2b10002a4841b44bb855be02d28bc30071dbd.jpg,False
B3_10m07_D02_pts_v2,000017,56.2228,decoded frame PTS,@raw/03_第三批_20260908_1006_多火点/01_正式视频/无人机02_1581F7K3C267500D2DQD/DJI_202609080957_005/DJI_20260908100606_0001_V.MP4,B3,DJI_202609080957_005,874a45c97e7cebeac5745cecd49304f545f64a404af3ea5faf1bcad96d6faf4b,data/images/874a45c97e7cebeac5745cecd49304f545f64a404af3ea5faf1bcad96d6faf4b.jpg,False
B3_10m07_D02_pts_v2,000018,56.423,decoded frame PTS,@raw/03_第三批_20260908_1006_多火点/01_正式视频/无人机02_1581F7K3C267500D2DQD/DJI_202609080957_005/DJI_20260908100606_0001_V.MP4,B3,DJI_202609080957_005,ed8be314679ba7cd972f059a26b49cc70b0a3f333f76904d969265c9332f1fbf,data/images/ed8be314679ba7cd972f059a26b49cc70b0a3f333f76904d969265c9332f1fbf.jpg,False
B3_10m07_D02_pts_v2,000019,56.6232,decoded frame PTS,@raw/03_第三批_20260908_1006_多火点/01_正式视频/无人机02_1581F7K3C267500D2DQD/DJI_202609080957_005/DJI_20260908100606_0001_V.MP4,B3,DJI_202609080957_005,8a2b4404c3579f8484c753d6e561c8968d0bb68708a47d6486ff5547b11ae105,data/images/8a2b4404c3579f8484c753d6e561c8968d0bb68708a47d6486ff5547b11ae105.jpg,False
B3_10m07_D02_pts_v2,000020,56.8234,decoded frame PTS,@raw/03_第三批_20260908_1006_多火点/01_正式视频/无人机02_1581F7K3C267500D2DQD/DJI_202609080957_005/DJI_20260908100606_0001_V.MP4,B3,DJI_202609080957_005,2b5b22f8c187c9094bd6fc14e9a202cf79b0c08574d3e3c4211e141c0e80aabf,data/images/2b5b22f8c187c9094bd6fc14e9a202cf79b0c08574d3e3c4211e141c0e80aabf.jpg,False
B3_10m07_D02_pts_v2,000021,57.0236,decoded frame PTS,@raw/03_第三批_20260908_1006_多火点/01_正式视频/无人机02_1581F7K3C267500D2DQD/DJI_202609080957_005/DJI_20260908100606_0001_V.MP4,B3,DJI_202609080957_005,0020c3de629bd72038062cef989470d18d434fd21460be878df14d922b42752d,data/images/0020c3de629bd72038062cef989470d18d434fd21460be878df14d922b42752d.jpg,False
B3_10m07_D02_pts_v2,000022,57.2238,decoded frame PTS,@raw/03_第三批_20260908_1006_多火点/01_正式视频/无人机02_1581F7K3C267500D2DQD/DJI_202609080957_005/DJI_20260908100606_0001_V.MP4,B3,DJI_202609080957_005,0dde7a05200afbffe8da6821775920cfc7adf7972692bbb0b5114651108f149f,data/images/0dde7a05200afbffe8da6821775920cfc7adf7972692bbb0b5114651108f149f.jpg,False
B3_10m07_D02_pts_v2,000023,57.424,decoded frame PTS,@raw/03_第三批_20260908_1006_多火点/01_正式视频/无人机02_1581F7K3C267500D2DQD/DJI_202609080957_005/DJI_20260908100606_0001_V.MP4,B3,DJI_202609080957_005,32d4b1edc631c067d953268dbf024a6fef32f9718ec346531f1026937edc6257,data/images/32d4b1edc631c067d953268dbf024a6fef32f9718ec346531f1026937edc6257.jpg,False
B3_10m07_D02_pts_v2,000024,57.6242,decoded frame PTS,@raw/03_第三批_20260908_1006_多火点/01_正式视频/无人机02_1581F7K3C267500D2DQD/DJI_202609080957_005/DJI_20260908100606_0001_V.MP4,B3,DJI_202609080957_005,18d30185f604e5473308dbcc39b3e0f6ba1d743c8c1a7a7b18f72c3cbe6dd58b,data/images/18d30185f604e5473308dbcc39b3e0f6ba1d743c8c1a7a7b18f72c3cbe6dd58b.jpg,False
B3_10m07_D02_pts_v2,000025,57.8244,decoded frame PTS,@raw/03_第三批_20260908_1006_多火点/01_正式视频/无人机02_1581F7K3C267500D2DQD/DJI_202609080957_005/DJI_20260908100606_0001_V.MP4,B3,DJI_202609080957_005,dc736ec2b4a82388154ed436cd4527c422e2e6e8d05de882576fe076e8f2a8e6,data/images/dc736ec2b4a82388154ed436cd4527c422e2e6e8d05de882576fe076e8f2a8e6.jpg,False
B3_10m07_D02_pts_v2,000026,58.0246,decoded frame PTS,@raw/03_第三批_20260908_1006_多火点/01_正式视频/无人机02_1581F7K3C267500D2DQD/DJI_202609080957_005/DJI_20260908100606_0001_V.MP4,B3,DJI_202609080957_005,62bb4f4ad53ae2638ae0ba2ce9fefd9a24b059f936db9d1bbceff05aa3a2e6b4,data/images/62bb4f4ad53ae2638ae0ba2ce9fefd9a24b059f936db9d1bbceff05aa3a2e6b4.jpg,False
B3_10m07_D02_pts_v2,000027,58.2248,decoded frame PTS,@raw/03_第三批_20260908_1006_多火点/01_正式视频/无人机02_1581F7K3C267500D2DQD/DJI_202609080957_005/DJI_20260908100606_0001_V.MP4,B3,DJI_202609080957_005,9e0e7af97085ed0d9b83008ef47ec44ad7cd2beb76d855051f5c9d89adc114c1,data/images/9e0e7af97085ed0d9b83008ef47ec44ad7cd2beb76d855051f5c9d89adc114c1.jpg,False
B3_10m07_D02_pts_v2,000028,58.425,decoded frame PTS,@raw/03_第三批_20260908_1006_多火点/01_正式视频/无人机02_1581F7K3C267500D2DQD/DJI_202609080957_005/DJI_20260908100606_0001_V.MP4,B3,DJI_202609080957_005,54ee16cd36c1d3249739d9c4291d332ea118cc8404d934606dd21bf8af387cd0,data/images/54ee16cd36c1d3249739d9c4291d332ea118cc8404d934606dd21bf8af387cd0.jpg,False
B3_10m07_D02_pts_v2,000029,58.6252,decoded frame PTS,@raw/03_第三批_20260908_1006_多火点/01_正式视频/无人机02_1581F7K3C267500D2DQD/DJI_202609080957_005/DJI_20260908100606_0001_V.MP4,B3,DJI_202609080957_005,43b521bcc7f0105d31bd52ae8fb7aa41391735af47d08f470dd6c16f40364cd2,data/images/43b521bcc7f0105d31bd52ae8fb7aa41391735af47d08f470dd6c16f40364cd2.jpg,False
B3_10m07_D02_pts_v2,000030,58.8254,decoded frame PTS,@raw/03_第三批_20260908_1006_多火点/01_正式视频/无人机02_1581F7K3C267500D2DQD/DJI_202609080957_005/DJI_20260908100606_0001_V.MP4,B3,DJI_202609080957_005,248da98abd0c609539403403d23c6e15994cde8ccaef19bd0127023c47e11b38,data/images/248da98abd0c609539403403d23c6e15994cde8ccaef19bd0127023c47e11b38.jpg,False
B3_10m07_D02_pts_v2,000031,59.0256,decoded frame PTS,@raw/03_第三批_20260908_1006_多火点/01_正式视频/无人机02_1581F7K3C267500D2DQD/DJI_202609080957_005/DJI_20260908100606_0001_V.MP4,B3,DJI_202609080957_005,bcc10dd77dbd43006a77049ba6e6239928986c21c7e53475d530e89da1cd875a,data/images/bcc10dd77dbd43006a77049ba6e6239928986c21c7e53475d530e89da1cd875a.jpg,False
B3_10m07_D02_pts_v2,000032,59.2258,decoded frame PTS,@raw/03_第三批_20260908_1006_多火点/01_正式视频/无人机02_1581F7K3C267500D2DQD/DJI_202609080957_005/DJI_20260908100606_0001_V.MP4,B3,DJI_202609080957_005,574537c68e6f4192094bc67459853eee6ea8480fd0d4c579b0ebd7861a1f9fab,data/images/574537c68e6f4192094bc67459853eee6ea8480fd0d4c579b0ebd7861a1f9fab.jpg,False
B3_10m07_D02_pts_v2,000033,59.426,decoded frame PTS,@raw/03_第三批_20260908_1006_多火点/01_正式视频/无人机02_1581F7K3C267500D2DQD/DJI_202609080957_005/DJI_20260908100606_0001_V.MP4,B3,DJI_202609080957_005,f3e309ed3cc209645ad0af1f82c67179958e05f304c52b0f5f06c0a2b8ecb457,data/images/f3e309ed3cc209645ad0af1f82c67179958e05f304c52b0f5f06c0a2b8ecb457.jpg,False
B3_10m07_D02_pts_v2,000034,59.6262,decoded frame PTS,@raw/03_第三批_20260908_1006_多火点/01_正式视频/无人机02_1581F7K3C267500D2DQD/DJI_202609080957_005/DJI_20260908100606_0001_V.MP4,B3,DJI_202609080957_005,1bf3b2b30044869a467fe98329a8528338a440a3457f1cfa0845a41378e73914,data/images/1bf3b2b30044869a467fe98329a8528338a440a3457f1cfa0845a41378e73914.jpg,False
B3_10m07_D02_pts_v2,000035,59.8264,decoded frame PTS,@raw/03_第三批_20260908_1006_多火点/01_正式视频/无人机02_1581F7K3C267500D2DQD/DJI_202609080957_005/DJI_20260908100606_0001_V.MP4,B3,DJI_202609080957_005,4696e4d380dda3d1a059e35527cf989b5657da8245b4c03e6752531079dc76f6,data/images/4696e4d380dda3d1a059e35527cf989b5657da8245b4c03e6752531079dc76f6.jpg,False
B3_10m07_D02_pts_v2,000036,60.0266,decoded frame PTS,@raw/03_第三批_20260908_1006_多火点/01_正式视频/无人机02_1581F7K3C267500D2DQD/DJI_202609080957_005/DJI_20260908100606_0001_V.MP4,B3,DJI_202609080957_005,9bc2cd179fd01e82f9646921a97ec98e60a841b15bcf77e7f3918271752a5021,data/images/9bc2cd179fd01e82f9646921a97ec98e60a841b15bcf77e7f3918271752a5021.jpg,False
B3_10m07_D02_pts_v2,000037,60.2268,decoded frame PTS,@raw/03_第三批_20260908_1006_多火点/01_正式视频/无人机02_1581F7K3C267500D2DQD/DJI_202609080957_005/DJI_20260908100606_0001_V.MP4,B3,DJI_202609080957_005,933de844495cb6e80fe05bfc0c732040d6040a2d09cd6462d7b044808e222618,data/images/933de844495cb6e80fe05bfc0c732040d6040a2d09cd6462d7b044808e222618.jpg,False
B3_10m07_D02_pts_v2,000038,60.427,decoded frame PTS,@raw/03_第三批_20260908_1006_多火点/01_正式视频/无人机02_1581F7K3C267500D2DQD/DJI_202609080957_005/DJI_20260908100606_0001_V.MP4,B3,DJI_202609080957_005,89d4c41d959e698a7300fe34dc453353bbbbbb4c7086f628f2751ea2d5913e8a,data/images/89d4c41d959e698a7300fe34dc453353bbbbbb4c7086f628f2751ea2d5913e8a.jpg,False
B3_10m07_D02_pts_v2,000039,60.6272,decoded frame PTS,@raw/03_第三批_20260908_1006_多火点/01_正式视频/无人机02_1581F7K3C267500D2DQD/DJI_202609080957_005/DJI_20260908100606_0001_V.MP4,B3,DJI_202609080957_005,cd6066f0324c6066bd3cbe0db09b53e2f989243f3c0863603453fc51151cb8ca,data/images/cd6066f0324c6066bd3cbe0db09b53e2f989243f3c0863603453fc51151cb8ca.jpg,False
B3_10m07_D02_pts_v2,000040,60.8274,decoded frame PTS,@raw/03_第三批_20260908_1006_多火点/01_正式视频/无人机02_1581F7K3C267500D2DQD/DJI_202609080957_005/DJI_20260908100606_0001_V.MP4,B3,DJI_202609080957_005,b032435165368fcd2d4669cd99a09595b56b7188d777b4ad1eee6e4bc5da7511,data/images/b032435165368fcd2d4669cd99a09595b56b7188d777b4ad1eee6e4bc5da7511.jpg,False
B3_10m07_D02_pts_v2,000041,61.0276,decoded frame PTS,@raw/03_第三批_20260908_1006_多火点/01_正式视频/无人机02_1581F7K3C267500D2DQD/DJI_202609080957_005/DJI_20260908100606_0001_V.MP4,B3,DJI_202609080957_005,9bc9c7c95d73a6d5dceaf88867859c6057c0f88b242d1321bf2e581000db0401,data/images/9bc9c7c95d73a6d5dceaf88867859c6057c0f88b242d1321bf2e581000db0401.jpg,False
B3_10m07_D02_pts_v2,000042,61.2278,decoded frame PTS,@raw/03_第三批_20260908_1006_多火点/01_正式视频/无人机02_1581F7K3C267500D2DQD/DJI_202609080957_005/DJI_20260908100606_0001_V.MP4,B3,DJI_202609080957_005,3015d26f18c7f5a7d1cb26301792c1d9431a03035cf0d4b1a35a6aa65ca0861e,data/images/3015d26f18c7f5a7d1cb26301792c1d9431a03035cf0d4b1a35a6aa65ca0861e.jpg,False
B3_10m07_D02_pts_v2,000043,61.428,decoded frame PTS,@raw/03_第三批_20260908_1006_多火点/01_正式视频/无人机02_1581F7K3C267500D2DQD/DJI_202609080957_005/DJI_20260908100606_0001_V.MP4,B3,DJI_202609080957_005,83e21c9432eccf0ff33cbf5c52c445b6ff671cbefcdef6dac8dff131fe692b90,data/images/83e21c9432eccf0ff33cbf5c52c445b6ff671cbefcdef6dac8dff131fe692b90.jpg,False
B3_10m07_D02_pts_v2,000044,61.6282,decoded frame PTS,@raw/03_第三批_20260908_1006_多火点/01_正式视频/无人机02_1581F7K3C267500D2DQD/DJI_202609080957_005/DJI_20260908100606_0001_V.MP4,B3,DJI_202609080957_005,326cc3b24e629e8fb3d8c6057f33de031b5a6bc1eda73225b61532f1d5a015f3,data/images/326cc3b24e629e8fb3d8c6057f33de031b5a6bc1eda73225b61532f1d5a015f3.jpg,False
B3_10m07_D02_pts_v2,000045,61.8284,decoded frame PTS,@raw/03_第三批_20260908_1006_多火点/01_正式视频/无人机02_1581F7K3C267500D2DQD/DJI_202609080957_005/DJI_20260908100606_0001_V.MP4,B3,DJI_202609080957_005,191c44b0a5a29e12d5ee99a6eae2ffcc01f4a9484963e66c113f563aace38285,data/images/191c44b0a5a29e12d5ee99a6eae2ffcc01f4a9484963e66c113f563aace38285.jpg,False
B3_10m07_D02_pts_v2,000046,62.0286,decoded frame PTS,@raw/03_第三批_20260908_1006_多火点/01_正式视频/无人机02_1581F7K3C267500D2DQD/DJI_202609080957_005/DJI_20260908100606_0001_V.MP4,B3,DJI_202609080957_005,bef138dad6718f65bed06065e68de34b7dc34a3bf9226317595379228c866693,data/images/bef138dad6718f65bed06065e68de34b7dc34a3bf9226317595379228c866693.jpg,False
B3_10m07_D02_pts_v2,000047,62.2288,decoded frame PTS,@raw/03_第三批_20260908_1006_多火点/01_正式视频/无人机02_1581F7K3C267500D2DQD/DJI_202609080957_005/DJI_20260908100606_0001_V.MP4,B3,DJI_202609080957_005,aaefb9a5c503597a160e002ad6dea4e87d6149a7f66f95c40ddf9b0bc7737716,data/images/aaefb9a5c503597a160e002ad6dea4e87d6149a7f66f95c40ddf9b0bc7737716.jpg,False
B3_10m07_D02_pts_v2,000048,62.429,decoded frame PTS,@raw/03_第三批_20260908_1006_多火点/01_正式视频/无人机02_1581F7K3C267500D2DQD/DJI_202609080957_005/DJI_20260908100606_0001_V.MP4,B3,DJI_202609080957_005,0e24ec092a05c19629ae94812b5550883bbe9859f8ba4c37f189829f0922bb3d,data/images/0e24ec092a05c19629ae94812b5550883bbe9859f8ba4c37f189829f0922bb3d.jpg,False
B3_10m07_D02_pts_v2,000049,62.6292,decoded frame PTS,@raw/03_第三批_20260908_1006_多火点/01_正式视频/无人机02_1581F7K3C267500D2DQD/DJI_202609080957_005/DJI_20260908100606_0001_V.MP4,B3,DJI_202609080957_005,058c2c0d1647b317bcb1745e270af544426c73cc051fe1ac24fc06330959e717,data/images/058c2c0d1647b317bcb1745e270af544426c73cc051fe1ac24fc06330959e717.jpg,False
B3_10m07_D02_pts_v2,000050,62.8294,decoded frame PTS,@raw/03_第三批_20260908_1006_多火点/01_正式视频/无人机02_1581F7K3C267500D2DQD/DJI_202609080957_005/DJI_20260908100606_0001_V.MP4,B3,DJI_202609080957_005,984e7f8cd2aa1e640c5c4160e17cd464661fee99fce8fbcb4034d715bbf4107f,data/images/984e7f8cd2aa1e640c5c4160e17cd464661fee99fce8fbcb4034d715bbf4107f.jpg,False
B3_10m07_D02_pts_v2,000051,63.0296,decoded frame PTS,@raw/03_第三批_20260908_1006_多火点/01_正式视频/无人机02_1581F7K3C267500D2DQD/DJI_202609080957_005/DJI_20260908100606_0001_V.MP4,B3,DJI_202609080957_005,f472ba0c1dff8d12c7323b53810bebcfb907b511d9c0deb2819bef6557b16687,data/images/f472ba0c1dff8d12c7323b53810bebcfb907b511d9c0deb2819bef6557b16687.jpg,False
B3_10m07_D02_pts_v2,000052,63.2298,decoded frame PTS,@raw/03_第三批_20260908_1006_多火点/01_正式视频/无人机02_1581F7K3C267500D2DQD/DJI_202609080957_005/DJI_20260908100606_0001_V.MP4,B3,DJI_202609080957_005,52011de1996fb61bf0c3cf239c18e01509e516863378c20bb7d4ca56f70c637a,data/images/52011de1996fb61bf0c3cf239c18e01509e516863378c20bb7d4ca56f70c637a.jpg,False
B3_10m07_D02_pts_v2,000053,63.43,decoded frame PTS,@raw/03_第三批_20260908_1006_多火点/01_正式视频/无人机02_1581F7K3C267500D2DQD/DJI_202609080957_005/DJI_20260908100606_0001_V.MP4,B3,DJI_202609080957_005,afab23018219e146d383d8d1275a1e9e8b89af03b9ec064624e0582a297cd3f2,data/images/afab23018219e146d383d8d1275a1e9e8b89af03b9ec064624e0582a297cd3f2.jpg,False
B3_10m07_D02_pts_v2,000054,63.6302,decoded frame PTS,@raw/03_第三批_20260908_1006_多火点/01_正式视频/无人机02_1581F7K3C267500D2DQD/DJI_202609080957_005/DJI_20260908100606_0001_V.MP4,B3,DJI_202609080957_005,d4cefc60a3480cb2c483c47be899af492e7bad074c31e52ebfc2325e9e495514,data/images/d4cefc60a3480cb2c483c47be899af492e7bad074c31e52ebfc2325e9e495514.jpg,False
B3_10m07_D02_pts_v2,000055,63.8304,decoded frame PTS,@raw/03_第三批_20260908_1006_多火点/01_正式视频/无人机02_1581F7K3C267500D2DQD/DJI_202609080957_005/DJI_20260908100606_0001_V.MP4,B3,DJI_202609080957_005,94ad864ba630604d67c57b01e6279902066d04478faccea699401b41d2c07461,data/images/94ad864ba630604d67c57b01e6279902066d04478faccea699401b41d2c07461.jpg,False
B3_10m07_D02_pts_v2,000056,64.0306,decoded frame PTS,@raw/03_第三批_20260908_1006_多火点/01_正式视频/无人机02_1581F7K3C267500D2DQD/DJI_202609080957_005/DJI_20260908100606_0001_V.MP4,B3,DJI_202609080957_005,e868f59a9edbe064a415177391eba2cd93e7630f561250170bf5f3222f484e8a,data/images/e868f59a9edbe064a415177391eba2cd93e7630f561250170bf5f3222f484e8a.jpg,False
B3_10m07_D02_pts_v2,000057,64.2308,decoded frame PTS,@raw/03_第三批_20260908_1006_多火点/01_正式视频/无人机02_1581F7K3C267500D2DQD/DJI_202609080957_005/DJI_20260908100606_0001_V.MP4,B3,DJI_202609080957_005,3337782a8fefa1d6e29996fb675d95d545a9a4887b740843a13867c70055bc11,data/images/3337782a8fefa1d6e29996fb675d95d545a9a4887b740843a13867c70055bc11.jpg,False
B3_10m07_D02_pts_v2,000058,64.431,decoded frame PTS,@raw/03_第三批_20260908_1006_多火点/01_正式视频/无人机02_1581F7K3C267500D2DQD/DJI_202609080957_005/DJI_20260908100606_0001_V.MP4,B3,DJI_202609080957_005,fd38eb3fac87d90c8e028eed1b02406e4c987aa70e8e8a950a45b77c05c29a13,data/images/fd38eb3fac87d90c8e028eed1b02406e4c987aa70e8e8a950a45b77c05c29a13.jpg,False
B3_10m07_D02_pts_v2,000059,64.6312,decoded frame PTS,@raw/03_第三批_20260908_1006_多火点/01_正式视频/无人机02_1581F7K3C267500D2DQD/DJI_202609080957_005/DJI_20260908100606_0001_V.MP4,B3,DJI_202609080957_005,980830c51c8a99ae7d10a7e22f7ffde61a459763c47abf7ddf141fa92c8504f9,data/images/980830c51c8a99ae7d10a7e22f7ffde61a459763c47abf7ddf141fa92c8504f9.jpg,False
B3_10m07_D02_pts_v2,000060,64.8314,decoded frame PTS,@raw/03_第三批_20260908_1006_多火点/01_正式视频/无人机02_1581F7K3C267500D2DQD/DJI_202609080957_005/DJI_20260908100606_0001_V.MP4,B3,DJI_202609080957_005,34d887287928a3e04777e0f9ecd10c2b021cbb8dde937278e76df1a80f506d29,data/images/34d887287928a3e04777e0f9ecd10c2b021cbb8dde937278e76df1a80f506d29.jpg,False
B3_10m07_D02_pts_v2,000061,65.0316,decoded frame PTS,@raw/03_第三批_20260908_1006_多火点/01_正式视频/无人机02_1581F7K3C267500D2DQD/DJI_202609080957_005/DJI_20260908100606_0001_V.MP4,B3,DJI_202609080957_005,5e11d930611a6a36b097f029721f79c5bde758b690047752e99c8ec333977f06,data/images/5e11d930611a6a36b097f029721f79c5bde758b690047752e99c8ec333977f06.jpg,False
B3_10m07_D02_pts_v2,000062,65.2318,decoded frame PTS,@raw/03_第三批_20260908_1006_多火点/01_正式视频/无人机02_1581F7K3C267500D2DQD/DJI_202609080957_005/DJI_20260908100606_0001_V.MP4,B3,DJI_202609080957_005,88f9d9b8075d660da9dfd6e4a4f5a615c3333069aeaa0f7cf1aafff51b537f8e,data/images/88f9d9b8075d660da9dfd6e4a4f5a615c3333069aeaa0f7cf1aafff51b537f8e.jpg,False
B3_10m07_D02_pts_v2,000063,65.432,decoded frame PTS,@raw/03_第三批_20260908_1006_多火点/01_正式视频/无人机02_1581F7K3C267500D2DQD/DJI_202609080957_005/DJI_20260908100606_0001_V.MP4,B3,DJI_202609080957_005,e85f5abad9866bb933dadad3c160ef4eb878ed518b07a5cf371deb9d04b2500f,data/images/e85f5abad9866bb933dadad3c160ef4eb878ed518b07a5cf371deb9d04b2500f.jpg,False
B3_10m07_D02_pts_v2,000064,65.6322,decoded frame PTS,@raw/03_第三批_20260908_1006_多火点/01_正式视频/无人机02_1581F7K3C267500D2DQD/DJI_202609080957_005/DJI_20260908100606_0001_V.MP4,B3,DJI_202609080957_005,8257fab3f75d4448788f07adc61182e9189b4e92c7e49c28cb8f6c045fbc9387,data/images/8257fab3f75d4448788f07adc61182e9189b4e92c7e49c28cb8f6c045fbc9387.jpg,False
B3_10m07_D02_pts_v2,000065,65.8324,decoded frame PTS,@raw/03_第三批_20260908_1006_多火点/01_正式视频/无人机02_1581F7K3C267500D2DQD/DJI_202609080957_005/DJI_20260908100606_0001_V.MP4,B3,DJI_202609080957_005,053c7d7354a95d9dc3a8824665d6e24e73d98f28dad429863795272acae07ecc,data/images/053c7d7354a95d9dc3a8824665d6e24e73d98f28dad429863795272acae07ecc.jpg,False
B3_10m07_D02_pts_v2,000066,66.0326,decoded frame PTS,@raw/03_第三批_20260908_1006_多火点/01_正式视频/无人机02_1581F7K3C267500D2DQD/DJI_202609080957_005/DJI_20260908100606_0001_V.MP4,B3,DJI_202609080957_005,7ac65f2de776708b63252c62ba779d7eadc2a7752970c30d81fceca875945720,data/images/7ac65f2de776708b63252c62ba779d7eadc2a7752970c30d81fceca875945720.jpg,False
B3_10m07_D02_pts_v2,000067,66.2328,decoded frame PTS,@raw/03_第三批_20260908_1006_多火点/01_正式视频/无人机02_1581F7K3C267500D2DQD/DJI_202609080957_005/DJI_20260908100606_0001_V.MP4,B3,DJI_202609080957_005,06b8b7ee2d96bab1d196d6b3bd655603ec197421bb92556673db1c8b00e42cbd,data/images/06b8b7ee2d96bab1d196d6b3bd655603ec197421bb92556673db1c8b00e42cbd.jpg,False
B3_10m07_D02_pts_v2,000068,66.433,decoded frame PTS,@raw/03_第三批_20260908_1006_多火点/01_正式视频/无人机02_1581F7K3C267500D2DQD/DJI_202609080957_005/DJI_20260908100606_0001_V.MP4,B3,DJI_202609080957_005,d28e34ba77dedb6debf71d79c8f68110b7dd962936051fee973029a670c8064b,data/images/d28e34ba77dedb6debf71d79c8f68110b7dd962936051fee973029a670c8064b.jpg,False
B3_10m07_D02_pts_v2,000069,66.6332,decoded frame PTS,@raw/03_第三批_20260908_1006_多火点/01_正式视频/无人机02_1581F7K3C267500D2DQD/DJI_202609080957_005/DJI_20260908100606_0001_V.MP4,B3,DJI_202609080957_005,934a44f88b9bdd1df74abad1d8febf8e16f76e4981c93450361c0fbf1d7d987d,data/images/934a44f88b9bdd1df74abad1d8febf8e16f76e4981c93450361c0fbf1d7d987d.jpg,False
B3_10m07_D02_pts_v2,000070,66.8334,decoded frame PTS,@raw/03_第三批_20260908_1006_多火点/01_正式视频/无人机02_1581F7K3C267500D2DQD/DJI_202609080957_005/DJI_20260908100606_0001_V.MP4,B3,DJI_202609080957_005,378c1f3a14edab1a55e1880965250128945b477d08ea9f6a3c82a9e8693772c8,data/images/378c1f3a14edab1a55e1880965250128945b477d08ea9f6a3c82a9e8693772c8.jpg,False
B3_10m07_D02_pts_v2,000071,67.0336,decoded frame PTS,@raw/03_第三批_20260908_1006_多火点/01_正式视频/无人机02_1581F7K3C267500D2DQD/DJI_202609080957_005/DJI_20260908100606_0001_V.MP4,B3,DJI_202609080957_005,5f7cff588ace14f568e2c1a3dcd238090f80206dbe88c3fdc08ca9987b99377d,data/images/5f7cff588ace14f568e2c1a3dcd238090f80206dbe88c3fdc08ca9987b99377d.jpg,False
B3_10m07_D02_pts_v2,000072,67.2338,decoded frame PTS,@raw/03_第三批_20260908_1006_多火点/01_正式视频/无人机02_1581F7K3C267500D2DQD/DJI_202609080957_005/DJI_20260908100606_0001_V.MP4,B3,DJI_202609080957_005,7437e1446db293a67dff6e9e5cbde96d14bbdc9e5e90ddbbe5fbd9f26a836fe8,data/images/7437e1446db293a67dff6e9e5cbde96d14bbdc9e5e90ddbbe5fbd9f26a836fe8.jpg,False
B3_10m07_D02_pts_v2,000073,67.434,decoded frame PTS,@raw/03_第三批_20260908_1006_多火点/01_正式视频/无人机02_1581F7K3C267500D2DQD/DJI_202609080957_005/DJI_20260908100606_0001_V.MP4,B3,DJI_202609080957_005,cd4cbada04159d271a517fa2b4f3f059c59f615c89f2021307c4338cf455e25c,data/images/cd4cbada04159d271a517fa2b4f3f059c59f615c89f2021307c4338cf455e25c.jpg,False
B3_10m07_D02_pts_v2,000074,67.6342,decoded frame PTS,@raw/03_第三批_20260908_1006_多火点/01_正式视频/无人机02_1581F7K3C267500D2DQD/DJI_202609080957_005/DJI_20260908100606_0001_V.MP4,B3,DJI_202609080957_005,fea8a89802fef0f7ee20e9489caa7ce70c11db1d388794b9bd982de115af1582,data/images/fea8a89802fef0f7ee20e9489caa7ce70c11db1d388794b9bd982de115af1582.jpg,False
B3_10m07_D02_pts_v2,000075,67.8344,decoded frame PTS,@raw/03_第三批_20260908_1006_多火点/01_正式视频/无人机02_1581F7K3C267500D2DQD/DJI_202609080957_005/DJI_20260908100606_0001_V.MP4,B3,DJI_202609080957_005,76c8cce5cf44cc12e914c3853964487f2d9b86ad2b8f6e7d8b7a7ea92b6aaa9f,data/images/76c8cce5cf44cc12e914c3853964487f2d9b86ad2b8f6e7d8b7a7ea92b6aaa9f.jpg,False
B3_10m07_D02_pts_v2,000076,68.0346,decoded frame PTS,@raw/03_第三批_20260908_1006_多火点/01_正式视频/无人机02_1581F7K3C267500D2DQD/DJI_202609080957_005/DJI_20260908100606_0001_V.MP4,B3,DJI_202609080957_005,e5606d034db9af93ff4a85267fbc11fd0232f2935c5d007b5c661f62bab0a253,data/images/e5606d034db9af93ff4a85267fbc11fd0232f2935c5d007b5c661f62bab0a253.jpg,False
B3_10m07_D02_pts_v2,000077,68.2348,decoded frame PTS,@raw/03_第三批_20260908_1006_多火点/01_正式视频/无人机02_1581F7K3C267500D2DQD/DJI_202609080957_005/DJI_20260908100606_0001_V.MP4,B3,DJI_202609080957_005,10b46a17a68beada664c527256662b926d15c0221279febc83567c9f2e0f2371,data/images/10b46a17a68beada664c527256662b926d15c0221279febc83567c9f2e0f2371.jpg,False
B3_10m07_D02_pts_v2,000078,68.435,decoded frame PTS,@raw/03_第三批_20260908_1006_多火点/01_正式视频/无人机02_1581F7K3C267500D2DQD/DJI_202609080957_005/DJI_20260908100606_0001_V.MP4,B3,DJI_202609080957_005,c95e49d954a140b08befb96303ed692c5b62a726cd18199fdbfbd430412026bd,data/images/c95e49d954a140b08befb96303ed692c5b62a726cd18199fdbfbd430412026bd.jpg,False
B3_10m07_D02_pts_v2,000079,68.6352,decoded frame PTS,@raw/03_第三批_20260908_1006_多火点/01_正式视频/无人机02_1581F7K3C267500D2DQD/DJI_202609080957_005/DJI_20260908100606_0001_V.MP4,B3,DJI_202609080957_005,a02e6aee9165717b21ca2d0a28ec37dcfbf14e151c23baa046f49b07f7b5c346,data/images/a02e6aee9165717b21ca2d0a28ec37dcfbf14e151c23baa046f49b07f7b5c346.jpg,False
B3_10m07_D02_pts_v2,000080,68.8354,decoded frame PTS,@raw/03_第三批_20260908_1006_多火点/01_正式视频/无人机02_1581F7K3C267500D2DQD/DJI_202609080957_005/DJI_20260908100606_0001_V.MP4,B3,DJI_202609080957_005,42427afa77855dcf4453e17659c060fc3fe0e110b1644b53e28b11f0cfba0a8b,data/images/42427afa77855dcf4453e17659c060fc3fe0e110b1644b53e28b11f0cfba0a8b.jpg,False
B3_10m07_D02_pts_v2,000081,69.0356,decoded frame PTS,@raw/03_第三批_20260908_1006_多火点/01_正式视频/无人机02_1581F7K3C267500D2DQD/DJI_202609080957_005/DJI_20260908100606_0001_V.MP4,B3,DJI_202609080957_005,9551ad0ddcaa65002bc3e2af44120cbb030875844cacda33cabdf027235eb1b0,data/images/9551ad0ddcaa65002bc3e2af44120cbb030875844cacda33cabdf027235eb1b0.jpg,False
B3_10m07_D02_pts_v2,000082,69.2358,decoded frame PTS,@raw/03_第三批_20260908_1006_多火点/01_正式视频/无人机02_1581F7K3C267500D2DQD/DJI_202609080957_005/DJI_20260908100606_0001_V.MP4,B3,DJI_202609080957_005,6146a16cf3b137f943b3e1352977d9a38d695990aa72d2c0f311b5280706622a,data/images/6146a16cf3b137f943b3e1352977d9a38d695990aa72d2c0f311b5280706622a.jpg,False
B3_10m07_D02_pts_v2,000083,69.436,decoded frame PTS,@raw/03_第三批_20260908_1006_多火点/01_正式视频/无人机02_1581F7K3C267500D2DQD/DJI_202609080957_005/DJI_20260908100606_0001_V.MP4,B3,DJI_202609080957_005,5312cbbc08c68e6905e1ffd650d8e2b73534530823e1480c3274f1e246eac928,data/images/5312cbbc08c68e6905e1ffd650d8e2b73534530823e1480c3274f1e246eac928.jpg,False
B3_10m07_D02_pts_v2,000084,69.6362,decoded frame PTS,@raw/03_第三批_20260908_1006_多火点/01_正式视频/无人机02_1581F7K3C267500D2DQD/DJI_202609080957_005/DJI_20260908100606_0001_V.MP4,B3,DJI_202609080957_005,52a58cec1cecbc758bbf93f75a519036a9c09ad7dca6d95d89e812e6e3bcda69,data/images/52a58cec1cecbc758bbf93f75a519036a9c09ad7dca6d95d89e812e6e3bcda69.jpg,False
B3_10m07_D02_pts_v2,000085,69.8364,decoded frame PTS,@raw/03_第三批_20260908_1006_多火点/01_正式视频/无人机02_1581F7K3C267500D2DQD/DJI_202609080957_005/DJI_20260908100606_0001_V.MP4,B3,DJI_202609080957_005,81d3825ec158ae8869fea868a4b247352ab8058b92de47dc2aa3edc1125516df,data/images/81d3825ec158ae8869fea868a4b247352ab8058b92de47dc2aa3edc1125516df.jpg,False
B3_10m07_D02_pts_v2,000086,70.0366,decoded frame PTS,@raw/03_第三批_20260908_1006_多火点/01_正式视频/无人机02_1581F7K3C267500D2DQD/DJI_202609080957_005/DJI_20260908100606_0001_V.MP4,B3,DJI_202609080957_005,fac05ec432335a4d7bcc2e11c2f569d37ec65fb748fba9a2772d4fa9024b1706,data/images/fac05ec432335a4d7bcc2e11c2f569d37ec65fb748fba9a2772d4fa9024b1706.jpg,False
B3_10m07_D02_pts_v2,000087,70.2368,decoded frame PTS,@raw/03_第三批_20260908_1006_多火点/01_正式视频/无人机02_1581F7K3C267500D2DQD/DJI_202609080957_005/DJI_20260908100606_0001_V.MP4,B3,DJI_202609080957_005,3a9d9b7f123eb5bba31da63fc1ca9d2066e554ec8d63e27080dec801a7e6c7fe,data/images/3a9d9b7f123eb5bba31da63fc1ca9d2066e554ec8d63e27080dec801a7e6c7fe.jpg,False
B3_10m07_D02_pts_v2,000088,70.437,decoded frame PTS,@raw/03_第三批_20260908_1006_多火点/01_正式视频/无人机02_1581F7K3C267500D2DQD/DJI_202609080957_005/DJI_20260908100606_0001_V.MP4,B3,DJI_202609080957_005,3d44718e8070eb5f31170351c29459bf4ad0a379329aea4704edf937f59afc30,data/images/3d44718e8070eb5f31170351c29459bf4ad0a379329aea4704edf937f59afc30.jpg,False
B3_10m07_D02_pts_v2,000089,70.6372,decoded frame PTS,@raw/03_第三批_20260908_1006_多火点/01_正式视频/无人机02_1581F7K3C267500D2DQD/DJI_202609080957_005/DJI_20260908100606_0001_V.MP4,B3,DJI_202609080957_005,73ab3ffc2d21d7310c8110e4e2e4e166ab113073feb7408f482e84806f5a4ef8,data/images/73ab3ffc2d21d7310c8110e4e2e4e166ab113073feb7408f482e84806f5a4ef8.jpg,False
B3_10m07_D02_pts_v2,000090,70.8374,decoded frame PTS,@raw/03_第三批_20260908_1006_多火点/01_正式视频/无人机02_1581F7K3C267500D2DQD/DJI_202609080957_005/DJI_20260908100606_0001_V.MP4,B3,DJI_202609080957_005,2c2bcc16f17741bedd2871031dc2cc9ca908ccfa632f79bc5c637ab0655d57f3,data/images/2c2bcc16f17741bedd2871031dc2cc9ca908ccfa632f79bc5c637ab0655d57f3.jpg,False
B3_10m07_D02_pts_v2,000091,71.0376,decoded frame PTS,@raw/03_第三批_20260908_1006_多火点/01_正式视频/无人机02_1581F7K3C267500D2DQD/DJI_202609080957_005/DJI_20260908100606_0001_V.MP4,B3,DJI_202609080957_005,8bd77c8e1585ebde988421d59a97761335d30ef3a58b08ba44b1f9f95c1b6fbd,data/images/8bd77c8e1585ebde988421d59a97761335d30ef3a58b08ba44b1f9f95c1b6fbd.jpg,False
B3_10m07_D02_pts_v2,000092,71.2378,decoded frame PTS,@raw/03_第三批_20260908_1006_多火点/01_正式视频/无人机02_1581F7K3C267500D2DQD/DJI_202609080957_005/DJI_20260908100606_0001_V.MP4,B3,DJI_202609080957_005,d96fc3f55c6d78db3731555b082bcb9ab0a613630a9802e9c206b1c5e939d616,data/images/d96fc3f55c6d78db3731555b082bcb9ab0a613630a9802e9c206b1c5e939d616.jpg,False
B3_10m07_D02_pts_v2,000093,71.438,decoded frame PTS,@raw/03_第三批_20260908_1006_多火点/01_正式视频/无人机02_1581F7K3C267500D2DQD/DJI_202609080957_005/DJI_20260908100606_0001_V.MP4,B3,DJI_202609080957_005,1d343727a63731b2295c2dede3b29f841326476d716c41017151cb5cb2862ad6,data/images/1d343727a63731b2295c2dede3b29f841326476d716c41017151cb5cb2862ad6.jpg,False
B3_10m07_D02_pts_v2,000094,71.6382,decoded frame PTS,@raw/03_第三批_20260908_1006_多火点/01_正式视频/无人机02_1581F7K3C267500D2DQD/DJI_202609080957_005/DJI_20260908100606_0001_V.MP4,B3,DJI_202609080957_005,d58cf4b72338ced4f641cb15f4f13caf5ebfe235063d5730814bbc515a0ffbf0,data/images/d58cf4b72338ced4f641cb15f4f13caf5ebfe235063d5730814bbc515a0ffbf0.jpg,False
B3_10m07_D02_pts_v2,000095,71.8384,decoded frame PTS,@raw/03_第三批_20260908_1006_多火点/01_正式视频/无人机02_1581F7K3C267500D2DQD/DJI_202609080957_005/DJI_20260908100606_0001_V.MP4,B3,DJI_202609080957_005,265bc4a424fadd3df506ca025ef48d550f74d94d37bfc0cbda31f896fcdd0f19,data/images/265bc4a424fadd3df506ca025ef48d550f74d94d37bfc0cbda31f896fcdd0f19.jpg,False
B3_10m07_D02_pts_v2,000096,72.0386,decoded frame PTS,@raw/03_第三批_20260908_1006_多火点/01_正式视频/无人机02_1581F7K3C267500D2DQD/DJI_202609080957_005/DJI_20260908100606_0001_V.MP4,B3,DJI_202609080957_005,e9af9e98ecb0d36b2958f29a904aabbfcc1550031c5065591d5deda3117152cd,data/images/e9af9e98ecb0d36b2958f29a904aabbfcc1550031c5065591d5deda3117152cd.jpg,False
B3_10m07_D02_pts_v2,000097,72.2388,decoded frame PTS,@raw/03_第三批_20260908_1006_多火点/01_正式视频/无人机02_1581F7K3C267500D2DQD/DJI_202609080957_005/DJI_20260908100606_0001_V.MP4,B3,DJI_202609080957_005,4f68606ae2950cf4ef401a97c25ce258633f68ab0997c71b4e478739ec711c46,data/images/4f68606ae2950cf4ef401a97c25ce258633f68ab0997c71b4e478739ec711c46.jpg,False
B3_10m07_D02_pts_v2,000098,72.439,decoded frame PTS,@raw/03_第三批_20260908_1006_多火点/01_正式视频/无人机02_1581F7K3C267500D2DQD/DJI_202609080957_005/DJI_20260908100606_0001_V.MP4,B3,DJI_202609080957_005,0fe30c55261b70be473ed1e80c07d5852ba73b0bd90887538a870a963a168b48,data/images/0fe30c55261b70be473ed1e80c07d5852ba73b0bd90887538a870a963a168b48.jpg,False
B3_10m07_D02_pts_v2,000099,72.6392,decoded frame PTS,@raw/03_第三批_20260908_1006_多火点/01_正式视频/无人机02_1581F7K3C267500D2DQD/DJI_202609080957_005/DJI_20260908100606_0001_V.MP4,B3,DJI_202609080957_005,55f7d2d6cac7e37552a49fd4ed753b5399b9f1b8be356bb484038ebbaebb969e,data/images/55f7d2d6cac7e37552a49fd4ed753b5399b9f1b8be356bb484038ebbaebb969e.jpg,False
B3_10m07_D02_pts_v2,000100,72.8394,decoded frame PTS,@raw/03_第三批_20260908_1006_多火点/01_正式视频/无人机02_1581F7K3C267500D2DQD/DJI_202609080957_005/DJI_20260908100606_0001_V.MP4,B3,DJI_202609080957_005,cfb77eecd0ead5520858151a946f8c6ca108d4d3695dbac29ce33f7cfff7912c,data/images/cfb77eecd0ead5520858151a946f8c6ca108d4d3695dbac29ce33f7cfff7912c.jpg,False
B3_10m07_D02_pts_v2,000101,73.0396,decoded frame PTS,@raw/03_第三批_20260908_1006_多火点/01_正式视频/无人机02_1581F7K3C267500D2DQD/DJI_202609080957_005/DJI_20260908100606_0001_V.MP4,B3,DJI_202609080957_005,9c9dcc8e87f0e9326b37ece9d594d685bce421c743fb39f5fc7dcbdb4901b791,data/images/9c9dcc8e87f0e9326b37ece9d594d685bce421c743fb39f5fc7dcbdb4901b791.jpg,False
B3_10m07_D02_pts_v2,000102,73.2398,decoded frame PTS,@raw/03_第三批_20260908_1006_多火点/01_正式视频/无人机02_1581F7K3C267500D2DQD/DJI_202609080957_005/DJI_20260908100606_0001_V.MP4,B3,DJI_202609080957_005,bd98d2d999ee52a4a71c24a4b537c619c33596d1b060d5cf9bf7e69124517098,data/images/bd98d2d999ee52a4a71c24a4b537c619c33596d1b060d5cf9bf7e69124517098.jpg,False
B3_10m07_D02_pts_v2,000103,73.44,decoded frame PTS,@raw/03_第三批_20260908_1006_多火点/01_正式视频/无人机02_1581F7K3C267500D2DQD/DJI_202609080957_005/DJI_20260908100606_0001_V.MP4,B3,DJI_202609080957_005,9dc8104fdeb0a8a91defd75891e2c6c347856315d8977226612c65f081d688e5,data/images/9dc8104fdeb0a8a91defd75891e2c6c347856315d8977226612c65f081d688e5.jpg,False
B3_10m07_D02_pts_v2,000104,73.6402,decoded frame PTS,@raw/03_第三批_20260908_1006_多火点/01_正式视频/无人机02_1581F7K3C267500D2DQD/DJI_202609080957_005/DJI_20260908100606_0001_V.MP4,B3,DJI_202609080957_005,80c1c0fed968636fb8b3a72d0889adb56873e1b4cd4594d7d2ecb8d4d6ab7ce5,data/images/80c1c0fed968636fb8b3a72d0889adb56873e1b4cd4594d7d2ecb8d4d6ab7ce5.jpg,False
B3_10m07_D02_pts_v2,000105,73.8404,decoded frame PTS,@raw/03_第三批_20260908_1006_多火点/01_正式视频/无人机02_1581F7K3C267500D2DQD/DJI_202609080957_005/DJI_20260908100606_0001_V.MP4,B3,DJI_202609080957_005,5c1b851bee7e2f2a880655883a60d0c1ce2ae3581e9e7c64bd26e0d838359349,data/images/5c1b851bee7e2f2a880655883a60d0c1ce2ae3581e9e7c64bd26e0d838359349.jpg,False
B3_10m07_D02_pts_v2,000106,74.0406,decoded frame PTS,@raw/03_第三批_20260908_1006_多火点/01_正式视频/无人机02_1581F7K3C267500D2DQD/DJI_202609080957_005/DJI_20260908100606_0001_V.MP4,B3,DJI_202609080957_005,4bc464c0921e4da14676a30277db9246b75c982dd439431de8a1e33a7360cded,data/images/4bc464c0921e4da14676a30277db9246b75c982dd439431de8a1e33a7360cded.jpg,False
B3_10m07_D02_pts_v2,000107,74.2408,decoded frame PTS,@raw/03_第三批_20260908_1006_多火点/01_正式视频/无人机02_1581F7K3C267500D2DQD/DJI_202609080957_005/DJI_20260908100606_0001_V.MP4,B3,DJI_202609080957_005,fb9af85cbe51f93ff3ae53b5a6e4e4762159df517eb023834c67bee0d828c35f,data/images/fb9af85cbe51f93ff3ae53b5a6e4e4762159df517eb023834c67bee0d828c35f.jpg,False
B3_10m07_D02_pts_v2,000108,74.441,decoded frame PTS,@raw/03_第三批_20260908_1006_多火点/01_正式视频/无人机02_1581F7K3C267500D2DQD/DJI_202609080957_005/DJI_20260908100606_0001_V.MP4,B3,DJI_202609080957_005,b5226863e6de3a82034c22dd0a4e77fa4c24c7e042bce3d570bc74b258f3b078,data/images/b5226863e6de3a82034c22dd0a4e77fa4c24c7e042bce3d570bc74b258f3b078.jpg,False
B3_10m07_D02_pts_v2,000109,74.6412,decoded frame PTS,@raw/03_第三批_20260908_1006_多火点/01_正式视频/无人机02_1581F7K3C267500D2DQD/DJI_202609080957_005/DJI_20260908100606_0001_V.MP4,B3,DJI_202609080957_005,65484d99a1e20e37adf4de417a620d80b67d7057a521be3873da94fea4f872f5,data/images/65484d99a1e20e37adf4de417a620d80b67d7057a521be3873da94fea4f872f5.jpg,False
B3_10m07_D02_pts_v2,000110,74.8414,decoded frame PTS,@raw/03_第三批_20260908_1006_多火点/01_正式视频/无人机02_1581F7K3C267500D2DQD/DJI_202609080957_005/DJI_20260908100606_0001_V.MP4,B3,DJI_202609080957_005,4162ea2876a52532c3211865b08fe8f5583844da08bb797eb8816e2f6d8bf3d7,data/images/4162ea2876a52532c3211865b08fe8f5583844da08bb797eb8816e2f6d8bf3d7.jpg,False
B3_10m07_D02_pts_v2,000111,75.0416,decoded frame PTS,@raw/03_第三批_20260908_1006_多火点/01_正式视频/无人机02_1581F7K3C267500D2DQD/DJI_202609080957_005/DJI_20260908100606_0001_V.MP4,B3,DJI_202609080957_005,49a35a61af7866ab6dc587a1268c1a9358fd085eb050f5228077d8a5960dd5d9,data/images/49a35a61af7866ab6dc587a1268c1a9358fd085eb050f5228077d8a5960dd5d9.jpg,False
B3_10m07_D02_pts_v2,000112,75.2418,decoded frame PTS,@raw/03_第三批_20260908_1006_多火点/01_正式视频/无人机02_1581F7K3C267500D2DQD/DJI_202609080957_005/DJI_20260908100606_0001_V.MP4,B3,DJI_202609080957_005,d12760e7f76977a197e69e82b505765611053c7e01d1063a8e924c0a1ffae7c0,data/images/d12760e7f76977a197e69e82b505765611053c7e01d1063a8e924c0a1ffae7c0.jpg,False
B3_10m07_D02_pts_v2,000113,75.442,decoded frame PTS,@raw/03_第三批_20260908_1006_多火点/01_正式视频/无人机02_1581F7K3C267500D2DQD/DJI_202609080957_005/DJI_20260908100606_0001_V.MP4,B3,DJI_202609080957_005,0e00cfcf7636ae93242d7937c192f949968ab1dd193d22f3d5222ee51cc8cfa7,data/images/0e00cfcf7636ae93242d7937c192f949968ab1dd193d22f3d5222ee51cc8cfa7.jpg,False
B3_10m07_D02_pts_v2,000114,75.6422,decoded frame PTS,@raw/03_第三批_20260908_1006_多火点/01_正式视频/无人机02_1581F7K3C267500D2DQD/DJI_202609080957_005/DJI_20260908100606_0001_V.MP4,B3,DJI_202609080957_005,8c32b8f46b2423118ccb3e90d919549ea52af7d4883de148b53b55c14e2ed138,data/images/8c32b8f46b2423118ccb3e90d919549ea52af7d4883de148b53b55c14e2ed138.jpg,False
B3_10m07_D02_pts_v2,000115,75.8424,decoded frame PTS,@raw/03_第三批_20260908_1006_多火点/01_正式视频/无人机02_1581F7K3C267500D2DQD/DJI_202609080957_005/DJI_20260908100606_0001_V.MP4,B3,DJI_202609080957_005,16d828fc96a9c571553ea764d68535a403f82ce4dd9d0a9f8badef034f8506ec,data/images/16d828fc96a9c571553ea764d68535a403f82ce4dd9d0a9f8badef034f8506ec.jpg,False
B3_10m07_D02_pts_v2,000116,76.0426,decoded frame PTS,@raw/03_第三批_20260908_1006_多火点/01_正式视频/无人机02_1581F7K3C267500D2DQD/DJI_202609080957_005/DJI_20260908100606_0001_V.MP4,B3,DJI_202609080957_005,89cfcaaab54c09db9a6dcd2a50842ed4ea8d3c4ca308783e7dd186c4a9026921,data/images/89cfcaaab54c09db9a6dcd2a50842ed4ea8d3c4ca308783e7dd186c4a9026921.jpg,False
B3_10m07_D02_pts_v2,000117,76.2428,decoded frame PTS,@raw/03_第三批_20260908_1006_多火点/01_正式视频/无人机02_1581F7K3C267500D2DQD/DJI_202609080957_005/DJI_20260908100606_0001_V.MP4,B3,DJI_202609080957_005,01b9a813d570b67f8628d5c310e09a155c3e66027d6c3662ef99bc7dcd5f3c28,data/images/01b9a813d570b67f8628d5c310e09a155c3e66027d6c3662ef99bc7dcd5f3c28.jpg,False
B3_10m07_D02_pts_v2,000118,76.443,decoded frame PTS,@raw/03_第三批_20260908_1006_多火点/01_正式视频/无人机02_1581F7K3C267500D2DQD/DJI_202609080957_005/DJI_20260908100606_0001_V.MP4,B3,DJI_202609080957_005,d6d49d6afc37b199189f6ae3abbf51ff2890a8e8720667337c173554b3f71997,data/images/d6d49d6afc37b199189f6ae3abbf51ff2890a8e8720667337c173554b3f71997.jpg,False
B3_10m07_D02_pts_v2,000119,76.6432,decoded frame PTS,@raw/03_第三批_20260908_1006_多火点/01_正式视频/无人机02_1581F7K3C267500D2DQD/DJI_202609080957_005/DJI_20260908100606_0001_V.MP4,B3,DJI_202609080957_005,fb301938239ebd361086afd8d9bc5e85ed9e9d60e113af65d9a9047e8c57c3da,data/images/fb301938239ebd361086afd8d9bc5e85ed9e9d60e113af65d9a9047e8c57c3da.jpg,False
B3_10m07_D02_pts_v2,000120,76.8434,decoded frame PTS,@raw/03_第三批_20260908_1006_多火点/01_正式视频/无人机02_1581F7K3C267500D2DQD/DJI_202609080957_005/DJI_20260908100606_0001_V.MP4,B3,DJI_202609080957_005,4590ab572076ced7dd286b3c1ff0407169a819c00ad5ac3d4020dc8ea92ae07d,data/images/4590ab572076ced7dd286b3c1ff0407169a819c00ad5ac3d4020dc8ea92ae07d.jpg,False
B3_10m07_D02_pts_v2,000121,77.0436,decoded frame PTS,@raw/03_第三批_20260908_1006_多火点/01_正式视频/无人机02_1581F7K3C267500D2DQD/DJI_202609080957_005/DJI_20260908100606_0001_V.MP4,B3,DJI_202609080957_005,5c71392aec84eb0b61ea233abfe35a557203b7cf1e83380df384d95bd06978de,data/images/5c71392aec84eb0b61ea233abfe35a557203b7cf1e83380df384d95bd06978de.jpg,False
B3_10m07_D02_pts_v2,000122,77.2438,decoded frame PTS,@raw/03_第三批_20260908_1006_多火点/01_正式视频/无人机02_1581F7K3C267500D2DQD/DJI_202609080957_005/DJI_20260908100606_0001_V.MP4,B3,DJI_202609080957_005,228672fae7622e71f7d321e915d0a764a00b387668aa0dcfcd629e5f81e91d52,data/images/228672fae7622e71f7d321e915d0a764a00b387668aa0dcfcd629e5f81e91d52.jpg,False
B3_10m07_D02_pts_v2,000123,77.444,decoded frame PTS,@raw/03_第三批_20260908_1006_多火点/01_正式视频/无人机02_1581F7K3C267500D2DQD/DJI_202609080957_005/DJI_20260908100606_0001_V.MP4,B3,DJI_202609080957_005,81d9bd8d7fef60703f6c293780478f36961df8ffd015b48502225033d27e55d8,data/images/81d9bd8d7fef60703f6c293780478f36961df8ffd015b48502225033d27e55d8.jpg,False
B3_10m07_D02_pts_v2,000124,77.6442,decoded frame PTS,@raw/03_第三批_20260908_1006_多火点/01_正式视频/无人机02_1581F7K3C267500D2DQD/DJI_202609080957_005/DJI_20260908100606_0001_V.MP4,B3,DJI_202609080957_005,6a306fb39fb5b366f7ce4f195d4bd0dee175b3f144631b22f17ca120000e1f0d,data/images/6a306fb39fb5b366f7ce4f195d4bd0dee175b3f144631b22f17ca120000e1f0d.jpg,False
B3_10m07_D02_pts_v2,000125,77.8444,decoded frame PTS,@raw/03_第三批_20260908_1006_多火点/01_正式视频/无人机02_1581F7K3C267500D2DQD/DJI_202609080957_005/DJI_20260908100606_0001_V.MP4,B3,DJI_202609080957_005,7d23c61fe72a2e3b9dc87e024c93c6adbcf9f591a7f54367a3d3d3a37b559593,data/images/7d23c61fe72a2e3b9dc87e024c93c6adbcf9f591a7f54367a3d3d3a37b559593.jpg,False
B3_10m07_D02_pts_v2,000126,78.0446,decoded frame PTS,@raw/03_第三批_20260908_1006_多火点/01_正式视频/无人机02_1581F7K3C267500D2DQD/DJI_202609080957_005/DJI_20260908100606_0001_V.MP4,B3,DJI_202609080957_005,34ecdc1f8d7b9948e48f60b2378161ebebaed8f6b497ab2cb896a7f816ec7d20,data/images/34ecdc1f8d7b9948e48f60b2378161ebebaed8f6b497ab2cb896a7f816ec7d20.jpg,False
B3_10m07_D02_pts_v2,000127,78.2448,decoded frame PTS,@raw/03_第三批_20260908_1006_多火点/01_正式视频/无人机02_1581F7K3C267500D2DQD/DJI_202609080957_005/DJI_20260908100606_0001_V.MP4,B3,DJI_202609080957_005,e5d03eff8e7675dc288465dfd931276adf6b6663204ef0360caece99c6b18bd9,data/images/e5d03eff8e7675dc288465dfd931276adf6b6663204ef0360caece99c6b18bd9.jpg,False
B3_10m07_D02_pts_v2,000128,78.445,decoded frame PTS,@raw/03_第三批_20260908_1006_多火点/01_正式视频/无人机02_1581F7K3C267500D2DQD/DJI_202609080957_005/DJI_20260908100606_0001_V.MP4,B3,DJI_202609080957_005,ee975ddb69ddbdd63fb814c176f41d656e196fbf17afe07de2d6f727f8048c05,data/images/ee975ddb69ddbdd63fb814c176f41d656e196fbf17afe07de2d6f727f8048c05.jpg,False
B3_10m07_D02_pts_v2,000129,78.6452,decoded frame PTS,@raw/03_第三批_20260908_1006_多火点/01_正式视频/无人机02_1581F7K3C267500D2DQD/DJI_202609080957_005/DJI_20260908100606_0001_V.MP4,B3,DJI_202609080957_005,36441e69a6d2824ba701a72e6f548e7c4f969c9c48c4ed1528100c3405c1e856,data/images/36441e69a6d2824ba701a72e6f548e7c4f969c9c48c4ed1528100c3405c1e856.jpg,False
B3_10m07_D02_pts_v2,000130,78.8454,decoded frame PTS,@raw/03_第三批_20260908_1006_多火点/01_正式视频/无人机02_1581F7K3C267500D2DQD/DJI_202609080957_005/DJI_20260908100606_0001_V.MP4,B3,DJI_202609080957_005,e46b9d3c786ec448f75b713ced5da8f9661da66694460b5505fcdf22c68f2c9b,data/images/e46b9d3c786ec448f75b713ced5da8f9661da66694460b5505fcdf22c68f2c9b.jpg,False
B3_10m07_D02_pts_v2,000131,79.0456,decoded frame PTS,@raw/03_第三批_20260908_1006_多火点/01_正式视频/无人机02_1581F7K3C267500D2DQD/DJI_202609080957_005/DJI_20260908100606_0001_V.MP4,B3,DJI_202609080957_005,469043923bad39ea1bb92ee1061ef3248e0ead4079c72efaec49b4d471f53651,data/images/469043923bad39ea1bb92ee1061ef3248e0ead4079c72efaec49b4d471f53651.jpg,False
B3_10m07_D02_pts_v2,000132,79.2458,decoded frame PTS,@raw/03_第三批_20260908_1006_多火点/01_正式视频/无人机02_1581F7K3C267500D2DQD/DJI_202609080957_005/DJI_20260908100606_0001_V.MP4,B3,DJI_202609080957_005,735f053df7681344007702e5a90258e31e8589aa427091eb13513f887004fa53,data/images/735f053df7681344007702e5a90258e31e8589aa427091eb13513f887004fa53.jpg,False
B3_10m07_D02_pts_v2,000133,79.446,decoded frame PTS,@raw/03_第三批_20260908_1006_多火点/01_正式视频/无人机02_1581F7K3C267500D2DQD/DJI_202609080957_005/DJI_20260908100606_0001_V.MP4,B3,DJI_202609080957_005,015e30d09d1b30f2e3e60710eee3e55481104bd186e4a20449ab3a1f52a4364c,data/images/015e30d09d1b30f2e3e60710eee3e55481104bd186e4a20449ab3a1f52a4364c.jpg,False
B3_10m07_D02_pts_v2,000134,79.6462,decoded frame PTS,@raw/03_第三批_20260908_1006_多火点/01_正式视频/无人机02_1581F7K3C267500D2DQD/DJI_202609080957_005/DJI_20260908100606_0001_V.MP4,B3,DJI_202609080957_005,a0799f0b0c3cc533ac10521cb12414e4f9fc614dd77b2153b3c5980ff440f44d,data/images/a0799f0b0c3cc533ac10521cb12414e4f9fc614dd77b2153b3c5980ff440f44d.jpg,False
B3_10m07_D02_pts_v2,000135,79.8464,decoded frame PTS,@raw/03_第三批_20260908_1006_多火点/01_正式视频/无人机02_1581F7K3C267500D2DQD/DJI_202609080957_005/DJI_20260908100606_0001_V.MP4,B3,DJI_202609080957_005,e8000306f045d47ec2a74766257b025fddff2cbf4b441d54425401635881763e,data/images/e8000306f045d47ec2a74766257b025fddff2cbf4b441d54425401635881763e.jpg,False
B3_10m07_D02_pts_v2,000136,80.0466,decoded frame PTS,@raw/03_第三批_20260908_1006_多火点/01_正式视频/无人机02_1581F7K3C267500D2DQD/DJI_202609080957_005/DJI_20260908100606_0001_V.MP4,B3,DJI_202609080957_005,a3e2f168f2ecefe7322795598b81845a9ffd387499ed7a18deec4e24fb7faf84,data/images/a3e2f168f2ecefe7322795598b81845a9ffd387499ed7a18deec4e24fb7faf84.jpg,False
B3_10m07_D02_pts_v2,000137,80.2468,decoded frame PTS,@raw/03_第三批_20260908_1006_多火点/01_正式视频/无人机02_1581F7K3C267500D2DQD/DJI_202609080957_005/DJI_20260908100606_0001_V.MP4,B3,DJI_202609080957_005,d3dd232778f5026baaded23c2f425e00cb6974e53fc7a398f6449a3834b507b7,data/images/d3dd232778f5026baaded23c2f425e00cb6974e53fc7a398f6449a3834b507b7.jpg,False
B3_10m07_D02_pts_v2,000138,80.447,decoded frame PTS,@raw/03_第三批_20260908_1006_多火点/01_正式视频/无人机02_1581F7K3C267500D2DQD/DJI_202609080957_005/DJI_20260908100606_0001_V.MP4,B3,DJI_202609080957_005,65985a1ef48ef0f0ef4ffe27373cfd4a24152aed33e83cc233e30eb06284fce0,data/images/65985a1ef48ef0f0ef4ffe27373cfd4a24152aed33e83cc233e30eb06284fce0.jpg,False
B3_10m07_D02_pts_v2,000139,80.6472,decoded frame PTS,@raw/03_第三批_20260908_1006_多火点/01_正式视频/无人机02_1581F7K3C267500D2DQD/DJI_202609080957_005/DJI_20260908100606_0001_V.MP4,B3,DJI_202609080957_005,d720c615ddf716e8b9277e5554efe41b2c7fe59825a7dcda86291ce8221dcd24,data/images/d720c615ddf716e8b9277e5554efe41b2c7fe59825a7dcda86291ce8221dcd24.jpg,False
B3_10m07_D02_pts_v2,000140,80.8474,decoded frame PTS,@raw/03_第三批_20260908_1006_多火点/01_正式视频/无人机02_1581F7K3C267500D2DQD/DJI_202609080957_005/DJI_20260908100606_0001_V.MP4,B3,DJI_202609080957_005,ebddd211d6296055d7b3740e0053f9156d3d1b4ca73decbd7358430af7a593cf,data/images/ebddd211d6296055d7b3740e0053f9156d3d1b4ca73decbd7358430af7a593cf.jpg,False
B3_10m07_D02_pts_v2,000141,81.0476,decoded frame PTS,@raw/03_第三批_20260908_1006_多火点/01_正式视频/无人机02_1581F7K3C267500D2DQD/DJI_202609080957_005/DJI_20260908100606_0001_V.MP4,B3,DJI_202609080957_005,82a2b3a58587821ab3daa8437f32162418317f5467a1a6e4de1f37a7ec6543ab,data/images/82a2b3a58587821ab3daa8437f32162418317f5467a1a6e4de1f37a7ec6543ab.jpg,False
B3_10m07_D02_pts_v2,000142,81.2478,decoded frame PTS,@raw/03_第三批_20260908_1006_多火点/01_正式视频/无人机02_1581F7K3C267500D2DQD/DJI_202609080957_005/DJI_20260908100606_0001_V.MP4,B3,DJI_202609080957_005,847125e37768baedf14fc5ceaadb01487f5a27ed8ad4de6a27ece441f439cd06,data/images/847125e37768baedf14fc5ceaadb01487f5a27ed8ad4de6a27ece441f439cd06.jpg,False
B3_10m07_D02_pts_v2,000143,81.448,decoded frame PTS,@raw/03_第三批_20260908_1006_多火点/01_正式视频/无人机02_1581F7K3C267500D2DQD/DJI_202609080957_005/DJI_20260908100606_0001_V.MP4,B3,DJI_202609080957_005,fff102c63c4c5e05753dd1792b396f315d8efda91db7638875c233104b934966,data/images/fff102c63c4c5e05753dd1792b396f315d8efda91db7638875c233104b934966.jpg,False
B3_10m07_D02_pts_v2,000144,81.6482,decoded frame PTS,@raw/03_第三批_20260908_1006_多火点/01_正式视频/无人机02_1581F7K3C267500D2DQD/DJI_202609080957_005/DJI_20260908100606_0001_V.MP4,B3,DJI_202609080957_005,9b0e2877e849800c10cea0c8eec87dac1b14cc7c01a5441008d0326131d31368,data/images/9b0e2877e849800c10cea0c8eec87dac1b14cc7c01a5441008d0326131d31368.jpg,False
B3_10m07_D02_pts_v2,000145,81.8484,decoded frame PTS,@raw/03_第三批_20260908_1006_多火点/01_正式视频/无人机02_1581F7K3C267500D2DQD/DJI_202609080957_005/DJI_20260908100606_0001_V.MP4,B3,DJI_202609080957_005,a6c63f245366f498615e98d95e4641a776883c927051c55bbc1543949058a709,data/images/a6c63f245366f498615e98d95e4641a776883c927051c55bbc1543949058a709.jpg,False
B3_10m07_D02_pts_v2,000146,82.0486,decoded frame PTS,@raw/03_第三批_20260908_1006_多火点/01_正式视频/无人机02_1581F7K3C267500D2DQD/DJI_202609080957_005/DJI_20260908100606_0001_V.MP4,B3,DJI_202609080957_005,684fc6d56a270ba15c0befcd6f6b4b31685831c3c7d75e6d57599ccc1158b1b8,data/images/684fc6d56a270ba15c0befcd6f6b4b31685831c3c7d75e6d57599ccc1158b1b8.jpg,False
B3_10m07_D02_pts_v2,000147,82.2488,decoded frame PTS,@raw/03_第三批_20260908_1006_多火点/01_正式视频/无人机02_1581F7K3C267500D2DQD/DJI_202609080957_005/DJI_20260908100606_0001_V.MP4,B3,DJI_202609080957_005,a3c2352b179aa644d9223242c9357e6cf295753d4c3f7879dfff6690af7fab0f,data/images/a3c2352b179aa644d9223242c9357e6cf295753d4c3f7879dfff6690af7fab0f.jpg,False
B3_10m07_D02_pts_v2,000148,82.449,decoded frame PTS,@raw/03_第三批_20260908_1006_多火点/01_正式视频/无人机02_1581F7K3C267500D2DQD/DJI_202609080957_005/DJI_20260908100606_0001_V.MP4,B3,DJI_202609080957_005,e58f6a0990681aed90d49b6abb9818eb1b478bfb554e3f10c2376ef79c8132af,data/images/e58f6a0990681aed90d49b6abb9818eb1b478bfb554e3f10c2376ef79c8132af.jpg,False
B3_10m07_D02_pts_v2,000149,82.6492,decoded frame PTS,@raw/03_第三批_20260908_1006_多火点/01_正式视频/无人机02_1581F7K3C267500D2DQD/DJI_202609080957_005/DJI_20260908100606_0001_V.MP4,B3,DJI_202609080957_005,eae7a0e59c27b8dacfcbd2664229002d1f0247a886e0c876e14f2eb898e5a8f7,data/images/eae7a0e59c27b8dacfcbd2664229002d1f0247a886e0c876e14f2eb898e5a8f7.jpg,False
B3_10m07_D02_pts_v2,000150,82.8494,decoded frame PTS,@raw/03_第三批_20260908_1006_多火点/01_正式视频/无人机02_1581F7K3C267500D2DQD/DJI_202609080957_005/DJI_20260908100606_0001_V.MP4,B3,DJI_202609080957_005,4a7754968b260db1ce6a45549bb0ac53ac206df7cd22186ad842526b43255f50,data/images/4a7754968b260db1ce6a45549bb0ac53ac206df7cd22186ad842526b43255f50.jpg,False
visible_flame_0_DJI_202609081039_006_pts_v2,000001,15.015,decoded frame PTS,@raw/04_第四批_20260908_1053_多火点与余热点/01_正式视频/无人机09_1581F7K3C24CS00AX535/DJI_202609081039_006/DJI_20260908105258_0002_V.MP4,B4,DJI_202609081039_006,1793564a69ac365bbe79f9838d43ca4430830c704135724fbe3f60092d1e86a0,data/images/1793564a69ac365bbe79f9838d43ca4430830c704135724fbe3f60092d1e86a0.jpg,False
visible_flame_0_DJI_202609081039_006_pts_v2,000002,15.2152,decoded frame PTS,@raw/04_第四批_20260908_1053_多火点与余热点/01_正式视频/无人机09_1581F7K3C24CS00AX535/DJI_202609081039_006/DJI_20260908105258_0002_V.MP4,B4,DJI_202609081039_006,46740d2be5a0a936106e4cce41d7ea8e6273fbd5b1c3a4ab70f6d8b4d2728634,data/images/46740d2be5a0a936106e4cce41d7ea8e6273fbd5b1c3a4ab70f6d8b4d2728634.jpg,False
visible_flame_0_DJI_202609081039_006_pts_v2,000003,15.4154,decoded frame PTS,@raw/04_第四批_20260908_1053_多火点与余热点/01_正式视频/无人机09_1581F7K3C24CS00AX535/DJI_202609081039_006/DJI_20260908105258_0002_V.MP4,B4,DJI_202609081039_006,a421b5e7c3088d5fcac1a1f05770667b1a7b93b0a62b79b76b141f6a8916febe,data/images/a421b5e7c3088d5fcac1a1f05770667b1a7b93b0a62b79b76b141f6a8916febe.jpg,False
visible_flame_0_DJI_202609081039_006_pts_v2,000004,15.6156,decoded frame PTS,@raw/04_第四批_20260908_1053_多火点与余热点/01_正式视频/无人机09_1581F7K3C24CS00AX535/DJI_202609081039_006/DJI_20260908105258_0002_V.MP4,B4,DJI_202609081039_006,49e080d48ad93435e4bde09029a10c12817d33a562ad6feacc2f32e83beb674e,data/images/49e080d48ad93435e4bde09029a10c12817d33a562ad6feacc2f32e83beb674e.jpg,False
visible_flame_0_DJI_202609081039_006_pts_v2,000005,15.8158,decoded frame PTS,@raw/04_第四批_20260908_1053_多火点与余热点/01_正式视频/无人机09_1581F7K3C24CS00AX535/DJI_202609081039_006/DJI_20260908105258_0002_V.MP4,B4,DJI_202609081039_006,b6d5708496dde5ca608959482883405d5669f49890d96f491d1d91c24d8c3ebb,data/images/b6d5708496dde5ca608959482883405d5669f49890d96f491d1d91c24d8c3ebb.jpg,False
visible_flame_0_DJI_202609081039_006_pts_v2,000006,16.016,decoded frame PTS,@raw/04_第四批_20260908_1053_多火点与余热点/01_正式视频/无人机09_1581F7K3C24CS00AX535/DJI_202609081039_006/DJI_20260908105258_0002_V.MP4,B4,DJI_202609081039_006,ac7e32992982ebea362dd1511966032a71334a86c7af7c1e73db29cc43258935,data/images/ac7e32992982ebea362dd1511966032a71334a86c7af7c1e73db29cc43258935.jpg,False
visible_flame_0_DJI_202609081039_006_pts_v2,000007,16.2162,decoded frame PTS,@raw/04_第四批_20260908_1053_多火点与余热点/01_正式视频/无人机09_1581F7K3C24CS00AX535/DJI_202609081039_006/DJI_20260908105258_0002_V.MP4,B4,DJI_202609081039_006,4a4c245838f832ee5e8037dabb163292cae1f449df3fe5a60ac9ff79bb14aeba,data/images/4a4c245838f832ee5e8037dabb163292cae1f449df3fe5a60ac9ff79bb14aeba.jpg,False
visible_flame_0_DJI_202609081039_006_pts_v2,000008,16.4164,decoded frame PTS,@raw/04_第四批_20260908_1053_多火点与余热点/01_正式视频/无人机09_1581F7K3C24CS00AX535/DJI_202609081039_006/DJI_20260908105258_0002_V.MP4,B4,DJI_202609081039_006,565021dee8e81786ae4faae2c630bd9e88013f605012e3523ca87bc509ff2811,data/images/565021dee8e81786ae4faae2c630bd9e88013f605012e3523ca87bc509ff2811.jpg,False
visible_flame_0_DJI_202609081039_006_pts_v2,000009,16.6166,decoded frame PTS,@raw/04_第四批_20260908_1053_多火点与余热点/01_正式视频/无人机09_1581F7K3C24CS00AX535/DJI_202609081039_006/DJI_20260908105258_0002_V.MP4,B4,DJI_202609081039_006,ead6e16cd9114e7f0a3bf83f7a4bdd986ec2dfbde1a356f61875e498208df4f3,data/images/ead6e16cd9114e7f0a3bf83f7a4bdd986ec2dfbde1a356f61875e498208df4f3.jpg,False
visible_flame_0_DJI_202609081039_006_pts_v2,000010,16.8168,decoded frame PTS,@raw/04_第四批_20260908_1053_多火点与余热点/01_正式视频/无人机09_1581F7K3C24CS00AX535/DJI_202609081039_006/DJI_20260908105258_0002_V.MP4,B4,DJI_202609081039_006,efe5d4c4d802656c190274e2c0796b31e8874417645370e1a73a7a7c9a5a0a6d,data/images/efe5d4c4d802656c190274e2c0796b31e8874417645370e1a73a7a7c9a5a0a6d.jpg,False
visible_flame_0_DJI_202609081039_006_pts_v2,000011,17.017,decoded frame PTS,@raw/04_第四批_20260908_1053_多火点与余热点/01_正式视频/无人机09_1581F7K3C24CS00AX535/DJI_202609081039_006/DJI_20260908105258_0002_V.MP4,B4,DJI_202609081039_006,b3b95bdab2dfc3149963c64011bb841b78aa07b2887cc914ab7136c17c87776c,data/images/b3b95bdab2dfc3149963c64011bb841b78aa07b2887cc914ab7136c17c87776c.jpg,False
visible_flame_0_DJI_202609081039_006_pts_v2,000012,17.2172,decoded frame PTS,@raw/04_第四批_20260908_1053_多火点与余热点/01_正式视频/无人机09_1581F7K3C24CS00AX535/DJI_202609081039_006/DJI_20260908105258_0002_V.MP4,B4,DJI_202609081039_006,df0f744e09289806c01575a2012a58523e2f5532df2bb998b3b5be2e654820f8,data/images/df0f744e09289806c01575a2012a58523e2f5532df2bb998b3b5be2e654820f8.jpg,False
visible_flame_0_DJI_202609081039_006_pts_v2,000013,17.4174,decoded frame PTS,@raw/04_第四批_20260908_1053_多火点与余热点/01_正式视频/无人机09_1581F7K3C24CS00AX535/DJI_202609081039_006/DJI_20260908105258_0002_V.MP4,B4,DJI_202609081039_006,7b91515d158be92241e37a4fcb8d574b4cb2a1532f2390b146cb3a26b46be34a,data/images/7b91515d158be92241e37a4fcb8d574b4cb2a1532f2390b146cb3a26b46be34a.jpg,False
visible_flame_0_DJI_202609081039_006_pts_v2,000014,17.6176,decoded frame PTS,@raw/04_第四批_20260908_1053_多火点与余热点/01_正式视频/无人机09_1581F7K3C24CS00AX535/DJI_202609081039_006/DJI_20260908105258_0002_V.MP4,B4,DJI_202609081039_006,b82484f11dba7ca8d90c63c44a5cb22fcb3bff8fe5e62176322d9bea8b1473c6,data/images/b82484f11dba7ca8d90c63c44a5cb22fcb3bff8fe5e62176322d9bea8b1473c6.jpg,False
visible_flame_0_DJI_202609081039_006_pts_v2,000015,17.8178,decoded frame PTS,@raw/04_第四批_20260908_1053_多火点与余热点/01_正式视频/无人机09_1581F7K3C24CS00AX535/DJI_202609081039_006/DJI_20260908105258_0002_V.MP4,B4,DJI_202609081039_006,2e104cf73b54bdebea71dc75f1366d15de849118732f1dc50416b2910eeced94,data/images/2e104cf73b54bdebea71dc75f1366d15de849118732f1dc50416b2910eeced94.jpg,False
visible_flame_0_DJI_202609081039_006_pts_v2,000016,18.018,decoded frame PTS,@raw/04_第四批_20260908_1053_多火点与余热点/01_正式视频/无人机09_1581F7K3C24CS00AX535/DJI_202609081039_006/DJI_20260908105258_0002_V.MP4,B4,DJI_202609081039_006,113c553c568b2c6d3f171b6809a5dee45057c7aa013e1cb5748b408e242da072,data/images/113c553c568b2c6d3f171b6809a5dee45057c7aa013e1cb5748b408e242da072.jpg,False
visible_flame_0_DJI_202609081039_006_pts_v2,000017,18.2182,decoded frame PTS,@raw/04_第四批_20260908_1053_多火点与余热点/01_正式视频/无人机09_1581F7K3C24CS00AX535/DJI_202609081039_006/DJI_20260908105258_0002_V.MP4,B4,DJI_202609081039_006,130ba2060c34466870e7c5269e5131701e4fd3a187758605724759c2a1f214dd,data/images/130ba2060c34466870e7c5269e5131701e4fd3a187758605724759c2a1f214dd.jpg,False
visible_flame_0_DJI_202609081039_006_pts_v2,000018,18.4184,decoded frame PTS,@raw/04_第四批_20260908_1053_多火点与余热点/01_正式视频/无人机09_1581F7K3C24CS00AX535/DJI_202609081039_006/DJI_20260908105258_0002_V.MP4,B4,DJI_202609081039_006,848dfb085fa6798d40cf35826c0b4bfce1e8f7598d8bf4560b4e3eee53a306cf,data/images/848dfb085fa6798d40cf35826c0b4bfce1e8f7598d8bf4560b4e3eee53a306cf.jpg,False
visible_flame_0_DJI_202609081039_006_pts_v2,000019,18.6186,decoded frame PTS,@raw/04_第四批_20260908_1053_多火点与余热点/01_正式视频/无人机09_1581F7K3C24CS00AX535/DJI_202609081039_006/DJI_20260908105258_0002_V.MP4,B4,DJI_202609081039_006,e95cf876469b515349f5e85e4022b8c282fcd05d5324d7187b8e2357047ceb26,data/images/e95cf876469b515349f5e85e4022b8c282fcd05d5324d7187b8e2357047ceb26.jpg,False
visible_flame_0_DJI_202609081039_006_pts_v2,000020,18.8188,decoded frame PTS,@raw/04_第四批_20260908_1053_多火点与余热点/01_正式视频/无人机09_1581F7K3C24CS00AX535/DJI_202609081039_006/DJI_20260908105258_0002_V.MP4,B4,DJI_202609081039_006,060c76f654ed1a36ce33a263a82db4c2a80a569cb79ca657326f6da97ccb14e3,data/images/060c76f654ed1a36ce33a263a82db4c2a80a569cb79ca657326f6da97ccb14e3.jpg,False
visible_flame_0_DJI_202609081039_006_pts_v2,000021,19.019,decoded frame PTS,@raw/04_第四批_20260908_1053_多火点与余热点/01_正式视频/无人机09_1581F7K3C24CS00AX535/DJI_202609081039_006/DJI_20260908105258_0002_V.MP4,B4,DJI_202609081039_006,6f57bec863f8b849b44a84e068df38ca9a6e9ab654e2ee7db617bb97c9918bd9,data/images/6f57bec863f8b849b44a84e068df38ca9a6e9ab654e2ee7db617bb97c9918bd9.jpg,False
visible_flame_0_DJI_202609081039_006_pts_v2,000022,19.2192,decoded frame PTS,@raw/04_第四批_20260908_1053_多火点与余热点/01_正式视频/无人机09_1581F7K3C24CS00AX535/DJI_202609081039_006/DJI_20260908105258_0002_V.MP4,B4,DJI_202609081039_006,581d3280ae7d8ddae91dbf07e866e3568a152462a062f1f542c7ded184334560,data/images/581d3280ae7d8ddae91dbf07e866e3568a152462a062f1f542c7ded184334560.jpg,False
visible_flame_0_DJI_202609081039_006_pts_v2,000023,19.4194,decoded frame PTS,@raw/04_第四批_20260908_1053_多火点与余热点/01_正式视频/无人机09_1581F7K3C24CS00AX535/DJI_202609081039_006/DJI_20260908105258_0002_V.MP4,B4,DJI_202609081039_006,31dfe2b1769d6612d1ab72d237dd41d25d69974ac3a0c1303a94212a77ab8465,data/images/31dfe2b1769d6612d1ab72d237dd41d25d69974ac3a0c1303a94212a77ab8465.jpg,False
visible_flame_0_DJI_202609081039_006_pts_v2,000024,19.6196,decoded frame PTS,@raw/04_第四批_20260908_1053_多火点与余热点/01_正式视频/无人机09_1581F7K3C24CS00AX535/DJI_202609081039_006/DJI_20260908105258_0002_V.MP4,B4,DJI_202609081039_006,0d4ee8978c0a6197ab6fa38e8198ae65066079ca6947a473e19d225326de314b,data/images/0d4ee8978c0a6197ab6fa38e8198ae65066079ca6947a473e19d225326de314b.jpg,False
visible_flame_0_DJI_202609081039_006_pts_v2,000025,19.8198,decoded frame PTS,@raw/04_第四批_20260908_1053_多火点与余热点/01_正式视频/无人机09_1581F7K3C24CS00AX535/DJI_202609081039_006/DJI_20260908105258_0002_V.MP4,B4,DJI_202609081039_006,64f0ec510d478c3b9b803fd755d6d67fd35c4fe65f434ba6f7b517376b1407b6,data/images/64f0ec510d478c3b9b803fd755d6d67fd35c4fe65f434ba6f7b517376b1407b6.jpg,False
visible_flame_0_DJI_202609081039_006_pts_v2,000026,20.02,decoded frame PTS,@raw/04_第四批_20260908_1053_多火点与余热点/01_正式视频/无人机09_1581F7K3C24CS00AX535/DJI_202609081039_006/DJI_20260908105258_0002_V.MP4,B4,DJI_202609081039_006,4ef454271c0c6e852ed17cab1e2e28fc0667dd8c5893776256b2b997f32eabf0,data/images/4ef454271c0c6e852ed17cab1e2e28fc0667dd8c5893776256b2b997f32eabf0.jpg,False
visible_flame_0_DJI_202609081039_006_pts_v2,000027,20.2202,decoded frame PTS,@raw/04_第四批_20260908_1053_多火点与余热点/01_正式视频/无人机09_1581F7K3C24CS00AX535/DJI_202609081039_006/DJI_20260908105258_0002_V.MP4,B4,DJI_202609081039_006,45c371351390ec7295e2541e4ceb88ebc6462ace9edabc0bac7c593e862439dc,data/images/45c371351390ec7295e2541e4ceb88ebc6462ace9edabc0bac7c593e862439dc.jpg,False
visible_flame_0_DJI_202609081039_006_pts_v2,000028,20.4204,decoded frame PTS,@raw/04_第四批_20260908_1053_多火点与余热点/01_正式视频/无人机09_1581F7K3C24CS00AX535/DJI_202609081039_006/DJI_20260908105258_0002_V.MP4,B4,DJI_202609081039_006,0d483cdb52d45bccf36ac779b1a898783e16d4b215c6939a2b5e473255ddbfcf,data/images/0d483cdb52d45bccf36ac779b1a898783e16d4b215c6939a2b5e473255ddbfcf.jpg,False
visible_flame_0_DJI_202609081039_006_pts_v2,000029,20.6206,decoded frame PTS,@raw/04_第四批_20260908_1053_多火点与余热点/01_正式视频/无人机09_1581F7K3C24CS00AX535/DJI_202609081039_006/DJI_20260908105258_0002_V.MP4,B4,DJI_202609081039_006,4a81b347e4bbc094a6a1bcfae02325c1fb49640f8e9328916eef29b35126aa97,data/images/4a81b347e4bbc094a6a1bcfae02325c1fb49640f8e9328916eef29b35126aa97.jpg,False
visible_flame_0_DJI_202609081039_006_pts_v2,000030,20.8208,decoded frame PTS,@raw/04_第四批_20260908_1053_多火点与余热点/01_正式视频/无人机09_1581F7K3C24CS00AX535/DJI_202609081039_006/DJI_20260908105258_0002_V.MP4,B4,DJI_202609081039_006,628f9785f1a4b175f4d89681ba0937420d6435933bab74254a53a768b029279a,data/images/628f9785f1a4b175f4d89681ba0937420d6435933bab74254a53a768b029279a.jpg,False
visible_flame_0_DJI_202609081039_006_pts_v2,000031,21.021,decoded frame PTS,@raw/04_第四批_20260908_1053_多火点与余热点/01_正式视频/无人机09_1581F7K3C24CS00AX535/DJI_202609081039_006/DJI_20260908105258_0002_V.MP4,B4,DJI_202609081039_006,68a5edb1396725ddbf896972f0f4bc3c0ff44d4caed2437a448801456df1b098,data/images/68a5edb1396725ddbf896972f0f4bc3c0ff44d4caed2437a448801456df1b098.jpg,False
visible_flame_0_DJI_202609081039_006_pts_v2,000032,21.2212,decoded frame PTS,@raw/04_第四批_20260908_1053_多火点与余热点/01_正式视频/无人机09_1581F7K3C24CS00AX535/DJI_202609081039_006/DJI_20260908105258_0002_V.MP4,B4,DJI_202609081039_006,3be810b671f7b2ba3e411fd055e775d38cb5ff5d51ee2944623aa38716e18f29,data/images/3be810b671f7b2ba3e411fd055e775d38cb5ff5d51ee2944623aa38716e18f29.jpg,False
visible_flame_0_DJI_202609081039_006_pts_v2,000033,21.4214,decoded frame PTS,@raw/04_第四批_20260908_1053_多火点与余热点/01_正式视频/无人机09_1581F7K3C24CS00AX535/DJI_202609081039_006/DJI_20260908105258_0002_V.MP4,B4,DJI_202609081039_006,cae37e8a5dd4aa0c26af9d6ed9266bf6be1d2830b19d4c4d06979da4933b0714,data/images/cae37e8a5dd4aa0c26af9d6ed9266bf6be1d2830b19d4c4d06979da4933b0714.jpg,False
visible_flame_0_DJI_202609081039_006_pts_v2,000034,21.6216,decoded frame PTS,@raw/04_第四批_20260908_1053_多火点与余热点/01_正式视频/无人机09_1581F7K3C24CS00AX535/DJI_202609081039_006/DJI_20260908105258_0002_V.MP4,B4,DJI_202609081039_006,270cc755b74eeab1b657adb3767616c7467b4640e8a6a441319b841415e0649c,data/images/270cc755b74eeab1b657adb3767616c7467b4640e8a6a441319b841415e0649c.jpg,False
visible_flame_0_DJI_202609081039_006_pts_v2,000035,21.8218,decoded frame PTS,@raw/04_第四批_20260908_1053_多火点与余热点/01_正式视频/无人机09_1581F7K3C24CS00AX535/DJI_202609081039_006/DJI_20260908105258_0002_V.MP4,B4,DJI_202609081039_006,aa627040b99b51a90e3afe989369f81084c0abe636fecbb25a2eeca1fa2f989e,data/images/aa627040b99b51a90e3afe989369f81084c0abe636fecbb25a2eeca1fa2f989e.jpg,False
visible_flame_0_DJI_202609081039_006_pts_v2,000036,22.022,decoded frame PTS,@raw/04_第四批_20260908_1053_多火点与余热点/01_正式视频/无人机09_1581F7K3C24CS00AX535/DJI_202609081039_006/DJI_20260908105258_0002_V.MP4,B4,DJI_202609081039_006,18f04912e105f1ef6eda9c0adee0331743be44ac0ae76cc0e8296850109216f4,data/images/18f04912e105f1ef6eda9c0adee0331743be44ac0ae76cc0e8296850109216f4.jpg,False
visible_flame_0_DJI_202609081039_006_pts_v2,000037,22.2222,decoded frame PTS,@raw/04_第四批_20260908_1053_多火点与余热点/01_正式视频/无人机09_1581F7K3C24CS00AX535/DJI_202609081039_006/DJI_20260908105258_0002_V.MP4,B4,DJI_202609081039_006,3c6dad23bd595a01956cd1bd87bc6ca5e43c2982f8de662659689310a333b09a,data/images/3c6dad23bd595a01956cd1bd87bc6ca5e43c2982f8de662659689310a333b09a.jpg,False
visible_flame_0_DJI_202609081039_006_pts_v2,000038,22.4224,decoded frame PTS,@raw/04_第四批_20260908_1053_多火点与余热点/01_正式视频/无人机09_1581F7K3C24CS00AX535/DJI_202609081039_006/DJI_20260908105258_0002_V.MP4,B4,DJI_202609081039_006,f61beb8825ae3647482274747baf0e7008b2c28d98df8d0e3db598ec328bdfaf,data/images/f61beb8825ae3647482274747baf0e7008b2c28d98df8d0e3db598ec328bdfaf.jpg,False
visible_flame_0_DJI_202609081039_006_pts_v2,000039,22.6226,decoded frame PTS,@raw/04_第四批_20260908_1053_多火点与余热点/01_正式视频/无人机09_1581F7K3C24CS00AX535/DJI_202609081039_006/DJI_20260908105258_0002_V.MP4,B4,DJI_202609081039_006,d285cffce90f4b6729bbf3f5bfbd30b9a44afcd3d06631d0b2be90593bb3a3ff,data/images/d285cffce90f4b6729bbf3f5bfbd30b9a44afcd3d06631d0b2be90593bb3a3ff.jpg,False
visible_flame_0_DJI_202609081039_006_pts_v2,000040,22.8228,decoded frame PTS,@raw/04_第四批_20260908_1053_多火点与余热点/01_正式视频/无人机09_1581F7K3C24CS00AX535/DJI_202609081039_006/DJI_20260908105258_0002_V.MP4,B4,DJI_202609081039_006,e04a7cbe1d524fc425faac78acea9343888978a26feec194c0e273711d06fcc4,data/images/e04a7cbe1d524fc425faac78acea9343888978a26feec194c0e273711d06fcc4.jpg,False
visible_flame_0_DJI_202609081039_006_pts_v2,000041,23.023,decoded frame PTS,@raw/04_第四批_20260908_1053_多火点与余热点/01_正式视频/无人机09_1581F7K3C24CS00AX535/DJI_202609081039_006/DJI_20260908105258_0002_V.MP4,B4,DJI_202609081039_006,4e10775211d0300628fb88e6debee1a876c77e12ba32b3465ca6c60f4f55ecfc,data/images/4e10775211d0300628fb88e6debee1a876c77e12ba32b3465ca6c60f4f55ecfc.jpg,False
visible_flame_0_DJI_202609081039_006_pts_v2,000042,23.2232,decoded frame PTS,@raw/04_第四批_20260908_1053_多火点与余热点/01_正式视频/无人机09_1581F7K3C24CS00AX535/DJI_202609081039_006/DJI_20260908105258_0002_V.MP4,B4,DJI_202609081039_006,7f6471bbca03a670910ca634e47ea7f3f672565104d7c49c91360556dad4efcd,data/images/7f6471bbca03a670910ca634e47ea7f3f672565104d7c49c91360556dad4efcd.jpg,False
visible_flame_0_DJI_202609081039_006_pts_v2,000043,23.4234,decoded frame PTS,@raw/04_第四批_20260908_1053_多火点与余热点/01_正式视频/无人机09_1581F7K3C24CS00AX535/DJI_202609081039_006/DJI_20260908105258_0002_V.MP4,B4,DJI_202609081039_006,d465affe5e4de2bee7f5109c6d05434a610d6fff5a10ccd03425790863b28be1,data/images/d465affe5e4de2bee7f5109c6d05434a610d6fff5a10ccd03425790863b28be1.jpg,False
visible_flame_0_DJI_202609081039_006_pts_v2,000044,23.6236,decoded frame PTS,@raw/04_第四批_20260908_1053_多火点与余热点/01_正式视频/无人机09_1581F7K3C24CS00AX535/DJI_202609081039_006/DJI_20260908105258_0002_V.MP4,B4,DJI_202609081039_006,9500f96c0eba1a3f6f8d9d8e46705385f570ef51c56960e5197672dc92dad06c,data/images/9500f96c0eba1a3f6f8d9d8e46705385f570ef51c56960e5197672dc92dad06c.jpg,False
visible_flame_0_DJI_202609081039_006_pts_v2,000045,23.8238,decoded frame PTS,@raw/04_第四批_20260908_1053_多火点与余热点/01_正式视频/无人机09_1581F7K3C24CS00AX535/DJI_202609081039_006/DJI_20260908105258_0002_V.MP4,B4,DJI_202609081039_006,a98d650a730156cbd30adecafca9ae23962660ccf325f52b6e96803ebd9ac4c5,data/images/a98d650a730156cbd30adecafca9ae23962660ccf325f52b6e96803ebd9ac4c5.jpg,False
visible_flame_0_DJI_202609081039_006_pts_v2,000046,24.024,decoded frame PTS,@raw/04_第四批_20260908_1053_多火点与余热点/01_正式视频/无人机09_1581F7K3C24CS00AX535/DJI_202609081039_006/DJI_20260908105258_0002_V.MP4,B4,DJI_202609081039_006,870c2be581db0ab372ed2aebbc498d4f71d9ba481d298ec4c730321a4138d937,data/images/870c2be581db0ab372ed2aebbc498d4f71d9ba481d298ec4c730321a4138d937.jpg,False
visible_flame_0_DJI_202609081039_006_pts_v2,000047,24.2242,decoded frame PTS,@raw/04_第四批_20260908_1053_多火点与余热点/01_正式视频/无人机09_1581F7K3C24CS00AX535/DJI_202609081039_006/DJI_20260908105258_0002_V.MP4,B4,DJI_202609081039_006,adce59d134e25266693439573793c2e005cfa862f0bc4179cb1da3148cfdde79,data/images/adce59d134e25266693439573793c2e005cfa862f0bc4179cb1da3148cfdde79.jpg,False
visible_flame_0_DJI_202609081039_006_pts_v2,000048,24.4244,decoded frame PTS,@raw/04_第四批_20260908_1053_多火点与余热点/01_正式视频/无人机09_1581F7K3C24CS00AX535/DJI_202609081039_006/DJI_20260908105258_0002_V.MP4,B4,DJI_202609081039_006,56d5c1801c5473fb729def8b5603214327056ab2b467f0aa552c3e2c6d5dcd5e,data/images/56d5c1801c5473fb729def8b5603214327056ab2b467f0aa552c3e2c6d5dcd5e.jpg,False
visible_flame_0_DJI_202609081039_006_pts_v2,000049,24.6246,decoded frame PTS,@raw/04_第四批_20260908_1053_多火点与余热点/01_正式视频/无人机09_1581F7K3C24CS00AX535/DJI_202609081039_006/DJI_20260908105258_0002_V.MP4,B4,DJI_202609081039_006,14835e3ce756027bd5896825ea321681f2a425b069282dcfb710a084a8a35514,data/images/14835e3ce756027bd5896825ea321681f2a425b069282dcfb710a084a8a35514.jpg,False
visible_flame_0_DJI_202609081039_006_pts_v2,000050,24.8248,decoded frame PTS,@raw/04_第四批_20260908_1053_多火点与余热点/01_正式视频/无人机09_1581F7K3C24CS00AX535/DJI_202609081039_006/DJI_20260908105258_0002_V.MP4,B4,DJI_202609081039_006,c27411fed12e86b6600263c0e88cb0c44143e40b13bca5918f7d44e90f8393b1,data/images/c27411fed12e86b6600263c0e88cb0c44143e40b13bca5918f7d44e90f8393b1.jpg,False
visible_flame_0_DJI_202609081039_006_pts_v2,000051,25.025,decoded frame PTS,@raw/04_第四批_20260908_1053_多火点与余热点/01_正式视频/无人机09_1581F7K3C24CS00AX535/DJI_202609081039_006/DJI_20260908105258_0002_V.MP4,B4,DJI_202609081039_006,4ba04230c680104732f51ef8ea0864c30d41fceaec46169f358f2c3b13437fdf,data/images/4ba04230c680104732f51ef8ea0864c30d41fceaec46169f358f2c3b13437fdf.jpg,False
visible_flame_0_DJI_202609081039_006_pts_v2,000052,25.2252,decoded frame PTS,@raw/04_第四批_20260908_1053_多火点与余热点/01_正式视频/无人机09_1581F7K3C24CS00AX535/DJI_202609081039_006/DJI_20260908105258_0002_V.MP4,B4,DJI_202609081039_006,959326529fd684f2dce7bc4b80f82b22ee587b61dd263645e98f9ed79b73ac54,data/images/959326529fd684f2dce7bc4b80f82b22ee587b61dd263645e98f9ed79b73ac54.jpg,False
visible_flame_0_DJI_202609081039_006_pts_v2,000053,25.4254,decoded frame PTS,@raw/04_第四批_20260908_1053_多火点与余热点/01_正式视频/无人机09_1581F7K3C24CS00AX535/DJI_202609081039_006/DJI_20260908105258_0002_V.MP4,B4,DJI_202609081039_006,70e77b178590044e3d10ac62be94869cdb821c2d32682258a2a29ee5c006e05f,data/images/70e77b178590044e3d10ac62be94869cdb821c2d32682258a2a29ee5c006e05f.jpg,False
visible_flame_0_DJI_202609081039_006_pts_v2,000054,25.6256,decoded frame PTS,@raw/04_第四批_20260908_1053_多火点与余热点/01_正式视频/无人机09_1581F7K3C24CS00AX535/DJI_202609081039_006/DJI_20260908105258_0002_V.MP4,B4,DJI_202609081039_006,43edf1fba92cdecc23a748eac137af72c5e9b9be1f94cb20a46971aa9b90bcca,data/images/43edf1fba92cdecc23a748eac137af72c5e9b9be1f94cb20a46971aa9b90bcca.jpg,False
visible_flame_0_DJI_202609081039_006_pts_v2,000055,25.8258,decoded frame PTS,@raw/04_第四批_20260908_1053_多火点与余热点/01_正式视频/无人机09_1581F7K3C24CS00AX535/DJI_202609081039_006/DJI_20260908105258_0002_V.MP4,B4,DJI_202609081039_006,ca0d2de5e05ec32e29e125ba9797f94c8675729d008d4aad94aa9021d722d13a,data/images/ca0d2de5e05ec32e29e125ba9797f94c8675729d008d4aad94aa9021d722d13a.jpg,False
visible_flame_0_DJI_202609081039_006_pts_v2,000056,26.026,decoded frame PTS,@raw/04_第四批_20260908_1053_多火点与余热点/01_正式视频/无人机09_1581F7K3C24CS00AX535/DJI_202609081039_006/DJI_20260908105258_0002_V.MP4,B4,DJI_202609081039_006,6443eb10c7c087de7a3ee04cbd907e14fe2b86f9cd676f3074550654e2ebbbb1,data/images/6443eb10c7c087de7a3ee04cbd907e14fe2b86f9cd676f3074550654e2ebbbb1.jpg,False
visible_flame_0_DJI_202609081039_006_pts_v2,000057,26.2262,decoded frame PTS,@raw/04_第四批_20260908_1053_多火点与余热点/01_正式视频/无人机09_1581F7K3C24CS00AX535/DJI_202609081039_006/DJI_20260908105258_0002_V.MP4,B4,DJI_202609081039_006,875f9d77e9ae4306fc7674bba4b63c8ee0131ce33e2bb45385bc958b3c2c8f0a,data/images/875f9d77e9ae4306fc7674bba4b63c8ee0131ce33e2bb45385bc958b3c2c8f0a.jpg,False
visible_flame_0_DJI_202609081039_006_pts_v2,000058,26.4264,decoded frame PTS,@raw/04_第四批_20260908_1053_多火点与余热点/01_正式视频/无人机09_1581F7K3C24CS00AX535/DJI_202609081039_006/DJI_20260908105258_0002_V.MP4,B4,DJI_202609081039_006,24fdb2a693afbf637db599254980a6cada26d7621502a54f26d15b04db854470,data/images/24fdb2a693afbf637db599254980a6cada26d7621502a54f26d15b04db854470.jpg,False
visible_flame_0_DJI_202609081039_006_pts_v2,000059,26.6266,decoded frame PTS,@raw/04_第四批_20260908_1053_多火点与余热点/01_正式视频/无人机09_1581F7K3C24CS00AX535/DJI_202609081039_006/DJI_20260908105258_0002_V.MP4,B4,DJI_202609081039_006,74dd2e0349a8d24e9192af5bda3c01e231a7f389b6066b62288533ad1584d794,data/images/74dd2e0349a8d24e9192af5bda3c01e231a7f389b6066b62288533ad1584d794.jpg,False
visible_flame_0_DJI_202609081039_006_pts_v2,000060,26.8268,decoded frame PTS,@raw/04_第四批_20260908_1053_多火点与余热点/01_正式视频/无人机09_1581F7K3C24CS00AX535/DJI_202609081039_006/DJI_20260908105258_0002_V.MP4,B4,DJI_202609081039_006,0476bc7d19ae364c96486e4b68eded17de41c8064e06a417770b6225c64c0085,data/images/0476bc7d19ae364c96486e4b68eded17de41c8064e06a417770b6225c64c0085.jpg,False
visible_flame_0_DJI_202609081039_006_pts_v2,000061,27.027,decoded frame PTS,@raw/04_第四批_20260908_1053_多火点与余热点/01_正式视频/无人机09_1581F7K3C24CS00AX535/DJI_202609081039_006/DJI_20260908105258_0002_V.MP4,B4,DJI_202609081039_006,453438202745f61edca8285e6978292c1920998744c6352f2277fbfb70bda34b,data/images/453438202745f61edca8285e6978292c1920998744c6352f2277fbfb70bda34b.jpg,False
visible_flame_0_DJI_202609081039_006_pts_v2,000062,27.2272,decoded frame PTS,@raw/04_第四批_20260908_1053_多火点与余热点/01_正式视频/无人机09_1581F7K3C24CS00AX535/DJI_202609081039_006/DJI_20260908105258_0002_V.MP4,B4,DJI_202609081039_006,1af45b4719d6d1011e9c6594330de954406eb1abe1f14a9b367ef30b3bf6c847,data/images/1af45b4719d6d1011e9c6594330de954406eb1abe1f14a9b367ef30b3bf6c847.jpg,False
visible_flame_0_DJI_202609081039_006_pts_v2,000063,27.4274,decoded frame PTS,@raw/04_第四批_20260908_1053_多火点与余热点/01_正式视频/无人机09_1581F7K3C24CS00AX535/DJI_202609081039_006/DJI_20260908105258_0002_V.MP4,B4,DJI_202609081039_006,663ec0e4c1e16dbf79d0d23edfbf1c7ecc42fbb83c70a23b6e4cae42d5a06842,data/images/663ec0e4c1e16dbf79d0d23edfbf1c7ecc42fbb83c70a23b6e4cae42d5a06842.jpg,False
visible_flame_0_DJI_202609081039_006_pts_v2,000064,27.6276,decoded frame PTS,@raw/04_第四批_20260908_1053_多火点与余热点/01_正式视频/无人机09_1581F7K3C24CS00AX535/DJI_202609081039_006/DJI_20260908105258_0002_V.MP4,B4,DJI_202609081039_006,4e7dddc4ae8a7de327cbd650de87d37280c612c1075c324ba7a196aa14a13e3e,data/images/4e7dddc4ae8a7de327cbd650de87d37280c612c1075c324ba7a196aa14a13e3e.jpg,False
visible_flame_0_DJI_202609081039_006_pts_v2,000065,27.8278,decoded frame PTS,@raw/04_第四批_20260908_1053_多火点与余热点/01_正式视频/无人机09_1581F7K3C24CS00AX535/DJI_202609081039_006/DJI_20260908105258_0002_V.MP4,B4,DJI_202609081039_006,4a69f6fe5398ad2c16e8420b01f7b276e3c2da3b27e667c0e5b2296d26f60418,data/images/4a69f6fe5398ad2c16e8420b01f7b276e3c2da3b27e667c0e5b2296d26f60418.jpg,False
visible_flame_0_DJI_202609081039_006_pts_v2,000066,28.028,decoded frame PTS,@raw/04_第四批_20260908_1053_多火点与余热点/01_正式视频/无人机09_1581F7K3C24CS00AX535/DJI_202609081039_006/DJI_20260908105258_0002_V.MP4,B4,DJI_202609081039_006,de6c4cd1ae1e7e97f172492dc1cdc61b711f70677d9fda6de1155f61bbc236ce,data/images/de6c4cd1ae1e7e97f172492dc1cdc61b711f70677d9fda6de1155f61bbc236ce.jpg,False
visible_flame_0_DJI_202609081039_006_pts_v2,000067,28.2282,decoded frame PTS,@raw/04_第四批_20260908_1053_多火点与余热点/01_正式视频/无人机09_1581F7K3C24CS00AX535/DJI_202609081039_006/DJI_20260908105258_0002_V.MP4,B4,DJI_202609081039_006,dc43648dba6325c6f92e2e1d26a90c8aeb331bbb49d159401e881d86e89baa1b,data/images/dc43648dba6325c6f92e2e1d26a90c8aeb331bbb49d159401e881d86e89baa1b.jpg,False
visible_flame_0_DJI_202609081039_006_pts_v2,000068,28.4284,decoded frame PTS,@raw/04_第四批_20260908_1053_多火点与余热点/01_正式视频/无人机09_1581F7K3C24CS00AX535/DJI_202609081039_006/DJI_20260908105258_0002_V.MP4,B4,DJI_202609081039_006,fbd8c30c00364175a27ba00dd595fda4d8a16b3220b45e6b5491baabecd0e76a,data/images/fbd8c30c00364175a27ba00dd595fda4d8a16b3220b45e6b5491baabecd0e76a.jpg,False
visible_flame_0_DJI_202609081039_006_pts_v2,000069,28.6286,decoded frame PTS,@raw/04_第四批_20260908_1053_多火点与余热点/01_正式视频/无人机09_1581F7K3C24CS00AX535/DJI_202609081039_006/DJI_20260908105258_0002_V.MP4,B4,DJI_202609081039_006,6429496c9931ed7e6911be0b7ba131e574cce8c4c4eb8c51966ccd92c34db27e,data/images/6429496c9931ed7e6911be0b7ba131e574cce8c4c4eb8c51966ccd92c34db27e.jpg,False
visible_flame_0_DJI_202609081039_006_pts_v2,000070,28.8288,decoded frame PTS,@raw/04_第四批_20260908_1053_多火点与余热点/01_正式视频/无人机09_1581F7K3C24CS00AX535/DJI_202609081039_006/DJI_20260908105258_0002_V.MP4,B4,DJI_202609081039_006,a4d174379fb3750389b6f15689b87c58ceb31b3fcb9b643c3e56583c45a91f3e,data/images/a4d174379fb3750389b6f15689b87c58ceb31b3fcb9b643c3e56583c45a91f3e.jpg,False
visible_flame_0_DJI_202609081039_006_pts_v2,000071,29.029,decoded frame PTS,@raw/04_第四批_20260908_1053_多火点与余热点/01_正式视频/无人机09_1581F7K3C24CS00AX535/DJI_202609081039_006/DJI_20260908105258_0002_V.MP4,B4,DJI_202609081039_006,3485f1431d8411ec383e921134fbe87d368a06c1e1f4b5d399826c9ead936046,data/images/3485f1431d8411ec383e921134fbe87d368a06c1e1f4b5d399826c9ead936046.jpg,False
visible_flame_0_DJI_202609081039_006_pts_v2,000072,29.2292,decoded frame PTS,@raw/04_第四批_20260908_1053_多火点与余热点/01_正式视频/无人机09_1581F7K3C24CS00AX535/DJI_202609081039_006/DJI_20260908105258_0002_V.MP4,B4,DJI_202609081039_006,f62f5b631714424f587fc564d40746f9e007b9b5cbe9c5ba6095093641dbefc9,data/images/f62f5b631714424f587fc564d40746f9e007b9b5cbe9c5ba6095093641dbefc9.jpg,False
visible_flame_0_DJI_202609081039_006_pts_v2,000073,29.4294,decoded frame PTS,@raw/04_第四批_20260908_1053_多火点与余热点/01_正式视频/无人机09_1581F7K3C24CS00AX535/DJI_202609081039_006/DJI_20260908105258_0002_V.MP4,B4,DJI_202609081039_006,3d6bc846836dc96e192e466d95f16071cba6afa024991e724ba0895ddb019519,data/images/3d6bc846836dc96e192e466d95f16071cba6afa024991e724ba0895ddb019519.jpg,False
visible_flame_0_DJI_202609081039_006_pts_v2,000074,29.6296,decoded frame PTS,@raw/04_第四批_20260908_1053_多火点与余热点/01_正式视频/无人机09_1581F7K3C24CS00AX535/DJI_202609081039_006/DJI_20260908105258_0002_V.MP4,B4,DJI_202609081039_006,5f3c658d944a91314e96d564097af1c451eeb44e73358b4af90cf151961f1d93,data/images/5f3c658d944a91314e96d564097af1c451eeb44e73358b4af90cf151961f1d93.jpg,False
visible_flame_0_DJI_202609081039_006_pts_v2,000075,29.8298,decoded frame PTS,@raw/04_第四批_20260908_1053_多火点与余热点/01_正式视频/无人机09_1581F7K3C24CS00AX535/DJI_202609081039_006/DJI_20260908105258_0002_V.MP4,B4,DJI_202609081039_006,0d116a1eb88d49d8c1f332c96797a44211be0adc206f71d1d7d471b4cfc3f700,data/images/0d116a1eb88d49d8c1f332c96797a44211be0adc206f71d1d7d471b4cfc3f700.jpg,False
visible_flame_0_DJI_202609081039_006_pts_v2,000076,30.03,decoded frame PTS,@raw/04_第四批_20260908_1053_多火点与余热点/01_正式视频/无人机09_1581F7K3C24CS00AX535/DJI_202609081039_006/DJI_20260908105258_0002_V.MP4,B4,DJI_202609081039_006,11c32dcb5f2d4e9fc71e1dfd2b1d3012344e9c520282f3cd906e4f627f39432d,data/images/11c32dcb5f2d4e9fc71e1dfd2b1d3012344e9c520282f3cd906e4f627f39432d.jpg,False
visible_flame_0_DJI_202609081039_006_pts_v2,000077,30.2302,decoded frame PTS,@raw/04_第四批_20260908_1053_多火点与余热点/01_正式视频/无人机09_1581F7K3C24CS00AX535/DJI_202609081039_006/DJI_20260908105258_0002_V.MP4,B4,DJI_202609081039_006,2b1d63e4bc90ebafcfdc5a68625468b50b62347038edd4921b12339f6b909385,data/images/2b1d63e4bc90ebafcfdc5a68625468b50b62347038edd4921b12339f6b909385.jpg,False
visible_flame_0_DJI_202609081039_006_pts_v2,000078,30.4304,decoded frame PTS,@raw/04_第四批_20260908_1053_多火点与余热点/01_正式视频/无人机09_1581F7K3C24CS00AX535/DJI_202609081039_006/DJI_20260908105258_0002_V.MP4,B4,DJI_202609081039_006,a0f467dd90e5496ec7de0d99e21d2fd6f77b98e4c1278907dafcde64582f3796,data/images/a0f467dd90e5496ec7de0d99e21d2fd6f77b98e4c1278907dafcde64582f3796.jpg,False
visible_flame_0_DJI_202609081039_006_pts_v2,000079,30.6306,decoded frame PTS,@raw/04_第四批_20260908_1053_多火点与余热点/01_正式视频/无人机09_1581F7K3C24CS00AX535/DJI_202609081039_006/DJI_20260908105258_0002_V.MP4,B4,DJI_202609081039_006,0c8bbd74f8150d18a30208417e919612eb639308863544a0537bfe86c988bee0,data/images/0c8bbd74f8150d18a30208417e919612eb639308863544a0537bfe86c988bee0.jpg,False
visible_flame_0_DJI_202609081039_006_pts_v2,000080,30.8308,decoded frame PTS,@raw/04_第四批_20260908_1053_多火点与余热点/01_正式视频/无人机09_1581F7K3C24CS00AX535/DJI_202609081039_006/DJI_20260908105258_0002_V.MP4,B4,DJI_202609081039_006,46da9d4d695ff8e497d170715290732b2dfca9c9a5fc3116d70aecc71adee43f,data/images/46da9d4d695ff8e497d170715290732b2dfca9c9a5fc3116d70aecc71adee43f.jpg,False
visible_flame_0_DJI_202609081039_006_pts_v2,000081,31.031,decoded frame PTS,@raw/04_第四批_20260908_1053_多火点与余热点/01_正式视频/无人机09_1581F7K3C24CS00AX535/DJI_202609081039_006/DJI_20260908105258_0002_V.MP4,B4,DJI_202609081039_006,429f2a514d5c2a4d6ef5ca5f652f8e95cf5f5f41de10944bf6f04b7e4ac4b85e,data/images/429f2a514d5c2a4d6ef5ca5f652f8e95cf5f5f41de10944bf6f04b7e4ac4b85e.jpg,False
visible_flame_0_DJI_202609081039_006_pts_v2,000082,31.2312,decoded frame PTS,@raw/04_第四批_20260908_1053_多火点与余热点/01_正式视频/无人机09_1581F7K3C24CS00AX535/DJI_202609081039_006/DJI_20260908105258_0002_V.MP4,B4,DJI_202609081039_006,ae6c3cdb7b10bea05b6ebf316a75ee3d309f8e6057e66e6ded90db00348e1057,data/images/ae6c3cdb7b10bea05b6ebf316a75ee3d309f8e6057e66e6ded90db00348e1057.jpg,False
visible_flame_0_DJI_202609081039_006_pts_v2,000083,31.4314,decoded frame PTS,@raw/04_第四批_20260908_1053_多火点与余热点/01_正式视频/无人机09_1581F7K3C24CS00AX535/DJI_202609081039_006/DJI_20260908105258_0002_V.MP4,B4,DJI_202609081039_006,f37907a663711ffe0b02e5639252b9cbd653b9459994df8ad046e6d7a8ca64e3,data/images/f37907a663711ffe0b02e5639252b9cbd653b9459994df8ad046e6d7a8ca64e3.jpg,False
visible_flame_0_DJI_202609081039_006_pts_v2,000084,31.6316,decoded frame PTS,@raw/04_第四批_20260908_1053_多火点与余热点/01_正式视频/无人机09_1581F7K3C24CS00AX535/DJI_202609081039_006/DJI_20260908105258_0002_V.MP4,B4,DJI_202609081039_006,533f310732fc16aa938a4b8432c90aa5ee53cb3120dfbdafeee38cc637740371,data/images/533f310732fc16aa938a4b8432c90aa5ee53cb3120dfbdafeee38cc637740371.jpg,False
visible_flame_0_DJI_202609081039_006_pts_v2,000085,31.8318,decoded frame PTS,@raw/04_第四批_20260908_1053_多火点与余热点/01_正式视频/无人机09_1581F7K3C24CS00AX535/DJI_202609081039_006/DJI_20260908105258_0002_V.MP4,B4,DJI_202609081039_006,d08bf9d243a8d88d47439764b45332671588ce30f18f0bf1c30908e83de360b1,data/images/d08bf9d243a8d88d47439764b45332671588ce30f18f0bf1c30908e83de360b1.jpg,False
visible_flame_0_DJI_202609081039_006_pts_v2,000086,32.032,decoded frame PTS,@raw/04_第四批_20260908_1053_多火点与余热点/01_正式视频/无人机09_1581F7K3C24CS00AX535/DJI_202609081039_006/DJI_20260908105258_0002_V.MP4,B4,DJI_202609081039_006,21c69542047507690647c157c8bd59ffcfa64619901c78c28959436442053922,data/images/21c69542047507690647c157c8bd59ffcfa64619901c78c28959436442053922.jpg,False
visible_flame_0_DJI_202609081039_006_pts_v2,000087,32.2322,decoded frame PTS,@raw/04_第四批_20260908_1053_多火点与余热点/01_正式视频/无人机09_1581F7K3C24CS00AX535/DJI_202609081039_006/DJI_20260908105258_0002_V.MP4,B4,DJI_202609081039_006,934c791862770f89b74530a5a09fbb2a985ef961d7cbb5ea17bf20c75dae83c4,data/images/934c791862770f89b74530a5a09fbb2a985ef961d7cbb5ea17bf20c75dae83c4.jpg,False
visible_flame_0_DJI_202609081039_006_pts_v2,000088,32.4324,decoded frame PTS,@raw/04_第四批_20260908_1053_多火点与余热点/01_正式视频/无人机09_1581F7K3C24CS00AX535/DJI_202609081039_006/DJI_20260908105258_0002_V.MP4,B4,DJI_202609081039_006,6b742006570aed94543a0f3375296e7c2df3dfd0f8eeeb260966aad492e08e78,data/images/6b742006570aed94543a0f3375296e7c2df3dfd0f8eeeb260966aad492e08e78.jpg,False
visible_flame_0_DJI_202609081039_006_pts_v2,000089,32.6326,decoded frame PTS,@raw/04_第四批_20260908_1053_多火点与余热点/01_正式视频/无人机09_1581F7K3C24CS00AX535/DJI_202609081039_006/DJI_20260908105258_0002_V.MP4,B4,DJI_202609081039_006,dd56b32fb261c8dad1934c93a947307022470cf51d92c058fa8f5e6ddbc1fd1b,data/images/dd56b32fb261c8dad1934c93a947307022470cf51d92c058fa8f5e6ddbc1fd1b.jpg,False
visible_flame_0_DJI_202609081039_006_pts_v2,000090,32.8328,decoded frame PTS,@raw/04_第四批_20260908_1053_多火点与余热点/01_正式视频/无人机09_1581F7K3C24CS00AX535/DJI_202609081039_006/DJI_20260908105258_0002_V.MP4,B4,DJI_202609081039_006,56b090792bd854d6fc4c01e39e110f1ce220f453e7f725b6b5e0ed9080969981,data/images/56b090792bd854d6fc4c01e39e110f1ce220f453e7f725b6b5e0ed9080969981.jpg,False
visible_flame_0_DJI_202609081039_006_pts_v2,000091,33.033,decoded frame PTS,@raw/04_第四批_20260908_1053_多火点与余热点/01_正式视频/无人机09_1581F7K3C24CS00AX535/DJI_202609081039_006/DJI_20260908105258_0002_V.MP4,B4,DJI_202609081039_006,abeb8fd4c6c488ca2ac3745feb9c281af992f433f009085c356a812cecdd9018,data/images/abeb8fd4c6c488ca2ac3745feb9c281af992f433f009085c356a812cecdd9018.jpg,False
visible_flame_0_DJI_202609081039_006_pts_v2,000092,33.2332,decoded frame PTS,@raw/04_第四批_20260908_1053_多火点与余热点/01_正式视频/无人机09_1581F7K3C24CS00AX535/DJI_202609081039_006/DJI_20260908105258_0002_V.MP4,B4,DJI_202609081039_006,b0c9118652083258d2110dfa1f5cdcf1a59a461dc951054ba2836ee39fbaf68a,data/images/b0c9118652083258d2110dfa1f5cdcf1a59a461dc951054ba2836ee39fbaf68a.jpg,False
visible_flame_0_DJI_202609081039_006_pts_v2,000093,33.4334,decoded frame PTS,@raw/04_第四批_20260908_1053_多火点与余热点/01_正式视频/无人机09_1581F7K3C24CS00AX535/DJI_202609081039_006/DJI_20260908105258_0002_V.MP4,B4,DJI_202609081039_006,c058b874bdab78d35d04912be1a56e9536e79bf8343f5c8ac33bc8927b749128,data/images/c058b874bdab78d35d04912be1a56e9536e79bf8343f5c8ac33bc8927b749128.jpg,False
visible_flame_0_DJI_202609081039_006_pts_v2,000094,33.6336,decoded frame PTS,@raw/04_第四批_20260908_1053_多火点与余热点/01_正式视频/无人机09_1581F7K3C24CS00AX535/DJI_202609081039_006/DJI_20260908105258_0002_V.MP4,B4,DJI_202609081039_006,965107ccb65cfdc5da65dbf489b9865146fe1addcb2a3f0ab484ab7ec605b782,data/images/965107ccb65cfdc5da65dbf489b9865146fe1addcb2a3f0ab484ab7ec605b782.jpg,False
visible_flame_0_DJI_202609081039_006_pts_v2,000095,33.8338,decoded frame PTS,@raw/04_第四批_20260908_1053_多火点与余热点/01_正式视频/无人机09_1581F7K3C24CS00AX535/DJI_202609081039_006/DJI_20260908105258_0002_V.MP4,B4,DJI_202609081039_006,17da3b7cb70493bab208ac6e56b671047f8e1c14ac3e2f205de3479f0cff8867,data/images/17da3b7cb70493bab208ac6e56b671047f8e1c14ac3e2f205de3479f0cff8867.jpg,False
visible_flame_0_DJI_202609081039_006_pts_v2,000096,34.034,decoded frame PTS,@raw/04_第四批_20260908_1053_多火点与余热点/01_正式视频/无人机09_1581F7K3C24CS00AX535/DJI_202609081039_006/DJI_20260908105258_0002_V.MP4,B4,DJI_202609081039_006,819fd6d999fc18476996d56b3987db54bb29eaf90a8a325a8384b8c64a548c3d,data/images/819fd6d999fc18476996d56b3987db54bb29eaf90a8a325a8384b8c64a548c3d.jpg,False
visible_flame_0_DJI_202609081039_006_pts_v2,000097,34.2342,decoded frame PTS,@raw/04_第四批_20260908_1053_多火点与余热点/01_正式视频/无人机09_1581F7K3C24CS00AX535/DJI_202609081039_006/DJI_20260908105258_0002_V.MP4,B4,DJI_202609081039_006,3e97feb4c248f1d17748707b201c6a16c91d8d2afa8cd2fe8be6b5cbb4b0ef2d,data/images/3e97feb4c248f1d17748707b201c6a16c91d8d2afa8cd2fe8be6b5cbb4b0ef2d.jpg,False
visible_flame_0_DJI_202609081039_006_pts_v2,000098,34.4344,decoded frame PTS,@raw/04_第四批_20260908_1053_多火点与余热点/01_正式视频/无人机09_1581F7K3C24CS00AX535/DJI_202609081039_006/DJI_20260908105258_0002_V.MP4,B4,DJI_202609081039_006,6bcd9871935fa26762a544e43587a4db8cac0cec525cfbc4d6c7d2677c810834,data/images/6bcd9871935fa26762a544e43587a4db8cac0cec525cfbc4d6c7d2677c810834.jpg,False
visible_flame_0_DJI_202609081039_006_pts_v2,000099,34.6346,decoded frame PTS,@raw/04_第四批_20260908_1053_多火点与余热点/01_正式视频/无人机09_1581F7K3C24CS00AX535/DJI_202609081039_006/DJI_20260908105258_0002_V.MP4,B4,DJI_202609081039_006,c11858d350c3e11c2d235339da8c109bde4539a9465a9cae0e136b75ecd06c67,data/images/c11858d350c3e11c2d235339da8c109bde4539a9465a9cae0e136b75ecd06c67.jpg,False
visible_flame_0_DJI_202609081039_006_pts_v2,000100,34.8348,decoded frame PTS,@raw/04_第四批_20260908_1053_多火点与余热点/01_正式视频/无人机09_1581F7K3C24CS00AX535/DJI_202609081039_006/DJI_20260908105258_0002_V.MP4,B4,DJI_202609081039_006,a80d3bae0e4192d68d6d6c246e53134fb73dba653a9ab128e63cd524874efa44,data/images/a80d3bae0e4192d68d6d6c246e53134fb73dba653a9ab128e63cd524874efa44.jpg,False
visible_flame_0_DJI_202609081039_006_pts_v2,000101,35.035,decoded frame PTS,@raw/04_第四批_20260908_1053_多火点与余热点/01_正式视频/无人机09_1581F7K3C24CS00AX535/DJI_202609081039_006/DJI_20260908105258_0002_V.MP4,B4,DJI_202609081039_006,ddc4ffc45b8f3c08bc0135b44af1f42b7b745f4aa6f505a9364e0df2940a7104,data/images/ddc4ffc45b8f3c08bc0135b44af1f42b7b745f4aa6f505a9364e0df2940a7104.jpg,False
visible_flame_0_DJI_202609081039_006_pts_v2,000102,35.2352,decoded frame PTS,@raw/04_第四批_20260908_1053_多火点与余热点/01_正式视频/无人机09_1581F7K3C24CS00AX535/DJI_202609081039_006/DJI_20260908105258_0002_V.MP4,B4,DJI_202609081039_006,b7c37f4dc3540c383b4eaa34f32c9240dfb2bea5907c2fd61e780e36a7f62af0,data/images/b7c37f4dc3540c383b4eaa34f32c9240dfb2bea5907c2fd61e780e36a7f62af0.jpg,False
visible_flame_0_DJI_202609081039_006_pts_v2,000103,35.4354,decoded frame PTS,@raw/04_第四批_20260908_1053_多火点与余热点/01_正式视频/无人机09_1581F7K3C24CS00AX535/DJI_202609081039_006/DJI_20260908105258_0002_V.MP4,B4,DJI_202609081039_006,47ec0eef8164811883ac67f3c40c5b2176219e2584e904211eae6b190589c364,data/images/47ec0eef8164811883ac67f3c40c5b2176219e2584e904211eae6b190589c364.jpg,False
visible_flame_0_DJI_202609081039_006_pts_v2,000104,35.6356,decoded frame PTS,@raw/04_第四批_20260908_1053_多火点与余热点/01_正式视频/无人机09_1581F7K3C24CS00AX535/DJI_202609081039_006/DJI_20260908105258_0002_V.MP4,B4,DJI_202609081039_006,c76d11fff972df0769811a46d87378c1dda729fdeb93a91efa5b74bfba757724,data/images/c76d11fff972df0769811a46d87378c1dda729fdeb93a91efa5b74bfba757724.jpg,False
visible_flame_0_DJI_202609081039_006_pts_v2,000105,35.8358,decoded frame PTS,@raw/04_第四批_20260908_1053_多火点与余热点/01_正式视频/无人机09_1581F7K3C24CS00AX535/DJI_202609081039_006/DJI_20260908105258_0002_V.MP4,B4,DJI_202609081039_006,48d876b76c3e1af2c0eb1b62f5431e456b0c170947b124abab86d90b04a51c9c,data/images/48d876b76c3e1af2c0eb1b62f5431e456b0c170947b124abab86d90b04a51c9c.jpg,False
visible_flame_0_DJI_202609081039_006_pts_v2,000106,36.036,decoded frame PTS,@raw/04_第四批_20260908_1053_多火点与余热点/01_正式视频/无人机09_1581F7K3C24CS00AX535/DJI_202609081039_006/DJI_20260908105258_0002_V.MP4,B4,DJI_202609081039_006,42cda7fe5a915a4af158c6c07100672415046711fe25d2a8cd01ba1709431f06,data/images/42cda7fe5a915a4af158c6c07100672415046711fe25d2a8cd01ba1709431f06.jpg,False
visible_flame_0_DJI_202609081039_006_pts_v2,000107,36.2362,decoded frame PTS,@raw/04_第四批_20260908_1053_多火点与余热点/01_正式视频/无人机09_1581F7K3C24CS00AX535/DJI_202609081039_006/DJI_20260908105258_0002_V.MP4,B4,DJI_202609081039_006,90ea85e414470f05e82fcde66b8f6fe0f238e450b9ac1f8affec626d8e62055d,data/images/90ea85e414470f05e82fcde66b8f6fe0f238e450b9ac1f8affec626d8e62055d.jpg,False
visible_flame_0_DJI_202609081039_006_pts_v2,000108,36.4364,decoded frame PTS,@raw/04_第四批_20260908_1053_多火点与余热点/01_正式视频/无人机09_1581F7K3C24CS00AX535/DJI_202609081039_006/DJI_20260908105258_0002_V.MP4,B4,DJI_202609081039_006,22f6ead1ff2c9dae2299421ea2a1e25ee5be5112ac62470ef625b743764aa3d7,data/images/22f6ead1ff2c9dae2299421ea2a1e25ee5be5112ac62470ef625b743764aa3d7.jpg,False
visible_flame_0_DJI_202609081039_006_pts_v2,000109,36.6366,decoded frame PTS,@raw/04_第四批_20260908_1053_多火点与余热点/01_正式视频/无人机09_1581F7K3C24CS00AX535/DJI_202609081039_006/DJI_20260908105258_0002_V.MP4,B4,DJI_202609081039_006,da3fabe89f6a76c53a9e77ec40408e795a45b76e216bcb28c26b38d2cb2a9cd3,data/images/da3fabe89f6a76c53a9e77ec40408e795a45b76e216bcb28c26b38d2cb2a9cd3.jpg,False
visible_flame_0_DJI_202609081039_006_pts_v2,000110,36.8368,decoded frame PTS,@raw/04_第四批_20260908_1053_多火点与余热点/01_正式视频/无人机09_1581F7K3C24CS00AX535/DJI_202609081039_006/DJI_20260908105258_0002_V.MP4,B4,DJI_202609081039_006,7cc2776f18d6bb1fc7ea4316a07f7e3916c4e1e670ad99acbdcfd8b46cd26268,data/images/7cc2776f18d6bb1fc7ea4316a07f7e3916c4e1e670ad99acbdcfd8b46cd26268.jpg,False
visible_flame_0_DJI_202609081039_006_pts_v2,000111,37.037,decoded frame PTS,@raw/04_第四批_20260908_1053_多火点与余热点/01_正式视频/无人机09_1581F7K3C24CS00AX535/DJI_202609081039_006/DJI_20260908105258_0002_V.MP4,B4,DJI_202609081039_006,f349aa140c416045b7dd342f879fe064e5da12afb47c69961788c4444eac61d4,data/images/f349aa140c416045b7dd342f879fe064e5da12afb47c69961788c4444eac61d4.jpg,False
visible_flame_0_DJI_202609081039_006_pts_v2,000112,37.2372,decoded frame PTS,@raw/04_第四批_20260908_1053_多火点与余热点/01_正式视频/无人机09_1581F7K3C24CS00AX535/DJI_202609081039_006/DJI_20260908105258_0002_V.MP4,B4,DJI_202609081039_006,0533907684ec218f0853a4c9a90888d97f245aa610496e731ff9e4537f521fed,data/images/0533907684ec218f0853a4c9a90888d97f245aa610496e731ff9e4537f521fed.jpg,False
visible_flame_0_DJI_202609081039_006_pts_v2,000113,37.4374,decoded frame PTS,@raw/04_第四批_20260908_1053_多火点与余热点/01_正式视频/无人机09_1581F7K3C24CS00AX535/DJI_202609081039_006/DJI_20260908105258_0002_V.MP4,B4,DJI_202609081039_006,a8dd283ceb3191327b438ac286735826a585bfaf992ccf771f47b356a2ef8fe5,data/images/a8dd283ceb3191327b438ac286735826a585bfaf992ccf771f47b356a2ef8fe5.jpg,False
visible_flame_0_DJI_202609081039_006_pts_v2,000114,37.6376,decoded frame PTS,@raw/04_第四批_20260908_1053_多火点与余热点/01_正式视频/无人机09_1581F7K3C24CS00AX535/DJI_202609081039_006/DJI_20260908105258_0002_V.MP4,B4,DJI_202609081039_006,d8f0e459d9d250fe075bb59d5667b88a4fdd3bdfc8f89fe58c2fd9ed4d892f3e,data/images/d8f0e459d9d250fe075bb59d5667b88a4fdd3bdfc8f89fe58c2fd9ed4d892f3e.jpg,False
visible_flame_0_DJI_202609081039_006_pts_v2,000115,37.8378,decoded frame PTS,@raw/04_第四批_20260908_1053_多火点与余热点/01_正式视频/无人机09_1581F7K3C24CS00AX535/DJI_202609081039_006/DJI_20260908105258_0002_V.MP4,B4,DJI_202609081039_006,d7d48ffd6c38bec24ea5ca884c655ed639cbf8b8cedc2bef1b99db9fd41066ee,data/images/d7d48ffd6c38bec24ea5ca884c655ed639cbf8b8cedc2bef1b99db9fd41066ee.jpg,False
visible_flame_0_DJI_202609081039_006_pts_v2,000116,38.038,decoded frame PTS,@raw/04_第四批_20260908_1053_多火点与余热点/01_正式视频/无人机09_1581F7K3C24CS00AX535/DJI_202609081039_006/DJI_20260908105258_0002_V.MP4,B4,DJI_202609081039_006,cd526a0c59b98d7ccb302757956ea246153d2fd83c843be8e1b97fc40caea61f,data/images/cd526a0c59b98d7ccb302757956ea246153d2fd83c843be8e1b97fc40caea61f.jpg,False
visible_flame_0_DJI_202609081039_006_pts_v2,000117,38.2382,decoded frame PTS,@raw/04_第四批_20260908_1053_多火点与余热点/01_正式视频/无人机09_1581F7K3C24CS00AX535/DJI_202609081039_006/DJI_20260908105258_0002_V.MP4,B4,DJI_202609081039_006,d580cebfe8c907785a945b0a1667fe072e03c56c7e3d4018195c162c2ce5f7a1,data/images/d580cebfe8c907785a945b0a1667fe072e03c56c7e3d4018195c162c2ce5f7a1.jpg,False
visible_flame_0_DJI_202609081039_006_pts_v2,000118,38.4384,decoded frame PTS,@raw/04_第四批_20260908_1053_多火点与余热点/01_正式视频/无人机09_1581F7K3C24CS00AX535/DJI_202609081039_006/DJI_20260908105258_0002_V.MP4,B4,DJI_202609081039_006,36f7883e165978c2de9999d2b5486bd81c433d151ba62997c8b7b82c3d18d074,data/images/36f7883e165978c2de9999d2b5486bd81c433d151ba62997c8b7b82c3d18d074.jpg,False
visible_flame_0_DJI_202609081039_006_pts_v2,000119,38.6386,decoded frame PTS,@raw/04_第四批_20260908_1053_多火点与余热点/01_正式视频/无人机09_1581F7K3C24CS00AX535/DJI_202609081039_006/DJI_20260908105258_0002_V.MP4,B4,DJI_202609081039_006,b79fe255fefce180069948e5e318f8c666b11f71a50da25674cd67fc7590285c,data/images/b79fe255fefce180069948e5e318f8c666b11f71a50da25674cd67fc7590285c.jpg,False
visible_flame_0_DJI_202609081039_006_pts_v2,000120,38.8388,decoded frame PTS,@raw/04_第四批_20260908_1053_多火点与余热点/01_正式视频/无人机09_1581F7K3C24CS00AX535/DJI_202609081039_006/DJI_20260908105258_0002_V.MP4,B4,DJI_202609081039_006,21291876ff52f9aa1448424581ac65dba5e56c59dc544c5ba7a9ca676a0f5221,data/images/21291876ff52f9aa1448424581ac65dba5e56c59dc544c5ba7a9ca676a0f5221.jpg,False
visible_flame_0_DJI_202609081039_006_pts_v2,000121,39.039,decoded frame PTS,@raw/04_第四批_20260908_1053_多火点与余热点/01_正式视频/无人机09_1581F7K3C24CS00AX535/DJI_202609081039_006/DJI_20260908105258_0002_V.MP4,B4,DJI_202609081039_006,a3a0befdfefd26239d60fad3e56d1453dad350df2eeaadd4d1d19ece1da6acd8,data/images/a3a0befdfefd26239d60fad3e56d1453dad350df2eeaadd4d1d19ece1da6acd8.jpg,False
visible_flame_0_DJI_202609081039_006_pts_v2,000122,39.2392,decoded frame PTS,@raw/04_第四批_20260908_1053_多火点与余热点/01_正式视频/无人机09_1581F7K3C24CS00AX535/DJI_202609081039_006/DJI_20260908105258_0002_V.MP4,B4,DJI_202609081039_006,957795faeee1a1ac73dcd276cce04be21a3d902b9c8fd11b05b4c4fcea493cc6,data/images/957795faeee1a1ac73dcd276cce04be21a3d902b9c8fd11b05b4c4fcea493cc6.jpg,False
visible_flame_0_DJI_202609081039_006_pts_v2,000123,39.4394,decoded frame PTS,@raw/04_第四批_20260908_1053_多火点与余热点/01_正式视频/无人机09_1581F7K3C24CS00AX535/DJI_202609081039_006/DJI_20260908105258_0002_V.MP4,B4,DJI_202609081039_006,a7493090b0b294ed45b2369c93e8e02cfa129ae6e6f17ffa2567df564d30003d,data/images/a7493090b0b294ed45b2369c93e8e02cfa129ae6e6f17ffa2567df564d30003d.jpg,False
visible_flame_0_DJI_202609081039_006_pts_v2,000124,39.6396,decoded frame PTS,@raw/04_第四批_20260908_1053_多火点与余热点/01_正式视频/无人机09_1581F7K3C24CS00AX535/DJI_202609081039_006/DJI_20260908105258_0002_V.MP4,B4,DJI_202609081039_006,7d7179b4f486f8753c69e5abc706b2dd25d282a15e445d0142be78c793582487,data/images/7d7179b4f486f8753c69e5abc706b2dd25d282a15e445d0142be78c793582487.jpg,False
visible_flame_0_DJI_202609081039_006_pts_v2,000125,39.8398,decoded frame PTS,@raw/04_第四批_20260908_1053_多火点与余热点/01_正式视频/无人机09_1581F7K3C24CS00AX535/DJI_202609081039_006/DJI_20260908105258_0002_V.MP4,B4,DJI_202609081039_006,5279532a36aec22c0dec647b83d00ab89aee98b8c2a2a08289fabb78a16ecf36,data/images/5279532a36aec22c0dec647b83d00ab89aee98b8c2a2a08289fabb78a16ecf36.jpg,False
visible_flame_0_DJI_202609081039_006_pts_v2,000126,40.04,decoded frame PTS,@raw/04_第四批_20260908_1053_多火点与余热点/01_正式视频/无人机09_1581F7K3C24CS00AX535/DJI_202609081039_006/DJI_20260908105258_0002_V.MP4,B4,DJI_202609081039_006,24fee79005b85c08d386b9ddb0126fd46e99b38a6f613ec223f582bfeae1da42,data/images/24fee79005b85c08d386b9ddb0126fd46e99b38a6f613ec223f582bfeae1da42.jpg,False
visible_flame_0_DJI_202609081039_006_pts_v2,000127,40.2402,decoded frame PTS,@raw/04_第四批_20260908_1053_多火点与余热点/01_正式视频/无人机09_1581F7K3C24CS00AX535/DJI_202609081039_006/DJI_20260908105258_0002_V.MP4,B4,DJI_202609081039_006,483944724e3fb8b5c5c53deb728b3340febb7b10e31ea371b8b4cc8ff0998738,data/images/483944724e3fb8b5c5c53deb728b3340febb7b10e31ea371b8b4cc8ff0998738.jpg,False
visible_flame_0_DJI_202609081039_006_pts_v2,000128,40.4404,decoded frame PTS,@raw/04_第四批_20260908_1053_多火点与余热点/01_正式视频/无人机09_1581F7K3C24CS00AX535/DJI_202609081039_006/DJI_20260908105258_0002_V.MP4,B4,DJI_202609081039_006,ca8bb6b049b6ac672f7ca4984d33bda2d44668bedecf3520bb2f3ccdc56d284b,data/images/ca8bb6b049b6ac672f7ca4984d33bda2d44668bedecf3520bb2f3ccdc56d284b.jpg,False
visible_flame_0_DJI_202609081039_006_pts_v2,000129,40.6406,decoded frame PTS,@raw/04_第四批_20260908_1053_多火点与余热点/01_正式视频/无人机09_1581F7K3C24CS00AX535/DJI_202609081039_006/DJI_20260908105258_0002_V.MP4,B4,DJI_202609081039_006,ced0a4841caea1cf9a1635522d609835268728854829b731f7c4f77dff4f2b92,data/images/ced0a4841caea1cf9a1635522d609835268728854829b731f7c4f77dff4f2b92.jpg,False
visible_flame_0_DJI_202609081039_006_pts_v2,000130,40.8408,decoded frame PTS,@raw/04_第四批_20260908_1053_多火点与余热点/01_正式视频/无人机09_1581F7K3C24CS00AX535/DJI_202609081039_006/DJI_20260908105258_0002_V.MP4,B4,DJI_202609081039_006,0a61c3d68b0eb6c7f4b68279059bf1bb67e0ce584d76ce64228cffc525d85e6e,data/images/0a61c3d68b0eb6c7f4b68279059bf1bb67e0ce584d76ce64228cffc525d85e6e.jpg,False
visible_flame_0_DJI_202609081039_006_pts_v2,000131,41.041,decoded frame PTS,@raw/04_第四批_20260908_1053_多火点与余热点/01_正式视频/无人机09_1581F7K3C24CS00AX535/DJI_202609081039_006/DJI_20260908105258_0002_V.MP4,B4,DJI_202609081039_006,68283612f080e2d1abac17f936dc475f5adde2aedac317dc2d9ea05bd9e24cce,data/images/68283612f080e2d1abac17f936dc475f5adde2aedac317dc2d9ea05bd9e24cce.jpg,False
visible_flame_0_DJI_202609081039_006_pts_v2,000132,41.2412,decoded frame PTS,@raw/04_第四批_20260908_1053_多火点与余热点/01_正式视频/无人机09_1581F7K3C24CS00AX535/DJI_202609081039_006/DJI_20260908105258_0002_V.MP4,B4,DJI_202609081039_006,3506ddd40c8803e21b4c998aec8765cd8e5f187163a4780c7c5223c1037fc92e,data/images/3506ddd40c8803e21b4c998aec8765cd8e5f187163a4780c7c5223c1037fc92e.jpg,False
visible_flame_0_DJI_202609081039_006_pts_v2,000133,41.4414,decoded frame PTS,@raw/04_第四批_20260908_1053_多火点与余热点/01_正式视频/无人机09_1581F7K3C24CS00AX535/DJI_202609081039_006/DJI_20260908105258_0002_V.MP4,B4,DJI_202609081039_006,f544552357518a066e760725e05ff0f7302b6c02e55f6489d5ea0f9e5f9d288c,data/images/f544552357518a066e760725e05ff0f7302b6c02e55f6489d5ea0f9e5f9d288c.jpg,False
visible_flame_0_DJI_202609081039_006_pts_v2,000134,41.6416,decoded frame PTS,@raw/04_第四批_20260908_1053_多火点与余热点/01_正式视频/无人机09_1581F7K3C24CS00AX535/DJI_202609081039_006/DJI_20260908105258_0002_V.MP4,B4,DJI_202609081039_006,d048a6021fce3c0658d02da900ea74b1a687228c9212cf1bf75e666a0ca92c6e,data/images/d048a6021fce3c0658d02da900ea74b1a687228c9212cf1bf75e666a0ca92c6e.jpg,False
visible_flame_0_DJI_202609081039_006_pts_v2,000135,41.8418,decoded frame PTS,@raw/04_第四批_20260908_1053_多火点与余热点/01_正式视频/无人机09_1581F7K3C24CS00AX535/DJI_202609081039_006/DJI_20260908105258_0002_V.MP4,B4,DJI_202609081039_006,ef8f066601c6d4081edd360f9cfafc80cdb8bf35b24f3d6d60a67e5ff4fb8d10,data/images/ef8f066601c6d4081edd360f9cfafc80cdb8bf35b24f3d6d60a67e5ff4fb8d10.jpg,False
visible_flame_0_DJI_202609081039_006_pts_v2,000136,42.042,decoded frame PTS,@raw/04_第四批_20260908_1053_多火点与余热点/01_正式视频/无人机09_1581F7K3C24CS00AX535/DJI_202609081039_006/DJI_20260908105258_0002_V.MP4,B4,DJI_202609081039_006,94b562ea3713fa45a53485e6e8caf14548e205b9384f95aa8982b0395379d958,data/images/94b562ea3713fa45a53485e6e8caf14548e205b9384f95aa8982b0395379d958.jpg,False
visible_flame_0_DJI_202609081039_006_pts_v2,000137,42.2422,decoded frame PTS,@raw/04_第四批_20260908_1053_多火点与余热点/01_正式视频/无人机09_1581F7K3C24CS00AX535/DJI_202609081039_006/DJI_20260908105258_0002_V.MP4,B4,DJI_202609081039_006,fb48f530e995a394de404e6b5114ffd34337e9740c8084a4430cac80634a539e,data/images/fb48f530e995a394de404e6b5114ffd34337e9740c8084a4430cac80634a539e.jpg,False
visible_flame_0_DJI_202609081039_006_pts_v2,000138,42.4424,decoded frame PTS,@raw/04_第四批_20260908_1053_多火点与余热点/01_正式视频/无人机09_1581F7K3C24CS00AX535/DJI_202609081039_006/DJI_20260908105258_0002_V.MP4,B4,DJI_202609081039_006,6c043f9fa927e5902a2ec9b009b218f13b45ec730019cde78fbd851c52538840,data/images/6c043f9fa927e5902a2ec9b009b218f13b45ec730019cde78fbd851c52538840.jpg,False
visible_flame_0_DJI_202609081039_006_pts_v2,000139,42.6426,decoded frame PTS,@raw/04_第四批_20260908_1053_多火点与余热点/01_正式视频/无人机09_1581F7K3C24CS00AX535/DJI_202609081039_006/DJI_20260908105258_0002_V.MP4,B4,DJI_202609081039_006,805a57bf87824eafe74fd36e7b8c1783a49efe75bf21c26fbc19c7cd2e08ff1d,data/images/805a57bf87824eafe74fd36e7b8c1783a49efe75bf21c26fbc19c7cd2e08ff1d.jpg,False
visible_flame_0_DJI_202609081039_006_pts_v2,000140,42.8428,decoded frame PTS,@raw/04_第四批_20260908_1053_多火点与余热点/01_正式视频/无人机09_1581F7K3C24CS00AX535/DJI_202609081039_006/DJI_20260908105258_0002_V.MP4,B4,DJI_202609081039_006,3cad9cc4d72bf21d32a3cc1ed4a0ccd645369ffb0ee921e6b1913d8cd4de736e,data/images/3cad9cc4d72bf21d32a3cc1ed4a0ccd645369ffb0ee921e6b1913d8cd4de736e.jpg,False
visible_flame_0_DJI_202609081039_006_pts_v2,000141,43.043,decoded frame PTS,@raw/04_第四批_20260908_1053_多火点与余热点/01_正式视频/无人机09_1581F7K3C24CS00AX535/DJI_202609081039_006/DJI_20260908105258_0002_V.MP4,B4,DJI_202609081039_006,be9c1b8f64118d1db7b3d5556bb3279d0ae8ad68ad7f1547e377e805f6b6846e,data/images/be9c1b8f64118d1db7b3d5556bb3279d0ae8ad68ad7f1547e377e805f6b6846e.jpg,False
visible_flame_0_DJI_202609081039_006_pts_v2,000142,43.2432,decoded frame PTS,@raw/04_第四批_20260908_1053_多火点与余热点/01_正式视频/无人机09_1581F7K3C24CS00AX535/DJI_202609081039_006/DJI_20260908105258_0002_V.MP4,B4,DJI_202609081039_006,28b22f43641bf95a255a84f60e21fa09ebcb82c9dfd0760c6d0eab06320f07ab,data/images/28b22f43641bf95a255a84f60e21fa09ebcb82c9dfd0760c6d0eab06320f07ab.jpg,False
visible_flame_0_DJI_202609081039_006_pts_v2,000143,43.4434,decoded frame PTS,@raw/04_第四批_20260908_1053_多火点与余热点/01_正式视频/无人机09_1581F7K3C24CS00AX535/DJI_202609081039_006/DJI_20260908105258_0002_V.MP4,B4,DJI_202609081039_006,d8dee02ce9a69148dad5bc0c8961f7b786c1c003bdc12e0d8bf279b2d7472bce,data/images/d8dee02ce9a69148dad5bc0c8961f7b786c1c003bdc12e0d8bf279b2d7472bce.jpg,False
visible_flame_0_DJI_202609081039_006_pts_v2,000144,43.6436,decoded frame PTS,@raw/04_第四批_20260908_1053_多火点与余热点/01_正式视频/无人机09_1581F7K3C24CS00AX535/DJI_202609081039_006/DJI_20260908105258_0002_V.MP4,B4,DJI_202609081039_006,a92e7167690c408408d02e3f29056697a04eb9573b4cd8832e6639ec4ca38560,data/images/a92e7167690c408408d02e3f29056697a04eb9573b4cd8832e6639ec4ca38560.jpg,False
visible_flame_0_DJI_202609081039_006_pts_v2,000145,43.8438,decoded frame PTS,@raw/04_第四批_20260908_1053_多火点与余热点/01_正式视频/无人机09_1581F7K3C24CS00AX535/DJI_202609081039_006/DJI_20260908105258_0002_V.MP4,B4,DJI_202609081039_006,178a123cfe18f4233981d503c0b19a667c32f7d816f4b66d122cd90a08665d88,data/images/178a123cfe18f4233981d503c0b19a667c32f7d816f4b66d122cd90a08665d88.jpg,False
visible_flame_0_DJI_202609081039_006_pts_v2,000146,44.044,decoded frame PTS,@raw/04_第四批_20260908_1053_多火点与余热点/01_正式视频/无人机09_1581F7K3C24CS00AX535/DJI_202609081039_006/DJI_20260908105258_0002_V.MP4,B4,DJI_202609081039_006,ed6603801f9f7700dc8d01f62f3d069e0dbd7bfc6a22e1c2a76e0e1da4f01f64,data/images/ed6603801f9f7700dc8d01f62f3d069e0dbd7bfc6a22e1c2a76e0e1da4f01f64.jpg,False
visible_flame_0_DJI_202609081039_006_pts_v2,000147,44.2442,decoded frame PTS,@raw/04_第四批_20260908_1053_多火点与余热点/01_正式视频/无人机09_1581F7K3C24CS00AX535/DJI_202609081039_006/DJI_20260908105258_0002_V.MP4,B4,DJI_202609081039_006,5f287c3a54eb6f07e2f79bd9b750f9b96cd4044d95a4e0e146151a7b43939a4f,data/images/5f287c3a54eb6f07e2f79bd9b750f9b96cd4044d95a4e0e146151a7b43939a4f.jpg,False
visible_flame_0_DJI_202609081039_006_pts_v2,000148,44.4444,decoded frame PTS,@raw/04_第四批_20260908_1053_多火点与余热点/01_正式视频/无人机09_1581F7K3C24CS00AX535/DJI_202609081039_006/DJI_20260908105258_0002_V.MP4,B4,DJI_202609081039_006,ed08d2d681af631f5cfdd4b1fee7cc5bfa69a3083d20bb4b466cce775dbd56bf,data/images/ed08d2d681af631f5cfdd4b1fee7cc5bfa69a3083d20bb4b466cce775dbd56bf.jpg,False
visible_flame_0_DJI_202609081039_006_pts_v2,000149,44.6446,decoded frame PTS,@raw/04_第四批_20260908_1053_多火点与余热点/01_正式视频/无人机09_1581F7K3C24CS00AX535/DJI_202609081039_006/DJI_20260908105258_0002_V.MP4,B4,DJI_202609081039_006,11fc838d33e9eaa414526a30fc80f0f24a39d04fa9df309193c762b41c5064a1,data/images/11fc838d33e9eaa414526a30fc80f0f24a39d04fa9df309193c762b41c5064a1.jpg,False
visible_flame_0_DJI_202609081039_006_pts_v2,000150,44.8448,decoded frame PTS,@raw/04_第四批_20260908_1053_多火点与余热点/01_正式视频/无人机09_1581F7K3C24CS00AX535/DJI_202609081039_006/DJI_20260908105258_0002_V.MP4,B4,DJI_202609081039_006,b89edb1a7c5a3453c6c732ed375a802e88e5f9bd598dbd7d12060bfc7636dcef,data/images/b89edb1a7c5a3453c6c732ed375a802e88e5f9bd598dbd7d12060bfc7636dcef.jpg,False
visible_smoke_only_0_DJI_202609081039_006_pts_v2,000001,535.001,decoded frame PTS,@raw/04_第四批_20260908_1053_多火点与余热点/01_正式视频/无人机09_1581F7K3C24CS00AX535/DJI_202609081039_006/DJI_20260908105258_0002_V.MP4,B4,DJI_202609081039_006,9d6546a8f86ab54074ce2b05a9b027ce1ae40f0ef8ebcb6e488b374624fc10c7,data/images/9d6546a8f86ab54074ce2b05a9b027ce1ae40f0ef8ebcb6e488b374624fc10c7.jpg,False
visible_smoke_only_0_DJI_202609081039_006_pts_v2,000002,535.201,decoded frame PTS,@raw/04_第四批_20260908_1053_多火点与余热点/01_正式视频/无人机09_1581F7K3C24CS00AX535/DJI_202609081039_006/DJI_20260908105258_0002_V.MP4,B4,DJI_202609081039_006,341dc0c2f148704d219820ea4907d93aeb5b491cadf6592f4e3c3a02ebdf0cde,data/images/341dc0c2f148704d219820ea4907d93aeb5b491cadf6592f4e3c3a02ebdf0cde.jpg,False
visible_smoke_only_0_DJI_202609081039_006_pts_v2,000003,535.402,decoded frame PTS,@raw/04_第四批_20260908_1053_多火点与余热点/01_正式视频/无人机09_1581F7K3C24CS00AX535/DJI_202609081039_006/DJI_20260908105258_0002_V.MP4,B4,DJI_202609081039_006,48e616fb92597b69b9b5cc794e768f09697d579af2950e2afb9afd0f2d9c3a19,data/images/48e616fb92597b69b9b5cc794e768f09697d579af2950e2afb9afd0f2d9c3a19.jpg,False
visible_smoke_only_0_DJI_202609081039_006_pts_v2,000004,535.602,decoded frame PTS,@raw/04_第四批_20260908_1053_多火点与余热点/01_正式视频/无人机09_1581F7K3C24CS00AX535/DJI_202609081039_006/DJI_20260908105258_0002_V.MP4,B4,DJI_202609081039_006,5438f7bd22f542e72d694db6ad4ae35854ba50aa3f0e11a7d3d2cafc5a180804,data/images/5438f7bd22f542e72d694db6ad4ae35854ba50aa3f0e11a7d3d2cafc5a180804.jpg,False
visible_smoke_only_0_DJI_202609081039_006_pts_v2,000005,535.802,decoded frame PTS,@raw/04_第四批_20260908_1053_多火点与余热点/01_正式视频/无人机09_1581F7K3C24CS00AX535/DJI_202609081039_006/DJI_20260908105258_0002_V.MP4,B4,DJI_202609081039_006,6bd978a5f50f228144da89b56ee02ea16a7983c1bb15e7c341a6e3924945f843,data/images/6bd978a5f50f228144da89b56ee02ea16a7983c1bb15e7c341a6e3924945f843.jpg,False
visible_smoke_only_0_DJI_202609081039_006_pts_v2,000006,536.002,decoded frame PTS,@raw/04_第四批_20260908_1053_多火点与余热点/01_正式视频/无人机09_1581F7K3C24CS00AX535/DJI_202609081039_006/DJI_20260908105258_0002_V.MP4,B4,DJI_202609081039_006,ef9bc5fc2d674f59eff466a1c7747d9fbf1c20f06aea80ccb16f28455e16a25e,data/images/ef9bc5fc2d674f59eff466a1c7747d9fbf1c20f06aea80ccb16f28455e16a25e.jpg,False
visible_smoke_only_0_DJI_202609081039_006_pts_v2,000007,536.202,decoded frame PTS,@raw/04_第四批_20260908_1053_多火点与余热点/01_正式视频/无人机09_1581F7K3C24CS00AX535/DJI_202609081039_006/DJI_20260908105258_0002_V.MP4,B4,DJI_202609081039_006,efdb4dd82b8a2e1551c7b8cc9516ab22f3e3df705b3096767f0c05dbb9ff0c8f,data/images/efdb4dd82b8a2e1551c7b8cc9516ab22f3e3df705b3096767f0c05dbb9ff0c8f.jpg,False
visible_smoke_only_0_DJI_202609081039_006_pts_v2,000008,536.403,decoded frame PTS,@raw/04_第四批_20260908_1053_多火点与余热点/01_正式视频/无人机09_1581F7K3C24CS00AX535/DJI_202609081039_006/DJI_20260908105258_0002_V.MP4,B4,DJI_202609081039_006,7421cdb06f4c8525a2272313c503c08512cf3fb11e5e99cc9a6167eedbe5a36f,data/images/7421cdb06f4c8525a2272313c503c08512cf3fb11e5e99cc9a6167eedbe5a36f.jpg,False
visible_smoke_only_0_DJI_202609081039_006_pts_v2,000009,536.603,decoded frame PTS,@raw/04_第四批_20260908_1053_多火点与余热点/01_正式视频/无人机09_1581F7K3C24CS00AX535/DJI_202609081039_006/DJI_20260908105258_0002_V.MP4,B4,DJI_202609081039_006,29d911772a45c28204e592ca9a79121307f7e90a96b7b56419ee450a36d0a7aa,data/images/29d911772a45c28204e592ca9a79121307f7e90a96b7b56419ee450a36d0a7aa.jpg,False
visible_smoke_only_0_DJI_202609081039_006_pts_v2,000010,536.803,decoded frame PTS,@raw/04_第四批_20260908_1053_多火点与余热点/01_正式视频/无人机09_1581F7K3C24CS00AX535/DJI_202609081039_006/DJI_20260908105258_0002_V.MP4,B4,DJI_202609081039_006,012e5fe9359cca09857968b0dee4f288e580a58eaa172721631189260fdb6ffa,data/images/012e5fe9359cca09857968b0dee4f288e580a58eaa172721631189260fdb6ffa.jpg,False
visible_smoke_only_0_DJI_202609081039_006_pts_v2,000011,537.003,decoded frame PTS,@raw/04_第四批_20260908_1053_多火点与余热点/01_正式视频/无人机09_1581F7K3C24CS00AX535/DJI_202609081039_006/DJI_20260908105258_0002_V.MP4,B4,DJI_202609081039_006,c312c715655e685a24b41b74183b55765b575b26a6c4ccf3945fef5eb875f050,data/images/c312c715655e685a24b41b74183b55765b575b26a6c4ccf3945fef5eb875f050.jpg,False
visible_smoke_only_0_DJI_202609081039_006_pts_v2,000012,537.203,decoded frame PTS,@raw/04_第四批_20260908_1053_多火点与余热点/01_正式视频/无人机09_1581F7K3C24CS00AX535/DJI_202609081039_006/DJI_20260908105258_0002_V.MP4,B4,DJI_202609081039_006,e64d5b8f15f97f33c97e357b52c945443fcac6c8fe09d03e438e989aaf3469ec,data/images/e64d5b8f15f97f33c97e357b52c945443fcac6c8fe09d03e438e989aaf3469ec.jpg,False
visible_smoke_only_0_DJI_202609081039_006_pts_v2,000013,537.404,decoded frame PTS,@raw/04_第四批_20260908_1053_多火点与余热点/01_正式视频/无人机09_1581F7K3C24CS00AX535/DJI_202609081039_006/DJI_20260908105258_0002_V.MP4,B4,DJI_202609081039_006,2c38a313aa21c5c09c35688320fce9c50f93e6f6a70cb3c580f2bb80810bc309,data/images/2c38a313aa21c5c09c35688320fce9c50f93e6f6a70cb3c580f2bb80810bc309.jpg,False
visible_smoke_only_0_DJI_202609081039_006_pts_v2,000014,537.604,decoded frame PTS,@raw/04_第四批_20260908_1053_多火点与余热点/01_正式视频/无人机09_1581F7K3C24CS00AX535/DJI_202609081039_006/DJI_20260908105258_0002_V.MP4,B4,DJI_202609081039_006,9649cd047d5908befd15d4e326aed8b0133d4dab99470d1fc998c1bb9577b36b,data/images/9649cd047d5908befd15d4e326aed8b0133d4dab99470d1fc998c1bb9577b36b.jpg,False
visible_smoke_only_0_DJI_202609081039_006_pts_v2,000015,537.804,decoded frame PTS,@raw/04_第四批_20260908_1053_多火点与余热点/01_正式视频/无人机09_1581F7K3C24CS00AX535/DJI_202609081039_006/DJI_20260908105258_0002_V.MP4,B4,DJI_202609081039_006,ced725f4117a467f5894789a62026c067e6bbdbb03c504abd71bb0afcbe9244f,data/images/ced725f4117a467f5894789a62026c067e6bbdbb03c504abd71bb0afcbe9244f.jpg,False
visible_smoke_only_0_DJI_202609081039_006_pts_v2,000016,538.004,decoded frame PTS,@raw/04_第四批_20260908_1053_多火点与余热点/01_正式视频/无人机09_1581F7K3C24CS00AX535/DJI_202609081039_006/DJI_20260908105258_0002_V.MP4,B4,DJI_202609081039_006,819ca47c30896466b72c75da529fd7aee944aafae48b4240c81ddcb38ab2b64d,data/images/819ca47c30896466b72c75da529fd7aee944aafae48b4240c81ddcb38ab2b64d.jpg,False
visible_smoke_only_0_DJI_202609081039_006_pts_v2,000017,538.204,decoded frame PTS,@raw/04_第四批_20260908_1053_多火点与余热点/01_正式视频/无人机09_1581F7K3C24CS00AX535/DJI_202609081039_006/DJI_20260908105258_0002_V.MP4,B4,DJI_202609081039_006,0cdcebaf5161b8e45e15ff9f3d86239a53d07a8563e67061d3cf8c96de17e2ce,data/images/0cdcebaf5161b8e45e15ff9f3d86239a53d07a8563e67061d3cf8c96de17e2ce.jpg,False
visible_smoke_only_0_DJI_202609081039_006_pts_v2,000018,538.405,decoded frame PTS,@raw/04_第四批_20260908_1053_多火点与余热点/01_正式视频/无人机09_1581F7K3C24CS00AX535/DJI_202609081039_006/DJI_20260908105258_0002_V.MP4,B4,DJI_202609081039_006,b771e59bbc90121c563ea5e80ee13fec3b4523b7441596b4cc706870c4912cd0,data/images/b771e59bbc90121c563ea5e80ee13fec3b4523b7441596b4cc706870c4912cd0.jpg,False
visible_smoke_only_0_DJI_202609081039_006_pts_v2,000019,538.605,decoded frame PTS,@raw/04_第四批_20260908_1053_多火点与余热点/01_正式视频/无人机09_1581F7K3C24CS00AX535/DJI_202609081039_006/DJI_20260908105258_0002_V.MP4,B4,DJI_202609081039_006,e6585be5947abeb2fede3270f82ae0e86c95ad7824c5a6950454a99a883e04d4,data/images/e6585be5947abeb2fede3270f82ae0e86c95ad7824c5a6950454a99a883e04d4.jpg,False
visible_smoke_only_0_DJI_202609081039_006_pts_v2,000020,538.805,decoded frame PTS,@raw/04_第四批_20260908_1053_多火点与余热点/01_正式视频/无人机09_1581F7K3C24CS00AX535/DJI_202609081039_006/DJI_20260908105258_0002_V.MP4,B4,DJI_202609081039_006,0c2b114d8a4d136b557e2d2d8599c0b9852c75627e7ea0af5a3342cd50b64d33,data/images/0c2b114d8a4d136b557e2d2d8599c0b9852c75627e7ea0af5a3342cd50b64d33.jpg,False
visible_smoke_only_0_DJI_202609081039_006_pts_v2,000021,539.005,decoded frame PTS,@raw/04_第四批_20260908_1053_多火点与余热点/01_正式视频/无人机09_1581F7K3C24CS00AX535/DJI_202609081039_006/DJI_20260908105258_0002_V.MP4,B4,DJI_202609081039_006,0ce8b76ece515f001a91b0a6fbaa6e33c40ddc1507fec5bb5d97c6e8afe607a4,data/images/0ce8b76ece515f001a91b0a6fbaa6e33c40ddc1507fec5bb5d97c6e8afe607a4.jpg,False
visible_smoke_only_0_DJI_202609081039_006_pts_v2,000022,539.205,decoded frame PTS,@raw/04_第四批_20260908_1053_多火点与余热点/01_正式视频/无人机09_1581F7K3C24CS00AX535/DJI_202609081039_006/DJI_20260908105258_0002_V.MP4,B4,DJI_202609081039_006,50157e3dac4339cfafdb5473ba17304cd9019be0c101e7f96ffc6380ee5594fc,data/images/50157e3dac4339cfafdb5473ba17304cd9019be0c101e7f96ffc6380ee5594fc.jpg,False
visible_smoke_only_0_DJI_202609081039_006_pts_v2,000023,539.406,decoded frame PTS,@raw/04_第四批_20260908_1053_多火点与余热点/01_正式视频/无人机09_1581F7K3C24CS00AX535/DJI_202609081039_006/DJI_20260908105258_0002_V.MP4,B4,DJI_202609081039_006,9a48e03661c880dec5139ccc2a3ea4eb81c1cb62d8ce0721c5aa04d2fa3f7046,data/images/9a48e03661c880dec5139ccc2a3ea4eb81c1cb62d8ce0721c5aa04d2fa3f7046.jpg,False
visible_smoke_only_0_DJI_202609081039_006_pts_v2,000024,539.606,decoded frame PTS,@raw/04_第四批_20260908_1053_多火点与余热点/01_正式视频/无人机09_1581F7K3C24CS00AX535/DJI_202609081039_006/DJI_20260908105258_0002_V.MP4,B4,DJI_202609081039_006,32531e3b0b7b28029db30db7084d46c94f0e060ae1dbf3d3167cece6dbc450a1,data/images/32531e3b0b7b28029db30db7084d46c94f0e060ae1dbf3d3167cece6dbc450a1.jpg,False
visible_smoke_only_0_DJI_202609081039_006_pts_v2,000025,539.806,decoded frame PTS,@raw/04_第四批_20260908_1053_多火点与余热点/01_正式视频/无人机09_1581F7K3C24CS00AX535/DJI_202609081039_006/DJI_20260908105258_0002_V.MP4,B4,DJI_202609081039_006,2290b3f58ce7b7487946766742595ae1a8159f36e12b57994351e5bd711613ca,data/images/2290b3f58ce7b7487946766742595ae1a8159f36e12b57994351e5bd711613ca.jpg,False
visible_smoke_only_0_DJI_202609081039_006_pts_v2,000026,540.006,decoded frame PTS,@raw/04_第四批_20260908_1053_多火点与余热点/01_正式视频/无人机09_1581F7K3C24CS00AX535/DJI_202609081039_006/DJI_20260908105258_0002_V.MP4,B4,DJI_202609081039_006,5f8de35d5655d93ebe689ebc6747d1452504dd01ea9f0fdb2f72f97973c0bfa3,data/images/5f8de35d5655d93ebe689ebc6747d1452504dd01ea9f0fdb2f72f97973c0bfa3.jpg,False
visible_smoke_only_0_DJI_202609081039_006_pts_v2,000027,540.206,decoded frame PTS,@raw/04_第四批_20260908_1053_多火点与余热点/01_正式视频/无人机09_1581F7K3C24CS00AX535/DJI_202609081039_006/DJI_20260908105258_0002_V.MP4,B4,DJI_202609081039_006,d755273291be9f5fe8932bca5e1ab2b1b05f7a4fa8ad4d6e19dbe9d3aa77c3f3,data/images/d755273291be9f5fe8932bca5e1ab2b1b05f7a4fa8ad4d6e19dbe9d3aa77c3f3.jpg,False
visible_smoke_only_0_DJI_202609081039_006_pts_v2,000028,540.407,decoded frame PTS,@raw/04_第四批_20260908_1053_多火点与余热点/01_正式视频/无人机09_1581F7K3C24CS00AX535/DJI_202609081039_006/DJI_20260908105258_0002_V.MP4,B4,DJI_202609081039_006,5c63f6bc8e25f41c14131f2dbbdfb3d4fb1155294861c1f5fe737602211d902c,data/images/5c63f6bc8e25f41c14131f2dbbdfb3d4fb1155294861c1f5fe737602211d902c.jpg,False
visible_smoke_only_0_DJI_202609081039_006_pts_v2,000029,540.607,decoded frame PTS,@raw/04_第四批_20260908_1053_多火点与余热点/01_正式视频/无人机09_1581F7K3C24CS00AX535/DJI_202609081039_006/DJI_20260908105258_0002_V.MP4,B4,DJI_202609081039_006,a66381e6ed44bbe3baff1686704f905e81561635f4f94ef2bac6d6942f2b2cfe,data/images/a66381e6ed44bbe3baff1686704f905e81561635f4f94ef2bac6d6942f2b2cfe.jpg,False
visible_smoke_only_0_DJI_202609081039_006_pts_v2,000030,540.807,decoded frame PTS,@raw/04_第四批_20260908_1053_多火点与余热点/01_正式视频/无人机09_1581F7K3C24CS00AX535/DJI_202609081039_006/DJI_20260908105258_0002_V.MP4,B4,DJI_202609081039_006,9eccee56c90d80687f6921cfc5b5915df7118ed5be5d7a136ef0d1d5cc38db7f,data/images/9eccee56c90d80687f6921cfc5b5915df7118ed5be5d7a136ef0d1d5cc38db7f.jpg,False
visible_smoke_only_0_DJI_202609081039_006_pts_v2,000031,541.007,decoded frame PTS,@raw/04_第四批_20260908_1053_多火点与余热点/01_正式视频/无人机09_1581F7K3C24CS00AX535/DJI_202609081039_006/DJI_20260908105258_0002_V.MP4,B4,DJI_202609081039_006,d31a9931a6bfd7ea53cabe9cac7d92907f7ea150ba7cddc92608c777c601325c,data/images/d31a9931a6bfd7ea53cabe9cac7d92907f7ea150ba7cddc92608c777c601325c.jpg,False
visible_smoke_only_0_DJI_202609081039_006_pts_v2,000032,541.207,decoded frame PTS,@raw/04_第四批_20260908_1053_多火点与余热点/01_正式视频/无人机09_1581F7K3C24CS00AX535/DJI_202609081039_006/DJI_20260908105258_0002_V.MP4,B4,DJI_202609081039_006,b141cfeb5c13315025b4c33a1882fbf6bf4afd6efa3536ce53c80a2fe23cc276,data/images/b141cfeb5c13315025b4c33a1882fbf6bf4afd6efa3536ce53c80a2fe23cc276.jpg,False
visible_smoke_only_0_DJI_202609081039_006_pts_v2,000033,541.408,decoded frame PTS,@raw/04_第四批_20260908_1053_多火点与余热点/01_正式视频/无人机09_1581F7K3C24CS00AX535/DJI_202609081039_006/DJI_20260908105258_0002_V.MP4,B4,DJI_202609081039_006,1ec46a7c524131a45e8cee2d13c72ba02ba30f3457aeb8827fbad2952417fc9d,data/images/1ec46a7c524131a45e8cee2d13c72ba02ba30f3457aeb8827fbad2952417fc9d.jpg,False
visible_smoke_only_0_DJI_202609081039_006_pts_v2,000034,541.608,decoded frame PTS,@raw/04_第四批_20260908_1053_多火点与余热点/01_正式视频/无人机09_1581F7K3C24CS00AX535/DJI_202609081039_006/DJI_20260908105258_0002_V.MP4,B4,DJI_202609081039_006,26748ee2d4721dac9c81862d15c877664fa82b717511b195f30f41a8e75db79f,data/images/26748ee2d4721dac9c81862d15c877664fa82b717511b195f30f41a8e75db79f.jpg,False
visible_smoke_only_0_DJI_202609081039_006_pts_v2,000035,541.808,decoded frame PTS,@raw/04_第四批_20260908_1053_多火点与余热点/01_正式视频/无人机09_1581F7K3C24CS00AX535/DJI_202609081039_006/DJI_20260908105258_0002_V.MP4,B4,DJI_202609081039_006,4587bc7cb767101e91d65d31acb88355476f012859a827bd150162272269f80d,data/images/4587bc7cb767101e91d65d31acb88355476f012859a827bd150162272269f80d.jpg,False
visible_smoke_only_0_DJI_202609081039_006_pts_v2,000036,542.008,decoded frame PTS,@raw/04_第四批_20260908_1053_多火点与余热点/01_正式视频/无人机09_1581F7K3C24CS00AX535/DJI_202609081039_006/DJI_20260908105258_0002_V.MP4,B4,DJI_202609081039_006,e68f5b48deacc7700cdbe4edee0eaf761524de9a509c3c4df2cc8888abb98d34,data/images/e68f5b48deacc7700cdbe4edee0eaf761524de9a509c3c4df2cc8888abb98d34.jpg,False
visible_smoke_only_0_DJI_202609081039_006_pts_v2,000037,542.208,decoded frame PTS,@raw/04_第四批_20260908_1053_多火点与余热点/01_正式视频/无人机09_1581F7K3C24CS00AX535/DJI_202609081039_006/DJI_20260908105258_0002_V.MP4,B4,DJI_202609081039_006,dedaecaca7957b3428277f72ef213f8ee90b3b6f854c8035eb93d2d5b363270c,data/images/dedaecaca7957b3428277f72ef213f8ee90b3b6f854c8035eb93d2d5b363270c.jpg,False
visible_smoke_only_0_DJI_202609081039_006_pts_v2,000038,542.409,decoded frame PTS,@raw/04_第四批_20260908_1053_多火点与余热点/01_正式视频/无人机09_1581F7K3C24CS00AX535/DJI_202609081039_006/DJI_20260908105258_0002_V.MP4,B4,DJI_202609081039_006,b669cc3b114441904b68edf941b9f84239492123a56c01ed972d9f069691b79e,data/images/b669cc3b114441904b68edf941b9f84239492123a56c01ed972d9f069691b79e.jpg,False
visible_smoke_only_0_DJI_202609081039_006_pts_v2,000039,542.609,decoded frame PTS,@raw/04_第四批_20260908_1053_多火点与余热点/01_正式视频/无人机09_1581F7K3C24CS00AX535/DJI_202609081039_006/DJI_20260908105258_0002_V.MP4,B4,DJI_202609081039_006,71764990015f6a2ef0cce09aa33c5a62d721ed0491e91361375b4889b3ef2f67,data/images/71764990015f6a2ef0cce09aa33c5a62d721ed0491e91361375b4889b3ef2f67.jpg,False
visible_smoke_only_0_DJI_202609081039_006_pts_v2,000040,542.809,decoded frame PTS,@raw/04_第四批_20260908_1053_多火点与余热点/01_正式视频/无人机09_1581F7K3C24CS00AX535/DJI_202609081039_006/DJI_20260908105258_0002_V.MP4,B4,DJI_202609081039_006,925529af472d9d2befd096a6fbe2b7f34512461a9d1eabe1738b18fa8bf686d6,data/images/925529af472d9d2befd096a6fbe2b7f34512461a9d1eabe1738b18fa8bf686d6.jpg,False
visible_smoke_only_0_DJI_202609081039_006_pts_v2,000041,543.009,decoded frame PTS,@raw/04_第四批_20260908_1053_多火点与余热点/01_正式视频/无人机09_1581F7K3C24CS00AX535/DJI_202609081039_006/DJI_20260908105258_0002_V.MP4,B4,DJI_202609081039_006,100e57774e5980c666c3e86f101540ed21f9f8be2458e158504ee9260cc810d2,data/images/100e57774e5980c666c3e86f101540ed21f9f8be2458e158504ee9260cc810d2.jpg,False
visible_smoke_only_0_DJI_202609081039_006_pts_v2,000042,543.209,decoded frame PTS,@raw/04_第四批_20260908_1053_多火点与余热点/01_正式视频/无人机09_1581F7K3C24CS00AX535/DJI_202609081039_006/DJI_20260908105258_0002_V.MP4,B4,DJI_202609081039_006,766019b2cfe71c3724bec7357672f0fbad79f122e3edb9f8f42890a62200e734,data/images/766019b2cfe71c3724bec7357672f0fbad79f122e3edb9f8f42890a62200e734.jpg,False
visible_smoke_only_0_DJI_202609081039_006_pts_v2,000043,543.41,decoded frame PTS,@raw/04_第四批_20260908_1053_多火点与余热点/01_正式视频/无人机09_1581F7K3C24CS00AX535/DJI_202609081039_006/DJI_20260908105258_0002_V.MP4,B4,DJI_202609081039_006,6a360e54d44d66973fd22415a4a0a28770a5895d1f299958e88a1f7259d809a2,data/images/6a360e54d44d66973fd22415a4a0a28770a5895d1f299958e88a1f7259d809a2.jpg,False
visible_smoke_only_0_DJI_202609081039_006_pts_v2,000044,543.61,decoded frame PTS,@raw/04_第四批_20260908_1053_多火点与余热点/01_正式视频/无人机09_1581F7K3C24CS00AX535/DJI_202609081039_006/DJI_20260908105258_0002_V.MP4,B4,DJI_202609081039_006,89dc868e36c33becfe08c5af66a94c5ba53aa91e1d54e4ac4e22cb4ad5c6eb9b,data/images/89dc868e36c33becfe08c5af66a94c5ba53aa91e1d54e4ac4e22cb4ad5c6eb9b.jpg,False
visible_smoke_only_0_DJI_202609081039_006_pts_v2,000045,543.81,decoded frame PTS,@raw/04_第四批_20260908_1053_多火点与余热点/01_正式视频/无人机09_1581F7K3C24CS00AX535/DJI_202609081039_006/DJI_20260908105258_0002_V.MP4,B4,DJI_202609081039_006,29859915a76f0f45187c8682d2b32e0bef40b718c336be22ad35c1ba54c5d3fe,data/images/29859915a76f0f45187c8682d2b32e0bef40b718c336be22ad35c1ba54c5d3fe.jpg,False
visible_smoke_only_0_DJI_202609081039_006_pts_v2,000046,544.01,decoded frame PTS,@raw/04_第四批_20260908_1053_多火点与余热点/01_正式视频/无人机09_1581F7K3C24CS00AX535/DJI_202609081039_006/DJI_20260908105258_0002_V.MP4,B4,DJI_202609081039_006,ef0ff650f31acf493d1882235b2205436e2363fd64d494d44b13b74286d34998,data/images/ef0ff650f31acf493d1882235b2205436e2363fd64d494d44b13b74286d34998.jpg,False
visible_smoke_only_0_DJI_202609081039_006_pts_v2,000047,544.21,decoded frame PTS,@raw/04_第四批_20260908_1053_多火点与余热点/01_正式视频/无人机09_1581F7K3C24CS00AX535/DJI_202609081039_006/DJI_20260908105258_0002_V.MP4,B4,DJI_202609081039_006,4ddb6ee92180d1fd2193f4ba6a0fb6fad4aa3f02af00971589c30170f85bb6d4,data/images/4ddb6ee92180d1fd2193f4ba6a0fb6fad4aa3f02af00971589c30170f85bb6d4.jpg,False
visible_smoke_only_0_DJI_202609081039_006_pts_v2,000048,544.411,decoded frame PTS,@raw/04_第四批_20260908_1053_多火点与余热点/01_正式视频/无人机09_1581F7K3C24CS00AX535/DJI_202609081039_006/DJI_20260908105258_0002_V.MP4,B4,DJI_202609081039_006,106c0df4462571288424f6e163f1dd81495fa1938e25b46951564b941f2cfc03,data/images/106c0df4462571288424f6e163f1dd81495fa1938e25b46951564b941f2cfc03.jpg,False
visible_smoke_only_0_DJI_202609081039_006_pts_v2,000049,544.611,decoded frame PTS,@raw/04_第四批_20260908_1053_多火点与余热点/01_正式视频/无人机09_1581F7K3C24CS00AX535/DJI_202609081039_006/DJI_20260908105258_0002_V.MP4,B4,DJI_202609081039_006,47694d28326e5c44bcc5cb41144a076400f05e63ed6e7e7a322f7edae0c6cdf3,data/images/47694d28326e5c44bcc5cb41144a076400f05e63ed6e7e7a322f7edae0c6cdf3.jpg,False
visible_smoke_only_0_DJI_202609081039_006_pts_v2,000050,544.811,decoded frame PTS,@raw/04_第四批_20260908_1053_多火点与余热点/01_正式视频/无人机09_1581F7K3C24CS00AX535/DJI_202609081039_006/DJI_20260908105258_0002_V.MP4,B4,DJI_202609081039_006,4974b914c5377bb4fd879f8bdad1d410b29cd52652f794330a0a23f715a2b9b5,data/images/4974b914c5377bb4fd879f8bdad1d410b29cd52652f794330a0a23f715a2b9b5.jpg,False
visible_smoke_only_0_DJI_202609081039_006_pts_v2,000051,545.011,decoded frame PTS,@raw/04_第四批_20260908_1053_多火点与余热点/01_正式视频/无人机09_1581F7K3C24CS00AX535/DJI_202609081039_006/DJI_20260908105258_0002_V.MP4,B4,DJI_202609081039_006,2000eba42bbb144c730d7d7cd1dff0c7f879d470fd90fd56db98a02fea8a41c7,data/images/2000eba42bbb144c730d7d7cd1dff0c7f879d470fd90fd56db98a02fea8a41c7.jpg,False
visible_smoke_only_0_DJI_202609081039_006_pts_v2,000052,545.211,decoded frame PTS,@raw/04_第四批_20260908_1053_多火点与余热点/01_正式视频/无人机09_1581F7K3C24CS00AX535/DJI_202609081039_006/DJI_20260908105258_0002_V.MP4,B4,DJI_202609081039_006,3d0fd6b86d16c49919b611876f53ebd95853c5eac02d7872fcb8b7c229ab4917,data/images/3d0fd6b86d16c49919b611876f53ebd95853c5eac02d7872fcb8b7c229ab4917.jpg,False
visible_smoke_only_0_DJI_202609081039_006_pts_v2,000053,545.412,decoded frame PTS,@raw/04_第四批_20260908_1053_多火点与余热点/01_正式视频/无人机09_1581F7K3C24CS00AX535/DJI_202609081039_006/DJI_20260908105258_0002_V.MP4,B4,DJI_202609081039_006,c4843484983085985cd4ac3e79ef3c855ec8587355d2698206d85c196d52d387,data/images/c4843484983085985cd4ac3e79ef3c855ec8587355d2698206d85c196d52d387.jpg,False
visible_smoke_only_0_DJI_202609081039_006_pts_v2,000054,545.612,decoded frame PTS,@raw/04_第四批_20260908_1053_多火点与余热点/01_正式视频/无人机09_1581F7K3C24CS00AX535/DJI_202609081039_006/DJI_20260908105258_0002_V.MP4,B4,DJI_202609081039_006,27dfbda92c80d48bb360dfb0c77f37154e135a79b4cde664bd22ae68804677fe,data/images/27dfbda92c80d48bb360dfb0c77f37154e135a79b4cde664bd22ae68804677fe.jpg,False
visible_smoke_only_0_DJI_202609081039_006_pts_v2,000055,545.812,decoded frame PTS,@raw/04_第四批_20260908_1053_多火点与余热点/01_正式视频/无人机09_1581F7K3C24CS00AX535/DJI_202609081039_006/DJI_20260908105258_0002_V.MP4,B4,DJI_202609081039_006,2b67e66b16e2b8cd8b1ef597df770e816fbc229c378d27da887ee76850dd8eba,data/images/2b67e66b16e2b8cd8b1ef597df770e816fbc229c378d27da887ee76850dd8eba.jpg,False
visible_smoke_only_0_DJI_202609081039_006_pts_v2,000056,546.012,decoded frame PTS,@raw/04_第四批_20260908_1053_多火点与余热点/01_正式视频/无人机09_1581F7K3C24CS00AX535/DJI_202609081039_006/DJI_20260908105258_0002_V.MP4,B4,DJI_202609081039_006,b8197dc73660866dc9e6eab574823b573706a1eb38e1b503d4f828a818bffbbf,data/images/b8197dc73660866dc9e6eab574823b573706a1eb38e1b503d4f828a818bffbbf.jpg,False
visible_smoke_only_0_DJI_202609081039_006_pts_v2,000057,546.212,decoded frame PTS,@raw/04_第四批_20260908_1053_多火点与余热点/01_正式视频/无人机09_1581F7K3C24CS00AX535/DJI_202609081039_006/DJI_20260908105258_0002_V.MP4,B4,DJI_202609081039_006,5b38e591ac27d5abb4432cfa97687795bcc3d92b505350e60f5cc1edda439094,data/images/5b38e591ac27d5abb4432cfa97687795bcc3d92b505350e60f5cc1edda439094.jpg,False
visible_smoke_only_0_DJI_202609081039_006_pts_v2,000058,546.413,decoded frame PTS,@raw/04_第四批_20260908_1053_多火点与余热点/01_正式视频/无人机09_1581F7K3C24CS00AX535/DJI_202609081039_006/DJI_20260908105258_0002_V.MP4,B4,DJI_202609081039_006,fbbaae554a75d98affbb036544bcc21c3c349a0526b26c9e24f587e881589296,data/images/fbbaae554a75d98affbb036544bcc21c3c349a0526b26c9e24f587e881589296.jpg,False
visible_smoke_only_0_DJI_202609081039_006_pts_v2,000059,546.613,decoded frame PTS,@raw/04_第四批_20260908_1053_多火点与余热点/01_正式视频/无人机09_1581F7K3C24CS00AX535/DJI_202609081039_006/DJI_20260908105258_0002_V.MP4,B4,DJI_202609081039_006,6c2def26b2524c866289ce4420dad266452d6956163dbc34f558069b234e13fe,data/images/6c2def26b2524c866289ce4420dad266452d6956163dbc34f558069b234e13fe.jpg,False
visible_smoke_only_0_DJI_202609081039_006_pts_v2,000060,546.813,decoded frame PTS,@raw/04_第四批_20260908_1053_多火点与余热点/01_正式视频/无人机09_1581F7K3C24CS00AX535/DJI_202609081039_006/DJI_20260908105258_0002_V.MP4,B4,DJI_202609081039_006,f1dd44457082616edc52192387d99425703e01429d517306c772ab1d033ee4e4,data/images/f1dd44457082616edc52192387d99425703e01429d517306c772ab1d033ee4e4.jpg,False
visible_smoke_only_0_DJI_202609081039_006_pts_v2,000061,547.013,decoded frame PTS,@raw/04_第四批_20260908_1053_多火点与余热点/01_正式视频/无人机09_1581F7K3C24CS00AX535/DJI_202609081039_006/DJI_20260908105258_0002_V.MP4,B4,DJI_202609081039_006,2e7a8ef40fb3baca1cf67ee06b93b286fdb8dd53e693475d894f3507ea6f372e,data/images/2e7a8ef40fb3baca1cf67ee06b93b286fdb8dd53e693475d894f3507ea6f372e.jpg,False
visible_smoke_only_0_DJI_202609081039_006_pts_v2,000062,547.213,decoded frame PTS,@raw/04_第四批_20260908_1053_多火点与余热点/01_正式视频/无人机09_1581F7K3C24CS00AX535/DJI_202609081039_006/DJI_20260908105258_0002_V.MP4,B4,DJI_202609081039_006,6c4ce2f6f1c2bc78cf39ce974818293ab978f1c754acc22a7cc47e47c31c9acd,data/images/6c4ce2f6f1c2bc78cf39ce974818293ab978f1c754acc22a7cc47e47c31c9acd.jpg,False
visible_smoke_only_0_DJI_202609081039_006_pts_v2,000063,547.414,decoded frame PTS,@raw/04_第四批_20260908_1053_多火点与余热点/01_正式视频/无人机09_1581F7K3C24CS00AX535/DJI_202609081039_006/DJI_20260908105258_0002_V.MP4,B4,DJI_202609081039_006,45b4b147ee6b37dfb58ec2e3128607e04fbef83ed21c427c14a93c8fec34e430,data/images/45b4b147ee6b37dfb58ec2e3128607e04fbef83ed21c427c14a93c8fec34e430.jpg,False
visible_smoke_only_0_DJI_202609081039_006_pts_v2,000064,547.614,decoded frame PTS,@raw/04_第四批_20260908_1053_多火点与余热点/01_正式视频/无人机09_1581F7K3C24CS00AX535/DJI_202609081039_006/DJI_20260908105258_0002_V.MP4,B4,DJI_202609081039_006,9555ce6326dc95c47a3bb18af1d0e4d15f27c6f1c08bea80c37ac1919e4904b0,data/images/9555ce6326dc95c47a3bb18af1d0e4d15f27c6f1c08bea80c37ac1919e4904b0.jpg,False
visible_smoke_only_0_DJI_202609081039_006_pts_v2,000065,547.814,decoded frame PTS,@raw/04_第四批_20260908_1053_多火点与余热点/01_正式视频/无人机09_1581F7K3C24CS00AX535/DJI_202609081039_006/DJI_20260908105258_0002_V.MP4,B4,DJI_202609081039_006,a50d291e04277aee67f89c5654d5eacfcd63827e0992476003864ff1684279a1,data/images/a50d291e04277aee67f89c5654d5eacfcd63827e0992476003864ff1684279a1.jpg,False
visible_smoke_only_0_DJI_202609081039_006_pts_v2,000066,548.014,decoded frame PTS,@raw/04_第四批_20260908_1053_多火点与余热点/01_正式视频/无人机09_1581F7K3C24CS00AX535/DJI_202609081039_006/DJI_20260908105258_0002_V.MP4,B4,DJI_202609081039_006,b1ba4b163d47ce36efe78589183f1e4b31b4310f83d2f6776ee5fa4c725e92c9,data/images/b1ba4b163d47ce36efe78589183f1e4b31b4310f83d2f6776ee5fa4c725e92c9.jpg,False
visible_smoke_only_0_DJI_202609081039_006_pts_v2,000067,548.214,decoded frame PTS,@raw/04_第四批_20260908_1053_多火点与余热点/01_正式视频/无人机09_1581F7K3C24CS00AX535/DJI_202609081039_006/DJI_20260908105258_0002_V.MP4,B4,DJI_202609081039_006,5f2e3b0c69c5a63b58bc5a06f4bbc08af8426221c83ffe0945d3136f2595c0b3,data/images/5f2e3b0c69c5a63b58bc5a06f4bbc08af8426221c83ffe0945d3136f2595c0b3.jpg,False
visible_smoke_only_0_DJI_202609081039_006_pts_v2,000068,548.415,decoded frame PTS,@raw/04_第四批_20260908_1053_多火点与余热点/01_正式视频/无人机09_1581F7K3C24CS00AX535/DJI_202609081039_006/DJI_20260908105258_0002_V.MP4,B4,DJI_202609081039_006,344144fa601d0ab7fb2ec2afbfbd7d179c8f7981e9f569a7fdccb300b79939c8,data/images/344144fa601d0ab7fb2ec2afbfbd7d179c8f7981e9f569a7fdccb300b79939c8.jpg,False
visible_smoke_only_0_DJI_202609081039_006_pts_v2,000069,548.615,decoded frame PTS,@raw/04_第四批_20260908_1053_多火点与余热点/01_正式视频/无人机09_1581F7K3C24CS00AX535/DJI_202609081039_006/DJI_20260908105258_0002_V.MP4,B4,DJI_202609081039_006,7c6e45df4ac312ff05b876d38d4bffe007a365e11e1638e118d84221dd30992b,data/images/7c6e45df4ac312ff05b876d38d4bffe007a365e11e1638e118d84221dd30992b.jpg,False
visible_smoke_only_0_DJI_202609081039_006_pts_v2,000070,548.815,decoded frame PTS,@raw/04_第四批_20260908_1053_多火点与余热点/01_正式视频/无人机09_1581F7K3C24CS00AX535/DJI_202609081039_006/DJI_20260908105258_0002_V.MP4,B4,DJI_202609081039_006,36af92876ad97e9b6d7d231b65aa8995c26e73bfa2e2c8c1964644c229cc785f,data/images/36af92876ad97e9b6d7d231b65aa8995c26e73bfa2e2c8c1964644c229cc785f.jpg,False
visible_smoke_only_0_DJI_202609081039_006_pts_v2,000071,549.015,decoded frame PTS,@raw/04_第四批_20260908_1053_多火点与余热点/01_正式视频/无人机09_1581F7K3C24CS00AX535/DJI_202609081039_006/DJI_20260908105258_0002_V.MP4,B4,DJI_202609081039_006,a0ded53afd8e89b1b522a83b93a877757678819a411832027d64ffd12542314a,data/images/a0ded53afd8e89b1b522a83b93a877757678819a411832027d64ffd12542314a.jpg,False
visible_smoke_only_0_DJI_202609081039_006_pts_v2,000072,549.215,decoded frame PTS,@raw/04_第四批_20260908_1053_多火点与余热点/01_正式视频/无人机09_1581F7K3C24CS00AX535/DJI_202609081039_006/DJI_20260908105258_0002_V.MP4,B4,DJI_202609081039_006,a4cb8f0faebbad12576f52023d1cd683b2a67490efef85c5f68a20186c7aa082,data/images/a4cb8f0faebbad12576f52023d1cd683b2a67490efef85c5f68a20186c7aa082.jpg,False
visible_smoke_only_0_DJI_202609081039_006_pts_v2,000073,549.416,decoded frame PTS,@raw/04_第四批_20260908_1053_多火点与余热点/01_正式视频/无人机09_1581F7K3C24CS00AX535/DJI_202609081039_006/DJI_20260908105258_0002_V.MP4,B4,DJI_202609081039_006,a061eacf0b7df0cd7b3302677e865d745f958ac4f0d5c877cfc4ec80b6caa309,data/images/a061eacf0b7df0cd7b3302677e865d745f958ac4f0d5c877cfc4ec80b6caa309.jpg,False
visible_smoke_only_0_DJI_202609081039_006_pts_v2,000074,549.616,decoded frame PTS,@raw/04_第四批_20260908_1053_多火点与余热点/01_正式视频/无人机09_1581F7K3C24CS00AX535/DJI_202609081039_006/DJI_20260908105258_0002_V.MP4,B4,DJI_202609081039_006,8bbb371a57ed4cb21f7677cf0a4bc947b16223e17eeaefcea6793ff6c69e5ac1,data/images/8bbb371a57ed4cb21f7677cf0a4bc947b16223e17eeaefcea6793ff6c69e5ac1.jpg,False
visible_smoke_only_0_DJI_202609081039_006_pts_v2,000075,549.816,decoded frame PTS,@raw/04_第四批_20260908_1053_多火点与余热点/01_正式视频/无人机09_1581F7K3C24CS00AX535/DJI_202609081039_006/DJI_20260908105258_0002_V.MP4,B4,DJI_202609081039_006,4ade2df1b4f1a1f78a3de92497365168b8bc5d804fbdacd936637e8a681fe2b9,data/images/4ade2df1b4f1a1f78a3de92497365168b8bc5d804fbdacd936637e8a681fe2b9.jpg,False
visible_smoke_only_0_DJI_202609081039_006_pts_v2,000076,550.016,decoded frame PTS,@raw/04_第四批_20260908_1053_多火点与余热点/01_正式视频/无人机09_1581F7K3C24CS00AX535/DJI_202609081039_006/DJI_20260908105258_0002_V.MP4,B4,DJI_202609081039_006,c48b6fe020754db6b9bb0028eb162459a28f16fe972a457e4e4cd5a404b77b84,data/images/c48b6fe020754db6b9bb0028eb162459a28f16fe972a457e4e4cd5a404b77b84.jpg,False
visible_smoke_only_0_DJI_202609081039_006_pts_v2,000077,550.216,decoded frame PTS,@raw/04_第四批_20260908_1053_多火点与余热点/01_正式视频/无人机09_1581F7K3C24CS00AX535/DJI_202609081039_006/DJI_20260908105258_0002_V.MP4,B4,DJI_202609081039_006,218e79cce64e10f65c73885eb86768ac46bd1133d55e1947161f3e6ba22ee17c,data/images/218e79cce64e10f65c73885eb86768ac46bd1133d55e1947161f3e6ba22ee17c.jpg,False
visible_smoke_only_0_DJI_202609081039_006_pts_v2,000078,550.417,decoded frame PTS,@raw/04_第四批_20260908_1053_多火点与余热点/01_正式视频/无人机09_1581F7K3C24CS00AX535/DJI_202609081039_006/DJI_20260908105258_0002_V.MP4,B4,DJI_202609081039_006,23de6f89ea5aec24e60bd032770cbe90fa8c30f32bd715dce26cae0ccb4b7842,data/images/23de6f89ea5aec24e60bd032770cbe90fa8c30f32bd715dce26cae0ccb4b7842.jpg,False
visible_smoke_only_0_DJI_202609081039_006_pts_v2,000079,550.617,decoded frame PTS,@raw/04_第四批_20260908_1053_多火点与余热点/01_正式视频/无人机09_1581F7K3C24CS00AX535/DJI_202609081039_006/DJI_20260908105258_0002_V.MP4,B4,DJI_202609081039_006,34c0fe17b465c6a33de90a1878fe80337b7bda3554614a7de3766278f60b2e09,data/images/34c0fe17b465c6a33de90a1878fe80337b7bda3554614a7de3766278f60b2e09.jpg,False
visible_smoke_only_0_DJI_202609081039_006_pts_v2,000080,550.817,decoded frame PTS,@raw/04_第四批_20260908_1053_多火点与余热点/01_正式视频/无人机09_1581F7K3C24CS00AX535/DJI_202609081039_006/DJI_20260908105258_0002_V.MP4,B4,DJI_202609081039_006,62873a6835d0208932dffc2a5b1f3150f1185d1ca3828269edaf7e0fde6c77f0,data/images/62873a6835d0208932dffc2a5b1f3150f1185d1ca3828269edaf7e0fde6c77f0.jpg,False
visible_smoke_only_0_DJI_202609081039_006_pts_v2,000081,551.017,decoded frame PTS,@raw/04_第四批_20260908_1053_多火点与余热点/01_正式视频/无人机09_1581F7K3C24CS00AX535/DJI_202609081039_006/DJI_20260908105258_0002_V.MP4,B4,DJI_202609081039_006,2e1ec915729ad8da9710582e492fc90c7f96b8ca64fa59055ab07b244c7bb768,data/images/2e1ec915729ad8da9710582e492fc90c7f96b8ca64fa59055ab07b244c7bb768.jpg,False
visible_smoke_only_0_DJI_202609081039_006_pts_v2,000082,551.217,decoded frame PTS,@raw/04_第四批_20260908_1053_多火点与余热点/01_正式视频/无人机09_1581F7K3C24CS00AX535/DJI_202609081039_006/DJI_20260908105258_0002_V.MP4,B4,DJI_202609081039_006,66b45ce1aa380721b4ace9f1b637d7c7318e3bde52e98c3a194b005f15f5ef95,data/images/66b45ce1aa380721b4ace9f1b637d7c7318e3bde52e98c3a194b005f15f5ef95.jpg,False
visible_smoke_only_0_DJI_202609081039_006_pts_v2,000083,551.418,decoded frame PTS,@raw/04_第四批_20260908_1053_多火点与余热点/01_正式视频/无人机09_1581F7K3C24CS00AX535/DJI_202609081039_006/DJI_20260908105258_0002_V.MP4,B4,DJI_202609081039_006,bec72ba044fd88160d8708622b2c9f8d43a99c792dd382e1bac13aedf18f1d9f,data/images/bec72ba044fd88160d8708622b2c9f8d43a99c792dd382e1bac13aedf18f1d9f.jpg,False
visible_smoke_only_0_DJI_202609081039_006_pts_v2,000084,551.618,decoded frame PTS,@raw/04_第四批_20260908_1053_多火点与余热点/01_正式视频/无人机09_1581F7K3C24CS00AX535/DJI_202609081039_006/DJI_20260908105258_0002_V.MP4,B4,DJI_202609081039_006,e09ea0f924d2e45a1fb5a662de9318a13ed10d764b1e31b518ef410290c46c26,data/images/e09ea0f924d2e45a1fb5a662de9318a13ed10d764b1e31b518ef410290c46c26.jpg,False
visible_smoke_only_0_DJI_202609081039_006_pts_v2,000085,551.818,decoded frame PTS,@raw/04_第四批_20260908_1053_多火点与余热点/01_正式视频/无人机09_1581F7K3C24CS00AX535/DJI_202609081039_006/DJI_20260908105258_0002_V.MP4,B4,DJI_202609081039_006,1849f7329cab04c1e68c431b9c8440dd62a4f0ea096ae784ae5709a915578841,data/images/1849f7329cab04c1e68c431b9c8440dd62a4f0ea096ae784ae5709a915578841.jpg,False
visible_smoke_only_0_DJI_202609081039_006_pts_v2,000086,552.018,decoded frame PTS,@raw/04_第四批_20260908_1053_多火点与余热点/01_正式视频/无人机09_1581F7K3C24CS00AX535/DJI_202609081039_006/DJI_20260908105258_0002_V.MP4,B4,DJI_202609081039_006,9a91015fcdbe9bee63bb258787789dbe3e40001c9cd747563fe79378e06fd37c,data/images/9a91015fcdbe9bee63bb258787789dbe3e40001c9cd747563fe79378e06fd37c.jpg,False
visible_smoke_only_0_DJI_202609081039_006_pts_v2,000087,552.218,decoded frame PTS,@raw/04_第四批_20260908_1053_多火点与余热点/01_正式视频/无人机09_1581F7K3C24CS00AX535/DJI_202609081039_006/DJI_20260908105258_0002_V.MP4,B4,DJI_202609081039_006,9b3d42186282702dcbe8ff2cb45ad2284dbdfb328985805c1aa3fbffff520138,data/images/9b3d42186282702dcbe8ff2cb45ad2284dbdfb328985805c1aa3fbffff520138.jpg,False
visible_smoke_only_0_DJI_202609081039_006_pts_v2,000088,552.419,decoded frame PTS,@raw/04_第四批_20260908_1053_多火点与余热点/01_正式视频/无人机09_1581F7K3C24CS00AX535/DJI_202609081039_006/DJI_20260908105258_0002_V.MP4,B4,DJI_202609081039_006,3775d05b7ead110151cf2a2d628239762e244700a861f960eca5f246b39580ea,data/images/3775d05b7ead110151cf2a2d628239762e244700a861f960eca5f246b39580ea.jpg,False
visible_smoke_only_0_DJI_202609081039_006_pts_v2,000089,552.619,decoded frame PTS,@raw/04_第四批_20260908_1053_多火点与余热点/01_正式视频/无人机09_1581F7K3C24CS00AX535/DJI_202609081039_006/DJI_20260908105258_0002_V.MP4,B4,DJI_202609081039_006,1dfe3bcf7f2e4a35a52be5da265428c8a86baa93e301af60b5e70271f21980e0,data/images/1dfe3bcf7f2e4a35a52be5da265428c8a86baa93e301af60b5e70271f21980e0.jpg,False
visible_smoke_only_0_DJI_202609081039_006_pts_v2,000090,552.819,decoded frame PTS,@raw/04_第四批_20260908_1053_多火点与余热点/01_正式视频/无人机09_1581F7K3C24CS00AX535/DJI_202609081039_006/DJI_20260908105258_0002_V.MP4,B4,DJI_202609081039_006,aacfa2dafd1acd6e281e8f5b367efab5b3f8b30e354d364f11036a2a741359e1,data/images/aacfa2dafd1acd6e281e8f5b367efab5b3f8b30e354d364f11036a2a741359e1.jpg,False
visible_smoke_only_0_DJI_202609081039_006_pts_v2,000091,553.019,decoded frame PTS,@raw/04_第四批_20260908_1053_多火点与余热点/01_正式视频/无人机09_1581F7K3C24CS00AX535/DJI_202609081039_006/DJI_20260908105258_0002_V.MP4,B4,DJI_202609081039_006,eac4dc1a9ce9dc1a0921a5be6dcf44e70cb4bdbd380baded0a0f44897072d167,data/images/eac4dc1a9ce9dc1a0921a5be6dcf44e70cb4bdbd380baded0a0f44897072d167.jpg,False
visible_smoke_only_0_DJI_202609081039_006_pts_v2,000092,553.219,decoded frame PTS,@raw/04_第四批_20260908_1053_多火点与余热点/01_正式视频/无人机09_1581F7K3C24CS00AX535/DJI_202609081039_006/DJI_20260908105258_0002_V.MP4,B4,DJI_202609081039_006,399fcad4154189aac8a36e9ad088792ca9ff1d59a1333a695408e1f75df44dfa,data/images/399fcad4154189aac8a36e9ad088792ca9ff1d59a1333a695408e1f75df44dfa.jpg,False
visible_smoke_only_0_DJI_202609081039_006_pts_v2,000093,553.42,decoded frame PTS,@raw/04_第四批_20260908_1053_多火点与余热点/01_正式视频/无人机09_1581F7K3C24CS00AX535/DJI_202609081039_006/DJI_20260908105258_0002_V.MP4,B4,DJI_202609081039_006,e272e0ff513a56af3eff7f2d4e2dc39ea5c90d308dde99f6bdb7e6ad344a64fe,data/images/e272e0ff513a56af3eff7f2d4e2dc39ea5c90d308dde99f6bdb7e6ad344a64fe.jpg,False
visible_smoke_only_0_DJI_202609081039_006_pts_v2,000094,553.62,decoded frame PTS,@raw/04_第四批_20260908_1053_多火点与余热点/01_正式视频/无人机09_1581F7K3C24CS00AX535/DJI_202609081039_006/DJI_20260908105258_0002_V.MP4,B4,DJI_202609081039_006,dacb7269a7e8152bb0fb272c67ce5dcea63f09b0482b34ad2f9e26e848083308,data/images/dacb7269a7e8152bb0fb272c67ce5dcea63f09b0482b34ad2f9e26e848083308.jpg,False
visible_smoke_only_0_DJI_202609081039_006_pts_v2,000095,553.82,decoded frame PTS,@raw/04_第四批_20260908_1053_多火点与余热点/01_正式视频/无人机09_1581F7K3C24CS00AX535/DJI_202609081039_006/DJI_20260908105258_0002_V.MP4,B4,DJI_202609081039_006,6cdde10a1714920507ea70fa7551388326fee1254903058d5345970138b9717a,data/images/6cdde10a1714920507ea70fa7551388326fee1254903058d5345970138b9717a.jpg,False
visible_smoke_only_0_DJI_202609081039_006_pts_v2,000096,554.02,decoded frame PTS,@raw/04_第四批_20260908_1053_多火点与余热点/01_正式视频/无人机09_1581F7K3C24CS00AX535/DJI_202609081039_006/DJI_20260908105258_0002_V.MP4,B4,DJI_202609081039_006,66d300dd8e0c30bc9e0c1d6aa134f4453eb69dc31dc44373416f79a29c90486a,data/images/66d300dd8e0c30bc9e0c1d6aa134f4453eb69dc31dc44373416f79a29c90486a.jpg,False
visible_smoke_only_0_DJI_202609081039_006_pts_v2,000097,554.22,decoded frame PTS,@raw/04_第四批_20260908_1053_多火点与余热点/01_正式视频/无人机09_1581F7K3C24CS00AX535/DJI_202609081039_006/DJI_20260908105258_0002_V.MP4,B4,DJI_202609081039_006,44d831c07f17a833d179a72086e8badae9a3cd2d3ff5aef94572bc4a581a8dba,data/images/44d831c07f17a833d179a72086e8badae9a3cd2d3ff5aef94572bc4a581a8dba.jpg,False
visible_smoke_only_0_DJI_202609081039_006_pts_v2,000098,554.421,decoded frame PTS,@raw/04_第四批_20260908_1053_多火点与余热点/01_正式视频/无人机09_1581F7K3C24CS00AX535/DJI_202609081039_006/DJI_20260908105258_0002_V.MP4,B4,DJI_202609081039_006,0d471c4a9e605f94523297a8b233a69560202fc11fd082b3a74e998ba7c254ab,data/images/0d471c4a9e605f94523297a8b233a69560202fc11fd082b3a74e998ba7c254ab.jpg,False
visible_smoke_only_0_DJI_202609081039_006_pts_v2,000099,554.621,decoded frame PTS,@raw/04_第四批_20260908_1053_多火点与余热点/01_正式视频/无人机09_1581F7K3C24CS00AX535/DJI_202609081039_006/DJI_20260908105258_0002_V.MP4,B4,DJI_202609081039_006,a451e2b057aba6dc92c574bfb965d92d194721bbfb0c28bc167564f078fd3507,data/images/a451e2b057aba6dc92c574bfb965d92d194721bbfb0c28bc167564f078fd3507.jpg,False
visible_smoke_only_0_DJI_202609081039_006_pts_v2,000100,554.821,decoded frame PTS,@raw/04_第四批_20260908_1053_多火点与余热点/01_正式视频/无人机09_1581F7K3C24CS00AX535/DJI_202609081039_006/DJI_20260908105258_0002_V.MP4,B4,DJI_202609081039_006,bb2ee46a7a199e250b65595ba067baa557bbe4a46cc1f6fae776e1c47959b439,data/images/bb2ee46a7a199e250b65595ba067baa557bbe4a46cc1f6fae776e1c47959b439.jpg,False
visible_smoke_only_0_DJI_202609081039_006_pts_v2,000101,555.021,decoded frame PTS,@raw/04_第四批_20260908_1053_多火点与余热点/01_正式视频/无人机09_1581F7K3C24CS00AX535/DJI_202609081039_006/DJI_20260908105258_0002_V.MP4,B4,DJI_202609081039_006,61cce3118b286af9c0333c7cb463bd5b85833331a3e6d52df7d7882207d0e7e0,data/images/61cce3118b286af9c0333c7cb463bd5b85833331a3e6d52df7d7882207d0e7e0.jpg,False
visible_smoke_only_0_DJI_202609081039_006_pts_v2,000102,555.221,decoded frame PTS,@raw/04_第四批_20260908_1053_多火点与余热点/01_正式视频/无人机09_1581F7K3C24CS00AX535/DJI_202609081039_006/DJI_20260908105258_0002_V.MP4,B4,DJI_202609081039_006,f3299cb524808d74176bcb90734f12a4b57b032ef34409b0abc45781e6806a53,data/images/f3299cb524808d74176bcb90734f12a4b57b032ef34409b0abc45781e6806a53.jpg,False
visible_smoke_only_0_DJI_202609081039_006_pts_v2,000103,555.422,decoded frame PTS,@raw/04_第四批_20260908_1053_多火点与余热点/01_正式视频/无人机09_1581F7K3C24CS00AX535/DJI_202609081039_006/DJI_20260908105258_0002_V.MP4,B4,DJI_202609081039_006,7177a9387c8b333fe3ad35d72992f07c77be2d7d8df815ab590917ffb813c526,data/images/7177a9387c8b333fe3ad35d72992f07c77be2d7d8df815ab590917ffb813c526.jpg,False
visible_smoke_only_0_DJI_202609081039_006_pts_v2,000104,555.622,decoded frame PTS,@raw/04_第四批_20260908_1053_多火点与余热点/01_正式视频/无人机09_1581F7K3C24CS00AX535/DJI_202609081039_006/DJI_20260908105258_0002_V.MP4,B4,DJI_202609081039_006,8c42b3acbeaeb929c12ed18bd9c6c5b1b253f3218d1b6296aea80b8eab3ac474,data/images/8c42b3acbeaeb929c12ed18bd9c6c5b1b253f3218d1b6296aea80b8eab3ac474.jpg,False
visible_smoke_only_0_DJI_202609081039_006_pts_v2,000105,555.822,decoded frame PTS,@raw/04_第四批_20260908_1053_多火点与余热点/01_正式视频/无人机09_1581F7K3C24CS00AX535/DJI_202609081039_006/DJI_20260908105258_0002_V.MP4,B4,DJI_202609081039_006,9641045b58c178eb97fee3f9418a07a7264cb930559bebd1fb11495d52cce1cd,data/images/9641045b58c178eb97fee3f9418a07a7264cb930559bebd1fb11495d52cce1cd.jpg,False
visible_smoke_only_0_DJI_202609081039_006_pts_v2,000106,556.022,decoded frame PTS,@raw/04_第四批_20260908_1053_多火点与余热点/01_正式视频/无人机09_1581F7K3C24CS00AX535/DJI_202609081039_006/DJI_20260908105258_0002_V.MP4,B4,DJI_202609081039_006,e427ae619ddbd6318f952f71119fc3a3053c6ea17a69f3ff330ab61c0838c8b0,data/images/e427ae619ddbd6318f952f71119fc3a3053c6ea17a69f3ff330ab61c0838c8b0.jpg,False
visible_smoke_only_0_DJI_202609081039_006_pts_v2,000107,556.222,decoded frame PTS,@raw/04_第四批_20260908_1053_多火点与余热点/01_正式视频/无人机09_1581F7K3C24CS00AX535/DJI_202609081039_006/DJI_20260908105258_0002_V.MP4,B4,DJI_202609081039_006,364771e427849d1fc593adeb93eefc319674517ea6db6bb8fbb49f522d98527d,data/images/364771e427849d1fc593adeb93eefc319674517ea6db6bb8fbb49f522d98527d.jpg,False
visible_smoke_only_0_DJI_202609081039_006_pts_v2,000108,556.423,decoded frame PTS,@raw/04_第四批_20260908_1053_多火点与余热点/01_正式视频/无人机09_1581F7K3C24CS00AX535/DJI_202609081039_006/DJI_20260908105258_0002_V.MP4,B4,DJI_202609081039_006,423eda20d2a58d0a57e313a2258299c4f9e91aa66a35f9472528b114d56ab4a3,data/images/423eda20d2a58d0a57e313a2258299c4f9e91aa66a35f9472528b114d56ab4a3.jpg,False
visible_smoke_only_0_DJI_202609081039_006_pts_v2,000109,556.623,decoded frame PTS,@raw/04_第四批_20260908_1053_多火点与余热点/01_正式视频/无人机09_1581F7K3C24CS00AX535/DJI_202609081039_006/DJI_20260908105258_0002_V.MP4,B4,DJI_202609081039_006,4092e01a606b8d9ee2a83ad8c989f568a22720e9b6e466df08b5b8873e407d87,data/images/4092e01a606b8d9ee2a83ad8c989f568a22720e9b6e466df08b5b8873e407d87.jpg,False
visible_smoke_only_0_DJI_202609081039_006_pts_v2,000110,556.823,decoded frame PTS,@raw/04_第四批_20260908_1053_多火点与余热点/01_正式视频/无人机09_1581F7K3C24CS00AX535/DJI_202609081039_006/DJI_20260908105258_0002_V.MP4,B4,DJI_202609081039_006,12f0595cb031765ec082eb60ce5c51d44247b69159667dace6240f23ad01b49f,data/images/12f0595cb031765ec082eb60ce5c51d44247b69159667dace6240f23ad01b49f.jpg,False
visible_smoke_only_0_DJI_202609081039_006_pts_v2,000111,557.023,decoded frame PTS,@raw/04_第四批_20260908_1053_多火点与余热点/01_正式视频/无人机09_1581F7K3C24CS00AX535/DJI_202609081039_006/DJI_20260908105258_0002_V.MP4,B4,DJI_202609081039_006,e7ef8b349f87ff5f2318410c02547cccbe4ee6e704b561072962f7912e329106,data/images/e7ef8b349f87ff5f2318410c02547cccbe4ee6e704b561072962f7912e329106.jpg,False
visible_smoke_only_0_DJI_202609081039_006_pts_v2,000112,557.223,decoded frame PTS,@raw/04_第四批_20260908_1053_多火点与余热点/01_正式视频/无人机09_1581F7K3C24CS00AX535/DJI_202609081039_006/DJI_20260908105258_0002_V.MP4,B4,DJI_202609081039_006,ceccf682286455a914c7c6af3714babf58d697ce7d11b09fbe84bb941ea4f8a5,data/images/ceccf682286455a914c7c6af3714babf58d697ce7d11b09fbe84bb941ea4f8a5.jpg,False
visible_smoke_only_0_DJI_202609081039_006_pts_v2,000113,557.424,decoded frame PTS,@raw/04_第四批_20260908_1053_多火点与余热点/01_正式视频/无人机09_1581F7K3C24CS00AX535/DJI_202609081039_006/DJI_20260908105258_0002_V.MP4,B4,DJI_202609081039_006,b49f5bb61d26db156d433b7b738b31b8566874aa36c7aca7bae1d08e4d88fa61,data/images/b49f5bb61d26db156d433b7b738b31b8566874aa36c7aca7bae1d08e4d88fa61.jpg,False
visible_smoke_only_0_DJI_202609081039_006_pts_v2,000114,557.624,decoded frame PTS,@raw/04_第四批_20260908_1053_多火点与余热点/01_正式视频/无人机09_1581F7K3C24CS00AX535/DJI_202609081039_006/DJI_20260908105258_0002_V.MP4,B4,DJI_202609081039_006,d94b447b07c70e297c5ad60ee21f8aeb4f1aacbd23e52eb9067ecfd6543f1032,data/images/d94b447b07c70e297c5ad60ee21f8aeb4f1aacbd23e52eb9067ecfd6543f1032.jpg,False
visible_smoke_only_0_DJI_202609081039_006_pts_v2,000115,557.824,decoded frame PTS,@raw/04_第四批_20260908_1053_多火点与余热点/01_正式视频/无人机09_1581F7K3C24CS00AX535/DJI_202609081039_006/DJI_20260908105258_0002_V.MP4,B4,DJI_202609081039_006,2e4ddc0a27fcaaec7edb6779960dc0a0dfd98ed6adfb58014fd26698cd809b2d,data/images/2e4ddc0a27fcaaec7edb6779960dc0a0dfd98ed6adfb58014fd26698cd809b2d.jpg,False
visible_smoke_only_0_DJI_202609081039_006_pts_v2,000116,558.024,decoded frame PTS,@raw/04_第四批_20260908_1053_多火点与余热点/01_正式视频/无人机09_1581F7K3C24CS00AX535/DJI_202609081039_006/DJI_20260908105258_0002_V.MP4,B4,DJI_202609081039_006,287d7f7a1005625da3da67a663d5a742141d482d31d3eaeda8c13a43d827a133,data/images/287d7f7a1005625da3da67a663d5a742141d482d31d3eaeda8c13a43d827a133.jpg,False
visible_smoke_only_0_DJI_202609081039_006_pts_v2,000117,558.224,decoded frame PTS,@raw/04_第四批_20260908_1053_多火点与余热点/01_正式视频/无人机09_1581F7K3C24CS00AX535/DJI_202609081039_006/DJI_20260908105258_0002_V.MP4,B4,DJI_202609081039_006,d5a49721a8f0d363af5e9a658bb5d455df9f4a8add9874068b027f3fda80c938,data/images/d5a49721a8f0d363af5e9a658bb5d455df9f4a8add9874068b027f3fda80c938.jpg,False
visible_smoke_only_0_DJI_202609081039_006_pts_v2,000118,558.425,decoded frame PTS,@raw/04_第四批_20260908_1053_多火点与余热点/01_正式视频/无人机09_1581F7K3C24CS00AX535/DJI_202609081039_006/DJI_20260908105258_0002_V.MP4,B4,DJI_202609081039_006,f12510905c82ce593167284e9f769a35b35fd09ffddac3df78a6cd41a8981b37,data/images/f12510905c82ce593167284e9f769a35b35fd09ffddac3df78a6cd41a8981b37.jpg,False
visible_smoke_only_0_DJI_202609081039_006_pts_v2,000119,558.625,decoded frame PTS,@raw/04_第四批_20260908_1053_多火点与余热点/01_正式视频/无人机09_1581F7K3C24CS00AX535/DJI_202609081039_006/DJI_20260908105258_0002_V.MP4,B4,DJI_202609081039_006,70b624898f15a69d6e8525ab852b07b8e1fd40fb5ab1742ede9ceacfe4b7e86a,data/images/70b624898f15a69d6e8525ab852b07b8e1fd40fb5ab1742ede9ceacfe4b7e86a.jpg,False
visible_smoke_only_0_DJI_202609081039_006_pts_v2,000120,558.825,decoded frame PTS,@raw/04_第四批_20260908_1053_多火点与余热点/01_正式视频/无人机09_1581F7K3C24CS00AX535/DJI_202609081039_006/DJI_20260908105258_0002_V.MP4,B4,DJI_202609081039_006,82aea39d344f4bbc587ed122135e487a2138951f3c33bcf4a32c109e07484339,data/images/82aea39d344f4bbc587ed122135e487a2138951f3c33bcf4a32c109e07484339.jpg,False
visible_smoke_only_0_DJI_202609081039_006_pts_v2,000121,559.025,decoded frame PTS,@raw/04_第四批_20260908_1053_多火点与余热点/01_正式视频/无人机09_1581F7K3C24CS00AX535/DJI_202609081039_006/DJI_20260908105258_0002_V.MP4,B4,DJI_202609081039_006,eb2397b7771302ca789ad03d022ea4cbc81a4168388f56871892e3af633db3e3,data/images/eb2397b7771302ca789ad03d022ea4cbc81a4168388f56871892e3af633db3e3.jpg,False
visible_smoke_only_0_DJI_202609081039_006_pts_v2,000122,559.225,decoded frame PTS,@raw/04_第四批_20260908_1053_多火点与余热点/01_正式视频/无人机09_1581F7K3C24CS00AX535/DJI_202609081039_006/DJI_20260908105258_0002_V.MP4,B4,DJI_202609081039_006,4052b8e6d858eb7872c4bd7fd6ae21af70e9e1a60690f7d99eed512c1d0ea289,data/images/4052b8e6d858eb7872c4bd7fd6ae21af70e9e1a60690f7d99eed512c1d0ea289.jpg,False
visible_smoke_only_0_DJI_202609081039_006_pts_v2,000123,559.426,decoded frame PTS,@raw/04_第四批_20260908_1053_多火点与余热点/01_正式视频/无人机09_1581F7K3C24CS00AX535/DJI_202609081039_006/DJI_20260908105258_0002_V.MP4,B4,DJI_202609081039_006,ad5231d439ba38a5d8f85e17894d55545fb286a72a71af1a23f5d28adda4f358,data/images/ad5231d439ba38a5d8f85e17894d55545fb286a72a71af1a23f5d28adda4f358.jpg,False
visible_smoke_only_0_DJI_202609081039_006_pts_v2,000124,559.626,decoded frame PTS,@raw/04_第四批_20260908_1053_多火点与余热点/01_正式视频/无人机09_1581F7K3C24CS00AX535/DJI_202609081039_006/DJI_20260908105258_0002_V.MP4,B4,DJI_202609081039_006,3d91c947f7938211c67b8947a2261b0b7b2b1328d1b08eb2f364fee03f053c09,data/images/3d91c947f7938211c67b8947a2261b0b7b2b1328d1b08eb2f364fee03f053c09.jpg,False
visible_smoke_only_0_DJI_202609081039_006_pts_v2,000125,559.826,decoded frame PTS,@raw/04_第四批_20260908_1053_多火点与余热点/01_正式视频/无人机09_1581F7K3C24CS00AX535/DJI_202609081039_006/DJI_20260908105258_0002_V.MP4,B4,DJI_202609081039_006,aa73aee15b8289bd753599264a9a8c6cea296961e4d7f718034b265795657590,data/images/aa73aee15b8289bd753599264a9a8c6cea296961e4d7f718034b265795657590.jpg,False
visible_smoke_only_0_DJI_202609081039_006_pts_v2,000126,560.026,decoded frame PTS,@raw/04_第四批_20260908_1053_多火点与余热点/01_正式视频/无人机09_1581F7K3C24CS00AX535/DJI_202609081039_006/DJI_20260908105258_0002_V.MP4,B4,DJI_202609081039_006,9c71ebddab0a11b3281d899fab7a2def1a7db71bc74d3b47f41b079986c98b61,data/images/9c71ebddab0a11b3281d899fab7a2def1a7db71bc74d3b47f41b079986c98b61.jpg,False
visible_smoke_only_0_DJI_202609081039_006_pts_v2,000127,560.226,decoded frame PTS,@raw/04_第四批_20260908_1053_多火点与余热点/01_正式视频/无人机09_1581F7K3C24CS00AX535/DJI_202609081039_006/DJI_20260908105258_0002_V.MP4,B4,DJI_202609081039_006,22e7221811ef35162051bfc5a6a83670dca1bfe3623d3c0cf613f5488fd4e1ec,data/images/22e7221811ef35162051bfc5a6a83670dca1bfe3623d3c0cf613f5488fd4e1ec.jpg,False
visible_smoke_only_0_DJI_202609081039_006_pts_v2,000128,560.427,decoded frame PTS,@raw/04_第四批_20260908_1053_多火点与余热点/01_正式视频/无人机09_1581F7K3C24CS00AX535/DJI_202609081039_006/DJI_20260908105258_0002_V.MP4,B4,DJI_202609081039_006,739612a920bb8bc93bb93095a3dad0cee17db631f375e351d450a35895dac7a0,data/images/739612a920bb8bc93bb93095a3dad0cee17db631f375e351d450a35895dac7a0.jpg,False
visible_smoke_only_0_DJI_202609081039_006_pts_v2,000129,560.627,decoded frame PTS,@raw/04_第四批_20260908_1053_多火点与余热点/01_正式视频/无人机09_1581F7K3C24CS00AX535/DJI_202609081039_006/DJI_20260908105258_0002_V.MP4,B4,DJI_202609081039_006,20652f1325c1162b042418892fd6ef7c17716202b7f6c8c62d91f8b46b08b924,data/images/20652f1325c1162b042418892fd6ef7c17716202b7f6c8c62d91f8b46b08b924.jpg,False
visible_smoke_only_0_DJI_202609081039_006_pts_v2,000130,560.827,decoded frame PTS,@raw/04_第四批_20260908_1053_多火点与余热点/01_正式视频/无人机09_1581F7K3C24CS00AX535/DJI_202609081039_006/DJI_20260908105258_0002_V.MP4,B4,DJI_202609081039_006,87b5350fbf537df272a2a533a5cc74c5dcf92e2ec6e3ac5f13693e4b635dd83e,data/images/87b5350fbf537df272a2a533a5cc74c5dcf92e2ec6e3ac5f13693e4b635dd83e.jpg,False
visible_smoke_only_0_DJI_202609081039_006_pts_v2,000131,561.027,decoded frame PTS,@raw/04_第四批_20260908_1053_多火点与余热点/01_正式视频/无人机09_1581F7K3C24CS00AX535/DJI_202609081039_006/DJI_20260908105258_0002_V.MP4,B4,DJI_202609081039_006,8ef53caa030b64cf5d5b81cfa16eba58c4730f2fdc4175875f1a455791b0e5f7,data/images/8ef53caa030b64cf5d5b81cfa16eba58c4730f2fdc4175875f1a455791b0e5f7.jpg,False
visible_smoke_only_0_DJI_202609081039_006_pts_v2,000132,561.227,decoded frame PTS,@raw/04_第四批_20260908_1053_多火点与余热点/01_正式视频/无人机09_1581F7K3C24CS00AX535/DJI_202609081039_006/DJI_20260908105258_0002_V.MP4,B4,DJI_202609081039_006,136397d3a17d9e54397ee08adfda5f079d3897d01a7561979dd20b29296ec86b,data/images/136397d3a17d9e54397ee08adfda5f079d3897d01a7561979dd20b29296ec86b.jpg,False
visible_smoke_only_0_DJI_202609081039_006_pts_v2,000133,561.428,decoded frame PTS,@raw/04_第四批_20260908_1053_多火点与余热点/01_正式视频/无人机09_1581F7K3C24CS00AX535/DJI_202609081039_006/DJI_20260908105258_0002_V.MP4,B4,DJI_202609081039_006,66a90ea22941ff30906788126e7dba1d675d5ef874c4281c0372cb7bede7ad6a,data/images/66a90ea22941ff30906788126e7dba1d675d5ef874c4281c0372cb7bede7ad6a.jpg,False
visible_smoke_only_0_DJI_202609081039_006_pts_v2,000134,561.628,decoded frame PTS,@raw/04_第四批_20260908_1053_多火点与余热点/01_正式视频/无人机09_1581F7K3C24CS00AX535/DJI_202609081039_006/DJI_20260908105258_0002_V.MP4,B4,DJI_202609081039_006,145c3c554db13fc0ef6385b166ed7c9ecc95fae5bc5a9e5765df36ee599c83f7,data/images/145c3c554db13fc0ef6385b166ed7c9ecc95fae5bc5a9e5765df36ee599c83f7.jpg,False
visible_smoke_only_0_DJI_202609081039_006_pts_v2,000135,561.828,decoded frame PTS,@raw/04_第四批_20260908_1053_多火点与余热点/01_正式视频/无人机09_1581F7K3C24CS00AX535/DJI_202609081039_006/DJI_20260908105258_0002_V.MP4,B4,DJI_202609081039_006,6f144cd37b0f4f3230538bd0a54b9cfdafd48ba7ce0f9e2f50c5a92845df2b00,data/images/6f144cd37b0f4f3230538bd0a54b9cfdafd48ba7ce0f9e2f50c5a92845df2b00.jpg,False
visible_smoke_only_0_DJI_202609081039_006_pts_v2,000136,562.028,decoded frame PTS,@raw/04_第四批_20260908_1053_多火点与余热点/01_正式视频/无人机09_1581F7K3C24CS00AX535/DJI_202609081039_006/DJI_20260908105258_0002_V.MP4,B4,DJI_202609081039_006,80b95111961692cd98b54cea17c59ef2b789b7511f0b11134945a216d10127f7,data/images/80b95111961692cd98b54cea17c59ef2b789b7511f0b11134945a216d10127f7.jpg,False
visible_smoke_only_0_DJI_202609081039_006_pts_v2,000137,562.228,decoded frame PTS,@raw/04_第四批_20260908_1053_多火点与余热点/01_正式视频/无人机09_1581F7K3C24CS00AX535/DJI_202609081039_006/DJI_20260908105258_0002_V.MP4,B4,DJI_202609081039_006,0e2d996731214af0f062e73c2c998a913f4af630c6baa86d4b1f56f1504a3430,data/images/0e2d996731214af0f062e73c2c998a913f4af630c6baa86d4b1f56f1504a3430.jpg,False
visible_smoke_only_0_DJI_202609081039_006_pts_v2,000138,562.429,decoded frame PTS,@raw/04_第四批_20260908_1053_多火点与余热点/01_正式视频/无人机09_1581F7K3C24CS00AX535/DJI_202609081039_006/DJI_20260908105258_0002_V.MP4,B4,DJI_202609081039_006,b70c95aaa011148071f64cb28b2aee3845f531ccb0d8e89a91e3b76092070801,data/images/b70c95aaa011148071f64cb28b2aee3845f531ccb0d8e89a91e3b76092070801.jpg,False
visible_smoke_only_0_DJI_202609081039_006_pts_v2,000139,562.629,decoded frame PTS,@raw/04_第四批_20260908_1053_多火点与余热点/01_正式视频/无人机09_1581F7K3C24CS00AX535/DJI_202609081039_006/DJI_20260908105258_0002_V.MP4,B4,DJI_202609081039_006,8a6c329d7988deb0a25d735c67749352b7726e2de599c43ab9bc864031736a8f,data/images/8a6c329d7988deb0a25d735c67749352b7726e2de599c43ab9bc864031736a8f.jpg,False
visible_smoke_only_0_DJI_202609081039_006_pts_v2,000140,562.829,decoded frame PTS,@raw/04_第四批_20260908_1053_多火点与余热点/01_正式视频/无人机09_1581F7K3C24CS00AX535/DJI_202609081039_006/DJI_20260908105258_0002_V.MP4,B4,DJI_202609081039_006,d3f9b043d4eb4bf505cf36c7d7656e9b9546374a8ee0d06b8805448bc63f636e,data/images/d3f9b043d4eb4bf505cf36c7d7656e9b9546374a8ee0d06b8805448bc63f636e.jpg,False
visible_smoke_only_0_DJI_202609081039_006_pts_v2,000141,563.029,decoded frame PTS,@raw/04_第四批_20260908_1053_多火点与余热点/01_正式视频/无人机09_1581F7K3C24CS00AX535/DJI_202609081039_006/DJI_20260908105258_0002_V.MP4,B4,DJI_202609081039_006,6bddc05a2f0605683b6469373fcf12e97ad0a6a4408f9e97d695aba0cd9ec7cd,data/images/6bddc05a2f0605683b6469373fcf12e97ad0a6a4408f9e97d695aba0cd9ec7cd.jpg,False
visible_smoke_only_0_DJI_202609081039_006_pts_v2,000142,563.229,decoded frame PTS,@raw/04_第四批_20260908_1053_多火点与余热点/01_正式视频/无人机09_1581F7K3C24CS00AX535/DJI_202609081039_006/DJI_20260908105258_0002_V.MP4,B4,DJI_202609081039_006,d6032fd5d7e41812a9f502ba757ad65d7f08f71fc436a8256b0c65e2777483ee,data/images/d6032fd5d7e41812a9f502ba757ad65d7f08f71fc436a8256b0c65e2777483ee.jpg,False
visible_smoke_only_0_DJI_202609081039_006_pts_v2,000143,563.43,decoded frame PTS,@raw/04_第四批_20260908_1053_多火点与余热点/01_正式视频/无人机09_1581F7K3C24CS00AX535/DJI_202609081039_006/DJI_20260908105258_0002_V.MP4,B4,DJI_202609081039_006,664103bfe4a06401f26ea8411b2212929d70f47984c63dfeb5a28c231f51d5e7,data/images/664103bfe4a06401f26ea8411b2212929d70f47984c63dfeb5a28c231f51d5e7.jpg,False
visible_smoke_only_0_DJI_202609081039_006_pts_v2,000144,563.63,decoded frame PTS,@raw/04_第四批_20260908_1053_多火点与余热点/01_正式视频/无人机09_1581F7K3C24CS00AX535/DJI_202609081039_006/DJI_20260908105258_0002_V.MP4,B4,DJI_202609081039_006,459bb427f48b9ff18977aff48fb3feb2b193b6bb04a6edb1d93e20d1cb0bf771,data/images/459bb427f48b9ff18977aff48fb3feb2b193b6bb04a6edb1d93e20d1cb0bf771.jpg,False
visible_smoke_only_0_DJI_202609081039_006_pts_v2,000145,563.83,decoded frame PTS,@raw/04_第四批_20260908_1053_多火点与余热点/01_正式视频/无人机09_1581F7K3C24CS00AX535/DJI_202609081039_006/DJI_20260908105258_0002_V.MP4,B4,DJI_202609081039_006,9aa830148492884cec6b095887bc3324b03909e90debcec005999dde9093bfcf,data/images/9aa830148492884cec6b095887bc3324b03909e90debcec005999dde9093bfcf.jpg,False
visible_smoke_only_0_DJI_202609081039_006_pts_v2,000146,564.03,decoded frame PTS,@raw/04_第四批_20260908_1053_多火点与余热点/01_正式视频/无人机09_1581F7K3C24CS00AX535/DJI_202609081039_006/DJI_20260908105258_0002_V.MP4,B4,DJI_202609081039_006,ec2f2a6f41f95db5af0b7e341e5b48ea63ad284376db101425c8ec2ae173acde,data/images/ec2f2a6f41f95db5af0b7e341e5b48ea63ad284376db101425c8ec2ae173acde.jpg,False
visible_smoke_only_0_DJI_202609081039_006_pts_v2,000147,564.23,decoded frame PTS,@raw/04_第四批_20260908_1053_多火点与余热点/01_正式视频/无人机09_1581F7K3C24CS00AX535/DJI_202609081039_006/DJI_20260908105258_0002_V.MP4,B4,DJI_202609081039_006,f165d8f10c0f51dd60a023418e8eca72702d00c92571ae69d24a85d54abeb24b,data/images/f165d8f10c0f51dd60a023418e8eca72702d00c92571ae69d24a85d54abeb24b.jpg,False
visible_smoke_only_0_DJI_202609081039_006_pts_v2,000148,564.431,decoded frame PTS,@raw/04_第四批_20260908_1053_多火点与余热点/01_正式视频/无人机09_1581F7K3C24CS00AX535/DJI_202609081039_006/DJI_20260908105258_0002_V.MP4,B4,DJI_202609081039_006,3b8d1be841fb4fc8f53a6af115ef17b7a7a9bca61f65cf11f3062f71b70fd162,data/images/3b8d1be841fb4fc8f53a6af115ef17b7a7a9bca61f65cf11f3062f71b70fd162.jpg,False
visible_smoke_only_0_DJI_202609081039_006_pts_v2,000149,564.631,decoded frame PTS,@raw/04_第四批_20260908_1053_多火点与余热点/01_正式视频/无人机09_1581F7K3C24CS00AX535/DJI_202609081039_006/DJI_20260908105258_0002_V.MP4,B4,DJI_202609081039_006,95f99f207a9030fd7ceea1af89a954471e6a1d6f3b0167a0823d4b8b282d15a1,data/images/95f99f207a9030fd7ceea1af89a954471e6a1d6f3b0167a0823d4b8b282d15a1.jpg,False
visible_smoke_only_0_DJI_202609081039_006_pts_v2,000150,564.831,decoded frame PTS,@raw/04_第四批_20260908_1053_多火点与余热点/01_正式视频/无人机09_1581F7K3C24CS00AX535/DJI_202609081039_006/DJI_20260908105258_0002_V.MP4,B4,DJI_202609081039_006,d23449927871c9585ee766b4b7758c7bc3e52e66e5939525be16d8ee14434a63,data/images/d23449927871c9585ee766b4b7758c7bc3e52e66e5939525be16d8ee14434a63.jpg,False
paired_negative_0_DJI_202609081039_006_pts_v2,000001,0.0,decoded frame PTS,@raw/04_第四批_20260908_1053_多火点与余热点/01_正式视频/无人机09_1581F7K3C24CS00AX535/DJI_202609081039_006/DJI_20260908105258_0002_V.MP4,B4,DJI_202609081039_006,714a2ee40a3474afba6aa8f58c12f96c07b13beee96c0eb627f2c85d4c911661,data/images/714a2ee40a3474afba6aa8f58c12f96c07b13beee96c0eb627f2c85d4c911661.jpg,False
paired_negative_0_DJI_202609081039_006_pts_v2,000002,0.2002,decoded frame PTS,@raw/04_第四批_20260908_1053_多火点与余热点/01_正式视频/无人机09_1581F7K3C24CS00AX535/DJI_202609081039_006/DJI_20260908105258_0002_V.MP4,B4,DJI_202609081039_006,20c0f6465505529c5232accc6eb8c137e3df1cd8721cfd64da9a6caa8af79e0c,data/images/20c0f6465505529c5232accc6eb8c137e3df1cd8721cfd64da9a6caa8af79e0c.jpg,False
paired_negative_0_DJI_202609081039_006_pts_v2,000003,0.4004,decoded frame PTS,@raw/04_第四批_20260908_1053_多火点与余热点/01_正式视频/无人机09_1581F7K3C24CS00AX535/DJI_202609081039_006/DJI_20260908105258_0002_V.MP4,B4,DJI_202609081039_006,c5aee887e0eabfb0b70e9393965fdda8f160708964ef1edbd49232e1e4b6219a,data/images/c5aee887e0eabfb0b70e9393965fdda8f160708964ef1edbd49232e1e4b6219a.jpg,False
paired_negative_0_DJI_202609081039_006_pts_v2,000004,0.6006,decoded frame PTS,@raw/04_第四批_20260908_1053_多火点与余热点/01_正式视频/无人机09_1581F7K3C24CS00AX535/DJI_202609081039_006/DJI_20260908105258_0002_V.MP4,B4,DJI_202609081039_006,6b39fc6bcca0fad34b053041cc1c9727f42f3cb1a1eb74929b54585a29cc5196,data/images/6b39fc6bcca0fad34b053041cc1c9727f42f3cb1a1eb74929b54585a29cc5196.jpg,False
paired_negative_0_DJI_202609081039_006_pts_v2,000005,0.8008,decoded frame PTS,@raw/04_第四批_20260908_1053_多火点与余热点/01_正式视频/无人机09_1581F7K3C24CS00AX535/DJI_202609081039_006/DJI_20260908105258_0002_V.MP4,B4,DJI_202609081039_006,3a369ce0ca814cb46ac04a3ec93d5ec6f5cda2ab53decf70f6226cc032439348,data/images/3a369ce0ca814cb46ac04a3ec93d5ec6f5cda2ab53decf70f6226cc032439348.jpg,False
paired_negative_0_DJI_202609081039_006_pts_v2,000006,1.001,decoded frame PTS,@raw/04_第四批_20260908_1053_多火点与余热点/01_正式视频/无人机09_1581F7K3C24CS00AX535/DJI_202609081039_006/DJI_20260908105258_0002_V.MP4,B4,DJI_202609081039_006,70748a0ebd20d33706aacca35556dc68b9285fbcd7fe7642d84a6bb7dc70198a,data/images/70748a0ebd20d33706aacca35556dc68b9285fbcd7fe7642d84a6bb7dc70198a.jpg,False
paired_negative_0_DJI_202609081039_006_pts_v2,000007,1.2012,decoded frame PTS,@raw/04_第四批_20260908_1053_多火点与余热点/01_正式视频/无人机09_1581F7K3C24CS00AX535/DJI_202609081039_006/DJI_20260908105258_0002_V.MP4,B4,DJI_202609081039_006,a947cdae34e98eee3c16f84dc2c4c1621f0b14639a7f26fde0b55fc9fe19929d,data/images/a947cdae34e98eee3c16f84dc2c4c1621f0b14639a7f26fde0b55fc9fe19929d.jpg,False
paired_negative_0_DJI_202609081039_006_pts_v2,000008,1.4014,decoded frame PTS,@raw/04_第四批_20260908_1053_多火点与余热点/01_正式视频/无人机09_1581F7K3C24CS00AX535/DJI_202609081039_006/DJI_20260908105258_0002_V.MP4,B4,DJI_202609081039_006,6a8112332e7ef19c32a2eaaf288e258836e3e8e75005261a0c29a6c752755284,data/images/6a8112332e7ef19c32a2eaaf288e258836e3e8e75005261a0c29a6c752755284.jpg,False
paired_negative_0_DJI_202609081039_006_pts_v2,000009,1.6016,decoded frame PTS,@raw/04_第四批_20260908_1053_多火点与余热点/01_正式视频/无人机09_1581F7K3C24CS00AX535/DJI_202609081039_006/DJI_20260908105258_0002_V.MP4,B4,DJI_202609081039_006,0520ad042e60e531ced77ab59437b30b1743da4f601b0cdd2b03debff5b7beea,data/images/0520ad042e60e531ced77ab59437b30b1743da4f601b0cdd2b03debff5b7beea.jpg,False
paired_negative_0_DJI_202609081039_006_pts_v2,000010,1.8018,decoded frame PTS,@raw/04_第四批_20260908_1053_多火点与余热点/01_正式视频/无人机09_1581F7K3C24CS00AX535/DJI_202609081039_006/DJI_20260908105258_0002_V.MP4,B4,DJI_202609081039_006,b451b6f3bf314941df07aa6afe800c320539efd424a5be1d220c05cddb36786e,data/images/b451b6f3bf314941df07aa6afe800c320539efd424a5be1d220c05cddb36786e.jpg,False
paired_negative_0_DJI_202609081039_006_pts_v2,000011,2.002,decoded frame PTS,@raw/04_第四批_20260908_1053_多火点与余热点/01_正式视频/无人机09_1581F7K3C24CS00AX535/DJI_202609081039_006/DJI_20260908105258_0002_V.MP4,B4,DJI_202609081039_006,a5558a9be52f77983f6ee0d30155808b660ad6d1298daef9c2121835b14c6633,data/images/a5558a9be52f77983f6ee0d30155808b660ad6d1298daef9c2121835b14c6633.jpg,False
paired_negative_0_DJI_202609081039_006_pts_v2,000012,2.2022,decoded frame PTS,@raw/04_第四批_20260908_1053_多火点与余热点/01_正式视频/无人机09_1581F7K3C24CS00AX535/DJI_202609081039_006/DJI_20260908105258_0002_V.MP4,B4,DJI_202609081039_006,52ef1f8d8e8a3711730edffff0e6126bc642d5cbe85c5685a2456fcab659a240,data/images/52ef1f8d8e8a3711730edffff0e6126bc642d5cbe85c5685a2456fcab659a240.jpg,False
paired_negative_0_DJI_202609081039_006_pts_v2,000013,2.4024,decoded frame PTS,@raw/04_第四批_20260908_1053_多火点与余热点/01_正式视频/无人机09_1581F7K3C24CS00AX535/DJI_202609081039_006/DJI_20260908105258_0002_V.MP4,B4,DJI_202609081039_006,82865074eddec81869c1629331b51014bc2109a161c7c6d6010d89acb4802405,data/images/82865074eddec81869c1629331b51014bc2109a161c7c6d6010d89acb4802405.jpg,False
paired_negative_0_DJI_202609081039_006_pts_v2,000014,2.6026,decoded frame PTS,@raw/04_第四批_20260908_1053_多火点与余热点/01_正式视频/无人机09_1581F7K3C24CS00AX535/DJI_202609081039_006/DJI_20260908105258_0002_V.MP4,B4,DJI_202609081039_006,e88b20fa94d9eb2fc3907f43ae1a1d2efaa774a04b06a11b6e683b5eca793203,data/images/e88b20fa94d9eb2fc3907f43ae1a1d2efaa774a04b06a11b6e683b5eca793203.jpg,False
paired_negative_0_DJI_202609081039_006_pts_v2,000015,2.8028,decoded frame PTS,@raw/04_第四批_20260908_1053_多火点与余热点/01_正式视频/无人机09_1581F7K3C24CS00AX535/DJI_202609081039_006/DJI_20260908105258_0002_V.MP4,B4,DJI_202609081039_006,6a17d91a66bafa9f1a40a09ecb8daaac3c44f3b857c14e4ab0f93b1b4dfff058,data/images/6a17d91a66bafa9f1a40a09ecb8daaac3c44f3b857c14e4ab0f93b1b4dfff058.jpg,False
paired_negative_0_DJI_202609081039_006_pts_v2,000016,3.003,decoded frame PTS,@raw/04_第四批_20260908_1053_多火点与余热点/01_正式视频/无人机09_1581F7K3C24CS00AX535/DJI_202609081039_006/DJI_20260908105258_0002_V.MP4,B4,DJI_202609081039_006,0c7c45f7c0d6361c7d66999a2994fd7bd9ba368b67fe86152d9b0780122db4bc,data/images/0c7c45f7c0d6361c7d66999a2994fd7bd9ba368b67fe86152d9b0780122db4bc.jpg,False
paired_negative_0_DJI_202609081039_006_pts_v2,000017,3.2032,decoded frame PTS,@raw/04_第四批_20260908_1053_多火点与余热点/01_正式视频/无人机09_1581F7K3C24CS00AX535/DJI_202609081039_006/DJI_20260908105258_0002_V.MP4,B4,DJI_202609081039_006,75431c9bd48a2b049b06ee33bda760b67ea07f14d91ba053b9da84d1302c36b8,data/images/75431c9bd48a2b049b06ee33bda760b67ea07f14d91ba053b9da84d1302c36b8.jpg,False
paired_negative_0_DJI_202609081039_006_pts_v2,000018,3.4034,decoded frame PTS,@raw/04_第四批_20260908_1053_多火点与余热点/01_正式视频/无人机09_1581F7K3C24CS00AX535/DJI_202609081039_006/DJI_20260908105258_0002_V.MP4,B4,DJI_202609081039_006,ebaa636c12c1dccfecb8b12e6bf0d08fee16a8c41780cae2b978ba6fdac861af,data/images/ebaa636c12c1dccfecb8b12e6bf0d08fee16a8c41780cae2b978ba6fdac861af.jpg,False
paired_negative_0_DJI_202609081039_006_pts_v2,000019,3.6036,decoded frame PTS,@raw/04_第四批_20260908_1053_多火点与余热点/01_正式视频/无人机09_1581F7K3C24CS00AX535/DJI_202609081039_006/DJI_20260908105258_0002_V.MP4,B4,DJI_202609081039_006,5e444ce3e0e622485ccced489abb5c326872080c969656338f78a1536f309909,data/images/5e444ce3e0e622485ccced489abb5c326872080c969656338f78a1536f309909.jpg,False
paired_negative_0_DJI_202609081039_006_pts_v2,000020,3.8038,decoded frame PTS,@raw/04_第四批_20260908_1053_多火点与余热点/01_正式视频/无人机09_1581F7K3C24CS00AX535/DJI_202609081039_006/DJI_20260908105258_0002_V.MP4,B4,DJI_202609081039_006,6827d1465ef30eefcc4f7489b1f8d5562dfbd1401d19d6fc10e2d01de76cfb39,data/images/6827d1465ef30eefcc4f7489b1f8d5562dfbd1401d19d6fc10e2d01de76cfb39.jpg,False
paired_negative_0_DJI_202609081039_006_pts_v2,000021,4.004,decoded frame PTS,@raw/04_第四批_20260908_1053_多火点与余热点/01_正式视频/无人机09_1581F7K3C24CS00AX535/DJI_202609081039_006/DJI_20260908105258_0002_V.MP4,B4,DJI_202609081039_006,9fe880ecca2cb36de809ab2b25c1f62ad3123baf6aeaab24dfb0ea63cf0210ef,data/images/9fe880ecca2cb36de809ab2b25c1f62ad3123baf6aeaab24dfb0ea63cf0210ef.jpg,False
paired_negative_0_DJI_202609081039_006_pts_v2,000022,4.2042,decoded frame PTS,@raw/04_第四批_20260908_1053_多火点与余热点/01_正式视频/无人机09_1581F7K3C24CS00AX535/DJI_202609081039_006/DJI_20260908105258_0002_V.MP4,B4,DJI_202609081039_006,e90c84ab5c4ba84d74e13744db1b7e01c0298301a5c1fe0fecbeabb14497d20e,data/images/e90c84ab5c4ba84d74e13744db1b7e01c0298301a5c1fe0fecbeabb14497d20e.jpg,False
paired_negative_0_DJI_202609081039_006_pts_v2,000023,4.4044,decoded frame PTS,@raw/04_第四批_20260908_1053_多火点与余热点/01_正式视频/无人机09_1581F7K3C24CS00AX535/DJI_202609081039_006/DJI_20260908105258_0002_V.MP4,B4,DJI_202609081039_006,330fb8f37a9c054a6c4c324b4056b4fc883eeb2806f7e7725aa69bb8c1abaab9,data/images/330fb8f37a9c054a6c4c324b4056b4fc883eeb2806f7e7725aa69bb8c1abaab9.jpg,False
paired_negative_0_DJI_202609081039_006_pts_v2,000024,4.6046,decoded frame PTS,@raw/04_第四批_20260908_1053_多火点与余热点/01_正式视频/无人机09_1581F7K3C24CS00AX535/DJI_202609081039_006/DJI_20260908105258_0002_V.MP4,B4,DJI_202609081039_006,e90d335594b28d5bc1aa53bb8ec2ef27de7511c109bdd45481f17ffa8104adb4,data/images/e90d335594b28d5bc1aa53bb8ec2ef27de7511c109bdd45481f17ffa8104adb4.jpg,False
paired_negative_0_DJI_202609081039_006_pts_v2,000025,4.8048,decoded frame PTS,@raw/04_第四批_20260908_1053_多火点与余热点/01_正式视频/无人机09_1581F7K3C24CS00AX535/DJI_202609081039_006/DJI_20260908105258_0002_V.MP4,B4,DJI_202609081039_006,8b239ab259009a8b982ca50fc9d886d10a55076d2a76d30f02c72fd17ceba100,data/images/8b239ab259009a8b982ca50fc9d886d10a55076d2a76d30f02c72fd17ceba100.jpg,False
paired_negative_0_DJI_202609081039_006_pts_v2,000026,5.005,decoded frame PTS,@raw/04_第四批_20260908_1053_多火点与余热点/01_正式视频/无人机09_1581F7K3C24CS00AX535/DJI_202609081039_006/DJI_20260908105258_0002_V.MP4,B4,DJI_202609081039_006,acb6a272e6614f4adb192dc8140920632838692e9c5b9480f10d7ec7d56c1e47,data/images/acb6a272e6614f4adb192dc8140920632838692e9c5b9480f10d7ec7d56c1e47.jpg,False
paired_negative_0_DJI_202609081039_006_pts_v2,000027,5.2052,decoded frame PTS,@raw/04_第四批_20260908_1053_多火点与余热点/01_正式视频/无人机09_1581F7K3C24CS00AX535/DJI_202609081039_006/DJI_20260908105258_0002_V.MP4,B4,DJI_202609081039_006,02659783638ac66a5a597b6b9d44cabf500e2e8c7982d9b873efeebdaeea0e8f,data/images/02659783638ac66a5a597b6b9d44cabf500e2e8c7982d9b873efeebdaeea0e8f.jpg,False
paired_negative_0_DJI_202609081039_006_pts_v2,000028,5.4054,decoded frame PTS,@raw/04_第四批_20260908_1053_多火点与余热点/01_正式视频/无人机09_1581F7K3C24CS00AX535/DJI_202609081039_006/DJI_20260908105258_0002_V.MP4,B4,DJI_202609081039_006,8f70eb91878c2e149675a3404b9ee7df4b398a2bdd48ed89e776e78f5eac1043,data/images/8f70eb91878c2e149675a3404b9ee7df4b398a2bdd48ed89e776e78f5eac1043.jpg,False
paired_negative_0_DJI_202609081039_006_pts_v2,000029,5.6056,decoded frame PTS,@raw/04_第四批_20260908_1053_多火点与余热点/01_正式视频/无人机09_1581F7K3C24CS00AX535/DJI_202609081039_006/DJI_20260908105258_0002_V.MP4,B4,DJI_202609081039_006,6ee60e54bb537c36628b22aa631eaefa459c89cf2074bea48add85931dc218f4,data/images/6ee60e54bb537c36628b22aa631eaefa459c89cf2074bea48add85931dc218f4.jpg,False
paired_negative_0_DJI_202609081039_006_pts_v2,000030,5.8058,decoded frame PTS,@raw/04_第四批_20260908_1053_多火点与余热点/01_正式视频/无人机09_1581F7K3C24CS00AX535/DJI_202609081039_006/DJI_20260908105258_0002_V.MP4,B4,DJI_202609081039_006,a648282a07a7959a0973552356413bff786097b5f0dada1241cf95d2e68c6503,data/images/a648282a07a7959a0973552356413bff786097b5f0dada1241cf95d2e68c6503.jpg,False
paired_negative_0_DJI_202609081039_006_pts_v2,000031,6.006,decoded frame PTS,@raw/04_第四批_20260908_1053_多火点与余热点/01_正式视频/无人机09_1581F7K3C24CS00AX535/DJI_202609081039_006/DJI_20260908105258_0002_V.MP4,B4,DJI_202609081039_006,68663b82556b86d03df7ecf90bb19c2aa9098ed83f28c2982b1906e97b68df51,data/images/68663b82556b86d03df7ecf90bb19c2aa9098ed83f28c2982b1906e97b68df51.jpg,False
paired_negative_0_DJI_202609081039_006_pts_v2,000032,6.2062,decoded frame PTS,@raw/04_第四批_20260908_1053_多火点与余热点/01_正式视频/无人机09_1581F7K3C24CS00AX535/DJI_202609081039_006/DJI_20260908105258_0002_V.MP4,B4,DJI_202609081039_006,ebd5b6c507832421fc0d9d42341a692d4cb8fe1946e1734a410d6b92f9532b5d,data/images/ebd5b6c507832421fc0d9d42341a692d4cb8fe1946e1734a410d6b92f9532b5d.jpg,False
paired_negative_0_DJI_202609081039_006_pts_v2,000033,6.4064,decoded frame PTS,@raw/04_第四批_20260908_1053_多火点与余热点/01_正式视频/无人机09_1581F7K3C24CS00AX535/DJI_202609081039_006/DJI_20260908105258_0002_V.MP4,B4,DJI_202609081039_006,2c9e34ba5ca4967c19ae46ae31b2687f8925b937932e1d9587d299a494a1ec57,data/images/2c9e34ba5ca4967c19ae46ae31b2687f8925b937932e1d9587d299a494a1ec57.jpg,False
paired_negative_0_DJI_202609081039_006_pts_v2,000034,6.6066,decoded frame PTS,@raw/04_第四批_20260908_1053_多火点与余热点/01_正式视频/无人机09_1581F7K3C24CS00AX535/DJI_202609081039_006/DJI_20260908105258_0002_V.MP4,B4,DJI_202609081039_006,085298a27d8a70d8b6e002f256a00db2aa704a4146fc1131358dbf7a66de8dc7,data/images/085298a27d8a70d8b6e002f256a00db2aa704a4146fc1131358dbf7a66de8dc7.jpg,False
paired_negative_0_DJI_202609081039_006_pts_v2,000035,6.8068,decoded frame PTS,@raw/04_第四批_20260908_1053_多火点与余热点/01_正式视频/无人机09_1581F7K3C24CS00AX535/DJI_202609081039_006/DJI_20260908105258_0002_V.MP4,B4,DJI_202609081039_006,28d52d4a9775d878da0655b3b7d4479c1dfcb2d1261d495ebc52b75295d73f75,data/images/28d52d4a9775d878da0655b3b7d4479c1dfcb2d1261d495ebc52b75295d73f75.jpg,False
paired_negative_0_DJI_202609081039_006_pts_v2,000036,7.007,decoded frame PTS,@raw/04_第四批_20260908_1053_多火点与余热点/01_正式视频/无人机09_1581F7K3C24CS00AX535/DJI_202609081039_006/DJI_20260908105258_0002_V.MP4,B4,DJI_202609081039_006,cc699d1a0b3bf54dbbf5848fd8c06257a681aebc6a02d36f18beeeece9d90283,data/images/cc699d1a0b3bf54dbbf5848fd8c06257a681aebc6a02d36f18beeeece9d90283.jpg,False
paired_negative_0_DJI_202609081039_006_pts_v2,000037,7.2072,decoded frame PTS,@raw/04_第四批_20260908_1053_多火点与余热点/01_正式视频/无人机09_1581F7K3C24CS00AX535/DJI_202609081039_006/DJI_20260908105258_0002_V.MP4,B4,DJI_202609081039_006,85485faaab9fe5fc434b60242d7024dd057c7f1963216bab25907f00dd8c3b9c,data/images/85485faaab9fe5fc434b60242d7024dd057c7f1963216bab25907f00dd8c3b9c.jpg,False
paired_negative_0_DJI_202609081039_006_pts_v2,000038,7.4074,decoded frame PTS,@raw/04_第四批_20260908_1053_多火点与余热点/01_正式视频/无人机09_1581F7K3C24CS00AX535/DJI_202609081039_006/DJI_20260908105258_0002_V.MP4,B4,DJI_202609081039_006,7cb423e79fe11f6eda78bbed5e05c5e74711a2696d337977cef8aeb3996e4960,data/images/7cb423e79fe11f6eda78bbed5e05c5e74711a2696d337977cef8aeb3996e4960.jpg,False
paired_negative_0_DJI_202609081039_006_pts_v2,000039,7.6076,decoded frame PTS,@raw/04_第四批_20260908_1053_多火点与余热点/01_正式视频/无人机09_1581F7K3C24CS00AX535/DJI_202609081039_006/DJI_20260908105258_0002_V.MP4,B4,DJI_202609081039_006,5cd3aabd947138c31d0210681081edf43501d2265ccd48b0fe7ee468402bcdcc,data/images/5cd3aabd947138c31d0210681081edf43501d2265ccd48b0fe7ee468402bcdcc.jpg,False
paired_negative_0_DJI_202609081039_006_pts_v2,000040,7.8078,decoded frame PTS,@raw/04_第四批_20260908_1053_多火点与余热点/01_正式视频/无人机09_1581F7K3C24CS00AX535/DJI_202609081039_006/DJI_20260908105258_0002_V.MP4,B4,DJI_202609081039_006,9aad3bd7f240ae744037715073b3a61a23bcb748e4cecbb870cfb59472ec803b,data/images/9aad3bd7f240ae744037715073b3a61a23bcb748e4cecbb870cfb59472ec803b.jpg,False
paired_negative_0_DJI_202609081039_006_pts_v2,000041,8.008,decoded frame PTS,@raw/04_第四批_20260908_1053_多火点与余热点/01_正式视频/无人机09_1581F7K3C24CS00AX535/DJI_202609081039_006/DJI_20260908105258_0002_V.MP4,B4,DJI_202609081039_006,6cfa27d939cf7693d83db5953a28f1bed6e14ab36032ce6ebb615da697f10c20,data/images/6cfa27d939cf7693d83db5953a28f1bed6e14ab36032ce6ebb615da697f10c20.jpg,False
paired_negative_0_DJI_202609081039_006_pts_v2,000042,8.2082,decoded frame PTS,@raw/04_第四批_20260908_1053_多火点与余热点/01_正式视频/无人机09_1581F7K3C24CS00AX535/DJI_202609081039_006/DJI_20260908105258_0002_V.MP4,B4,DJI_202609081039_006,6b9f0fc23c308eba13a905ad6270f752a6ec3d38a3e144f5d201df68ecaa17c2,data/images/6b9f0fc23c308eba13a905ad6270f752a6ec3d38a3e144f5d201df68ecaa17c2.jpg,False
paired_negative_0_DJI_202609081039_006_pts_v2,000043,8.4084,decoded frame PTS,@raw/04_第四批_20260908_1053_多火点与余热点/01_正式视频/无人机09_1581F7K3C24CS00AX535/DJI_202609081039_006/DJI_20260908105258_0002_V.MP4,B4,DJI_202609081039_006,da642057088e4dde7fa3f67e0d411799b3e4dcaf6c040a161a6482486d6b703b,data/images/da642057088e4dde7fa3f67e0d411799b3e4dcaf6c040a161a6482486d6b703b.jpg,False
paired_negative_0_DJI_202609081039_006_pts_v2,000044,8.6086,decoded frame PTS,@raw/04_第四批_20260908_1053_多火点与余热点/01_正式视频/无人机09_1581F7K3C24CS00AX535/DJI_202609081039_006/DJI_20260908105258_0002_V.MP4,B4,DJI_202609081039_006,2e03ce3162ba8e9cb532a5b5c619c134acf43f0fba9825b23be566bda6f10225,data/images/2e03ce3162ba8e9cb532a5b5c619c134acf43f0fba9825b23be566bda6f10225.jpg,False
paired_negative_0_DJI_202609081039_006_pts_v2,000045,8.8088,decoded frame PTS,@raw/04_第四批_20260908_1053_多火点与余热点/01_正式视频/无人机09_1581F7K3C24CS00AX535/DJI_202609081039_006/DJI_20260908105258_0002_V.MP4,B4,DJI_202609081039_006,51f2cdd75d2a8f128fddbd3c6f29c6bca8336f519927d06f0c15bd0b6119f45d,data/images/51f2cdd75d2a8f128fddbd3c6f29c6bca8336f519927d06f0c15bd0b6119f45d.jpg,False
paired_negative_0_DJI_202609081039_006_pts_v2,000046,9.009,decoded frame PTS,@raw/04_第四批_20260908_1053_多火点与余热点/01_正式视频/无人机09_1581F7K3C24CS00AX535/DJI_202609081039_006/DJI_20260908105258_0002_V.MP4,B4,DJI_202609081039_006,dead53b271d72841eb23e5d2be376c25941a72ccbfe043d211ae526d8ee92fb9,data/images/dead53b271d72841eb23e5d2be376c25941a72ccbfe043d211ae526d8ee92fb9.jpg,False
paired_negative_0_DJI_202609081039_006_pts_v2,000047,9.2092,decoded frame PTS,@raw/04_第四批_20260908_1053_多火点与余热点/01_正式视频/无人机09_1581F7K3C24CS00AX535/DJI_202609081039_006/DJI_20260908105258_0002_V.MP4,B4,DJI_202609081039_006,c5b264699d3b9ad93d03828cd1763be0c40c70f3538c713353a6a998cd1aa125,data/images/c5b264699d3b9ad93d03828cd1763be0c40c70f3538c713353a6a998cd1aa125.jpg,False
paired_negative_0_DJI_202609081039_006_pts_v2,000048,9.4094,decoded frame PTS,@raw/04_第四批_20260908_1053_多火点与余热点/01_正式视频/无人机09_1581F7K3C24CS00AX535/DJI_202609081039_006/DJI_20260908105258_0002_V.MP4,B4,DJI_202609081039_006,c4c038a74cb3b92ab366ce6f69e10f68878753cf7713deaff6c419a2bb3da45e,data/images/c4c038a74cb3b92ab366ce6f69e10f68878753cf7713deaff6c419a2bb3da45e.jpg,False
paired_negative_0_DJI_202609081039_006_pts_v2,000049,9.6096,decoded frame PTS,@raw/04_第四批_20260908_1053_多火点与余热点/01_正式视频/无人机09_1581F7K3C24CS00AX535/DJI_202609081039_006/DJI_20260908105258_0002_V.MP4,B4,DJI_202609081039_006,51a3ec9a9b6d5421b25ceba88b4ab1c63f3b0a2d10ad306db4ce4c6eec2dbe44,data/images/51a3ec9a9b6d5421b25ceba88b4ab1c63f3b0a2d10ad306db4ce4c6eec2dbe44.jpg,False
paired_negative_0_DJI_202609081039_006_pts_v2,000050,9.8098,decoded frame PTS,@raw/04_第四批_20260908_1053_多火点与余热点/01_正式视频/无人机09_1581F7K3C24CS00AX535/DJI_202609081039_006/DJI_20260908105258_0002_V.MP4,B4,DJI_202609081039_006,b9deb9345811884cab615950ae41f93e4f00d4804e9feaa7f45d9ad0589cea0a,data/images/b9deb9345811884cab615950ae41f93e4f00d4804e9feaa7f45d9ad0589cea0a.jpg,False
paired_negative_0_DJI_202609081039_006_pts_v2,000051,10.01,decoded frame PTS,@raw/04_第四批_20260908_1053_多火点与余热点/01_正式视频/无人机09_1581F7K3C24CS00AX535/DJI_202609081039_006/DJI_20260908105258_0002_V.MP4,B4,DJI_202609081039_006,36fe5b81dbccdd1155c148e6f1b2bda290c7736568f36cb99c4826324851c63b,data/images/36fe5b81dbccdd1155c148e6f1b2bda290c7736568f36cb99c4826324851c63b.jpg,False
paired_negative_0_DJI_202609081039_006_pts_v2,000052,10.2102,decoded frame PTS,@raw/04_第四批_20260908_1053_多火点与余热点/01_正式视频/无人机09_1581F7K3C24CS00AX535/DJI_202609081039_006/DJI_20260908105258_0002_V.MP4,B4,DJI_202609081039_006,ccc3c7e8081615252caf8b25915028517a3b022a04e29fc67dc1007797d5e83e,data/images/ccc3c7e8081615252caf8b25915028517a3b022a04e29fc67dc1007797d5e83e.jpg,False
paired_negative_0_DJI_202609081039_006_pts_v2,000053,10.4104,decoded frame PTS,@raw/04_第四批_20260908_1053_多火点与余热点/01_正式视频/无人机09_1581F7K3C24CS00AX535/DJI_202609081039_006/DJI_20260908105258_0002_V.MP4,B4,DJI_202609081039_006,66987c832371b875582399d83e0f258229fdd0bf1f28a301b29bdd0d0939d3c3,data/images/66987c832371b875582399d83e0f258229fdd0bf1f28a301b29bdd0d0939d3c3.jpg,False
paired_negative_0_DJI_202609081039_006_pts_v2,000054,10.6106,decoded frame PTS,@raw/04_第四批_20260908_1053_多火点与余热点/01_正式视频/无人机09_1581F7K3C24CS00AX535/DJI_202609081039_006/DJI_20260908105258_0002_V.MP4,B4,DJI_202609081039_006,bb7a0eb0e3e27a1f500ae5dc0234436806e28b2114f8a75b9c6a7206ee052028,data/images/bb7a0eb0e3e27a1f500ae5dc0234436806e28b2114f8a75b9c6a7206ee052028.jpg,False
paired_negative_0_DJI_202609081039_006_pts_v2,000055,10.8108,decoded frame PTS,@raw/04_第四批_20260908_1053_多火点与余热点/01_正式视频/无人机09_1581F7K3C24CS00AX535/DJI_202609081039_006/DJI_20260908105258_0002_V.MP4,B4,DJI_202609081039_006,8fd8f8b91ef62564ee3a2916eff2426bef24b7d1ced0e5099b355baefe85213c,data/images/8fd8f8b91ef62564ee3a2916eff2426bef24b7d1ced0e5099b355baefe85213c.jpg,False
paired_negative_0_DJI_202609081039_006_pts_v2,000056,11.011,decoded frame PTS,@raw/04_第四批_20260908_1053_多火点与余热点/01_正式视频/无人机09_1581F7K3C24CS00AX535/DJI_202609081039_006/DJI_20260908105258_0002_V.MP4,B4,DJI_202609081039_006,c0ac3cc03e0962ecac6a87f7405918ce38ffa9a8db0407d25de6beff93a362e3,data/images/c0ac3cc03e0962ecac6a87f7405918ce38ffa9a8db0407d25de6beff93a362e3.jpg,False
paired_negative_0_DJI_202609081039_006_pts_v2,000057,11.2112,decoded frame PTS,@raw/04_第四批_20260908_1053_多火点与余热点/01_正式视频/无人机09_1581F7K3C24CS00AX535/DJI_202609081039_006/DJI_20260908105258_0002_V.MP4,B4,DJI_202609081039_006,f659b72bd58a4ccf7e33bf57d76b9f89f9fd83f6781c3785187ef1a88ee54c88,data/images/f659b72bd58a4ccf7e33bf57d76b9f89f9fd83f6781c3785187ef1a88ee54c88.jpg,False
paired_negative_0_DJI_202609081039_006_pts_v2,000058,11.4114,decoded frame PTS,@raw/04_第四批_20260908_1053_多火点与余热点/01_正式视频/无人机09_1581F7K3C24CS00AX535/DJI_202609081039_006/DJI_20260908105258_0002_V.MP4,B4,DJI_202609081039_006,b7b6cb3813f915e05231db614471ec65a04c4ce59dac11efe1f5726924f90f40,data/images/b7b6cb3813f915e05231db614471ec65a04c4ce59dac11efe1f5726924f90f40.jpg,False
paired_negative_0_DJI_202609081039_006_pts_v2,000059,11.6116,decoded frame PTS,@raw/04_第四批_20260908_1053_多火点与余热点/01_正式视频/无人机09_1581F7K3C24CS00AX535/DJI_202609081039_006/DJI_20260908105258_0002_V.MP4,B4,DJI_202609081039_006,acecda56e87e9e9bba73a92b6ee53b9e9240074b382cb8c2a8eed46f9efeb21d,data/images/acecda56e87e9e9bba73a92b6ee53b9e9240074b382cb8c2a8eed46f9efeb21d.jpg,False
paired_negative_0_DJI_202609081039_006_pts_v2,000060,11.8118,decoded frame PTS,@raw/04_第四批_20260908_1053_多火点与余热点/01_正式视频/无人机09_1581F7K3C24CS00AX535/DJI_202609081039_006/DJI_20260908105258_0002_V.MP4,B4,DJI_202609081039_006,5cb10db2f784d98455685f2c7fa00ee9da8b4dd05c5f56072a1e6faa33f45044,data/images/5cb10db2f784d98455685f2c7fa00ee9da8b4dd05c5f56072a1e6faa33f45044.jpg,False
paired_negative_0_DJI_202609081039_006_pts_v2,000061,12.012,decoded frame PTS,@raw/04_第四批_20260908_1053_多火点与余热点/01_正式视频/无人机09_1581F7K3C24CS00AX535/DJI_202609081039_006/DJI_20260908105258_0002_V.MP4,B4,DJI_202609081039_006,b47243324928e8eee45cdec08f1195d7f46cc1484e6369d3a63a90594fe7885e,data/images/b47243324928e8eee45cdec08f1195d7f46cc1484e6369d3a63a90594fe7885e.jpg,False
paired_negative_0_DJI_202609081039_006_pts_v2,000062,12.2122,decoded frame PTS,@raw/04_第四批_20260908_1053_多火点与余热点/01_正式视频/无人机09_1581F7K3C24CS00AX535/DJI_202609081039_006/DJI_20260908105258_0002_V.MP4,B4,DJI_202609081039_006,ec2c1dde9ed97150166dd0b2ea70f2e088297554088d6b32174dcb7a5f4ab981,data/images/ec2c1dde9ed97150166dd0b2ea70f2e088297554088d6b32174dcb7a5f4ab981.jpg,False
paired_negative_0_DJI_202609081039_006_pts_v2,000063,12.4124,decoded frame PTS,@raw/04_第四批_20260908_1053_多火点与余热点/01_正式视频/无人机09_1581F7K3C24CS00AX535/DJI_202609081039_006/DJI_20260908105258_0002_V.MP4,B4,DJI_202609081039_006,a23a974aac95b081965635d9d7cb3ef9d684d8f34aa17e66fd807f903febd82d,data/images/a23a974aac95b081965635d9d7cb3ef9d684d8f34aa17e66fd807f903febd82d.jpg,False
paired_negative_0_DJI_202609081039_006_pts_v2,000064,12.6126,decoded frame PTS,@raw/04_第四批_20260908_1053_多火点与余热点/01_正式视频/无人机09_1581F7K3C24CS00AX535/DJI_202609081039_006/DJI_20260908105258_0002_V.MP4,B4,DJI_202609081039_006,c3e04d74260fab67247445f205443f4629b6c052b5c62832047aeb60317870d2,data/images/c3e04d74260fab67247445f205443f4629b6c052b5c62832047aeb60317870d2.jpg,False
paired_negative_0_DJI_202609081039_006_pts_v2,000065,12.8128,decoded frame PTS,@raw/04_第四批_20260908_1053_多火点与余热点/01_正式视频/无人机09_1581F7K3C24CS00AX535/DJI_202609081039_006/DJI_20260908105258_0002_V.MP4,B4,DJI_202609081039_006,ad47788b6180bfca7f05da403cffc1d12c9c1586e79c87a85707724fd991fceb,data/images/ad47788b6180bfca7f05da403cffc1d12c9c1586e79c87a85707724fd991fceb.jpg,False
paired_negative_0_DJI_202609081039_006_pts_v2,000066,13.013,decoded frame PTS,@raw/04_第四批_20260908_1053_多火点与余热点/01_正式视频/无人机09_1581F7K3C24CS00AX535/DJI_202609081039_006/DJI_20260908105258_0002_V.MP4,B4,DJI_202609081039_006,d7cda5c172951a6a6fae0a9e0bb4e5ef98cbea9434b28c80d7794e2d4a62a3fd,data/images/d7cda5c172951a6a6fae0a9e0bb4e5ef98cbea9434b28c80d7794e2d4a62a3fd.jpg,False
paired_negative_0_DJI_202609081039_006_pts_v2,000067,13.2132,decoded frame PTS,@raw/04_第四批_20260908_1053_多火点与余热点/01_正式视频/无人机09_1581F7K3C24CS00AX535/DJI_202609081039_006/DJI_20260908105258_0002_V.MP4,B4,DJI_202609081039_006,65a76c195710232264368e66a15db576ecc84f62bcd192d4edcca7ea814b9585,data/images/65a76c195710232264368e66a15db576ecc84f62bcd192d4edcca7ea814b9585.jpg,False
paired_negative_0_DJI_202609081039_006_pts_v2,000068,13.4134,decoded frame PTS,@raw/04_第四批_20260908_1053_多火点与余热点/01_正式视频/无人机09_1581F7K3C24CS00AX535/DJI_202609081039_006/DJI_20260908105258_0002_V.MP4,B4,DJI_202609081039_006,7094ce5887ff4ffd43b19ab00a5d7aaaeb89560917b5d95a38702d6dd9a0da07,data/images/7094ce5887ff4ffd43b19ab00a5d7aaaeb89560917b5d95a38702d6dd9a0da07.jpg,False
paired_negative_0_DJI_202609081039_006_pts_v2,000069,13.6136,decoded frame PTS,@raw/04_第四批_20260908_1053_多火点与余热点/01_正式视频/无人机09_1581F7K3C24CS00AX535/DJI_202609081039_006/DJI_20260908105258_0002_V.MP4,B4,DJI_202609081039_006,37d275269d9679b2faeaeebf55e973cbe7fcfc2217655658586f459410b522e8,data/images/37d275269d9679b2faeaeebf55e973cbe7fcfc2217655658586f459410b522e8.jpg,False
paired_negative_0_DJI_202609081039_006_pts_v2,000070,13.8138,decoded frame PTS,@raw/04_第四批_20260908_1053_多火点与余热点/01_正式视频/无人机09_1581F7K3C24CS00AX535/DJI_202609081039_006/DJI_20260908105258_0002_V.MP4,B4,DJI_202609081039_006,c8316306d36af337abb4fddbe15064d81f5c469959e63937d0048a6c42b69dc8,data/images/c8316306d36af337abb4fddbe15064d81f5c469959e63937d0048a6c42b69dc8.jpg,False
paired_negative_0_DJI_202609081039_006_pts_v2,000071,14.014,decoded frame PTS,@raw/04_第四批_20260908_1053_多火点与余热点/01_正式视频/无人机09_1581F7K3C24CS00AX535/DJI_202609081039_006/DJI_20260908105258_0002_V.MP4,B4,DJI_202609081039_006,2dc18e3d346e820e57d062d7d60673116d78adaef1c422620d99c5df8ffd00f1,data/images/2dc18e3d346e820e57d062d7d60673116d78adaef1c422620d99c5df8ffd00f1.jpg,False
paired_negative_0_DJI_202609081039_006_pts_v2,000072,14.2142,decoded frame PTS,@raw/04_第四批_20260908_1053_多火点与余热点/01_正式视频/无人机09_1581F7K3C24CS00AX535/DJI_202609081039_006/DJI_20260908105258_0002_V.MP4,B4,DJI_202609081039_006,087563de9a596a515fe5dd19a30a48e8c400917bc82b95c98bcfec16ed666c44,data/images/087563de9a596a515fe5dd19a30a48e8c400917bc82b95c98bcfec16ed666c44.jpg,False
paired_negative_0_DJI_202609081039_006_pts_v2,000073,14.4144,decoded frame PTS,@raw/04_第四批_20260908_1053_多火点与余热点/01_正式视频/无人机09_1581F7K3C24CS00AX535/DJI_202609081039_006/DJI_20260908105258_0002_V.MP4,B4,DJI_202609081039_006,7c06036b837b4b16319acf959c6a40212a9d24be22598c80dbd7fd1119be9782,data/images/7c06036b837b4b16319acf959c6a40212a9d24be22598c80dbd7fd1119be9782.jpg,False
paired_negative_0_DJI_202609081039_006_pts_v2,000074,14.6146,decoded frame PTS,@raw/04_第四批_20260908_1053_多火点与余热点/01_正式视频/无人机09_1581F7K3C24CS00AX535/DJI_202609081039_006/DJI_20260908105258_0002_V.MP4,B4,DJI_202609081039_006,4f57a33fda0be8ce38a790c1c885d3b676187937ce9a69099a8d001263b62c4f,data/images/4f57a33fda0be8ce38a790c1c885d3b676187937ce9a69099a8d001263b62c4f.jpg,False
paired_negative_0_DJI_202609081039_006_pts_v2,000075,14.8148,decoded frame PTS,@raw/04_第四批_20260908_1053_多火点与余热点/01_正式视频/无人机09_1581F7K3C24CS00AX535/DJI_202609081039_006/DJI_20260908105258_0002_V.MP4,B4,DJI_202609081039_006,df915fd30f2deab26bed97873da96e28114b2f3e05b1f7e2efc08d852cd46048,data/images/df915fd30f2deab26bed97873da96e28114b2f3e05b1f7e2efc08d852cd46048.jpg,False
paired_negative_0_DJI_202609081039_006_pts_v2,000076,15.015,decoded frame PTS,@raw/04_第四批_20260908_1053_多火点与余热点/01_正式视频/无人机09_1581F7K3C24CS00AX535/DJI_202609081039_006/DJI_20260908105258_0002_V.MP4,B4,DJI_202609081039_006,1793564a69ac365bbe79f9838d43ca4430830c704135724fbe3f60092d1e86a0,data/images/1793564a69ac365bbe79f9838d43ca4430830c704135724fbe3f60092d1e86a0.jpg,False
paired_negative_0_DJI_202609081039_006_pts_v2,000077,15.2152,decoded frame PTS,@raw/04_第四批_20260908_1053_多火点与余热点/01_正式视频/无人机09_1581F7K3C24CS00AX535/DJI_202609081039_006/DJI_20260908105258_0002_V.MP4,B4,DJI_202609081039_006,46740d2be5a0a936106e4cce41d7ea8e6273fbd5b1c3a4ab70f6d8b4d2728634,data/images/46740d2be5a0a936106e4cce41d7ea8e6273fbd5b1c3a4ab70f6d8b4d2728634.jpg,False
paired_negative_0_DJI_202609081039_006_pts_v2,000078,15.4154,decoded frame PTS,@raw/04_第四批_20260908_1053_多火点与余热点/01_正式视频/无人机09_1581F7K3C24CS00AX535/DJI_202609081039_006/DJI_20260908105258_0002_V.MP4,B4,DJI_202609081039_006,a421b5e7c3088d5fcac1a1f05770667b1a7b93b0a62b79b76b141f6a8916febe,data/images/a421b5e7c3088d5fcac1a1f05770667b1a7b93b0a62b79b76b141f6a8916febe.jpg,False
paired_negative_0_DJI_202609081039_006_pts_v2,000079,15.6156,decoded frame PTS,@raw/04_第四批_20260908_1053_多火点与余热点/01_正式视频/无人机09_1581F7K3C24CS00AX535/DJI_202609081039_006/DJI_20260908105258_0002_V.MP4,B4,DJI_202609081039_006,49e080d48ad93435e4bde09029a10c12817d33a562ad6feacc2f32e83beb674e,data/images/49e080d48ad93435e4bde09029a10c12817d33a562ad6feacc2f32e83beb674e.jpg,False
paired_negative_0_DJI_202609081039_006_pts_v2,000080,15.8158,decoded frame PTS,@raw/04_第四批_20260908_1053_多火点与余热点/01_正式视频/无人机09_1581F7K3C24CS00AX535/DJI_202609081039_006/DJI_20260908105258_0002_V.MP4,B4,DJI_202609081039_006,b6d5708496dde5ca608959482883405d5669f49890d96f491d1d91c24d8c3ebb,data/images/b6d5708496dde5ca608959482883405d5669f49890d96f491d1d91c24d8c3ebb.jpg,False
paired_negative_0_DJI_202609081039_006_pts_v2,000081,16.016,decoded frame PTS,@raw/04_第四批_20260908_1053_多火点与余热点/01_正式视频/无人机09_1581F7K3C24CS00AX535/DJI_202609081039_006/DJI_20260908105258_0002_V.MP4,B4,DJI_202609081039_006,ac7e32992982ebea362dd1511966032a71334a86c7af7c1e73db29cc43258935,data/images/ac7e32992982ebea362dd1511966032a71334a86c7af7c1e73db29cc43258935.jpg,False
paired_negative_0_DJI_202609081039_006_pts_v2,000082,16.2162,decoded frame PTS,@raw/04_第四批_20260908_1053_多火点与余热点/01_正式视频/无人机09_1581F7K3C24CS00AX535/DJI_202609081039_006/DJI_20260908105258_0002_V.MP4,B4,DJI_202609081039_006,4a4c245838f832ee5e8037dabb163292cae1f449df3fe5a60ac9ff79bb14aeba,data/images/4a4c245838f832ee5e8037dabb163292cae1f449df3fe5a60ac9ff79bb14aeba.jpg,False
paired_negative_0_DJI_202609081039_006_pts_v2,000083,16.4164,decoded frame PTS,@raw/04_第四批_20260908_1053_多火点与余热点/01_正式视频/无人机09_1581F7K3C24CS00AX535/DJI_202609081039_006/DJI_20260908105258_0002_V.MP4,B4,DJI_202609081039_006,565021dee8e81786ae4faae2c630bd9e88013f605012e3523ca87bc509ff2811,data/images/565021dee8e81786ae4faae2c630bd9e88013f605012e3523ca87bc509ff2811.jpg,False
paired_negative_0_DJI_202609081039_006_pts_v2,000084,16.6166,decoded frame PTS,@raw/04_第四批_20260908_1053_多火点与余热点/01_正式视频/无人机09_1581F7K3C24CS00AX535/DJI_202609081039_006/DJI_20260908105258_0002_V.MP4,B4,DJI_202609081039_006,ead6e16cd9114e7f0a3bf83f7a4bdd986ec2dfbde1a356f61875e498208df4f3,data/images/ead6e16cd9114e7f0a3bf83f7a4bdd986ec2dfbde1a356f61875e498208df4f3.jpg,False
paired_negative_0_DJI_202609081039_006_pts_v2,000085,16.8168,decoded frame PTS,@raw/04_第四批_20260908_1053_多火点与余热点/01_正式视频/无人机09_1581F7K3C24CS00AX535/DJI_202609081039_006/DJI_20260908105258_0002_V.MP4,B4,DJI_202609081039_006,efe5d4c4d802656c190274e2c0796b31e8874417645370e1a73a7a7c9a5a0a6d,data/images/efe5d4c4d802656c190274e2c0796b31e8874417645370e1a73a7a7c9a5a0a6d.jpg,False
paired_negative_0_DJI_202609081039_006_pts_v2,000086,17.017,decoded frame PTS,@raw/04_第四批_20260908_1053_多火点与余热点/01_正式视频/无人机09_1581F7K3C24CS00AX535/DJI_202609081039_006/DJI_20260908105258_0002_V.MP4,B4,DJI_202609081039_006,b3b95bdab2dfc3149963c64011bb841b78aa07b2887cc914ab7136c17c87776c,data/images/b3b95bdab2dfc3149963c64011bb841b78aa07b2887cc914ab7136c17c87776c.jpg,False
paired_negative_0_DJI_202609081039_006_pts_v2,000087,17.2172,decoded frame PTS,@raw/04_第四批_20260908_1053_多火点与余热点/01_正式视频/无人机09_1581F7K3C24CS00AX535/DJI_202609081039_006/DJI_20260908105258_0002_V.MP4,B4,DJI_202609081039_006,df0f744e09289806c01575a2012a58523e2f5532df2bb998b3b5be2e654820f8,data/images/df0f744e09289806c01575a2012a58523e2f5532df2bb998b3b5be2e654820f8.jpg,False
paired_negative_0_DJI_202609081039_006_pts_v2,000088,17.4174,decoded frame PTS,@raw/04_第四批_20260908_1053_多火点与余热点/01_正式视频/无人机09_1581F7K3C24CS00AX535/DJI_202609081039_006/DJI_20260908105258_0002_V.MP4,B4,DJI_202609081039_006,7b91515d158be92241e37a4fcb8d574b4cb2a1532f2390b146cb3a26b46be34a,data/images/7b91515d158be92241e37a4fcb8d574b4cb2a1532f2390b146cb3a26b46be34a.jpg,False
paired_negative_0_DJI_202609081039_006_pts_v2,000089,17.6176,decoded frame PTS,@raw/04_第四批_20260908_1053_多火点与余热点/01_正式视频/无人机09_1581F7K3C24CS00AX535/DJI_202609081039_006/DJI_20260908105258_0002_V.MP4,B4,DJI_202609081039_006,b82484f11dba7ca8d90c63c44a5cb22fcb3bff8fe5e62176322d9bea8b1473c6,data/images/b82484f11dba7ca8d90c63c44a5cb22fcb3bff8fe5e62176322d9bea8b1473c6.jpg,False
paired_negative_0_DJI_202609081039_006_pts_v2,000090,17.8178,decoded frame PTS,@raw/04_第四批_20260908_1053_多火点与余热点/01_正式视频/无人机09_1581F7K3C24CS00AX535/DJI_202609081039_006/DJI_20260908105258_0002_V.MP4,B4,DJI_202609081039_006,2e104cf73b54bdebea71dc75f1366d15de849118732f1dc50416b2910eeced94,data/images/2e104cf73b54bdebea71dc75f1366d15de849118732f1dc50416b2910eeced94.jpg,False
paired_negative_0_DJI_202609081039_006_pts_v2,000091,18.018,decoded frame PTS,@raw/04_第四批_20260908_1053_多火点与余热点/01_正式视频/无人机09_1581F7K3C24CS00AX535/DJI_202609081039_006/DJI_20260908105258_0002_V.MP4,B4,DJI_202609081039_006,113c553c568b2c6d3f171b6809a5dee45057c7aa013e1cb5748b408e242da072,data/images/113c553c568b2c6d3f171b6809a5dee45057c7aa013e1cb5748b408e242da072.jpg,False
paired_negative_0_DJI_202609081039_006_pts_v2,000092,18.2182,decoded frame PTS,@raw/04_第四批_20260908_1053_多火点与余热点/01_正式视频/无人机09_1581F7K3C24CS00AX535/DJI_202609081039_006/DJI_20260908105258_0002_V.MP4,B4,DJI_202609081039_006,130ba2060c34466870e7c5269e5131701e4fd3a187758605724759c2a1f214dd,data/images/130ba2060c34466870e7c5269e5131701e4fd3a187758605724759c2a1f214dd.jpg,False
paired_negative_0_DJI_202609081039_006_pts_v2,000093,18.4184,decoded frame PTS,@raw/04_第四批_20260908_1053_多火点与余热点/01_正式视频/无人机09_1581F7K3C24CS00AX535/DJI_202609081039_006/DJI_20260908105258_0002_V.MP4,B4,DJI_202609081039_006,848dfb085fa6798d40cf35826c0b4bfce1e8f7598d8bf4560b4e3eee53a306cf,data/images/848dfb085fa6798d40cf35826c0b4bfce1e8f7598d8bf4560b4e3eee53a306cf.jpg,False
paired_negative_0_DJI_202609081039_006_pts_v2,000094,18.6186,decoded frame PTS,@raw/04_第四批_20260908_1053_多火点与余热点/01_正式视频/无人机09_1581F7K3C24CS00AX535/DJI_202609081039_006/DJI_20260908105258_0002_V.MP4,B4,DJI_202609081039_006,e95cf876469b515349f5e85e4022b8c282fcd05d5324d7187b8e2357047ceb26,data/images/e95cf876469b515349f5e85e4022b8c282fcd05d5324d7187b8e2357047ceb26.jpg,False
paired_negative_0_DJI_202609081039_006_pts_v2,000095,18.8188,decoded frame PTS,@raw/04_第四批_20260908_1053_多火点与余热点/01_正式视频/无人机09_1581F7K3C24CS00AX535/DJI_202609081039_006/DJI_20260908105258_0002_V.MP4,B4,DJI_202609081039_006,060c76f654ed1a36ce33a263a82db4c2a80a569cb79ca657326f6da97ccb14e3,data/images/060c76f654ed1a36ce33a263a82db4c2a80a569cb79ca657326f6da97ccb14e3.jpg,False
paired_negative_0_DJI_202609081039_006_pts_v2,000096,19.019,decoded frame PTS,@raw/04_第四批_20260908_1053_多火点与余热点/01_正式视频/无人机09_1581F7K3C24CS00AX535/DJI_202609081039_006/DJI_20260908105258_0002_V.MP4,B4,DJI_202609081039_006,6f57bec863f8b849b44a84e068df38ca9a6e9ab654e2ee7db617bb97c9918bd9,data/images/6f57bec863f8b849b44a84e068df38ca9a6e9ab654e2ee7db617bb97c9918bd9.jpg,False
paired_negative_0_DJI_202609081039_006_pts_v2,000097,19.2192,decoded frame PTS,@raw/04_第四批_20260908_1053_多火点与余热点/01_正式视频/无人机09_1581F7K3C24CS00AX535/DJI_202609081039_006/DJI_20260908105258_0002_V.MP4,B4,DJI_202609081039_006,581d3280ae7d8ddae91dbf07e866e3568a152462a062f1f542c7ded184334560,data/images/581d3280ae7d8ddae91dbf07e866e3568a152462a062f1f542c7ded184334560.jpg,False
paired_negative_0_DJI_202609081039_006_pts_v2,000098,19.4194,decoded frame PTS,@raw/04_第四批_20260908_1053_多火点与余热点/01_正式视频/无人机09_1581F7K3C24CS00AX535/DJI_202609081039_006/DJI_20260908105258_0002_V.MP4,B4,DJI_202609081039_006,31dfe2b1769d6612d1ab72d237dd41d25d69974ac3a0c1303a94212a77ab8465,data/images/31dfe2b1769d6612d1ab72d237dd41d25d69974ac3a0c1303a94212a77ab8465.jpg,False
paired_negative_0_DJI_202609081039_006_pts_v2,000099,19.6196,decoded frame PTS,@raw/04_第四批_20260908_1053_多火点与余热点/01_正式视频/无人机09_1581F7K3C24CS00AX535/DJI_202609081039_006/DJI_20260908105258_0002_V.MP4,B4,DJI_202609081039_006,0d4ee8978c0a6197ab6fa38e8198ae65066079ca6947a473e19d225326de314b,data/images/0d4ee8978c0a6197ab6fa38e8198ae65066079ca6947a473e19d225326de314b.jpg,False
paired_negative_0_DJI_202609081039_006_pts_v2,000100,19.8198,decoded frame PTS,@raw/04_第四批_20260908_1053_多火点与余热点/01_正式视频/无人机09_1581F7K3C24CS00AX535/DJI_202609081039_006/DJI_20260908105258_0002_V.MP4,B4,DJI_202609081039_006,64f0ec510d478c3b9b803fd755d6d67fd35c4fe65f434ba6f7b517376b1407b6,data/images/64f0ec510d478c3b9b803fd755d6d67fd35c4fe65f434ba6f7b517376b1407b6.jpg,False
paired_negative_0_DJI_202609081039_006_pts_v2,000101,20.02,decoded frame PTS,@raw/04_第四批_20260908_1053_多火点与余热点/01_正式视频/无人机09_1581F7K3C24CS00AX535/DJI_202609081039_006/DJI_20260908105258_0002_V.MP4,B4,DJI_202609081039_006,4ef454271c0c6e852ed17cab1e2e28fc0667dd8c5893776256b2b997f32eabf0,data/images/4ef454271c0c6e852ed17cab1e2e28fc0667dd8c5893776256b2b997f32eabf0.jpg,False
paired_negative_0_DJI_202609081039_006_pts_v2,000102,20.2202,decoded frame PTS,@raw/04_第四批_20260908_1053_多火点与余热点/01_正式视频/无人机09_1581F7K3C24CS00AX535/DJI_202609081039_006/DJI_20260908105258_0002_V.MP4,B4,DJI_202609081039_006,45c371351390ec7295e2541e4ceb88ebc6462ace9edabc0bac7c593e862439dc,data/images/45c371351390ec7295e2541e4ceb88ebc6462ace9edabc0bac7c593e862439dc.jpg,False
paired_negative_0_DJI_202609081039_006_pts_v2,000103,20.4204,decoded frame PTS,@raw/04_第四批_20260908_1053_多火点与余热点/01_正式视频/无人机09_1581F7K3C24CS00AX535/DJI_202609081039_006/DJI_20260908105258_0002_V.MP4,B4,DJI_202609081039_006,0d483cdb52d45bccf36ac779b1a898783e16d4b215c6939a2b5e473255ddbfcf,data/images/0d483cdb52d45bccf36ac779b1a898783e16d4b215c6939a2b5e473255ddbfcf.jpg,False
paired_negative_0_DJI_202609081039_006_pts_v2,000104,20.6206,decoded frame PTS,@raw/04_第四批_20260908_1053_多火点与余热点/01_正式视频/无人机09_1581F7K3C24CS00AX535/DJI_202609081039_006/DJI_20260908105258_0002_V.MP4,B4,DJI_202609081039_006,4a81b347e4bbc094a6a1bcfae02325c1fb49640f8e9328916eef29b35126aa97,data/images/4a81b347e4bbc094a6a1bcfae02325c1fb49640f8e9328916eef29b35126aa97.jpg,False
paired_negative_0_DJI_202609081039_006_pts_v2,000105,20.8208,decoded frame PTS,@raw/04_第四批_20260908_1053_多火点与余热点/01_正式视频/无人机09_1581F7K3C24CS00AX535/DJI_202609081039_006/DJI_20260908105258_0002_V.MP4,B4,DJI_202609081039_006,628f9785f1a4b175f4d89681ba0937420d6435933bab74254a53a768b029279a,data/images/628f9785f1a4b175f4d89681ba0937420d6435933bab74254a53a768b029279a.jpg,False
paired_negative_0_DJI_202609081039_006_pts_v2,000106,21.021,decoded frame PTS,@raw/04_第四批_20260908_1053_多火点与余热点/01_正式视频/无人机09_1581F7K3C24CS00AX535/DJI_202609081039_006/DJI_20260908105258_0002_V.MP4,B4,DJI_202609081039_006,68a5edb1396725ddbf896972f0f4bc3c0ff44d4caed2437a448801456df1b098,data/images/68a5edb1396725ddbf896972f0f4bc3c0ff44d4caed2437a448801456df1b098.jpg,False
paired_negative_0_DJI_202609081039_006_pts_v2,000107,21.2212,decoded frame PTS,@raw/04_第四批_20260908_1053_多火点与余热点/01_正式视频/无人机09_1581F7K3C24CS00AX535/DJI_202609081039_006/DJI_20260908105258_0002_V.MP4,B4,DJI_202609081039_006,3be810b671f7b2ba3e411fd055e775d38cb5ff5d51ee2944623aa38716e18f29,data/images/3be810b671f7b2ba3e411fd055e775d38cb5ff5d51ee2944623aa38716e18f29.jpg,False
paired_negative_0_DJI_202609081039_006_pts_v2,000108,21.4214,decoded frame PTS,@raw/04_第四批_20260908_1053_多火点与余热点/01_正式视频/无人机09_1581F7K3C24CS00AX535/DJI_202609081039_006/DJI_20260908105258_0002_V.MP4,B4,DJI_202609081039_006,cae37e8a5dd4aa0c26af9d6ed9266bf6be1d2830b19d4c4d06979da4933b0714,data/images/cae37e8a5dd4aa0c26af9d6ed9266bf6be1d2830b19d4c4d06979da4933b0714.jpg,False
paired_negative_0_DJI_202609081039_006_pts_v2,000109,21.6216,decoded frame PTS,@raw/04_第四批_20260908_1053_多火点与余热点/01_正式视频/无人机09_1581F7K3C24CS00AX535/DJI_202609081039_006/DJI_20260908105258_0002_V.MP4,B4,DJI_202609081039_006,270cc755b74eeab1b657adb3767616c7467b4640e8a6a441319b841415e0649c,data/images/270cc755b74eeab1b657adb3767616c7467b4640e8a6a441319b841415e0649c.jpg,False
paired_negative_0_DJI_202609081039_006_pts_v2,000110,21.8218,decoded frame PTS,@raw/04_第四批_20260908_1053_多火点与余热点/01_正式视频/无人机09_1581F7K3C24CS00AX535/DJI_202609081039_006/DJI_20260908105258_0002_V.MP4,B4,DJI_202609081039_006,aa627040b99b51a90e3afe989369f81084c0abe636fecbb25a2eeca1fa2f989e,data/images/aa627040b99b51a90e3afe989369f81084c0abe636fecbb25a2eeca1fa2f989e.jpg,False
paired_negative_0_DJI_202609081039_006_pts_v2,000111,22.022,decoded frame PTS,@raw/04_第四批_20260908_1053_多火点与余热点/01_正式视频/无人机09_1581F7K3C24CS00AX535/DJI_202609081039_006/DJI_20260908105258_0002_V.MP4,B4,DJI_202609081039_006,18f04912e105f1ef6eda9c0adee0331743be44ac0ae76cc0e8296850109216f4,data/images/18f04912e105f1ef6eda9c0adee0331743be44ac0ae76cc0e8296850109216f4.jpg,False
paired_negative_0_DJI_202609081039_006_pts_v2,000112,22.2222,decoded frame PTS,@raw/04_第四批_20260908_1053_多火点与余热点/01_正式视频/无人机09_1581F7K3C24CS00AX535/DJI_202609081039_006/DJI_20260908105258_0002_V.MP4,B4,DJI_202609081039_006,3c6dad23bd595a01956cd1bd87bc6ca5e43c2982f8de662659689310a333b09a,data/images/3c6dad23bd595a01956cd1bd87bc6ca5e43c2982f8de662659689310a333b09a.jpg,False
paired_negative_0_DJI_202609081039_006_pts_v2,000113,22.4224,decoded frame PTS,@raw/04_第四批_20260908_1053_多火点与余热点/01_正式视频/无人机09_1581F7K3C24CS00AX535/DJI_202609081039_006/DJI_20260908105258_0002_V.MP4,B4,DJI_202609081039_006,f61beb8825ae3647482274747baf0e7008b2c28d98df8d0e3db598ec328bdfaf,data/images/f61beb8825ae3647482274747baf0e7008b2c28d98df8d0e3db598ec328bdfaf.jpg,False
paired_negative_0_DJI_202609081039_006_pts_v2,000114,22.6226,decoded frame PTS,@raw/04_第四批_20260908_1053_多火点与余热点/01_正式视频/无人机09_1581F7K3C24CS00AX535/DJI_202609081039_006/DJI_20260908105258_0002_V.MP4,B4,DJI_202609081039_006,d285cffce90f4b6729bbf3f5bfbd30b9a44afcd3d06631d0b2be90593bb3a3ff,data/images/d285cffce90f4b6729bbf3f5bfbd30b9a44afcd3d06631d0b2be90593bb3a3ff.jpg,False
paired_negative_0_DJI_202609081039_006_pts_v2,000115,22.8228,decoded frame PTS,@raw/04_第四批_20260908_1053_多火点与余热点/01_正式视频/无人机09_1581F7K3C24CS00AX535/DJI_202609081039_006/DJI_20260908105258_0002_V.MP4,B4,DJI_202609081039_006,e04a7cbe1d524fc425faac78acea9343888978a26feec194c0e273711d06fcc4,data/images/e04a7cbe1d524fc425faac78acea9343888978a26feec194c0e273711d06fcc4.jpg,False
paired_negative_0_DJI_202609081039_006_pts_v2,000116,23.023,decoded frame PTS,@raw/04_第四批_20260908_1053_多火点与余热点/01_正式视频/无人机09_1581F7K3C24CS00AX535/DJI_202609081039_006/DJI_20260908105258_0002_V.MP4,B4,DJI_202609081039_006,4e10775211d0300628fb88e6debee1a876c77e12ba32b3465ca6c60f4f55ecfc,data/images/4e10775211d0300628fb88e6debee1a876c77e12ba32b3465ca6c60f4f55ecfc.jpg,False
paired_negative_0_DJI_202609081039_006_pts_v2,000117,23.2232,decoded frame PTS,@raw/04_第四批_20260908_1053_多火点与余热点/01_正式视频/无人机09_1581F7K3C24CS00AX535/DJI_202609081039_006/DJI_20260908105258_0002_V.MP4,B4,DJI_202609081039_006,7f6471bbca03a670910ca634e47ea7f3f672565104d7c49c91360556dad4efcd,data/images/7f6471bbca03a670910ca634e47ea7f3f672565104d7c49c91360556dad4efcd.jpg,False
paired_negative_0_DJI_202609081039_006_pts_v2,000118,23.4234,decoded frame PTS,@raw/04_第四批_20260908_1053_多火点与余热点/01_正式视频/无人机09_1581F7K3C24CS00AX535/DJI_202609081039_006/DJI_20260908105258_0002_V.MP4,B4,DJI_202609081039_006,d465affe5e4de2bee7f5109c6d05434a610d6fff5a10ccd03425790863b28be1,data/images/d465affe5e4de2bee7f5109c6d05434a610d6fff5a10ccd03425790863b28be1.jpg,False
paired_negative_0_DJI_202609081039_006_pts_v2,000119,23.6236,decoded frame PTS,@raw/04_第四批_20260908_1053_多火点与余热点/01_正式视频/无人机09_1581F7K3C24CS00AX535/DJI_202609081039_006/DJI_20260908105258_0002_V.MP4,B4,DJI_202609081039_006,9500f96c0eba1a3f6f8d9d8e46705385f570ef51c56960e5197672dc92dad06c,data/images/9500f96c0eba1a3f6f8d9d8e46705385f570ef51c56960e5197672dc92dad06c.jpg,False
paired_negative_0_DJI_202609081039_006_pts_v2,000120,23.8238,decoded frame PTS,@raw/04_第四批_20260908_1053_多火点与余热点/01_正式视频/无人机09_1581F7K3C24CS00AX535/DJI_202609081039_006/DJI_20260908105258_0002_V.MP4,B4,DJI_202609081039_006,a98d650a730156cbd30adecafca9ae23962660ccf325f52b6e96803ebd9ac4c5,data/images/a98d650a730156cbd30adecafca9ae23962660ccf325f52b6e96803ebd9ac4c5.jpg,False
paired_negative_0_DJI_202609081039_006_pts_v2,000121,24.024,decoded frame PTS,@raw/04_第四批_20260908_1053_多火点与余热点/01_正式视频/无人机09_1581F7K3C24CS00AX535/DJI_202609081039_006/DJI_20260908105258_0002_V.MP4,B4,DJI_202609081039_006,870c2be581db0ab372ed2aebbc498d4f71d9ba481d298ec4c730321a4138d937,data/images/870c2be581db0ab372ed2aebbc498d4f71d9ba481d298ec4c730321a4138d937.jpg,False
paired_negative_0_DJI_202609081039_006_pts_v2,000122,24.2242,decoded frame PTS,@raw/04_第四批_20260908_1053_多火点与余热点/01_正式视频/无人机09_1581F7K3C24CS00AX535/DJI_202609081039_006/DJI_20260908105258_0002_V.MP4,B4,DJI_202609081039_006,adce59d134e25266693439573793c2e005cfa862f0bc4179cb1da3148cfdde79,data/images/adce59d134e25266693439573793c2e005cfa862f0bc4179cb1da3148cfdde79.jpg,False
paired_negative_0_DJI_202609081039_006_pts_v2,000123,24.4244,decoded frame PTS,@raw/04_第四批_20260908_1053_多火点与余热点/01_正式视频/无人机09_1581F7K3C24CS00AX535/DJI_202609081039_006/DJI_20260908105258_0002_V.MP4,B4,DJI_202609081039_006,56d5c1801c5473fb729def8b5603214327056ab2b467f0aa552c3e2c6d5dcd5e,data/images/56d5c1801c5473fb729def8b5603214327056ab2b467f0aa552c3e2c6d5dcd5e.jpg,False
paired_negative_0_DJI_202609081039_006_pts_v2,000124,24.6246,decoded frame PTS,@raw/04_第四批_20260908_1053_多火点与余热点/01_正式视频/无人机09_1581F7K3C24CS00AX535/DJI_202609081039_006/DJI_20260908105258_0002_V.MP4,B4,DJI_202609081039_006,14835e3ce756027bd5896825ea321681f2a425b069282dcfb710a084a8a35514,data/images/14835e3ce756027bd5896825ea321681f2a425b069282dcfb710a084a8a35514.jpg,False
paired_negative_0_DJI_202609081039_006_pts_v2,000125,24.8248,decoded frame PTS,@raw/04_第四批_20260908_1053_多火点与余热点/01_正式视频/无人机09_1581F7K3C24CS00AX535/DJI_202609081039_006/DJI_20260908105258_0002_V.MP4,B4,DJI_202609081039_006,c27411fed12e86b6600263c0e88cb0c44143e40b13bca5918f7d44e90f8393b1,data/images/c27411fed12e86b6600263c0e88cb0c44143e40b13bca5918f7d44e90f8393b1.jpg,False
paired_negative_0_DJI_202609081039_006_pts_v2,000126,25.025,decoded frame PTS,@raw/04_第四批_20260908_1053_多火点与余热点/01_正式视频/无人机09_1581F7K3C24CS00AX535/DJI_202609081039_006/DJI_20260908105258_0002_V.MP4,B4,DJI_202609081039_006,4ba04230c680104732f51ef8ea0864c30d41fceaec46169f358f2c3b13437fdf,data/images/4ba04230c680104732f51ef8ea0864c30d41fceaec46169f358f2c3b13437fdf.jpg,False
paired_negative_0_DJI_202609081039_006_pts_v2,000127,25.2252,decoded frame PTS,@raw/04_第四批_20260908_1053_多火点与余热点/01_正式视频/无人机09_1581F7K3C24CS00AX535/DJI_202609081039_006/DJI_20260908105258_0002_V.MP4,B4,DJI_202609081039_006,959326529fd684f2dce7bc4b80f82b22ee587b61dd263645e98f9ed79b73ac54,data/images/959326529fd684f2dce7bc4b80f82b22ee587b61dd263645e98f9ed79b73ac54.jpg,False
paired_negative_0_DJI_202609081039_006_pts_v2,000128,25.4254,decoded frame PTS,@raw/04_第四批_20260908_1053_多火点与余热点/01_正式视频/无人机09_1581F7K3C24CS00AX535/DJI_202609081039_006/DJI_20260908105258_0002_V.MP4,B4,DJI_202609081039_006,70e77b178590044e3d10ac62be94869cdb821c2d32682258a2a29ee5c006e05f,data/images/70e77b178590044e3d10ac62be94869cdb821c2d32682258a2a29ee5c006e05f.jpg,False
paired_negative_0_DJI_202609081039_006_pts_v2,000129,25.6256,decoded frame PTS,@raw/04_第四批_20260908_1053_多火点与余热点/01_正式视频/无人机09_1581F7K3C24CS00AX535/DJI_202609081039_006/DJI_20260908105258_0002_V.MP4,B4,DJI_202609081039_006,43edf1fba92cdecc23a748eac137af72c5e9b9be1f94cb20a46971aa9b90bcca,data/images/43edf1fba92cdecc23a748eac137af72c5e9b9be1f94cb20a46971aa9b90bcca.jpg,False
paired_negative_0_DJI_202609081039_006_pts_v2,000130,25.8258,decoded frame PTS,@raw/04_第四批_20260908_1053_多火点与余热点/01_正式视频/无人机09_1581F7K3C24CS00AX535/DJI_202609081039_006/DJI_20260908105258_0002_V.MP4,B4,DJI_202609081039_006,ca0d2de5e05ec32e29e125ba9797f94c8675729d008d4aad94aa9021d722d13a,data/images/ca0d2de5e05ec32e29e125ba9797f94c8675729d008d4aad94aa9021d722d13a.jpg,False
paired_negative_0_DJI_202609081039_006_pts_v2,000131,26.026,decoded frame PTS,@raw/04_第四批_20260908_1053_多火点与余热点/01_正式视频/无人机09_1581F7K3C24CS00AX535/DJI_202609081039_006/DJI_20260908105258_0002_V.MP4,B4,DJI_202609081039_006,6443eb10c7c087de7a3ee04cbd907e14fe2b86f9cd676f3074550654e2ebbbb1,data/images/6443eb10c7c087de7a3ee04cbd907e14fe2b86f9cd676f3074550654e2ebbbb1.jpg,False
paired_negative_0_DJI_202609081039_006_pts_v2,000132,26.2262,decoded frame PTS,@raw/04_第四批_20260908_1053_多火点与余热点/01_正式视频/无人机09_1581F7K3C24CS00AX535/DJI_202609081039_006/DJI_20260908105258_0002_V.MP4,B4,DJI_202609081039_006,875f9d77e9ae4306fc7674bba4b63c8ee0131ce33e2bb45385bc958b3c2c8f0a,data/images/875f9d77e9ae4306fc7674bba4b63c8ee0131ce33e2bb45385bc958b3c2c8f0a.jpg,False
paired_negative_0_DJI_202609081039_006_pts_v2,000133,26.4264,decoded frame PTS,@raw/04_第四批_20260908_1053_多火点与余热点/01_正式视频/无人机09_1581F7K3C24CS00AX535/DJI_202609081039_006/DJI_20260908105258_0002_V.MP4,B4,DJI_202609081039_006,24fdb2a693afbf637db599254980a6cada26d7621502a54f26d15b04db854470,data/images/24fdb2a693afbf637db599254980a6cada26d7621502a54f26d15b04db854470.jpg,False
paired_negative_0_DJI_202609081039_006_pts_v2,000134,26.6266,decoded frame PTS,@raw/04_第四批_20260908_1053_多火点与余热点/01_正式视频/无人机09_1581F7K3C24CS00AX535/DJI_202609081039_006/DJI_20260908105258_0002_V.MP4,B4,DJI_202609081039_006,74dd2e0349a8d24e9192af5bda3c01e231a7f389b6066b62288533ad1584d794,data/images/74dd2e0349a8d24e9192af5bda3c01e231a7f389b6066b62288533ad1584d794.jpg,False
paired_negative_0_DJI_202609081039_006_pts_v2,000135,26.8268,decoded frame PTS,@raw/04_第四批_20260908_1053_多火点与余热点/01_正式视频/无人机09_1581F7K3C24CS00AX535/DJI_202609081039_006/DJI_20260908105258_0002_V.MP4,B4,DJI_202609081039_006,0476bc7d19ae364c96486e4b68eded17de41c8064e06a417770b6225c64c0085,data/images/0476bc7d19ae364c96486e4b68eded17de41c8064e06a417770b6225c64c0085.jpg,False
paired_negative_0_DJI_202609081039_006_pts_v2,000136,27.027,decoded frame PTS,@raw/04_第四批_20260908_1053_多火点与余热点/01_正式视频/无人机09_1581F7K3C24CS00AX535/DJI_202609081039_006/DJI_20260908105258_0002_V.MP4,B4,DJI_202609081039_006,453438202745f61edca8285e6978292c1920998744c6352f2277fbfb70bda34b,data/images/453438202745f61edca8285e6978292c1920998744c6352f2277fbfb70bda34b.jpg,False
paired_negative_0_DJI_202609081039_006_pts_v2,000137,27.2272,decoded frame PTS,@raw/04_第四批_20260908_1053_多火点与余热点/01_正式视频/无人机09_1581F7K3C24CS00AX535/DJI_202609081039_006/DJI_20260908105258_0002_V.MP4,B4,DJI_202609081039_006,1af45b4719d6d1011e9c6594330de954406eb1abe1f14a9b367ef30b3bf6c847,data/images/1af45b4719d6d1011e9c6594330de954406eb1abe1f14a9b367ef30b3bf6c847.jpg,False
paired_negative_0_DJI_202609081039_006_pts_v2,000138,27.4274,decoded frame PTS,@raw/04_第四批_20260908_1053_多火点与余热点/01_正式视频/无人机09_1581F7K3C24CS00AX535/DJI_202609081039_006/DJI_20260908105258_0002_V.MP4,B4,DJI_202609081039_006,663ec0e4c1e16dbf79d0d23edfbf1c7ecc42fbb83c70a23b6e4cae42d5a06842,data/images/663ec0e4c1e16dbf79d0d23edfbf1c7ecc42fbb83c70a23b6e4cae42d5a06842.jpg,False
paired_negative_0_DJI_202609081039_006_pts_v2,000139,27.6276,decoded frame PTS,@raw/04_第四批_20260908_1053_多火点与余热点/01_正式视频/无人机09_1581F7K3C24CS00AX535/DJI_202609081039_006/DJI_20260908105258_0002_V.MP4,B4,DJI_202609081039_006,4e7dddc4ae8a7de327cbd650de87d37280c612c1075c324ba7a196aa14a13e3e,data/images/4e7dddc4ae8a7de327cbd650de87d37280c612c1075c324ba7a196aa14a13e3e.jpg,False
paired_negative_0_DJI_202609081039_006_pts_v2,000140,27.8278,decoded frame PTS,@raw/04_第四批_20260908_1053_多火点与余热点/01_正式视频/无人机09_1581F7K3C24CS00AX535/DJI_202609081039_006/DJI_20260908105258_0002_V.MP4,B4,DJI_202609081039_006,4a69f6fe5398ad2c16e8420b01f7b276e3c2da3b27e667c0e5b2296d26f60418,data/images/4a69f6fe5398ad2c16e8420b01f7b276e3c2da3b27e667c0e5b2296d26f60418.jpg,False
paired_negative_0_DJI_202609081039_006_pts_v2,000141,28.028,decoded frame PTS,@raw/04_第四批_20260908_1053_多火点与余热点/01_正式视频/无人机09_1581F7K3C24CS00AX535/DJI_202609081039_006/DJI_20260908105258_0002_V.MP4,B4,DJI_202609081039_006,de6c4cd1ae1e7e97f172492dc1cdc61b711f70677d9fda6de1155f61bbc236ce,data/images/de6c4cd1ae1e7e97f172492dc1cdc61b711f70677d9fda6de1155f61bbc236ce.jpg,False
paired_negative_0_DJI_202609081039_006_pts_v2,000142,28.2282,decoded frame PTS,@raw/04_第四批_20260908_1053_多火点与余热点/01_正式视频/无人机09_1581F7K3C24CS00AX535/DJI_202609081039_006/DJI_20260908105258_0002_V.MP4,B4,DJI_202609081039_006,dc43648dba6325c6f92e2e1d26a90c8aeb331bbb49d159401e881d86e89baa1b,data/images/dc43648dba6325c6f92e2e1d26a90c8aeb331bbb49d159401e881d86e89baa1b.jpg,False
paired_negative_0_DJI_202609081039_006_pts_v2,000143,28.4284,decoded frame PTS,@raw/04_第四批_20260908_1053_多火点与余热点/01_正式视频/无人机09_1581F7K3C24CS00AX535/DJI_202609081039_006/DJI_20260908105258_0002_V.MP4,B4,DJI_202609081039_006,fbd8c30c00364175a27ba00dd595fda4d8a16b3220b45e6b5491baabecd0e76a,data/images/fbd8c30c00364175a27ba00dd595fda4d8a16b3220b45e6b5491baabecd0e76a.jpg,False
paired_negative_0_DJI_202609081039_006_pts_v2,000144,28.6286,decoded frame PTS,@raw/04_第四批_20260908_1053_多火点与余热点/01_正式视频/无人机09_1581F7K3C24CS00AX535/DJI_202609081039_006/DJI_20260908105258_0002_V.MP4,B4,DJI_202609081039_006,6429496c9931ed7e6911be0b7ba131e574cce8c4c4eb8c51966ccd92c34db27e,data/images/6429496c9931ed7e6911be0b7ba131e574cce8c4c4eb8c51966ccd92c34db27e.jpg,False
paired_negative_0_DJI_202609081039_006_pts_v2,000145,28.8288,decoded frame PTS,@raw/04_第四批_20260908_1053_多火点与余热点/01_正式视频/无人机09_1581F7K3C24CS00AX535/DJI_202609081039_006/DJI_20260908105258_0002_V.MP4,B4,DJI_202609081039_006,a4d174379fb3750389b6f15689b87c58ceb31b3fcb9b643c3e56583c45a91f3e,data/images/a4d174379fb3750389b6f15689b87c58ceb31b3fcb9b643c3e56583c45a91f3e.jpg,False
paired_negative_0_DJI_202609081039_006_pts_v2,000146,29.029,decoded frame PTS,@raw/04_第四批_20260908_1053_多火点与余热点/01_正式视频/无人机09_1581F7K3C24CS00AX535/DJI_202609081039_006/DJI_20260908105258_0002_V.MP4,B4,DJI_202609081039_006,3485f1431d8411ec383e921134fbe87d368a06c1e1f4b5d399826c9ead936046,data/images/3485f1431d8411ec383e921134fbe87d368a06c1e1f4b5d399826c9ead936046.jpg,False
paired_negative_0_DJI_202609081039_006_pts_v2,000147,29.2292,decoded frame PTS,@raw/04_第四批_20260908_1053_多火点与余热点/01_正式视频/无人机09_1581F7K3C24CS00AX535/DJI_202609081039_006/DJI_20260908105258_0002_V.MP4,B4,DJI_202609081039_006,f62f5b631714424f587fc564d40746f9e007b9b5cbe9c5ba6095093641dbefc9,data/images/f62f5b631714424f587fc564d40746f9e007b9b5cbe9c5ba6095093641dbefc9.jpg,False
paired_negative_0_DJI_202609081039_006_pts_v2,000148,29.4294,decoded frame PTS,@raw/04_第四批_20260908_1053_多火点与余热点/01_正式视频/无人机09_1581F7K3C24CS00AX535/DJI_202609081039_006/DJI_20260908105258_0002_V.MP4,B4,DJI_202609081039_006,3d6bc846836dc96e192e466d95f16071cba6afa024991e724ba0895ddb019519,data/images/3d6bc846836dc96e192e466d95f16071cba6afa024991e724ba0895ddb019519.jpg,False
paired_negative_0_DJI_202609081039_006_pts_v2,000149,29.6296,decoded frame PTS,@raw/04_第四批_20260908_1053_多火点与余热点/01_正式视频/无人机09_1581F7K3C24CS00AX535/DJI_202609081039_006/DJI_20260908105258_0002_V.MP4,B4,DJI_202609081039_006,5f3c658d944a91314e96d564097af1c451eeb44e73358b4af90cf151961f1d93,data/images/5f3c658d944a91314e96d564097af1c451eeb44e73358b4af90cf151961f1d93.jpg,False
paired_negative_0_DJI_202609081039_006_pts_v2,000150,29.8298,decoded frame PTS,@raw/04_第四批_20260908_1053_多火点与余热点/01_正式视频/无人机09_1581F7K3C24CS00AX535/DJI_202609081039_006/DJI_20260908105258_0002_V.MP4,B4,DJI_202609081039_006,0d116a1eb88d49d8c1f332c96797a44211be0adc206f71d1d7d471b4cfc3f700,data/images/0d116a1eb88d49d8c1f332c96797a44211be0adc206f71d1d7d471b4cfc3f700.jpg,False
multiple_boxes_0_DJI_202609081039_006_pts_v2,000001,55.0216,decoded frame PTS,@raw/04_第四批_20260908_1053_多火点与余热点/01_正式视频/无人机09_1581F7K3C24CS00AX535/DJI_202609081039_006/DJI_20260908105258_0002_V.MP4,B4,DJI_202609081039_006,77782d812db3ef34b8ecd4040de0ad461104ba9854cc0d8c36b16bee6d3597b0,data/images/77782d812db3ef34b8ecd4040de0ad461104ba9854cc0d8c36b16bee6d3597b0.jpg,False
multiple_boxes_0_DJI_202609081039_006_pts_v2,000002,55.2218,decoded frame PTS,@raw/04_第四批_20260908_1053_多火点与余热点/01_正式视频/无人机09_1581F7K3C24CS00AX535/DJI_202609081039_006/DJI_20260908105258_0002_V.MP4,B4,DJI_202609081039_006,56ee7f5e1091aeb9c0d230570e23b0a27604a77dc8010c8906491f92f6fed73d,data/images/56ee7f5e1091aeb9c0d230570e23b0a27604a77dc8010c8906491f92f6fed73d.jpg,False
multiple_boxes_0_DJI_202609081039_006_pts_v2,000003,55.422,decoded frame PTS,@raw/04_第四批_20260908_1053_多火点与余热点/01_正式视频/无人机09_1581F7K3C24CS00AX535/DJI_202609081039_006/DJI_20260908105258_0002_V.MP4,B4,DJI_202609081039_006,bba170a05b976aa07c9203d05b94f3f6d9d2253ab61abef86615cc6a105162e3,data/images/bba170a05b976aa07c9203d05b94f3f6d9d2253ab61abef86615cc6a105162e3.jpg,False
multiple_boxes_0_DJI_202609081039_006_pts_v2,000004,55.6222,decoded frame PTS,@raw/04_第四批_20260908_1053_多火点与余热点/01_正式视频/无人机09_1581F7K3C24CS00AX535/DJI_202609081039_006/DJI_20260908105258_0002_V.MP4,B4,DJI_202609081039_006,7cad71c9a070aa6a2fa47f07dc2ebe183a6edc1b44bc33a40d0454f34e4060a2,data/images/7cad71c9a070aa6a2fa47f07dc2ebe183a6edc1b44bc33a40d0454f34e4060a2.jpg,False
multiple_boxes_0_DJI_202609081039_006_pts_v2,000005,55.8224,decoded frame PTS,@raw/04_第四批_20260908_1053_多火点与余热点/01_正式视频/无人机09_1581F7K3C24CS00AX535/DJI_202609081039_006/DJI_20260908105258_0002_V.MP4,B4,DJI_202609081039_006,c4309628feb1313887a9c1a13e490a43e6d855e454793b60cefb8f83ce56217a,data/images/c4309628feb1313887a9c1a13e490a43e6d855e454793b60cefb8f83ce56217a.jpg,False
multiple_boxes_0_DJI_202609081039_006_pts_v2,000006,56.0226,decoded frame PTS,@raw/04_第四批_20260908_1053_多火点与余热点/01_正式视频/无人机09_1581F7K3C24CS00AX535/DJI_202609081039_006/DJI_20260908105258_0002_V.MP4,B4,DJI_202609081039_006,c35f720ab232e57e5d0f7702e259b0f4ed38a3129db6ea47ef0ceac388525629,data/images/c35f720ab232e57e5d0f7702e259b0f4ed38a3129db6ea47ef0ceac388525629.jpg,False
multiple_boxes_0_DJI_202609081039_006_pts_v2,000007,56.2228,decoded frame PTS,@raw/04_第四批_20260908_1053_多火点与余热点/01_正式视频/无人机09_1581F7K3C24CS00AX535/DJI_202609081039_006/DJI_20260908105258_0002_V.MP4,B4,DJI_202609081039_006,133b08618905eb49b6650dd0d12d0283a34bccb05c5287959014ab2307b3110c,data/images/133b08618905eb49b6650dd0d12d0283a34bccb05c5287959014ab2307b3110c.jpg,False
multiple_boxes_0_DJI_202609081039_006_pts_v2,000008,56.423,decoded frame PTS,@raw/04_第四批_20260908_1053_多火点与余热点/01_正式视频/无人机09_1581F7K3C24CS00AX535/DJI_202609081039_006/DJI_20260908105258_0002_V.MP4,B4,DJI_202609081039_006,03e33bc0b4b870583c4e7647d7df388d377f0d7e874103f179ff027875336185,data/images/03e33bc0b4b870583c4e7647d7df388d377f0d7e874103f179ff027875336185.jpg,False
multiple_boxes_0_DJI_202609081039_006_pts_v2,000009,56.6232,decoded frame PTS,@raw/04_第四批_20260908_1053_多火点与余热点/01_正式视频/无人机09_1581F7K3C24CS00AX535/DJI_202609081039_006/DJI_20260908105258_0002_V.MP4,B4,DJI_202609081039_006,c3f6f850ba1e921bf5fb0b996a60484c59f1d8075dfda2a89b9de58fe14fb67a,data/images/c3f6f850ba1e921bf5fb0b996a60484c59f1d8075dfda2a89b9de58fe14fb67a.jpg,False
multiple_boxes_0_DJI_202609081039_006_pts_v2,000010,56.8234,decoded frame PTS,@raw/04_第四批_20260908_1053_多火点与余热点/01_正式视频/无人机09_1581F7K3C24CS00AX535/DJI_202609081039_006/DJI_20260908105258_0002_V.MP4,B4,DJI_202609081039_006,97e81a6ae6badf1cdfc980c53a36e843ff1e46d565faf8b412cc2f8b6ea5c786,data/images/97e81a6ae6badf1cdfc980c53a36e843ff1e46d565faf8b412cc2f8b6ea5c786.jpg,False
multiple_boxes_0_DJI_202609081039_006_pts_v2,000011,57.0236,decoded frame PTS,@raw/04_第四批_20260908_1053_多火点与余热点/01_正式视频/无人机09_1581F7K3C24CS00AX535/DJI_202609081039_006/DJI_20260908105258_0002_V.MP4,B4,DJI_202609081039_006,5371b312e9158302533665ccb3dae73d538c0290e402824fce8d1c45a36b5ee9,data/images/5371b312e9158302533665ccb3dae73d538c0290e402824fce8d1c45a36b5ee9.jpg,False
multiple_boxes_0_DJI_202609081039_006_pts_v2,000012,57.2238,decoded frame PTS,@raw/04_第四批_20260908_1053_多火点与余热点/01_正式视频/无人机09_1581F7K3C24CS00AX535/DJI_202609081039_006/DJI_20260908105258_0002_V.MP4,B4,DJI_202609081039_006,e5c32fa9a3fc8c92d2e3fa3ea4665419b48c2599733d203bf6833d63669b0a3b,data/images/e5c32fa9a3fc8c92d2e3fa3ea4665419b48c2599733d203bf6833d63669b0a3b.jpg,False
multiple_boxes_0_DJI_202609081039_006_pts_v2,000013,57.424,decoded frame PTS,@raw/04_第四批_20260908_1053_多火点与余热点/01_正式视频/无人机09_1581F7K3C24CS00AX535/DJI_202609081039_006/DJI_20260908105258_0002_V.MP4,B4,DJI_202609081039_006,4867e939bd7a1b0ffc5af9d2853d6a97e804fa07353c7f29abcf64a68b7fbe54,data/images/4867e939bd7a1b0ffc5af9d2853d6a97e804fa07353c7f29abcf64a68b7fbe54.jpg,False
multiple_boxes_0_DJI_202609081039_006_pts_v2,000014,57.6242,decoded frame PTS,@raw/04_第四批_20260908_1053_多火点与余热点/01_正式视频/无人机09_1581F7K3C24CS00AX535/DJI_202609081039_006/DJI_20260908105258_0002_V.MP4,B4,DJI_202609081039_006,e24b8a36a56ef82e76a1949281f09005509228ba7275c9fa6d4e4d1ef93c83a0,data/images/e24b8a36a56ef82e76a1949281f09005509228ba7275c9fa6d4e4d1ef93c83a0.jpg,False
multiple_boxes_0_DJI_202609081039_006_pts_v2,000015,57.8244,decoded frame PTS,@raw/04_第四批_20260908_1053_多火点与余热点/01_正式视频/无人机09_1581F7K3C24CS00AX535/DJI_202609081039_006/DJI_20260908105258_0002_V.MP4,B4,DJI_202609081039_006,561b86693a684b8dfe822fe541df69d858475a69c9adfb45ee2f66cb1fd2eeba,data/images/561b86693a684b8dfe822fe541df69d858475a69c9adfb45ee2f66cb1fd2eeba.jpg,False
multiple_boxes_0_DJI_202609081039_006_pts_v2,000016,58.0246,decoded frame PTS,@raw/04_第四批_20260908_1053_多火点与余热点/01_正式视频/无人机09_1581F7K3C24CS00AX535/DJI_202609081039_006/DJI_20260908105258_0002_V.MP4,B4,DJI_202609081039_006,526aedb9e9b634e435e1446f1220aeb9c985de9435e997f9b3021cc9963b73e7,data/images/526aedb9e9b634e435e1446f1220aeb9c985de9435e997f9b3021cc9963b73e7.jpg,False
multiple_boxes_0_DJI_202609081039_006_pts_v2,000017,58.2248,decoded frame PTS,@raw/04_第四批_20260908_1053_多火点与余热点/01_正式视频/无人机09_1581F7K3C24CS00AX535/DJI_202609081039_006/DJI_20260908105258_0002_V.MP4,B4,DJI_202609081039_006,ae8e8204526ca2999529ed00bc98c29df63dfa06ece3bf63ffcbcf2ce048e937,data/images/ae8e8204526ca2999529ed00bc98c29df63dfa06ece3bf63ffcbcf2ce048e937.jpg,False
multiple_boxes_0_DJI_202609081039_006_pts_v2,000018,58.425,decoded frame PTS,@raw/04_第四批_20260908_1053_多火点与余热点/01_正式视频/无人机09_1581F7K3C24CS00AX535/DJI_202609081039_006/DJI_20260908105258_0002_V.MP4,B4,DJI_202609081039_006,7fbeac90909c499d3a548a0a36d2a936e4bd277234111462d3a7bfff3e5e15f1,data/images/7fbeac90909c499d3a548a0a36d2a936e4bd277234111462d3a7bfff3e5e15f1.jpg,False
multiple_boxes_0_DJI_202609081039_006_pts_v2,000019,58.6252,decoded frame PTS,@raw/04_第四批_20260908_1053_多火点与余热点/01_正式视频/无人机09_1581F7K3C24CS00AX535/DJI_202609081039_006/DJI_20260908105258_0002_V.MP4,B4,DJI_202609081039_006,2586e2f283ef05effa2d34bad9dacca359a53282a1680bb72568f0d707cc6f63,data/images/2586e2f283ef05effa2d34bad9dacca359a53282a1680bb72568f0d707cc6f63.jpg,False
multiple_boxes_0_DJI_202609081039_006_pts_v2,000020,58.8254,decoded frame PTS,@raw/04_第四批_20260908_1053_多火点与余热点/01_正式视频/无人机09_1581F7K3C24CS00AX535/DJI_202609081039_006/DJI_20260908105258_0002_V.MP4,B4,DJI_202609081039_006,2d8c085544c33a207e14b7875b60dfba1cf1b3a3e77790d53ad4dd014a550bc1,data/images/2d8c085544c33a207e14b7875b60dfba1cf1b3a3e77790d53ad4dd014a550bc1.jpg,False
multiple_boxes_0_DJI_202609081039_006_pts_v2,000021,59.0256,decoded frame PTS,@raw/04_第四批_20260908_1053_多火点与余热点/01_正式视频/无人机09_1581F7K3C24CS00AX535/DJI_202609081039_006/DJI_20260908105258_0002_V.MP4,B4,DJI_202609081039_006,8d679123e4856b939a3523f582936062a8e5bdbc76d34918f8f8a17324ab1ee3,data/images/8d679123e4856b939a3523f582936062a8e5bdbc76d34918f8f8a17324ab1ee3.jpg,False
multiple_boxes_0_DJI_202609081039_006_pts_v2,000022,59.2258,decoded frame PTS,@raw/04_第四批_20260908_1053_多火点与余热点/01_正式视频/无人机09_1581F7K3C24CS00AX535/DJI_202609081039_006/DJI_20260908105258_0002_V.MP4,B4,DJI_202609081039_006,22937b9679c59ac8820d52c11d2af549d12d9471cfb47dc3e83091e46f5de3f1,data/images/22937b9679c59ac8820d52c11d2af549d12d9471cfb47dc3e83091e46f5de3f1.jpg,False
multiple_boxes_0_DJI_202609081039_006_pts_v2,000023,59.426,decoded frame PTS,@raw/04_第四批_20260908_1053_多火点与余热点/01_正式视频/无人机09_1581F7K3C24CS00AX535/DJI_202609081039_006/DJI_20260908105258_0002_V.MP4,B4,DJI_202609081039_006,d689a7fdeb64f7ec1e85f5191bda38b9873640a4635047347274f438af1d133a,data/images/d689a7fdeb64f7ec1e85f5191bda38b9873640a4635047347274f438af1d133a.jpg,False
multiple_boxes_0_DJI_202609081039_006_pts_v2,000024,59.6262,decoded frame PTS,@raw/04_第四批_20260908_1053_多火点与余热点/01_正式视频/无人机09_1581F7K3C24CS00AX535/DJI_202609081039_006/DJI_20260908105258_0002_V.MP4,B4,DJI_202609081039_006,71b1af33dd6528aabe82353c5ecdefd656d04e573822d9ebdf0704d440aa8e11,data/images/71b1af33dd6528aabe82353c5ecdefd656d04e573822d9ebdf0704d440aa8e11.jpg,False
multiple_boxes_0_DJI_202609081039_006_pts_v2,000025,59.8264,decoded frame PTS,@raw/04_第四批_20260908_1053_多火点与余热点/01_正式视频/无人机09_1581F7K3C24CS00AX535/DJI_202609081039_006/DJI_20260908105258_0002_V.MP4,B4,DJI_202609081039_006,82ec252276b0be4e026650ecffb23ef18ab7694c884208aaa7f04d1cde118fb3,data/images/82ec252276b0be4e026650ecffb23ef18ab7694c884208aaa7f04d1cde118fb3.jpg,False
multiple_boxes_0_DJI_202609081039_006_pts_v2,000026,60.0266,decoded frame PTS,@raw/04_第四批_20260908_1053_多火点与余热点/01_正式视频/无人机09_1581F7K3C24CS00AX535/DJI_202609081039_006/DJI_20260908105258_0002_V.MP4,B4,DJI_202609081039_006,7a342473e2d4138bccb5721f39f36c174361761c78753338729025a0bffa7a30,data/images/7a342473e2d4138bccb5721f39f36c174361761c78753338729025a0bffa7a30.jpg,False
multiple_boxes_0_DJI_202609081039_006_pts_v2,000027,60.2268,decoded frame PTS,@raw/04_第四批_20260908_1053_多火点与余热点/01_正式视频/无人机09_1581F7K3C24CS00AX535/DJI_202609081039_006/DJI_20260908105258_0002_V.MP4,B4,DJI_202609081039_006,17b65c2999f72a0f01f8646a8841710ed314ba677ad94ea57bde2b3252aa2727,data/images/17b65c2999f72a0f01f8646a8841710ed314ba677ad94ea57bde2b3252aa2727.jpg,False
multiple_boxes_0_DJI_202609081039_006_pts_v2,000028,60.427,decoded frame PTS,@raw/04_第四批_20260908_1053_多火点与余热点/01_正式视频/无人机09_1581F7K3C24CS00AX535/DJI_202609081039_006/DJI_20260908105258_0002_V.MP4,B4,DJI_202609081039_006,da0078c0285ac10ed775f1db79a4037c0f27da98d1cdfa2be39bb8e846723b41,data/images/da0078c0285ac10ed775f1db79a4037c0f27da98d1cdfa2be39bb8e846723b41.jpg,False
multiple_boxes_0_DJI_202609081039_006_pts_v2,000029,60.6272,decoded frame PTS,@raw/04_第四批_20260908_1053_多火点与余热点/01_正式视频/无人机09_1581F7K3C24CS00AX535/DJI_202609081039_006/DJI_20260908105258_0002_V.MP4,B4,DJI_202609081039_006,29b92ad8338007de9deda191007283a6a47bbbbaaaae26f053a60fd81b994aa9,data/images/29b92ad8338007de9deda191007283a6a47bbbbaaaae26f053a60fd81b994aa9.jpg,False
multiple_boxes_0_DJI_202609081039_006_pts_v2,000030,60.8274,decoded frame PTS,@raw/04_第四批_20260908_1053_多火点与余热点/01_正式视频/无人机09_1581F7K3C24CS00AX535/DJI_202609081039_006/DJI_20260908105258_0002_V.MP4,B4,DJI_202609081039_006,1bc016e3b27a77dc95dc8eb9e111893e4fe71bfe9b51d1288c75a7f74c69df24,data/images/1bc016e3b27a77dc95dc8eb9e111893e4fe71bfe9b51d1288c75a7f74c69df24.jpg,False
multiple_boxes_0_DJI_202609081039_006_pts_v2,000031,61.0276,decoded frame PTS,@raw/04_第四批_20260908_1053_多火点与余热点/01_正式视频/无人机09_1581F7K3C24CS00AX535/DJI_202609081039_006/DJI_20260908105258_0002_V.MP4,B4,DJI_202609081039_006,bcc0b21f69db84fd4f6e26744dd7b9b4bc612973ecdefbc8d5a325c588bf2a8a,data/images/bcc0b21f69db84fd4f6e26744dd7b9b4bc612973ecdefbc8d5a325c588bf2a8a.jpg,False
multiple_boxes_0_DJI_202609081039_006_pts_v2,000032,61.2278,decoded frame PTS,@raw/04_第四批_20260908_1053_多火点与余热点/01_正式视频/无人机09_1581F7K3C24CS00AX535/DJI_202609081039_006/DJI_20260908105258_0002_V.MP4,B4,DJI_202609081039_006,481c07f16dc0ada788cb0dac785b2de489cc0a9acb30041d0c20fa4f9839132e,data/images/481c07f16dc0ada788cb0dac785b2de489cc0a9acb30041d0c20fa4f9839132e.jpg,False
multiple_boxes_0_DJI_202609081039_006_pts_v2,000033,61.428,decoded frame PTS,@raw/04_第四批_20260908_1053_多火点与余热点/01_正式视频/无人机09_1581F7K3C24CS00AX535/DJI_202609081039_006/DJI_20260908105258_0002_V.MP4,B4,DJI_202609081039_006,b89a4a2f968cd8a9caf00a0fb2cc48806049f0c644ed2211faaab319ab92f3de,data/images/b89a4a2f968cd8a9caf00a0fb2cc48806049f0c644ed2211faaab319ab92f3de.jpg,False
multiple_boxes_0_DJI_202609081039_006_pts_v2,000034,61.6282,decoded frame PTS,@raw/04_第四批_20260908_1053_多火点与余热点/01_正式视频/无人机09_1581F7K3C24CS00AX535/DJI_202609081039_006/DJI_20260908105258_0002_V.MP4,B4,DJI_202609081039_006,7c36dd55474ceace29b0fe75875a9e7e3e92bdc5bd7b035e6b4e03097f0102b2,data/images/7c36dd55474ceace29b0fe75875a9e7e3e92bdc5bd7b035e6b4e03097f0102b2.jpg,False
multiple_boxes_0_DJI_202609081039_006_pts_v2,000035,61.8284,decoded frame PTS,@raw/04_第四批_20260908_1053_多火点与余热点/01_正式视频/无人机09_1581F7K3C24CS00AX535/DJI_202609081039_006/DJI_20260908105258_0002_V.MP4,B4,DJI_202609081039_006,38d617fc975d1d640e2fe564c668bd1addfc96b5296b395292ada8e4c52b1de7,data/images/38d617fc975d1d640e2fe564c668bd1addfc96b5296b395292ada8e4c52b1de7.jpg,False
multiple_boxes_0_DJI_202609081039_006_pts_v2,000036,62.0286,decoded frame PTS,@raw/04_第四批_20260908_1053_多火点与余热点/01_正式视频/无人机09_1581F7K3C24CS00AX535/DJI_202609081039_006/DJI_20260908105258_0002_V.MP4,B4,DJI_202609081039_006,165fa46c3ae118ee062ab1e71af54e2f93ade4983864d249a5cac7cf21173533,data/images/165fa46c3ae118ee062ab1e71af54e2f93ade4983864d249a5cac7cf21173533.jpg,False
multiple_boxes_0_DJI_202609081039_006_pts_v2,000037,62.2288,decoded frame PTS,@raw/04_第四批_20260908_1053_多火点与余热点/01_正式视频/无人机09_1581F7K3C24CS00AX535/DJI_202609081039_006/DJI_20260908105258_0002_V.MP4,B4,DJI_202609081039_006,e9cafb1bdab17e338fb80058c03bc1b0f516f57a283b8f5496c7f37db2838865,data/images/e9cafb1bdab17e338fb80058c03bc1b0f516f57a283b8f5496c7f37db2838865.jpg,False
multiple_boxes_0_DJI_202609081039_006_pts_v2,000038,62.429,decoded frame PTS,@raw/04_第四批_20260908_1053_多火点与余热点/01_正式视频/无人机09_1581F7K3C24CS00AX535/DJI_202609081039_006/DJI_20260908105258_0002_V.MP4,B4,DJI_202609081039_006,8a7969ec7df217d39f6cddd2b9eb067ff223124beb1d203e16a16c1c569dfc43,data/images/8a7969ec7df217d39f6cddd2b9eb067ff223124beb1d203e16a16c1c569dfc43.jpg,False
multiple_boxes_0_DJI_202609081039_006_pts_v2,000039,62.6292,decoded frame PTS,@raw/04_第四批_20260908_1053_多火点与余热点/01_正式视频/无人机09_1581F7K3C24CS00AX535/DJI_202609081039_006/DJI_20260908105258_0002_V.MP4,B4,DJI_202609081039_006,e4708a8073de9eeae5bc710b224f6587159145f29e9e38d67e771c622db3f6d3,data/images/e4708a8073de9eeae5bc710b224f6587159145f29e9e38d67e771c622db3f6d3.jpg,False
multiple_boxes_0_DJI_202609081039_006_pts_v2,000040,62.8294,decoded frame PTS,@raw/04_第四批_20260908_1053_多火点与余热点/01_正式视频/无人机09_1581F7K3C24CS00AX535/DJI_202609081039_006/DJI_20260908105258_0002_V.MP4,B4,DJI_202609081039_006,8d27c40a8dbd452ea5c49c31fe7ccfc124d34fec08a1b810bcf7b0a751ee8c80,data/images/8d27c40a8dbd452ea5c49c31fe7ccfc124d34fec08a1b810bcf7b0a751ee8c80.jpg,False
multiple_boxes_0_DJI_202609081039_006_pts_v2,000041,63.0296,decoded frame PTS,@raw/04_第四批_20260908_1053_多火点与余热点/01_正式视频/无人机09_1581F7K3C24CS00AX535/DJI_202609081039_006/DJI_20260908105258_0002_V.MP4,B4,DJI_202609081039_006,a0ecd6cbfd4b9729fd64c5dee834c4641726456fb623842652c5c7561161aa3c,data/images/a0ecd6cbfd4b9729fd64c5dee834c4641726456fb623842652c5c7561161aa3c.jpg,False
multiple_boxes_0_DJI_202609081039_006_pts_v2,000042,63.2298,decoded frame PTS,@raw/04_第四批_20260908_1053_多火点与余热点/01_正式视频/无人机09_1581F7K3C24CS00AX535/DJI_202609081039_006/DJI_20260908105258_0002_V.MP4,B4,DJI_202609081039_006,335e30477b4999639fde9d9c9fca466897f17404ea458919e35e66a11b7ba2b0,data/images/335e30477b4999639fde9d9c9fca466897f17404ea458919e35e66a11b7ba2b0.jpg,False
multiple_boxes_0_DJI_202609081039_006_pts_v2,000043,63.43,decoded frame PTS,@raw/04_第四批_20260908_1053_多火点与余热点/01_正式视频/无人机09_1581F7K3C24CS00AX535/DJI_202609081039_006/DJI_20260908105258_0002_V.MP4,B4,DJI_202609081039_006,d97471fb30a040fd54f6d482028c39f94084db4b129d17f8387c2afcc400d80b,data/images/d97471fb30a040fd54f6d482028c39f94084db4b129d17f8387c2afcc400d80b.jpg,False
multiple_boxes_0_DJI_202609081039_006_pts_v2,000044,63.6302,decoded frame PTS,@raw/04_第四批_20260908_1053_多火点与余热点/01_正式视频/无人机09_1581F7K3C24CS00AX535/DJI_202609081039_006/DJI_20260908105258_0002_V.MP4,B4,DJI_202609081039_006,476c6e198dc9b1f985ea23e6b64082b6d331d67b788bc3e76fbd0fe3e064fa35,data/images/476c6e198dc9b1f985ea23e6b64082b6d331d67b788bc3e76fbd0fe3e064fa35.jpg,False
multiple_boxes_0_DJI_202609081039_006_pts_v2,000045,63.8304,decoded frame PTS,@raw/04_第四批_20260908_1053_多火点与余热点/01_正式视频/无人机09_1581F7K3C24CS00AX535/DJI_202609081039_006/DJI_20260908105258_0002_V.MP4,B4,DJI_202609081039_006,32406eb24ea0d600d4a7686a4f842d0c831a000e0d921b4d8b78807f3e79934f,data/images/32406eb24ea0d600d4a7686a4f842d0c831a000e0d921b4d8b78807f3e79934f.jpg,False
multiple_boxes_0_DJI_202609081039_006_pts_v2,000046,64.0306,decoded frame PTS,@raw/04_第四批_20260908_1053_多火点与余热点/01_正式视频/无人机09_1581F7K3C24CS00AX535/DJI_202609081039_006/DJI_20260908105258_0002_V.MP4,B4,DJI_202609081039_006,e338256e47c87215a9927cdb37b9589629de875e4a70d2d91a4201730a5e3c16,data/images/e338256e47c87215a9927cdb37b9589629de875e4a70d2d91a4201730a5e3c16.jpg,False
multiple_boxes_0_DJI_202609081039_006_pts_v2,000047,64.2308,decoded frame PTS,@raw/04_第四批_20260908_1053_多火点与余热点/01_正式视频/无人机09_1581F7K3C24CS00AX535/DJI_202609081039_006/DJI_20260908105258_0002_V.MP4,B4,DJI_202609081039_006,80f81e308b8c40d206374e95db5cf60a91a0a4c87075e62c3be9da87c514eb36,data/images/80f81e308b8c40d206374e95db5cf60a91a0a4c87075e62c3be9da87c514eb36.jpg,False
multiple_boxes_0_DJI_202609081039_006_pts_v2,000048,64.431,decoded frame PTS,@raw/04_第四批_20260908_1053_多火点与余热点/01_正式视频/无人机09_1581F7K3C24CS00AX535/DJI_202609081039_006/DJI_20260908105258_0002_V.MP4,B4,DJI_202609081039_006,f116fb5427c1b7e1755e7038bbf50bce9497fdf9bfec292df7a42160b97fb87d,data/images/f116fb5427c1b7e1755e7038bbf50bce9497fdf9bfec292df7a42160b97fb87d.jpg,False
multiple_boxes_0_DJI_202609081039_006_pts_v2,000049,64.6312,decoded frame PTS,@raw/04_第四批_20260908_1053_多火点与余热点/01_正式视频/无人机09_1581F7K3C24CS00AX535/DJI_202609081039_006/DJI_20260908105258_0002_V.MP4,B4,DJI_202609081039_006,d20f91e247a8343f5bc16334c470aede4bbcb7b81cad33e749772c858918c13b,data/images/d20f91e247a8343f5bc16334c470aede4bbcb7b81cad33e749772c858918c13b.jpg,False
multiple_boxes_0_DJI_202609081039_006_pts_v2,000050,64.8314,decoded frame PTS,@raw/04_第四批_20260908_1053_多火点与余热点/01_正式视频/无人机09_1581F7K3C24CS00AX535/DJI_202609081039_006/DJI_20260908105258_0002_V.MP4,B4,DJI_202609081039_006,b403cc3ac3031ea01d2924813e4e3560508f6c0995242ca2fa3258eefbafe4d4,data/images/b403cc3ac3031ea01d2924813e4e3560508f6c0995242ca2fa3258eefbafe4d4.jpg,False
multiple_boxes_0_DJI_202609081039_006_pts_v2,000051,65.0316,decoded frame PTS,@raw/04_第四批_20260908_1053_多火点与余热点/01_正式视频/无人机09_1581F7K3C24CS00AX535/DJI_202609081039_006/DJI_20260908105258_0002_V.MP4,B4,DJI_202609081039_006,e9bf896fffa4b3d1802623e688a0fc220686ddc00e87a9b4663ce638dcc83fce,data/images/e9bf896fffa4b3d1802623e688a0fc220686ddc00e87a9b4663ce638dcc83fce.jpg,False
multiple_boxes_0_DJI_202609081039_006_pts_v2,000052,65.2318,decoded frame PTS,@raw/04_第四批_20260908_1053_多火点与余热点/01_正式视频/无人机09_1581F7K3C24CS00AX535/DJI_202609081039_006/DJI_20260908105258_0002_V.MP4,B4,DJI_202609081039_006,cccb5b463dcdc6bee358dcaf8f94a4b26ac90e4ffd91f0ea75b031ecb122f2d3,data/images/cccb5b463dcdc6bee358dcaf8f94a4b26ac90e4ffd91f0ea75b031ecb122f2d3.jpg,False
multiple_boxes_0_DJI_202609081039_006_pts_v2,000053,65.432,decoded frame PTS,@raw/04_第四批_20260908_1053_多火点与余热点/01_正式视频/无人机09_1581F7K3C24CS00AX535/DJI_202609081039_006/DJI_20260908105258_0002_V.MP4,B4,DJI_202609081039_006,d906f2a61b7dfb5f27afe8fbd6a6cad7fe35112cfebc885797e7303d3f33c0d7,data/images/d906f2a61b7dfb5f27afe8fbd6a6cad7fe35112cfebc885797e7303d3f33c0d7.jpg,False
multiple_boxes_0_DJI_202609081039_006_pts_v2,000054,65.6322,decoded frame PTS,@raw/04_第四批_20260908_1053_多火点与余热点/01_正式视频/无人机09_1581F7K3C24CS00AX535/DJI_202609081039_006/DJI_20260908105258_0002_V.MP4,B4,DJI_202609081039_006,3cb7400f094d392e2f723530c131324a3b1d2969e7c702ebc1e0c80b7f869d30,data/images/3cb7400f094d392e2f723530c131324a3b1d2969e7c702ebc1e0c80b7f869d30.jpg,False
multiple_boxes_0_DJI_202609081039_006_pts_v2,000055,65.8324,decoded frame PTS,@raw/04_第四批_20260908_1053_多火点与余热点/01_正式视频/无人机09_1581F7K3C24CS00AX535/DJI_202609081039_006/DJI_20260908105258_0002_V.MP4,B4,DJI_202609081039_006,4f18e8efa09511d3f8123e5130f628f597239be46036eeaa29b813e0ab863bca,data/images/4f18e8efa09511d3f8123e5130f628f597239be46036eeaa29b813e0ab863bca.jpg,False
multiple_boxes_0_DJI_202609081039_006_pts_v2,000056,66.0326,decoded frame PTS,@raw/04_第四批_20260908_1053_多火点与余热点/01_正式视频/无人机09_1581F7K3C24CS00AX535/DJI_202609081039_006/DJI_20260908105258_0002_V.MP4,B4,DJI_202609081039_006,a1fe3b51cd8bfeefeb98483cfd5ce16261c888896d3a4ada2294098a803632b5,data/images/a1fe3b51cd8bfeefeb98483cfd5ce16261c888896d3a4ada2294098a803632b5.jpg,False
multiple_boxes_0_DJI_202609081039_006_pts_v2,000057,66.2328,decoded frame PTS,@raw/04_第四批_20260908_1053_多火点与余热点/01_正式视频/无人机09_1581F7K3C24CS00AX535/DJI_202609081039_006/DJI_20260908105258_0002_V.MP4,B4,DJI_202609081039_006,b55f8cc9dd2181c7d8b5c46e49592edaec83d2de0fa92947f32cb1fc5595df94,data/images/b55f8cc9dd2181c7d8b5c46e49592edaec83d2de0fa92947f32cb1fc5595df94.jpg,False
multiple_boxes_0_DJI_202609081039_006_pts_v2,000058,66.433,decoded frame PTS,@raw/04_第四批_20260908_1053_多火点与余热点/01_正式视频/无人机09_1581F7K3C24CS00AX535/DJI_202609081039_006/DJI_20260908105258_0002_V.MP4,B4,DJI_202609081039_006,e5d04c4926cc7d1f2d545e7a200564ce44d1933085426a0ce04cb52212093b78,data/images/e5d04c4926cc7d1f2d545e7a200564ce44d1933085426a0ce04cb52212093b78.jpg,False
multiple_boxes_0_DJI_202609081039_006_pts_v2,000059,66.6332,decoded frame PTS,@raw/04_第四批_20260908_1053_多火点与余热点/01_正式视频/无人机09_1581F7K3C24CS00AX535/DJI_202609081039_006/DJI_20260908105258_0002_V.MP4,B4,DJI_202609081039_006,0229199edad1bc6dd0fdb032004200bb796a080e495cfaa4be6256b5792e345a,data/images/0229199edad1bc6dd0fdb032004200bb796a080e495cfaa4be6256b5792e345a.jpg,False
multiple_boxes_0_DJI_202609081039_006_pts_v2,000060,66.8334,decoded frame PTS,@raw/04_第四批_20260908_1053_多火点与余热点/01_正式视频/无人机09_1581F7K3C24CS00AX535/DJI_202609081039_006/DJI_20260908105258_0002_V.MP4,B4,DJI_202609081039_006,b95f4730d8e44e7a4d1c24eb5f8c41a6a1b525c9b649972b34a3329bd025d331,data/images/b95f4730d8e44e7a4d1c24eb5f8c41a6a1b525c9b649972b34a3329bd025d331.jpg,False
multiple_boxes_0_DJI_202609081039_006_pts_v2,000061,67.0336,decoded frame PTS,@raw/04_第四批_20260908_1053_多火点与余热点/01_正式视频/无人机09_1581F7K3C24CS00AX535/DJI_202609081039_006/DJI_20260908105258_0002_V.MP4,B4,DJI_202609081039_006,e504210eaedf9f52901b28298aca4abe8ec72025c210c1b788d178f8804e4609,data/images/e504210eaedf9f52901b28298aca4abe8ec72025c210c1b788d178f8804e4609.jpg,False
multiple_boxes_0_DJI_202609081039_006_pts_v2,000062,67.2338,decoded frame PTS,@raw/04_第四批_20260908_1053_多火点与余热点/01_正式视频/无人机09_1581F7K3C24CS00AX535/DJI_202609081039_006/DJI_20260908105258_0002_V.MP4,B4,DJI_202609081039_006,e1ad2146cf78528c605dd06ec0b99a935cd912b0b55d46b9e31a9748c4fcde49,data/images/e1ad2146cf78528c605dd06ec0b99a935cd912b0b55d46b9e31a9748c4fcde49.jpg,False
multiple_boxes_0_DJI_202609081039_006_pts_v2,000063,67.434,decoded frame PTS,@raw/04_第四批_20260908_1053_多火点与余热点/01_正式视频/无人机09_1581F7K3C24CS00AX535/DJI_202609081039_006/DJI_20260908105258_0002_V.MP4,B4,DJI_202609081039_006,55e88580ecd9b940c67729703882a70f9c9efd9b57560ad2bcda29abccf43578,data/images/55e88580ecd9b940c67729703882a70f9c9efd9b57560ad2bcda29abccf43578.jpg,False
multiple_boxes_0_DJI_202609081039_006_pts_v2,000064,67.6342,decoded frame PTS,@raw/04_第四批_20260908_1053_多火点与余热点/01_正式视频/无人机09_1581F7K3C24CS00AX535/DJI_202609081039_006/DJI_20260908105258_0002_V.MP4,B4,DJI_202609081039_006,fcd5c9fbace399c162547b667571a8822ee5bb75b3f077db8d96e3a82af70baa,data/images/fcd5c9fbace399c162547b667571a8822ee5bb75b3f077db8d96e3a82af70baa.jpg,False
multiple_boxes_0_DJI_202609081039_006_pts_v2,000065,67.8344,decoded frame PTS,@raw/04_第四批_20260908_1053_多火点与余热点/01_正式视频/无人机09_1581F7K3C24CS00AX535/DJI_202609081039_006/DJI_20260908105258_0002_V.MP4,B4,DJI_202609081039_006,73044cc24538c55cee92e73ab8747349ab832f7612060887001589811c812da9,data/images/73044cc24538c55cee92e73ab8747349ab832f7612060887001589811c812da9.jpg,False
multiple_boxes_0_DJI_202609081039_006_pts_v2,000066,68.0346,decoded frame PTS,@raw/04_第四批_20260908_1053_多火点与余热点/01_正式视频/无人机09_1581F7K3C24CS00AX535/DJI_202609081039_006/DJI_20260908105258_0002_V.MP4,B4,DJI_202609081039_006,32ae5e6c726e88abc918b7474eeb8618cb1f25a098301bce8cc2763670982d2a,data/images/32ae5e6c726e88abc918b7474eeb8618cb1f25a098301bce8cc2763670982d2a.jpg,False
multiple_boxes_0_DJI_202609081039_006_pts_v2,000067,68.2348,decoded frame PTS,@raw/04_第四批_20260908_1053_多火点与余热点/01_正式视频/无人机09_1581F7K3C24CS00AX535/DJI_202609081039_006/DJI_20260908105258_0002_V.MP4,B4,DJI_202609081039_006,15f654fc05f6b036313b3519f72cc7453cf86441fa2f10eaebc9657249ea5cc0,data/images/15f654fc05f6b036313b3519f72cc7453cf86441fa2f10eaebc9657249ea5cc0.jpg,False
multiple_boxes_0_DJI_202609081039_006_pts_v2,000068,68.435,decoded frame PTS,@raw/04_第四批_20260908_1053_多火点与余热点/01_正式视频/无人机09_1581F7K3C24CS00AX535/DJI_202609081039_006/DJI_20260908105258_0002_V.MP4,B4,DJI_202609081039_006,dc5ba8b13071caa153bec8d41a946f5756e4e3e0a122676b07e6ad7f9d71c73f,data/images/dc5ba8b13071caa153bec8d41a946f5756e4e3e0a122676b07e6ad7f9d71c73f.jpg,False
multiple_boxes_0_DJI_202609081039_006_pts_v2,000069,68.6352,decoded frame PTS,@raw/04_第四批_20260908_1053_多火点与余热点/01_正式视频/无人机09_1581F7K3C24CS00AX535/DJI_202609081039_006/DJI_20260908105258_0002_V.MP4,B4,DJI_202609081039_006,375feb0cf30c9e93edfc302c45d22b2008b3a653beb715e3822de751214ace4f,data/images/375feb0cf30c9e93edfc302c45d22b2008b3a653beb715e3822de751214ace4f.jpg,False
multiple_boxes_0_DJI_202609081039_006_pts_v2,000070,68.8354,decoded frame PTS,@raw/04_第四批_20260908_1053_多火点与余热点/01_正式视频/无人机09_1581F7K3C24CS00AX535/DJI_202609081039_006/DJI_20260908105258_0002_V.MP4,B4,DJI_202609081039_006,db943e51f8ce6420ce1fda8a7fd6ab72142eb2729eb0bdb3d57bba849c2a4fdb,data/images/db943e51f8ce6420ce1fda8a7fd6ab72142eb2729eb0bdb3d57bba849c2a4fdb.jpg,False
multiple_boxes_0_DJI_202609081039_006_pts_v2,000071,69.0356,decoded frame PTS,@raw/04_第四批_20260908_1053_多火点与余热点/01_正式视频/无人机09_1581F7K3C24CS00AX535/DJI_202609081039_006/DJI_20260908105258_0002_V.MP4,B4,DJI_202609081039_006,1fac7113a07d3a7eed584251934d21b4ba0738ce889935d4c89bc4e8fe29222b,data/images/1fac7113a07d3a7eed584251934d21b4ba0738ce889935d4c89bc4e8fe29222b.jpg,False
multiple_boxes_0_DJI_202609081039_006_pts_v2,000072,69.2358,decoded frame PTS,@raw/04_第四批_20260908_1053_多火点与余热点/01_正式视频/无人机09_1581F7K3C24CS00AX535/DJI_202609081039_006/DJI_20260908105258_0002_V.MP4,B4,DJI_202609081039_006,3076d4c415af43c012c9de5d4069bf875485a1d079b65e906d538d3374b8d317,data/images/3076d4c415af43c012c9de5d4069bf875485a1d079b65e906d538d3374b8d317.jpg,False
multiple_boxes_0_DJI_202609081039_006_pts_v2,000073,69.436,decoded frame PTS,@raw/04_第四批_20260908_1053_多火点与余热点/01_正式视频/无人机09_1581F7K3C24CS00AX535/DJI_202609081039_006/DJI_20260908105258_0002_V.MP4,B4,DJI_202609081039_006,dd51850e6990193623de4dd8a39540d194254df35d6ce42c4ec230515d744879,data/images/dd51850e6990193623de4dd8a39540d194254df35d6ce42c4ec230515d744879.jpg,False
multiple_boxes_0_DJI_202609081039_006_pts_v2,000074,69.6362,decoded frame PTS,@raw/04_第四批_20260908_1053_多火点与余热点/01_正式视频/无人机09_1581F7K3C24CS00AX535/DJI_202609081039_006/DJI_20260908105258_0002_V.MP4,B4,DJI_202609081039_006,ff89616f273a517c5564c1371937de1bf9a45f0320854bd9f74cd8b8ffa3f4a8,data/images/ff89616f273a517c5564c1371937de1bf9a45f0320854bd9f74cd8b8ffa3f4a8.jpg,False
multiple_boxes_0_DJI_202609081039_006_pts_v2,000075,69.8364,decoded frame PTS,@raw/04_第四批_20260908_1053_多火点与余热点/01_正式视频/无人机09_1581F7K3C24CS00AX535/DJI_202609081039_006/DJI_20260908105258_0002_V.MP4,B4,DJI_202609081039_006,4c296ddd7af9e0d4c65abd282df06386daaf56bfb5b7f17b43f558d0764ae922,data/images/4c296ddd7af9e0d4c65abd282df06386daaf56bfb5b7f17b43f558d0764ae922.jpg,False
multiple_boxes_0_DJI_202609081039_006_pts_v2,000076,70.0366,decoded frame PTS,@raw/04_第四批_20260908_1053_多火点与余热点/01_正式视频/无人机09_1581F7K3C24CS00AX535/DJI_202609081039_006/DJI_20260908105258_0002_V.MP4,B4,DJI_202609081039_006,3f3a336e5dee634749fe4403e407d831d5620b9cd0c815b138d6b558b059c0a5,data/images/3f3a336e5dee634749fe4403e407d831d5620b9cd0c815b138d6b558b059c0a5.jpg,False
multiple_boxes_0_DJI_202609081039_006_pts_v2,000077,70.2368,decoded frame PTS,@raw/04_第四批_20260908_1053_多火点与余热点/01_正式视频/无人机09_1581F7K3C24CS00AX535/DJI_202609081039_006/DJI_20260908105258_0002_V.MP4,B4,DJI_202609081039_006,2409daf30333fa006830b73227e7a6b87acca6c3be772b705b765ba0eb23a51b,data/images/2409daf30333fa006830b73227e7a6b87acca6c3be772b705b765ba0eb23a51b.jpg,False
multiple_boxes_0_DJI_202609081039_006_pts_v2,000078,70.437,decoded frame PTS,@raw/04_第四批_20260908_1053_多火点与余热点/01_正式视频/无人机09_1581F7K3C24CS00AX535/DJI_202609081039_006/DJI_20260908105258_0002_V.MP4,B4,DJI_202609081039_006,7ae0b76be635a925bcf8dfa5e643cace378e52ea6710991ed026200e7eb6f2f1,data/images/7ae0b76be635a925bcf8dfa5e643cace378e52ea6710991ed026200e7eb6f2f1.jpg,False
multiple_boxes_0_DJI_202609081039_006_pts_v2,000079,70.6372,decoded frame PTS,@raw/04_第四批_20260908_1053_多火点与余热点/01_正式视频/无人机09_1581F7K3C24CS00AX535/DJI_202609081039_006/DJI_20260908105258_0002_V.MP4,B4,DJI_202609081039_006,aa2a92e99ccc41495c0334cc2351dafafbe43b8ca94b8e0a46a664291c0e9847,data/images/aa2a92e99ccc41495c0334cc2351dafafbe43b8ca94b8e0a46a664291c0e9847.jpg,False
multiple_boxes_0_DJI_202609081039_006_pts_v2,000080,70.8374,decoded frame PTS,@raw/04_第四批_20260908_1053_多火点与余热点/01_正式视频/无人机09_1581F7K3C24CS00AX535/DJI_202609081039_006/DJI_20260908105258_0002_V.MP4,B4,DJI_202609081039_006,77528bb223bc2bce7c94e5ccb9a35e1d7be74e4e9f99a8a2d68b1302922e9551,data/images/77528bb223bc2bce7c94e5ccb9a35e1d7be74e4e9f99a8a2d68b1302922e9551.jpg,False
multiple_boxes_0_DJI_202609081039_006_pts_v2,000081,71.0376,decoded frame PTS,@raw/04_第四批_20260908_1053_多火点与余热点/01_正式视频/无人机09_1581F7K3C24CS00AX535/DJI_202609081039_006/DJI_20260908105258_0002_V.MP4,B4,DJI_202609081039_006,cc6b5e4c990396a30edb89059d14ad215fbb53dc843742e19429d4e7e28dc6d7,data/images/cc6b5e4c990396a30edb89059d14ad215fbb53dc843742e19429d4e7e28dc6d7.jpg,False
multiple_boxes_0_DJI_202609081039_006_pts_v2,000082,71.2378,decoded frame PTS,@raw/04_第四批_20260908_1053_多火点与余热点/01_正式视频/无人机09_1581F7K3C24CS00AX535/DJI_202609081039_006/DJI_20260908105258_0002_V.MP4,B4,DJI_202609081039_006,bfb7332478d86078d2a726d700b4f756e262267fd6630c62271bd811bf0d7d45,data/images/bfb7332478d86078d2a726d700b4f756e262267fd6630c62271bd811bf0d7d45.jpg,False
multiple_boxes_0_DJI_202609081039_006_pts_v2,000083,71.438,decoded frame PTS,@raw/04_第四批_20260908_1053_多火点与余热点/01_正式视频/无人机09_1581F7K3C24CS00AX535/DJI_202609081039_006/DJI_20260908105258_0002_V.MP4,B4,DJI_202609081039_006,d18a57745d03577b73bd71d574fa7bbd8afbb0f147eacba12ce74a1a664a35cb,data/images/d18a57745d03577b73bd71d574fa7bbd8afbb0f147eacba12ce74a1a664a35cb.jpg,False
multiple_boxes_0_DJI_202609081039_006_pts_v2,000084,71.6382,decoded frame PTS,@raw/04_第四批_20260908_1053_多火点与余热点/01_正式视频/无人机09_1581F7K3C24CS00AX535/DJI_202609081039_006/DJI_20260908105258_0002_V.MP4,B4,DJI_202609081039_006,cd40278e52900ce3ce8a6fb799dbf43f7f590942fb80c370d945db844a0a5b6d,data/images/cd40278e52900ce3ce8a6fb799dbf43f7f590942fb80c370d945db844a0a5b6d.jpg,False
multiple_boxes_0_DJI_202609081039_006_pts_v2,000085,71.8384,decoded frame PTS,@raw/04_第四批_20260908_1053_多火点与余热点/01_正式视频/无人机09_1581F7K3C24CS00AX535/DJI_202609081039_006/DJI_20260908105258_0002_V.MP4,B4,DJI_202609081039_006,5cbaf82489ae870eeb0bb50b4c62bcf689891ad4412f69a92c517bf6f0bdd659,data/images/5cbaf82489ae870eeb0bb50b4c62bcf689891ad4412f69a92c517bf6f0bdd659.jpg,False
multiple_boxes_0_DJI_202609081039_006_pts_v2,000086,72.0386,decoded frame PTS,@raw/04_第四批_20260908_1053_多火点与余热点/01_正式视频/无人机09_1581F7K3C24CS00AX535/DJI_202609081039_006/DJI_20260908105258_0002_V.MP4,B4,DJI_202609081039_006,40693278431e27b05c350a3d682b476f5edfd9880781fb07f61e56085d38ff68,data/images/40693278431e27b05c350a3d682b476f5edfd9880781fb07f61e56085d38ff68.jpg,False
multiple_boxes_0_DJI_202609081039_006_pts_v2,000087,72.2388,decoded frame PTS,@raw/04_第四批_20260908_1053_多火点与余热点/01_正式视频/无人机09_1581F7K3C24CS00AX535/DJI_202609081039_006/DJI_20260908105258_0002_V.MP4,B4,DJI_202609081039_006,bece1bf5cfbacecd2026c226f2fd757f2a300650ecd3cc8fc6092545b8787d35,data/images/bece1bf5cfbacecd2026c226f2fd757f2a300650ecd3cc8fc6092545b8787d35.jpg,False
multiple_boxes_0_DJI_202609081039_006_pts_v2,000088,72.439,decoded frame PTS,@raw/04_第四批_20260908_1053_多火点与余热点/01_正式视频/无人机09_1581F7K3C24CS00AX535/DJI_202609081039_006/DJI_20260908105258_0002_V.MP4,B4,DJI_202609081039_006,3d4268a8fdea8637190642b5c7360191d50f47fafa43af6c155133cf6dd3c6cf,data/images/3d4268a8fdea8637190642b5c7360191d50f47fafa43af6c155133cf6dd3c6cf.jpg,False
multiple_boxes_0_DJI_202609081039_006_pts_v2,000089,72.6392,decoded frame PTS,@raw/04_第四批_20260908_1053_多火点与余热点/01_正式视频/无人机09_1581F7K3C24CS00AX535/DJI_202609081039_006/DJI_20260908105258_0002_V.MP4,B4,DJI_202609081039_006,f04c0520bba878856f3b8a153291d3187de06c2a0d39c43f8c5848af3a3663b5,data/images/f04c0520bba878856f3b8a153291d3187de06c2a0d39c43f8c5848af3a3663b5.jpg,False
multiple_boxes_0_DJI_202609081039_006_pts_v2,000090,72.8394,decoded frame PTS,@raw/04_第四批_20260908_1053_多火点与余热点/01_正式视频/无人机09_1581F7K3C24CS00AX535/DJI_202609081039_006/DJI_20260908105258_0002_V.MP4,B4,DJI_202609081039_006,92046295855ee4871f5a8ba714554dd1d66cf1963afad81571e0aac14b763f7f,data/images/92046295855ee4871f5a8ba714554dd1d66cf1963afad81571e0aac14b763f7f.jpg,False
multiple_boxes_0_DJI_202609081039_006_pts_v2,000091,73.0396,decoded frame PTS,@raw/04_第四批_20260908_1053_多火点与余热点/01_正式视频/无人机09_1581F7K3C24CS00AX535/DJI_202609081039_006/DJI_20260908105258_0002_V.MP4,B4,DJI_202609081039_006,07f513d47b367d583567e63894c86427419dcc3c7f86e6bc99e8ee94b1919b6d,data/images/07f513d47b367d583567e63894c86427419dcc3c7f86e6bc99e8ee94b1919b6d.jpg,False
multiple_boxes_0_DJI_202609081039_006_pts_v2,000092,73.2398,decoded frame PTS,@raw/04_第四批_20260908_1053_多火点与余热点/01_正式视频/无人机09_1581F7K3C24CS00AX535/DJI_202609081039_006/DJI_20260908105258_0002_V.MP4,B4,DJI_202609081039_006,076ad47b39d1e78a84ff9ad3c6ef7a3485db2bc4c4886ff882dce8e69c6a8b0e,data/images/076ad47b39d1e78a84ff9ad3c6ef7a3485db2bc4c4886ff882dce8e69c6a8b0e.jpg,False
multiple_boxes_0_DJI_202609081039_006_pts_v2,000093,73.44,decoded frame PTS,@raw/04_第四批_20260908_1053_多火点与余热点/01_正式视频/无人机09_1581F7K3C24CS00AX535/DJI_202609081039_006/DJI_20260908105258_0002_V.MP4,B4,DJI_202609081039_006,160e3e1b255b6cc22288770827badd856bb270241f770f6516032ba2dc4c9de1,data/images/160e3e1b255b6cc22288770827badd856bb270241f770f6516032ba2dc4c9de1.jpg,False
multiple_boxes_0_DJI_202609081039_006_pts_v2,000094,73.6402,decoded frame PTS,@raw/04_第四批_20260908_1053_多火点与余热点/01_正式视频/无人机09_1581F7K3C24CS00AX535/DJI_202609081039_006/DJI_20260908105258_0002_V.MP4,B4,DJI_202609081039_006,2317ec0b32d2ca16798aea35b43fc4770cf59de9bd507386c83389069a26ad67,data/images/2317ec0b32d2ca16798aea35b43fc4770cf59de9bd507386c83389069a26ad67.jpg,False
multiple_boxes_0_DJI_202609081039_006_pts_v2,000095,73.8404,decoded frame PTS,@raw/04_第四批_20260908_1053_多火点与余热点/01_正式视频/无人机09_1581F7K3C24CS00AX535/DJI_202609081039_006/DJI_20260908105258_0002_V.MP4,B4,DJI_202609081039_006,87b498cf5687dc63dc8ee52df2d69a4cab5d084d1111292805eb3841f432d871,data/images/87b498cf5687dc63dc8ee52df2d69a4cab5d084d1111292805eb3841f432d871.jpg,False
multiple_boxes_0_DJI_202609081039_006_pts_v2,000096,74.0406,decoded frame PTS,@raw/04_第四批_20260908_1053_多火点与余热点/01_正式视频/无人机09_1581F7K3C24CS00AX535/DJI_202609081039_006/DJI_20260908105258_0002_V.MP4,B4,DJI_202609081039_006,168f8c3590ebdecd3d15de60973b1f66d8c744fd77a27bf5506d7e8457581d3f,data/images/168f8c3590ebdecd3d15de60973b1f66d8c744fd77a27bf5506d7e8457581d3f.jpg,False
multiple_boxes_0_DJI_202609081039_006_pts_v2,000097,74.2408,decoded frame PTS,@raw/04_第四批_20260908_1053_多火点与余热点/01_正式视频/无人机09_1581F7K3C24CS00AX535/DJI_202609081039_006/DJI_20260908105258_0002_V.MP4,B4,DJI_202609081039_006,1c2ba00212c937d57a1b578fe3527fbc64f19c6957bcfdde47998e519bc1af80,data/images/1c2ba00212c937d57a1b578fe3527fbc64f19c6957bcfdde47998e519bc1af80.jpg,False
multiple_boxes_0_DJI_202609081039_006_pts_v2,000098,74.441,decoded frame PTS,@raw/04_第四批_20260908_1053_多火点与余热点/01_正式视频/无人机09_1581F7K3C24CS00AX535/DJI_202609081039_006/DJI_20260908105258_0002_V.MP4,B4,DJI_202609081039_006,f5be5bc642dab7ab04b298da5a5c1607ad0b08d168e292df8b27e88924328d56,data/images/f5be5bc642dab7ab04b298da5a5c1607ad0b08d168e292df8b27e88924328d56.jpg,False
multiple_boxes_0_DJI_202609081039_006_pts_v2,000099,74.6412,decoded frame PTS,@raw/04_第四批_20260908_1053_多火点与余热点/01_正式视频/无人机09_1581F7K3C24CS00AX535/DJI_202609081039_006/DJI_20260908105258_0002_V.MP4,B4,DJI_202609081039_006,b5d8dd43f2dd0cc3a38af63c8c3149ce3023da073dcf6f2200d53ba500e8ac7e,data/images/b5d8dd43f2dd0cc3a38af63c8c3149ce3023da073dcf6f2200d53ba500e8ac7e.jpg,False
multiple_boxes_0_DJI_202609081039_006_pts_v2,000100,74.8414,decoded frame PTS,@raw/04_第四批_20260908_1053_多火点与余热点/01_正式视频/无人机09_1581F7K3C24CS00AX535/DJI_202609081039_006/DJI_20260908105258_0002_V.MP4,B4,DJI_202609081039_006,e9ab62aca0c4483ac309b5e8441244d404f772538346818be1f57f26130c751d,data/images/e9ab62aca0c4483ac309b5e8441244d404f772538346818be1f57f26130c751d.jpg,False
multiple_boxes_0_DJI_202609081039_006_pts_v2,000101,75.0416,decoded frame PTS,@raw/04_第四批_20260908_1053_多火点与余热点/01_正式视频/无人机09_1581F7K3C24CS00AX535/DJI_202609081039_006/DJI_20260908105258_0002_V.MP4,B4,DJI_202609081039_006,b01e2359222ef3c1c6189cf648ddca0e3916caf4a3955995f733de61dea78177,data/images/b01e2359222ef3c1c6189cf648ddca0e3916caf4a3955995f733de61dea78177.jpg,False
multiple_boxes_0_DJI_202609081039_006_pts_v2,000102,75.2418,decoded frame PTS,@raw/04_第四批_20260908_1053_多火点与余热点/01_正式视频/无人机09_1581F7K3C24CS00AX535/DJI_202609081039_006/DJI_20260908105258_0002_V.MP4,B4,DJI_202609081039_006,787044a9492ff36f22af15fd2eb401319e04d1fd56a05ac9a49a0a8618ff3153,data/images/787044a9492ff36f22af15fd2eb401319e04d1fd56a05ac9a49a0a8618ff3153.jpg,False
multiple_boxes_0_DJI_202609081039_006_pts_v2,000103,75.442,decoded frame PTS,@raw/04_第四批_20260908_1053_多火点与余热点/01_正式视频/无人机09_1581F7K3C24CS00AX535/DJI_202609081039_006/DJI_20260908105258_0002_V.MP4,B4,DJI_202609081039_006,d5b12beb7fe5d94e9dc1103f2d585ff2edca7ee4bccac3d2b8ad8ac04b98e706,data/images/d5b12beb7fe5d94e9dc1103f2d585ff2edca7ee4bccac3d2b8ad8ac04b98e706.jpg,False
multiple_boxes_0_DJI_202609081039_006_pts_v2,000104,75.6422,decoded frame PTS,@raw/04_第四批_20260908_1053_多火点与余热点/01_正式视频/无人机09_1581F7K3C24CS00AX535/DJI_202609081039_006/DJI_20260908105258_0002_V.MP4,B4,DJI_202609081039_006,21bc34e6ddad034a8393b2631d1b3d1b4962b28932a12bfaa37791d797398c42,data/images/21bc34e6ddad034a8393b2631d1b3d1b4962b28932a12bfaa37791d797398c42.jpg,False
multiple_boxes_0_DJI_202609081039_006_pts_v2,000105,75.8424,decoded frame PTS,@raw/04_第四批_20260908_1053_多火点与余热点/01_正式视频/无人机09_1581F7K3C24CS00AX535/DJI_202609081039_006/DJI_20260908105258_0002_V.MP4,B4,DJI_202609081039_006,0752e46665c6136e015ae0e30973fc7ef9612abcb6dddcc72d77a146645ea074,data/images/0752e46665c6136e015ae0e30973fc7ef9612abcb6dddcc72d77a146645ea074.jpg,False
multiple_boxes_0_DJI_202609081039_006_pts_v2,000106,76.0426,decoded frame PTS,@raw/04_第四批_20260908_1053_多火点与余热点/01_正式视频/无人机09_1581F7K3C24CS00AX535/DJI_202609081039_006/DJI_20260908105258_0002_V.MP4,B4,DJI_202609081039_006,bbe8178b62858893b99e131e670fe1cb9f284c4f1628f264d96fd9608663ce61,data/images/bbe8178b62858893b99e131e670fe1cb9f284c4f1628f264d96fd9608663ce61.jpg,False
multiple_boxes_0_DJI_202609081039_006_pts_v2,000107,76.2428,decoded frame PTS,@raw/04_第四批_20260908_1053_多火点与余热点/01_正式视频/无人机09_1581F7K3C24CS00AX535/DJI_202609081039_006/DJI_20260908105258_0002_V.MP4,B4,DJI_202609081039_006,bbba601e9e2eab0fcfc67e791692a98df27c2461cf51ad5b11f2f8e84316ae56,data/images/bbba601e9e2eab0fcfc67e791692a98df27c2461cf51ad5b11f2f8e84316ae56.jpg,False
multiple_boxes_0_DJI_202609081039_006_pts_v2,000108,76.443,decoded frame PTS,@raw/04_第四批_20260908_1053_多火点与余热点/01_正式视频/无人机09_1581F7K3C24CS00AX535/DJI_202609081039_006/DJI_20260908105258_0002_V.MP4,B4,DJI_202609081039_006,b845859d5bf082f97f51fd82c4fb58951c936e0c54d26cd477be8f9a67a691b8,data/images/b845859d5bf082f97f51fd82c4fb58951c936e0c54d26cd477be8f9a67a691b8.jpg,False
multiple_boxes_0_DJI_202609081039_006_pts_v2,000109,76.6432,decoded frame PTS,@raw/04_第四批_20260908_1053_多火点与余热点/01_正式视频/无人机09_1581F7K3C24CS00AX535/DJI_202609081039_006/DJI_20260908105258_0002_V.MP4,B4,DJI_202609081039_006,50bcc55aacbbc38918ea6c263ab02a74ae1de4f124dcb3cbf4de526112b5789e,data/images/50bcc55aacbbc38918ea6c263ab02a74ae1de4f124dcb3cbf4de526112b5789e.jpg,False
multiple_boxes_0_DJI_202609081039_006_pts_v2,000110,76.8434,decoded frame PTS,@raw/04_第四批_20260908_1053_多火点与余热点/01_正式视频/无人机09_1581F7K3C24CS00AX535/DJI_202609081039_006/DJI_20260908105258_0002_V.MP4,B4,DJI_202609081039_006,86f9ab8ab6ef16e0f950a1dd71ec8c6b55e2946533b49468fe0df910ac86a2f1,data/images/86f9ab8ab6ef16e0f950a1dd71ec8c6b55e2946533b49468fe0df910ac86a2f1.jpg,False
multiple_boxes_0_DJI_202609081039_006_pts_v2,000111,77.0436,decoded frame PTS,@raw/04_第四批_20260908_1053_多火点与余热点/01_正式视频/无人机09_1581F7K3C24CS00AX535/DJI_202609081039_006/DJI_20260908105258_0002_V.MP4,B4,DJI_202609081039_006,65503387e1b50929e7dc632181134c8a85c421400a4c1134d1ab7d3aa9fcc5d2,data/images/65503387e1b50929e7dc632181134c8a85c421400a4c1134d1ab7d3aa9fcc5d2.jpg,False
multiple_boxes_0_DJI_202609081039_006_pts_v2,000112,77.2438,decoded frame PTS,@raw/04_第四批_20260908_1053_多火点与余热点/01_正式视频/无人机09_1581F7K3C24CS00AX535/DJI_202609081039_006/DJI_20260908105258_0002_V.MP4,B4,DJI_202609081039_006,86cb0a47cfa4dbae718c81fc3b36efe0c879a7b9357feb3710605e129ab82ad0,data/images/86cb0a47cfa4dbae718c81fc3b36efe0c879a7b9357feb3710605e129ab82ad0.jpg,False
multiple_boxes_0_DJI_202609081039_006_pts_v2,000113,77.444,decoded frame PTS,@raw/04_第四批_20260908_1053_多火点与余热点/01_正式视频/无人机09_1581F7K3C24CS00AX535/DJI_202609081039_006/DJI_20260908105258_0002_V.MP4,B4,DJI_202609081039_006,92f98dfed02ddafa26e8e0c55485337cc05f5e126dabc8a2829c5a6d3646243b,data/images/92f98dfed02ddafa26e8e0c55485337cc05f5e126dabc8a2829c5a6d3646243b.jpg,False
multiple_boxes_0_DJI_202609081039_006_pts_v2,000114,77.6442,decoded frame PTS,@raw/04_第四批_20260908_1053_多火点与余热点/01_正式视频/无人机09_1581F7K3C24CS00AX535/DJI_202609081039_006/DJI_20260908105258_0002_V.MP4,B4,DJI_202609081039_006,99fb59c57d01888028829d249fbd2a7eec82cd1dd1d3d25981642291c5d464f8,data/images/99fb59c57d01888028829d249fbd2a7eec82cd1dd1d3d25981642291c5d464f8.jpg,False
multiple_boxes_0_DJI_202609081039_006_pts_v2,000115,77.8444,decoded frame PTS,@raw/04_第四批_20260908_1053_多火点与余热点/01_正式视频/无人机09_1581F7K3C24CS00AX535/DJI_202609081039_006/DJI_20260908105258_0002_V.MP4,B4,DJI_202609081039_006,60a3863c74da3d2431c6d820b01c2b3832ded5ac829cc9facb1907ed0fb8be9c,data/images/60a3863c74da3d2431c6d820b01c2b3832ded5ac829cc9facb1907ed0fb8be9c.jpg,False
multiple_boxes_0_DJI_202609081039_006_pts_v2,000116,78.0446,decoded frame PTS,@raw/04_第四批_20260908_1053_多火点与余热点/01_正式视频/无人机09_1581F7K3C24CS00AX535/DJI_202609081039_006/DJI_20260908105258_0002_V.MP4,B4,DJI_202609081039_006,706cebfe8d2ead17668f77f5cc09b5cecddfa8d6ac4da97f0791fdda42d15a3f,data/images/706cebfe8d2ead17668f77f5cc09b5cecddfa8d6ac4da97f0791fdda42d15a3f.jpg,False
multiple_boxes_0_DJI_202609081039_006_pts_v2,000117,78.2448,decoded frame PTS,@raw/04_第四批_20260908_1053_多火点与余热点/01_正式视频/无人机09_1581F7K3C24CS00AX535/DJI_202609081039_006/DJI_20260908105258_0002_V.MP4,B4,DJI_202609081039_006,6b6bdc4e672bbdc5ffe6a360758b6a0e9dcbd43921eb217a7ce15e23eda09ce1,data/images/6b6bdc4e672bbdc5ffe6a360758b6a0e9dcbd43921eb217a7ce15e23eda09ce1.jpg,False
multiple_boxes_0_DJI_202609081039_006_pts_v2,000118,78.445,decoded frame PTS,@raw/04_第四批_20260908_1053_多火点与余热点/01_正式视频/无人机09_1581F7K3C24CS00AX535/DJI_202609081039_006/DJI_20260908105258_0002_V.MP4,B4,DJI_202609081039_006,7f5188ecfd2e1e9db7ba004e9924ece670d72118eafbce5e721c3e65603f71df,data/images/7f5188ecfd2e1e9db7ba004e9924ece670d72118eafbce5e721c3e65603f71df.jpg,False
multiple_boxes_0_DJI_202609081039_006_pts_v2,000119,78.6452,decoded frame PTS,@raw/04_第四批_20260908_1053_多火点与余热点/01_正式视频/无人机09_1581F7K3C24CS00AX535/DJI_202609081039_006/DJI_20260908105258_0002_V.MP4,B4,DJI_202609081039_006,7028ebee0589f300fe7ccff3e77d20f9a8df982c8afb08ee9ecc9b7fc5e63539,data/images/7028ebee0589f300fe7ccff3e77d20f9a8df982c8afb08ee9ecc9b7fc5e63539.jpg,False
multiple_boxes_0_DJI_202609081039_006_pts_v2,000120,78.8454,decoded frame PTS,@raw/04_第四批_20260908_1053_多火点与余热点/01_正式视频/无人机09_1581F7K3C24CS00AX535/DJI_202609081039_006/DJI_20260908105258_0002_V.MP4,B4,DJI_202609081039_006,ac0152f1ef31619247fff9db274c7a99a6aff67dae85edcbe55493c8bf734ded,data/images/ac0152f1ef31619247fff9db274c7a99a6aff67dae85edcbe55493c8bf734ded.jpg,False
multiple_boxes_0_DJI_202609081039_006_pts_v2,000121,79.0456,decoded frame PTS,@raw/04_第四批_20260908_1053_多火点与余热点/01_正式视频/无人机09_1581F7K3C24CS00AX535/DJI_202609081039_006/DJI_20260908105258_0002_V.MP4,B4,DJI_202609081039_006,e7ae91056435e192b68b5f1e2fa3ef9d241f07e21f20345dd5a589274abee393,data/images/e7ae91056435e192b68b5f1e2fa3ef9d241f07e21f20345dd5a589274abee393.jpg,False
multiple_boxes_0_DJI_202609081039_006_pts_v2,000122,79.2458,decoded frame PTS,@raw/04_第四批_20260908_1053_多火点与余热点/01_正式视频/无人机09_1581F7K3C24CS00AX535/DJI_202609081039_006/DJI_20260908105258_0002_V.MP4,B4,DJI_202609081039_006,1844ef208532238c0f02ed10cd9123edc63eb1f61e2172e1531b7d200a0022c0,data/images/1844ef208532238c0f02ed10cd9123edc63eb1f61e2172e1531b7d200a0022c0.jpg,False
multiple_boxes_0_DJI_202609081039_006_pts_v2,000123,79.446,decoded frame PTS,@raw/04_第四批_20260908_1053_多火点与余热点/01_正式视频/无人机09_1581F7K3C24CS00AX535/DJI_202609081039_006/DJI_20260908105258_0002_V.MP4,B4,DJI_202609081039_006,c4ff209c37e1803c4b190cba88e99ea99de881b42a7bf38b46354588cb398169,data/images/c4ff209c37e1803c4b190cba88e99ea99de881b42a7bf38b46354588cb398169.jpg,False
multiple_boxes_0_DJI_202609081039_006_pts_v2,000124,79.6462,decoded frame PTS,@raw/04_第四批_20260908_1053_多火点与余热点/01_正式视频/无人机09_1581F7K3C24CS00AX535/DJI_202609081039_006/DJI_20260908105258_0002_V.MP4,B4,DJI_202609081039_006,d3526029cff823bb223bd802d0531f7a57d6d445fc2bffcad8c83590ef0775bb,data/images/d3526029cff823bb223bd802d0531f7a57d6d445fc2bffcad8c83590ef0775bb.jpg,False
multiple_boxes_0_DJI_202609081039_006_pts_v2,000125,79.8464,decoded frame PTS,@raw/04_第四批_20260908_1053_多火点与余热点/01_正式视频/无人机09_1581F7K3C24CS00AX535/DJI_202609081039_006/DJI_20260908105258_0002_V.MP4,B4,DJI_202609081039_006,4b3cf9e1ef34312d3d90ab5253fd27a07cdd3223623d5d98f37c8366ebb0f5c9,data/images/4b3cf9e1ef34312d3d90ab5253fd27a07cdd3223623d5d98f37c8366ebb0f5c9.jpg,False
multiple_boxes_0_DJI_202609081039_006_pts_v2,000126,80.0466,decoded frame PTS,@raw/04_第四批_20260908_1053_多火点与余热点/01_正式视频/无人机09_1581F7K3C24CS00AX535/DJI_202609081039_006/DJI_20260908105258_0002_V.MP4,B4,DJI_202609081039_006,6d93af7b01aa01ed33c9dcecd3451ce4d38f766fa7a5412c16a1783781f04a7f,data/images/6d93af7b01aa01ed33c9dcecd3451ce4d38f766fa7a5412c16a1783781f04a7f.jpg,False
multiple_boxes_0_DJI_202609081039_006_pts_v2,000127,80.2468,decoded frame PTS,@raw/04_第四批_20260908_1053_多火点与余热点/01_正式视频/无人机09_1581F7K3C24CS00AX535/DJI_202609081039_006/DJI_20260908105258_0002_V.MP4,B4,DJI_202609081039_006,a00bb1bd1dc3b8868c046e5c655e9fdaa944511c8c0410ddb755c03041964378,data/images/a00bb1bd1dc3b8868c046e5c655e9fdaa944511c8c0410ddb755c03041964378.jpg,False
multiple_boxes_0_DJI_202609081039_006_pts_v2,000128,80.447,decoded frame PTS,@raw/04_第四批_20260908_1053_多火点与余热点/01_正式视频/无人机09_1581F7K3C24CS00AX535/DJI_202609081039_006/DJI_20260908105258_0002_V.MP4,B4,DJI_202609081039_006,ed5f109d9d49bdc4a5697b732ce4b32a6d6d0c4e42facc91e70aeed4025760af,data/images/ed5f109d9d49bdc4a5697b732ce4b32a6d6d0c4e42facc91e70aeed4025760af.jpg,False
multiple_boxes_0_DJI_202609081039_006_pts_v2,000129,80.6472,decoded frame PTS,@raw/04_第四批_20260908_1053_多火点与余热点/01_正式视频/无人机09_1581F7K3C24CS00AX535/DJI_202609081039_006/DJI_20260908105258_0002_V.MP4,B4,DJI_202609081039_006,1ac4ca760b77189237781fad511c26e4107469c876389f65094169d2c6a5aac1,data/images/1ac4ca760b77189237781fad511c26e4107469c876389f65094169d2c6a5aac1.jpg,False
multiple_boxes_0_DJI_202609081039_006_pts_v2,000130,80.8474,decoded frame PTS,@raw/04_第四批_20260908_1053_多火点与余热点/01_正式视频/无人机09_1581F7K3C24CS00AX535/DJI_202609081039_006/DJI_20260908105258_0002_V.MP4,B4,DJI_202609081039_006,25bda31b6436a315342e716affc425989430374b159d19fc47628f196d45579e,data/images/25bda31b6436a315342e716affc425989430374b159d19fc47628f196d45579e.jpg,False
multiple_boxes_0_DJI_202609081039_006_pts_v2,000131,81.0476,decoded frame PTS,@raw/04_第四批_20260908_1053_多火点与余热点/01_正式视频/无人机09_1581F7K3C24CS00AX535/DJI_202609081039_006/DJI_20260908105258_0002_V.MP4,B4,DJI_202609081039_006,5c2e440fca839a4eff0b755ecb85c3a591bfd170b20c6a7f265f665abed4bf97,data/images/5c2e440fca839a4eff0b755ecb85c3a591bfd170b20c6a7f265f665abed4bf97.jpg,False
multiple_boxes_0_DJI_202609081039_006_pts_v2,000132,81.2478,decoded frame PTS,@raw/04_第四批_20260908_1053_多火点与余热点/01_正式视频/无人机09_1581F7K3C24CS00AX535/DJI_202609081039_006/DJI_20260908105258_0002_V.MP4,B4,DJI_202609081039_006,cc8f8b494f6ededb6516a4b31caa1a860f7b87d682118d23aad6eaab917314c1,data/images/cc8f8b494f6ededb6516a4b31caa1a860f7b87d682118d23aad6eaab917314c1.jpg,False
multiple_boxes_0_DJI_202609081039_006_pts_v2,000133,81.448,decoded frame PTS,@raw/04_第四批_20260908_1053_多火点与余热点/01_正式视频/无人机09_1581F7K3C24CS00AX535/DJI_202609081039_006/DJI_20260908105258_0002_V.MP4,B4,DJI_202609081039_006,1b2430ab1fb93a45d7935a390c1266467c928b75a792797d72fb6c933d65ef70,data/images/1b2430ab1fb93a45d7935a390c1266467c928b75a792797d72fb6c933d65ef70.jpg,False
multiple_boxes_0_DJI_202609081039_006_pts_v2,000134,81.6482,decoded frame PTS,@raw/04_第四批_20260908_1053_多火点与余热点/01_正式视频/无人机09_1581F7K3C24CS00AX535/DJI_202609081039_006/DJI_20260908105258_0002_V.MP4,B4,DJI_202609081039_006,03f53358dd555affdc9658a22681ebafed160dfc6a14f7b2cee92b7c63ebcebc,data/images/03f53358dd555affdc9658a22681ebafed160dfc6a14f7b2cee92b7c63ebcebc.jpg,False
multiple_boxes_0_DJI_202609081039_006_pts_v2,000135,81.8484,decoded frame PTS,@raw/04_第四批_20260908_1053_多火点与余热点/01_正式视频/无人机09_1581F7K3C24CS00AX535/DJI_202609081039_006/DJI_20260908105258_0002_V.MP4,B4,DJI_202609081039_006,0d06c18d41b3cfa0ede1700dfb9089cbc7c15e8a0343547bd7be44509372bafd,data/images/0d06c18d41b3cfa0ede1700dfb9089cbc7c15e8a0343547bd7be44509372bafd.jpg,False
multiple_boxes_0_DJI_202609081039_006_pts_v2,000136,82.0486,decoded frame PTS,@raw/04_第四批_20260908_1053_多火点与余热点/01_正式视频/无人机09_1581F7K3C24CS00AX535/DJI_202609081039_006/DJI_20260908105258_0002_V.MP4,B4,DJI_202609081039_006,195d74c7daae18b3cab40d52ddffdc32bc6210301fe48c0757ea5a27fd273bf1,data/images/195d74c7daae18b3cab40d52ddffdc32bc6210301fe48c0757ea5a27fd273bf1.jpg,False
multiple_boxes_0_DJI_202609081039_006_pts_v2,000137,82.2488,decoded frame PTS,@raw/04_第四批_20260908_1053_多火点与余热点/01_正式视频/无人机09_1581F7K3C24CS00AX535/DJI_202609081039_006/DJI_20260908105258_0002_V.MP4,B4,DJI_202609081039_006,b3b303b9398edfcf249b11deddee8d50bca8f2da4d84ad3002ee1e29f1990302,data/images/b3b303b9398edfcf249b11deddee8d50bca8f2da4d84ad3002ee1e29f1990302.jpg,False
multiple_boxes_0_DJI_202609081039_006_pts_v2,000138,82.449,decoded frame PTS,@raw/04_第四批_20260908_1053_多火点与余热点/01_正式视频/无人机09_1581F7K3C24CS00AX535/DJI_202609081039_006/DJI_20260908105258_0002_V.MP4,B4,DJI_202609081039_006,9ee65ca1ad2bed24902df82c35d162cc71d0e6add6dd859f6c0b3624991501d9,data/images/9ee65ca1ad2bed24902df82c35d162cc71d0e6add6dd859f6c0b3624991501d9.jpg,False
multiple_boxes_0_DJI_202609081039_006_pts_v2,000139,82.6492,decoded frame PTS,@raw/04_第四批_20260908_1053_多火点与余热点/01_正式视频/无人机09_1581F7K3C24CS00AX535/DJI_202609081039_006/DJI_20260908105258_0002_V.MP4,B4,DJI_202609081039_006,dda418b6d9cb58e991e8f414235da0144e821c2e88cd06a20b4e825e5a31603e,data/images/dda418b6d9cb58e991e8f414235da0144e821c2e88cd06a20b4e825e5a31603e.jpg,False
multiple_boxes_0_DJI_202609081039_006_pts_v2,000140,82.8494,decoded frame PTS,@raw/04_第四批_20260908_1053_多火点与余热点/01_正式视频/无人机09_1581F7K3C24CS00AX535/DJI_202609081039_006/DJI_20260908105258_0002_V.MP4,B4,DJI_202609081039_006,21301875b7985f1a874d4937736c0a9b4b1370d90152ba47ffa185e332e270f8,data/images/21301875b7985f1a874d4937736c0a9b4b1370d90152ba47ffa185e332e270f8.jpg,False
multiple_boxes_0_DJI_202609081039_006_pts_v2,000141,83.0496,decoded frame PTS,@raw/04_第四批_20260908_1053_多火点与余热点/01_正式视频/无人机09_1581F7K3C24CS00AX535/DJI_202609081039_006/DJI_20260908105258_0002_V.MP4,B4,DJI_202609081039_006,652daeb8c31168656949840b001214704aa1a05f3bd070ec047ddaeeffbf9434,data/images/652daeb8c31168656949840b001214704aa1a05f3bd070ec047ddaeeffbf9434.jpg,False
multiple_boxes_0_DJI_202609081039_006_pts_v2,000142,83.2498,decoded frame PTS,@raw/04_第四批_20260908_1053_多火点与余热点/01_正式视频/无人机09_1581F7K3C24CS00AX535/DJI_202609081039_006/DJI_20260908105258_0002_V.MP4,B4,DJI_202609081039_006,87407ec86f53ca768965bddfdce74f6cd3c442229e1c840b5f444b5adadbb1f4,data/images/87407ec86f53ca768965bddfdce74f6cd3c442229e1c840b5f444b5adadbb1f4.jpg,False
multiple_boxes_0_DJI_202609081039_006_pts_v2,000143,83.45,decoded frame PTS,@raw/04_第四批_20260908_1053_多火点与余热点/01_正式视频/无人机09_1581F7K3C24CS00AX535/DJI_202609081039_006/DJI_20260908105258_0002_V.MP4,B4,DJI_202609081039_006,c308a9548cefc9715266a7338a6746041d0f3633cae52373d12ac0c3e3ac6992,data/images/c308a9548cefc9715266a7338a6746041d0f3633cae52373d12ac0c3e3ac6992.jpg,False
multiple_boxes_0_DJI_202609081039_006_pts_v2,000144,83.6502,decoded frame PTS,@raw/04_第四批_20260908_1053_多火点与余热点/01_正式视频/无人机09_1581F7K3C24CS00AX535/DJI_202609081039_006/DJI_20260908105258_0002_V.MP4,B4,DJI_202609081039_006,06c5c1cc4b221aa530fee73a9e0605e473193854764202e745a49fe3524756eb,data/images/06c5c1cc4b221aa530fee73a9e0605e473193854764202e745a49fe3524756eb.jpg,False
multiple_boxes_0_DJI_202609081039_006_pts_v2,000145,83.8504,decoded frame PTS,@raw/04_第四批_20260908_1053_多火点与余热点/01_正式视频/无人机09_1581F7K3C24CS00AX535/DJI_202609081039_006/DJI_20260908105258_0002_V.MP4,B4,DJI_202609081039_006,492bbf47a6ae6ef56fbd4e13559e774844a7f7f4e3410367a8a737c6571e15de,data/images/492bbf47a6ae6ef56fbd4e13559e774844a7f7f4e3410367a8a737c6571e15de.jpg,False
multiple_boxes_0_DJI_202609081039_006_pts_v2,000146,84.0506,decoded frame PTS,@raw/04_第四批_20260908_1053_多火点与余热点/01_正式视频/无人机09_1581F7K3C24CS00AX535/DJI_202609081039_006/DJI_20260908105258_0002_V.MP4,B4,DJI_202609081039_006,5189a3a2e961938a672a28a897a4fa399af4dad1775f6f5e39bee91882c7796d,data/images/5189a3a2e961938a672a28a897a4fa399af4dad1775f6f5e39bee91882c7796d.jpg,False
multiple_boxes_0_DJI_202609081039_006_pts_v2,000147,84.2508,decoded frame PTS,@raw/04_第四批_20260908_1053_多火点与余热点/01_正式视频/无人机09_1581F7K3C24CS00AX535/DJI_202609081039_006/DJI_20260908105258_0002_V.MP4,B4,DJI_202609081039_006,622c815ac01535b6f658b5303422ce1d94701a3bf0901341b341d188afe81831,data/images/622c815ac01535b6f658b5303422ce1d94701a3bf0901341b341d188afe81831.jpg,False
multiple_boxes_0_DJI_202609081039_006_pts_v2,000148,84.451,decoded frame PTS,@raw/04_第四批_20260908_1053_多火点与余热点/01_正式视频/无人机09_1581F7K3C24CS00AX535/DJI_202609081039_006/DJI_20260908105258_0002_V.MP4,B4,DJI_202609081039_006,7cce1a79697bb05a9fdd2bda7fc1ee082dd8c65056f0f06d51022ee7a89474d4,data/images/7cce1a79697bb05a9fdd2bda7fc1ee082dd8c65056f0f06d51022ee7a89474d4.jpg,False
multiple_boxes_0_DJI_202609081039_006_pts_v2,000149,84.6512,decoded frame PTS,@raw/04_第四批_20260908_1053_多火点与余热点/01_正式视频/无人机09_1581F7K3C24CS00AX535/DJI_202609081039_006/DJI_20260908105258_0002_V.MP4,B4,DJI_202609081039_006,fb6a441fdfd158767ff610285a7977c11a212c602aee822b3db298e657184bf8,data/images/fb6a441fdfd158767ff610285a7977c11a212c602aee822b3db298e657184bf8.jpg,False
multiple_boxes_0_DJI_202609081039_006_pts_v2,000150,84.8514,decoded frame PTS,@raw/04_第四批_20260908_1053_多火点与余热点/01_正式视频/无人机09_1581F7K3C24CS00AX535/DJI_202609081039_006/DJI_20260908105258_0002_V.MP4,B4,DJI_202609081039_006,adc83f6307a588dcd5e03c675fc921a17712c2f0e8ef10906a50d6d13438df12,data/images/adc83f6307a588dcd5e03c675fc921a17712c2f0e8ef10906a50d6d13438df12.jpg,False
