moment_id,fire_id,batch,method,draw,status,east_m,north_m,alt_nominal_m
B1_M03,B1,B1,M0,0,located,5.719964277110392,-62.604630938357786,50.768656391209774
B1_M03,B1,B1,M0,1,located,6.350254924980409,-63.13438014037335,52.365590598563706
B1_M03,B1,B1,M0,2,located,6.074735454344798,-62.577008549631444,52.202573985338326
B1_M03,B1,B1,M0,3,located,6.499900205926718,-62.85015254489572,51.22864480524532
B1_M03,B1,B1,M0,4,located,5.904716825550837,-61.81641461924646,51.03042834941886
B1_M03,B1,B1,M0,5,located,5.889349550850457,-62.86456458246863,51.48191947895045
B1_M03,B1,B1,M0,6,located,6.1281444323969705,-62.580363903712694,51.24800538101545
B1_M03,B1,B1,M0,7,located,6.380927760985846,-62.304654381053595,52.247106899041334
B1_M03,B1,B1,M0,8,located,5.441723908283067,-62.4492165059131,52.444976410265745
B1_M03,B1,B1,M0,9,located,6.142264959052282,-62.65625742510478,51.47659175139043
B1_M03,B1,B1,M0,10,located,5.919976817934191,-62.76086776613853,51.93545756038037
B1_M03,B1,B1,M0,11,located,5.804445704743117,-62.2688016049501,51.893118333593826
B1_M03,B1,B1,M0,12,located,5.473540288452554,-62.39487301407125,49.96574909677852
B1_M03,B1,B1,M0,13,located,5.940418859225119,-61.739873508716116,50.96462154459735
B1_M03,B1,B1,M0,14,located,5.984666026314294,-62.60569845327254,51.838439311025596
B1_M03,B1,B1,M0,15,located,5.190067829192315,-62.0780924517327,51.877752079540805
B1_M03,B1,B1,M0,16,located,7.126346499218806,-62.852582148235,49.935716026493786
B1_M03,B1,B1,M0,17,located,6.249741557441548,-62.67737482483395,50.217709308329184
B1_M03,B1,B1,M0,18,located,5.4899439093090106,-62.8588604711792,51.57805510404056
B1_M03,B1,B1,M0,19,located,6.069263236893736,-62.390457132092166,52.40770600083161
B1_M03,B1,B1,M0,20,located,6.1095868109554665,-62.56843691354965,51.149612149636496
B1_M03,B1,B1,M0,21,located,5.59456038774826,-62.29667629574436,51.80551907114275
B1_M03,B1,B1,M0,22,located,6.063741308825548,-61.91538526680995,50.91417401671172
B1_M03,B1,B1,M0,23,located,6.714999526673537,-62.357388618115436,51.24857541693679
B1_M03,B1,B1,M0,24,located,5.699344723306119,-62.73596590725559,52.8756911249605
B1_M03,B1,B1,M0,25,located,5.200258260260297,-62.07155343679594,51.31189419608016
B1_M03,B1,B1,M0,26,located,5.500514624829756,-62.181343508460486,52.75535920638353
B1_M03,B1,B1,M0,27,located,5.987957112362926,-62.21789597276751,51.49503800144859
B1_M03,B1,B1,M0,28,located,7.141528658752875,-62.946936656731864,51.59388624039314
B1_M03,B1,B1,M0,29,located,7.538384376020741,-61.977180939703544,52.55544793733938
B1_M03,B1,B1,M0,30,located,6.272865406538673,-63.643677900084114,50.14893572330373
B1_M03,B1,B1,M0,31,located,5.790985098414338,-62.318800574138024,52.262422462769635
B1_M03,B1,B1,M0,32,located,6.392291504200978,-62.09329248082268,51.26238482080298
B1_M03,B1,B1,M0,33,located,6.198575618303138,-61.92948933529459,53.0256946798565
B1_M03,B1,B1,M0,34,located,5.453352146403758,-63.02981167528681,51.58060881045168
B1_M03,B1,B1,M0,35,located,6.189713638570766,-62.52266331222951,52.27400240740084
B1_M03,B1,B1,M0,36,located,4.942376286260979,-63.1332473727895,52.47010278630182
B1_M03,B1,B1,M0,37,located,5.693411422589121,-62.47026454714748,51.74200727543886
B1_M03,B1,B1,M0,38,located,6.216785438995028,-62.266696700065026,51.80156188087892
B1_M03,B1,B1,M0,39,located,5.313653700502628,-63.50511212898891,50.67716727358648
B1_M03,B1,B1,M0,40,located,6.627651914683401,-62.503556975433256,51.497426464248385
B1_M03,B1,B1,M0,41,located,5.813433988334246,-62.03595822404192,51.1939091757002
B1_M03,B1,B1,M0,42,located,6.97702256801854,-62.08054896860865,51.123444048287304
B1_M03,B1,B1,M0,43,located,5.83372316568291,-62.78699940600414,49.4244733976794
B1_M03,B1,B1,M0,44,located,5.303615438499596,-62.23243390386628,52.199598546797205
B1_M03,B1,B1,M0,45,located,6.413773942818024,-62.4324179741657,50.56024858298479
B1_M03,B1,B1,M0,46,located,5.756812647793781,-61.764689767067566,51.58007995025184
B1_M03,B1,B1,M0,47,located,5.656207264144314,-61.77590601121416,52.43144257747408
B1_M03,B1,B1,M0,48,located,5.7996637539470015,-62.34116416012442,51.329298932414495
B1_M03,B1,B1,M0,49,located,6.13296733432122,-62.217151062799445,51.368114337290294
B1_M03,B1,B1,M0,50,located,5.45393602030651,-62.20553704900806,51.421432301465266
B1_M03,B1,B1,M0,51,located,6.544440844109703,-61.943902589721446,51.448486258838365
B1_M03,B1,B1,M0,52,located,5.58458230213853,-62.002050487889534,50.982371532727754
B1_M03,B1,B1,M0,53,located,5.938550245478682,-62.36384869356564,52.05454061073116
B1_M03,B1,B1,M0,54,located,5.633168124748849,-62.468498918824395,51.37518748326634
B1_M03,B1,B1,M0,55,located,6.436806879590888,-62.82821422610522,52.16949397235295
B1_M03,B1,B1,M0,56,located,6.887894327151379,-62.33688182515432,52.07258381415212
B1_M03,B1,B1,M0,57,located,5.584711838427371,-62.09103368145773,50.5482816995
B1_M03,B1,B1,M0,58,located,6.426395232930158,-62.180929446897636,50.471551832621394
B1_M03,B1,B1,M0,59,located,5.188558588376546,-62.344924012359414,51.26602119918987
B1_M03,B1,B1,M0,60,located,5.905046220343242,-62.685318939461524,51.508783072954884
B1_M03,B1,B1,M0,61,located,5.691357173840067,-62.13719952906047,50.92488274758821
B1_M03,B1,B1,M0,62,located,6.012501400356425,-62.574776060756776,52.66342487892876
B1_M03,B1,B1,M0,63,located,5.621743256997109,-62.38774820455767,51.032120615319094
B1_M03,B1,B1,M0,64,located,6.634560483138338,-62.629206006481894,51.553455238422565
B1_M03,B1,B1,M0,65,located,5.8038426403865655,-62.86442741307353,52.840178649641935
B1_M03,B1,B1,M0,66,located,6.603901167086772,-62.19132180531372,52.454242780104614
B1_M03,B1,B1,M0,67,located,4.960999335335153,-62.75072321455741,51.713886405562114
B1_M03,B1,B1,M0,68,located,6.681030891597177,-62.43686437609061,51.957608663074424
B1_M03,B1,B1,M0,69,located,5.0531118984657315,-62.619884254783074,53.22388931361083
B1_M03,B1,B1,M0,70,located,6.190105101553751,-62.067108819297346,50.914537100342045
B1_M03,B1,B1,M0,71,located,5.531220448089185,-62.34067947199084,52.58610858683507
B1_M03,B1,B1,M0,72,located,5.847742276877469,-61.847924133382875,52.74955616742602
B1_M03,B1,B1,M0,73,located,6.5399914693219525,-63.01686556236817,49.879195501094806
B1_M03,B1,B1,M0,74,located,5.942293559227883,-62.94746720930003,52.30202564357365
B1_M03,B1,B1,M0,75,located,5.925296540041099,-62.228556812998406,50.86372058370557
B1_M03,B1,B1,M0,76,located,6.4659169147202995,-61.79861595320179,52.053557085127586
B1_M03,B1,B1,M0,77,located,6.474234544568401,-62.144149606196294,50.73699771510777
B1_M03,B1,B1,M0,78,located,5.8857351252407,-62.42263324700234,51.71441154477964
B1_M03,B1,B1,M0,79,located,6.65133733903278,-61.77122125282395,50.96392325744253
B1_M03,B1,B1,M0,80,located,6.757241132557289,-62.41143833108423,51.642320597612105
B1_M03,B1,B1,M0,81,located,5.629755029992446,-63.00926744355206,52.063783870399114
B1_M03,B1,B1,M0,82,located,5.045324186231901,-62.952346400099984,50.67317003963286
B1_M03,B1,B1,M0,83,located,6.219823726303081,-61.93721477170074,51.99782097846151
B1_M03,B1,B1,M0,84,located,7.3205661779159135,-62.35847190778598,51.79810593454913
B1_M03,B1,B1,M0,85,located,5.450979518054908,-62.32798910085259,51.79497788834675
B1_M03,B1,B1,M0,86,located,5.871709361281866,-62.10825528401641,51.020007817671186
B1_M03,B1,B1,M0,87,located,5.839043711226725,-63.27070008266567,51.190527235229666
B1_M03,B1,B1,M0,88,located,4.966144007394204,-62.48204575866943,50.990408499002804
B1_M03,B1,B1,M0,89,located,6.848126642291996,-63.29664302747065,52.48947969510054
B1_M03,B1,B1,M0,90,located,6.441720834443859,-62.6208823564165,50.664826194804775
B1_M03,B1,B1,M0,91,located,5.825027015364049,-62.43645303561979,50.261649370613114
B1_M03,B1,B1,M0,92,located,6.409454914377166,-62.606794599839006,50.591312227427174
B1_M03,B1,B1,M0,93,located,6.430182737235959,-62.219027049116875,51.18164425073027
B1_M03,B1,B1,M0,94,located,5.341835011419362,-62.06105058570287,50.65542781027507
B1_M03,B1,B1,M0,95,located,6.258785389214634,-62.450111381987185,52.6824146748273
B1_M03,B1,B1,M0,96,located,6.316643816960966,-62.78462192844444,50.78916691450286
B1_M03,B1,B1,M0,97,located,6.126212607066464,-62.56715767488042,51.04290662841897
B1_M03,B1,B1,M0,98,located,6.307528378642475,-62.527315270545515,52.35414099218403
B1_M03,B1,B1,M0,99,located,6.934318085704217,-62.39230931909863,50.76187647351817
B1_M03,B1,B1,M0,100,located,5.477788155515643,-62.53526589785331,51.63600074097681
B1_M03,B1,B1,M0,101,located,5.986294295937207,-62.49768781549908,51.40885706760276
B1_M03,B1,B1,M0,102,located,5.986548499641634,-62.13891736764688,51.93780784482708
B1_M03,B1,B1,M0,103,located,6.475983520249031,-62.942342810016385,52.213972729210056
B1_M03,B1,B1,M0,104,located,6.849544655486864,-62.634456755831124,52.654184482333356
B1_M03,B1,B1,M0,105,located,6.0019286098113005,-61.981213633373045,51.39794287297219
B1_M03,B1,B1,M0,106,located,6.124801160847877,-62.40437080691089,51.950455907735005
B1_M03,B1,B1,M0,107,located,6.475376249137953,-62.254838048576445,51.256363793620004
B1_M03,B1,B1,M0,108,located,6.141086390348146,-62.04563319918839,50.57821621768659
B1_M03,B1,B1,M0,109,located,6.714811971336897,-62.922854936087205,53.07692360172722
B1_M03,B1,B1,M0,110,located,5.780504795015701,-62.42117541530911,51.809024170513425
B1_M03,B1,B1,M0,111,located,6.267273338557585,-62.35087658073586,51.139559885663864
B1_M03,B1,B1,M0,112,located,6.700029204218359,-62.709829478741,51.78104589193466
B1_M03,B1,B1,M0,113,located,6.173355977948776,-62.65845442960283,51.38834544258817
B1_M03,B1,B1,M0,114,located,6.983255438595566,-62.3456773542555,51.963462908570186
B1_M03,B1,B1,M0,115,located,5.4867649696288066,-61.85763979925984,51.08715537472882
B1_M03,B1,B1,M0,116,located,5.79497983248435,-62.99886688972519,51.41332049002417
B1_M03,B1,B1,M0,117,located,5.461892770268958,-62.46209805804344,51.98343471888641
B1_M03,B1,B1,M0,118,located,5.715590637607343,-62.695573947620204,51.38563224596312
B1_M03,B1,B1,M0,119,located,5.383139001334468,-62.09037802818406,52.89747719494657
B1_M03,B1,B1,M0,120,located,6.965960892476461,-62.050078382666825,52.21417422802987
B1_M03,B1,B1,M0,121,located,6.785840161917711,-62.28931827686648,50.52345881294176
B1_M03,B1,B1,M0,122,located,5.065851371756933,-62.630272977512135,51.67003931227224
B1_M03,B1,B1,M0,123,located,6.468134196339578,-62.34430524216566,52.447909707731796
B1_M03,B1,B1,M0,124,located,5.874008527019311,-62.68434676473258,51.13161859742481
B1_M03,B1,B1,M0,125,located,6.194403881156903,-63.03790466965866,51.44886403734354
B1_M03,B1,B1,M0,126,located,6.1176204575351285,-62.550230912413966,50.98653243735554
B1_M03,B1,B1,M0,127,located,6.26541315025091,-62.638991903791634,50.67515379033102
B1_M03,B1,B1,M0,128,located,5.975287954742769,-62.67799216510599,51.16855595632864
B1_M03,B1,B1,M0,129,located,5.989904999078064,-63.10500828331067,52.88288646215311
B1_M03,B1,B1,M0,130,located,5.69259826655863,-62.25975747722724,52.04121871241432
B1_M03,B1,B1,M0,131,located,5.322913998764978,-62.43499974768174,51.51291370773271
B1_M03,B1,B1,M0,132,located,5.939590296121145,-61.949809554715856,50.36209783939211
B1_M03,B1,B1,M0,133,located,5.371948863609296,-62.026591943759215,52.44442433653243
B1_M03,B1,B1,M0,134,located,5.595045104527944,-62.649318936219174,51.6903492372676
B1_M03,B1,B1,M0,135,located,6.113601437999516,-62.48428371340947,51.97708763473979
B1_M03,B1,B1,M0,136,located,6.530133310969715,-63.061090609833286,50.963345567205
B1_M03,B1,B1,M0,137,located,5.914790423335328,-62.33668630117508,52.564317626303854
B1_M03,B1,B1,M0,138,located,7.6470313245013655,-62.67388652372976,51.9379202653435
B1_M03,B1,B1,M0,139,located,6.965776356655319,-62.902707770547124,51.77282971445375
B1_M03,B1,B1,M0,140,located,5.346870928651958,-62.83583433447045,51.72455076842248
B1_M03,B1,B1,M0,141,located,6.112839006343335,-63.0023359065126,52.47467699963595
B1_M03,B1,B1,M0,142,located,6.231947744226906,-62.03095758819329,50.623190875226975
B1_M03,B1,B1,M0,143,located,5.989710008326577,-62.07260083204059,51.38490776112446
B1_M03,B1,B1,M0,144,located,6.12612259596463,-62.760050746752256,51.626306247910144
B1_M03,B1,B1,M0,145,located,6.20144771237093,-63.40382680623907,52.06094822616581
B1_M03,B1,B1,M0,146,located,5.666691989781236,-62.71907278724187,52.39789640246125
B1_M03,B1,B1,M0,147,located,5.851694355197143,-62.72296102206769,52.141892959195395
B1_M03,B1,B1,M0,148,located,5.8072253624866255,-62.84392759957369,51.8631426583074
B1_M03,B1,B1,M0,149,located,5.855058535197033,-62.395189160541705,51.205740614393356
B1_M03,B1,B1,M0,150,located,6.3382400987360725,-62.65691792904636,52.19791914306789
B1_M03,B1,B1,M0,151,located,5.863077719733304,-62.45214968281161,52.645309128698564
B1_M03,B1,B1,M0,152,located,6.266596611997418,-63.103340902265614,52.266213666937404
B1_M03,B1,B1,M0,153,located,5.424791597333064,-62.22416271538438,49.793594236306525
B1_M03,B1,B1,M0,154,located,7.400857390449305,-62.36091811836991,51.02470165253426
B1_M03,B1,B1,M0,155,located,6.404829625200246,-62.98560843006163,52.53712250716044
B1_M03,B1,B1,M0,156,located,5.396720002286841,-62.475834311651525,51.04950392442298
B1_M03,B1,B1,M0,157,located,5.617269652744891,-62.64531280600566,52.69772961040807
B1_M03,B1,B1,M0,158,located,7.033320012267381,-61.85452646783057,51.37882567581438
B1_M03,B1,B1,M0,159,located,5.60593100841253,-62.52390225055957,50.345897478635386
B1_M03,B1,B1,M0,160,located,6.14179083743546,-62.3662327361252,49.95924008706726
B1_M03,B1,B1,M0,161,located,6.603115487999361,-61.96776838154166,51.331412148222235
B1_M03,B1,B1,M0,162,located,5.712226650003083,-62.5000607924255,50.863591423629536
B1_M03,B1,B1,M0,163,located,5.251810130215618,-61.376818556513925,52.01669764862062
B1_M03,B1,B1,M0,164,located,6.473008352225904,-62.629343384401764,51.75242638869528
B1_M03,B1,B1,M0,165,located,6.199068034154576,-61.83669241330098,51.63970169736365
B1_M03,B1,B1,M0,166,located,6.103131536972394,-61.770085721625634,50.98512344555731
B1_M03,B1,B1,M0,167,located,6.220565863511541,-62.418144977586834,50.71755605367047
B1_M03,B1,B1,M0,168,located,5.657000758279952,-62.6838108088442,52.68493099968888
B1_M03,B1,B1,M0,169,located,6.505534217764945,-62.45217157524171,52.164066784645485
B1_M03,B1,B1,M0,170,located,6.607638314817631,-62.60471061950764,50.64346810654261
B1_M03,B1,B1,M0,171,located,5.894509101980512,-62.6161964888575,51.993651652713886
B1_M03,B1,B1,M0,172,located,6.315912849429723,-61.765247894735424,51.16459439724339
B1_M03,B1,B1,M0,173,located,5.957190098101974,-62.01623744481496,51.76182417021295
B1_M03,B1,B1,M0,174,located,6.032542612911415,-62.74980297133119,52.55280298826615
B1_M03,B1,B1,M0,175,located,5.105040412226197,-62.101669350500785,52.748211113047915
B1_M03,B1,B1,M0,176,located,7.271260033333054,-62.53428849834336,50.80783136521195
B1_M03,B1,B1,M0,177,located,6.9353725640299775,-62.49100300630798,52.8510074289336
B1_M03,B1,B1,M0,178,located,6.170511878505304,-62.392923015512366,51.923091426170146
B1_M03,B1,B1,M0,179,located,6.369283642766325,-62.500681154705006,52.033055432014876
B1_M03,B1,B1,M0,180,located,7.229379821972426,-62.501627663177274,50.61238524588154
B1_M03,B1,B1,M0,181,located,6.066104413826906,-62.72938286901565,52.11514796611522
B1_M03,B1,B1,M0,182,located,6.75218530616703,-62.99090360146417,50.530807411840165
B1_M03,B1,B1,M0,183,located,5.799699148616352,-62.780666004801986,50.723321330838395
B1_M03,B1,B1,M0,184,located,5.685357126432743,-62.457307816389616,50.81477788214887
B1_M03,B1,B1,M0,185,located,5.835338385554117,-62.771692335666046,51.791482831213855
B1_M03,B1,B1,M0,186,located,5.715063441110168,-62.73653741671998,50.1276954958306
B1_M03,B1,B1,M0,187,located,6.024363230362847,-62.473165576240774,50.28102534523133
B1_M03,B1,B1,M0,188,located,6.723131661347368,-62.225579412279956,52.020275824290664
B1_M03,B1,B1,M0,189,located,5.559450924806157,-62.44060523549132,51.188152509177414
B1_M03,B1,B1,M0,190,located,6.483506404593094,-62.561610635219466,52.05245051501393
B1_M03,B1,B1,M0,191,located,7.493780861746934,-63.02528220265356,51.420059090391106
B1_M03,B1,B1,M0,192,located,6.001191711884887,-62.59984972327729,51.29758039668771
B1_M03,B1,B1,M0,193,located,6.05295449082143,-62.485707767088854,52.43926976999885
B1_M03,B1,B1,M0,194,located,5.302116209064969,-62.10975529683584,50.83607708487832
B1_M03,B1,B1,M0,195,located,6.0327634229822396,-62.27867954620373,51.51364549967614
B1_M03,B1,B1,M0,196,located,6.048392268358299,-62.83384480035099,52.18877835579934
B1_M03,B1,B1,M0,197,located,6.778886402806978,-62.470353313824205,51.56374756513807
B1_M03,B1,B1,M0,198,located,5.888403345439739,-62.29003402994873,52.320274056142594
B1_M03,B1,B1,M0,199,located,5.922899051222695,-62.30813373504981,52.50478647727181
B1_M03,B1,B1,M0,200,located,5.9327417216856215,-62.96420193704964,52.80852102204283
B1_M03,B1,B1,M0,201,located,6.183071481716241,-62.45195137849501,50.903680074319034
B1_M03,B1,B1,M0,202,located,6.255464532889602,-62.05664316749619,53.124081057191304
B1_M03,B1,B1,M0,203,located,6.336751237209063,-62.50860221832602,52.42871844674639
B1_M03,B1,B1,M0,204,located,6.210854297731958,-62.33672236995031,52.4082730536214
B1_M03,B1,B1,M0,205,located,6.506319290488762,-62.79363490833289,51.60001422941841
B1_M03,B1,B1,M0,206,located,6.1183576105755755,-62.663947817846775,51.39979328453602
B1_M03,B1,B1,M0,207,located,4.826367716728137,-62.87123471770593,52.06708525616007
B1_M03,B1,B1,M0,208,located,7.109402755241489,-61.488620684187865,51.01420859744091
B1_M03,B1,B1,M0,209,located,5.5275191065116305,-62.48808913498796,51.81819490260807
B1_M03,B1,B1,M0,210,located,5.768076608879706,-61.69866314827682,50.7118374631998
B1_M03,B1,B1,M0,211,located,6.896172604874871,-62.34924431576469,51.32054014474155
B1_M03,B1,B1,M0,212,located,6.618900976719001,-62.74312272890104,52.426322678911944
B1_M03,B1,B1,M0,213,located,6.090228904417491,-62.79723039666305,51.4404772453682
B1_M03,B1,B1,M0,214,located,6.793774301795807,-62.08528683367156,51.31519907907914
B1_M03,B1,B1,M0,215,located,6.279982372699682,-61.68295638708197,51.413937572662924
B1_M03,B1,B1,M0,216,located,6.342874380717978,-62.81637981562791,51.91386132799913
B1_M03,B1,B1,M0,217,located,6.39452628342429,-62.01309760582363,52.15566177952573
B1_M03,B1,B1,M0,218,located,5.636003035374982,-61.69419300918811,51.52273714890189
B1_M03,B1,B1,M0,219,located,6.96172757219325,-62.1714801394409,52.11719009053574
B1_M03,B1,B1,M0,220,located,5.625464222231529,-62.63816315417952,51.181375003623494
B1_M03,B1,B1,M0,221,located,6.196054533943461,-62.705897597105945,52.56613537605677
B1_M03,B1,B1,M0,222,located,5.7010816688814225,-62.12413459594059,51.251345629133766
B1_M03,B1,B1,M0,223,located,6.8985459048489135,-62.87988588804011,52.73814921187043
B1_M03,B1,B1,M0,224,located,6.24555426408987,-63.48386811789415,50.46785588290032
B1_M03,B1,B1,M0,225,located,7.148756227830398,-62.45747909357934,51.49064877650257
B1_M03,B1,B1,M0,226,located,5.726078538369485,-62.15166222677409,50.92723823096839
B1_M03,B1,B1,M0,227,located,5.904028887169897,-62.17056614693723,52.3871991561008
B1_M03,B1,B1,M0,228,located,5.988202829614863,-61.94189103860303,52.133817794447225
B1_M03,B1,B1,M0,229,located,7.114349284889271,-62.96302358091967,52.50110058561313
B1_M03,B1,B1,M0,230,located,6.65822482657006,-62.313505286180714,52.46276355076755
B1_M03,B1,B1,M0,231,located,6.650037442481706,-62.41899797787825,52.764698912654104
B1_M03,B1,B1,M0,232,located,6.256101473491705,-62.553026734060964,51.90206326186945
B1_M03,B1,B1,M0,233,located,6.171920143465101,-62.16044489335799,51.88358354376027
B1_M03,B1,B1,M0,234,located,6.08220223651335,-62.27730992136057,51.04902638216705
B1_M03,B1,B1,M0,235,located,7.0102236464972405,-62.65178710470603,51.89566196593648
B1_M03,B1,B1,M0,236,located,5.710951195154618,-61.78979515681513,49.87430189374365
B1_M03,B1,B1,M0,237,located,6.257434778798708,-62.28237134261427,52.32626426230755
B1_M03,B1,B1,M0,238,located,6.732050625880604,-62.85416316908801,50.210676841610685
B1_M03,B1,B1,M0,239,located,7.165096739067647,-62.8913438821633,53.46688436220549
B1_M03,B1,B1,M0,240,located,5.969578533658733,-61.73751671876366,50.53152296459564
B1_M03,B1,B1,M0,241,located,6.554981944297306,-62.75244645562445,53.15076359058463
B1_M03,B1,B1,M0,242,located,6.007451998168118,-62.98955429191622,51.7971460414281
B1_M03,B1,B1,M0,243,located,5.498114234458736,-62.110337794687766,50.80438466981036
B1_M03,B1,B1,M0,244,located,6.178074503868724,-61.702974113242036,52.435430284099425
B1_M03,B1,B1,M0,245,located,5.978417022046967,-62.943953659564116,51.606845330448714
B1_M03,B1,B1,M0,246,located,6.260634667079398,-62.244299963278266,50.24310229437185
B1_M03,B1,B1,M0,247,located,6.30622678176659,-62.262860136610556,50.69842918844699
B1_M03,B1,B1,M0,248,located,5.806788328593657,-62.60219338037341,50.12771882689059
B1_M03,B1,B1,M0,249,located,5.634796829142617,-62.66609661648336,52.15257497086353
B1_M03,B1,B1,M0,250,located,6.457338197086564,-62.24114966877316,53.49633650675973
B1_M03,B1,B1,M0,251,located,6.183373423504817,-62.255362240628045,49.74907169301699
B1_M03,B1,B1,M0,252,located,5.7742631325910665,-62.59798047073245,51.455884911975986
B1_M03,B1,B1,M0,253,located,6.457830417737499,-62.20117497387575,52.1334063154943
B1_M03,B1,B1,M0,254,located,5.112367170148626,-62.35152027554588,49.87184727695116
B1_M03,B1,B1,M0,255,located,6.411371327041877,-63.085186302800196,52.41173706483494
B1_M03,B1,B1,M0,256,located,5.084194555247798,-62.11744811253769,52.608971648619274
B1_M03,B1,B1,M0,257,located,6.524588325843052,-62.13464134706574,51.97429591230861
B1_M03,B1,B1,M0,258,located,5.805231083695528,-62.99494325906032,50.77818174573705
B1_M03,B1,B1,M0,259,located,6.306327803087689,-62.04450347462139,51.08382280960932
B1_M03,B1,B1,M0,260,located,6.787873467926908,-63.64230720757429,51.597731872550476
B1_M03,B1,B1,M0,261,located,6.563719113478717,-62.94393282493432,51.725517969282535
B1_M03,B1,B1,M0,262,located,6.193330796751978,-62.87290429685265,51.90419863171014
B1_M03,B1,B1,M0,263,located,6.2857570256163635,-62.14884609127694,52.53074410353324
B1_M03,B1,B1,M0,264,located,5.8039340013269465,-62.39010296933017,52.098510795974875
B1_M03,B1,B1,M0,265,located,6.133686890904583,-62.25062470843885,51.328497554493616
B1_M03,B1,B1,M0,266,located,6.752354281775043,-62.12554876214047,50.43694521575299
B1_M03,B1,B1,M0,267,located,5.702831822259091,-62.281851978693496,51.29878998415901
B1_M03,B1,B1,M0,268,located,5.746971211441707,-62.3811123935302,51.539650709499185
B1_M03,B1,B1,M0,269,located,5.453483751683636,-62.05576772952442,50.23556975869079
B1_M03,B1,B1,M0,270,located,5.617640702937341,-62.989077068719695,51.576107732071236
B1_M03,B1,B1,M0,271,located,6.287646168044942,-62.131389672121244,51.96345943258424
B1_M03,B1,B1,M0,272,located,5.566966416765254,-62.73961959094183,51.41233524783176
B1_M03,B1,B1,M0,273,located,6.3959852859422535,-62.96812232619544,51.10890828315655
B1_M03,B1,B1,M0,274,located,6.055080052224437,-62.22166860969176,52.45133467147216
B1_M03,B1,B1,M0,275,located,5.822044051558382,-62.078955512685,51.142913586289374
B1_M03,B1,B1,M0,276,located,6.786474098070556,-62.07209132609573,50.547151490424824
B1_M03,B1,B1,M0,277,located,6.178889389812113,-62.54379222694814,51.032363606240295
B1_M03,B1,B1,M0,278,located,6.8083351733082305,-62.20702706934378,51.407478442124145
B1_M03,B1,B1,M0,279,located,6.093955294816479,-62.60039822315984,52.04120416577404
B1_M03,B1,B1,M0,280,located,6.952789764225375,-61.94609860827356,50.453361863099985
B1_M03,B1,B1,M0,281,located,6.66682157558643,-62.548823776903575,51.83009498953268
B1_M03,B1,B1,M0,282,located,5.657414251282851,-62.385439102078195,52.40414910004257
B1_M03,B1,B1,M0,283,located,6.48778387759887,-62.38252705316951,50.25349758350739
B1_M03,B1,B1,M0,284,located,5.880661238609866,-62.37684262170778,50.48717045912121
B1_M03,B1,B1,M0,285,located,5.601333298034083,-62.24838556437919,52.655294854957354
B1_M03,B1,B1,M0,286,located,6.853077516070726,-62.460722806502204,52.56652658422307
B1_M03,B1,B1,M0,287,located,6.465388768840679,-63.366382588663015,51.47081385798521
B1_M03,B1,B1,M0,288,located,4.591049589036107,-62.35219838200429,49.80396309597587
B1_M03,B1,B1,M0,289,located,5.908584942252665,-62.085160916248256,52.03576277616732
B1_M03,B1,B1,M0,290,located,5.947777567241157,-61.46868576851497,52.706571848121484
B1_M03,B1,B1,M0,291,located,6.6068792945165455,-61.99712541864983,53.307692301064556
B1_M03,B1,B1,M0,292,located,6.6578743192449625,-62.77493584593984,52.818009611841106
B1_M03,B1,B1,M0,293,located,5.838583215134173,-62.19793705533952,51.86643668816308
B1_M03,B1,B1,M0,294,located,5.488442916350185,-62.18948731541555,53.19561248199185
B1_M03,B1,B1,M0,295,located,6.767656528962337,-63.08703544801668,52.23727042932215
B1_M03,B1,B1,M0,296,located,6.206701428376167,-62.128299309991874,51.63334796031361
B1_M03,B1,B1,M0,297,located,6.565138531025264,-61.840227512500974,52.478065776931466
B1_M03,B1,B1,M0,298,located,5.6078276182914895,-62.411827186570335,51.295369403728245
B1_M03,B1,B1,M0,299,located,5.864555754349105,-62.24610828062943,51.070660333601694
B1_M03,B1,B1,M0,300,located,4.873573310245121,-62.6941868185116,51.868854814852995
B1_M03,B1,B1,M0,301,located,5.325885345342348,-61.61908058296814,51.36919203953537
B1_M03,B1,B1,M0,302,located,6.412273936325449,-62.57302033072608,51.64489026562717
B1_M03,B1,B1,M0,303,located,6.582515104987263,-62.46552672389359,52.63403410532633
B1_M03,B1,B1,M0,304,located,6.140237127915824,-62.848074440170336,52.20315580011045
B1_M03,B1,B1,M0,305,located,7.183000211448582,-61.62073294599803,52.767122395133136
B1_M03,B1,B1,M0,306,located,5.924098871856179,-62.793806587794506,49.54873057586999
B1_M03,B1,B1,M0,307,located,5.782989300623638,-63.662212956001014,51.535389757600015
B1_M03,B1,B1,M0,308,located,5.682063136023687,-62.751430468369165,51.39563975511112
B1_M03,B1,B1,M0,309,located,6.241465510334342,-63.195624453487014,51.93567307235511
B1_M03,B1,B1,M0,310,located,6.456832489491309,-62.45351647233153,53.310964253082176
B1_M03,B1,B1,M0,311,located,5.239840933447431,-62.68388041710962,52.59443377123972
B1_M03,B1,B1,M0,312,located,6.141621414394358,-61.901345496689046,51.172738676493026
B1_M03,B1,B1,M0,313,located,6.11534620385938,-62.11522876655667,50.7792960240324
B1_M03,B1,B1,M0,314,located,5.408967141613829,-61.74671222604147,51.69898396808813
B1_M03,B1,B1,M0,315,located,6.651483567615649,-62.82279871872892,52.944749546695
B1_M03,B1,B1,M0,316,located,6.0491004514896245,-62.240431406884156,52.06131705894119
B1_M03,B1,B1,M0,317,located,6.263664409816616,-61.95680903610142,52.145486833823426
B1_M03,B1,B1,M0,318,located,5.871898981340102,-62.94334514559263,52.05746313535006
B1_M03,B1,B1,M0,319,located,5.927736974477217,-62.60274309074897,51.25425745079354
B1_M03,B1,B1,M0,320,located,6.184405028455909,-62.31898160665716,51.950030768869254
B1_M03,B1,B1,M0,321,located,5.3703616551555005,-61.62548634382917,52.00082243481832
B1_M03,B1,B1,M0,322,located,5.670072330245272,-62.80799201233121,53.183229645667076
B1_M03,B1,B1,M0,323,located,6.841208286910584,-62.881612801656246,52.23579864531903
B1_M03,B1,B1,M0,324,located,6.287790373183204,-61.94379632640869,51.95119832660571
B1_M03,B1,B1,M0,325,located,6.70895183596294,-62.30589775310716,51.72959511461579
B1_M03,B1,B1,M0,326,located,5.071820500637406,-62.59157630824744,50.46325462399716
B1_M03,B1,B1,M0,327,located,6.89484537552973,-62.861827727621645,51.88696741468623
B1_M03,B1,B1,M0,328,located,5.89110877334844,-62.04971307548705,51.62049776793741
B1_M03,B1,B1,M0,329,located,7.026216163903194,-62.97781938960868,51.54762525246295
B1_M03,B1,B1,M0,330,located,6.069277412465562,-62.73857455989943,50.91412692136401
B1_M03,B1,B1,M0,331,located,5.42073469009504,-62.10785319976904,50.87611412439219
B1_M03,B1,B1,M0,332,located,6.301838029885468,-62.63543908948627,51.12255397979443
B1_M03,B1,B1,M0,333,located,6.737154238271503,-62.15592504093509,51.28680616591709
B1_M03,B1,B1,M0,334,located,6.204206554171432,-62.3348829379985,50.69306122335684
B1_M03,B1,B1,M0,335,located,7.336549554895007,-63.2181825954508,51.03026236183828
B1_M03,B1,B1,M0,336,located,6.768105530512373,-61.92539436844655,51.4984454473872
B1_M03,B1,B1,M0,337,located,5.528202732791607,-62.121232206563505,51.33463223843609
B1_M03,B1,B1,M0,338,located,6.645753494070889,-62.550990429069145,51.24200524319584
B1_M03,B1,B1,M0,339,located,6.862031633618072,-62.225465119071174,50.08373511630936
B1_M03,B1,B1,M0,340,located,6.5690469077927816,-62.02016294865595,52.32082157435031
B1_M03,B1,B1,M0,341,located,5.747287999791456,-62.30388031581208,51.2730852707125
B1_M03,B1,B1,M0,342,located,5.7798580475459636,-61.869540980391164,51.952106670214775
B1_M03,B1,B1,M0,343,located,5.855804969042943,-62.470308491466696,50.86468729961574
B1_M03,B1,B1,M0,344,located,5.053799635893137,-62.981293649596225,52.66090273799875
B1_M03,B1,B1,M0,345,located,6.525022487192771,-62.2508565553664,52.33370042513359
B1_M03,B1,B1,M0,346,located,5.8990060423110915,-62.44778537517655,52.005124470893506
B1_M03,B1,B1,M0,347,located,5.561963809730074,-62.56889517840362,52.166175211135446
B1_M03,B1,B1,M0,348,located,5.88496134848562,-61.8250888561371,50.460475071534674
B1_M03,B1,B1,M0,349,located,5.667583723131897,-62.06894299742835,51.43626909766468
B1_M03,B1,B1,M0,350,located,6.957396460976164,-62.30754219791555,51.51869616881191
B1_M03,B1,B1,M0,351,located,6.125273550699683,-62.453699140810386,51.60171120015002
B1_M03,B1,B1,M0,352,located,6.010111343865855,-62.27388439697923,52.02728077791202
B1_M03,B1,B1,M0,353,located,6.1272360563162485,-61.79477171574689,51.46081192637657
B1_M03,B1,B1,M0,354,located,6.259061488922345,-61.873029561023586,52.44394128773529
B1_M03,B1,B1,M0,355,located,5.977589700261032,-62.009662899658096,51.91562108651577
B1_M03,B1,B1,M0,356,located,6.902258248635567,-62.23970097854151,52.975942127428134
B1_M03,B1,B1,M0,357,located,6.4507433848282085,-62.61504333621757,50.849762208759635
B1_M03,B1,B1,M0,358,located,5.200164226282074,-62.04153086216685,51.38409831140813
B1_M03,B1,B1,M0,359,located,5.602516348306691,-62.17016370597082,50.63381396814142
B1_M03,B1,B1,M0,360,located,5.630024171884821,-62.33346194779577,51.625464221236015
B1_M03,B1,B1,M0,361,located,5.90575904093136,-63.04634779242299,51.00556474135322
B1_M03,B1,B1,M0,362,located,5.976312917483026,-62.079762781649606,52.87327528327695
B1_M03,B1,B1,M0,363,located,5.577353462340352,-62.608099017176855,50.42311803643132
B1_M03,B1,B1,M0,364,located,6.1992460555899855,-61.98750883264634,52.10722980604048
B1_M03,B1,B1,M0,365,located,6.981753641009016,-62.331159126497795,52.890754326673395
B1_M03,B1,B1,M0,366,located,6.722912217516602,-62.56714290590264,50.90271274453722
B1_M03,B1,B1,M0,367,located,6.172976994235832,-62.3279940664316,52.3489474938085
B1_M03,B1,B1,M0,368,located,6.718809865058854,-62.59374590599636,52.51111781064717
B1_M03,B1,B1,M0,369,located,6.346461123093178,-62.2429044061773,51.78903599634394
B1_M03,B1,B1,M0,370,located,6.841871871314694,-62.24034611740869,51.1175310267285
B1_M03,B1,B1,M0,371,located,4.992716947993835,-62.05882731735744,51.77926726517646
B1_M03,B1,B1,M0,372,located,6.030047852903464,-62.60705720026844,51.13236147905529
B1_M03,B1,B1,M0,373,located,6.002526366796351,-62.643215224700754,50.87459419830514
B1_M03,B1,B1,M0,374,located,5.387080561468264,-62.31650921361599,52.52921630763558
B1_M03,B1,B1,M0,375,located,6.004272834420506,-62.47489084146784,53.130967403378854
B1_M03,B1,B1,M0,376,located,6.8257529470416385,-62.35814328012235,52.80303714956358
B1_M03,B1,B1,M0,377,located,5.756677609365048,-62.65871335940638,50.97232734010702
B1_M03,B1,B1,M0,378,located,5.6588665956697,-62.65059412049101,51.17638752733731
B1_M03,B1,B1,M0,379,located,5.9394986169500825,-61.84225013856491,52.39329190744506
B1_M03,B1,B1,M0,380,located,7.204228225422279,-62.48864745074037,50.41111713949559
B1_M03,B1,B1,M0,381,located,6.144492825307336,-62.03308800541767,51.43177451792709
B1_M03,B1,B1,M0,382,located,6.204508918300587,-63.340368802771735,51.133740482549996
B1_M03,B1,B1,M0,383,located,5.440900917235055,-62.58765900671686,52.44983143563727
B1_M03,B1,B1,M0,384,located,5.791939009335607,-62.283596438845535,51.47071804892054
B1_M03,B1,B1,M0,385,located,6.137365239889869,-62.13869746568653,52.70706072422024
B1_M03,B1,B1,M0,386,located,6.156913623501327,-62.70665531503785,52.70140487433115
B1_M03,B1,B1,M0,387,located,5.807173181318796,-62.94197555367849,52.4018007188527
B1_M03,B1,B1,M0,388,located,6.258398572889202,-61.917568940025774,52.18101751773726
B1_M03,B1,B1,M0,389,located,6.540794422345734,-62.38761256870664,51.893924255369285
B1_M03,B1,B1,M0,390,located,5.883138753452086,-62.650781954195054,51.91786621206856
B1_M03,B1,B1,M0,391,located,6.633578652612434,-62.687771491123414,51.00532391960624
B1_M03,B1,B1,M0,392,located,5.459831353070512,-62.67524680186085,51.58686321791185
B1_M03,B1,B1,M0,393,located,5.527807636723553,-62.151084590424006,50.71641726690046
B1_M03,B1,B1,M0,394,located,5.942675684452471,-62.3407853809247,51.128309049391554
B1_M03,B1,B1,M0,395,located,6.690218655270645,-62.31572769294745,50.68104363083118
B1_M03,B1,B1,M0,396,located,6.829908108854791,-62.620386003486686,52.448490121522646
B1_M03,B1,B1,M0,397,located,6.1760242297084,-63.090786133133705,50.86871602647135
B1_M03,B1,B1,M0,398,located,5.558403907154056,-62.715976489314215,51.30521073802271
B1_M03,B1,B1,M0,399,located,7.433060062038529,-62.795271970278606,51.827678052337916
B1_M03,B1,B1,Consensus + Uncertainty,0,located,5.889772239100521,-61.823535117983795,52.559219993674986
B1_M03,B1,B1,Consensus + Uncertainty,1,located,6.285820743843026,-62.60270973156544,51.87726512020759
B1_M03,B1,B1,Consensus + Uncertainty,2,located,6.3411746303334215,-62.73589073369028,52.36653007523648
B1_M03,B1,B1,Consensus + Uncertainty,3,located,6.396704006039412,-62.0939956304463,51.54030024013481
B1_M03,B1,B1,Consensus + Uncertainty,4,located,5.875203889903419,-61.77399967631354,51.47488069589646
B1_M03,B1,B1,Consensus + Uncertainty,5,located,6.713758474008928,-62.54458154943559,52.542222600951156
B1_M03,B1,B1,Consensus + Uncertainty,6,located,6.30836399278101,-62.48677434939307,51.93529520711687
B1_M03,B1,B1,Consensus + Uncertainty,7,located,5.239382259087308,-62.52178268960948,51.33042179106424
B1_M03,B1,B1,Consensus + Uncertainty,8,located,6.284207188828887,-61.75660562582728,51.487633357249024
B1_M03,B1,B1,Consensus + Uncertainty,9,located,5.7655106841766655,-62.2767166802344,50.37084674941089
B1_M03,B1,B1,Consensus + Uncertainty,10,located,6.642679625280736,-62.79922432210891,52.30637241926074
B1_M03,B1,B1,Consensus + Uncertainty,11,located,6.8017372203462125,-62.94575683870063,50.419667076062105
B1_M03,B1,B1,Consensus + Uncertainty,12,located,5.3734661456247075,-62.700504705193836,51.508393024242096
B1_M03,B1,B1,Consensus + Uncertainty,13,located,4.6173084027495985,-62.98312193267995,50.12507141173098
B1_M03,B1,B1,Consensus + Uncertainty,14,located,6.737914049387452,-62.51471363207473,51.30039683951158
B1_M03,B1,B1,Consensus + Uncertainty,15,located,6.120817872133684,-62.66031821648882,50.652393371332266
B1_M03,B1,B1,Consensus + Uncertainty,16,located,6.077673079113383,-62.23164544342218,53.416623088745744
B1_M03,B1,B1,Consensus + Uncertainty,17,located,7.092416399479159,-62.488666149962825,53.01886219440531
B1_M03,B1,B1,Consensus + Uncertainty,18,located,6.132703215365856,-62.58774010413133,51.332199025076356
B1_M03,B1,B1,Consensus + Uncertainty,19,located,6.032910820045431,-62.56231491299633,51.67235163233074
B1_M03,B1,B1,Consensus + Uncertainty,20,located,5.586070114195477,-62.35029918311474,51.88526949088723
B1_M03,B1,B1,Consensus + Uncertainty,21,located,5.814076692903571,-62.519685976292735,50.60297609489901
B1_M03,B1,B1,Consensus + Uncertainty,22,located,6.3116019031450605,-62.65686874109781,51.45082106457685
B1_M03,B1,B1,Consensus + Uncertainty,23,located,6.605563999633473,-62.104773379840296,51.30285211759662
B1_M03,B1,B1,Consensus + Uncertainty,24,located,5.694914172874632,-61.58644060515837,50.375352935546196
B1_M03,B1,B1,Consensus + Uncertainty,25,located,6.546403302856556,-62.69240377901593,50.80700193424015
B1_M03,B1,B1,Consensus + Uncertainty,26,located,7.479834173784137,-63.577410202411855,52.33359526941813
B1_M03,B1,B1,Consensus + Uncertainty,27,located,7.828598185559446,-62.11500919345764,52.10752278681314
B1_M03,B1,B1,Consensus + Uncertainty,28,located,6.808049719861473,-62.373950862558715,52.05204308624509
B1_M03,B1,B1,Consensus + Uncertainty,29,located,6.020078677160038,-62.60909709448899,49.887115008292064
B1_M03,B1,B1,Consensus + Uncertainty,30,located,5.1966885365633,-62.596930819685866,52.53110046224896
B1_M03,B1,B1,Consensus + Uncertainty,31,located,7.137574881270741,-62.93340528939582,51.836820386263085
B1_M03,B1,B1,Consensus + Uncertainty,32,located,6.539264298985468,-62.02896811974661,52.4789650822858
B1_M03,B1,B1,Consensus + Uncertainty,33,located,6.2835489790709715,-62.95497872675669,52.57062502686439
B1_M03,B1,B1,Consensus + Uncertainty,34,located,6.193761895260487,-61.58377201675302,50.917509126416455
B1_M03,B1,B1,Consensus + Uncertainty,35,located,5.930257996754876,-62.424272186621906,50.627721841047936
B1_M03,B1,B1,Consensus + Uncertainty,36,located,6.32751427672807,-62.236620232310685,51.555137430335684
B1_M03,B1,B1,Consensus + Uncertainty,37,located,6.419253146763636,-62.86869641743834,52.65362210045843
B1_M03,B1,B1,Consensus + Uncertainty,38,located,6.0376755494060586,-63.03015390776699,51.26450728073503
B1_M03,B1,B1,Consensus + Uncertainty,39,located,5.863659536138934,-63.01799549431961,51.10200359870847
B1_M03,B1,B1,Consensus + Uncertainty,40,located,6.324981853864954,-61.73077880632765,52.779368624192166
B1_M03,B1,B1,Consensus + Uncertainty,41,located,7.016831236066403,-62.651603424491924,50.39983534858247
B1_M03,B1,B1,Consensus + Uncertainty,42,located,6.564812025617385,-62.602142565818,52.61230524054072
B1_M03,B1,B1,Consensus + Uncertainty,43,located,5.98429814120228,-62.47171801550009,51.421724643166996
B1_M03,B1,B1,Consensus + Uncertainty,44,located,6.255727905003281,-61.95550048229319,51.02389477802618
B1_M03,B1,B1,Consensus + Uncertainty,45,located,7.001842108669132,-61.962622752385,52.482257615260885
B1_M03,B1,B1,Consensus + Uncertainty,46,located,6.564457401491992,-62.94910428697587,51.06807811550083
B1_M03,B1,B1,Consensus + Uncertainty,47,located,6.805080520654943,-62.794963973257325,51.11744124751401
B1_M03,B1,B1,Consensus + Uncertainty,48,located,8.027580316606102,-62.40368325484049,52.74192291100224
B1_M03,B1,B1,Consensus + Uncertainty,49,located,6.633355283897794,-62.62183580000878,52.07550336632902
B1_M03,B1,B1,Consensus + Uncertainty,50,located,6.672016231819875,-62.843271076982745,51.309530099008285
B1_M03,B1,B1,Consensus + Uncertainty,51,located,5.560863563520803,-62.41778821775412,53.03149316481819
B1_M03,B1,B1,Consensus + Uncertainty,52,located,6.108188820911621,-62.630209627917765,51.27546099505107
B1_M03,B1,B1,Consensus + Uncertainty,53,located,5.371302209810493,-62.59077358536658,52.45911945753937
B1_M03,B1,B1,Consensus + Uncertainty,54,located,6.023420461343471,-61.82192677089718,51.763864251468625
B1_M03,B1,B1,Consensus + Uncertainty,55,located,6.264975884155808,-61.86278075672436,51.86940008091578
B1_M03,B1,B1,Consensus + Uncertainty,56,located,6.849047158487686,-62.226004102700415,52.06435841358239
B1_M03,B1,B1,Consensus + Uncertainty,57,located,5.375819763578844,-63.06212181385544,49.59680174374966
B1_M03,B1,B1,Consensus + Uncertainty,58,located,7.087043127587113,-62.6309577973951,53.38923447314927
B1_M03,B1,B1,Consensus + Uncertainty,59,located,6.207644650232234,-62.52274223458707,51.16716042054912
B1_M03,B1,B1,Consensus + Uncertainty,60,located,6.183616632965514,-61.726709198843295,52.235978412955276
B1_M03,B1,B1,Consensus + Uncertainty,61,located,6.683150818200712,-62.676618460105615,50.49884692900532
B1_M03,B1,B1,Consensus + Uncertainty,62,located,6.723001884344056,-61.534695180709704,53.85080432511192
B1_M03,B1,B1,Consensus + Uncertainty,63,located,6.367276909284656,-61.53167784943405,51.77170669402424
B1_M03,B1,B1,Consensus + Uncertainty,64,located,7.052527787725804,-61.836120159960814,51.14948143802958
B1_M03,B1,B1,Consensus + Uncertainty,65,located,5.199112127560045,-62.14210182863786,51.69722009544011
B1_M03,B1,B1,Consensus + Uncertainty,66,located,5.486722552541105,-62.66248166130862,52.2501111931709
B1_M03,B1,B1,Consensus + Uncertainty,67,located,6.700243542269205,-62.08454108467377,51.83877173709288
B1_M03,B1,B1,Consensus + Uncertainty,68,located,7.360903324697254,-62.24503816102346,51.01546402388452
B1_M03,B1,B1,Consensus + Uncertainty,69,located,5.385028079083439,-62.33440077353036,52.04841286794134
B1_M03,B1,B1,Consensus + Uncertainty,70,located,6.681738261903018,-62.221679495524754,51.80622465029734
B1_M03,B1,B1,Consensus + Uncertainty,71,located,6.514948517299433,-62.71228993999689,51.66582339907806
B1_M03,B1,B1,Consensus + Uncertainty,72,located,5.421206439496898,-63.49755886175669,51.24767520924246
B1_M03,B1,B1,Consensus + Uncertainty,73,located,6.27639645586495,-62.76159407899348,50.78776238670542
B1_M03,B1,B1,Consensus + Uncertainty,74,located,6.479051781030439,-62.1984486937958,52.0098806158502
B1_M03,B1,B1,Consensus + Uncertainty,75,located,6.985351567672288,-62.41948104517333,51.4294945920596
B1_M03,B1,B1,Consensus + Uncertainty,76,located,6.321584068459657,-62.23911666050685,52.80039192267359
B1_M03,B1,B1,Consensus + Uncertainty,77,located,6.698926333979595,-63.54483771396163,51.15106309081692
B1_M03,B1,B1,Consensus + Uncertainty,78,located,6.8832726676938405,-62.55567383644427,52.171985398591026
B1_M03,B1,B1,Consensus + Uncertainty,79,located,6.348935160431762,-62.74116288975752,51.305119101933926
B1_M03,B1,B1,Consensus + Uncertainty,80,located,6.023310276035577,-62.34784510440694,51.90241605455155
B1_M03,B1,B1,Consensus + Uncertainty,81,located,6.942851699790171,-62.098019909387205,50.6078227970708
B1_M03,B1,B1,Consensus + Uncertainty,82,located,7.3143445946682615,-62.89795254049507,51.05319767707322
B1_M03,B1,B1,Consensus + Uncertainty,83,located,6.1398076162677775,-61.73502955777445,50.843752113021715
B1_M03,B1,B1,Consensus + Uncertainty,84,located,5.536495122051623,-62.44615632547766,51.56764020156818
B1_M03,B1,B1,Consensus + Uncertainty,85,located,6.174475578547021,-62.61252652158966,49.479117986717874
B1_M03,B1,B1,Consensus + Uncertainty,86,located,7.226098909256791,-63.234896039770476,53.263545036140265
B1_M03,B1,B1,Consensus + Uncertainty,87,located,5.251214529395015,-62.628237437501085,50.636808277475694
B1_M03,B1,B1,Consensus + Uncertainty,88,located,6.325140862020467,-61.976755986167774,52.00732336564129
B1_M03,B1,B1,Consensus + Uncertainty,89,located,5.362656945402435,-62.3601229162268,50.03241767157398
B1_M03,B1,B1,Consensus + Uncertainty,90,located,6.426414596517902,-62.09431766024595,51.83154092493567
B1_M03,B1,B1,Consensus + Uncertainty,91,located,6.4697284310577166,-62.987872063911794,50.42542724577209
B1_M03,B1,B1,Consensus + Uncertainty,92,located,6.1297745328719095,-62.12407812121606,51.87243002430751
B1_M03,B1,B1,Consensus + Uncertainty,93,located,3.997934560314789,-62.688416993769394,51.211221139749505
B1_M03,B1,B1,Consensus + Uncertainty,94,located,6.673831701082635,-62.7815928963159,51.64231373160409
B1_M03,B1,B1,Consensus + Uncertainty,95,located,7.000268729732443,-63.07824900298374,52.20749864282977
B1_M03,B1,B1,Consensus + Uncertainty,96,located,6.162839627043658,-62.171474302412065,53.018084188776406
B1_M03,B1,B1,Consensus + Uncertainty,97,located,5.635899762986669,-62.54490411134283,49.91742586515335
B1_M03,B1,B1,Consensus + Uncertainty,98,located,6.930243004998541,-62.5288286770549,51.7095194895322
B1_M03,B1,B1,Consensus + Uncertainty,99,located,5.769063632454084,-62.74136616688979,51.349486193470284
B1_M03,B1,B1,Consensus + Uncertainty,100,located,6.071817364950524,-62.83972787993241,50.728137495971154
B1_M03,B1,B1,Consensus + Uncertainty,101,located,6.39552080024236,-62.01046436965581,51.55739892177301
B1_M03,B1,B1,Consensus + Uncertainty,102,located,6.08966525430344,-62.938967274923726,51.53784260713112
B1_M03,B1,B1,Consensus + Uncertainty,103,located,6.772074643054161,-62.9066666664466,50.22836269020716
B1_M03,B1,B1,Consensus + Uncertainty,104,located,6.265724642004063,-62.54999350081418,53.404405690195496
B1_M03,B1,B1,Consensus + Uncertainty,105,located,5.583123631660528,-61.72930472639672,52.043520801504734
B1_M03,B1,B1,Consensus + Uncertainty,106,located,6.711589129323039,-63.24981446243804,49.153214449005304
B1_M03,B1,B1,Consensus + Uncertainty,107,located,6.115467256957714,-62.04893099495756,52.062081407130286
B1_M03,B1,B1,Consensus + Uncertainty,108,located,6.3543620124103155,-62.11296655731316,52.311606011751486
B1_M03,B1,B1,Consensus + Uncertainty,109,located,5.9594706160846265,-62.21090724881732,51.34229613989826
B1_M03,B1,B1,Consensus + Uncertainty,110,located,5.248762458289236,-61.78743278630624,51.70883029455936
B1_M03,B1,B1,Consensus + Uncertainty,111,located,5.770633873099954,-63.449549058171144,50.68916323742637
B1_M03,B1,B1,Consensus + Uncertainty,112,located,6.118029931209355,-62.70979098374177,51.19912307276073
B1_M03,B1,B1,Consensus + Uncertainty,113,located,6.135507321978973,-62.14153005078644,51.55186873736977
B1_M03,B1,B1,Consensus + Uncertainty,114,located,7.057966077691383,-63.14125540432143,51.957963937775126
B1_M03,B1,B1,Consensus + Uncertainty,115,located,6.673972583015969,-62.569088986059555,51.917848254086515
B1_M03,B1,B1,Consensus + Uncertainty,116,located,5.3989640794623135,-63.36427799282706,50.51376420020036
B1_M03,B1,B1,Consensus + Uncertainty,117,located,6.354598636370573,-62.082183398342934,51.517220879673864
B1_M03,B1,B1,Consensus + Uncertainty,118,located,6.390613159149418,-62.40532606963852,52.17309971971321
B1_M03,B1,B1,Consensus + Uncertainty,119,located,5.733019801253697,-62.39628013574995,50.701702044390935
B1_M03,B1,B1,Consensus + Uncertainty,120,located,5.897418991744618,-62.760299012480175,52.161007873385444
B1_M03,B1,B1,Consensus + Uncertainty,121,located,5.783780745251276,-62.506947657124975,51.43493241491743
B1_M03,B1,B1,Consensus + Uncertainty,122,located,6.185994222789604,-62.74570593586735,51.445991506944964
B1_M03,B1,B1,Consensus + Uncertainty,123,located,6.422587307898529,-63.296685776507616,51.960324024390275
B1_M03,B1,B1,Consensus + Uncertainty,124,located,6.036499894672587,-62.473513463826365,51.47754907387098
B1_M03,B1,B1,Consensus + Uncertainty,125,located,6.450750476059835,-62.359500650099406,52.03869457824632
B1_M03,B1,B1,Consensus + Uncertainty,126,located,6.879757007464643,-61.867823338526776,52.6730533018454
B1_M03,B1,B1,Consensus + Uncertainty,127,located,7.0750745525942875,-62.213482870035676,53.350848759539694
B1_M03,B1,B1,Consensus + Uncertainty,128,located,6.238741785439967,-62.327320372971016,52.16987531404707
B1_M03,B1,B1,Consensus + Uncertainty,129,located,6.40611956975106,-62.82971521074215,51.07954470323655
B1_M03,B1,B1,Consensus + Uncertainty,130,located,6.382875202994598,-62.34019716666762,51.46531918576876
B1_M03,B1,B1,Consensus + Uncertainty,131,located,6.48281079558738,-62.37749306299985,51.21191589859383
B1_M03,B1,B1,Consensus + Uncertainty,132,located,5.737405834301493,-62.03966540892486,51.37995981012716
B1_M03,B1,B1,Consensus + Uncertainty,133,located,5.598025923727285,-63.42194788014854,51.01597546189537
B1_M03,B1,B1,Consensus + Uncertainty,134,located,6.387237909269533,-62.30706299939477,51.84089660227684
B1_M03,B1,B1,Consensus + Uncertainty,135,located,7.184387895356891,-63.50055375057151,52.00976657844487
B1_M03,B1,B1,Consensus + Uncertainty,136,located,6.849720882464296,-62.758298602140016,51.35636594262432
B1_M03,B1,B1,Consensus + Uncertainty,137,located,7.197695949006735,-62.38173908084363,51.51859910734031
B1_M03,B1,B1,Consensus + Uncertainty,138,located,4.198831914640783,-61.461340672015126,50.388280087293964
B1_M03,B1,B1,Consensus + Uncertainty,139,located,6.209498721337184,-62.647813585507365,51.8739782241161
B1_M03,B1,B1,Consensus + Uncertainty,140,located,6.2949069594723355,-62.88747444336022,51.69542770966498
B1_M03,B1,B1,Consensus + Uncertainty,141,located,6.058433427963516,-62.58322491290542,52.19930357515706
B1_M03,B1,B1,Consensus + Uncertainty,142,located,7.136026589963599,-63.06839688468868,52.84136224297603
B1_M03,B1,B1,Consensus + Uncertainty,143,located,6.318615124844822,-62.74786507461285,52.72528219676303
B1_M03,B1,B1,Consensus + Uncertainty,144,located,5.120461567239027,-62.330363576817334,51.7190738261583
B1_M03,B1,B1,Consensus + Uncertainty,145,located,6.449144712217434,-62.56042342600341,51.819396017137805
B1_M03,B1,B1,Consensus + Uncertainty,146,located,7.462863073301888,-62.3754539953555,51.17867758349245
B1_M03,B1,B1,Consensus + Uncertainty,147,located,7.478956985473748,-62.302940595830705,52.663011398032296
B1_M03,B1,B1,Consensus + Uncertainty,148,located,5.994081839195465,-61.699203819740134,52.610892256205446
B1_M03,B1,B1,Consensus + Uncertainty,149,located,5.218662403998237,-63.1702627712631,50.915770560732255
B1_M03,B1,B1,Consensus + Uncertainty,150,located,6.959705444594617,-62.518735634998706,53.094556097948576
B1_M03,B1,B1,Consensus + Uncertainty,151,located,6.5099288220541,-62.8770355072633,51.58830707217328
B1_M03,B1,B1,Consensus + Uncertainty,152,located,6.649520694422721,-61.30997485966205,52.92849594957248
B1_M03,B1,B1,Consensus + Uncertainty,153,located,6.564092963682324,-61.751641996142794,51.41605552707109
B1_M03,B1,B1,Consensus + Uncertainty,154,located,6.54012664277539,-62.85001482369033,50.55945385742321
B1_M03,B1,B1,Consensus + Uncertainty,155,located,5.677211025959685,-62.77158303251673,51.885447346388474
B1_M03,B1,B1,Consensus + Uncertainty,156,located,6.075661972688482,-61.52967884990369,51.553190173441806
B1_M03,B1,B1,Consensus + Uncertainty,157,located,6.898496453071379,-62.593206249189535,50.570038372501244
B1_M03,B1,B1,Consensus + Uncertainty,158,located,5.560435929702113,-62.44684824800092,51.86424030508381
B1_M03,B1,B1,Consensus + Uncertainty,159,located,6.1480219121189155,-62.823461955751014,51.189943810538466
B1_M03,B1,B1,Consensus + Uncertainty,160,located,6.660293639042243,-62.62699882388662,50.66018611554532
B1_M03,B1,B1,Consensus + Uncertainty,161,located,6.620809989874427,-62.38687422771447,51.318695488139696
B1_M03,B1,B1,Consensus + Uncertainty,162,located,6.545474102882467,-62.87092452169553,51.399070375312704
B1_M03,B1,B1,Consensus + Uncertainty,163,located,6.09241845302314,-62.563167361828235,51.33813587058892
B1_M03,B1,B1,Consensus + Uncertainty,164,located,6.47469600399035,-62.534628862363874,51.19650031795478
B1_M03,B1,B1,Consensus + Uncertainty,165,located,5.574844094518644,-62.71254793878116,51.40225802978458
B1_M03,B1,B1,Consensus + Uncertainty,166,located,6.571529850546255,-62.64319480208732,51.19221685379329
B1_M03,B1,B1,Consensus + Uncertainty,167,located,7.489971758553963,-62.413402033784365,51.681577784792246
B1_M03,B1,B1,Consensus + Uncertainty,168,located,6.365403007792285,-62.62009624470036,51.33137835806354
B1_M03,B1,B1,Consensus + Uncertainty,169,located,5.856770428973846,-62.03937770760503,51.56276032923899
B1_M03,B1,B1,Consensus + Uncertainty,170,located,6.229355321697498,-62.28566821935689,53.19818946725651
B1_M03,B1,B1,Consensus + Uncertainty,171,located,6.38054806424148,-62.11250061153885,52.99625335666918
B1_M03,B1,B1,Consensus + Uncertainty,172,located,6.678587702741408,-62.58492748356214,52.34409734674627
B1_M03,B1,B1,Consensus + Uncertainty,173,located,5.115641384307597,-60.794350234067785,51.94812281390297
B1_M03,B1,B1,Consensus + Uncertainty,174,located,6.61676102273653,-61.939309275751796,53.76685657170216
B1_M03,B1,B1,Consensus + Uncertainty,175,located,7.957898862556861,-63.068802096837956,50.70053699938167
B1_M03,B1,B1,Consensus + Uncertainty,176,located,4.666611968267492,-61.54206303862421,50.96040760928131
B1_M03,B1,B1,Consensus + Uncertainty,177,located,6.396506714081296,-62.50242665143285,49.93565289492396
B1_M03,B1,B1,Consensus + Uncertainty,178,located,6.721110377428534,-62.653213546759844,52.89991324471589
B1_M03,B1,B1,Consensus + Uncertainty,179,located,6.174049332922539,-63.385861293520264,50.615624087594256
B1_M03,B1,B1,Consensus + Uncertainty,180,located,5.925251371281752,-62.30886732092053,50.46331098745562
B1_M03,B1,B1,Consensus + Uncertainty,181,located,7.368322712901671,-62.73425612107785,51.167507763884316
B1_M03,B1,B1,Consensus + Uncertainty,182,located,5.620872272304994,-62.92101338574072,51.18830127567179
B1_M03,B1,B1,Consensus + Uncertainty,183,located,4.525170427795356,-62.0157187456787,51.761902351930786
B1_M03,B1,B1,Consensus + Uncertainty,184,located,6.5163487294585725,-62.14645628986554,52.13353360218914
B1_M03,B1,B1,Consensus + Uncertainty,185,located,8.23671970448778,-63.785932197332066,50.916742803841096
B1_M03,B1,B1,Consensus + Uncertainty,186,located,6.5339716532604815,-62.629613985113565,51.28220767523849
B1_M03,B1,B1,Consensus + Uncertainty,187,located,5.294297273462621,-62.800562235573224,53.482332810520454
B1_M03,B1,B1,Consensus + Uncertainty,188,located,6.327286319135205,-62.50142585595201,51.29532242727902
B1_M03,B1,B1,Consensus + Uncertainty,189,located,6.439458856936633,-63.12767159726104,51.41484413089323
B1_M03,B1,B1,Consensus + Uncertainty,190,located,5.474571490058198,-63.0408355309435,49.97379708349133
B1_M03,B1,B1,Consensus + Uncertainty,191,located,6.924743502071653,-63.44316761927574,50.44817895861681
B1_M03,B1,B1,Consensus + Uncertainty,192,located,6.043146526731519,-62.49095178923487,50.95731998569516
B1_M03,B1,B1,Consensus + Uncertainty,193,located,6.998622837093969,-62.83099977241737,52.03734920921233
B1_M03,B1,B1,Consensus + Uncertainty,194,located,4.940829999116344,-61.93170160733591,50.9294952930668
B1_M03,B1,B1,Consensus + Uncertainty,195,located,6.652919012721254,-62.22359096216073,51.438499582100434
B1_M03,B1,B1,Consensus + Uncertainty,196,located,5.382845746160837,-62.52411052995578,51.733189368524805
B1_M03,B1,B1,Consensus + Uncertainty,197,located,6.483910303449279,-62.66710295027744,52.35392535548726
B1_M03,B1,B1,Consensus + Uncertainty,198,located,6.531580393676112,-62.457470977944396,52.12593555699518
B1_M03,B1,B1,Consensus + Uncertainty,199,located,6.041092144353641,-62.16694017586717,52.76271681958619
B1_M03,B1,B1,Consensus + Uncertainty,200,located,6.772326924065385,-62.386921587767844,52.86893777376068
B1_M03,B1,B1,Consensus + Uncertainty,201,located,6.608667629560887,-62.515735941823294,51.051210418922096
B1_M03,B1,B1,Consensus + Uncertainty,202,located,6.645354310772152,-61.97272744632454,52.23430252267371
B1_M03,B1,B1,Consensus + Uncertainty,203,located,6.530794800873031,-61.75169502327033,52.363889472587395
B1_M03,B1,B1,Consensus + Uncertainty,204,located,6.567392634156711,-62.386885680461944,52.62711798070307
B1_M03,B1,B1,Consensus + Uncertainty,205,located,6.318648297033883,-62.08269520349897,51.4457290181435
B1_M03,B1,B1,Consensus + Uncertainty,206,located,6.936799308463223,-62.7450073671354,51.201321251056605
B1_M03,B1,B1,Consensus + Uncertainty,207,located,5.705074975205986,-62.65990731136458,52.060297639933154
B1_M03,B1,B1,Consensus + Uncertainty,208,located,5.689396653882786,-62.82242692570637,51.13747026958629
B1_M03,B1,B1,Consensus + Uncertainty,209,located,6.416130303263503,-62.59747897345909,51.6746717810483
B1_M03,B1,B1,Consensus + Uncertainty,210,located,6.2469514444023995,-61.79769211987734,52.87362702016949
B1_M03,B1,B1,Consensus + Uncertainty,211,located,6.177567273767026,-61.218522248319815,50.32744671898424
B1_M03,B1,B1,Consensus + Uncertainty,212,located,5.855180313998283,-62.744270549631054,51.51571362245279
B1_M03,B1,B1,Consensus + Uncertainty,213,located,6.180388786971693,-61.89646370841663,51.281611140509256
B1_M03,B1,B1,Consensus + Uncertainty,214,located,6.810329685120523,-63.356067997303285,51.18923797143975
B1_M03,B1,B1,Consensus + Uncertainty,215,located,5.801515811140873,-62.36160296872552,51.32168209904542
B1_M03,B1,B1,Consensus + Uncertainty,216,located,4.603693745872851,-62.255345403546,51.300638292362954
B1_M03,B1,B1,Consensus + Uncertainty,217,located,6.373476100524375,-63.762785755981646,51.40798625368796
B1_M03,B1,B1,Consensus + Uncertainty,218,located,7.181451801535438,-62.60642551713971,50.77645888273283
B1_M03,B1,B1,Consensus + Uncertainty,219,located,6.018692161938373,-62.344167115881945,51.265295238441624
B1_M03,B1,B1,Consensus + Uncertainty,220,located,5.227363880806515,-63.20885779899689,52.93120382911498
B1_M03,B1,B1,Consensus + Uncertainty,221,located,6.173683070520957,-62.58640092634482,52.893913566262256
B1_M03,B1,B1,Consensus + Uncertainty,222,located,6.706207310144916,-62.69091481071973,52.29590651323563
B1_M03,B1,B1,Consensus + Uncertainty,223,located,6.541789720241765,-62.15953077369285,50.912371392788884
B1_M03,B1,B1,Consensus + Uncertainty,224,located,5.153625642007217,-62.625500888868615,50.18081571369479
B1_M03,B1,B1,Consensus + Uncertainty,225,located,6.12915118069545,-62.19564025101903,50.69294652637076
B1_M03,B1,B1,Consensus + Uncertainty,226,located,6.507290830699635,-62.01817305370466,52.18577652645876
B1_M03,B1,B1,Consensus + Uncertainty,227,located,6.123610308572567,-62.01594680807803,50.197522696681155
B1_M03,B1,B1,Consensus + Uncertainty,228,located,6.0231852449353,-63.0791523036477,52.880661015845945
B1_M03,B1,B1,Consensus + Uncertainty,229,located,6.1049545716678,-61.339816730807115,52.64205480576597
B1_M03,B1,B1,Consensus + Uncertainty,230,located,6.566320962660713,-63.16510954158963,50.21298841007788
B1_M03,B1,B1,Consensus + Uncertainty,231,located,6.366736694920518,-63.17142717987939,51.30564116112959
B1_M03,B1,B1,Consensus + Uncertainty,232,located,6.460964057269721,-61.92537937652605,51.56075316079167
B1_M03,B1,B1,Consensus + Uncertainty,233,located,5.2942126741203515,-62.64541530740584,50.338277764407486
B1_M03,B1,B1,Consensus + Uncertainty,234,located,5.880342753427606,-61.85166436039938,52.154610059914276
B1_M03,B1,B1,Consensus + Uncertainty,235,located,5.893298307433437,-62.92645191384874,51.99966976296546
B1_M03,B1,B1,Consensus + Uncertainty,236,located,5.609770951105777,-62.54755897968113,52.268662524347036
B1_M03,B1,B1,Consensus + Uncertainty,237,located,6.148494616086466,-62.36208530110086,51.55350171356811
B1_M03,B1,B1,Consensus + Uncertainty,238,located,6.549862801289511,-62.70945975506626,51.5657477278273
B1_M03,B1,B1,Consensus + Uncertainty,239,located,5.782534359831742,-62.59593391811353,50.15883560720361
B1_M03,B1,B1,Consensus + Uncertainty,240,located,5.685796128341707,-62.75389684885009,51.73277456564104
B1_M03,B1,B1,Consensus + Uncertainty,241,located,6.522136425000364,-62.659661087122345,51.47147912554469
B1_M03,B1,B1,Consensus + Uncertainty,242,located,6.54767781190177,-63.275618611539684,50.14166755766764
B1_M03,B1,B1,Consensus + Uncertainty,243,located,6.362270821353966,-63.19924863646989,50.65359969269875
B1_M03,B1,B1,Consensus + Uncertainty,244,located,6.533346039136404,-62.443891445315245,51.83247858574683
B1_M03,B1,B1,Consensus + Uncertainty,245,located,6.640782948771422,-62.41097767447582,51.552106994488604
B1_M03,B1,B1,Consensus + Uncertainty,246,located,7.171357337837004,-62.51057373255193,52.669245354543094
B1_M03,B1,B1,Consensus + Uncertainty,247,located,6.835832731720775,-62.41927762960451,52.30945277335707
B1_M03,B1,B1,Consensus + Uncertainty,248,located,6.580176073774769,-62.22691402761954,51.91219261304118
B1_M03,B1,B1,Consensus + Uncertainty,249,located,6.046422550716439,-62.312901991902905,50.44180033868556
B1_M03,B1,B1,Consensus + Uncertainty,250,located,6.092574082863359,-62.25391412819232,50.867041129892485
B1_M03,B1,B1,Consensus + Uncertainty,251,located,7.104856395796125,-61.75433871662152,51.66084882722845
B1_M03,B1,B1,Consensus + Uncertainty,252,located,6.840393200513246,-63.141695903785816,50.304201510526504
B1_M03,B1,B1,Consensus + Uncertainty,253,located,6.432608872166561,-61.919963225435055,53.78825209321133
B1_M03,B1,B1,Consensus + Uncertainty,254,located,6.5340524835071,-62.6946851249631,51.93414588512321
B1_M03,B1,B1,Consensus + Uncertainty,255,located,6.262076074443881,-62.80580722501867,51.296046415796994
B1_M03,B1,B1,Consensus + Uncertainty,256,located,6.917588937468522,-61.99637154392522,51.837713087191794
B1_M03,B1,B1,Consensus + Uncertainty,257,located,7.370170942872059,-62.763844132239484,50.280512506838555
B1_M03,B1,B1,Consensus + Uncertainty,258,located,6.7021622490672135,-63.09132591366931,51.89692996367931
B1_M03,B1,B1,Consensus + Uncertainty,259,located,7.029018560554407,-61.45313934909824,52.32795705857131
B1_M03,B1,B1,Consensus + Uncertainty,260,located,5.977534204031036,-62.56151896602525,50.60696417306248
B1_M03,B1,B1,Consensus + Uncertainty,261,located,5.852642755147699,-62.39783468736283,51.48556826600852
B1_M03,B1,B1,Consensus + Uncertainty,262,located,6.298651191496588,-62.451544273699554,51.31500185742135
B1_M03,B1,B1,Consensus + Uncertainty,263,located,5.154387877906672,-62.85522825795,52.02838710478884
B1_M03,B1,B1,Consensus + Uncertainty,264,located,6.349706638032091,-62.57523386485103,50.87773108191141
B1_M03,B1,B1,Consensus + Uncertainty,265,located,6.283891697883783,-62.488601314898204,50.644768296408735
B1_M03,B1,B1,Consensus + Uncertainty,266,located,5.139432555792601,-61.38828687291317,52.67487551876666
B1_M03,B1,B1,Consensus + Uncertainty,267,located,7.415966094255117,-63.564343320615265,52.20487478288059
B1_M03,B1,B1,Consensus + Uncertainty,268,located,6.55254351950305,-62.1439656223081,52.82815974783996
B1_M03,B1,B1,Consensus + Uncertainty,269,located,6.479589528351927,-62.81779816790522,49.50742747796855
B1_M03,B1,B1,Consensus + Uncertainty,270,located,5.916040236193925,-62.47200508624741,51.089255646720886
B1_M03,B1,B1,Consensus + Uncertainty,271,located,6.7457793842463145,-62.940578510642695,51.27952722446588
B1_M03,B1,B1,Consensus + Uncertainty,272,located,5.3755877142245385,-62.566636149928314,52.282960446965916
B1_M03,B1,B1,Consensus + Uncertainty,273,located,6.009535348507544,-62.086018956019316,50.645700085200986
B1_M03,B1,B1,Consensus + Uncertainty,274,located,5.1241958290697,-62.376422421244655,50.86300995203419
B1_M03,B1,B1,Consensus + Uncertainty,275,located,5.707511919128909,-62.01720644999766,52.05562038707483
B1_M03,B1,B1,Consensus + Uncertainty,276,located,7.369030216967241,-62.90008149186755,51.91625454041607
B1_M03,B1,B1,Consensus + Uncertainty,277,located,6.045860652243588,-62.21042551989265,49.0625112357462
B1_M03,B1,B1,Consensus + Uncertainty,278,located,7.913413747335402,-63.23234061716488,52.28654501731688
B1_M03,B1,B1,Consensus + Uncertainty,279,located,6.6946066380656815,-62.885985676349605,52.99206030362844
B1_M03,B1,B1,Consensus + Uncertainty,280,located,4.474444463529766,-62.72393834679893,50.74409366832193
B1_M03,B1,B1,Consensus + Uncertainty,281,located,6.300326055713317,-62.878553175898205,52.38474923924735
B1_M03,B1,B1,Consensus + Uncertainty,282,located,5.829202291267168,-62.63000784167507,51.62074747967135
B1_M03,B1,B1,Consensus + Uncertainty,283,located,6.338788260388457,-62.31532177619843,51.5247968619294
B1_M03,B1,B1,Consensus + Uncertainty,284,located,6.266796269275087,-62.08503714358369,51.52856407140641
B1_M03,B1,B1,Consensus + Uncertainty,285,located,6.076385631847608,-62.80449726720069,51.863980166876956
B1_M03,B1,B1,Consensus + Uncertainty,286,located,6.124648048009776,-62.85618644802345,49.875234699563734
B1_M03,B1,B1,Consensus + Uncertainty,287,located,6.696705406150285,-63.05824512459725,50.89839802572555
B1_M03,B1,B1,Consensus + Uncertainty,288,located,5.045597279133991,-61.87898024541856,50.43110269029231
B1_M03,B1,B1,Consensus + Uncertainty,289,located,6.702946197339455,-62.13308767286563,51.51175487102791
B1_M03,B1,B1,Consensus + Uncertainty,290,located,6.082341129706446,-61.50592998692633,51.16613802326915
B1_M03,B1,B1,Consensus + Uncertainty,291,located,5.715497809030607,-61.75109779312089,50.94403693712936
B1_M03,B1,B1,Consensus + Uncertainty,292,located,6.225827259582866,-62.025896142584415,53.23721431454634
B1_M03,B1,B1,Consensus + Uncertainty,293,located,6.658031974510724,-62.39609414360217,51.89461555212277
B1_M03,B1,B1,Consensus + Uncertainty,294,located,7.044893907252597,-62.61257585358857,51.14036968468723
B1_M03,B1,B1,Consensus + Uncertainty,295,located,6.327932037854126,-62.74567611391042,51.272248666030805
B1_M03,B1,B1,Consensus + Uncertainty,296,located,6.631039183740781,-61.746205173819064,51.97097111269058
B1_M03,B1,B1,Consensus + Uncertainty,297,located,6.5194209986002525,-62.48232310913771,51.33052167068864
B1_M03,B1,B1,Consensus + Uncertainty,298,located,7.338931530740231,-61.98138296414646,51.93637698088969
B1_M03,B1,B1,Consensus + Uncertainty,299,located,6.003119918455254,-62.70204640509158,51.04290103233832
B1_M03,B1,B1,Consensus + Uncertainty,300,located,7.256338536165225,-61.86508980386516,50.55786194402613
B1_M03,B1,B1,Consensus + Uncertainty,301,located,6.007314959109268,-62.69441736760531,52.470905111780425
B1_M03,B1,B1,Consensus + Uncertainty,302,located,6.530750313820481,-62.94616896597063,52.98390320839252
B1_M03,B1,B1,Consensus + Uncertainty,303,located,4.784285685272309,-62.05201364018242,50.080830550458124
B1_M03,B1,B1,Consensus + Uncertainty,304,located,6.19362429677454,-63.59033169855391,50.48554046640012
B1_M03,B1,B1,Consensus + Uncertainty,305,located,5.787818356902973,-62.3121041074545,52.52294784596878
B1_M03,B1,B1,Consensus + Uncertainty,306,located,6.31314421926716,-62.26362998935397,52.08949941081759
B1_M03,B1,B1,Consensus + Uncertainty,307,located,6.4446058143810605,-62.28903167341451,51.53825375401468
B1_M03,B1,B1,Consensus + Uncertainty,308,located,5.845233514483149,-62.38426373690574,51.03825550794171
B1_M03,B1,B1,Consensus + Uncertainty,309,located,6.083352200802627,-62.25987722812495,51.36700603621395
B1_M03,B1,B1,Consensus + Uncertainty,310,located,6.534208452183904,-62.71391775976558,50.343065812780324
B1_M03,B1,B1,Consensus + Uncertainty,311,located,6.176172842828396,-62.52702562739796,52.396336660066076
B1_M03,B1,B1,Consensus + Uncertainty,312,located,6.21506516419546,-62.677983758314326,52.206824551131035
B1_M03,B1,B1,Consensus + Uncertainty,313,located,5.224492051830575,-62.0961550944851,52.09712822787568
B1_M03,B1,B1,Consensus + Uncertainty,314,located,7.006447479406241,-61.44852037119004,52.066313896123965
B1_M03,B1,B1,Consensus + Uncertainty,315,located,6.048823801336877,-62.17279411941129,50.93365189295533
B1_M03,B1,B1,Consensus + Uncertainty,316,located,5.994581216289491,-62.840929873848296,50.93863811457113
B1_M03,B1,B1,Consensus + Uncertainty,317,located,6.642259361351991,-62.66333387400135,52.011659598308626
B1_M03,B1,B1,Consensus + Uncertainty,318,located,6.930843271995418,-61.30249594511268,52.56589473205587
B1_M03,B1,B1,Consensus + Uncertainty,319,located,6.789952532987182,-62.186922985312364,51.49170250522113
B1_M03,B1,B1,Consensus + Uncertainty,320,located,6.565573093862428,-63.38838025889994,52.11379847612445
B1_M03,B1,B1,Consensus + Uncertainty,321,located,6.109822823849453,-62.754825579408916,50.726092096151724
B1_M03,B1,B1,Consensus + Uncertainty,322,located,7.066120336207061,-62.367941457442726,51.94505866551631
B1_M03,B1,B1,Consensus + Uncertainty,323,located,6.603181509785368,-63.30704454283713,49.46851452890401
B1_M03,B1,B1,Consensus + Uncertainty,324,located,7.467238277504906,-62.081387993734126,53.33676685927225
B1_M03,B1,B1,Consensus + Uncertainty,325,located,6.81997206449267,-62.35792951486785,51.00349016690767
B1_M03,B1,B1,Consensus + Uncertainty,326,located,6.590268750313,-61.680438894269244,50.02678823639012
B1_M03,B1,B1,Consensus + Uncertainty,327,located,6.209564248609921,-62.070215179580444,51.094812318287524
B1_M03,B1,B1,Consensus + Uncertainty,328,located,6.216581668637174,-61.63011006179052,53.24174547996138
B1_M03,B1,B1,Consensus + Uncertainty,329,located,6.286750501104381,-62.44587660444972,53.3273577432201
B1_M03,B1,B1,Consensus + Uncertainty,330,located,5.867079832809242,-61.86026872061433,51.99454226588736
B1_M03,B1,B1,Consensus + Uncertainty,331,located,6.26566158654846,-62.97297475929119,51.787546211853105
B1_M03,B1,B1,Consensus + Uncertainty,332,located,5.828271346697931,-61.861001550375235,51.56312949181508
B1_M03,B1,B1,Consensus + Uncertainty,333,located,5.888817583579446,-61.63755126852654,50.434715944900205
B1_M03,B1,B1,Consensus + Uncertainty,334,located,6.4455903462577835,-62.7349847707699,52.065076909876446
B1_M03,B1,B1,Consensus + Uncertainty,335,located,6.568113052773247,-61.47136124299561,52.17875418154126
B1_M03,B1,B1,Consensus + Uncertainty,336,located,6.789080177755825,-62.06089907477404,52.37208925935414
B1_M03,B1,B1,Consensus + Uncertainty,337,located,6.0161940481359375,-62.053366259472824,52.13064443158201
B1_M03,B1,B1,Consensus + Uncertainty,338,located,5.294210544752705,-63.97651972950514,49.74408629921345
B1_M03,B1,B1,Consensus + Uncertainty,339,located,6.16152010071005,-62.23866142964661,51.907835533813625
B1_M03,B1,B1,Consensus + Uncertainty,340,located,6.759656971565575,-62.5582109851556,53.15692966589958
B1_M03,B1,B1,Consensus + Uncertainty,341,located,7.178338126922097,-62.4004871125546,51.88528394736399
B1_M03,B1,B1,Consensus + Uncertainty,342,located,6.122248391203778,-62.26452957932834,49.90246060527979
B1_M03,B1,B1,Consensus + Uncertainty,343,located,2.9972432432041294,-62.49078935261318,50.5960568382827
B1_M03,B1,B1,Consensus + Uncertainty,344,located,6.1713541797645695,-62.69002453741476,52.18541918634493
B1_M03,B1,B1,Consensus + Uncertainty,345,located,6.860255462315247,-62.38689528993609,52.66507658172991
B1_M03,B1,B1,Consensus + Uncertainty,346,located,6.034080002351364,-62.13143742180701,52.150674887254226
B1_M03,B1,B1,Consensus + Uncertainty,347,located,6.416689435050494,-62.21043636524551,50.79467679747386
B1_M03,B1,B1,Consensus + Uncertainty,348,located,7.661921185217206,-63.18741371223629,49.56780532033763
B1_M03,B1,B1,Consensus + Uncertainty,349,located,6.278834439727173,-62.1447219784032,51.49758643401781
B1_M03,B1,B1,Consensus + Uncertainty,350,located,6.416471563718986,-62.72913629663648,52.37026556890815
B1_M03,B1,B1,Consensus + Uncertainty,351,located,6.1574285100780655,-62.51705271413161,51.22865330258011
B1_M03,B1,B1,Consensus + Uncertainty,352,located,6.013091795212056,-62.231780616984125,52.32460729655489
B1_M03,B1,B1,Consensus + Uncertainty,353,located,6.056536413332633,-62.61411885195082,52.124870802670976
B1_M03,B1,B1,Consensus + Uncertainty,354,located,6.5456495583974545,-61.624189599315514,53.44080050425711
B1_M03,B1,B1,Consensus + Uncertainty,355,located,6.268571726557346,-63.549195142403235,51.43957559229926
B1_M03,B1,B1,Consensus + Uncertainty,356,located,5.802215890359969,-63.299536705642126,51.543269223624335
B1_M03,B1,B1,Consensus + Uncertainty,357,located,6.382022155437906,-63.17545440784127,51.735033950453044
B1_M03,B1,B1,Consensus + Uncertainty,358,located,6.650069996148311,-62.16640242676944,50.97162873853129
B1_M03,B1,B1,Consensus + Uncertainty,359,located,6.76427485886192,-62.88098579324421,52.199811538197466
B1_M03,B1,B1,Consensus + Uncertainty,360,located,5.833358592683467,-62.79562634382354,51.34467236834295
B1_M03,B1,B1,Consensus + Uncertainty,361,located,6.7520073994238,-62.04408065926802,54.04114649427957
B1_M03,B1,B1,Consensus + Uncertainty,362,located,6.234633681485582,-62.67609212284705,52.20837336835757
B1_M03,B1,B1,Consensus + Uncertainty,363,located,6.829917993940558,-62.41640200979205,53.305272189577245
B1_M03,B1,B1,Consensus + Uncertainty,364,located,7.10749927739424,-63.394084637784346,52.09853708539413
B1_M03,B1,B1,Consensus + Uncertainty,365,located,7.131339690535825,-63.05551195004149,51.14198189172505
B1_M03,B1,B1,Consensus + Uncertainty,366,located,4.907178577930126,-63.10419431321152,51.9536694300863
B1_M03,B1,B1,Consensus + Uncertainty,367,located,6.806762158118226,-62.40641879307279,52.49242632993384
B1_M03,B1,B1,Consensus + Uncertainty,368,located,6.180286970924988,-61.74295850124564,51.252022613256145
B1_M03,B1,B1,Consensus + Uncertainty,369,located,6.868413602798321,-61.553345616967704,53.1300920689807
B1_M03,B1,B1,Consensus + Uncertainty,370,located,6.232204988444004,-62.45624374071966,52.288587761033305
B1_M03,B1,B1,Consensus + Uncertainty,371,located,6.103233512278218,-62.98953476578929,51.91464726656839
B1_M03,B1,B1,Consensus + Uncertainty,372,located,5.963948954671375,-62.7373883601181,50.18102235381658
B1_M03,B1,B1,Consensus + Uncertainty,373,located,6.023463018456764,-61.83971165631287,52.38993562073041
B1_M03,B1,B1,Consensus + Uncertainty,374,located,6.406041304530943,-62.94002019450774,52.28373053594098
B1_M03,B1,B1,Consensus + Uncertainty,375,located,6.89431606386344,-63.24329806763322,51.0901129084523
B1_M03,B1,B1,Consensus + Uncertainty,376,located,7.361344526930819,-62.48243068816792,51.60248741535392
B1_M03,B1,B1,Consensus + Uncertainty,377,located,6.046506011486898,-62.715605415239196,52.82331975514565
B1_M03,B1,B1,Consensus + Uncertainty,378,located,5.9195147357245865,-62.73034650838159,52.23064710044522
B1_M03,B1,B1,Consensus + Uncertainty,379,located,6.160180731962641,-63.212488749729275,50.58199154838869
B1_M03,B1,B1,Consensus + Uncertainty,380,located,5.706330835833085,-62.684630826068584,51.53374187962585
B1_M03,B1,B1,Consensus + Uncertainty,381,located,6.398951638357013,-62.42957048383096,50.53735935605582
B1_M03,B1,B1,Consensus + Uncertainty,382,located,6.555942060691646,-61.401306095677555,52.44260907205156
B1_M03,B1,B1,Consensus + Uncertainty,383,located,6.722283898206692,-62.495169338947676,51.56474720113908
B1_M03,B1,B1,Consensus + Uncertainty,384,located,6.244005464355373,-62.545350142951975,50.4263806604936
B1_M03,B1,B1,Consensus + Uncertainty,385,located,6.169622930498739,-62.11784446488858,51.034460421787664
B1_M03,B1,B1,Consensus + Uncertainty,386,located,5.8941746032461415,-62.610039878601725,50.88635130313966
B1_M03,B1,B1,Consensus + Uncertainty,387,located,6.149028811463067,-62.534144998782224,49.6196028372009
B1_M03,B1,B1,Consensus + Uncertainty,388,located,6.114796220798486,-61.92801370627102,51.64988251578285
B1_M03,B1,B1,Consensus + Uncertainty,389,located,5.951831337288031,-61.907699313994215,52.78357684916183
B1_M03,B1,B1,Consensus + Uncertainty,390,located,6.474470577024253,-63.17414145358265,51.75026247388967
B1_M03,B1,B1,Consensus + Uncertainty,391,located,6.4532688162678475,-61.83645355068954,52.49192233039428
B1_M03,B1,B1,Consensus + Uncertainty,392,located,6.241200044164759,-62.974848866854714,52.52060122700263
B1_M03,B1,B1,Consensus + Uncertainty,393,located,5.374339937331454,-62.63262380537164,50.314543776815356
B1_M03,B1,B1,Consensus + Uncertainty,394,located,6.272418288606787,-62.69220375262039,51.28446991426745
B1_M03,B1,B1,Consensus + Uncertainty,395,located,5.4774789426230575,-61.94890552162374,52.01111099307642
B1_M03,B1,B1,Consensus + Uncertainty,396,located,6.9714805386320355,-62.44115775106329,50.37622075938358
B1_M03,B1,B1,Consensus + Uncertainty,397,located,6.346972148569558,-62.277260580917684,51.304321447742225
B1_M03,B1,B1,Consensus + Uncertainty,398,located,6.465577395094818,-62.46300546909539,52.49122812490054
B1_M03,B1,B1,Consensus + Uncertainty,399,located,6.071981117220401,-62.40868443983298,50.486874310527924
B1_legacy,B1,B1,M0,0,located,5.7398681490595935,-62.948375913598525,52.35681833908314
B1_legacy,B1,B1,M0,1,located,6.006574173416896,-63.35733722760371,51.56933889966035
B1_legacy,B1,B1,M0,2,located,7.439058288991479,-62.70051666163948,50.21513476325409
B1_legacy,B1,B1,M0,3,located,7.181817995164847,-62.73007039879245,52.13345395659878
B1_legacy,B1,B1,M0,4,located,6.091177165864934,-62.82529619060904,50.088672016158505
B1_legacy,B1,B1,M0,5,located,5.873799013235856,-62.53841999944085,50.215372236085145
B1_legacy,B1,B1,M0,6,located,6.0352290875370995,-63.30890480453782,49.872946530355875
B1_legacy,B1,B1,M0,7,located,6.995125966023479,-62.32643270444974,49.22053501333292
B1_legacy,B1,B1,M0,8,located,6.7404637677156485,-62.38160757299256,51.000731429178714
B1_legacy,B1,B1,M0,9,located,6.242281150950779,-62.653813075837796,47.95308955345213
B1_legacy,B1,B1,M0,10,located,6.621414791340645,-62.02591836692679,50.3033985334521
B1_legacy,B1,B1,M0,11,located,6.185330719884855,-62.86466856605009,53.01422847230471
B1_legacy,B1,B1,M0,12,located,6.350566284807081,-63.326944736736465,53.82907946193929
B1_legacy,B1,B1,M0,13,located,5.206797685119047,-63.320678909374166,53.28186642465673
B1_legacy,B1,B1,M0,14,located,6.385374716955216,-63.19806099303394,50.80006716780475
B1_legacy,B1,B1,M0,15,located,6.9923233434460235,-62.17564334630147,49.80972313800595
B1_legacy,B1,B1,M0,16,located,7.013141549768276,-64.53267614455254,51.32178264316967
B1_legacy,B1,B1,M0,17,located,6.618767150536898,-62.31564645479483,52.79975998667763
B1_legacy,B1,B1,M0,18,located,8.371045782527188,-62.888871324968875,48.65869292717618
B1_legacy,B1,B1,M0,19,located,5.565149015735119,-62.731134456689375,51.510218130162635
B1_legacy,B1,B1,M0,20,located,6.37207893057402,-63.24690370473013,51.36317841769309
B1_legacy,B1,B1,M0,21,located,4.825458197333491,-62.96758918057353,53.07214042895892
B1_legacy,B1,B1,M0,22,located,5.630012264673385,-62.68607687837111,49.030403585947994
B1_legacy,B1,B1,M0,23,located,6.226810731675564,-64.44956682792201,50.59829904897452
B1_legacy,B1,B1,M0,24,located,6.0066029717127165,-62.74118477599748,52.26565352269756
B1_legacy,B1,B1,M0,25,located,6.540568648976458,-62.443070130780825,51.11445262207311
B1_legacy,B1,B1,M0,26,located,5.226596458661245,-63.532491670538064,51.10022046667956
B1_legacy,B1,B1,M0,27,located,5.753336658634327,-63.90901978590333,52.51385946062775
B1_legacy,B1,B1,M0,28,located,6.063300117488183,-62.95422312575336,51.602966235653106
B1_legacy,B1,B1,M0,29,located,6.376121484715505,-62.696297414718785,50.59483832362324
B1_legacy,B1,B1,M0,30,located,4.369655372210409,-62.631479705114856,50.7340023880879
B1_legacy,B1,B1,M0,31,located,5.77378828159614,-62.388414847755236,50.36222898211805
B1_legacy,B1,B1,M0,32,located,7.337889594220946,-62.72553723071783,50.26665072410772
B1_legacy,B1,B1,M0,33,located,6.692697518162908,-62.21334647457006,51.20818590652531
B1_legacy,B1,B1,M0,34,located,6.507683041180684,-62.53737852192404,54.111032481089666
B1_legacy,B1,B1,M0,35,located,5.2630139056262255,-63.836785606327474,53.553013439906444
B1_legacy,B1,B1,M0,36,located,7.108923962695666,-62.926033582654284,51.420263262234954
B1_legacy,B1,B1,M0,37,located,4.666645463677778,-62.59076941909443,52.95333927013297
B1_legacy,B1,B1,M0,38,located,6.087549763225099,-61.83804821418907,50.728889996705526
B1_legacy,B1,B1,M0,39,located,5.082055679461347,-63.75031450454034,52.75439257597455
B1_legacy,B1,B1,M0,40,located,6.575925169572959,-63.25053203835029,49.26384649731826
B1_legacy,B1,B1,M0,41,located,6.276473518501127,-62.20129533240033,50.397834390980606
B1_legacy,B1,B1,M0,42,located,5.290225099099889,-62.36391713852731,51.28320705883903
B1_legacy,B1,B1,M0,43,located,6.997320431949434,-62.40999198546707,49.09115085149709
B1_legacy,B1,B1,M0,44,located,5.782158119904564,-63.278796936800106,50.009282340675064
B1_legacy,B1,B1,M0,45,located,6.413090216292115,-63.2706267643482,51.204001983546725
B1_legacy,B1,B1,M0,46,located,7.0818186582430265,-62.45737704171332,48.84865078737132
B1_legacy,B1,B1,M0,47,located,6.208851295192407,-63.483488919815876,49.58411201100829
B1_legacy,B1,B1,M0,48,located,5.35768242481673,-62.95622145283979,48.54170591606515
B1_legacy,B1,B1,M0,49,located,4.933020059032008,-63.61988956734246,52.80352528513559
B1_legacy,B1,B1,M0,50,located,5.57997719417747,-65.12114611543569,52.420533279427076
B1_legacy,B1,B1,M0,51,located,4.6726099154637675,-62.655652021566056,51.54532198471569
B1_legacy,B1,B1,M0,52,located,5.324964448579056,-63.24629835025341,51.09756336847338
B1_legacy,B1,B1,M0,53,located,6.24950126069045,-63.91518497428015,52.60799734373114
B1_legacy,B1,B1,M0,54,located,8.153362888240517,-63.560446538642296,48.97735725344096
B1_legacy,B1,B1,M0,55,located,5.909511681189422,-62.91686928443172,53.09999498821446
B1_legacy,B1,B1,M0,56,located,7.3627726870887695,-62.800860956604225,52.1842939581682
B1_legacy,B1,B1,M0,57,located,5.360152035481114,-64.21626521944724,49.981938287218355
B1_legacy,B1,B1,M0,58,located,6.141060455638117,-61.561024929813115,51.5301514583932
B1_legacy,B1,B1,M0,59,located,7.0671505913257615,-62.646781033919524,50.4283635465559
B1_legacy,B1,B1,M0,60,located,5.197147753174616,-61.812520837038704,53.42114610553247
B1_legacy,B1,B1,M0,61,located,6.642736763638169,-63.43476299975386,50.7768548373788
B1_legacy,B1,B1,M0,62,located,7.779729988599808,-62.93175379481772,49.77086294201701
B1_legacy,B1,B1,M0,63,located,5.174119829834153,-63.12855981882471,50.41995584182147
B1_legacy,B1,B1,M0,64,located,7.365369710928697,-64.10770589397107,50.84905346755044
B1_legacy,B1,B1,M0,65,located,7.086321524122824,-63.34058312497179,50.62773747504357
B1_legacy,B1,B1,M0,66,located,5.988402357387255,-62.717295793081746,52.20829574569295
B1_legacy,B1,B1,M0,67,located,5.745816511064618,-63.60618467235287,50.484277969435894
B1_legacy,B1,B1,M0,68,located,7.5389899606185775,-62.90179384040935,50.91751922016084
B1_legacy,B1,B1,M0,69,located,7.079816126194769,-62.906551599980396,51.499431495787945
B1_legacy,B1,B1,M0,70,located,6.1712615866756755,-63.75139055864588,50.91859046820406
B1_legacy,B1,B1,M0,71,located,6.50593257798583,-63.472378820953864,50.44201517992747
B1_legacy,B1,B1,M0,72,located,7.653298109861981,-62.78689136441913,49.55875790335511
B1_legacy,B1,B1,M0,73,located,6.2514064287630156,-63.172396063896656,53.469982857955195
B1_legacy,B1,B1,M0,74,located,6.3590629701021335,-63.02712097976018,51.259875763357826
B1_legacy,B1,B1,M0,75,located,6.337649137343116,-63.78679140475524,50.72089351677911
B1_legacy,B1,B1,M0,76,located,7.007066139912181,-62.09660840889525,52.22244777481659
B1_legacy,B1,B1,M0,77,located,4.309747865102334,-61.97033199139835,52.81167722113964
B1_legacy,B1,B1,M0,78,located,6.4881796483881145,-63.111377759841965,51.22783341083178
B1_legacy,B1,B1,M0,79,located,5.671957445251313,-62.37592332275197,53.0912180663548
B1_legacy,B1,B1,M0,80,located,7.008390718941985,-62.01911111292599,51.73910634688937
B1_legacy,B1,B1,M0,81,located,6.721978230499306,-63.092274522176275,48.522195653318676
B1_legacy,B1,B1,M0,82,located,6.2333308645393375,-62.14131943680862,52.03011002622296
B1_legacy,B1,B1,M0,83,located,7.182731145839725,-63.62789927418824,47.71793971668284
B1_legacy,B1,B1,M0,84,located,5.7971844602830345,-62.917112617411696,50.195854849379806
B1_legacy,B1,B1,M0,85,located,5.987530548468534,-62.91166012396263,54.2476088757425
B1_legacy,B1,B1,M0,86,located,6.7727684469504865,-63.477159923493744,49.880729360265285
B1_legacy,B1,B1,M0,87,located,5.986676922238298,-61.924963730734675,51.29900979474778
B1_legacy,B1,B1,M0,88,located,7.63065605690658,-62.40823203923933,51.29953898988027
B1_legacy,B1,B1,M0,89,located,6.78669112031275,-62.839642598506174,51.74370033009311
B1_legacy,B1,B1,M0,90,located,6.192980708791493,-63.20866026434853,49.49639295832982
B1_legacy,B1,B1,M0,91,located,3.5386582810751475,-62.140972008314165,50.87009027062767
B1_legacy,B1,B1,M0,92,located,5.515559880155956,-62.90337472793713,53.46757528041039
B1_legacy,B1,B1,M0,93,located,7.397328924119674,-62.741894222322756,49.68197708907189
B1_legacy,B1,B1,M0,94,located,6.960079609921266,-63.27792936223561,50.71108228434106
B1_legacy,B1,B1,M0,95,located,5.582030650377403,-63.0539295694161,52.50183288070479
B1_legacy,B1,B1,M0,96,located,6.485123202524387,-62.27801718044477,51.032931691131566
B1_legacy,B1,B1,M0,97,located,6.820119668269214,-62.49972759591903,50.60454064130154
B1_legacy,B1,B1,M0,98,located,5.725777989868269,-62.40501935737466,50.43490679833061
B1_legacy,B1,B1,M0,99,located,6.95347980234415,-61.875812401319024,52.4008089435725
B1_legacy,B1,B1,M0,100,located,6.351475683244108,-62.04789729408962,50.16152602280308
B1_legacy,B1,B1,M0,101,located,5.735778312625566,-62.23456012976538,51.99208484936088
B1_legacy,B1,B1,M0,102,located,6.934927144333014,-62.402037160325165,51.9559624914131
B1_legacy,B1,B1,M0,103,located,5.637352225577174,-62.95170496227888,52.43875709242842
B1_legacy,B1,B1,M0,104,located,6.432023111041142,-63.38125600021392,49.01281864933802
B1_legacy,B1,B1,M0,105,located,7.011719233893106,-62.86442658383147,50.8325388444797
B1_legacy,B1,B1,M0,106,located,7.3799823984898625,-63.2637855929307,51.47228684166724
B1_legacy,B1,B1,M0,107,located,5.507551447320114,-62.74602174516512,52.89233618125442
B1_legacy,B1,B1,M0,108,located,7.822417558074233,-63.474092196139,47.57239809858326
B1_legacy,B1,B1,M0,109,located,6.472574016178202,-63.41623005478812,51.59515463907237
B1_legacy,B1,B1,M0,110,located,6.332532097050663,-61.759657899435176,51.57201535584843
B1_legacy,B1,B1,M0,111,located,5.778461380394576,-61.20003233730034,51.376854797737046
B1_legacy,B1,B1,M0,112,located,7.854085470933865,-61.73843861275398,50.4479867335594
B1_legacy,B1,B1,M0,113,located,7.0188790439474955,-63.56410242693226,51.614005826591054
B1_legacy,B1,B1,M0,114,located,5.4973969378623035,-62.17632055730047,54.95956157050681
B1_legacy,B1,B1,M0,115,located,7.835103216235077,-63.23020098721618,49.405615862520996
B1_legacy,B1,B1,M0,116,located,6.347971170816599,-61.281333093819924,51.860731849495416
B1_legacy,B1,B1,M0,117,located,7.6142968716790715,-62.870737776914424,48.85095254712082
B1_legacy,B1,B1,M0,118,located,7.853412775103277,-63.351961320233784,51.88694132267285
B1_legacy,B1,B1,M0,119,located,6.900508844403628,-62.966024895691476,52.82001621679003
B1_legacy,B1,B1,M0,120,located,6.355478091944927,-62.36449902920474,50.88502184183461
B1_legacy,B1,B1,M0,121,located,4.827536248020952,-63.27866686679198,51.85118353220243
B1_legacy,B1,B1,M0,122,located,5.908556420603436,-61.696096305088346,53.015313033282474
B1_legacy,B1,B1,M0,123,located,6.665601860149382,-62.30523101029661,49.93788353051145
B1_legacy,B1,B1,M0,124,located,4.447752492048357,-63.109755238367356,52.940644100234586
B1_legacy,B1,B1,M0,125,located,5.217281516061506,-62.91516008525456,50.87282302205957
B1_legacy,B1,B1,M0,126,located,5.415998859926753,-62.112282378131255,51.64108657439367
B1_legacy,B1,B1,M0,127,located,5.903759637820899,-63.59290907743822,51.119411623716374
B1_legacy,B1,B1,M0,128,located,5.161270625634387,-62.64871085703802,53.973348237437094
B1_legacy,B1,B1,M0,129,located,5.031733822824444,-63.33914731906135,50.951381721254705
B1_legacy,B1,B1,M0,130,located,6.169384113847439,-63.663321654113595,50.72763930846246
B1_legacy,B1,B1,M0,131,located,5.428912709796669,-62.55069404015937,50.230078933154104
B1_legacy,B1,B1,M0,132,located,7.474854677308699,-62.85922937938067,50.503248464072826
B1_legacy,B1,B1,M0,133,located,6.435309118984204,-63.382468743727664,51.80998251506133
B1_legacy,B1,B1,M0,134,located,5.6777196144146025,-62.14176700668564,52.13026371929279
B1_legacy,B1,B1,M0,135,located,5.525429050348119,-62.317905768461515,51.79183811094081
B1_legacy,B1,B1,M0,136,located,6.290318568358108,-63.495817882483685,49.48319044167291
B1_legacy,B1,B1,M0,137,located,5.447676947344641,-63.616328774465075,50.26773966855631
B1_legacy,B1,B1,M0,138,located,5.437716061269912,-64.36676761918221,52.08739474156874
B1_legacy,B1,B1,M0,139,located,6.033693806942264,-62.5280397245364,51.92854077494659
B1_legacy,B1,B1,M0,140,located,6.088671827297268,-62.74889037777992,51.49746663716196
B1_legacy,B1,B1,M0,141,located,5.863370442954281,-62.488470850087765,54.737668675541244
B1_legacy,B1,B1,M0,142,located,6.817900687280947,-63.169430918715705,50.658074646172764
B1_legacy,B1,B1,M0,143,located,5.3929415042477995,-63.50185658149157,50.989258796036516
B1_legacy,B1,B1,M0,144,located,6.4339363646255565,-62.733925247432154,47.60185736289532
B1_legacy,B1,B1,M0,145,located,7.3659718812114265,-62.16346393227137,50.75105458942213
B1_legacy,B1,B1,M0,146,located,5.503628190292888,-62.608201346929285,51.79000144016135
B1_legacy,B1,B1,M0,147,located,6.808620554284954,-62.86899347415726,52.29534076174294
B1_legacy,B1,B1,M0,148,located,6.958460841576318,-63.54465004246049,51.707272722179674
B1_legacy,B1,B1,M0,149,located,5.054706844424926,-61.97766622622047,51.624934167407645
B1_legacy,B1,B1,M0,150,located,5.191634204365951,-63.06022956303326,49.97761240086396
B1_legacy,B1,B1,M0,151,located,5.360016780045972,-61.87221937292179,51.824533874941956
B1_legacy,B1,B1,M0,152,located,6.217694344715552,-62.907078082825386,51.92707766912415
B1_legacy,B1,B1,M0,153,located,6.673644692011356,-63.9448493142725,50.83811193813875
B1_legacy,B1,B1,M0,154,located,8.038798507937685,-62.5882318099417,49.6620905492668
B1_legacy,B1,B1,M0,155,located,6.254997825898781,-61.85074217910188,51.609745530399906
B1_legacy,B1,B1,M0,156,located,7.399237006574829,-62.90014066135777,52.77023308531274
B1_legacy,B1,B1,M0,157,located,5.678812566881776,-63.33120344305656,51.00681415192145
B1_legacy,B1,B1,M0,158,located,6.6510622299395985,-61.82598314687037,49.80913101968637
B1_legacy,B1,B1,M0,159,located,4.4696847047377375,-62.59624437107523,51.64440310389841
B1_legacy,B1,B1,M0,160,located,6.787658960846131,-62.48949793947836,52.591823686260504
B1_legacy,B1,B1,M0,161,located,6.7702355278345605,-62.32323754754708,49.97867949875072
B1_legacy,B1,B1,M0,162,located,5.592772069927893,-64.03241950231462,52.16202483562377
B1_legacy,B1,B1,M0,163,located,5.369064156105944,-62.700851681114486,52.938043296059334
B1_legacy,B1,B1,M0,164,located,6.941473067976544,-62.553211440723736,50.28655357494838
B1_legacy,B1,B1,M0,165,located,5.97062202775983,-62.96630954865141,52.85646081685285
B1_legacy,B1,B1,M0,166,located,6.586968881969285,-62.95107045142755,48.99905416090089
B1_legacy,B1,B1,M0,167,located,6.000551379001033,-62.580554887784785,52.24440882714595
B1_legacy,B1,B1,M0,168,located,7.485504257615381,-62.182963704144555,49.89354669491166
B1_legacy,B1,B1,M0,169,located,6.25436971502246,-61.8052457670038,51.972664629311446
B1_legacy,B1,B1,M0,170,located,6.025541153943872,-63.01207342433421,52.881451121609345
B1_legacy,B1,B1,M0,171,located,5.622578168072934,-62.9697234963693,51.7992375027737
B1_legacy,B1,B1,M0,172,located,6.4033871938714855,-62.74526006145528,51.98867893752108
B1_legacy,B1,B1,M0,173,located,7.828019456283782,-63.593635103548934,48.26879460339049
B1_legacy,B1,B1,M0,174,located,5.4951096715810115,-61.94750085569795,53.01156988765053
B1_legacy,B1,B1,M0,175,located,5.2798241262278545,-62.46197887498286,49.75971944907508
B1_legacy,B1,B1,M0,176,located,6.817288934859407,-63.209223358283296,51.85792612246313
B1_legacy,B1,B1,M0,177,located,6.131337072384971,-63.24711096136104,51.16767786363127
B1_legacy,B1,B1,M0,178,located,5.322759059442547,-63.21844581246641,51.97750290716959
B1_legacy,B1,B1,M0,179,located,7.000652809103857,-63.511285697854234,51.30184632637962
B1_legacy,B1,B1,M0,180,located,6.819142432487038,-61.80616608055595,52.558392891659864
B1_legacy,B1,B1,M0,181,located,5.311363471327546,-62.63080807349618,52.884247343657805
B1_legacy,B1,B1,M0,182,located,5.839680060512504,-61.77693231415864,52.00182617624429
B1_legacy,B1,B1,M0,183,located,5.692806386238054,-62.313739771144014,50.354086232346695
B1_legacy,B1,B1,M0,184,located,6.026040500687777,-62.60575352172545,50.529630832005985
B1_legacy,B1,B1,M0,185,located,7.486488870095869,-62.097571369705335,51.685601270471956
B1_legacy,B1,B1,M0,186,located,6.209036152992248,-63.573270123467665,50.38487687370402
B1_legacy,B1,B1,M0,187,located,6.22197743516292,-61.53004496538128,50.12130871726857
B1_legacy,B1,B1,M0,188,located,6.485537419732578,-62.9773772085654,52.419927477470786
B1_legacy,B1,B1,M0,189,located,6.060264728547289,-63.23399154620323,51.278436354258766
B1_legacy,B1,B1,M0,190,located,5.513644909562631,-62.79391705665243,52.411478270797325
B1_legacy,B1,B1,M0,191,located,5.874761477060761,-62.61701411523981,52.35571407074796
B1_legacy,B1,B1,M0,192,located,8.791845393474846,-62.457338121283435,48.32809150875135
B1_legacy,B1,B1,M0,193,located,5.302096962952727,-62.285353880680184,52.87657236014169
B1_legacy,B1,B1,M0,194,located,6.6713761889617595,-62.41966262363696,49.47830638431076
B1_legacy,B1,B1,M0,195,located,6.279341120541772,-62.63954911770185,52.79599941209729
B1_legacy,B1,B1,M0,196,located,5.475318152929977,-63.41165289164071,51.99906533441269
B1_legacy,B1,B1,M0,197,located,6.780753377551736,-62.297662186892886,52.727997526847005
B1_legacy,B1,B1,M0,198,located,5.139380295965479,-62.78143180363429,49.98086131534355
B1_legacy,B1,B1,M0,199,located,6.006518946140548,-64.89835475295318,51.30052527300858
B1_legacy,B1,B1,M0,200,located,4.212513659662843,-62.919829177726164,52.69510353526058
B1_legacy,B1,B1,M0,201,located,4.947636005153239,-62.05745222430936,51.29249935662995
B1_legacy,B1,B1,M0,202,located,4.601275060076876,-63.42732787218778,50.716151900790514
B1_legacy,B1,B1,M0,203,located,6.11220542809449,-61.47278379525301,50.91053598955964
B1_legacy,B1,B1,M0,204,located,6.397449923314513,-62.99851875713858,48.506006893475224
B1_legacy,B1,B1,M0,205,located,6.395158474753587,-63.496003522087825,51.04264768311102
B1_legacy,B1,B1,M0,206,located,6.7109701391796905,-63.35311120968611,50.84294540761226
B1_legacy,B1,B1,M0,207,located,6.769133369801841,-62.9880086033798,51.365788896523135
B1_legacy,B1,B1,M0,208,located,6.500157147787144,-62.06462995600442,50.87654352280516
B1_legacy,B1,B1,M0,209,located,5.452268383761741,-63.274093640724445,51.5190169342108
B1_legacy,B1,B1,M0,210,located,4.472842018294175,-62.359827618731074,52.43026412008018
B1_legacy,B1,B1,M0,211,located,7.615988621286903,-62.44164304085298,49.51247737375387
B1_legacy,B1,B1,M0,212,located,6.012270519811048,-63.043202920697006,51.95529537102952
B1_legacy,B1,B1,M0,213,located,5.2998726334114785,-62.028394128379155,52.29273725983242
B1_legacy,B1,B1,M0,214,located,7.492176260855756,-63.247721524657635,49.91963332237688
B1_legacy,B1,B1,M0,215,located,6.598383473014257,-63.09759667541502,51.87990601892882
B1_legacy,B1,B1,M0,216,located,5.092366803439938,-62.736716019675264,53.791368024276714
B1_legacy,B1,B1,M0,217,located,5.909016425332976,-63.536179182082,51.35663344722233
B1_legacy,B1,B1,M0,218,located,6.653999107249783,-63.14061021440905,49.41955457231166
B1_legacy,B1,B1,M0,219,located,7.130756278661673,-62.39180306314117,51.49674125794817
B1_legacy,B1,B1,M0,220,located,4.409197826192676,-63.46512164337729,50.14912841761693
B1_legacy,B1,B1,M0,221,located,7.142720076910745,-62.56084640805591,51.19506642640257
B1_legacy,B1,B1,M0,222,located,7.020771402728587,-63.776077077245844,51.74250628343286
B1_legacy,B1,B1,M0,223,located,6.8480010693147495,-63.18006098500954,49.56165934427627
B1_legacy,B1,B1,M0,224,located,6.3026753369614905,-62.77591602533362,50.10753702074814
B1_legacy,B1,B1,M0,225,located,6.910426083745029,-63.48546345430065,51.543182528435295
B1_legacy,B1,B1,M0,226,located,4.980961754673452,-63.36869327461273,50.97081644351567
B1_legacy,B1,B1,M0,227,located,5.523583906485628,-63.24290419992141,51.93001113041743
B1_legacy,B1,B1,M0,228,located,6.550696684300258,-62.00464369972887,51.73957533812715
B1_legacy,B1,B1,M0,229,located,6.070038581939813,-61.533694037953914,50.174853064907964
B1_legacy,B1,B1,M0,230,located,4.723782702934988,-62.660915731992056,52.073052954254656
B1_legacy,B1,B1,M0,231,located,6.658371885298084,-63.187142312801186,51.989378051609705
B1_legacy,B1,B1,M0,232,located,5.780160113970338,-63.03734656641491,52.39461445013032
B1_legacy,B1,B1,M0,233,located,5.9790170958816145,-62.80028007728456,51.167614017510914
B1_legacy,B1,B1,M0,234,located,5.686155689231217,-62.60065206995458,51.09044049671047
B1_legacy,B1,B1,M0,235,located,6.151693117143792,-63.071716431411694,52.687153495632245
B1_legacy,B1,B1,M0,236,located,6.03252985882796,-63.3118322580999,50.258588990778186
B1_legacy,B1,B1,M0,237,located,5.237684600039198,-61.858001112283304,50.956135390577074
B1_legacy,B1,B1,M0,238,located,6.0094589499390905,-62.59728689602339,51.20141042088572
B1_legacy,B1,B1,M0,239,located,6.267036135232955,-62.90779496980605,49.74378700275409
B1_legacy,B1,B1,M0,240,located,4.583992554125287,-63.047039446289894,50.941292181438335
B1_legacy,B1,B1,M0,241,located,5.721100112279817,-62.564808040559655,49.85792775659881
B1_legacy,B1,B1,M0,242,located,5.175690815661188,-61.88816850043459,52.99380720990568
B1_legacy,B1,B1,M0,243,located,5.061525507037948,-63.05759526710463,52.272849970556706
B1_legacy,B1,B1,M0,244,located,6.212355538467213,-62.0087950384401,51.1379428555682
B1_legacy,B1,B1,M0,245,located,5.877050825022979,-62.98421067549279,50.89098669470908
B1_legacy,B1,B1,M0,246,located,6.156806844520584,-62.856040008067026,51.1904807435647
B1_legacy,B1,B1,M0,247,located,5.596716605748304,-62.70513997532124,49.33880839055153
B1_legacy,B1,B1,M0,248,located,6.418387869347609,-61.6283568269849,50.3112315602802
B1_legacy,B1,B1,M0,249,located,6.517520823375792,-62.6457793474911,51.387071071953834
B1_legacy,B1,B1,M0,250,located,6.002146693034025,-63.137913186986204,52.82885907576179
B1_legacy,B1,B1,M0,251,located,5.951088574882827,-62.07906210971771,51.81041876506009
B1_legacy,B1,B1,M0,252,located,5.2677135026626285,-62.28534905015899,52.42896660103044
B1_legacy,B1,B1,M0,253,located,6.876472906829473,-62.785821198147275,51.68824174908536
B1_legacy,B1,B1,M0,254,located,7.077354160465161,-61.727138606012474,51.953651314269464
B1_legacy,B1,B1,M0,255,located,6.007922298082291,-62.30398357567054,50.707063533922444
B1_legacy,B1,B1,M0,256,located,5.398444246585322,-62.1840694383702,54.355496084360105
B1_legacy,B1,B1,M0,257,located,5.985690378489767,-62.91462165748575,50.52392227116911
B1_legacy,B1,B1,M0,258,located,7.9181848949717155,-63.76826878718249,49.753991390205805
B1_legacy,B1,B1,M0,259,located,6.639265774176858,-62.46767115233915,49.42173160555206
B1_legacy,B1,B1,M0,260,located,5.984647031898346,-62.98695530075933,50.9903155690331
B1_legacy,B1,B1,M0,261,located,4.821881150105779,-61.75022022441651,52.6183231659676
B1_legacy,B1,B1,M0,262,located,5.971307519255763,-63.11320838537932,53.12149819582214
B1_legacy,B1,B1,M0,263,located,5.520983609982027,-62.643021618397476,51.95536763263217
B1_legacy,B1,B1,M0,264,located,5.677411414765295,-61.89592044307058,53.15579599284398
B1_legacy,B1,B1,M0,265,located,6.390443956062833,-63.23631809960856,50.48772257490593
B1_legacy,B1,B1,M0,266,located,5.067789864251284,-62.954578239133966,51.527261354755396
B1_legacy,B1,B1,M0,267,located,6.784292383997004,-63.59312528996673,52.326918066556736
B1_legacy,B1,B1,M0,268,located,6.160926500071383,-63.01709129659372,50.22384804501051
B1_legacy,B1,B1,M0,269,located,6.091246300460489,-62.60541070638535,48.48866231872469
B1_legacy,B1,B1,M0,270,located,6.221765501837539,-62.190362894034976,52.68887522176136
B1_legacy,B1,B1,M0,271,located,5.5329062756606975,-62.70085398627114,49.514081365361086
B1_legacy,B1,B1,M0,272,located,6.580276611412401,-62.80505079518593,51.8963721596547
B1_legacy,B1,B1,M0,273,located,5.14865061289077,-62.057983095926524,50.34364393016525
B1_legacy,B1,B1,M0,274,located,6.073163977608452,-63.23286530606247,51.270765634418375
B1_legacy,B1,B1,M0,275,located,6.87075479196037,-63.436296054018825,48.084712386107476
B1_legacy,B1,B1,M0,276,located,6.336989075706669,-63.08544331528117,48.47993819086245
B1_legacy,B1,B1,M0,277,located,6.420488696297465,-62.48956879542243,52.968776049960134
B1_legacy,B1,B1,M0,278,located,5.226930622546831,-62.38952175683517,51.30717392192813
B1_legacy,B1,B1,M0,279,located,6.331993579888796,-62.877960985008436,50.40784444976887
B1_legacy,B1,B1,M0,280,located,5.0376366084888335,-62.55864291540232,53.23978368888919
B1_legacy,B1,B1,M0,281,located,5.623751266796277,-63.09119948829566,50.33647219878107
B1_legacy,B1,B1,M0,282,located,5.829046612117895,-62.005839507903474,49.83936341020992
B1_legacy,B1,B1,M0,283,located,6.909033155497563,-62.37298650871621,52.47500764024327
B1_legacy,B1,B1,M0,284,located,5.3495605922240275,-62.56066775995934,52.39505291477642
B1_legacy,B1,B1,M0,285,located,5.610275430651236,-63.03689923459205,51.48382927468519
B1_legacy,B1,B1,M0,286,located,6.316325523572458,-63.85989552755102,51.28440550828007
B1_legacy,B1,B1,M0,287,located,6.520499261922674,-62.008231012508,49.89394536782231
B1_legacy,B1,B1,M0,288,located,6.666122654290365,-63.4197023989598,51.53419913593143
B1_legacy,B1,B1,M0,289,located,5.959312010273964,-62.980018522801984,49.76087375896474
B1_legacy,B1,B1,M0,290,located,5.8288186723685005,-63.63139687902961,51.21400819455722
B1_legacy,B1,B1,M0,291,located,5.543206712625359,-63.572813320890205,51.01530456785854
B1_legacy,B1,B1,M0,292,located,6.541101198767987,-62.98584478317183,51.25306298293797
B1_legacy,B1,B1,M0,293,located,5.246144331249811,-63.08319622863422,51.64005800813236
B1_legacy,B1,B1,M0,294,located,5.7174772405053025,-63.61319528636831,51.10957455185732
B1_legacy,B1,B1,M0,295,located,5.42551512502054,-63.441123053180185,53.89574843710227
B1_legacy,B1,B1,M0,296,located,5.985081625275158,-63.44252129139499,51.925386881856795
B1_legacy,B1,B1,M0,297,located,5.523633728188159,-63.5605401283603,50.57968847889948
B1_legacy,B1,B1,M0,298,located,6.598326407274399,-63.9960343808565,50.51016569385259
B1_legacy,B1,B1,M0,299,located,6.218599629108172,-63.70883543131487,50.239044296730476
B1_legacy,B1,B1,M0,300,located,6.308431006039753,-62.998510536571175,50.66482653059145
B1_legacy,B1,B1,M0,301,located,5.068994982446852,-62.59228585065778,52.45710387754934
B1_legacy,B1,B1,M0,302,located,6.1356042301536275,-62.59034022727022,52.458223376789064
B1_legacy,B1,B1,M0,303,located,6.074531754789196,-63.065334142118736,51.95862206192529
B1_legacy,B1,B1,M0,304,located,6.655913382572646,-62.557243557779834,51.62136197762567
B1_legacy,B1,B1,M0,305,located,5.924277114274102,-62.78342600553806,49.65470309105385
B1_legacy,B1,B1,M0,306,located,5.319687228656713,-63.22684328279984,51.81774815571854
B1_legacy,B1,B1,M0,307,located,5.959431452716434,-62.05548247449873,50.99144024125917
B1_legacy,B1,B1,M0,308,located,5.3767951444500675,-61.96299781425122,53.501229413917606
B1_legacy,B1,B1,M0,309,located,6.379891787149101,-63.22093540284564,48.73403717851108
B1_legacy,B1,B1,M0,310,located,6.742550102027687,-62.72304871015658,54.41259930419617
B1_legacy,B1,B1,M0,311,located,7.092082866202217,-62.486841562472485,48.275491917598075
B1_legacy,B1,B1,M0,312,located,6.286936440807824,-61.846720180869546,50.231426650951086
B1_legacy,B1,B1,M0,313,located,6.495034378437866,-62.47692486039108,50.44223557194834
B1_legacy,B1,B1,M0,314,located,5.675492686109186,-62.16320908345859,51.53188754945786
B1_legacy,B1,B1,M0,315,located,6.104524655321168,-63.04860992647273,50.07781582657322
B1_legacy,B1,B1,M0,316,located,7.22983193610936,-62.599208615020075,49.122725543259776
B1_legacy,B1,B1,M0,317,located,7.345546173595365,-63.63310166701984,52.39980411029056
B1_legacy,B1,B1,M0,318,located,6.487852893111229,-62.737065944211615,52.11906697046005
B1_legacy,B1,B1,M0,319,located,5.368774809443419,-63.4267108533387,51.75919405980034
B1_legacy,B1,B1,M0,320,located,4.296475865920155,-62.335512627332164,53.443315751146685
B1_legacy,B1,B1,M0,321,located,5.948783718822844,-62.8578661242524,51.53981543719591
B1_legacy,B1,B1,M0,322,located,5.391456277385005,-63.302467757536206,50.04530247225349
B1_legacy,B1,B1,M0,323,located,5.942117011686967,-62.529402133335395,51.54733600727028
B1_legacy,B1,B1,M0,324,located,5.914811884943268,-63.407626495157515,52.930115403271834
B1_legacy,B1,B1,M0,325,located,7.502747448671352,-62.80131926398967,49.41911748358637
B1_legacy,B1,B1,M0,326,located,6.607317712166022,-61.64682618833823,52.14237889283152
B1_legacy,B1,B1,M0,327,located,7.020879325295358,-62.369142509420485,49.97715407597187
B1_legacy,B1,B1,M0,328,located,6.336340876276361,-62.52420567469693,52.31803371773429
B1_legacy,B1,B1,M0,329,located,6.180801653366495,-62.98757492393549,50.0491412376451
B1_legacy,B1,B1,M0,330,located,6.138133844654964,-62.457665312695745,51.33862235797344
B1_legacy,B1,B1,M0,331,located,6.223598080763837,-64.01015662398476,51.03050816123617
B1_legacy,B1,B1,M0,332,located,6.373181916373001,-63.906124537641546,51.7219835509406
B1_legacy,B1,B1,M0,333,located,5.587945643848738,-62.00694099638334,51.56695221474359
B1_legacy,B1,B1,M0,334,located,6.492004893537143,-63.489533905110825,50.93648358237378
B1_legacy,B1,B1,M0,335,located,6.164915895747608,-63.71982004455096,50.45732773395838
B1_legacy,B1,B1,M0,336,located,5.376141303945542,-63.683317666652925,51.63051058299953
B1_legacy,B1,B1,M0,337,located,5.883980833509505,-62.70652104968865,49.22500031953782
B1_legacy,B1,B1,M0,338,located,6.2734029556765725,-63.040397060325105,51.13556352580297
B1_legacy,B1,B1,M0,339,located,6.389218551985363,-63.52196117438358,50.575071099826644
B1_legacy,B1,B1,M0,340,located,6.28690885422527,-62.7164247847199,51.558383292519046
B1_legacy,B1,B1,M0,341,located,5.84022832700957,-62.91905659110794,52.86026648295987
B1_legacy,B1,B1,M0,342,located,6.346283660586932,-63.82949280329072,50.476127711419636
B1_legacy,B1,B1,M0,343,located,5.993179403256283,-62.681539653712484,49.6815604003966
B1_legacy,B1,B1,M0,344,located,7.076625326220106,-63.00339921315032,53.052293307161094
B1_legacy,B1,B1,M0,345,located,6.448978621874732,-61.802949491133106,49.70140545658851
B1_legacy,B1,B1,M0,346,located,6.6211438030825445,-63.68091635913029,50.77876471550848
B1_legacy,B1,B1,M0,347,located,5.5793879968829385,-63.34810172272062,51.96070405751737
B1_legacy,B1,B1,M0,348,located,6.5864134276505295,-62.058718796021516,51.02947377745793
B1_legacy,B1,B1,M0,349,located,6.074619049952875,-62.28712887210615,49.960308818969814
B1_legacy,B1,B1,M0,350,located,7.277342834530476,-62.43547091415028,50.88430117061682
B1_legacy,B1,B1,M0,351,located,6.419747999587411,-63.2909126209466,51.08082936881354
B1_legacy,B1,B1,M0,352,located,7.262708803145608,-63.62456829814225,49.932546240472206
B1_legacy,B1,B1,M0,353,located,6.537334917652106,-61.527482855073345,50.692818556068495
B1_legacy,B1,B1,M0,354,located,5.714192648625177,-63.27804460961715,53.990876717694114
B1_legacy,B1,B1,M0,355,located,7.047538917375763,-63.25698268818718,49.56782375238123
B1_legacy,B1,B1,M0,356,located,6.158512071722985,-62.470128682302956,52.70310006568823
B1_legacy,B1,B1,M0,357,located,4.799461658680997,-62.96620402686408,52.84761830756654
B1_legacy,B1,B1,M0,358,located,5.920918129539624,-63.27492665217752,50.54546069629566
B1_legacy,B1,B1,M0,359,located,5.753807099496858,-62.46407468672825,53.78498878143871
B1_legacy,B1,B1,M0,360,located,6.08052250748778,-63.19337780378311,50.652540394448486
B1_legacy,B1,B1,M0,361,located,6.590585009447303,-63.101310305745514,51.12830012898314
B1_legacy,B1,B1,M0,362,located,5.987098726571679,-62.391118592408645,50.35682745434898
B1_legacy,B1,B1,M0,363,located,6.5119426985027875,-62.213774690448645,51.387894027614436
B1_legacy,B1,B1,M0,364,located,4.626657687945668,-62.72857894064381,52.87498003674834
B1_legacy,B1,B1,M0,365,located,7.202805858706034,-62.877849918078596,50.58379340004911
B1_legacy,B1,B1,M0,366,located,5.655469450689049,-63.690951649553085,52.642958954524545
B1_legacy,B1,B1,M0,367,located,6.724530747922658,-62.73100191033789,49.002573005110634
B1_legacy,B1,B1,M0,368,located,5.271274525965025,-62.399350145669175,51.966614881651466
B1_legacy,B1,B1,M0,369,located,5.7918826106912435,-62.652011115604665,52.643379189606755
B1_legacy,B1,B1,M0,370,located,6.561575999859692,-62.227882327439644,48.171429491679895
B1_legacy,B1,B1,M0,371,located,5.857794428106488,-63.463238074035694,50.30154157843914
B1_legacy,B1,B1,M0,372,located,7.0409123030801455,-63.68015761768068,51.01137085658839
B1_legacy,B1,B1,M0,373,located,7.209434908761223,-62.123990685826556,53.906459479711096
B1_legacy,B1,B1,M0,374,located,6.815172397622669,-63.49561726869551,51.59188553421386
B1_legacy,B1,B1,M0,375,located,6.734066897594781,-62.813494799874434,54.021925429974246
B1_legacy,B1,B1,M0,376,located,6.673474661807888,-63.77006487683127,49.83673461591871
B1_legacy,B1,B1,M0,377,located,5.497035004978258,-62.692535142512114,52.41637199517766
B1_legacy,B1,B1,M0,378,located,6.169984330358365,-63.14015423427452,48.86343818902208
B1_legacy,B1,B1,M0,379,located,5.445406906388846,-63.33948924770617,49.407783522021305
B1_legacy,B1,B1,M0,380,located,6.542230592235531,-63.10509539777422,52.01731377724805
B1_legacy,B1,B1,M0,381,located,5.824558591888754,-62.626793880040104,50.73872299593538
B1_legacy,B1,B1,M0,382,located,6.5085391619489075,-62.84570819106822,53.41125096633481
B1_legacy,B1,B1,M0,383,located,6.274163115811747,-62.74005879820467,50.9445644638077
B1_legacy,B1,B1,M0,384,located,7.042364030704676,-61.66788309182732,51.50275065385596
B1_legacy,B1,B1,M0,385,located,6.169193409346134,-63.58185166835166,51.77785338182585
B1_legacy,B1,B1,M0,386,located,6.482110671347704,-63.319244520948416,48.23216408694425
B1_legacy,B1,B1,M0,387,located,7.632928559294746,-62.93908521353116,51.03387635807907
B1_legacy,B1,B1,M0,388,located,6.808378741970941,-61.95164701606489,50.58941136137052
B1_legacy,B1,B1,M0,389,located,6.415357417589145,-62.07638074679913,51.37250563000273
B1_legacy,B1,B1,M0,390,located,5.22319618643443,-63.65366528304093,51.461885389140285
B1_legacy,B1,B1,M0,391,located,5.85723372455428,-63.652538479296844,51.59424936515759
B1_legacy,B1,B1,M0,392,located,6.375607871152889,-63.71239423535476,51.17254417696578
B1_legacy,B1,B1,M0,393,located,6.938218578028274,-63.534451900292126,52.796330176796516
B1_legacy,B1,B1,M0,394,located,6.023198013157778,-62.814756651440184,50.51085852181029
B1_legacy,B1,B1,M0,395,located,5.4235637151677185,-63.39026620628409,50.40376077838162
B1_legacy,B1,B1,M0,396,located,6.059424317998649,-63.71113645345051,49.415702942121605
B1_legacy,B1,B1,M0,397,located,6.070397270910427,-61.94376373147122,50.75463366786308
B1_legacy,B1,B1,M0,398,located,5.058871761945061,-62.299130632372794,50.90545290914919
B1_legacy,B1,B1,M0,399,located,5.571225313727956,-63.44370732974211,52.43358782318519
B1_legacy,B1,B1,Consensus + Uncertainty,0,located,7.096939621203127,-62.45306374351943,47.816087959874416
B1_legacy,B1,B1,Consensus + Uncertainty,1,reject,,,
B1_legacy,B1,B1,Consensus + Uncertainty,2,located,6.181776995299535,-63.194247708173975,50.53169770866852
B1_legacy,B1,B1,Consensus + Uncertainty,3,located,5.93353337422882,-61.10211008294834,50.61816175293259
B1_legacy,B1,B1,Consensus + Uncertainty,4,located,6.396137147805186,-63.60089973769929,50.39611734927815
B1_legacy,B1,B1,Consensus + Uncertainty,5,located,6.626895106930583,-62.50763510795787,48.370322512442264
B1_legacy,B1,B1,Consensus + Uncertainty,6,located,6.0792655491763075,-62.19396027437415,50.23498210802333
B1_legacy,B1,B1,Consensus + Uncertainty,7,located,6.4664083998625586,-62.57784323770435,49.909689317681874
B1_legacy,B1,B1,Consensus + Uncertainty,8,reject,,,
B1_legacy,B1,B1,Consensus + Uncertainty,9,located,6.607375374852453,-63.88103013504308,52.79109483191761
B1_legacy,B1,B1,Consensus + Uncertainty,10,located,7.876079675686305,-63.32311533264806,51.01794180005068
B1_legacy,B1,B1,Consensus + Uncertainty,11,located,6.387425395741616,-62.99466529148651,50.31516292697988
B1_legacy,B1,B1,Consensus + Uncertainty,12,reject,,,
B1_legacy,B1,B1,Consensus + Uncertainty,13,reject,,,
B1_legacy,B1,B1,Consensus + Uncertainty,14,located,5.44721603154493,-63.2811825971966,52.45478572488842
B1_legacy,B1,B1,Consensus + Uncertainty,15,located,5.329845628093977,-62.417901106168415,51.706847981621095
B1_legacy,B1,B1,Consensus + Uncertainty,16,reject,,,
B1_legacy,B1,B1,Consensus + Uncertainty,17,reject,,,
B1_legacy,B1,B1,Consensus + Uncertainty,18,located,5.920075940377477,-62.305074759660314,53.29797940697977
B1_legacy,B1,B1,Consensus + Uncertainty,19,located,6.447029910111095,-64.01020636024003,49.91255175317367
B1_legacy,B1,B1,Consensus + Uncertainty,20,located,5.6851513918124645,-61.975754996322436,50.73638389483899
B1_legacy,B1,B1,Consensus + Uncertainty,21,reject,,,
B1_legacy,B1,B1,Consensus + Uncertainty,22,located,6.6745344107355,-63.175785274272926,50.20649026314552
B1_legacy,B1,B1,Consensus + Uncertainty,23,located,6.444825160956705,-62.70495231073523,52.15883365965898
B1_legacy,B1,B1,Consensus + Uncertainty,24,located,6.262979579668944,-62.45522636882903,52.95939260499706
B1_legacy,B1,B1,Consensus + Uncertainty,25,located,5.923999058838049,-63.25431918814361,52.53358270687923
B1_legacy,B1,B1,Consensus + Uncertainty,26,reject,,,
B1_legacy,B1,B1,Consensus + Uncertainty,27,located,6.655026714029251,-61.7426592682412,51.48266207121205
B1_legacy,B1,B1,Consensus + Uncertainty,28,located,6.774802706865969,-63.78569479515578,49.14297083887747
B1_legacy,B1,B1,Consensus + Uncertainty,29,located,7.105761691144254,-63.600289245053986,51.440547372577335
B1_legacy,B1,B1,Consensus + Uncertainty,30,reject,,,
B1_legacy,B1,B1,Consensus + Uncertainty,31,located,6.671705204801709,-62.7058053095233,50.38439502540558
B1_legacy,B1,B1,Consensus + Uncertainty,32,reject,,,
B1_legacy,B1,B1,Consensus + Uncertainty,33,located,6.154481540830175,-62.52164666770546,51.01079032056487
B1_legacy,B1,B1,Consensus + Uncertainty,34,located,5.917720004896098,-62.98300339821853,52.46278461211584
B1_legacy,B1,B1,Consensus + Uncertainty,35,located,4.712266571687761,-62.58563121437079,51.659833489866394
B1_legacy,B1,B1,Consensus + Uncertainty,36,reject,,,
B1_legacy,B1,B1,Consensus + Uncertainty,37,located,5.758156710805242,-62.1333855344668,50.60744933967306
B1_legacy,B1,B1,Consensus + Uncertainty,38,located,6.005569686071885,-62.66293267667187,50.59058485587429
B1_legacy,B1,B1,Consensus + Uncertainty,39,located,6.5872581155302745,-62.579408188206564,50.641056692866265
B1_legacy,B1,B1,Consensus + Uncertainty,40,located,7.212195471204861,-63.425437669224905,51.37932006396441
B1_legacy,B1,B1,Consensus + Uncertainty,41,reject,,,
B1_legacy,B1,B1,Consensus + Uncertainty,42,located,5.854609016984979,-61.9808639080364,52.87069357106032
B1_legacy,B1,B1,Consensus + Uncertainty,43,located,5.189678589325725,-62.9590022177401,55.30250852200337
B1_legacy,B1,B1,Consensus + Uncertainty,44,located,7.070619842117905,-62.70481844351118,50.41248882055172
B1_legacy,B1,B1,Consensus + Uncertainty,45,reject,,,
B1_legacy,B1,B1,Consensus + Uncertainty,46,located,6.222616109606209,-61.07646312218425,51.16856427396934
B1_legacy,B1,B1,Consensus + Uncertainty,47,located,5.1085139610463175,-61.936554487460334,50.82739490069298
B1_legacy,B1,B1,Consensus + Uncertainty,48,located,4.313279965523818,-64.32174393934503,52.626605661070926
B1_legacy,B1,B1,Consensus + Uncertainty,49,located,5.589785736523892,-62.24234787309775,51.61939975967109
B1_legacy,B1,B1,Consensus + Uncertainty,50,located,6.325841445765862,-64.07030439311458,52.33884672365633
B1_legacy,B1,B1,Consensus + Uncertainty,51,reject,,,
B1_legacy,B1,B1,Consensus + Uncertainty,52,reject,,,
B1_legacy,B1,B1,Consensus + Uncertainty,53,located,7.753763408221922,-63.781585059722104,50.414360273403794
B1_legacy,B1,B1,Consensus + Uncertainty,54,located,5.930211229061129,-62.647926237218826,49.50119127626217
B1_legacy,B1,B1,Consensus + Uncertainty,55,located,6.755710346598506,-62.58298992274481,49.69420607447828
B1_legacy,B1,B1,Consensus + Uncertainty,56,located,6.621791800215247,-61.905061755590225,49.580406720566884
B1_legacy,B1,B1,Consensus + Uncertainty,57,located,6.691978541183656,-63.10105070834225,51.098020318588794
B1_legacy,B1,B1,Consensus + Uncertainty,58,located,5.296781458359596,-62.50314539137534,50.8950482837297
B1_legacy,B1,B1,Consensus + Uncertainty,59,located,6.208399818625852,-62.74649200533109,51.685229187179566
B1_legacy,B1,B1,Consensus + Uncertainty,60,located,6.801626078228773,-62.62615591726998,50.68258139579629
B1_legacy,B1,B1,Consensus + Uncertainty,61,reject,,,
B1_legacy,B1,B1,Consensus + Uncertainty,62,located,6.517759587800072,-63.08084489853184,50.10610294960909
B1_legacy,B1,B1,Consensus + Uncertainty,63,located,6.722298504601925,-62.73858634481091,49.103890111090536
B1_legacy,B1,B1,Consensus + Uncertainty,64,located,5.947779631833209,-62.72988783337368,51.32524107024197
B1_legacy,B1,B1,Consensus + Uncertainty,65,reject,,,
B1_legacy,B1,B1,Consensus + Uncertainty,66,located,7.2511291315643955,-63.120815725157215,49.65588687719405
B1_legacy,B1,B1,Consensus + Uncertainty,67,located,5.230306282656084,-63.09929192550684,52.68851025725874
B1_legacy,B1,B1,Consensus + Uncertainty,68,located,5.97296451671287,-63.23424638562949,53.31551214126865
B1_legacy,B1,B1,Consensus + Uncertainty,69,located,7.5270426600850495,-63.011673700870574,52.14619821995281
B1_legacy,B1,B1,Consensus + Uncertainty,70,reject,,,
B1_legacy,B1,B1,Consensus + Uncertainty,71,located,8.40615520279602,-63.92660475427136,50.00477500692465
B1_legacy,B1,B1,Consensus + Uncertainty,72,located,5.800123808278725,-60.962811496223296,49.65411335886407
B1_legacy,B1,B1,Consensus + Uncertainty,73,located,4.924802021255298,-61.72896418369114,50.97107993134871
B1_legacy,B1,B1,Consensus + Uncertainty,74,located,6.271198599422647,-62.886803855845045,52.155608365402564
B1_legacy,B1,B1,Consensus + Uncertainty,75,located,6.171680547191815,-61.69650413275617,52.31407265070897
B1_legacy,B1,B1,Consensus + Uncertainty,76,reject,,,
B1_legacy,B1,B1,Consensus + Uncertainty,77,located,5.947486483607632,-63.087553073258135,49.3423159935074
B1_legacy,B1,B1,Consensus + Uncertainty,78,located,6.894596148530579,-61.9336648074227,51.63794235951494
B1_legacy,B1,B1,Consensus + Uncertainty,79,located,7.045053645645924,-64.09694151847563,51.24134675468936
B1_legacy,B1,B1,Consensus + Uncertainty,80,located,5.758258404488402,-63.16326609291866,51.497097731110685
B1_legacy,B1,B1,Consensus + Uncertainty,81,located,5.818498198888396,-62.696490264569945,50.178235358116304
B1_legacy,B1,B1,Consensus + Uncertainty,82,located,6.560917892392933,-62.57458502665328,52.77321618888
B1_legacy,B1,B1,Consensus + Uncertainty,83,located,5.4551271207370755,-61.123427930412575,53.50667858096085
B1_legacy,B1,B1,Consensus + Uncertainty,84,located,6.544306028086259,-63.24862706179062,48.33384629173063
B1_legacy,B1,B1,Consensus + Uncertainty,85,located,6.778031346909044,-63.16517668890745,52.379871507946994
B1_legacy,B1,B1,Consensus + Uncertainty,86,located,5.719808252756513,-62.74536293708906,51.73581215004567
B1_legacy,B1,B1,Consensus + Uncertainty,87,located,7.259369780420641,-63.32167534136742,50.8140437341988
B1_legacy,B1,B1,Consensus + Uncertainty,88,located,6.368187884577473,-63.218375759838445,53.09598040051839
B1_legacy,B1,B1,Consensus + Uncertainty,89,reject,,,
B1_legacy,B1,B1,Consensus + Uncertainty,90,located,6.777460087276745,-63.17320725913066,50.143235575749536
B1_legacy,B1,B1,Consensus + Uncertainty,91,located,6.7031031670356205,-63.37257012172608,50.147662915261336
B1_legacy,B1,B1,Consensus + Uncertainty,92,located,5.335734554804753,-62.622625144127824,53.51591445196288
B1_legacy,B1,B1,Consensus + Uncertainty,93,located,4.968381559092055,-62.85258212826282,50.96357306605228
B1_legacy,B1,B1,Consensus + Uncertainty,94,located,7.648274087185088,-63.32754830126574,51.013719208225
B1_legacy,B1,B1,Consensus + Uncertainty,95,located,6.885624635959151,-62.382071368057325,50.66349287905644
B1_legacy,B1,B1,Consensus + Uncertainty,96,located,6.604902912712389,-63.69365589639535,50.60593702982819
B1_legacy,B1,B1,Consensus + Uncertainty,97,located,6.549206953484604,-62.72379587256629,51.68389706979802
B1_legacy,B1,B1,Consensus + Uncertainty,98,located,6.473331202501757,-62.69541054943218,50.81972246424397
B1_legacy,B1,B1,Consensus + Uncertainty,99,reject,,,
B1_legacy,B1,B1,Consensus + Uncertainty,100,located,6.519146011602009,-63.05614713983171,52.112766937366295
B1_legacy,B1,B1,Consensus + Uncertainty,101,located,7.297294552623152,-62.03277796164673,52.06901845608254
B1_legacy,B1,B1,Consensus + Uncertainty,102,located,6.069035823989966,-62.730244882042086,51.936024570753226
B1_legacy,B1,B1,Consensus + Uncertainty,103,located,6.919481097833911,-62.37899462208681,50.8459979383268
B1_legacy,B1,B1,Consensus + Uncertainty,104,located,6.558779576788219,-62.81756129447369,50.23900858369922
B1_legacy,B1,B1,Consensus + Uncertainty,105,located,5.912998469809189,-62.892606959608784,49.78527764594585
B1_legacy,B1,B1,Consensus + Uncertainty,106,located,5.5572225593320965,-61.81671802479612,51.4417536873647
B1_legacy,B1,B1,Consensus + Uncertainty,107,located,6.222404756668636,-62.75416315502417,50.47311022116028
B1_legacy,B1,B1,Consensus + Uncertainty,108,located,6.728883454428555,-62.44712428441642,49.48633469052505
B1_legacy,B1,B1,Consensus + Uncertainty,109,located,7.349290665941727,-63.11556374614898,52.03074109917157
B1_legacy,B1,B1,Consensus + Uncertainty,110,reject,,,
B1_legacy,B1,B1,Consensus + Uncertainty,111,reject,,,
B1_legacy,B1,B1,Consensus + Uncertainty,112,reject,,,
B1_legacy,B1,B1,Consensus + Uncertainty,113,located,6.467457459071176,-61.931682059040824,51.29112037422921
B1_legacy,B1,B1,Consensus + Uncertainty,114,located,5.994992739591166,-63.033025977342334,52.08690503859272
B1_legacy,B1,B1,Consensus + Uncertainty,115,located,6.871096059451939,-62.728890602843464,55.128189214280304
B1_legacy,B1,B1,Consensus + Uncertainty,116,located,5.321420228769618,-63.64508898522685,54.58774941160085
B1_legacy,B1,B1,Consensus + Uncertainty,117,located,6.720391075429146,-62.865098196315095,49.96987662793133
B1_legacy,B1,B1,Consensus + Uncertainty,118,reject,,,
B1_legacy,B1,B1,Consensus + Uncertainty,119,located,5.352122671043447,-62.80279275198827,53.94129063296611
B1_legacy,B1,B1,Consensus + Uncertainty,120,located,5.355264042728478,-62.67341430752525,51.06492102371626
B1_legacy,B1,B1,Consensus + Uncertainty,121,reject,,,
B1_legacy,B1,B1,Consensus + Uncertainty,122,located,5.832042066604702,-63.24245146034842,52.44572809057833
B1_legacy,B1,B1,Consensus + Uncertainty,123,located,5.494430665607646,-63.45376591831294,52.56523463970589
B1_legacy,B1,B1,Consensus + Uncertainty,124,located,6.875930902133058,-62.79744433574672,51.562188509947724
B1_legacy,B1,B1,Consensus + Uncertainty,125,located,5.920981775736547,-62.58085501721993,51.695798233296195
B1_legacy,B1,B1,Consensus + Uncertainty,126,located,5.4399756076333095,-63.09381464668708,51.14185243806701
B1_legacy,B1,B1,Consensus + Uncertainty,127,located,5.371234043910469,-62.33509378943506,50.31551571634192
B1_legacy,B1,B1,Consensus + Uncertainty,128,located,7.336301174723015,-63.82317747071677,50.94598597594465
B1_legacy,B1,B1,Consensus + Uncertainty,129,located,5.41964171520273,-62.17989668368802,52.47322251632456
B1_legacy,B1,B1,Consensus + Uncertainty,130,located,7.7414765787017705,-62.67185972451874,48.301200255035056
B1_legacy,B1,B1,Consensus + Uncertainty,131,located,5.927733880625444,-61.446110605233784,51.39654667315638
B1_legacy,B1,B1,Consensus + Uncertainty,132,located,6.790942415219405,-62.385902691422466,50.08346092505478
B1_legacy,B1,B1,Consensus + Uncertainty,133,located,5.456141827354222,-62.88058651812118,52.11562254154967
B1_legacy,B1,B1,Consensus + Uncertainty,134,located,8.289512737654652,-64.38546674852512,50.2673584646015
B1_legacy,B1,B1,Consensus + Uncertainty,135,located,6.025103974600021,-62.32526618157564,52.03719573795496
B1_legacy,B1,B1,Consensus + Uncertainty,136,located,6.290025636371385,-62.67925552172309,52.203256005556185
B1_legacy,B1,B1,Consensus + Uncertainty,137,located,6.512060986830043,-62.68300174292777,52.8451570477303
B1_legacy,B1,B1,Consensus + Uncertainty,138,located,6.854950361852091,-62.085311247207926,50.01866332686164
B1_legacy,B1,B1,Consensus + Uncertainty,139,located,5.831822645213758,-63.462208647740134,51.94713673503079
B1_legacy,B1,B1,Consensus + Uncertainty,140,located,5.023376272888486,-63.3070350631871,50.00424522417687
B1_legacy,B1,B1,Consensus + Uncertainty,141,located,7.363802206255158,-63.79088064621776,50.6400370221693
B1_legacy,B1,B1,Consensus + Uncertainty,142,located,5.634433260389835,-63.0913262345854,51.41270314947353
B1_legacy,B1,B1,Consensus + Uncertainty,143,located,6.659546793123959,-62.78513769048858,50.57524176066807
B1_legacy,B1,B1,Consensus + Uncertainty,144,located,6.0925195591555354,-63.123219008211535,52.52203006909117
B1_legacy,B1,B1,Consensus + Uncertainty,145,reject,,,
B1_legacy,B1,B1,Consensus + Uncertainty,146,located,6.215699008405507,-62.98624616359561,50.53051056769641
B1_legacy,B1,B1,Consensus + Uncertainty,147,located,6.61803900383507,-62.01821306612878,52.16117286257385
B1_legacy,B1,B1,Consensus + Uncertainty,148,located,7.251405722335419,-62.613169571024514,49.97229446140142
B1_legacy,B1,B1,Consensus + Uncertainty,149,located,6.467853523743354,-63.88795364505878,50.996507941251764
B1_legacy,B1,B1,Consensus + Uncertainty,150,located,5.078675716568414,-63.17259977227482,48.45606273039396
B1_legacy,B1,B1,Consensus + Uncertainty,151,located,6.026505102407862,-62.64431121183313,51.553995182571924
B1_legacy,B1,B1,Consensus + Uncertainty,152,located,6.083851485290691,-62.44128149361531,51.64455782751675
B1_legacy,B1,B1,Consensus + Uncertainty,153,located,7.49671892510065,-61.595525900444365,51.01882370867455
B1_legacy,B1,B1,Consensus + Uncertainty,154,located,6.5989517294282045,-63.74265084862502,50.21161755878434
B1_legacy,B1,B1,Consensus + Uncertainty,155,located,5.4902490441507386,-62.89982560407569,53.170612056432915
B1_legacy,B1,B1,Consensus + Uncertainty,156,located,6.806209134569512,-62.15364779713289,49.98125427385398
B1_legacy,B1,B1,Consensus + Uncertainty,157,located,5.555443304226643,-63.68901679909497,51.151792668256654
B1_legacy,B1,B1,Consensus + Uncertainty,158,reject,,,
B1_legacy,B1,B1,Consensus + Uncertainty,159,located,6.510808741315748,-63.611558462231045,52.90237017763095
B1_legacy,B1,B1,Consensus + Uncertainty,160,located,7.3384755005063855,-62.547408964218576,50.38310845068648
B1_legacy,B1,B1,Consensus + Uncertainty,161,located,5.686742648259313,-63.64510536796679,52.067767620241895
B1_legacy,B1,B1,Consensus + Uncertainty,162,located,6.629940485679976,-62.56717464127877,48.143058390339746
B1_legacy,B1,B1,Consensus + Uncertainty,163,located,5.683605223136064,-63.34880963177858,51.18709655160842
B1_legacy,B1,B1,Consensus + Uncertainty,164,located,6.951536140043741,-63.22812152171787,50.64950627578371
B1_legacy,B1,B1,Consensus + Uncertainty,165,located,5.902119293793848,-62.239317868183605,52.697843414108064
B1_legacy,B1,B1,Consensus + Uncertainty,166,located,6.4643798174499905,-62.201011644563096,49.36217794206814
B1_legacy,B1,B1,Consensus + Uncertainty,167,located,6.4721316869133805,-63.741451886791516,51.45220914667364
B1_legacy,B1,B1,Consensus + Uncertainty,168,located,6.437166145115643,-62.92354104681627,50.5398974724457
B1_legacy,B1,B1,Consensus + Uncertainty,169,located,5.5379317202728044,-62.72259086456819,51.77423720535744
B1_legacy,B1,B1,Consensus + Uncertainty,170,located,6.173009792197772,-62.45021157385679,51.896371720613914
B1_legacy,B1,B1,Consensus + Uncertainty,171,located,6.196387856611666,-62.66950463801403,50.23531422839496
B1_legacy,B1,B1,Consensus + Uncertainty,172,reject,,,
B1_legacy,B1,B1,Consensus + Uncertainty,173,located,6.853865186031638,-63.30166028685727,51.499495519891546
B1_legacy,B1,B1,Consensus + Uncertainty,174,located,6.966188230334143,-62.84159729728912,47.71150934478313
B1_legacy,B1,B1,Consensus + Uncertainty,175,reject,,,
B1_legacy,B1,B1,Consensus + Uncertainty,176,located,5.979381753896284,-63.11214690665054,50.23370371699742
B1_legacy,B1,B1,Consensus + Uncertainty,177,located,5.73138457720444,-61.93951022295293,50.945748626664404
B1_legacy,B1,B1,Consensus + Uncertainty,178,located,6.323162604745076,-63.38847626413377,51.68282794751116
B1_legacy,B1,B1,Consensus + Uncertainty,179,located,6.063143451391775,-62.96024191029321,51.01941527401031
B1_legacy,B1,B1,Consensus + Uncertainty,180,located,5.873923687280326,-62.7609075920917,51.595252879115755
B1_legacy,B1,B1,Consensus + Uncertainty,181,reject,,,
B1_legacy,B1,B1,Consensus + Uncertainty,182,located,5.220482655293633,-63.32597114423334,50.839266530545224
B1_legacy,B1,B1,Consensus + Uncertainty,183,located,5.418618533429214,-62.940585723372436,51.46425005756244
B1_legacy,B1,B1,Consensus + Uncertainty,184,reject,,,
B1_legacy,B1,B1,Consensus + Uncertainty,185,located,7.243907573806338,-62.93344046122055,50.51375312553405
B1_legacy,B1,B1,Consensus + Uncertainty,186,located,6.4969519926055765,-62.440375116074186,50.72245245580149
B1_legacy,B1,B1,Consensus + Uncertainty,187,reject,,,
B1_legacy,B1,B1,Consensus + Uncertainty,188,located,5.368013597244611,-62.62167205545521,51.89604357057927
B1_legacy,B1,B1,Consensus + Uncertainty,189,reject,,,
B1_legacy,B1,B1,Consensus + Uncertainty,190,located,5.851987548585388,-63.08994091575325,50.38279163985631
B1_legacy,B1,B1,Consensus + Uncertainty,191,located,6.747093830500817,-62.62154218462258,52.313890517774496
B1_legacy,B1,B1,Consensus + Uncertainty,192,located,6.517964253612738,-63.24981703874178,50.760836377536954
B1_legacy,B1,B1,Consensus + Uncertainty,193,located,6.020737195247886,-63.43085323100566,52.31323175616394
B1_legacy,B1,B1,Consensus + Uncertainty,194,reject,,,
B1_legacy,B1,B1,Consensus + Uncertainty,195,located,6.181313509082054,-63.773927498726735,51.69857310363442
B1_legacy,B1,B1,Consensus + Uncertainty,196,located,4.338917045128541,-61.94706422775823,53.38537662692512
B1_legacy,B1,B1,Consensus + Uncertainty,197,located,6.46030660223372,-63.30897388602966,53.68961753058549
B1_legacy,B1,B1,Consensus + Uncertainty,198,located,7.17512435499441,-61.95052287724223,50.73063715559652
B1_legacy,B1,B1,Consensus + Uncertainty,199,located,6.135924391723067,-61.997498745738824,52.49611223391149
B1_legacy,B1,B1,Consensus + Uncertainty,200,located,6.430849990073185,-62.175767145214735,52.394396582965975
B1_legacy,B1,B1,Consensus + Uncertainty,201,located,5.62987395431898,-63.40423507207576,52.05656801313395
B1_legacy,B1,B1,Consensus + Uncertainty,202,located,5.731641005162628,-62.33086182116631,50.806263918579
B1_legacy,B1,B1,Consensus + Uncertainty,203,reject,,,
B1_legacy,B1,B1,Consensus + Uncertainty,204,located,7.392591859872259,-62.92064793420619,48.38011424777003
B1_legacy,B1,B1,Consensus + Uncertainty,205,located,5.760369235057728,-61.95120489017468,52.383581179450424
B1_legacy,B1,B1,Consensus + Uncertainty,206,located,6.642038943286683,-63.35647484859747,50.148419932003925
B1_legacy,B1,B1,Consensus + Uncertainty,207,located,6.4665861734104855,-62.34678951589923,51.32703074209683
B1_legacy,B1,B1,Consensus + Uncertainty,208,located,6.75400781669595,-62.54548327907324,50.00126812054348
B1_legacy,B1,B1,Consensus + Uncertainty,209,located,6.1719924956062036,-61.23536548159405,52.12911146592932
B1_legacy,B1,B1,Consensus + Uncertainty,210,located,5.790221859822208,-63.45027435377056,48.47379218461369
B1_legacy,B1,B1,Consensus + Uncertainty,211,located,5.353688105133003,-63.52412983884517,50.84620181111803
B1_legacy,B1,B1,Consensus + Uncertainty,212,located,4.995353368315818,-62.825940708803046,50.45177636316158
B1_legacy,B1,B1,Consensus + Uncertainty,213,located,6.485787517831483,-62.45864204997547,53.00290437176808
B1_legacy,B1,B1,Consensus + Uncertainty,214,located,5.728193087685141,-62.5579326985525,49.386904432833795
B1_legacy,B1,B1,Consensus + Uncertainty,215,located,6.264102770452163,-62.2942297559065,52.25299157750087
B1_legacy,B1,B1,Consensus + Uncertainty,216,located,5.312569046254673,-63.14072783851366,53.39516052016587
B1_legacy,B1,B1,Consensus + Uncertainty,217,located,6.760500489877741,-61.97638828602859,53.17425310770924
B1_legacy,B1,B1,Consensus + Uncertainty,218,located,5.921632032059919,-63.502960086586114,49.65978250349852
B1_legacy,B1,B1,Consensus + Uncertainty,219,located,6.307141637425495,-62.06622016698179,50.33226229592152
B1_legacy,B1,B1,Consensus + Uncertainty,220,reject,,,
B1_legacy,B1,B1,Consensus + Uncertainty,221,reject,,,
B1_legacy,B1,B1,Consensus + Uncertainty,222,located,6.0807598912758465,-63.24857779537703,51.20540026018127
B1_legacy,B1,B1,Consensus + Uncertainty,223,located,4.8305621074335425,-61.711158512019054,51.535361562103816
B1_legacy,B1,B1,Consensus + Uncertainty,224,located,7.31809812609697,-62.7240677660526,52.243679015439994
B1_legacy,B1,B1,Consensus + Uncertainty,225,located,6.085210753113594,-62.40778870787011,52.56638857735535
B1_legacy,B1,B1,Consensus + Uncertainty,226,located,5.418934264561757,-62.62062984442312,49.6570429615177
B1_legacy,B1,B1,Consensus + Uncertainty,227,located,7.080713769393932,-62.62685647433729,49.24674417840393
B1_legacy,B1,B1,Consensus + Uncertainty,228,located,6.416943141619952,-63.51197367737541,51.03950353052521
B1_legacy,B1,B1,Consensus + Uncertainty,229,located,7.2305671325431655,-62.98498193537172,50.10023595315989
B1_legacy,B1,B1,Consensus + Uncertainty,230,located,6.7078106179559045,-63.18449865403552,51.50938260261496
B1_legacy,B1,B1,Consensus + Uncertainty,231,reject,,,
B1_legacy,B1,B1,Consensus + Uncertainty,232,located,5.441774201131407,-62.729058160183016,49.949425049371946
B1_legacy,B1,B1,Consensus + Uncertainty,233,located,5.4650935740379465,-63.4389103171527,52.296245016493636
B1_legacy,B1,B1,Consensus + Uncertainty,234,reject,,,
B1_legacy,B1,B1,Consensus + Uncertainty,235,located,6.0020918508731755,-63.748224414062136,50.813956794481
B1_legacy,B1,B1,Consensus + Uncertainty,236,located,5.568107916700138,-63.09635611795274,51.20577279822013
B1_legacy,B1,B1,Consensus + Uncertainty,237,located,6.201398037936977,-62.8287630053605,50.54251823186452
B1_legacy,B1,B1,Consensus + Uncertainty,238,located,5.216804163037611,-62.24001309204564,53.198780697851475
B1_legacy,B1,B1,Consensus + Uncertainty,239,located,5.04697692903337,-62.28584353522961,51.845364283727186
B1_legacy,B1,B1,Consensus + Uncertainty,240,reject,,,
B1_legacy,B1,B1,Consensus + Uncertainty,241,located,6.971724526146794,-62.81475127385018,50.96023409311674
B1_legacy,B1,B1,Consensus + Uncertainty,242,located,6.8036276419559485,-62.822978540432715,53.62270943828871
B1_legacy,B1,B1,Consensus + Uncertainty,243,located,6.1743055020861,-61.996995586618425,51.750985555674056
B1_legacy,B1,B1,Consensus + Uncertainty,244,located,6.79520780297931,-63.20117525908361,51.142920533161174
B1_legacy,B1,B1,Consensus + Uncertainty,245,reject,,,
B1_legacy,B1,B1,Consensus + Uncertainty,246,reject,,,
B1_legacy,B1,B1,Consensus + Uncertainty,247,located,7.96157381093487,-63.167664701973834,50.62946771935552
B1_legacy,B1,B1,Consensus + Uncertainty,248,located,6.001400628278082,-62.66604945743859,51.35082745202081
B1_legacy,B1,B1,Consensus + Uncertainty,249,located,5.7948986180961315,-61.464964083764286,51.58174717631541
B1_legacy,B1,B1,Consensus + Uncertainty,250,located,6.389893321478157,-62.37405860595356,53.22811740197871
B1_legacy,B1,B1,Consensus + Uncertainty,251,located,6.863848079699529,-63.1764935888656,49.06996681588976
B1_legacy,B1,B1,Consensus + Uncertainty,252,located,6.093023919513473,-62.824360210334206,50.95726459626188
B1_legacy,B1,B1,Consensus + Uncertainty,253,located,6.868323225216093,-62.40447792887187,51.74908867902731
B1_legacy,B1,B1,Consensus + Uncertainty,254,located,5.73139328665119,-61.66760658530161,50.85719310969773
B1_legacy,B1,B1,Consensus + Uncertainty,255,located,5.0524903113680795,-63.76636883790722,51.844167273293166
B1_legacy,B1,B1,Consensus + Uncertainty,256,located,6.939483573450694,-62.44639612403161,53.742675256866654
B1_legacy,B1,B1,Consensus + Uncertainty,257,located,6.648063413557024,-63.39516596589388,51.43002822683259
B1_legacy,B1,B1,Consensus + Uncertainty,258,located,4.593641785549842,-62.43047041687947,52.52608792818692
B1_legacy,B1,B1,Consensus + Uncertainty,259,located,7.361646622867125,-63.25388974518712,49.82858275683874
B1_legacy,B1,B1,Consensus + Uncertainty,260,located,7.2362095281750225,-63.29323802274983,51.922765268634926
B1_legacy,B1,B1,Consensus + Uncertainty,261,located,5.083807642021438,-62.808672945401966,52.202627181555066
B1_legacy,B1,B1,Consensus + Uncertainty,262,located,6.297030182032709,-62.00479552643035,49.547619372245656
B1_legacy,B1,B1,Consensus + Uncertainty,263,located,7.001662094596388,-62.51920373998064,50.99236928808355
B1_legacy,B1,B1,Consensus + Uncertainty,264,located,6.835751932655196,-62.79382886897426,51.68883080614296
B1_legacy,B1,B1,Consensus + Uncertainty,265,reject,,,
B1_legacy,B1,B1,Consensus + Uncertainty,266,located,7.397959373865848,-63.72049383405947,50.674999675303
B1_legacy,B1,B1,Consensus + Uncertainty,267,located,5.653543602159874,-62.67790147493628,50.043513450615784
B1_legacy,B1,B1,Consensus + Uncertainty,268,located,5.228996343983749,-62.88580848413299,50.885551405188515
B1_legacy,B1,B1,Consensus + Uncertainty,269,located,7.010777187096122,-63.60852920667394,51.38197772624564
B1_legacy,B1,B1,Consensus + Uncertainty,270,located,6.728663445351952,-62.572250912653516,53.14633409619086
B1_legacy,B1,B1,Consensus + Uncertainty,271,reject,,,
B1_legacy,B1,B1,Consensus + Uncertainty,272,located,8.130877874141465,-62.62120474274514,48.894983156694344
B1_legacy,B1,B1,Consensus + Uncertainty,273,located,6.265400566023153,-62.330442664884295,49.783231274391305
B1_legacy,B1,B1,Consensus + Uncertainty,274,located,5.627135792206532,-62.4979949485743,51.73805948219966
B1_legacy,B1,B1,Consensus + Uncertainty,275,located,4.729069151497407,-62.497553507600415,53.33941366045421
B1_legacy,B1,B1,Consensus + Uncertainty,276,located,5.078560274929044,-62.62975615315279,52.16305573862968
B1_legacy,B1,B1,Consensus + Uncertainty,277,located,6.976278831755164,-62.152040276300724,49.18164616436974
B1_legacy,B1,B1,Consensus + Uncertainty,278,located,5.351496294337009,-62.066604487313015,53.05885100525063
B1_legacy,B1,B1,Consensus + Uncertainty,279,reject,,,
B1_legacy,B1,B1,Consensus + Uncertainty,280,located,6.079368511291489,-62.47299990606241,51.008286626663775
B1_legacy,B1,B1,Consensus + Uncertainty,281,located,6.802195698297381,-62.63547734234079,50.087440550884835
B1_legacy,B1,B1,Consensus + Uncertainty,282,located,5.530875523950815,-63.82524978284615,51.61587888032607
B1_legacy,B1,B1,Consensus + Uncertainty,283,located,6.2203695148903755,-62.73225338394637,50.137795200341564
B1_legacy,B1,B1,Consensus + Uncertainty,284,located,5.26572047688795,-63.723488482684516,52.11536710500033
B1_legacy,B1,B1,Consensus + Uncertainty,285,located,5.379731305395446,-61.76267199809515,51.80718425696957
B1_legacy,B1,B1,Consensus + Uncertainty,286,located,5.370019453868827,-62.82584058773452,53.21063119313356
B1_legacy,B1,B1,Consensus + Uncertainty,287,located,7.778635723517445,-63.008243358491555,50.57319302646074
B1_legacy,B1,B1,Consensus + Uncertainty,288,located,6.32801862080148,-64.16166246844138,51.73325855608007
B1_legacy,B1,B1,Consensus + Uncertainty,289,located,5.704965002144005,-62.85269543823867,50.14026455526613
B1_legacy,B1,B1,Consensus + Uncertainty,290,located,7.575847472824359,-63.314071395172704,53.10640061408215
B1_legacy,B1,B1,Consensus + Uncertainty,291,reject,,,
B1_legacy,B1,B1,Consensus + Uncertainty,292,located,6.065269480451516,-61.67729843285481,51.65500169224818
B1_legacy,B1,B1,Consensus + Uncertainty,293,located,6.058585891111265,-63.144223437414894,49.01399998741849
B1_legacy,B1,B1,Consensus + Uncertainty,294,located,4.887438233016344,-62.41995912605039,51.80117449024894
B1_legacy,B1,B1,Consensus + Uncertainty,295,reject,,,
B1_legacy,B1,B1,Consensus + Uncertainty,296,located,5.556485909045954,-62.828174232987706,50.895770079738924
B1_legacy,B1,B1,Consensus + Uncertainty,297,located,7.126022096427429,-63.125469622172595,49.57647871149003
B1_legacy,B1,B1,Consensus + Uncertainty,298,located,6.957723870748859,-62.38942618296208,52.97932414861152
B1_legacy,B1,B1,Consensus + Uncertainty,299,located,7.322397854987361,-62.496023829186115,51.17104679121818
B1_legacy,B1,B1,Consensus + Uncertainty,300,located,6.924654008020085,-62.24858793686572,50.29350837276614
B1_legacy,B1,B1,Consensus + Uncertainty,301,located,8.658993461219971,-63.34576103381501,49.1737387645491
B1_legacy,B1,B1,Consensus + Uncertainty,302,located,6.352631598897142,-62.8832103270873,50.8071284841789
B1_legacy,B1,B1,Consensus + Uncertainty,303,located,5.546120175599802,-62.87714514260932,52.73737889796592
B1_legacy,B1,B1,Consensus + Uncertainty,304,located,6.9009456690545425,-62.83739885436453,51.50368700663572
B1_legacy,B1,B1,Consensus + Uncertainty,305,located,6.188146160945998,-63.395689588532804,50.878534189932175
B1_legacy,B1,B1,Consensus + Uncertainty,306,located,7.467071712411284,-62.63231055131781,51.48670882416925
B1_legacy,B1,B1,Consensus + Uncertainty,307,located,6.950461532235576,-63.14742453999845,49.70680911218263
B1_legacy,B1,B1,Consensus + Uncertainty,308,located,7.108079012995741,-62.87869395686683,51.030078292201914
B1_legacy,B1,B1,Consensus + Uncertainty,309,located,6.194474734974408,-62.953525725860686,49.85837862697397
B1_legacy,B1,B1,Consensus + Uncertainty,310,located,6.505988682120335,-63.348315330093904,49.83923637381913
B1_legacy,B1,B1,Consensus + Uncertainty,311,reject,,,
B1_legacy,B1,B1,Consensus + Uncertainty,312,located,7.153882197551453,-62.82521791565179,51.939276665107286
B1_legacy,B1,B1,Consensus + Uncertainty,313,located,6.4140687137641645,-61.69760211545913,49.72084614892392
B1_legacy,B1,B1,Consensus + Uncertainty,314,located,7.790308484877601,-63.51433996598946,51.73975706810029
B1_legacy,B1,B1,Consensus + Uncertainty,315,located,5.9326617204219,-62.40964632202744,51.77935637020122
B1_legacy,B1,B1,Consensus + Uncertainty,316,located,6.057036003833205,-62.55204785353904,49.55772840862193
B1_legacy,B1,B1,Consensus + Uncertainty,317,located,5.711983393140014,-62.887088422486336,49.82649518989317
B1_legacy,B1,B1,Consensus + Uncertainty,318,located,5.893004605280614,-61.87482206291844,52.71524511032434
B1_legacy,B1,B1,Consensus + Uncertainty,319,reject,,,
B1_legacy,B1,B1,Consensus + Uncertainty,320,located,6.104156356526343,-62.61246651801602,52.076438220324455
B1_legacy,B1,B1,Consensus + Uncertainty,321,reject,,,
B1_legacy,B1,B1,Consensus + Uncertainty,322,reject,,,
B1_legacy,B1,B1,Consensus + Uncertainty,323,located,5.441719725480382,-62.757346541325155,52.37908677323326
B1_legacy,B1,B1,Consensus + Uncertainty,324,reject,,,
B1_legacy,B1,B1,Consensus + Uncertainty,325,located,5.7250302839671425,-62.330277995912226,51.635166727320204
B1_legacy,B1,B1,Consensus + Uncertainty,326,located,5.299890321583992,-63.59800907351635,50.16781979143932
B1_legacy,B1,B1,Consensus + Uncertainty,327,located,6.527124551286195,-62.80252807342008,51.37311813378992
B1_legacy,B1,B1,Consensus + Uncertainty,328,located,7.443227268340283,-63.151861739754914,49.332029953560365
B1_legacy,B1,B1,Consensus + Uncertainty,329,reject,,,
B1_legacy,B1,B1,Consensus + Uncertainty,330,located,6.860397321785932,-62.712624591014134,51.727140735627586
B1_legacy,B1,B1,Consensus + Uncertainty,331,located,7.727823399582062,-63.24670399609305,51.59482350660462
B1_legacy,B1,B1,Consensus + Uncertainty,332,located,7.330425473765158,-62.99799183885533,51.468481924858466
B1_legacy,B1,B1,Consensus + Uncertainty,333,located,5.242773396822779,-61.664134758472315,50.66310733422334
B1_legacy,B1,B1,Consensus + Uncertainty,334,reject,,,
B1_legacy,B1,B1,Consensus + Uncertainty,335,located,6.545180184034182,-63.18711212611379,53.06217143512501
B1_legacy,B1,B1,Consensus + Uncertainty,336,reject,,,
B1_legacy,B1,B1,Consensus + Uncertainty,337,located,6.457599782883549,-63.60190334637333,52.70090084222847
B1_legacy,B1,B1,Consensus + Uncertainty,338,located,7.0916337105545555,-62.2340673452235,50.441179700770135
B1_legacy,B1,B1,Consensus + Uncertainty,339,located,7.860553772563516,-63.07706125018461,49.92021823274265
B1_legacy,B1,B1,Consensus + Uncertainty,340,reject,,,
B1_legacy,B1,B1,Consensus + Uncertainty,341,located,7.483380798982188,-63.58187735801047,52.29032954605229
B1_legacy,B1,B1,Consensus + Uncertainty,342,reject,,,
B1_legacy,B1,B1,Consensus + Uncertainty,343,located,5.949318139210066,-63.973935130681916,53.09486326934671
B1_legacy,B1,B1,Consensus + Uncertainty,344,located,7.592329668851136,-62.73166861703842,51.87747936492552
B1_legacy,B1,B1,Consensus + Uncertainty,345,located,6.314942462638823,-63.136113996987994,53.90996471233966
B1_legacy,B1,B1,Consensus + Uncertainty,346,located,7.332250264218857,-62.39094764555886,51.377934143229055
B1_legacy,B1,B1,Consensus + Uncertainty,347,located,7.768808366415931,-63.67171874720226,49.496520983519396
B1_legacy,B1,B1,Consensus + Uncertainty,348,located,6.764081694131752,-64.1414028176887,49.35918944941304
B1_legacy,B1,B1,Consensus + Uncertainty,349,located,6.180871500137598,-62.49851261068507,51.483309093612725
B1_legacy,B1,B1,Consensus + Uncertainty,350,located,5.901752517306932,-63.05026632445848,49.35323937609427
B1_legacy,B1,B1,Consensus + Uncertainty,351,located,6.873989294446504,-63.41023351678767,51.5584361774883
B1_legacy,B1,B1,Consensus + Uncertainty,352,located,5.355857225490605,-62.1835408148241,52.03559773009298
B1_legacy,B1,B1,Consensus + Uncertainty,353,located,5.570468126407731,-62.81890456689054,52.33552444559775
B1_legacy,B1,B1,Consensus + Uncertainty,354,reject,,,
B1_legacy,B1,B1,Consensus + Uncertainty,355,located,7.151287826745021,-63.57472262593271,50.56042319776402
B1_legacy,B1,B1,Consensus + Uncertainty,356,reject,,,
B1_legacy,B1,B1,Consensus + Uncertainty,357,located,7.132532676492225,-62.65565290415074,50.1829769227861
B1_legacy,B1,B1,Consensus + Uncertainty,358,located,4.7264530740605935,-63.444894820801125,49.7222733092503
B1_legacy,B1,B1,Consensus + Uncertainty,359,located,6.209461422993658,-62.95945889433074,50.771923938919365
B1_legacy,B1,B1,Consensus + Uncertainty,360,located,6.722832261097559,-63.252118217946965,52.86376588802447
B1_legacy,B1,B1,Consensus + Uncertainty,361,reject,,,
B1_legacy,B1,B1,Consensus + Uncertainty,362,located,5.793271036077466,-62.34297947193676,51.6666109520213
B1_legacy,B1,B1,Consensus + Uncertainty,363,located,7.8644600610178435,-62.93525157073083,51.46662665285436
B1_legacy,B1,B1,Consensus + Uncertainty,364,located,5.96353170926994,-63.06679899076096,50.25890201528521
B1_legacy,B1,B1,Consensus + Uncertainty,365,located,7.11728314876296,-63.430450911851494,51.91450342396861
B1_legacy,B1,B1,Consensus + Uncertainty,366,located,6.61600008389152,-62.833164312104316,52.74356472084226
B1_legacy,B1,B1,Consensus + Uncertainty,367,located,5.781471590588059,-62.586877205015966,54.01790430366018
B1_legacy,B1,B1,Consensus + Uncertainty,368,located,7.978758062517683,-63.64818526571031,50.418465241632255
B1_legacy,B1,B1,Consensus + Uncertainty,369,located,5.944869828645331,-63.180963352866186,50.64511688703918
B1_legacy,B1,B1,Consensus + Uncertainty,370,located,6.407807804343505,-63.57297950462881,51.36282937832033
B1_legacy,B1,B1,Consensus + Uncertainty,371,located,6.520822798587282,-62.03712040311457,52.070882984369945
B1_legacy,B1,B1,Consensus + Uncertainty,372,located,5.333155713570014,-63.57572045495227,50.698599045690244
B1_legacy,B1,B1,Consensus + Uncertainty,373,reject,,,
B1_legacy,B1,B1,Consensus + Uncertainty,374,located,5.995053746979134,-62.585599311042536,50.94660460518827
B1_legacy,B1,B1,Consensus + Uncertainty,375,reject,,,
B1_legacy,B1,B1,Consensus + Uncertainty,376,located,6.116181793289493,-61.88653441060859,51.340135811377934
B1_legacy,B1,B1,Consensus + Uncertainty,377,located,5.5598685077504575,-63.033395778375265,52.095232741835794
B1_legacy,B1,B1,Consensus + Uncertainty,378,located,6.348073958776786,-62.20054072118992,51.64855325305861
B1_legacy,B1,B1,Consensus + Uncertainty,379,reject,,,
B1_legacy,B1,B1,Consensus + Uncertainty,380,located,7.061814995299064,-62.77181567598746,50.54136469087081
B1_legacy,B1,B1,Consensus + Uncertainty,381,located,6.343876627693672,-63.198745154100045,53.25309898062228
B1_legacy,B1,B1,Consensus + Uncertainty,382,located,6.597459210480616,-62.15240653082709,52.20072768068633
B1_legacy,B1,B1,Consensus + Uncertainty,383,located,5.310365331327648,-62.705307740935666,52.98692624276603
B1_legacy,B1,B1,Consensus + Uncertainty,384,located,6.34982651632192,-62.93874402907448,49.91457877930647
B1_legacy,B1,B1,Consensus + Uncertainty,385,located,6.59474469041498,-63.36604040640515,49.930430072242004
B1_legacy,B1,B1,Consensus + Uncertainty,386,located,5.890648399433971,-63.490749381097196,50.64775722585588
B1_legacy,B1,B1,Consensus + Uncertainty,387,located,5.7240672233010805,-62.73024922408612,51.970276962187945
B1_legacy,B1,B1,Consensus + Uncertainty,388,located,5.706089417965468,-62.6448189910247,47.97554186341654
B1_legacy,B1,B1,Consensus + Uncertainty,389,located,6.683997378489608,-61.774932160488945,51.10024084988402
B1_legacy,B1,B1,Consensus + Uncertainty,390,located,5.314242359688166,-62.321939782743016,52.140580215059124
B1_legacy,B1,B1,Consensus + Uncertainty,391,located,6.753691562967124,-63.41941397414367,52.19938507901467
B1_legacy,B1,B1,Consensus + Uncertainty,392,reject,,,
B1_legacy,B1,B1,Consensus + Uncertainty,393,located,4.9185350651848605,-62.95060047106964,51.345172958021585
B1_legacy,B1,B1,Consensus + Uncertainty,394,reject,,,
B1_legacy,B1,B1,Consensus + Uncertainty,395,located,6.27999420102433,-62.252525848684215,50.25081652100703
B1_legacy,B1,B1,Consensus + Uncertainty,396,located,6.545409440965797,-62.228255572185404,51.17640497050992
B1_legacy,B1,B1,Consensus + Uncertainty,397,located,6.615674761581349,-62.99755681312472,49.33201096021108
B1_legacy,B1,B1,Consensus + Uncertainty,398,located,5.959607234826915,-62.492352383454076,53.017733316599546
B1_legacy,B1,B1,Consensus + Uncertainty,399,located,6.81410017688265,-62.537177667061314,51.38701789582888
B2_M03,B2,B2,M0,0,located,10.113423036986283,-24.303684052864625,51.07710308386555
B2_M03,B2,B2,M0,1,located,9.593689858203293,-23.471028373046238,50.49035548132578
B2_M03,B2,B2,M0,2,located,9.911717127465975,-24.794193765361655,50.77475165058034
B2_M03,B2,B2,M0,3,located,10.661481046515034,-23.54798662952866,50.78599993296636
B2_M03,B2,B2,M0,4,located,11.182865295614532,-23.519007095181863,51.50968213031727
B2_M03,B2,B2,M0,5,located,10.674190910386057,-22.851175512309283,51.573887903489656
B2_M03,B2,B2,M0,6,located,10.369526683999444,-23.46768737106664,51.8367574747854
B2_M03,B2,B2,M0,7,located,10.115252171822524,-24.00496096502252,50.646019365853135
B2_M03,B2,B2,M0,8,located,10.06377275873519,-24.158918627171133,51.00471224858512
B2_M03,B2,B2,M0,9,located,10.626161133843844,-23.843063023864985,50.517542495288126
B2_M03,B2,B2,M0,10,located,10.993142151120727,-23.711736224186296,50.919814839646705
B2_M03,B2,B2,M0,11,located,10.496158573471194,-24.355929808594183,51.7305595070092
B2_M03,B2,B2,M0,12,located,10.336765896599779,-23.344925615614514,51.96345369676381
B2_M03,B2,B2,M0,13,located,10.136567936913565,-23.23682488458533,53.00362093337673
B2_M03,B2,B2,M0,14,located,10.533205034993168,-23.25764866808366,51.458673857614805
B2_M03,B2,B2,M0,15,located,10.132685241214903,-23.09132761485445,51.40207042343145
B2_M03,B2,B2,M0,16,located,10.956525533588005,-22.919988863085855,50.94958423656731
B2_M03,B2,B2,M0,17,located,10.6487376396988,-24.430447199924686,50.077151806476344
B2_M03,B2,B2,M0,18,located,9.207649271931716,-23.972021353665923,51.460002175551125
B2_M03,B2,B2,M0,19,located,9.680032938841805,-23.196581386853794,51.0557253755682
B2_M03,B2,B2,M0,20,located,10.541990850298816,-24.38630512886631,50.46373722787257
B2_M03,B2,B2,M0,21,located,10.781873753247098,-23.284302054251896,50.57451500563829
B2_M03,B2,B2,M0,22,located,9.81976122873702,-23.766015597097443,50.794741353531705
B2_M03,B2,B2,M0,23,located,10.979765703682865,-23.73383540765208,51.62271629383692
B2_M03,B2,B2,M0,24,located,10.382628592927114,-24.723862265630494,49.158174266966824
B2_M03,B2,B2,M0,25,located,10.068996149967605,-23.496851531179153,50.793411541694404
B2_M03,B2,B2,M0,26,located,10.4332340409705,-23.4869769855039,50.83230881005001
B2_M03,B2,B2,M0,27,located,10.442900056240621,-24.447393981010308,51.18312727023187
B2_M03,B2,B2,M0,28,located,10.229430997803748,-23.827496638143856,51.04591287052959
B2_M03,B2,B2,M0,29,located,10.191228251038343,-23.922750942422418,50.91787962540088
B2_M03,B2,B2,M0,30,located,9.504754905871133,-24.409866747366145,51.11172160668571
B2_M03,B2,B2,M0,31,located,10.328467834671613,-23.25347182974162,51.85554388592075
B2_M03,B2,B2,M0,32,located,11.273141478492468,-23.335792036061093,51.05963081814286
B2_M03,B2,B2,M0,33,located,9.733214510957884,-23.958022317920687,50.697219495913615
B2_M03,B2,B2,M0,34,located,9.901404930926015,-23.553926802941646,50.917173752631534
B2_M03,B2,B2,M0,35,located,11.498238080710726,-23.986952267406785,50.91405841471772
B2_M03,B2,B2,M0,36,located,9.552828869991268,-23.97203371147529,51.245485178115764
B2_M03,B2,B2,M0,37,located,10.913219537123048,-24.146195189532037,51.07503713499098
B2_M03,B2,B2,M0,38,located,11.100843767590009,-24.383650346409667,51.08152275866155
B2_M03,B2,B2,M0,39,located,9.960058988240759,-24.075088787447612,51.44034786279585
B2_M03,B2,B2,M0,40,located,10.655380743540402,-23.428752576612347,49.3235030033634
B2_M03,B2,B2,M0,41,located,10.20009566100774,-23.132159964798404,51.45388627118351
B2_M03,B2,B2,M0,42,located,10.90987369616059,-23.521741741256896,51.60265993189068
B2_M03,B2,B2,M0,43,located,10.365622349686728,-23.421070643467324,50.45703026983268
B2_M03,B2,B2,M0,44,located,10.248653568246235,-24.11268962056746,50.900508923887315
B2_M03,B2,B2,M0,45,located,10.718456094379993,-23.43892758845682,51.043881815570046
B2_M03,B2,B2,M0,46,located,11.089811793499905,-23.53129837500066,51.268040360971014
B2_M03,B2,B2,M0,47,located,10.390898017622137,-24.638282441250503,49.364223491354174
B2_M03,B2,B2,M0,48,located,10.337871889489922,-24.029801983531392,50.19415176518086
B2_M03,B2,B2,M0,49,located,11.293365536865451,-23.48785744654878,52.11357966480826
B2_M03,B2,B2,M0,50,located,10.21305980122546,-23.992325045214045,50.713275913969625
B2_M03,B2,B2,M0,51,located,10.061853736731669,-24.478860673892207,51.08986144369593
B2_M03,B2,B2,M0,52,located,10.791514540689475,-23.50225517989994,52.06055838857406
B2_M03,B2,B2,M0,53,located,10.386462892476745,-24.302885168327123,49.815511140135705
B2_M03,B2,B2,M0,54,located,10.310646539209147,-23.58118990129801,49.14736953828134
B2_M03,B2,B2,M0,55,located,10.43661820907893,-24.15270394339504,49.87208947433617
B2_M03,B2,B2,M0,56,located,10.626496242814671,-23.6065113108072,50.87032020057662
B2_M03,B2,B2,M0,57,located,10.257934162760252,-23.6169657969212,51.347230895783795
B2_M03,B2,B2,M0,58,located,9.613453419544413,-23.540485522115567,50.98738129085861
B2_M03,B2,B2,M0,59,located,10.457951891860063,-23.265970709923643,51.69577890937419
B2_M03,B2,B2,M0,60,located,10.741709477113242,-23.43548333719427,52.75843697937834
B2_M03,B2,B2,M0,61,located,11.18913745546034,-23.834116445865583,51.214329831040324
B2_M03,B2,B2,M0,62,located,10.790360257594099,-23.547416844267104,51.28011050226028
B2_M03,B2,B2,M0,63,located,11.402210708599494,-24.30662593985661,50.32460023698038
B2_M03,B2,B2,M0,64,located,10.888747449993891,-23.98340418949391,49.47013672427351
B2_M03,B2,B2,M0,65,located,10.182668051836531,-24.046168029533035,50.45221911065564
B2_M03,B2,B2,M0,66,located,11.203203817682844,-24.445135340997112,51.055024092503636
B2_M03,B2,B2,M0,67,located,9.812167200881115,-23.697784733556908,51.03287690048233
B2_M03,B2,B2,M0,68,located,9.843043802318354,-23.78506420826875,50.663018205155694
B2_M03,B2,B2,M0,69,located,10.623187832368405,-23.66763806476397,51.27847891341333
B2_M03,B2,B2,M0,70,located,10.386625978047814,-23.78476365462285,51.184388941098256
B2_M03,B2,B2,M0,71,located,10.184755639858745,-23.99678076583954,50.04553530322056
B2_M03,B2,B2,M0,72,located,9.904152116964895,-23.617739089732524,50.674652136794336
B2_M03,B2,B2,M0,73,located,10.713184854052791,-23.815889191355083,51.347903330049725
B2_M03,B2,B2,M0,74,located,10.06232361797181,-23.104534268715568,51.93340977528716
B2_M03,B2,B2,M0,75,located,9.467562588627352,-23.94098650365772,50.923206147741645
B2_M03,B2,B2,M0,76,located,10.738571139347698,-24.181770129652165,50.2642555346076
B2_M03,B2,B2,M0,77,located,10.673443189130161,-23.092989206972334,51.347131375342045
B2_M03,B2,B2,M0,78,located,10.62112856100802,-23.35936985262289,50.94139602638511
B2_M03,B2,B2,M0,79,located,10.415497675088696,-23.48235305231234,51.39574035021266
B2_M03,B2,B2,M0,80,located,10.575973156335328,-23.75691166453678,51.59917809784247
B2_M03,B2,B2,M0,81,located,10.623269288375594,-23.746350436561386,52.05434501735783
B2_M03,B2,B2,M0,82,located,10.184379616505014,-23.51841005961559,51.46264065874566
B2_M03,B2,B2,M0,83,located,11.69639138822309,-24.43831022483689,48.97040908051771
B2_M03,B2,B2,M0,84,located,10.417458127754246,-23.20928904190908,51.55562948451563
B2_M03,B2,B2,M0,85,located,10.08927452270547,-23.419841782979475,52.02740089868834
B2_M03,B2,B2,M0,86,located,10.16661824958561,-23.569037983932525,52.21785106242771
B2_M03,B2,B2,M0,87,located,10.419197434768986,-23.53433278778177,51.55820316831136
B2_M03,B2,B2,M0,88,located,10.696476460426828,-24.50277602242722,50.60663600931834
B2_M03,B2,B2,M0,89,located,10.325702174287201,-23.73185093866082,50.75031869584621
B2_M03,B2,B2,M0,90,located,10.289430559072795,-23.179846904470686,51.30748304835077
B2_M03,B2,B2,M0,91,located,9.670613790971471,-23.83252234020599,50.727487893528505
B2_M03,B2,B2,M0,92,located,10.755518210607635,-23.621244807047837,49.82108384272273
B2_M03,B2,B2,M0,93,located,10.804887722104429,-23.378031239436517,51.14891149806711
B2_M03,B2,B2,M0,94,located,11.166110627617899,-22.650740496077717,51.75655797218218
B2_M03,B2,B2,M0,95,located,9.642477822559943,-23.507000933811028,50.34216156708693
B2_M03,B2,B2,M0,96,located,10.789306697276736,-23.749895982108946,51.84053228352314
B2_M03,B2,B2,M0,97,located,9.861131579031799,-23.644149446973806,50.01824683270455
B2_M03,B2,B2,M0,98,located,10.49173909635412,-23.453593182759086,51.029004513530666
B2_M03,B2,B2,M0,99,located,9.851519445307526,-24.215567231130898,50.9182540229248
B2_M03,B2,B2,M0,100,located,10.40607475238284,-23.809798434528673,52.48954690375432
B2_M03,B2,B2,M0,101,located,10.456942126301772,-23.80049068502381,49.93761907457062
B2_M03,B2,B2,M0,102,located,10.322523528976117,-23.040127523695013,50.46995629103519
B2_M03,B2,B2,M0,103,located,10.524399054737826,-24.039807511629164,50.93695177202158
B2_M03,B2,B2,M0,104,located,10.45879694878028,-23.677237154483272,50.51164064291038
B2_M03,B2,B2,M0,105,located,10.236125342422199,-23.688186844452716,50.519907754269646
B2_M03,B2,B2,M0,106,located,11.215473040632451,-24.440337373236993,51.39293734722478
B2_M03,B2,B2,M0,107,located,9.450031300610709,-23.96270092227749,50.17785259602423
B2_M03,B2,B2,M0,108,located,10.187252120112936,-23.25096315329818,52.56938264336035
B2_M03,B2,B2,M0,109,located,9.970513857039002,-23.77911615242924,49.73120973100126
B2_M03,B2,B2,M0,110,located,10.417505672925598,-23.83514446832995,50.98707397321709
B2_M03,B2,B2,M0,111,located,11.253054808385244,-23.30922037885813,50.178904971090816
B2_M03,B2,B2,M0,112,located,9.548127866660694,-23.617882561094355,51.119317936632086
B2_M03,B2,B2,M0,113,located,11.442647462507397,-23.468674643511577,51.5712626593359
B2_M03,B2,B2,M0,114,located,10.789365996979573,-23.784091337214754,50.84442050254942
B2_M03,B2,B2,M0,115,located,10.211553729636377,-23.821470565643743,50.48285426141167
B2_M03,B2,B2,M0,116,located,10.039518331584208,-24.18077848537508,50.86104190296418
B2_M03,B2,B2,M0,117,located,10.359408028401035,-24.301915439309184,51.3207648667659
B2_M03,B2,B2,M0,118,located,11.254064424008982,-23.47495291850052,52.10097516822942
B2_M03,B2,B2,M0,119,located,9.737619987320212,-24.24370733129566,50.560140526641334
B2_M03,B2,B2,M0,120,located,10.417857042734195,-24.49042171286648,50.029831338823705
B2_M03,B2,B2,M0,121,located,8.792658058645616,-24.218067243720967,50.52829340385736
B2_M03,B2,B2,M0,122,located,10.200099587470666,-23.91730831276591,51.097837248557056
B2_M03,B2,B2,M0,123,located,10.768148595375877,-23.695278090926976,52.28711195552482
B2_M03,B2,B2,M0,124,located,10.277471920228587,-23.28406652982288,51.100472723984616
B2_M03,B2,B2,M0,125,located,10.581634962870877,-24.053652655703118,50.119131267347896
B2_M03,B2,B2,M0,126,located,11.147492466861287,-23.695650399790416,51.973070039979
B2_M03,B2,B2,M0,127,located,9.99185011655392,-23.283648999725195,52.199303149584935
B2_M03,B2,B2,M0,128,located,10.402423783382769,-23.65322002950934,52.34121810070688
B2_M03,B2,B2,M0,129,located,9.785268157625506,-24.413332881425553,50.527177962899835
B2_M03,B2,B2,M0,130,located,10.000701848960542,-24.16474025224514,51.54266257404932
B2_M03,B2,B2,M0,131,located,10.947823260125702,-23.335587468931458,50.09847401604128
B2_M03,B2,B2,M0,132,located,10.475834594075922,-22.802062967096248,51.306883364495796
B2_M03,B2,B2,M0,133,located,10.314793489840564,-23.399749331331094,52.38414675877437
B2_M03,B2,B2,M0,134,located,10.404181683447373,-24.841636594918768,50.32264041642889
B2_M03,B2,B2,M0,135,located,9.938574228817153,-24.1784569559602,51.39548231445048
B2_M03,B2,B2,M0,136,located,10.97279788540799,-23.602992465622407,51.7118528246557
B2_M03,B2,B2,M0,137,located,10.558911315833399,-23.31923462482937,51.03049650870161
B2_M03,B2,B2,M0,138,located,11.102430428002311,-23.115338860417616,51.575504700243
B2_M03,B2,B2,M0,139,located,11.105172675105091,-23.297841076951507,51.67604283947635
B2_M03,B2,B2,M0,140,located,10.035063798387009,-23.627440135814368,50.49897669499834
B2_M03,B2,B2,M0,141,located,10.398369872346116,-23.026106198734794,51.80335595037647
B2_M03,B2,B2,M0,142,located,10.10366184838175,-23.7390474206354,51.58093013769118
B2_M03,B2,B2,M0,143,located,9.455312765431847,-24.77375853726307,48.65661943114168
B2_M03,B2,B2,M0,144,located,10.643612055525892,-24.147014748938822,50.60293299931568
B2_M03,B2,B2,M0,145,located,11.06292168446952,-24.283447291220256,52.222706716868274
B2_M03,B2,B2,M0,146,located,9.931113359549066,-24.011824106671817,51.593833782797965
B2_M03,B2,B2,M0,147,located,10.183507004021779,-23.803461266827455,49.95932578597836
B2_M03,B2,B2,M0,148,located,10.029787684075801,-23.005752275667547,52.35411022507995
B2_M03,B2,B2,M0,149,located,9.951751977926106,-23.184983535674583,52.47803573501047
B2_M03,B2,B2,M0,150,located,10.6479510890274,-24.438413612157802,51.08742490689142
B2_M03,B2,B2,M0,151,located,10.842218463804777,-23.474872168241205,51.629621597347
B2_M03,B2,B2,M0,152,located,10.021361269855765,-23.678951052271337,51.21250927214104
B2_M03,B2,B2,M0,153,located,9.13785657126002,-23.58850064692146,51.31428591830149
B2_M03,B2,B2,M0,154,located,10.073389438370157,-23.957022260972963,49.998031630325606
B2_M03,B2,B2,M0,155,located,9.676321824936377,-23.80622418112231,50.388570837348944
B2_M03,B2,B2,M0,156,located,10.6465145398745,-23.45313136792383,50.72278121520088
B2_M03,B2,B2,M0,157,located,10.620635307915231,-23.69110600745811,49.25269583615781
B2_M03,B2,B2,M0,158,located,10.578952507095547,-24.032907521202965,49.42533409103273
B2_M03,B2,B2,M0,159,located,10.481093641946229,-24.766427242252725,51.080081207452096
B2_M03,B2,B2,M0,160,located,10.133961238118783,-24.24323477961771,50.74206326353288
B2_M03,B2,B2,M0,161,located,10.627641391699026,-23.64936908080214,51.66990119952664
B2_M03,B2,B2,M0,162,located,10.668970514441211,-23.858114277392282,50.91350235146396
B2_M03,B2,B2,M0,163,located,10.936705988789223,-24.06129739518807,50.520917028975575
B2_M03,B2,B2,M0,164,located,10.238963800873732,-23.631749144796167,51.234645742999845
B2_M03,B2,B2,M0,165,located,10.67454647326318,-24.35080752442188,50.976999022937825
B2_M03,B2,B2,M0,166,located,10.268503400183382,-23.175711066766375,51.46115189214806
B2_M03,B2,B2,M0,167,located,9.621922900548396,-23.7758075224517,50.86415008036288
B2_M03,B2,B2,M0,168,located,10.413342885343996,-23.964217323032734,50.59509187952969
B2_M03,B2,B2,M0,169,located,9.744582707728876,-22.829951629338126,50.5442427638579
B2_M03,B2,B2,M0,170,located,11.356449228144378,-24.232681917019825,52.06985705327524
B2_M03,B2,B2,M0,171,located,10.21250022212298,-23.92476032707942,49.95593223073514
B2_M03,B2,B2,M0,172,located,10.981784251589197,-24.37639758636322,49.7437560182272
B2_M03,B2,B2,M0,173,located,11.023198949121193,-24.104483110133046,50.91081181833329
B2_M03,B2,B2,M0,174,located,10.325725320972433,-23.69141873610962,50.41022876144449
B2_M03,B2,B2,M0,175,located,10.274645444587089,-24.29582079994347,49.65721318688185
B2_M03,B2,B2,M0,176,located,9.750143508353991,-23.640135542762188,50.793720389751776
B2_M03,B2,B2,M0,177,located,10.26222421263566,-24.34938945070467,51.35939495681436
B2_M03,B2,B2,M0,178,located,10.762207707382917,-23.51123029092878,52.05011255722567
B2_M03,B2,B2,M0,179,located,11.112918857668399,-24.142385819510935,51.655274546921625
B2_M03,B2,B2,M0,180,located,9.800380797077757,-24.50574678733409,50.14408694638651
B2_M03,B2,B2,M0,181,located,10.060040483080401,-23.51845989393999,49.838755378645736
B2_M03,B2,B2,M0,182,located,10.85841868145899,-23.98222944592124,51.460518011766794
B2_M03,B2,B2,M0,183,located,10.140582012094647,-23.558235464923897,50.2400542906214
B2_M03,B2,B2,M0,184,located,9.918097074371728,-23.972201504561042,50.71648290001235
B2_M03,B2,B2,M0,185,located,11.080655044828337,-23.242969826989963,51.34929259672807
B2_M03,B2,B2,M0,186,located,10.431308259772443,-23.32578289405673,51.22074598375422
B2_M03,B2,B2,M0,187,located,10.213507454760128,-24.016549155272514,51.778717379659135
B2_M03,B2,B2,M0,188,located,9.995800788594455,-24.306890764007157,50.70962661441919
B2_M03,B2,B2,M0,189,located,9.992673108433411,-23.739933990044037,51.385690858308486
B2_M03,B2,B2,M0,190,located,10.379051794503203,-23.991515827428636,51.87572354728145
B2_M03,B2,B2,M0,191,located,9.886760281040484,-22.872955881544513,51.582647571868065
B2_M03,B2,B2,M0,192,located,10.453812695493996,-23.80984618887055,52.652277624821366
B2_M03,B2,B2,M0,193,located,11.048003989919664,-24.160306958890025,52.10350016774477
B2_M03,B2,B2,M0,194,located,10.860164123616965,-23.935146734115378,53.00872667242378
B2_M03,B2,B2,M0,195,located,10.01813650254244,-23.89281687367629,51.77684575382696
B2_M03,B2,B2,M0,196,located,10.772802937350924,-23.747625560160394,50.0709494626244
B2_M03,B2,B2,M0,197,located,10.456154037731919,-24.404688478644246,49.74730370548873
B2_M03,B2,B2,M0,198,located,9.424435897503951,-24.50135588320589,49.647973225506156
B2_M03,B2,B2,M0,199,located,9.91861299408612,-24.94403798825121,50.37381888773345
B2_M03,B2,B2,M0,200,located,10.2859263757837,-24.52425443214061,50.78883165678062
B2_M03,B2,B2,M0,201,located,10.440772069259479,-24.28596240688926,51.040248994748005
B2_M03,B2,B2,M0,202,located,9.979476008780283,-23.92856644616362,51.29734392033904
B2_M03,B2,B2,M0,203,located,10.441516590505117,-23.24536377939323,51.10685847524564
B2_M03,B2,B2,M0,204,located,10.083690961371136,-22.007240265077698,52.277487499453485
B2_M03,B2,B2,M0,205,located,9.919320497325797,-24.164533561755555,51.45185264891412
B2_M03,B2,B2,M0,206,located,10.485238160341284,-23.888413250144175,51.38937968823887
B2_M03,B2,B2,M0,207,located,10.701722932328071,-23.406574927093537,49.821223199708946
B2_M03,B2,B2,M0,208,located,11.25092833402944,-23.519589770164217,51.345443087030866
B2_M03,B2,B2,M0,209,located,11.782268778018903,-23.491273883594545,50.78012240785143
B2_M03,B2,B2,M0,210,located,10.48975704319569,-24.47492484871617,50.11472141567645
B2_M03,B2,B2,M0,211,located,9.697542833071303,-23.675783158481345,52.08570256573954
B2_M03,B2,B2,M0,212,located,10.294562568944489,-23.516699338729737,52.45066259823092
B2_M03,B2,B2,M0,213,located,10.928089631580812,-24.367075718836844,50.68229021539639
B2_M03,B2,B2,M0,214,located,10.234973560086338,-24.96783534449871,50.71396785766681
B2_M03,B2,B2,M0,215,located,11.08887803671327,-23.784119479112796,51.86084862285329
B2_M03,B2,B2,M0,216,located,10.655630808095927,-23.223556687437643,51.99072252189908
B2_M03,B2,B2,M0,217,located,10.094983043408897,-23.404440360609954,50.55484858276148
B2_M03,B2,B2,M0,218,located,9.447766561570042,-23.933115516421353,52.11049658078575
B2_M03,B2,B2,M0,219,located,10.586534106815492,-23.3879807914384,51.49258177914868
B2_M03,B2,B2,M0,220,located,10.009197335583181,-23.372466540751454,51.005660601403115
B2_M03,B2,B2,M0,221,located,10.563315444672746,-24.003666445344543,51.90855768302803
B2_M03,B2,B2,M0,222,located,10.51382287062607,-23.902153694226435,50.540946944339865
B2_M03,B2,B2,M0,223,located,10.153965507694759,-23.954137678339926,50.21511562929845
B2_M03,B2,B2,M0,224,located,10.449301391312254,-23.231966503579294,51.65707881808326
B2_M03,B2,B2,M0,225,located,10.115184815292022,-23.85375161410083,51.469730314070105
B2_M03,B2,B2,M0,226,located,11.082646171229749,-23.244509462918764,51.27213601190272
B2_M03,B2,B2,M0,227,located,10.412092657120812,-23.10903552428116,51.26779797804893
B2_M03,B2,B2,M0,228,located,10.271491406263667,-23.490844068226572,51.66486015472389
B2_M03,B2,B2,M0,229,located,9.768318840759163,-24.529381340076604,49.082056493831836
B2_M03,B2,B2,M0,230,located,10.368848616083481,-24.665007529682583,51.69755796687335
B2_M03,B2,B2,M0,231,located,10.557567520442474,-24.43637465459215,50.11803575293332
B2_M03,B2,B2,M0,232,located,9.753189864067823,-23.60349042671585,50.93818353407716
B2_M03,B2,B2,M0,233,located,10.118540004449642,-24.21377577551626,51.34617353558371
B2_M03,B2,B2,M0,234,located,9.728340404091213,-24.111553036040917,50.87359968244724
B2_M03,B2,B2,M0,235,located,11.51704313735806,-23.42846052656551,52.17566971381178
B2_M03,B2,B2,M0,236,located,9.456145079510547,-23.869136564908516,50.679385964677024
B2_M03,B2,B2,M0,237,located,9.979520484372765,-22.93314422014896,51.46336602014962
B2_M03,B2,B2,M0,238,located,10.547018859082634,-23.809531040549267,51.30725739150728
B2_M03,B2,B2,M0,239,located,10.80652680941658,-23.894257796502288,50.58934565512553
B2_M03,B2,B2,M0,240,located,9.49426390287189,-23.710806507915756,50.11327724295464
B2_M03,B2,B2,M0,241,located,10.117265881263545,-23.882525646924385,51.247093602800916
B2_M03,B2,B2,M0,242,located,9.869998020571142,-24.28729421612166,51.31699924894626
B2_M03,B2,B2,M0,243,located,9.869331509991586,-24.749373235408548,50.768639849718035
B2_M03,B2,B2,M0,244,located,9.816128493219953,-24.10557297996612,51.50953357918674
B2_M03,B2,B2,M0,245,located,10.033393739434437,-24.297471594491135,50.8396051643279
B2_M03,B2,B2,M0,246,located,9.997149008185447,-23.33973262859824,49.549202740534646
B2_M03,B2,B2,M0,247,located,11.138652964036899,-23.34300555328219,50.99466986838101
B2_M03,B2,B2,M0,248,located,10.187865026863154,-23.621148513697143,50.22521244760592
B2_M03,B2,B2,M0,249,located,10.382929575834632,-24.107786483708587,51.3258026834719
B2_M03,B2,B2,M0,250,located,10.117702465766898,-23.042002427409315,52.31561143958705
B2_M03,B2,B2,M0,251,located,9.990601760627982,-23.82143072031674,50.270538332527316
B2_M03,B2,B2,M0,252,located,9.810545319451492,-24.1337515665154,50.86310341938107
B2_M03,B2,B2,M0,253,located,10.023103636732257,-24.538376206279793,51.58596910286152
B2_M03,B2,B2,M0,254,located,10.316157967731682,-24.12141086999185,50.08976059687438
B2_M03,B2,B2,M0,255,located,9.937972010017488,-23.307824722414082,52.365389520278235
B2_M03,B2,B2,M0,256,located,10.148865766995204,-23.452672999679386,52.09441827039008
B2_M03,B2,B2,M0,257,located,10.549886774403305,-24.024469000689336,49.95861850280922
B2_M03,B2,B2,M0,258,located,9.887013363411322,-24.07544877752583,51.30079851865382
B2_M03,B2,B2,M0,259,located,10.628620096751952,-24.514857256313405,50.774832381713836
B2_M03,B2,B2,M0,260,located,9.470723563262052,-23.674890070279275,50.430153636373056
B2_M03,B2,B2,M0,261,located,10.291928051410272,-24.61588064148433,49.92159399708399
B2_M03,B2,B2,M0,262,located,9.86080014854686,-23.81863774364873,52.23232222956379
B2_M03,B2,B2,M0,263,located,10.450425627076521,-23.965381939067917,49.73451395175265
B2_M03,B2,B2,M0,264,located,10.667904614586616,-23.898928099407613,52.62314279426833
B2_M03,B2,B2,M0,265,located,10.454745909393619,-24.3571229045699,51.20180108864108
B2_M03,B2,B2,M0,266,located,9.926401629169604,-23.63324277661247,51.29810849923226
B2_M03,B2,B2,M0,267,located,10.845481263550846,-23.242196106634196,51.01895036524279
B2_M03,B2,B2,M0,268,located,10.499131745046656,-23.693826134813094,51.5025149213383
B2_M03,B2,B2,M0,269,located,11.062533360934971,-23.458122620482172,51.988134712320466
B2_M03,B2,B2,M0,270,located,11.710923450581474,-23.55785739450959,51.767270688132285
B2_M03,B2,B2,M0,271,located,10.13592073076322,-23.374746522841427,50.842034465417356
B2_M03,B2,B2,M0,272,located,10.165912859640974,-23.724686917092008,52.00036845474838
B2_M03,B2,B2,M0,273,located,11.129494817396308,-24.088368466528536,52.134106668902135
B2_M03,B2,B2,M0,274,located,10.452621495921848,-24.589717904147882,50.715822262727535
B2_M03,B2,B2,M0,275,located,9.839778671228247,-23.576999185487914,50.73046017378591
B2_M03,B2,B2,M0,276,located,9.974948972763736,-24.211297700221664,51.68761758652364
B2_M03,B2,B2,M0,277,located,10.704340947334956,-24.908849857798565,50.190478080848514
B2_M03,B2,B2,M0,278,located,10.75474810579067,-23.308263255208246,51.56125273667696
B2_M03,B2,B2,M0,279,located,9.249494343069497,-24.214545531520884,51.28754149774384
B2_M03,B2,B2,M0,280,located,10.392915904807518,-24.076126453079304,51.27838205038782
B2_M03,B2,B2,M0,281,located,10.191667183416339,-24.131236158594987,50.69537449864638
B2_M03,B2,B2,M0,282,located,10.531680277398772,-24.557972445988902,50.88356599559149
B2_M03,B2,B2,M0,283,located,11.116155749257148,-23.2877911834261,51.0644944263439
B2_M03,B2,B2,M0,284,located,10.527712085003445,-24.01911660827661,52.18965325410814
B2_M03,B2,B2,M0,285,located,9.274767176337535,-23.60208804258263,49.25894747728451
B2_M03,B2,B2,M0,286,located,9.709953818203333,-23.895559701802426,51.130108790605874
B2_M03,B2,B2,M0,287,located,9.680818112581427,-24.099520914080735,50.4418112226272
B2_M03,B2,B2,M0,288,located,10.032929064575393,-24.575178645549805,48.87937907427458
B2_M03,B2,B2,M0,289,located,10.386248645786985,-23.94600588249307,50.6252272876401
B2_M03,B2,B2,M0,290,located,10.982386129203041,-23.195783620810133,52.37722851849237
B2_M03,B2,B2,M0,291,located,10.62541486949774,-23.79360698155824,51.12451244915467
B2_M03,B2,B2,M0,292,located,9.10583320255739,-23.58849345947077,51.37208583643847
B2_M03,B2,B2,M0,293,located,10.392036253661097,-23.999077033174338,51.46571658431265
B2_M03,B2,B2,M0,294,located,10.146222190978298,-23.715557790289814,51.81039532303099
B2_M03,B2,B2,M0,295,located,11.410808648053555,-23.37461941365897,50.859190170326
B2_M03,B2,B2,M0,296,located,10.763673994367354,-23.726704949380043,51.38565134448412
B2_M03,B2,B2,M0,297,located,10.819218060255317,-24.40326347997466,50.33450236413608
B2_M03,B2,B2,M0,298,located,10.053499170605228,-24.216976951863423,50.010386630615535
B2_M03,B2,B2,M0,299,located,10.844190123353915,-23.291185156584767,52.55277540132928
B2_M03,B2,B2,M0,300,located,11.140551624141164,-23.413627600806116,50.844227162250085
B2_M03,B2,B2,M0,301,located,9.966717732052993,-24.189807581012843,50.69099939659627
B2_M03,B2,B2,M0,302,located,10.388336764265965,-24.061388888090384,51.7747195342003
B2_M03,B2,B2,M0,303,located,10.241343312529084,-23.67021257746333,52.31259714814221
B2_M03,B2,B2,M0,304,located,9.780553827727681,-23.437339193599158,50.14363469788728
B2_M03,B2,B2,M0,305,located,10.88793052880397,-23.725476647791666,52.336553374799266
B2_M03,B2,B2,M0,306,located,9.825897317850309,-23.611306718453612,50.72962313680111
B2_M03,B2,B2,M0,307,located,10.528976898953404,-24.400369498732132,50.24338642749653
B2_M03,B2,B2,M0,308,located,10.219667014638913,-23.507498093929208,50.528667831575945
B2_M03,B2,B2,M0,309,located,10.923329955836788,-23.8456421712921,50.610121916230874
B2_M03,B2,B2,M0,310,located,9.937851974839006,-24.460237013760292,50.55876101422974
B2_M03,B2,B2,M0,311,located,10.256123042973808,-24.147611906468775,49.95274634751441
B2_M03,B2,B2,M0,312,located,10.456006229535472,-24.080371580706647,48.928554085557266
B2_M03,B2,B2,M0,313,located,10.154038635586883,-23.904870971890766,50.54839358551271
B2_M03,B2,B2,M0,314,located,10.2245720406031,-23.888302115514094,50.88771442315966
B2_M03,B2,B2,M0,315,located,9.860593769878578,-24.330609619910092,51.55056919542319
B2_M03,B2,B2,M0,316,located,8.959072211424713,-23.700488156250138,50.53433541643439
B2_M03,B2,B2,M0,317,located,9.829705245191024,-22.96411884837321,50.30842495759698
B2_M03,B2,B2,M0,318,located,9.996317847980931,-22.965242895651627,51.479999062620905
B2_M03,B2,B2,M0,319,located,11.386218614653641,-23.380114923050286,50.43947147497404
B2_M03,B2,B2,M0,320,located,9.82759739804783,-23.4307962456704,50.50830808892431
B2_M03,B2,B2,M0,321,located,9.940085534473313,-23.842422344725584,50.682610065072105
B2_M03,B2,B2,M0,322,located,10.919466062603977,-24.005345331274476,49.694426049831804
B2_M03,B2,B2,M0,323,located,10.204870196801826,-23.870889774039497,51.96773046135912
B2_M03,B2,B2,M0,324,located,10.307711426945362,-24.090411048111804,51.018390250303696
B2_M03,B2,B2,M0,325,located,10.672277277858637,-24.700467061502138,49.76793296869859
B2_M03,B2,B2,M0,326,located,10.160126873363465,-24.355219696927115,50.891058519788416
B2_M03,B2,B2,M0,327,located,10.285981097254428,-23.77220338364129,51.363893312087804
B2_M03,B2,B2,M0,328,located,11.093959365338685,-24.545906665641844,50.10528989260104
B2_M03,B2,B2,M0,329,located,10.782963695532873,-23.883005424515794,51.27684527206639
B2_M03,B2,B2,M0,330,located,9.896705471748872,-24.67634645857043,50.23298474646334
B2_M03,B2,B2,M0,331,located,9.900472435056452,-23.841453310532962,50.23563420629719
B2_M03,B2,B2,M0,332,located,10.298561758777401,-23.69375963168273,52.518375227658
B2_M03,B2,B2,M0,333,located,11.02200778601643,-23.240605701846896,50.33086746578446
B2_M03,B2,B2,M0,334,located,10.201717086589715,-23.933974412301787,50.68652420190185
B2_M03,B2,B2,M0,335,located,11.776463913110899,-25.275149993894985,50.268377446155434
B2_M03,B2,B2,M0,336,located,10.543356304654571,-22.90821995684901,51.13033643704006
B2_M03,B2,B2,M0,337,located,10.449003151343227,-23.59228783416104,51.38234483396191
B2_M03,B2,B2,M0,338,located,9.921614630238372,-23.79510742142285,50.028020158204924
B2_M03,B2,B2,M0,339,located,9.65620399387497,-23.47120519101361,49.77049206177328
B2_M03,B2,B2,M0,340,located,10.325053518829735,-24.295237400226476,50.763485072463986
B2_M03,B2,B2,M0,341,located,10.284818969883736,-24.213599042001114,50.505913320166414
B2_M03,B2,B2,M0,342,located,10.38417130167812,-23.401041263143483,52.184184903258156
B2_M03,B2,B2,M0,343,located,10.463093760970402,-24.688965989421142,49.8460985165242
B2_M03,B2,B2,M0,344,located,10.931997709447115,-23.955452164351854,51.06698525006963
B2_M03,B2,B2,M0,345,located,10.384246918513915,-23.64851525957006,50.67309232741534
B2_M03,B2,B2,M0,346,located,10.502269462766773,-24.061208658358268,51.03053488434967
B2_M03,B2,B2,M0,347,located,10.142080551178415,-23.559890487836903,49.13142342931649
B2_M03,B2,B2,M0,348,located,10.871015879993768,-22.735820999502884,51.802416524462615
B2_M03,B2,B2,M0,349,located,10.637008176943331,-23.737700361337524,50.9738453460983
B2_M03,B2,B2,M0,350,located,10.837364228604644,-23.095229300994,51.714873769165585
B2_M03,B2,B2,M0,351,located,10.424353150504606,-24.562746936780535,51.260510139099274
B2_M03,B2,B2,M0,352,located,10.49321749733928,-23.5100523271144,51.74049270542125
B2_M03,B2,B2,M0,353,located,10.432770590822972,-23.86189656381834,50.029102909075384
B2_M03,B2,B2,M0,354,located,9.642569869466664,-24.209897524858903,50.28094389044506
B2_M03,B2,B2,M0,355,located,10.97593859541422,-22.98329834284337,51.862806483845674
B2_M03,B2,B2,M0,356,located,9.933159051176302,-23.854157475144866,50.80182754163548
B2_M03,B2,B2,M0,357,located,9.8092845845911,-24.16799832903599,51.854820603049234
B2_M03,B2,B2,M0,358,located,11.013997428052262,-23.832891543408316,50.64705851205611
B2_M03,B2,B2,M0,359,located,10.312168807069936,-23.58248621898263,52.64004784787542
B2_M03,B2,B2,M0,360,located,11.43918436526255,-23.479986983126608,50.40512658344091
B2_M03,B2,B2,M0,361,located,9.671413617443008,-23.639386285311332,50.2213259029691
B2_M03,B2,B2,M0,362,located,10.636880240628715,-23.875932240146255,51.270557796386846
B2_M03,B2,B2,M0,363,located,10.897679831835003,-23.92007953279512,51.565911818264425
B2_M03,B2,B2,M0,364,located,10.94842582519784,-23.903351340276885,51.5794971379955
B2_M03,B2,B2,M0,365,located,10.834682174997548,-23.740034927540677,51.98407438647608
B2_M03,B2,B2,M0,366,located,9.774996135665218,-23.58154575331462,50.45132356579237
B2_M03,B2,B2,M0,367,located,10.056408456019028,-24.424209525294465,49.55369794845693
B2_M03,B2,B2,M0,368,located,10.02895431190789,-24.38163385011171,50.31080455763357
B2_M03,B2,B2,M0,369,located,10.58470747391535,-23.490670933465758,51.94887272881016
B2_M03,B2,B2,M0,370,located,11.216836173029314,-23.72124540126729,51.8848967243867
B2_M03,B2,B2,M0,371,located,10.836212668281952,-23.6955391046139,51.55937422508972
B2_M03,B2,B2,M0,372,located,10.553872200026479,-22.980845758098745,50.91910196823907
B2_M03,B2,B2,M0,373,located,10.680465883681878,-24.325847373118975,51.035905563794294
B2_M03,B2,B2,M0,374,located,11.17986170800345,-23.61920265824223,53.08083958551806
B2_M03,B2,B2,M0,375,located,9.578245115704762,-24.94745990020499,49.75577905401233
B2_M03,B2,B2,M0,376,located,9.701738435463405,-23.70553739259052,51.72179185968015
B2_M03,B2,B2,M0,377,located,10.475521657720936,-23.48673811939951,50.62348506704081
B2_M03,B2,B2,M0,378,located,9.688810151727237,-24.590791668185425,49.58034840376456
B2_M03,B2,B2,M0,379,located,9.614364884484624,-24.159079694313355,50.78215452002403
B2_M03,B2,B2,M0,380,located,11.360915998338829,-23.79758060664536,50.68577233977471
B2_M03,B2,B2,M0,381,located,10.4773061141118,-23.482255946991017,52.46333057501424
B2_M03,B2,B2,M0,382,located,9.420834147251634,-23.813650852091484,49.33558785423967
B2_M03,B2,B2,M0,383,located,9.457764192848401,-23.16443430890874,51.58420315875924
B2_M03,B2,B2,M0,384,located,10.3092398598255,-24.02740874546739,50.72473503171844
B2_M03,B2,B2,M0,385,located,10.591570745059617,-23.980262182365387,49.979210203308135
B2_M03,B2,B2,M0,386,located,11.26271509802106,-23.25561496901325,51.52141444385726
B2_M03,B2,B2,M0,387,located,10.672566624825327,-23.47967373023242,50.92082875148154
B2_M03,B2,B2,M0,388,located,10.022570665206622,-24.490758576483657,50.87850142558022
B2_M03,B2,B2,M0,389,located,10.390131130906402,-23.777861586945946,50.48124174170398
B2_M03,B2,B2,M0,390,located,9.928342799522069,-23.347196196562138,50.54428342571001
B2_M03,B2,B2,M0,391,located,10.065075549876797,-23.913345707173534,50.227818661278974
B2_M03,B2,B2,M0,392,located,10.62129193716978,-23.296782903180826,50.41873209159173
B2_M03,B2,B2,M0,393,located,10.742394323990368,-23.98391331331146,50.551829755043116
B2_M03,B2,B2,M0,394,located,10.39032047181693,-23.9251750200753,50.34133921550326
B2_M03,B2,B2,M0,395,located,10.309801933540133,-23.882637584553322,51.36612066230105
B2_M03,B2,B2,M0,396,located,10.2069449790823,-24.20199614705406,50.57475508046202
B2_M03,B2,B2,M0,397,located,10.52618242122738,-24.14904290253893,51.57666595615743
B2_M03,B2,B2,M0,398,located,10.083316611964547,-23.445989212166445,50.892821930084786
B2_M03,B2,B2,M0,399,located,10.111945353031267,-24.164774582183796,50.77222038923249
B2_M03,B2,B2,Consensus + Uncertainty,0,located,10.894787721677426,-24.69874742854232,52.64381649779807
B2_M03,B2,B2,Consensus + Uncertainty,1,located,10.927060520736969,-24.138647494853622,53.63663632427344
B2_M03,B2,B2,Consensus + Uncertainty,2,located,11.550982559464636,-24.15268755305214,51.959600165062405
B2_M03,B2,B2,Consensus + Uncertainty,3,located,12.065771923541057,-23.523450219418084,52.6050387252321
B2_M03,B2,B2,Consensus + Uncertainty,4,located,9.958033244303484,-25.229960314114308,51.894992303010234
B2_M03,B2,B2,Consensus + Uncertainty,5,located,11.508600517540739,-24.12603071653942,52.6572586323665
B2_M03,B2,B2,Consensus + Uncertainty,6,located,10.727455410013302,-23.43789296258778,50.61262977011395
B2_M03,B2,B2,Consensus + Uncertainty,7,located,11.394648332817018,-24.727593184363347,52.44817906943475
B2_M03,B2,B2,Consensus + Uncertainty,8,located,11.038643897405858,-24.335319247031844,52.06573120667555
B2_M03,B2,B2,Consensus + Uncertainty,9,located,11.434945696672283,-23.536106939878607,52.29337259887272
B2_M03,B2,B2,Consensus + Uncertainty,10,located,10.82543553036428,-23.60445564839407,53.92581951021775
B2_M03,B2,B2,Consensus + Uncertainty,11,located,10.296544976529612,-25.553698499266183,52.153974343840396
B2_M03,B2,B2,Consensus + Uncertainty,12,located,11.255547007935288,-23.905257879640885,51.678774899458055
B2_M03,B2,B2,Consensus + Uncertainty,13,located,11.335164639394067,-24.3775636156168,52.158432880669174
B2_M03,B2,B2,Consensus + Uncertainty,14,located,11.055729347703796,-24.245568751645393,52.67902868871127
B2_M03,B2,B2,Consensus + Uncertainty,15,located,10.316127435138553,-25.335546517105897,54.399904174997836
B2_M03,B2,B2,Consensus + Uncertainty,16,located,10.186070511593748,-25.13225124569224,53.70011020320845
B2_M03,B2,B2,Consensus + Uncertainty,17,located,10.204776323852487,-25.760788287341093,53.66538686408341
B2_M03,B2,B2,Consensus + Uncertainty,18,located,9.822444490965136,-24.807348175405664,52.977463163229274
B2_M03,B2,B2,Consensus + Uncertainty,19,located,10.564756050858437,-24.332269400462984,52.915818524335364
B2_M03,B2,B2,Consensus + Uncertainty,20,located,10.70148781246193,-24.35452101575794,49.762107808093816
B2_M03,B2,B2,Consensus + Uncertainty,21,located,11.873198630286806,-24.428567219981062,51.93355773151923
B2_M03,B2,B2,Consensus + Uncertainty,22,located,11.383504921433225,-25.21654359879308,53.453472493452495
B2_M03,B2,B2,Consensus + Uncertainty,23,located,10.699182560445903,-23.45300800918493,50.996203251183836
B2_M03,B2,B2,Consensus + Uncertainty,24,located,9.95212742898616,-25.01086550028522,53.07397743578117
B2_M03,B2,B2,Consensus + Uncertainty,25,located,9.836887224165094,-25.320631763922414,54.561424246686464
B2_M03,B2,B2,Consensus + Uncertainty,26,located,10.415234801027193,-24.95172527112902,51.51477870052043
B2_M03,B2,B2,Consensus + Uncertainty,27,located,10.02081562895803,-24.051022027010497,50.858441420341705
B2_M03,B2,B2,Consensus + Uncertainty,28,located,11.308805172654374,-24.31117049103169,53.43579504439244
B2_M03,B2,B2,Consensus + Uncertainty,29,located,11.612895641256213,-24.80386288782808,51.36056224067456
B2_M03,B2,B2,Consensus + Uncertainty,30,located,10.996223631481778,-25.050792708664645,51.778337013046546
B2_M03,B2,B2,Consensus + Uncertainty,31,located,10.697982722754343,-23.850343751240374,51.916534116649565
B2_M03,B2,B2,Consensus + Uncertainty,32,located,11.147467759810384,-24.447734192337514,50.874977317243115
B2_M03,B2,B2,Consensus + Uncertainty,33,located,11.185709295036595,-24.99493688851892,52.57515068184618
B2_M03,B2,B2,Consensus + Uncertainty,34,located,12.123138811525362,-24.00216092656928,53.117244845797835
B2_M03,B2,B2,Consensus + Uncertainty,35,located,10.83509237978243,-24.149259298058524,51.835336559724446
B2_M03,B2,B2,Consensus + Uncertainty,36,located,11.440137421479454,-24.100690690911815,52.00539335007918
B2_M03,B2,B2,Consensus + Uncertainty,37,located,11.616207218084275,-25.1302350681881,53.08270377517847
B2_M03,B2,B2,Consensus + Uncertainty,38,located,10.470530664761986,-24.45747843550516,50.65723399058598
B2_M03,B2,B2,Consensus + Uncertainty,39,located,11.021648776974233,-24.332172820633218,54.035382595034434
B2_M03,B2,B2,Consensus + Uncertainty,40,located,10.917024847340159,-24.38618896294188,52.66862654181812
B2_M03,B2,B2,Consensus + Uncertainty,41,located,9.795821139100441,-23.86061606662126,51.717555570812735
B2_M03,B2,B2,Consensus + Uncertainty,42,located,11.31265472600287,-24.47876880050444,51.443426194251614
B2_M03,B2,B2,Consensus + Uncertainty,43,located,10.925231999251377,-24.683534800640594,52.57119380278102
B2_M03,B2,B2,Consensus + Uncertainty,44,located,10.371654649198812,-23.70505572429969,50.896160571026975
B2_M03,B2,B2,Consensus + Uncertainty,45,located,10.898973098969964,-23.519011159960588,51.694378498702356
B2_M03,B2,B2,Consensus + Uncertainty,46,located,10.220717061064189,-25.169377921510332,52.688923392285524
B2_M03,B2,B2,Consensus + Uncertainty,47,located,11.206005054352588,-24.38901330189821,50.738917417174946
B2_M03,B2,B2,Consensus + Uncertainty,48,located,10.65327444452038,-24.91935979912293,51.99600714727141
B2_M03,B2,B2,Consensus + Uncertainty,49,located,11.254118579682888,-24.44488178937369,51.958355514107836
B2_M03,B2,B2,Consensus + Uncertainty,50,located,11.093984091824447,-24.13644442686965,51.77666936831117
B2_M03,B2,B2,Consensus + Uncertainty,51,located,10.09000505709426,-23.97009749908395,52.51951919349797
B2_M03,B2,B2,Consensus + Uncertainty,52,located,9.993322043832435,-24.71440245627945,51.92366193112598
B2_M03,B2,B2,Consensus + Uncertainty,53,located,12.43176826667384,-23.969983737904293,52.76624352510885
B2_M03,B2,B2,Consensus + Uncertainty,54,located,10.803472021599115,-23.96964794260677,52.34701721013886
B2_M03,B2,B2,Consensus + Uncertainty,55,located,11.884954716853828,-24.037999000713057,52.387133053131095
B2_M03,B2,B2,Consensus + Uncertainty,56,located,10.891558389324311,-24.01335658874685,50.663697027730535
B2_M03,B2,B2,Consensus + Uncertainty,57,located,10.201673731490242,-24.48693896546949,52.939747339064546
B2_M03,B2,B2,Consensus + Uncertainty,58,located,11.96911408666793,-24.68996674096963,52.18721471745684
B2_M03,B2,B2,Consensus + Uncertainty,59,located,10.496150828370192,-23.662961751753496,53.269551619674964
B2_M03,B2,B2,Consensus + Uncertainty,60,located,9.400477758252645,-24.984317439878332,52.2315110956583
B2_M03,B2,B2,Consensus + Uncertainty,61,located,10.39508804811873,-24.219682321044253,53.446935942168366
B2_M03,B2,B2,Consensus + Uncertainty,62,located,9.343719117558553,-25.220426101780745,52.22929690404367
B2_M03,B2,B2,Consensus + Uncertainty,63,located,9.779149673780575,-25.141974753854697,51.67047514771746
B2_M03,B2,B2,Consensus + Uncertainty,64,located,10.41085639237906,-25.24823941303191,51.7793017039172
B2_M03,B2,B2,Consensus + Uncertainty,65,located,10.170779949131,-24.66434272691599,53.23963822005299
B2_M03,B2,B2,Consensus + Uncertainty,66,located,10.521135321602364,-24.12646173789628,53.56438310617705
B2_M03,B2,B2,Consensus + Uncertainty,67,located,10.489035982645587,-25.222691111478795,52.53052628694178
B2_M03,B2,B2,Consensus + Uncertainty,68,located,11.660374547297202,-23.684785716009543,50.75474740087781
B2_M03,B2,B2,Consensus + Uncertainty,69,located,11.900196034574636,-23.649492408550955,53.143824487393516
B2_M03,B2,B2,Consensus + Uncertainty,70,located,12.468130767852115,-24.336435665794365,51.62320122471978
B2_M03,B2,B2,Consensus + Uncertainty,71,located,10.297213406267709,-24.84508484028608,51.361655773876976
B2_M03,B2,B2,Consensus + Uncertainty,72,located,11.34755577837683,-24.58881131947708,50.96059914461649
B2_M03,B2,B2,Consensus + Uncertainty,73,located,11.733857343281676,-23.710200520138265,53.12047656561381
B2_M03,B2,B2,Consensus + Uncertainty,74,located,10.93597092420153,-24.111072726015855,53.92246633386075
B2_M03,B2,B2,Consensus + Uncertainty,75,located,11.191623524352188,-24.546420318445797,50.94875042268467
B2_M03,B2,B2,Consensus + Uncertainty,76,located,11.556392771407818,-24.28655313424241,53.018222673840306
B2_M03,B2,B2,Consensus + Uncertainty,77,located,11.009745778438583,-24.564317079883935,50.683790415695206
B2_M03,B2,B2,Consensus + Uncertainty,78,located,10.631003702525309,-23.527216510677246,51.62423149657987
B2_M03,B2,B2,Consensus + Uncertainty,79,located,10.188942108815624,-24.94216612144828,53.092515136776115
B2_M03,B2,B2,Consensus + Uncertainty,80,located,11.08726786021527,-23.709102239650328,51.90817051066887
B2_M03,B2,B2,Consensus + Uncertainty,81,located,10.243910909913463,-23.67227867992129,53.22609835173186
B2_M03,B2,B2,Consensus + Uncertainty,82,located,11.126974079361853,-25.12348932206219,52.78631372103549
B2_M03,B2,B2,Consensus + Uncertainty,83,located,11.713231029111185,-23.70420015397259,52.472381659109764
B2_M03,B2,B2,Consensus + Uncertainty,84,located,10.704491843861724,-24.108718688568505,51.17733174560756
B2_M03,B2,B2,Consensus + Uncertainty,85,located,9.980114829894491,-25.18253263031174,53.10900627693438
B2_M03,B2,B2,Consensus + Uncertainty,86,located,11.004531127386711,-24.14201464053439,53.837349395383264
B2_M03,B2,B2,Consensus + Uncertainty,87,located,9.596478859309988,-24.736774492957572,51.80081345426999
B2_M03,B2,B2,Consensus + Uncertainty,88,located,10.891576130243013,-24.814820563475422,51.59978626188343
B2_M03,B2,B2,Consensus + Uncertainty,89,located,12.052083834928663,-24.067004730805834,50.94171959221734
B2_M03,B2,B2,Consensus + Uncertainty,90,located,8.845195262567612,-25.0116331890952,52.76456326401294
B2_M03,B2,B2,Consensus + Uncertainty,91,located,9.586329056305432,-25.097809237533696,52.873063975731284
B2_M03,B2,B2,Consensus + Uncertainty,92,located,10.500072912351179,-24.626664745627355,52.46614564594728
B2_M03,B2,B2,Consensus + Uncertainty,93,located,9.874563675285923,-24.260581912263675,52.54764688140223
B2_M03,B2,B2,Consensus + Uncertainty,94,located,10.183855657459295,-24.29031060190101,50.895707262056156
B2_M03,B2,B2,Consensus + Uncertainty,95,located,10.758996670988685,-24.198382619953946,51.46951836692851
B2_M03,B2,B2,Consensus + Uncertainty,96,located,10.906547542956867,-23.99163884798717,51.59932582778979
B2_M03,B2,B2,Consensus + Uncertainty,97,located,11.548220124349742,-23.710394500131642,51.73373227558003
B2_M03,B2,B2,Consensus + Uncertainty,98,located,9.512823987715501,-23.990017674643227,50.784481143321166
B2_M03,B2,B2,Consensus + Uncertainty,99,located,9.962168351679296,-24.99045959789963,54.20861192694083
B2_M03,B2,B2,Consensus + Uncertainty,100,located,10.112350114906922,-25.09573607695051,53.48386737155989
B2_M03,B2,B2,Consensus + Uncertainty,101,located,11.85788523594207,-24.240649460149257,50.99844931925951
B2_M03,B2,B2,Consensus + Uncertainty,102,located,11.037392075202073,-24.943158000964925,52.78995932920815
B2_M03,B2,B2,Consensus + Uncertainty,103,located,10.600339344267208,-25.324925522213924,51.669090491989195
B2_M03,B2,B2,Consensus + Uncertainty,104,located,11.215370303637773,-24.365376012493737,50.89467305547909
B2_M03,B2,B2,Consensus + Uncertainty,105,located,10.134336200790507,-25.156270301080564,51.702351284230026
B2_M03,B2,B2,Consensus + Uncertainty,106,located,11.219720401851847,-24.105581360980548,51.0998443651519
B2_M03,B2,B2,Consensus + Uncertainty,107,located,11.492407545145765,-23.945563804483637,51.18300991751204
B2_M03,B2,B2,Consensus + Uncertainty,108,located,9.481649117062052,-25.97617357761289,52.48816173045809
B2_M03,B2,B2,Consensus + Uncertainty,109,located,9.688179135039821,-24.141720973053097,51.973576070592
B2_M03,B2,B2,Consensus + Uncertainty,110,located,11.853756667085197,-24.829712816371703,53.29303033667092
B2_M03,B2,B2,Consensus + Uncertainty,111,located,10.305841181832143,-24.428563374782016,54.391354611730215
B2_M03,B2,B2,Consensus + Uncertainty,112,located,11.260739664838638,-23.72796274263048,53.63705983414514
B2_M03,B2,B2,Consensus + Uncertainty,113,located,9.481977221463394,-25.44722802398622,51.57930405423468
B2_M03,B2,B2,Consensus + Uncertainty,114,located,11.2230611769716,-23.695041455004844,51.82399209018062
B2_M03,B2,B2,Consensus + Uncertainty,115,located,11.512617442939327,-23.96136346702273,52.24581158539608
B2_M03,B2,B2,Consensus + Uncertainty,116,located,10.553147605322001,-24.759239005629304,52.27190166682296
B2_M03,B2,B2,Consensus + Uncertainty,117,located,10.74194410629525,-23.91071425627194,51.61080303062855
B2_M03,B2,B2,Consensus + Uncertainty,118,located,10.642087699385838,-24.933799048424653,54.40651420682876
B2_M03,B2,B2,Consensus + Uncertainty,119,located,10.072070316286212,-23.83331100437738,53.261639852526166
B2_M03,B2,B2,Consensus + Uncertainty,120,located,10.945477423028072,-23.928439236173094,52.25545277377499
B2_M03,B2,B2,Consensus + Uncertainty,121,located,11.471402496996724,-24.799789591567063,52.26413315270576
B2_M03,B2,B2,Consensus + Uncertainty,122,located,11.429069314431176,-24.382753904349123,51.77713344420489
B2_M03,B2,B2,Consensus + Uncertainty,123,located,11.068365705655939,-25.137284037659505,53.26685584217479
B2_M03,B2,B2,Consensus + Uncertainty,124,located,10.917983265310983,-24.26092134451002,53.366779446954105
B2_M03,B2,B2,Consensus + Uncertainty,125,located,11.233487222762871,-24.493611752241662,51.48087336177717
B2_M03,B2,B2,Consensus + Uncertainty,126,located,11.127173989386332,-23.609976813903838,52.35405840308538
B2_M03,B2,B2,Consensus + Uncertainty,127,located,10.377844595030096,-23.880232468629448,52.930822928844115
B2_M03,B2,B2,Consensus + Uncertainty,128,located,11.437499851311614,-23.89907942197045,52.01492195298017
B2_M03,B2,B2,Consensus + Uncertainty,129,located,9.745511713323689,-24.055650343934957,52.18689618795164
B2_M03,B2,B2,Consensus + Uncertainty,130,located,11.584726618028343,-23.905926345742714,52.155440133208955
B2_M03,B2,B2,Consensus + Uncertainty,131,located,10.224499188504431,-25.441031718432825,54.46014970223985
B2_M03,B2,B2,Consensus + Uncertainty,132,located,11.626748833805834,-24.745459064120915,53.549172469969484
B2_M03,B2,B2,Consensus + Uncertainty,133,located,10.650489857965738,-25.284492391702912,51.22014050463322
B2_M03,B2,B2,Consensus + Uncertainty,134,located,11.094309188256336,-24.707619376837677,52.41194986210338
B2_M03,B2,B2,Consensus + Uncertainty,135,located,9.977585545651248,-24.388319850110342,51.331942527235825
B2_M03,B2,B2,Consensus + Uncertainty,136,located,11.6115723174235,-24.801944494743772,51.7508403112984
B2_M03,B2,B2,Consensus + Uncertainty,137,located,10.883100991914588,-23.63443281901493,51.34614024236728
B2_M03,B2,B2,Consensus + Uncertainty,138,located,11.342407030057025,-23.91252215447486,52.65907051132713
B2_M03,B2,B2,Consensus + Uncertainty,139,located,11.326215969480772,-24.30259723383984,51.73106434490975
B2_M03,B2,B2,Consensus + Uncertainty,140,located,11.079584085698652,-23.27613688453638,50.32641841006744
B2_M03,B2,B2,Consensus + Uncertainty,141,located,11.59832309576616,-23.564872533489204,52.41418056419054
B2_M03,B2,B2,Consensus + Uncertainty,142,located,10.783205303466977,-23.69509178298083,50.8934294056645
B2_M03,B2,B2,Consensus + Uncertainty,143,located,11.850249035835201,-22.936569020484928,53.365235965709466
B2_M03,B2,B2,Consensus + Uncertainty,144,located,10.938196931056197,-23.314809664700714,51.997090570374915
B2_M03,B2,B2,Consensus + Uncertainty,145,located,10.331617959172782,-22.846459908449987,52.13567996038264
B2_M03,B2,B2,Consensus + Uncertainty,146,located,10.238494687209128,-24.847012392502016,51.94042800406286
B2_M03,B2,B2,Consensus + Uncertainty,147,located,10.196898186295764,-24.761359114341126,53.744445602307806
B2_M03,B2,B2,Consensus + Uncertainty,148,located,10.53126363697185,-23.964573567556542,51.22011122576017
B2_M03,B2,B2,Consensus + Uncertainty,149,located,10.84461045908705,-24.136975690306404,52.44970780867922
B2_M03,B2,B2,Consensus + Uncertainty,150,located,10.437217733110762,-24.637238148700867,53.41429855730575
B2_M03,B2,B2,Consensus + Uncertainty,151,located,11.229927068998178,-23.759570797683505,52.64986425048676
B2_M03,B2,B2,Consensus + Uncertainty,152,located,10.40239034130487,-24.8669089188174,53.884934080580635
B2_M03,B2,B2,Consensus + Uncertainty,153,located,10.117553908858621,-23.784361735427844,52.37446565772717
B2_M03,B2,B2,Consensus + Uncertainty,154,located,10.980163849581437,-23.997492236778708,52.71735478397324
B2_M03,B2,B2,Consensus + Uncertainty,155,located,10.195651166992004,-24.403175133521344,53.70340179774721
B2_M03,B2,B2,Consensus + Uncertainty,156,located,11.001420302123696,-23.45313306401199,52.89103254534056
B2_M03,B2,B2,Consensus + Uncertainty,157,located,10.872284910398783,-23.564523441436194,51.43841116907109
B2_M03,B2,B2,Consensus + Uncertainty,158,located,11.010672577617315,-25.017796718833623,50.18450326565627
B2_M03,B2,B2,Consensus + Uncertainty,159,located,10.606695490212807,-23.080646670360373,52.46282029733367
B2_M03,B2,B2,Consensus + Uncertainty,160,located,10.853724816355475,-25.253663248287108,51.57340038781781
B2_M03,B2,B2,Consensus + Uncertainty,161,located,10.757342520051125,-23.57250078487484,51.37957127627328
B2_M03,B2,B2,Consensus + Uncertainty,162,located,10.8169555646514,-23.197913717862296,51.610129401543524
B2_M03,B2,B2,Consensus + Uncertainty,163,located,11.267410781138326,-24.83058048178095,53.98020893683929
B2_M03,B2,B2,Consensus + Uncertainty,164,located,10.469904977710977,-23.506290682046757,51.261173249736466
B2_M03,B2,B2,Consensus + Uncertainty,165,located,10.18407274344665,-24.574189508884153,53.114326112060425
B2_M03,B2,B2,Consensus + Uncertainty,166,located,10.988252660186728,-24.18322753634501,53.7304397290011
B2_M03,B2,B2,Consensus + Uncertainty,167,located,11.690145644720303,-24.032253246532562,52.541205396410525
B2_M03,B2,B2,Consensus + Uncertainty,168,located,12.365271123228537,-24.145773587636892,52.19994131369756
B2_M03,B2,B2,Consensus + Uncertainty,169,located,11.709025239039846,-23.856705050439004,50.905470311929214
B2_M03,B2,B2,Consensus + Uncertainty,170,located,10.286762373545582,-24.68225174123947,52.824129182817714
B2_M03,B2,B2,Consensus + Uncertainty,171,located,9.827499572752599,-24.004052531014175,50.30924278772562
B2_M03,B2,B2,Consensus + Uncertainty,172,located,8.905279779763408,-23.847545288639065,48.69306642999387
B2_M03,B2,B2,Consensus + Uncertainty,173,located,10.401299162939873,-25.10250105832634,51.975665560797644
B2_M03,B2,B2,Consensus + Uncertainty,174,located,12.384587084043565,-23.907044653975753,50.95281656866082
B2_M03,B2,B2,Consensus + Uncertainty,175,located,9.917288713761954,-24.83116999961021,52.51909218361699
B2_M03,B2,B2,Consensus + Uncertainty,176,located,11.080278301280018,-23.84600561305829,49.90564767467442
B2_M03,B2,B2,Consensus + Uncertainty,177,located,10.827079241764599,-24.956036722357478,50.418300447843464
B2_M03,B2,B2,Consensus + Uncertainty,178,located,10.80546831142986,-24.04743178526231,52.72599918926722
B2_M03,B2,B2,Consensus + Uncertainty,179,located,10.117683161467472,-24.778739738595206,53.07422605233573
B2_M03,B2,B2,Consensus + Uncertainty,180,located,10.61469510024284,-24.074378846318,51.24353239295279
B2_M03,B2,B2,Consensus + Uncertainty,181,located,9.847343760778681,-26.058268327350923,51.94719133803143
B2_M03,B2,B2,Consensus + Uncertainty,182,located,10.728747779728163,-25.60385599937446,51.726131703725564
B2_M03,B2,B2,Consensus + Uncertainty,183,located,9.794798383798527,-24.21682352404482,50.961125064982305
B2_M03,B2,B2,Consensus + Uncertainty,184,located,10.81269871336124,-23.795764913950443,52.79281071379484
B2_M03,B2,B2,Consensus + Uncertainty,185,located,10.295998571150552,-24.524678019505394,53.442414809811076
B2_M03,B2,B2,Consensus + Uncertainty,186,located,11.92793045575869,-24.181082384896293,51.65949344395404
B2_M03,B2,B2,Consensus + Uncertainty,187,located,12.085824761682272,-24.254517762933553,51.258802402751655
B2_M03,B2,B2,Consensus + Uncertainty,188,located,11.09966969984606,-24.2023584183463,51.65496028416702
B2_M03,B2,B2,Consensus + Uncertainty,189,located,11.433844262982692,-24.590171141943962,51.63838250393804
B2_M03,B2,B2,Consensus + Uncertainty,190,located,10.475518879808027,-24.813735966114052,52.16841182990006
B2_M03,B2,B2,Consensus + Uncertainty,191,located,11.586907096955251,-24.917248914484325,54.11317396621977
B2_M03,B2,B2,Consensus + Uncertainty,192,located,9.999948094022521,-24.55326826842183,52.05472497613428
B2_M03,B2,B2,Consensus + Uncertainty,193,located,9.655075726263004,-25.26836001991027,53.348358592395094
B2_M03,B2,B2,Consensus + Uncertainty,194,located,10.250852166167592,-24.65606401354127,52.566799217578506
B2_M03,B2,B2,Consensus + Uncertainty,195,located,10.816006478115327,-23.068968143311096,51.22752859145067
B2_M03,B2,B2,Consensus + Uncertainty,196,located,11.036692145117662,-24.715749995707235,49.409898770416135
B2_M03,B2,B2,Consensus + Uncertainty,197,located,11.51206915758972,-25.188207390474368,51.969271330858064
B2_M03,B2,B2,Consensus + Uncertainty,198,located,10.4427103065227,-24.639475166246363,52.422449289260044
B2_M03,B2,B2,Consensus + Uncertainty,199,located,11.302889194858754,-23.29599415690923,52.459742273766615
B2_M03,B2,B2,Consensus + Uncertainty,200,located,9.489635999138127,-24.299515942915093,51.48024448251487
B2_M03,B2,B2,Consensus + Uncertainty,201,located,10.847645024259132,-25.388038407928697,51.37161421473392
B2_M03,B2,B2,Consensus + Uncertainty,202,located,10.594775576805125,-23.69119269593532,52.80354693849041
B2_M03,B2,B2,Consensus + Uncertainty,203,located,10.703428516560098,-24.992742301317016,50.96546614900491
B2_M03,B2,B2,Consensus + Uncertainty,204,located,11.191529319778995,-24.576514931754573,49.383239673717135
B2_M03,B2,B2,Consensus + Uncertainty,205,located,11.726981347984298,-24.413789905489573,52.29994511597246
B2_M03,B2,B2,Consensus + Uncertainty,206,located,11.232551866445034,-23.85190702089841,52.08055173095653
B2_M03,B2,B2,Consensus + Uncertainty,207,located,10.949002455710932,-24.987797791988882,51.52677678726969
B2_M03,B2,B2,Consensus + Uncertainty,208,located,10.999051603249457,-24.702047937514273,53.212043387683075
B2_M03,B2,B2,Consensus + Uncertainty,209,located,11.397062340760517,-24.600461344548137,52.78098131075322
B2_M03,B2,B2,Consensus + Uncertainty,210,located,10.066878121081754,-24.95961143342665,52.70218543292338
B2_M03,B2,B2,Consensus + Uncertainty,211,located,11.181847222633284,-24.04404395365035,51.01306805749786
B2_M03,B2,B2,Consensus + Uncertainty,212,located,10.140042250337212,-25.4823182068195,53.423260721360876
B2_M03,B2,B2,Consensus + Uncertainty,213,located,10.594385181378325,-25.176830452487636,52.73810586643902
B2_M03,B2,B2,Consensus + Uncertainty,214,located,8.933601818968473,-24.505729605244817,52.78943400820132
B2_M03,B2,B2,Consensus + Uncertainty,215,located,11.508236468013113,-24.917547102327614,52.28080341839287
B2_M03,B2,B2,Consensus + Uncertainty,216,located,10.479747167099717,-24.391976194560694,52.22371107329192
B2_M03,B2,B2,Consensus + Uncertainty,217,located,12.54058759151021,-23.437116773787373,53.061647589016246
B2_M03,B2,B2,Consensus + Uncertainty,218,located,10.365434917845144,-24.41140610965488,52.34512464205773
B2_M03,B2,B2,Consensus + Uncertainty,219,located,11.159841361063837,-24.194156897431846,52.20092278001934
B2_M03,B2,B2,Consensus + Uncertainty,220,located,11.529910421711786,-22.96227576434433,52.41852635495142
B2_M03,B2,B2,Consensus + Uncertainty,221,located,10.54335167882439,-24.401182120729274,51.63478815799765
B2_M03,B2,B2,Consensus + Uncertainty,222,located,11.08173480744379,-24.284002966377635,51.06698510981664
B2_M03,B2,B2,Consensus + Uncertainty,223,located,10.272524276449142,-23.95113998373322,52.09799078352324
B2_M03,B2,B2,Consensus + Uncertainty,224,located,10.938060187983229,-24.811135292751903,51.45647413427862
B2_M03,B2,B2,Consensus + Uncertainty,225,located,11.695087968931555,-24.16545501045035,51.49600415463376
B2_M03,B2,B2,Consensus + Uncertainty,226,located,11.116827529551756,-24.57218456329705,52.02083763446453
B2_M03,B2,B2,Consensus + Uncertainty,227,located,11.111798792331555,-23.91877360197194,52.33294471173108
B2_M03,B2,B2,Consensus + Uncertainty,228,located,10.752143481418967,-24.352900592814642,52.17906819430042
B2_M03,B2,B2,Consensus + Uncertainty,229,located,12.509834014907913,-24.246382036678565,53.22587996009585
B2_M03,B2,B2,Consensus + Uncertainty,230,located,10.80455898815336,-24.727565564994844,52.227802421297056
B2_M03,B2,B2,Consensus + Uncertainty,231,located,10.474906141107448,-24.049025419053628,51.55707985564698
B2_M03,B2,B2,Consensus + Uncertainty,232,located,10.700347568732052,-24.748532410208746,51.15220562739802
B2_M03,B2,B2,Consensus + Uncertainty,233,located,10.14880704796647,-25.23353762524811,52.94045316360159
B2_M03,B2,B2,Consensus + Uncertainty,234,located,10.916062323391227,-24.44914782268038,50.68246756224771
B2_M03,B2,B2,Consensus + Uncertainty,235,located,9.983027579665196,-24.556845598209925,53.69581431096724
B2_M03,B2,B2,Consensus + Uncertainty,236,located,10.68443602567945,-24.68591564363477,51.02388936992252
B2_M03,B2,B2,Consensus + Uncertainty,237,located,10.749970139065839,-24.92866298021552,52.55344320156445
B2_M03,B2,B2,Consensus + Uncertainty,238,located,12.167276052715854,-23.841352396346245,50.34122935372987
B2_M03,B2,B2,Consensus + Uncertainty,239,located,9.480718930638703,-24.66181912884329,51.391166000342615
B2_M03,B2,B2,Consensus + Uncertainty,240,located,10.85690114092493,-24.838077253738387,52.62293983032988
B2_M03,B2,B2,Consensus + Uncertainty,241,located,11.308742633202572,-25.05398562139917,52.22375643044412
B2_M03,B2,B2,Consensus + Uncertainty,242,located,10.98567399580691,-24.488969386470618,51.69481496154692
B2_M03,B2,B2,Consensus + Uncertainty,243,located,11.305036129497166,-23.39102794490578,51.2160058674086
B2_M03,B2,B2,Consensus + Uncertainty,244,located,9.490777131354202,-25.313197696273754,52.93738667154538
B2_M03,B2,B2,Consensus + Uncertainty,245,located,9.601640894066893,-23.77713731192968,51.42355466700315
B2_M03,B2,B2,Consensus + Uncertainty,246,located,10.678156503010362,-24.879394008985983,51.505976133498415
B2_M03,B2,B2,Consensus + Uncertainty,247,located,9.793309622960377,-25.610860233474213,51.72350894399534
B2_M03,B2,B2,Consensus + Uncertainty,248,located,10.320629046427687,-24.722482518652605,51.896317386701206
B2_M03,B2,B2,Consensus + Uncertainty,249,located,10.90805269986612,-23.92194904742955,51.40301562398382
B2_M03,B2,B2,Consensus + Uncertainty,250,located,10.859912180493078,-23.75109582666107,52.536441946456705
B2_M03,B2,B2,Consensus + Uncertainty,251,located,10.212347313792733,-25.169180712816285,53.2688946192943
B2_M03,B2,B2,Consensus + Uncertainty,252,located,11.323317213634498,-24.256460113257397,51.548677097906484
B2_M03,B2,B2,Consensus + Uncertainty,253,located,10.733921025545861,-23.72521626535989,50.34254201227076
B2_M03,B2,B2,Consensus + Uncertainty,254,located,10.971563140239311,-23.45417885056252,51.247955996285135
B2_M03,B2,B2,Consensus + Uncertainty,255,located,10.648437282425919,-24.09820349398761,52.49591999554359
B2_M03,B2,B2,Consensus + Uncertainty,256,located,11.42090871780702,-23.66463132599151,52.77750864675623
B2_M03,B2,B2,Consensus + Uncertainty,257,located,11.73520867001365,-24.714419657952874,50.813285242596585
B2_M03,B2,B2,Consensus + Uncertainty,258,located,9.752435474156327,-24.29876014670713,54.44866378507153
B2_M03,B2,B2,Consensus + Uncertainty,259,located,11.216087008104289,-24.313062840635446,51.71232162658317
B2_M03,B2,B2,Consensus + Uncertainty,260,located,11.416708184086772,-25.629225825994403,53.0633217374524
B2_M03,B2,B2,Consensus + Uncertainty,261,located,11.092826751059095,-24.39687914110072,53.8515538418388
B2_M03,B2,B2,Consensus + Uncertainty,262,located,10.858475308935345,-24.259380941096822,53.458685735696605
B2_M03,B2,B2,Consensus + Uncertainty,263,located,11.054594461738228,-24.017080884325047,50.97928876344222
B2_M03,B2,B2,Consensus + Uncertainty,264,located,10.45272248689067,-25.469467444124064,52.52171198793332
B2_M03,B2,B2,Consensus + Uncertainty,265,located,10.104575691795901,-24.932027580005766,52.15026347025861
B2_M03,B2,B2,Consensus + Uncertainty,266,located,10.89515552129602,-23.91868678115027,52.7495337793308
B2_M03,B2,B2,Consensus + Uncertainty,267,located,10.81109673276863,-23.42409726613677,51.982859093938046
B2_M03,B2,B2,Consensus + Uncertainty,268,located,10.682615212749338,-25.529360142138763,53.15213460940133
B2_M03,B2,B2,Consensus + Uncertainty,269,located,11.384002795898006,-23.634862714098293,52.384007621532824
B2_M03,B2,B2,Consensus + Uncertainty,270,located,11.006833439573464,-24.42115435577191,51.768561067695785
B2_M03,B2,B2,Consensus + Uncertainty,271,located,11.065044424736378,-24.747256976585916,49.26109765393601
B2_M03,B2,B2,Consensus + Uncertainty,272,located,9.995084602712426,-24.947825412497295,51.532273724857106
B2_M03,B2,B2,Consensus + Uncertainty,273,located,10.100442278239989,-25.82819261791405,51.642770994294494
B2_M03,B2,B2,Consensus + Uncertainty,274,located,11.634831356086213,-24.643923425892083,51.61256832345802
B2_M03,B2,B2,Consensus + Uncertainty,275,located,11.009788829992162,-23.60218944379807,52.47190559316433
B2_M03,B2,B2,Consensus + Uncertainty,276,located,11.697248606816741,-23.770670678723256,53.511367197250856
B2_M03,B2,B2,Consensus + Uncertainty,277,located,10.63221023769029,-24.723841480927764,51.4246016285741
B2_M03,B2,B2,Consensus + Uncertainty,278,located,11.61085557905087,-23.207076255234306,52.90121873736166
B2_M03,B2,B2,Consensus + Uncertainty,279,located,11.194050300157267,-24.24799298645876,51.41014635018297
B2_M03,B2,B2,Consensus + Uncertainty,280,located,9.45016519561605,-25.007998844537582,52.15749677336503
B2_M03,B2,B2,Consensus + Uncertainty,281,located,11.104700047043508,-23.855296248533964,52.882235560161114
B2_M03,B2,B2,Consensus + Uncertainty,282,located,11.83717835169558,-24.70680293659839,51.530314077555154
B2_M03,B2,B2,Consensus + Uncertainty,283,located,12.084581629294876,-24.060403416267384,52.364551130008564
B2_M03,B2,B2,Consensus + Uncertainty,284,located,9.715549145453457,-23.999394558507003,51.661912391363785
B2_M03,B2,B2,Consensus + Uncertainty,285,located,11.339460822710423,-24.33884121883382,52.78940037078977
B2_M03,B2,B2,Consensus + Uncertainty,286,located,11.096682828727324,-25.21990194363746,53.72137579065965
B2_M03,B2,B2,Consensus + Uncertainty,287,located,10.01879772346815,-24.519481929463225,51.04807581531454
B2_M03,B2,B2,Consensus + Uncertainty,288,located,11.234890028650675,-24.420603274459644,51.68473284836777
B2_M03,B2,B2,Consensus + Uncertainty,289,located,11.366016115849066,-24.679129734925553,52.154424460826114
B2_M03,B2,B2,Consensus + Uncertainty,290,located,11.620993235007761,-23.984601208086858,50.91332046006803
B2_M03,B2,B2,Consensus + Uncertainty,291,located,10.714824114067087,-25.11209407610452,53.47393692034375
B2_M03,B2,B2,Consensus + Uncertainty,292,located,10.42162453609697,-23.829562918311794,52.68769150174793
B2_M03,B2,B2,Consensus + Uncertainty,293,located,11.218748929265123,-24.224607872377206,52.153038749482185
B2_M03,B2,B2,Consensus + Uncertainty,294,located,10.386408332957325,-24.231532135894472,52.45353572319707
B2_M03,B2,B2,Consensus + Uncertainty,295,located,9.95508017844148,-25.007891458017447,52.603402530315904
B2_M03,B2,B2,Consensus + Uncertainty,296,located,10.763909870476558,-23.714674946221557,51.66707724825212
B2_M03,B2,B2,Consensus + Uncertainty,297,located,11.585663798510248,-24.92867788593937,52.0184108084019
B2_M03,B2,B2,Consensus + Uncertainty,298,located,11.850678151466079,-23.739719023105792,53.67518423054157
B2_M03,B2,B2,Consensus + Uncertainty,299,located,11.18297820797671,-24.660888734395964,51.56780132838745
B2_M03,B2,B2,Consensus + Uncertainty,300,located,10.508451068871908,-25.02345217634707,53.24476020169854
B2_M03,B2,B2,Consensus + Uncertainty,301,located,11.457162259074186,-23.93659591007747,51.577097423673486
B2_M03,B2,B2,Consensus + Uncertainty,302,located,10.147410225299952,-24.09766172344102,52.13115512620169
B2_M03,B2,B2,Consensus + Uncertainty,303,located,11.945631017964413,-23.82396870906377,52.382404430279976
B2_M03,B2,B2,Consensus + Uncertainty,304,located,10.92339033262017,-24.13618396404102,52.73600509305184
B2_M03,B2,B2,Consensus + Uncertainty,305,located,10.083313375823217,-24.41604539916906,52.00812326350515
B2_M03,B2,B2,Consensus + Uncertainty,306,located,9.968071414020512,-23.607986583594116,51.14909384940597
B2_M03,B2,B2,Consensus + Uncertainty,307,located,12.862117295519562,-24.473967264256338,49.650298483485585
B2_M03,B2,B2,Consensus + Uncertainty,308,located,10.997035358543487,-24.799498039083307,52.390857558084946
B2_M03,B2,B2,Consensus + Uncertainty,309,located,10.464888769689662,-24.71003740488591,52.360272559127175
B2_M03,B2,B2,Consensus + Uncertainty,310,located,12.2163944918475,-23.58728370415878,52.79179821891437
B2_M03,B2,B2,Consensus + Uncertainty,311,located,10.66058756544625,-24.58723057415173,51.00334942888601
B2_M03,B2,B2,Consensus + Uncertainty,312,located,10.892889569964817,-24.242690809865532,52.00666368243482
B2_M03,B2,B2,Consensus + Uncertainty,313,located,10.235162889464611,-24.09506134564672,54.06201618730883
B2_M03,B2,B2,Consensus + Uncertainty,314,located,11.475309173099367,-23.658988507487035,50.480610685535765
B2_M03,B2,B2,Consensus + Uncertainty,315,located,10.992222310080678,-24.01579769380718,53.71993378950358
B2_M03,B2,B2,Consensus + Uncertainty,316,located,10.430198929791331,-23.540599955306625,51.31218928406771
B2_M03,B2,B2,Consensus + Uncertainty,317,located,11.25053871362719,-24.41255940148583,52.330121835555225
B2_M03,B2,B2,Consensus + Uncertainty,318,located,10.986638109443362,-24.21542686492484,51.84075619932157
B2_M03,B2,B2,Consensus + Uncertainty,319,located,10.985412073031053,-24.123978880754237,51.44914032408945
B2_M03,B2,B2,Consensus + Uncertainty,320,located,10.635416886012958,-24.679297679289963,51.83615054273701
B2_M03,B2,B2,Consensus + Uncertainty,321,located,11.266282296878835,-22.902905489010834,54.09840436913319
B2_M03,B2,B2,Consensus + Uncertainty,322,located,11.141448761570846,-24.28125008146536,51.80732596731573
B2_M03,B2,B2,Consensus + Uncertainty,323,located,10.329865387988212,-24.893501507385295,52.39919132948021
B2_M03,B2,B2,Consensus + Uncertainty,324,located,10.914857178556874,-23.99550946895136,51.547417725877324
B2_M03,B2,B2,Consensus + Uncertainty,325,located,10.680713106240926,-23.747769049963686,53.824046946261426
B2_M03,B2,B2,Consensus + Uncertainty,326,located,10.923487046439218,-24.01206048372748,52.250721159128425
B2_M03,B2,B2,Consensus + Uncertainty,327,located,11.112933869388057,-24.185461713479917,50.2617421307991
B2_M03,B2,B2,Consensus + Uncertainty,328,located,10.674595528477473,-24.80157873291738,50.760730913327805
B2_M03,B2,B2,Consensus + Uncertainty,329,located,10.869677929572369,-24.4746789198011,50.31250303623512
B2_M03,B2,B2,Consensus + Uncertainty,330,located,11.216222795557464,-23.86273458913056,52.00536607385879
B2_M03,B2,B2,Consensus + Uncertainty,331,located,10.406748391264063,-23.84753592307392,52.231025559186286
B2_M03,B2,B2,Consensus + Uncertainty,332,located,10.311682873453915,-23.442121279357348,53.48563055238562
B2_M03,B2,B2,Consensus + Uncertainty,333,located,11.936868025601992,-23.50915182137296,52.74521268767366
B2_M03,B2,B2,Consensus + Uncertainty,334,located,10.563204558376441,-25.589978951531734,51.59365101173846
B2_M03,B2,B2,Consensus + Uncertainty,335,located,12.551453359101437,-25.190165809053283,52.05009319574562
B2_M03,B2,B2,Consensus + Uncertainty,336,located,9.532882727306621,-24.63471082648038,51.62784956875444
B2_M03,B2,B2,Consensus + Uncertainty,337,located,11.413981064368707,-24.94133402773705,52.49225711764129
B2_M03,B2,B2,Consensus + Uncertainty,338,located,11.745706401083362,-23.67751828932243,52.04327094148707
B2_M03,B2,B2,Consensus + Uncertainty,339,located,10.39743541297793,-25.64989032665303,53.07718944514929
B2_M03,B2,B2,Consensus + Uncertainty,340,located,11.262634040040073,-24.493848931055858,51.41762294628186
B2_M03,B2,B2,Consensus + Uncertainty,341,located,9.428668543906463,-24.45078653456217,52.59854133626494
B2_M03,B2,B2,Consensus + Uncertainty,342,located,11.891370258237298,-23.469591113487454,53.48133950446301
B2_M03,B2,B2,Consensus + Uncertainty,343,located,10.757021109961567,-24.30784426710174,52.42934495929124
B2_M03,B2,B2,Consensus + Uncertainty,344,located,12.518755007222552,-23.721641570243076,51.87789855186347
B2_M03,B2,B2,Consensus + Uncertainty,345,located,10.67053835348168,-24.83857078950839,53.759402257672164
B2_M03,B2,B2,Consensus + Uncertainty,346,located,10.673670443942784,-23.709409910049036,50.86955146117479
B2_M03,B2,B2,Consensus + Uncertainty,347,located,10.597397567712237,-24.494638630248566,51.72943375930994
B2_M03,B2,B2,Consensus + Uncertainty,348,located,10.982647474988193,-24.099049065218587,52.42572283785705
B2_M03,B2,B2,Consensus + Uncertainty,349,located,11.668711333303222,-23.68555841983835,52.432902237966125
B2_M03,B2,B2,Consensus + Uncertainty,350,located,10.508686097039499,-24.45105827848273,51.77975796853105
B2_M03,B2,B2,Consensus + Uncertainty,351,located,11.12600488692013,-21.982338077220824,51.73954416628956
B2_M03,B2,B2,Consensus + Uncertainty,352,located,11.349314793504261,-24.325054287184827,50.361789878805276
B2_M03,B2,B2,Consensus + Uncertainty,353,located,11.171094572242957,-24.075214452554377,51.6344831740798
B2_M03,B2,B2,Consensus + Uncertainty,354,located,10.962418107135548,-24.602449165189885,51.80982370894603
B2_M03,B2,B2,Consensus + Uncertainty,355,located,9.667616133547966,-25.528354121180207,53.03825448975018
B2_M03,B2,B2,Consensus + Uncertainty,356,located,11.306830334453911,-25.128894178407812,53.431979606617226
B2_M03,B2,B2,Consensus + Uncertainty,357,located,10.625558836910615,-24.77936843492396,52.4103752377665
B2_M03,B2,B2,Consensus + Uncertainty,358,located,10.40613527977081,-24.488929004726828,53.02369703157935
B2_M03,B2,B2,Consensus + Uncertainty,359,located,11.904026298270086,-23.42569242956627,52.62990287617158
B2_M03,B2,B2,Consensus + Uncertainty,360,located,11.500513114807344,-24.672787434302556,53.245812082584074
B2_M03,B2,B2,Consensus + Uncertainty,361,located,11.448608568358809,-24.427984805085345,52.14442589951918
B2_M03,B2,B2,Consensus + Uncertainty,362,located,11.735084974275832,-24.809425772670423,51.14518055753766
B2_M03,B2,B2,Consensus + Uncertainty,363,located,10.978874833823205,-23.319128848903496,52.39835141968291
B2_M03,B2,B2,Consensus + Uncertainty,364,located,11.662717049708384,-24.417225390060764,52.76139850209695
B2_M03,B2,B2,Consensus + Uncertainty,365,located,10.030963193180968,-25.093155011690477,52.13876604115705
B2_M03,B2,B2,Consensus + Uncertainty,366,located,9.828337991250153,-25.24960978283736,54.50438360931536
B2_M03,B2,B2,Consensus + Uncertainty,367,located,11.13824168125328,-24.575603048920733,52.67305345239114
B2_M03,B2,B2,Consensus + Uncertainty,368,located,11.600518844289127,-22.962229353122883,51.91782911261076
B2_M03,B2,B2,Consensus + Uncertainty,369,located,11.319100526739378,-23.623877792759117,52.37171489470007
B2_M03,B2,B2,Consensus + Uncertainty,370,located,13.40281090233515,-23.593132241532203,52.1198086502067
B2_M03,B2,B2,Consensus + Uncertainty,371,located,12.439887953035889,-23.203624107986478,50.77011988259457
B2_M03,B2,B2,Consensus + Uncertainty,372,located,11.497686500441118,-24.406611215314385,51.25140149990243
B2_M03,B2,B2,Consensus + Uncertainty,373,located,10.992722107799763,-24.304782647853457,51.564849773015084
B2_M03,B2,B2,Consensus + Uncertainty,374,located,11.347449814934873,-23.606869809325634,52.04257016749628
B2_M03,B2,B2,Consensus + Uncertainty,375,located,11.142515349967644,-24.550171632565103,52.53641093835378
B2_M03,B2,B2,Consensus + Uncertainty,376,located,10.81437589444126,-24.083557907144485,52.04886080642805
B2_M03,B2,B2,Consensus + Uncertainty,377,located,10.70033907226284,-24.842491304076965,53.27390203526413
B2_M03,B2,B2,Consensus + Uncertainty,378,located,9.355373684110154,-24.468583874325503,52.63975857974864
B2_M03,B2,B2,Consensus + Uncertainty,379,located,12.082331263925633,-24.337197225200867,52.6745634556313
B2_M03,B2,B2,Consensus + Uncertainty,380,located,10.905735729110141,-23.92338316389104,51.56631613496152
B2_M03,B2,B2,Consensus + Uncertainty,381,located,10.944396101753991,-23.817449015038513,51.343810809048364
B2_M03,B2,B2,Consensus + Uncertainty,382,located,10.513295601093054,-25.10063023696342,52.01802019229305
B2_M03,B2,B2,Consensus + Uncertainty,383,located,10.335109671896447,-24.594817540061186,53.92149435304258
B2_M03,B2,B2,Consensus + Uncertainty,384,located,9.89758026770808,-25.402284634735246,51.721032310471784
B2_M03,B2,B2,Consensus + Uncertainty,385,located,10.938415239232706,-24.76075470111747,53.712983162010524
B2_M03,B2,B2,Consensus + Uncertainty,386,located,10.966280505960317,-24.713666487314583,52.51510416646131
B2_M03,B2,B2,Consensus + Uncertainty,387,located,10.39681721042119,-25.270135003317193,53.44177205859401
B2_M03,B2,B2,Consensus + Uncertainty,388,located,11.077127486205168,-24.474410938695375,51.66903099534182
B2_M03,B2,B2,Consensus + Uncertainty,389,located,10.544009839098253,-24.034506201585607,53.92449701807342
B2_M03,B2,B2,Consensus + Uncertainty,390,located,10.509029907880905,-23.78281179814641,52.133386356170796
B2_M03,B2,B2,Consensus + Uncertainty,391,located,10.242306742562826,-24.865496370045747,52.241273148831795
B2_M03,B2,B2,Consensus + Uncertainty,392,located,11.206145922895011,-23.342925513078335,50.96529431134242
B2_M03,B2,B2,Consensus + Uncertainty,393,located,11.227861539845664,-25.47102893477293,51.97237935272938
B2_M03,B2,B2,Consensus + Uncertainty,394,located,10.256654056569873,-24.81056477815566,52.452064877479955
B2_M03,B2,B2,Consensus + Uncertainty,395,located,9.283860310524657,-23.631659742019067,50.28938154288722
B2_M03,B2,B2,Consensus + Uncertainty,396,located,11.094289273619198,-24.849000151057254,53.10299724436947
B2_M03,B2,B2,Consensus + Uncertainty,397,located,11.245102705436683,-24.770773216093893,53.39792931101372
B2_M03,B2,B2,Consensus + Uncertainty,398,located,9.80705427377525,-23.5725061543965,52.43509587180822
B2_M03,B2,B2,Consensus + Uncertainty,399,located,10.242662169391732,-24.447064322573887,52.49200897701418
B2_legacy,B2,B2,M0,0,located,7.820027774790979,-22.47652204659825,48.35271457952251
B2_legacy,B2,B2,M0,1,located,10.109580838757294,-22.997417722234303,47.79924380747482
B2_legacy,B2,B2,M0,2,located,7.5582576560950185,-23.64511966381815,50.08649195794356
B2_legacy,B2,B2,M0,3,located,10.887412025537683,-24.031273908725613,48.82204423952857
B2_legacy,B2,B2,M0,4,located,8.890592187072581,-24.371517928162017,47.758858061792175
B2_legacy,B2,B2,M0,5,located,8.017477727162367,-22.561038448937516,49.73970733045394
B2_legacy,B2,B2,M0,6,located,9.122510345369498,-23.453918584833055,48.62122555248114
B2_legacy,B2,B2,M0,7,located,9.83885265170579,-23.71389878431882,47.705332833239446
B2_legacy,B2,B2,M0,8,located,9.972183941256612,-24.383725316061362,50.25571364334147
B2_legacy,B2,B2,M0,9,located,9.313210946517817,-21.263994802402394,50.75515702305249
B2_legacy,B2,B2,M0,10,located,9.4234418207501,-22.84256302403334,48.41821610484041
B2_legacy,B2,B2,M0,11,located,8.409885804327075,-22.79002503471703,48.56546438373709
B2_legacy,B2,B2,M0,12,located,10.260848405405568,-23.420667068497746,48.46785118689707
B2_legacy,B2,B2,M0,13,located,9.373211174748924,-22.44362812913536,50.316396231760464
B2_legacy,B2,B2,M0,14,located,8.430432124306526,-24.6440488820873,46.336932491385284
B2_legacy,B2,B2,M0,15,located,9.946364921661573,-24.058007007144695,47.350436410262404
B2_legacy,B2,B2,M0,16,located,10.247186702537316,-25.108757393082044,47.60675965488149
B2_legacy,B2,B2,M0,17,located,8.915761924493209,-23.625590577038224,49.394374311766505
B2_legacy,B2,B2,M0,18,located,9.790733245828218,-22.006973517984292,50.247487929678634
B2_legacy,B2,B2,M0,19,located,9.667769555947512,-22.97982650927268,49.83692828175684
B2_legacy,B2,B2,M0,20,located,8.738913263982083,-22.9797766446267,48.365387194790436
B2_legacy,B2,B2,M0,21,located,9.409155685303826,-22.66085849489346,49.898600585533636
B2_legacy,B2,B2,M0,22,located,10.710301941466811,-20.606178120649698,50.7388286511333
B2_legacy,B2,B2,M0,23,located,7.919655874778482,-22.523204105739044,49.924431645898345
B2_legacy,B2,B2,M0,24,located,8.813986018979664,-22.64776865231559,48.546053233226225
B2_legacy,B2,B2,M0,25,located,7.790824218466756,-22.58940348588397,49.771830801981004
B2_legacy,B2,B2,M0,26,located,9.276944399798266,-23.681103662175886,48.69151245378802
B2_legacy,B2,B2,M0,27,located,9.79612397379731,-22.647591914851198,49.566590256713724
B2_legacy,B2,B2,M0,28,located,9.835073422465292,-24.09491377287306,47.922079183265524
B2_legacy,B2,B2,M0,29,located,9.978751687910798,-22.97383209000848,49.43693617811808
B2_legacy,B2,B2,M0,30,located,8.869555468932088,-21.142085994317902,50.86627953031993
B2_legacy,B2,B2,M0,31,located,10.119163202292016,-21.752383923389132,51.316853842678576
B2_legacy,B2,B2,M0,32,located,9.507837425936561,-21.96118255693996,51.10970099256521
B2_legacy,B2,B2,M0,33,located,8.643462388915664,-24.057599827921354,49.352671620862424
B2_legacy,B2,B2,M0,34,located,8.800121856763619,-23.225204404075953,49.793974566194315
B2_legacy,B2,B2,M0,35,located,9.103328457406349,-23.77261258936324,46.94485557426684
B2_legacy,B2,B2,M0,36,located,9.161171689905355,-22.44270891748636,50.830272027304055
B2_legacy,B2,B2,M0,37,located,9.37884242160297,-22.569408205745255,48.91671642806344
B2_legacy,B2,B2,M0,38,located,7.983734717634591,-23.109181579855182,48.333666580042824
B2_legacy,B2,B2,M0,39,located,8.750278331973114,-23.73593666499278,50.01120487103057
B2_legacy,B2,B2,M0,40,located,8.776281350361613,-22.923664395402493,49.55922913126512
B2_legacy,B2,B2,M0,41,located,10.104988963998869,-22.41740417746939,51.24796951993082
B2_legacy,B2,B2,M0,42,located,9.718898462091246,-23.998924764012326,47.10663938083702
B2_legacy,B2,B2,M0,43,located,8.822248425445082,-24.760247299396887,47.12339784314576
B2_legacy,B2,B2,M0,44,located,9.035729927256487,-24.450188720780297,47.34500380989987
B2_legacy,B2,B2,M0,45,located,8.52236743603212,-22.476864342336846,49.260047480830465
B2_legacy,B2,B2,M0,46,located,9.636859532992084,-23.20397636598631,50.25899989235698
B2_legacy,B2,B2,M0,47,located,8.08659803554873,-22.61050161197656,48.49841632707172
B2_legacy,B2,B2,M0,48,located,9.944958094573527,-23.50729870455295,49.672707393139426
B2_legacy,B2,B2,M0,49,located,8.612804853836677,-24.480936988789097,47.69880895304595
B2_legacy,B2,B2,M0,50,located,8.126282582290917,-20.760316073634286,51.05132770030619
B2_legacy,B2,B2,M0,51,located,9.044254920424997,-24.34685004581796,46.82094676198259
B2_legacy,B2,B2,M0,52,located,9.27282322316208,-21.238499759315307,49.34460325409315
B2_legacy,B2,B2,M0,53,located,8.802143780865414,-22.218062865053582,48.56959551654661
B2_legacy,B2,B2,M0,54,located,8.934286993678505,-23.72228504961191,49.169189083590254
B2_legacy,B2,B2,M0,55,located,9.854020497689083,-24.002644746043302,48.20988113098582
B2_legacy,B2,B2,M0,56,located,7.668620543607937,-23.008674827456318,48.53327664766495
B2_legacy,B2,B2,M0,57,located,9.542933984741028,-22.98501256154449,48.1548985451005
B2_legacy,B2,B2,M0,58,located,7.952655297651535,-22.63188815391878,49.934970360883746
B2_legacy,B2,B2,M0,59,located,8.855313870145272,-23.63331777961444,47.903405878408655
B2_legacy,B2,B2,M0,60,located,9.75883137383216,-23.36164176447766,48.773544236594624
B2_legacy,B2,B2,M0,61,located,9.919913886031967,-24.87785244247187,48.04575127352255
B2_legacy,B2,B2,M0,62,located,10.459478749340995,-22.99290971254672,50.550665851868665
B2_legacy,B2,B2,M0,63,located,9.13992474983009,-20.27995050361459,51.80576982372789
B2_legacy,B2,B2,M0,64,located,10.556882359415477,-23.811874168488544,48.16625650193867
B2_legacy,B2,B2,M0,65,located,8.72896995214653,-22.191326836821382,50.423661272358686
B2_legacy,B2,B2,M0,66,located,8.366708445345278,-24.022749365108027,49.170877497295415
B2_legacy,B2,B2,M0,67,located,9.078514927268731,-23.763011240034892,50.315481471938895
B2_legacy,B2,B2,M0,68,located,8.943212806220332,-22.713149605837852,48.88965937592883
B2_legacy,B2,B2,M0,69,located,9.64803775956091,-24.875136485346818,47.86733139704169
B2_legacy,B2,B2,M0,70,located,8.570930992949062,-22.67248358779462,48.93400742506015
B2_legacy,B2,B2,M0,71,located,9.729249812785945,-22.576045788617424,48.07813760573224
B2_legacy,B2,B2,M0,72,located,9.727836867737446,-24.11745016145209,46.62462371913496
B2_legacy,B2,B2,M0,73,located,8.288728979283624,-23.25645761776678,49.46470642114947
B2_legacy,B2,B2,M0,74,located,8.614889224836313,-22.541731710490687,49.64707921455891
B2_legacy,B2,B2,M0,75,located,8.856607927540923,-22.343582138050937,51.13795144550308
B2_legacy,B2,B2,M0,76,located,9.07801543637386,-24.064794698948198,48.22025407208508
B2_legacy,B2,B2,M0,77,located,10.1108293683694,-22.19275123787488,50.245991769572946
B2_legacy,B2,B2,M0,78,located,9.887869622368811,-23.31258915559232,47.73648182436167
B2_legacy,B2,B2,M0,79,located,8.513924730600774,-24.025489372800855,48.6972243866239
B2_legacy,B2,B2,M0,80,located,9.360848921120763,-22.167564470649094,48.64262018457029
B2_legacy,B2,B2,M0,81,located,7.538787679268498,-23.66247051525416,46.77946197672911
B2_legacy,B2,B2,M0,82,located,9.414766863032863,-22.756933718219212,49.81120172394725
B2_legacy,B2,B2,M0,83,located,9.963451395754701,-23.568360439522863,49.73096317559449
B2_legacy,B2,B2,M0,84,located,9.200913838333305,-23.66937941791025,50.49154381049947
B2_legacy,B2,B2,M0,85,located,8.097388737138575,-21.70638672340968,50.810811456151924
B2_legacy,B2,B2,M0,86,located,9.067540098865447,-22.649973046187675,47.841396755431646
B2_legacy,B2,B2,M0,87,located,9.357746804674328,-21.257902530089645,51.30579351376255
B2_legacy,B2,B2,M0,88,located,9.009015981983646,-22.844080757478345,48.76041090879729
B2_legacy,B2,B2,M0,89,located,10.31726226518665,-24.709053398414454,48.76026835922476
B2_legacy,B2,B2,M0,90,located,8.883841851499527,-22.40471499777611,48.98305051079647
B2_legacy,B2,B2,M0,91,located,9.147932776805938,-23.8335572391389,47.93888134986768
B2_legacy,B2,B2,M0,92,located,8.217180642378302,-24.489733392308203,48.477268063556075
B2_legacy,B2,B2,M0,93,located,9.119836882817093,-23.840240269066022,47.625618241611775
B2_legacy,B2,B2,M0,94,located,10.290146228261627,-21.347971413650654,50.34840066287173
B2_legacy,B2,B2,M0,95,located,9.608667682799306,-22.52756839277322,51.34963676387406
B2_legacy,B2,B2,M0,96,located,8.359518818495857,-21.45351442113333,51.09862570393802
B2_legacy,B2,B2,M0,97,located,8.870034431921093,-21.35306211034479,47.53230882486948
B2_legacy,B2,B2,M0,98,located,10.090585885883403,-22.758229598833406,49.11846682469209
B2_legacy,B2,B2,M0,99,located,7.886999434418264,-24.931493853153874,47.346539521703484
B2_legacy,B2,B2,M0,100,located,8.514418325224604,-24.175367170051445,50.61541764877335
B2_legacy,B2,B2,M0,101,located,9.636723532579323,-22.045890733694968,51.165824219923735
B2_legacy,B2,B2,M0,102,located,8.62422125711896,-24.321380869388022,44.52327404448349
B2_legacy,B2,B2,M0,103,located,7.545093138415071,-21.91367274847078,50.9137675492159
B2_legacy,B2,B2,M0,104,located,8.904349465809425,-23.387099953653244,49.25264649811933
B2_legacy,B2,B2,M0,105,located,8.939103586288951,-22.98224546851938,48.87276256511822
B2_legacy,B2,B2,M0,106,located,8.025038940947715,-22.39809412425215,51.947398450320875
B2_legacy,B2,B2,M0,107,located,7.809516503503909,-23.295643925799403,49.37096356535672
B2_legacy,B2,B2,M0,108,located,9.029391699347972,-24.896386146706263,47.61553839080096
B2_legacy,B2,B2,M0,109,located,8.719305310224875,-22.579074247399237,48.93067379676737
B2_legacy,B2,B2,M0,110,located,9.428926041564319,-23.68178852236016,49.48182963792922
B2_legacy,B2,B2,M0,111,located,9.298267236769707,-21.14580293321575,49.56909663311273
B2_legacy,B2,B2,M0,112,located,9.61277329382847,-23.79718267102001,50.757007142661685
B2_legacy,B2,B2,M0,113,located,9.02949365898387,-23.306029762057413,49.321639339583875
B2_legacy,B2,B2,M0,114,located,9.574076998738475,-24.626821870973732,48.53593964020901
B2_legacy,B2,B2,M0,115,located,8.989103937308126,-23.771069189094113,50.0572889064539
B2_legacy,B2,B2,M0,116,located,8.676842536881873,-24.638848486445635,46.98560243075658
B2_legacy,B2,B2,M0,117,located,10.626746838523822,-23.051185279120556,48.27208131594725
B2_legacy,B2,B2,M0,118,located,9.90507504698432,-21.713129316669153,49.29704584995378
B2_legacy,B2,B2,M0,119,located,9.366218128772031,-23.89423981436125,48.92407524462303
B2_legacy,B2,B2,M0,120,located,9.472568482998541,-23.283181701203407,47.84056554145526
B2_legacy,B2,B2,M0,121,located,9.286059966299785,-22.853224204066116,49.321321979326925
B2_legacy,B2,B2,M0,122,located,8.551484285688545,-22.20052857045029,50.273140310881516
B2_legacy,B2,B2,M0,123,located,9.777127069543996,-23.195997613874667,49.058166132191666
B2_legacy,B2,B2,M0,124,located,9.656049187135006,-23.3512410005597,50.16060718914842
B2_legacy,B2,B2,M0,125,located,9.411316877994397,-22.500612722447237,50.315833343445924
B2_legacy,B2,B2,M0,126,located,9.415166192951869,-23.132442223667113,45.85270588173595
B2_legacy,B2,B2,M0,127,located,9.391601396508893,-23.8046226485505,46.800920614458434
B2_legacy,B2,B2,M0,128,located,10.717223863292357,-23.168023024242945,49.843878011849306
B2_legacy,B2,B2,M0,129,located,8.703359826909978,-22.652189598155623,48.63850310883657
B2_legacy,B2,B2,M0,130,located,8.345826921232616,-23.274173354283704,48.462833296951445
B2_legacy,B2,B2,M0,131,located,8.770558912495652,-22.703431953889584,48.94764913110486
B2_legacy,B2,B2,M0,132,located,9.062828472090034,-22.823747952223535,50.118544702002666
B2_legacy,B2,B2,M0,133,located,8.62744808685636,-23.66883688573444,46.86474845941901
B2_legacy,B2,B2,M0,134,located,9.543781070378058,-24.10512139169164,49.276290159122304
B2_legacy,B2,B2,M0,135,located,9.859991769923532,-22.224190573844197,48.51060399284876
B2_legacy,B2,B2,M0,136,located,8.026356691250196,-25.0562394629006,47.94749630745473
B2_legacy,B2,B2,M0,137,located,10.326941582935614,-23.513121354295446,48.43344487541627
B2_legacy,B2,B2,M0,138,located,8.560656536444753,-22.81337718323976,47.84288066497231
B2_legacy,B2,B2,M0,139,located,8.956597313898262,-23.470774646229508,45.87856788757843
B2_legacy,B2,B2,M0,140,located,8.822892511128217,-22.934303459659954,49.77734182379776
B2_legacy,B2,B2,M0,141,located,9.336007072217042,-23.717616411742384,47.87558203774324
B2_legacy,B2,B2,M0,142,located,8.161930580450415,-25.20773394856175,46.97560484290885
B2_legacy,B2,B2,M0,143,located,8.779691895672409,-22.02874340020409,49.873184073355866
B2_legacy,B2,B2,M0,144,located,8.65746044069081,-21.97017976962665,49.410923027616235
B2_legacy,B2,B2,M0,145,located,7.6120243053272665,-21.822885819161854,49.62335009403871
B2_legacy,B2,B2,M0,146,located,8.06095244062679,-24.714702719290987,46.57921405414929
B2_legacy,B2,B2,M0,147,located,8.822435504277372,-23.923274725386946,49.31827487937299
B2_legacy,B2,B2,M0,148,located,9.33280475461042,-20.55753321996312,50.628299999113736
B2_legacy,B2,B2,M0,149,located,10.915034708930934,-23.143082597609826,50.54370581267501
B2_legacy,B2,B2,M0,150,located,9.32150021827985,-21.65377879021009,51.43515171737244
B2_legacy,B2,B2,M0,151,located,8.749295832223343,-24.482348372479862,47.88817811240062
B2_legacy,B2,B2,M0,152,located,8.4589326810971,-22.980602493002657,49.07105596484792
B2_legacy,B2,B2,M0,153,located,9.155722754092258,-24.193933106868492,49.60863640048898
B2_legacy,B2,B2,M0,154,located,8.950246596285343,-23.478847526855493,47.02013068706574
B2_legacy,B2,B2,M0,155,located,9.469521317265084,-22.785683026749012,49.94296358396816
B2_legacy,B2,B2,M0,156,located,9.15571445457992,-23.23988017234786,46.85028944400749
B2_legacy,B2,B2,M0,157,located,9.941331104661588,-22.9205183638462,49.42346805128776
B2_legacy,B2,B2,M0,158,located,7.853223155402759,-22.86303603277947,49.712954235044066
B2_legacy,B2,B2,M0,159,located,8.822853694200274,-22.712214994896886,49.01784212745305
B2_legacy,B2,B2,M0,160,located,9.68017183595366,-21.61731741248944,50.03569179587441
B2_legacy,B2,B2,M0,161,located,8.742798398564883,-22.821122072429226,50.25423918802845
B2_legacy,B2,B2,M0,162,located,10.025902621180167,-22.450702258754628,47.73267861589127
B2_legacy,B2,B2,M0,163,located,8.614085792594771,-22.207331710998687,48.47366945544094
B2_legacy,B2,B2,M0,164,located,9.90122523713316,-24.29751833918608,48.429934732025785
B2_legacy,B2,B2,M0,165,located,9.806109952101432,-23.173474512629987,50.96188385839567
B2_legacy,B2,B2,M0,166,located,8.167864378371222,-22.52078232042448,49.4817780879373
B2_legacy,B2,B2,M0,167,located,9.952071696704836,-22.40370564079337,49.07306884211873
B2_legacy,B2,B2,M0,168,located,8.93321470830861,-22.505267539025258,47.85288376686593
B2_legacy,B2,B2,M0,169,located,9.83180238711356,-23.24196364472291,48.52920180668536
B2_legacy,B2,B2,M0,170,located,9.267507812083698,-23.158421189687004,49.213573711294856
B2_legacy,B2,B2,M0,171,located,8.676816238650003,-22.083585386355903,51.10851071058761
B2_legacy,B2,B2,M0,172,located,10.297196043961762,-22.077534597558255,49.80193621429747
B2_legacy,B2,B2,M0,173,located,8.87666512711755,-22.72105304339501,48.98515067673132
B2_legacy,B2,B2,M0,174,located,7.242952977403425,-23.214118724037075,48.16827476230239
B2_legacy,B2,B2,M0,175,located,8.475035495234547,-22.886117371697768,49.16574522825093
B2_legacy,B2,B2,M0,176,located,8.94801526339972,-25.2568686315264,47.10294553794956
B2_legacy,B2,B2,M0,177,located,8.817004184910287,-24.232428677325284,49.58827346615804
B2_legacy,B2,B2,M0,178,located,9.76197615138891,-24.001856325181492,47.32457341353885
B2_legacy,B2,B2,M0,179,located,9.370314111299487,-23.606912111972036,48.58919980836935
B2_legacy,B2,B2,M0,180,located,9.537278579356501,-23.724023082986903,48.25374615737621
B2_legacy,B2,B2,M0,181,located,9.88238054259389,-19.93164907360421,51.87105612824475
B2_legacy,B2,B2,M0,182,located,9.37744157353455,-22.297309722563174,49.84987382070696
B2_legacy,B2,B2,M0,183,located,8.936847428983977,-22.899228362976785,49.51163405333646
B2_legacy,B2,B2,M0,184,located,9.265466786851412,-22.97357084298578,49.65923754946143
B2_legacy,B2,B2,M0,185,located,9.253056799403021,-21.38690937292514,50.923217915781024
B2_legacy,B2,B2,M0,186,located,9.245951362736372,-24.04511700020315,47.15772497384549
B2_legacy,B2,B2,M0,187,located,8.877550353914675,-20.73341227784956,50.9240562015017
B2_legacy,B2,B2,M0,188,located,8.828244279333875,-23.349071346326827,49.34858754298057
B2_legacy,B2,B2,M0,189,located,9.588660548575128,-22.643420271544525,48.46026973921532
B2_legacy,B2,B2,M0,190,located,7.272614706889584,-23.609191292930767,47.81741217859998
B2_legacy,B2,B2,M0,191,located,9.349652325229831,-25.850034495498193,47.46222310427105
B2_legacy,B2,B2,M0,192,located,9.686918824558745,-24.375610034423648,46.469975784377404
B2_legacy,B2,B2,M0,193,located,7.434954651473926,-22.782425860938595,50.4665442755333
B2_legacy,B2,B2,M0,194,located,7.996528869034211,-21.278409773160327,51.16056896636813
B2_legacy,B2,B2,M0,195,located,8.915445427399314,-21.529429983230663,52.544103923867105
B2_legacy,B2,B2,M0,196,located,8.448596954232572,-23.568597796554194,48.699810647484135
B2_legacy,B2,B2,M0,197,located,8.86048963270445,-22.389313118403795,49.370130555286586
B2_legacy,B2,B2,M0,198,located,9.643153905320846,-23.641860352380988,47.401298433213206
B2_legacy,B2,B2,M0,199,located,9.791638854450804,-23.863749942765754,47.38609096875395
B2_legacy,B2,B2,M0,200,located,9.223408161766542,-22.965765725118807,49.7826548118775
B2_legacy,B2,B2,M0,201,located,9.868920863844101,-23.88467260831264,50.04017403901342
B2_legacy,B2,B2,M0,202,located,8.568186969227401,-24.446788368144148,47.73830456962927
B2_legacy,B2,B2,M0,203,located,9.40000439525657,-23.499638195442383,49.03631188826863
B2_legacy,B2,B2,M0,204,located,8.845285218090348,-24.577898547358366,45.24798481007547
B2_legacy,B2,B2,M0,205,located,10.508427736899371,-23.949328848507868,46.05502662827788
B2_legacy,B2,B2,M0,206,located,9.53587042433753,-20.932009637767106,49.883426532743705
B2_legacy,B2,B2,M0,207,located,8.424329056865725,-22.704686659878398,48.72804658811418
B2_legacy,B2,B2,M0,208,located,10.053246124367396,-24.70512998152384,45.724091605684016
B2_legacy,B2,B2,M0,209,located,8.601056411922897,-21.423963845179713,49.34198851297487
B2_legacy,B2,B2,M0,210,located,9.619167178504973,-21.6285302675769,52.044201493695105
B2_legacy,B2,B2,M0,211,located,8.350676134207273,-22.392951645840892,48.782653103869826
B2_legacy,B2,B2,M0,212,located,9.217185537377594,-21.875009172420473,49.55404741889903
B2_legacy,B2,B2,M0,213,located,9.174624463595547,-22.989202992357843,49.478620627059605
B2_legacy,B2,B2,M0,214,located,8.753157441945453,-23.509013368770304,48.81785239321674
B2_legacy,B2,B2,M0,215,located,8.393431922032836,-21.943077137864556,49.286020860188025
B2_legacy,B2,B2,M0,216,located,9.157807752602698,-23.60424538592492,47.85583065641403
B2_legacy,B2,B2,M0,217,located,8.580572315573905,-23.37578376157181,48.30252811011515
B2_legacy,B2,B2,M0,218,located,8.537751261141251,-22.249396603443977,49.940792610566994
B2_legacy,B2,B2,M0,219,located,7.942883746450685,-23.198749569374062,50.0287744911154
B2_legacy,B2,B2,M0,220,located,9.257964650637039,-22.356461637300015,50.371175139582604
B2_legacy,B2,B2,M0,221,located,9.317234505975582,-24.053702882352365,48.16394969656123
B2_legacy,B2,B2,M0,222,located,10.40673294608876,-21.913607252814177,50.182594556843235
B2_legacy,B2,B2,M0,223,located,8.679797294136796,-22.50043201950879,47.78755208542339
B2_legacy,B2,B2,M0,224,located,10.323540511692476,-23.2514512298222,48.425644850661506
B2_legacy,B2,B2,M0,225,located,9.257858096956184,-21.938376134923754,50.05582894748819
B2_legacy,B2,B2,M0,226,located,9.172134771978845,-22.1785671058191,51.03684454844446
B2_legacy,B2,B2,M0,227,located,8.28717241950683,-24.911838308247372,48.84118238060632
B2_legacy,B2,B2,M0,228,located,9.341103791472788,-23.11582025771176,47.81230752594681
B2_legacy,B2,B2,M0,229,located,10.362791665791928,-24.689529825863026,46.614189253711984
B2_legacy,B2,B2,M0,230,located,8.054694332619027,-23.56342706319307,49.601078633369056
B2_legacy,B2,B2,M0,231,located,9.91096025337521,-21.91332867621017,50.882258025654416
B2_legacy,B2,B2,M0,232,located,9.034193775787296,-23.311386612122842,48.25759781418841
B2_legacy,B2,B2,M0,233,located,9.193506717996845,-23.535020294045083,47.848258167509336
B2_legacy,B2,B2,M0,234,located,8.595267491923158,-21.448040987820157,52.18579902176721
B2_legacy,B2,B2,M0,235,located,8.981777852672028,-22.582318666528458,48.09487843259056
B2_legacy,B2,B2,M0,236,located,8.139517360017804,-23.730934050048198,48.82353260600154
B2_legacy,B2,B2,M0,237,located,8.048181941876756,-24.508194513441033,49.16594929005371
B2_legacy,B2,B2,M0,238,located,8.949101226086157,-23.754389559442036,47.580011988690686
B2_legacy,B2,B2,M0,239,located,9.027572876102578,-23.841775868603467,46.50409407094903
B2_legacy,B2,B2,M0,240,located,8.117670425687242,-22.65649844468122,49.80677991685193
B2_legacy,B2,B2,M0,241,located,9.45343437630819,-23.332396110274775,49.13101441918168
B2_legacy,B2,B2,M0,242,located,8.621381413396566,-23.518869593991063,49.023555066887674
B2_legacy,B2,B2,M0,243,located,8.720227063388636,-24.56723037998103,47.97562083215779
B2_legacy,B2,B2,M0,244,located,9.029863183229054,-23.444838014286056,48.96828319852078
B2_legacy,B2,B2,M0,245,located,8.092190781860252,-25.062692015424364,46.915593896004175
B2_legacy,B2,B2,M0,246,located,8.51758722971189,-24.3620254571319,47.59163975607852
B2_legacy,B2,B2,M0,247,located,10.385342705460259,-23.76169916851578,48.95899224568894
B2_legacy,B2,B2,M0,248,located,8.718125695288586,-25.275351415120852,46.0448791062447
B2_legacy,B2,B2,M0,249,located,9.485264474469156,-22.644677212227766,49.19325132237423
B2_legacy,B2,B2,M0,250,located,9.272250815975738,-24.15566530634653,49.492719404233995
B2_legacy,B2,B2,M0,251,located,9.31813127631097,-22.524044427543075,48.50120514314504
B2_legacy,B2,B2,M0,252,located,8.993680690051944,-24.569048938213882,47.75454575715308
B2_legacy,B2,B2,M0,253,located,9.451675899040886,-24.642125944034497,47.216875538600405
B2_legacy,B2,B2,M0,254,located,9.066720338898161,-21.463798102136135,49.624013921655994
B2_legacy,B2,B2,M0,255,located,8.073185264354722,-23.160797040370014,46.860356445787026
B2_legacy,B2,B2,M0,256,located,9.262799814400884,-23.85327673940479,49.16347940513827
B2_legacy,B2,B2,M0,257,located,8.724224684701825,-21.89047519868625,49.456834047300056
B2_legacy,B2,B2,M0,258,located,8.131154403471465,-23.48000361324405,47.94384235819491
B2_legacy,B2,B2,M0,259,located,8.952456979780381,-23.593774734269854,47.45858924894416
B2_legacy,B2,B2,M0,260,located,7.724373173893196,-23.087943415147016,48.93892362861894
B2_legacy,B2,B2,M0,261,located,9.82143224755525,-24.699889420620806,44.96610028260021
B2_legacy,B2,B2,M0,262,located,8.227347193205839,-22.329376482390742,48.26727622601759
B2_legacy,B2,B2,M0,263,located,9.39739411563412,-22.439583625327813,48.261571523696205
B2_legacy,B2,B2,M0,264,located,9.247847275637868,-20.726892540915426,50.41272696849921
B2_legacy,B2,B2,M0,265,located,8.316138206788638,-22.27631080570938,50.60587075592755
B2_legacy,B2,B2,M0,266,located,8.421742580131214,-22.383819610593715,50.27134556772159
B2_legacy,B2,B2,M0,267,located,9.271020094682214,-24.941401385769847,46.62018463551257
B2_legacy,B2,B2,M0,268,located,8.41610218025258,-22.66001071361528,49.95981663600866
B2_legacy,B2,B2,M0,269,located,9.207827127517199,-22.52343841817396,49.111824479128224
B2_legacy,B2,B2,M0,270,located,7.88015488673032,-21.8774903818765,50.42201457234427
B2_legacy,B2,B2,M0,271,located,9.360121817607272,-22.465301978623458,50.845859851858265
B2_legacy,B2,B2,M0,272,located,9.77987113466731,-23.338673345392053,48.31034440354752
B2_legacy,B2,B2,M0,273,located,9.357572245974264,-23.408620214547334,50.99054475424345
B2_legacy,B2,B2,M0,274,located,10.276894089503662,-23.13808891168336,49.25350029127448
B2_legacy,B2,B2,M0,275,located,9.537464953086964,-22.66679738494707,50.67903182963162
B2_legacy,B2,B2,M0,276,located,10.066768911709842,-24.695181173322922,48.8487436366637
B2_legacy,B2,B2,M0,277,located,8.949322898553637,-22.637426153510326,51.217333598944506
B2_legacy,B2,B2,M0,278,located,9.003784545786738,-23.156251299323124,48.248416594245896
B2_legacy,B2,B2,M0,279,located,8.584475291285793,-24.17211256886157,49.722075277642375
B2_legacy,B2,B2,M0,280,located,8.859009475135231,-24.157207657778088,47.09660659407609
B2_legacy,B2,B2,M0,281,located,9.561452690856694,-24.816833756727643,45.982024097980066
B2_legacy,B2,B2,M0,282,located,10.30857679308672,-23.332491372067516,48.849572890017775
B2_legacy,B2,B2,M0,283,located,8.239079108905525,-23.05905679843089,49.28548234812711
B2_legacy,B2,B2,M0,284,located,9.80105069167164,-24.396770334178083,45.5297290257974
B2_legacy,B2,B2,M0,285,located,9.326209829113365,-22.30637396851369,50.75734001418627
B2_legacy,B2,B2,M0,286,located,10.159618917258395,-21.993697838610267,48.929983304531525
B2_legacy,B2,B2,M0,287,located,8.748047483296642,-22.249643507377627,50.08740128449081
B2_legacy,B2,B2,M0,288,located,9.759999337478218,-23.620330004832066,48.52057264094548
B2_legacy,B2,B2,M0,289,located,8.266889335287356,-22.829326804569067,50.29305731330026
B2_legacy,B2,B2,M0,290,located,8.45201763590544,-23.60398394918051,48.900258390792054
B2_legacy,B2,B2,M0,291,located,9.414757601725523,-24.489657059915487,47.20619033968748
B2_legacy,B2,B2,M0,292,located,9.40407951819258,-23.136120301932635,49.438004672461005
B2_legacy,B2,B2,M0,293,located,9.147704363069474,-25.299531872733052,48.243789293595235
B2_legacy,B2,B2,M0,294,located,10.144150025974637,-24.045089173161536,47.66230466915115
B2_legacy,B2,B2,M0,295,located,9.09065090892041,-22.48432745781713,50.19600096600792
B2_legacy,B2,B2,M0,296,located,8.838495895595338,-22.283452457841996,49.497430403912105
B2_legacy,B2,B2,M0,297,located,9.36767831853685,-21.303062207661753,50.493909942374096
B2_legacy,B2,B2,M0,298,located,8.54334707763832,-25.20599814240218,46.51406153733485
B2_legacy,B2,B2,M0,299,located,9.102485238490456,-24.60747965895615,47.13149154503015
B2_legacy,B2,B2,M0,300,located,9.609436040630099,-23.19525253285613,48.54083874226275
B2_legacy,B2,B2,M0,301,located,9.12757664524615,-24.255099233029668,48.83128686067085
B2_legacy,B2,B2,M0,302,located,9.358917070051993,-22.914796883051622,48.832434552395775
B2_legacy,B2,B2,M0,303,located,8.889019427162099,-22.050596697269548,49.739322774800286
B2_legacy,B2,B2,M0,304,located,9.92789199076063,-25.29895626558367,47.05332550438537
B2_legacy,B2,B2,M0,305,located,8.24153696851529,-21.816342369998708,50.88617606305824
B2_legacy,B2,B2,M0,306,located,9.260985950572392,-21.35737029250808,51.88531846323897
B2_legacy,B2,B2,M0,307,located,9.046396747827961,-23.611246612181034,48.30422076196799
B2_legacy,B2,B2,M0,308,located,9.061761561019173,-23.489032405660094,49.042469783098106
B2_legacy,B2,B2,M0,309,located,10.162823419444774,-24.249559659876333,47.10290972282926
B2_legacy,B2,B2,M0,310,located,9.654321767608188,-23.72160964231935,49.02501433338372
B2_legacy,B2,B2,M0,311,located,9.083979148872295,-23.355678322939948,49.50352211495329
B2_legacy,B2,B2,M0,312,located,10.251517513860575,-22.396311719729255,50.27910627610691
B2_legacy,B2,B2,M0,313,located,8.951074941476142,-25.39416547874329,46.34804454884745
B2_legacy,B2,B2,M0,314,located,9.340391421579312,-22.074194320562473,49.91272145462705
B2_legacy,B2,B2,M0,315,located,8.375342823792607,-21.81852794368542,51.741670000639175
B2_legacy,B2,B2,M0,316,located,7.631370862942058,-24.03470027504931,47.31198919888496
B2_legacy,B2,B2,M0,317,located,8.031977751122009,-23.374894517144092,47.13271572990379
B2_legacy,B2,B2,M0,318,located,8.263457098815579,-23.624506632243854,50.03574949820981
B2_legacy,B2,B2,M0,319,located,7.8864529547943425,-22.111257896059932,49.49320305510166
B2_legacy,B2,B2,M0,320,located,10.339811236292933,-25.462524981782877,45.18752127521771
B2_legacy,B2,B2,M0,321,located,9.81911819268638,-22.461626725352286,50.04204268671531
B2_legacy,B2,B2,M0,322,located,8.804260480726828,-22.235706980364018,48.6791729638226
B2_legacy,B2,B2,M0,323,located,8.874899687697809,-22.781401552011083,48.67643606752785
B2_legacy,B2,B2,M0,324,located,9.18892797844459,-23.514307093164458,48.7766096728071
B2_legacy,B2,B2,M0,325,located,9.629589774409505,-22.872830804932605,48.93430977057655
B2_legacy,B2,B2,M0,326,located,8.38946885132625,-23.463493028526543,47.6307269322722
B2_legacy,B2,B2,M0,327,located,8.83341324699549,-24.926964462391215,46.730267505205376
B2_legacy,B2,B2,M0,328,located,8.494267476487279,-20.11249958712097,52.45888934294528
B2_legacy,B2,B2,M0,329,located,9.478577139854965,-22.532919956043116,49.1719726994562
B2_legacy,B2,B2,M0,330,located,10.208682329296233,-21.83119056666197,50.901457813700276
B2_legacy,B2,B2,M0,331,located,8.99935382072907,-21.30302746983419,50.85876357448768
B2_legacy,B2,B2,M0,332,located,9.364466618988653,-22.218428385917655,49.7500108165361
B2_legacy,B2,B2,M0,333,located,8.36605787438979,-21.942136805901498,51.06321275083332
B2_legacy,B2,B2,M0,334,located,8.421324685183924,-24.56561167173406,47.67513577604281
B2_legacy,B2,B2,M0,335,located,9.96811387651271,-25.88546843374756,43.34456623215591
B2_legacy,B2,B2,M0,336,located,8.854418713962563,-23.065367774711437,48.23614935768283
B2_legacy,B2,B2,M0,337,located,9.439798874007446,-22.724046982543946,48.81571491348852
B2_legacy,B2,B2,M0,338,located,9.518290564118173,-22.227540019144122,49.4486163031165
B2_legacy,B2,B2,M0,339,located,8.479968673098057,-23.19742877844453,49.309088216087595
B2_legacy,B2,B2,M0,340,located,8.337098315458105,-23.80533407241477,47.20176359692067
B2_legacy,B2,B2,M0,341,located,9.878190489191917,-23.94207500722822,46.54133708762558
B2_legacy,B2,B2,M0,342,located,8.506426597338201,-23.36983027605516,50.088656169164075
B2_legacy,B2,B2,M0,343,located,9.053628957695892,-23.188531398046592,48.17477638698575
B2_legacy,B2,B2,M0,344,located,9.42469793312067,-21.88763327953434,49.11422928741023
B2_legacy,B2,B2,M0,345,located,9.173155228832268,-20.697315818326654,51.23891860188653
B2_legacy,B2,B2,M0,346,located,9.243910942920431,-23.72914579119872,46.79464997479731
B2_legacy,B2,B2,M0,347,located,8.632349232999827,-24.086656829443875,49.495172228702614
B2_legacy,B2,B2,M0,348,located,8.312572295922848,-22.55708942307847,51.01385905711405
B2_legacy,B2,B2,M0,349,located,8.355430062846777,-23.31372970167528,47.48918465264258
B2_legacy,B2,B2,M0,350,located,9.220974241116465,-23.03518759729962,48.134168079373026
B2_legacy,B2,B2,M0,351,located,9.923260347027341,-23.3834888054786,48.219368730836244
B2_legacy,B2,B2,M0,352,located,9.347207844360998,-22.500541706633157,51.039084696019266
B2_legacy,B2,B2,M0,353,located,7.621543811262531,-21.989291648140405,50.037622699444356
B2_legacy,B2,B2,M0,354,located,8.190973801780823,-24.81575646951538,46.382756175262486
B2_legacy,B2,B2,M0,355,located,9.067293413334347,-22.688645480879025,47.97825999168271
B2_legacy,B2,B2,M0,356,located,9.796841214491783,-24.527668359832997,46.62892631922021
B2_legacy,B2,B2,M0,357,located,8.975012512083495,-20.74033305780442,52.38351912688836
B2_legacy,B2,B2,M0,358,located,9.486336693813133,-22.350486639612004,50.001696472574785
B2_legacy,B2,B2,M0,359,located,7.7393767251971575,-24.459505248399623,46.61578479109555
B2_legacy,B2,B2,M0,360,located,9.92652789029857,-23.641513657338297,48.90303004871336
B2_legacy,B2,B2,M0,361,located,9.141219741158842,-23.022418645356144,49.58046777896912
B2_legacy,B2,B2,M0,362,located,9.15339232919603,-21.421597355082742,52.290389875774345
B2_legacy,B2,B2,M0,363,located,8.960689755893059,-22.59659721333888,49.209259393597875
B2_legacy,B2,B2,M0,364,located,9.014523645745152,-22.49961515616454,50.189068326800744
B2_legacy,B2,B2,M0,365,located,8.850627170691801,-22.39998458673619,47.92298411233955
B2_legacy,B2,B2,M0,366,located,8.644103651201757,-21.788744525049367,50.87170599718297
B2_legacy,B2,B2,M0,367,located,8.725759210669516,-24.476680511602396,47.30046594402463
B2_legacy,B2,B2,M0,368,located,9.817834662950652,-22.426932871208646,49.622547629462886
B2_legacy,B2,B2,M0,369,located,8.391420018442918,-23.637165414535765,47.524715436716725
B2_legacy,B2,B2,M0,370,located,8.036360790198891,-25.266845407059996,47.51410345303179
B2_legacy,B2,B2,M0,371,located,8.769034166329904,-22.898537011493573,48.45798944435969
B2_legacy,B2,B2,M0,372,located,8.75192680037345,-21.993337756397924,48.92330029932102
B2_legacy,B2,B2,M0,373,located,9.504207145132925,-23.75013273633715,49.53144936494177
B2_legacy,B2,B2,M0,374,located,9.88720512064055,-23.658254742584727,49.74354418776466
B2_legacy,B2,B2,M0,375,located,9.22223149424738,-22.975401775617097,47.38667811197743
B2_legacy,B2,B2,M0,376,located,9.601497934406778,-21.98459279269259,49.673964514370674
B2_legacy,B2,B2,M0,377,located,9.378302091543526,-22.37384422391006,49.821712988404556
B2_legacy,B2,B2,M0,378,located,9.472623350858505,-22.133785399528904,51.03034306229787
B2_legacy,B2,B2,M0,379,located,8.793006804243772,-24.362042209546022,48.795699999537725
B2_legacy,B2,B2,M0,380,located,9.724434663126633,-23.241880642030907,47.98099556829957
B2_legacy,B2,B2,M0,381,located,10.616654260586373,-24.2428370653568,47.60997443595885
B2_legacy,B2,B2,M0,382,located,9.317142199685515,-24.170204691396783,48.74373451998188
B2_legacy,B2,B2,M0,383,located,8.371644556750947,-23.609174355574503,50.596891082704325
B2_legacy,B2,B2,M0,384,located,9.25240146093218,-23.92868624871572,47.21408537668631
B2_legacy,B2,B2,M0,385,located,9.031029543627396,-23.418199630737682,47.071303916105116
B2_legacy,B2,B2,M0,386,located,9.587209496654713,-23.592715169446276,48.732372653754574
B2_legacy,B2,B2,M0,387,located,9.204843765550123,-23.532456062266718,47.22551973201839
B2_legacy,B2,B2,M0,388,located,7.962411154141459,-25.20540897292438,44.66336907872548
B2_legacy,B2,B2,M0,389,located,8.794505208267731,-24.240429805612802,45.841550314712855
B2_legacy,B2,B2,M0,390,located,9.307795892845977,-22.57198524616392,49.82664666498528
B2_legacy,B2,B2,M0,391,located,8.456041840964641,-22.561716747244656,48.44618215311637
B2_legacy,B2,B2,M0,392,located,8.893744936139795,-21.6945900766273,49.93342092329173
B2_legacy,B2,B2,M0,393,located,9.351999605031365,-23.206161840328722,47.11252816734046
B2_legacy,B2,B2,M0,394,located,10.75046287590993,-24.16542637970798,47.547802756537315
B2_legacy,B2,B2,M0,395,located,9.414100526536005,-22.729562525833607,51.11698357116062
B2_legacy,B2,B2,M0,396,located,9.815308865913071,-24.230612565528862,48.70359580152151
B2_legacy,B2,B2,M0,397,located,10.10349332930222,-22.758945784405256,48.685114633432775
B2_legacy,B2,B2,M0,398,located,8.60672562656961,-21.430696012958318,50.77035438021524
B2_legacy,B2,B2,M0,399,located,8.894121441143037,-24.517672013952257,46.85798875604782
B3_M02,B3_N,B3,M0,0,located,-2.752011514895682,21.11752579170755,54.98485619741963
B3_M02,B3_N,B3,M0,1,located,-3.872329500617011,20.34006489305333,53.40623074548572
B3_M02,B3_N,B3,M0,2,located,-2.372242622760647,23.736263384459363,50.51317688442463
B3_M02,B3_N,B3,M0,3,located,-3.8257237578874137,21.55563500754996,55.32599509381605
B3_M02,B3_N,B3,M0,4,located,-3.9291749977652897,23.29512494525849,53.00095636824662
B3_M02,B3_N,B3,M0,5,located,-3.61678753640841,22.655227816227075,54.15839915668972
B3_M02,B3_N,B3,M0,6,located,-3.401424998878158,23.001065246705487,52.180488592136214
B3_M02,B3_N,B3,M0,7,located,-2.987938391260466,20.05749345428397,56.98898291435773
B3_M02,B3_N,B3,M0,8,located,-2.6458483244901934,22.34642867320765,51.526989176322886
B3_M02,B3_N,B3,M0,9,located,-3.3900554211093343,22.708419689517495,52.082816414201396
B3_M02,B3_N,B3,M0,10,located,-3.390630760012979,19.946610034403655,57.15980107205784
B3_M02,B3_N,B3,M0,11,located,-3.52460850928622,23.588094151362526,50.37119288849755
B3_M02,B3_N,B3,M0,12,located,-4.243269066544476,21.263336766676623,52.535817852613874
B3_M02,B3_N,B3,M0,13,located,-4.053176824388099,22.114963438700727,52.418262134518955
B3_M02,B3_N,B3,M0,14,located,-3.3522875577384434,20.800863341969993,55.74361855599112
B3_M02,B3_N,B3,M0,15,located,-2.3347248766294144,23.46786733051019,51.04096020637726
B3_M02,B3_N,B3,M0,16,located,-4.1669562709628885,22.62998124787854,54.975146769124784
B3_M02,B3_N,B3,M0,17,located,-2.1227317645405184,22.54451971726915,53.10313262133759
B3_M02,B3_N,B3,M0,18,located,-3.0688526773726905,20.47638285380615,55.16227174595056
B3_M02,B3_N,B3,M0,19,located,-3.802545578005971,20.52410307529462,56.63789075280454
B3_M02,B3_N,B3,M0,20,located,-3.264986023728248,21.89941958882327,50.63318235673936
B3_M02,B3_N,B3,M0,21,located,-3.043164177325905,21.969503689401087,51.92476904894195
B3_M02,B3_N,B3,M0,22,located,-4.349390928625407,22.044439810567784,53.328501581813
B3_M02,B3_N,B3,M0,23,located,-2.9911632848532683,21.051350777312102,52.956263056787414
B3_M02,B3_N,B3,M0,24,located,-2.778850835843447,21.327209902960995,54.711728978304166
B3_M02,B3_N,B3,M0,25,located,-2.4615363792918585,21.786050428247748,56.15059777673409
B3_M02,B3_N,B3,M0,26,located,-2.6563345499496873,21.169675357132068,52.56180914178048
B3_M02,B3_N,B3,M0,27,located,-5.1001281796812155,23.484015037229497,56.05840023921613
B3_M02,B3_N,B3,M0,28,located,-3.2683565810371658,23.16153762531965,54.372663329509564
B3_M02,B3_N,B3,M0,29,located,-3.2151817065051302,21.454291119582365,55.32285739598473
B3_M02,B3_N,B3,M0,30,located,-2.8043607712535437,21.633286618781774,52.54485753511914
B3_M02,B3_N,B3,M0,31,located,-3.0196095869542288,20.479963205547328,55.568455334541376
B3_M02,B3_N,B3,M0,32,located,-3.203735923432572,20.86012454955781,56.078863597051765
B3_M02,B3_N,B3,M0,33,located,-3.9319065602549275,23.20107304505034,52.66446847752421
B3_M02,B3_N,B3,M0,34,located,-3.232345795981865,22.041376369408887,51.83004962358123
B3_M02,B3_N,B3,M0,35,located,-3.2252797694787585,20.960777313343144,55.97311528443608
B3_M02,B3_N,B3,M0,36,located,-3.8864075578909665,23.23327479191036,55.92260571765679
B3_M02,B3_N,B3,M0,37,located,-2.7958930986438477,22.308984173212046,53.43854673778204
B3_M02,B3_N,B3,M0,38,located,-3.4975572047089005,21.90052034173467,54.95164134614856
B3_M02,B3_N,B3,M0,39,located,-3.6490814782740957,23.34066129837559,51.93649912394704
B3_M02,B3_N,B3,M0,40,located,-2.960881763265133,20.43446799475116,55.70997334040503
B3_M02,B3_N,B3,M0,41,located,-2.840689846916127,20.532576166361707,51.974312208021196
B3_M02,B3_N,B3,M0,42,located,-4.68677324834796,24.11555545103221,51.10204989796271
B3_M02,B3_N,B3,M0,43,located,-3.2560622949708407,21.47057377984379,56.34343016289516
B3_M02,B3_N,B3,M0,44,located,-4.0853932272754925,20.621733831318146,55.634456538919345
B3_M02,B3_N,B3,M0,45,located,-3.080554136231255,21.396378240931924,54.773338393557935
B3_M02,B3_N,B3,M0,46,located,-3.2051882421399154,21.847999852747925,55.402579710358964
B3_M02,B3_N,B3,M0,47,located,-2.556064527442929,19.91533360118421,54.73744274991246
B3_M02,B3_N,B3,M0,48,located,-2.694273491421975,21.418152132599193,51.48135560375715
B3_M02,B3_N,B3,M0,49,located,-3.7931721319135394,23.146360690719312,54.5136419572428
B3_M02,B3_N,B3,M0,50,located,-3.8603014856683644,22.638986630204872,55.14332377875242
B3_M02,B3_N,B3,M0,51,located,-3.8466275982398797,22.79519357639224,53.8717638892784
B3_M02,B3_N,B3,M0,52,located,-3.967976533956203,20.746462827628093,55.1389308489657
B3_M02,B3_N,B3,M0,53,located,-2.9349544513511208,19.15303941914015,56.27183620935043
B3_M02,B3_N,B3,M0,54,located,-2.393330254933594,21.644329862323847,52.71408449791745
B3_M02,B3_N,B3,M0,55,located,-3.266369700988295,21.838735167289215,55.86186773272217
B3_M02,B3_N,B3,M0,56,located,-2.1578071592295753,21.307785766343088,51.773297247199906
B3_M02,B3_N,B3,M0,57,located,-3.0463297374138163,21.615843718265584,52.515092428533805
B3_M02,B3_N,B3,M0,58,located,-3.641721705210964,22.081664407866388,55.29984306875058
B3_M02,B3_N,B3,M0,59,located,-2.7766182053574284,21.40445028803459,53.79601317607202
B3_M02,B3_N,B3,M0,60,located,-2.345862545263023,20.871014860482923,56.12899333552582
B3_M02,B3_N,B3,M0,61,located,-4.465900323101835,22.74647436262366,52.612863868818636
B3_M02,B3_N,B3,M0,62,located,-3.4023894944158712,21.539621954418983,53.094690711547535
B3_M02,B3_N,B3,M0,63,located,-4.151362049592683,21.86954006003638,54.98328289803584
B3_M02,B3_N,B3,M0,64,located,-2.835761324871757,21.9161119509102,53.33015467144866
B3_M02,B3_N,B3,M0,65,located,-4.079943625066281,23.237654510652234,54.29681820627517
B3_M02,B3_N,B3,M0,66,located,-2.8955544028708067,21.934212354557715,52.892389819553344
B3_M02,B3_N,B3,M0,67,located,-3.008240353545177,22.524662709763874,53.260989853883856
B3_M02,B3_N,B3,M0,68,located,-1.8460576300893738,19.42956899594183,52.104045255892615
B3_M02,B3_N,B3,M0,69,located,-2.772906271428576,20.367771822791674,55.02462412586644
B3_M02,B3_N,B3,M0,70,located,-3.332202817265632,22.63080146760102,54.40745648877658
B3_M02,B3_N,B3,M0,71,located,-2.8676501927777216,21.237278373077167,53.618011175652974
B3_M02,B3_N,B3,M0,72,located,-3.349052889043534,21.866211926299634,53.32336473151653
B3_M02,B3_N,B3,M0,73,located,-2.7706997552002846,22.82151455130411,54.003097698187204
B3_M02,B3_N,B3,M0,74,located,-2.9085094208216495,21.3454063757896,55.64213106747325
B3_M02,B3_N,B3,M0,75,located,-2.1518194502977916,19.53368007175272,52.12008194741838
B3_M02,B3_N,B3,M0,76,located,-4.576408633846126,19.830673523994385,56.834401423784065
B3_M02,B3_N,B3,M0,77,located,-2.9162278307564686,23.477650772901065,52.55328287193386
B3_M02,B3_N,B3,M0,78,located,-3.1048379151670153,20.811696620297145,53.122672458047155
B3_M02,B3_N,B3,M0,79,located,-2.4337907059377826,22.39694540907786,53.473910715344786
B3_M02,B3_N,B3,M0,80,located,-2.270552800945467,20.176790309077752,53.34502518176964
B3_M02,B3_N,B3,M0,81,located,-1.6571864018203413,21.289069826930906,51.684227408439156
B3_M02,B3_N,B3,M0,82,located,-2.629646446862084,21.04293602077868,52.323901094428955
B3_M02,B3_N,B3,M0,83,located,-2.938654795713024,21.790811443016295,56.03032958538394
B3_M02,B3_N,B3,M0,84,located,-3.6460517162666988,21.648061431201477,56.34734136734847
B3_M02,B3_N,B3,M0,85,located,-2.6762687649548145,20.961441481055488,54.84675621956723
B3_M02,B3_N,B3,M0,86,located,-3.7100403057243923,21.37385672565722,55.89906195987803
B3_M02,B3_N,B3,M0,87,located,-3.424076652029426,23.029325441755496,51.31147769060594
B3_M02,B3_N,B3,M0,88,located,-2.6430063765266114,19.892118488395823,54.95806715328444
B3_M02,B3_N,B3,M0,89,located,-3.8163348961708397,22.275748404992445,54.66831867489165
B3_M02,B3_N,B3,M0,90,located,-4.012684543908831,21.567709725859675,52.75022771476415
B3_M02,B3_N,B3,M0,91,located,-3.602325080372638,20.825915603890756,52.61676296899306
B3_M02,B3_N,B3,M0,92,located,-3.8224726902171855,20.614502490835463,54.470217771376895
B3_M02,B3_N,B3,M0,93,located,-4.166284638985013,24.79247071632769,52.694900468772936
B3_M02,B3_N,B3,M0,94,located,-3.9158384858373463,21.26214333492979,54.736173540578996
B3_M02,B3_N,B3,M0,95,located,-2.39283123452081,20.864030624287295,55.02688957474704
B3_M02,B3_N,B3,M0,96,located,-2.8554790686784894,22.049501046004238,56.07369447707152
B3_M02,B3_N,B3,M0,97,located,-2.3593982433587097,22.327418715373767,51.46699950319514
B3_M02,B3_N,B3,M0,98,located,-3.307779465140503,19.95815008990754,56.46767719147356
B3_M02,B3_N,B3,M0,99,located,-2.645109005708799,23.145050410250544,50.64466831246882
B3_M02,B3_N,B3,M0,100,located,-3.0047664416661153,22.183850989796824,54.94027433112726
B3_M02,B3_N,B3,M0,101,located,-3.555213875365617,21.44276297111488,53.97156467204623
B3_M02,B3_N,B3,M0,102,located,-3.367059417947787,21.62854194891528,52.673425512348444
B3_M02,B3_N,B3,M0,103,located,-3.564082447185454,22.403586549910553,52.57298689424027
B3_M02,B3_N,B3,M0,104,located,-2.7257952927225046,20.57347526093048,52.119903583184225
B3_M02,B3_N,B3,M0,105,located,-2.999058630798013,20.311350597677837,55.87489890991215
B3_M02,B3_N,B3,M0,106,located,-3.2324597969344686,21.98418099543823,52.723836466464725
B3_M02,B3_N,B3,M0,107,located,-3.489197921727394,21.61373380819158,52.437034768550866
B3_M02,B3_N,B3,M0,108,located,-3.292351778421693,20.526914362320127,56.06106679527134
B3_M02,B3_N,B3,M0,109,located,-3.555597295238392,22.218924183022743,57.10794287918319
B3_M02,B3_N,B3,M0,110,located,-3.3405800708173885,22.949235692032506,54.7503477691191
B3_M02,B3_N,B3,M0,111,located,-3.166288497928747,22.84132234824844,53.954010844968984
B3_M02,B3_N,B3,M0,112,located,-3.375986162263083,22.115005336121822,55.3879826250174
B3_M02,B3_N,B3,M0,113,located,-2.6958590826339544,20.54316232171201,53.558742508772255
B3_M02,B3_N,B3,M0,114,located,-3.6730439959213474,20.8777866114402,57.647044172745716
B3_M02,B3_N,B3,M0,115,located,-3.6149584962928274,20.427576714892027,56.51155252861903
B3_M02,B3_N,B3,M0,116,located,-2.5906914445637503,20.27434604836848,52.62505400346819
B3_M02,B3_N,B3,M0,117,located,-3.050321843335377,22.45402172266757,52.28979478510467
B3_M02,B3_N,B3,M0,118,located,-3.017909089287119,21.356181549309152,52.04762976111274
B3_M02,B3_N,B3,M0,119,located,-3.740510148460644,22.080817161402692,51.440315688330216
B3_M02,B3_N,B3,M0,120,located,-3.1740546064468638,21.458197093106392,56.05961825205303
B3_M02,B3_N,B3,M0,121,located,-2.5018151105939164,22.077749278639722,55.517669672512454
B3_M02,B3_N,B3,M0,122,located,-2.769238252412636,22.792983337650174,52.43263972365203
B3_M02,B3_N,B3,M0,123,located,-3.3080445063224495,20.82818946132152,55.749777982363135
B3_M02,B3_N,B3,M0,124,located,-3.5375328381357676,23.468855379806456,52.89407638190191
B3_M02,B3_N,B3,M0,125,located,-2.2007818270629413,19.883697960523335,54.58220422546799
B3_M02,B3_N,B3,M0,126,located,-4.817352834202317,22.20240184853617,52.620705494779514
B3_M02,B3_N,B3,M0,127,located,-3.6528414013390376,22.524504025918173,52.95804530942703
B3_M02,B3_N,B3,M0,128,located,-3.3560060148241466,21.93432971006255,52.24755890693378
B3_M02,B3_N,B3,M0,129,located,-3.3732589686766445,24.195374621427487,52.35633531516286
B3_M02,B3_N,B3,M0,130,located,-2.717638464927284,22.39575636140712,50.90121409046978
B3_M02,B3_N,B3,M0,131,located,-3.632861910985064,23.473041836005198,55.21199206812117
B3_M02,B3_N,B3,M0,132,located,-3.1481693591218947,22.52704458635059,56.60953937793141
B3_M02,B3_N,B3,M0,133,located,-2.3989760525644117,22.29529292899748,51.20675972626493
B3_M02,B3_N,B3,M0,134,located,-3.6993539258580963,21.509488505504805,55.27129683045331
B3_M02,B3_N,B3,M0,135,located,-2.743984558887945,21.20795162111635,54.84373436920319
B3_M02,B3_N,B3,M0,136,located,-3.147890191234719,21.056136135720855,53.34149352159759
B3_M02,B3_N,B3,M0,137,located,-2.7211457749100734,23.16729354704272,51.77040844835342
B3_M02,B3_N,B3,M0,138,located,-3.7150367700839007,23.833641562998082,53.53207368944648
B3_M02,B3_N,B3,M0,139,located,-4.208629332370664,21.04926229306693,56.2720757333957
B3_M02,B3_N,B3,M0,140,located,-2.740802481566782,19.283360911425014,53.01029551660756
B3_M02,B3_N,B3,M0,141,located,-3.307893409749577,21.968470305385804,52.12032138643852
B3_M02,B3_N,B3,M0,142,located,-3.3999052732976414,22.35146202255175,54.962812102215295
B3_M02,B3_N,B3,M0,143,located,-3.6327557362761045,21.800887173914823,51.76793445187893
B3_M02,B3_N,B3,M0,144,located,-2.697690914594005,23.08124066000758,51.3390098213832
B3_M02,B3_N,B3,M0,145,located,-3.569687733208318,21.662992011746873,52.09986061240551
B3_M02,B3_N,B3,M0,146,located,-3.3633768801104917,22.233337957852548,54.52841745120558
B3_M02,B3_N,B3,M0,147,located,-3.4360865865489054,23.989998477228323,53.30209478490461
B3_M02,B3_N,B3,M0,148,located,-3.223809635785011,22.05348714614191,54.99574815284294
B3_M02,B3_N,B3,M0,149,located,-3.445702542444785,21.163915688641467,55.99470683319574
B3_M02,B3_N,B3,M0,150,located,-3.8548187340233664,23.59714757879107,51.30465916538636
B3_M02,B3_N,B3,M0,151,located,-2.298010043584769,22.23137618690493,51.81293417265535
B3_M02,B3_N,B3,M0,152,located,-2.460216178543178,22.770011031931965,50.6832646858782
B3_M02,B3_N,B3,M0,153,located,-3.1250873492495956,21.874161740400815,55.332505979100794
B3_M02,B3_N,B3,M0,154,located,-2.6903161318933897,20.45640961818623,55.95549266811455
B3_M02,B3_N,B3,M0,155,located,-3.7148340014641064,22.741647931850085,52.51364160062197
B3_M02,B3_N,B3,M0,156,located,-2.6388407243597256,20.78013818995843,51.00010512262513
B3_M02,B3_N,B3,M0,157,located,-3.2964193181105848,22.34854193163533,56.685520216524196
B3_M02,B3_N,B3,M0,158,located,-4.2502819984923255,19.808612066266946,55.891201744371145
B3_M02,B3_N,B3,M0,159,located,-3.6450581783349274,20.816261735668363,53.38960611823192
B3_M02,B3_N,B3,M0,160,located,-2.8564290287879346,23.575339875976937,50.569101110307436
B3_M02,B3_N,B3,M0,161,located,-3.1401147236444875,21.21914047173552,55.280870505694544
B3_M02,B3_N,B3,M0,162,located,-2.595986841703874,22.409459183375013,55.723692032815975
B3_M02,B3_N,B3,M0,163,located,-3.1387332757600173,21.361046519133605,50.54973911929319
B3_M02,B3_N,B3,M0,164,located,-4.200495789201459,22.64000050570875,52.888437724856985
B3_M02,B3_N,B3,M0,165,located,-3.61822189087745,22.522632867736107,53.44864637738593
B3_M02,B3_N,B3,M0,166,located,-2.570711762541244,19.447722223769603,55.396183439170755
B3_M02,B3_N,B3,M0,167,located,-3.636221026360461,23.56118897641262,52.221113207590705
B3_M02,B3_N,B3,M0,168,located,-3.623898341755626,22.50184647192678,53.372117517480284
B3_M02,B3_N,B3,M0,169,located,-3.8772072921388947,22.829964969349977,55.03636474885663
B3_M02,B3_N,B3,M0,170,located,-2.527799225226829,22.166330671514327,55.51016460493772
B3_M02,B3_N,B3,M0,171,located,-2.539660076793048,21.85556121157523,56.90071026190988
B3_M02,B3_N,B3,M0,172,located,-3.084972795311565,21.6312290226138,53.015765215966816
B3_M02,B3_N,B3,M0,173,located,-3.057623798802832,19.973127893673684,55.09754674093927
B3_M02,B3_N,B3,M0,174,located,-2.8722234401283306,24.041598337159463,51.81829158177801
B3_M02,B3_N,B3,M0,175,located,-2.1930979189623065,22.982623002003535,52.67361185089406
B3_M02,B3_N,B3,M0,176,located,-3.797452071014647,23.404060340350952,51.43307446593238
B3_M02,B3_N,B3,M0,177,located,-3.1987641193802245,22.07169847235504,52.71657802926733
B3_M02,B3_N,B3,M0,178,located,-2.42623994927907,19.305129626594265,56.875633114941145
B3_M02,B3_N,B3,M0,179,located,-3.9513782492504244,22.512047463379936,52.345326523732425
B3_M02,B3_N,B3,M0,180,located,-2.6084596703555145,19.96165816240586,54.28400649100319
B3_M02,B3_N,B3,M0,181,located,-2.808220217685066,22.399514121586307,51.290496117420375
B3_M02,B3_N,B3,M0,182,located,-3.239688374760162,21.757581769542487,53.59649781218464
B3_M02,B3_N,B3,M0,183,located,-3.5240169780277437,20.902064476543202,55.06212164660638
B3_M02,B3_N,B3,M0,184,located,-3.4019566698582957,22.35995695638485,50.97346592446579
B3_M02,B3_N,B3,M0,185,located,-2.7908796431399066,20.95424277693097,54.39496171750712
B3_M02,B3_N,B3,M0,186,located,-3.9960823994946955,21.31512371367221,54.14609472528929
B3_M02,B3_N,B3,M0,187,located,-3.6878364401010053,22.27310759576492,55.84070799657348
B3_M02,B3_N,B3,M0,188,located,-3.4694541243121853,21.357194846796418,55.11556674524134
B3_M02,B3_N,B3,M0,189,located,-3.3214500234004594,21.10771331189934,54.98925547908933
B3_M02,B3_N,B3,M0,190,located,-2.842986242592695,21.89875938588885,52.11096664084324
B3_M02,B3_N,B3,M0,191,located,-2.5050252237488073,21.440324284282646,52.64910729663679
B3_M02,B3_N,B3,M0,192,located,-2.7583759276253477,21.326214078350297,55.22639933748121
B3_M02,B3_N,B3,M0,193,located,-3.4792253298604936,24.86608290862776,51.372473724828545
B3_M02,B3_N,B3,M0,194,located,-2.5726554425672226,21.151940408033898,54.409732440117
B3_M02,B3_N,B3,M0,195,located,-3.2279579772568097,19.976939668998824,56.59026965385923
B3_M02,B3_N,B3,M0,196,located,-2.5063048396156495,21.775598183852853,53.332042634548294
B3_M02,B3_N,B3,M0,197,located,-4.044644879573974,23.71417875013131,51.4832921037684
B3_M02,B3_N,B3,M0,198,located,-3.6589489908338577,21.322638272028964,52.61430680202318
B3_M02,B3_N,B3,M0,199,located,-3.252559935942023,22.91088864137551,53.05010042013915
B3_M02,B3_N,B3,M0,200,located,-3.984026990283887,21.4681372228953,53.97077479823252
B3_M02,B3_N,B3,M0,201,located,-3.7809241306560923,21.291545654161816,52.82647209581928
B3_M02,B3_N,B3,M0,202,located,-3.1855276842506597,21.229018503391117,53.12766034227994
B3_M02,B3_N,B3,M0,203,located,-3.6831715975821786,21.671463491971828,55.286189286176054
B3_M02,B3_N,B3,M0,204,located,-3.5862965971646044,23.107416043202356,50.116421846503094
B3_M02,B3_N,B3,M0,205,located,-3.512534288444916,21.83265269175305,54.49634168939234
B3_M02,B3_N,B3,M0,206,located,-3.284453749408871,20.34676393347985,56.700947611048974
B3_M02,B3_N,B3,M0,207,located,-2.3210179462042233,19.897465189722503,57.223939432779595
B3_M02,B3_N,B3,M0,208,located,-3.3515350423368813,21.78211544194157,51.7424760336775
B3_M02,B3_N,B3,M0,209,located,-2.176132139373369,21.459782583772302,50.382822365052384
B3_M02,B3_N,B3,M0,210,located,-3.449873456867979,22.47427997205366,55.17955164322704
B3_M02,B3_N,B3,M0,211,located,-3.501735848185342,21.396764200222087,54.30151001210263
B3_M02,B3_N,B3,M0,212,located,-3.428436578078619,22.8479404604421,51.57283452709812
B3_M02,B3_N,B3,M0,213,located,-3.518077228879835,21.032509225190665,54.90171262752853
B3_M02,B3_N,B3,M0,214,located,-2.7198650071081425,20.474151614048807,55.7530518287239
B3_M02,B3_N,B3,M0,215,located,-3.8920674240559334,23.172168885550608,53.92580158563938
B3_M02,B3_N,B3,M0,216,located,-2.7864204338627023,21.464630137896265,55.18007470008567
B3_M02,B3_N,B3,M0,217,located,-3.1195443496284523,21.885672816627224,52.17769302952336
B3_M02,B3_N,B3,M0,218,located,-3.2811106070538525,20.41968719714106,54.71051856435661
B3_M02,B3_N,B3,M0,219,located,-3.0942945915456592,21.121901282683393,53.98430421087608
B3_M02,B3_N,B3,M0,220,located,-3.0995073429850075,20.890329889173685,55.129018627423726
B3_M02,B3_N,B3,M0,221,located,-3.238927932580677,21.718802341630706,55.380828434887086
B3_M02,B3_N,B3,M0,222,located,-2.5477535175598325,23.217681753122722,53.908249290922875
B3_M02,B3_N,B3,M0,223,located,-3.404103701232207,20.184834426011385,55.70203157207221
B3_M02,B3_N,B3,M0,224,located,-3.412657696150319,21.370381931910224,53.48565544889601
B3_M02,B3_N,B3,M0,225,located,-3.2208869102863664,20.25465909703751,54.16142763104091
B3_M02,B3_N,B3,M0,226,located,-3.145307985975911,19.359690740503922,55.126843216707606
B3_M02,B3_N,B3,M0,227,located,-3.5154534578138086,23.872193509710442,52.00654656749824
B3_M02,B3_N,B3,M0,228,located,-2.833448846342939,22.830542444128398,53.435962347295145
B3_M02,B3_N,B3,M0,229,located,-1.822041534267868,20.484251024129406,55.414531270678225
B3_M02,B3_N,B3,M0,230,located,-2.4003896288610287,20.971301301228465,53.4855932733333
B3_M02,B3_N,B3,M0,231,located,-2.9115569115005338,21.85127003648511,54.21591984727115
B3_M02,B3_N,B3,M0,232,located,-3.314763505565102,21.2481831024537,53.751721669454156
B3_M02,B3_N,B3,M0,233,located,-2.3481813155350237,20.624465583139127,54.194700752585895
B3_M02,B3_N,B3,M0,234,located,-3.635391467998411,20.37540920897952,56.88803414390443
B3_M02,B3_N,B3,M0,235,located,-2.6131360716190453,21.179843097064683,55.92481455302098
B3_M02,B3_N,B3,M0,236,located,-3.693020057690865,21.151676445225803,55.82167671813758
B3_M02,B3_N,B3,M0,237,located,-3.329293645488697,21.84884647734041,54.86009826403685
B3_M02,B3_N,B3,M0,238,located,-3.240013146158465,20.187466447766425,54.462086498560005
B3_M02,B3_N,B3,M0,239,located,-3.635352639035676,22.538777269405603,54.41694703496668
B3_M02,B3_N,B3,M0,240,located,-3.6861556693910074,22.742312738398052,54.369308549350585
B3_M02,B3_N,B3,M0,241,located,-3.9761953578922005,21.58721853053855,57.41701204126043
B3_M02,B3_N,B3,M0,242,located,-2.634691309834673,20.855458014189026,52.76178000906253
B3_M02,B3_N,B3,M0,243,located,-2.1521465394616723,20.678108056051833,52.73889420456603
B3_M02,B3_N,B3,M0,244,located,-3.369476958401396,20.485673932414393,55.889093930457264
B3_M02,B3_N,B3,M0,245,located,-3.1129281311561323,22.41453123282586,54.31727058008802
B3_M02,B3_N,B3,M0,246,located,-3.2941984258818,21.86545433372926,56.400971002953135
B3_M02,B3_N,B3,M0,247,located,-2.955709715100623,22.554599998967888,53.69266235695148
B3_M02,B3_N,B3,M0,248,located,-4.765001389820293,22.622372907602347,53.17717308102658
B3_M02,B3_N,B3,M0,249,located,-2.9480519173660853,20.953194781196075,57.17492020921315
B3_M02,B3_N,B3,M0,250,located,-3.2711735881168416,23.217423776482867,51.82741253457064
B3_M02,B3_N,B3,M0,251,located,-3.5810175389792103,22.378475677430057,53.40612848249479
B3_M02,B3_N,B3,M0,252,located,-3.1556441392615784,21.150446025709442,52.45336233811468
B3_M02,B3_N,B3,M0,253,located,-2.778239673247114,23.099958394844258,52.04809842022217
B3_M02,B3_N,B3,M0,254,located,-2.770694346214559,24.247501131012665,51.116631562539304
B3_M02,B3_N,B3,M0,255,located,-3.630467461936556,21.408405734139016,56.55905268554417
B3_M02,B3_N,B3,M0,256,located,-2.68411893292642,22.916155379516887,54.14197633394518
B3_M02,B3_N,B3,M0,257,located,-3.5532499067845125,20.818007274193608,52.673828998810365
B3_M02,B3_N,B3,M0,258,located,-3.1443128140810512,21.018897135981582,55.805320603288614
B3_M02,B3_N,B3,M0,259,located,-3.3932134402562744,20.949504731578855,52.68200000146047
B3_M02,B3_N,B3,M0,260,located,-3.3084574198290277,21.99379921931242,53.8939235367812
B3_M02,B3_N,B3,M0,261,located,-3.6000890562977323,21.62133323064726,53.23134934100806
B3_M02,B3_N,B3,M0,262,located,-3.2966403684231476,21.63337687645155,54.09711707350004
B3_M02,B3_N,B3,M0,263,located,-3.377466894115397,21.31918655366339,51.939387129983594
B3_M02,B3_N,B3,M0,264,located,-2.2703121494144547,22.444602042850313,53.57395133174175
B3_M02,B3_N,B3,M0,265,located,-3.1270819111279247,19.41039274468089,54.87555072329562
B3_M02,B3_N,B3,M0,266,located,-3.95400348526529,24.446395340039555,51.20198239684329
B3_M02,B3_N,B3,M0,267,located,-3.7949719845673533,21.43890524903761,54.659589882754744
B3_M02,B3_N,B3,M0,268,located,-3.356035381657671,20.982379866848532,55.89689011354588
B3_M02,B3_N,B3,M0,269,located,-3.3823550982367037,21.983639573395074,51.69262777385525
B3_M02,B3_N,B3,M0,270,located,-3.0616935791369952,21.608472037025848,55.078798807742494
B3_M02,B3_N,B3,M0,271,located,-2.894805634472257,20.883398262748464,53.662816266324306
B3_M02,B3_N,B3,M0,272,located,-2.1810652744705363,20.08293550557444,55.51140906860931
B3_M02,B3_N,B3,M0,273,located,-3.38868045981082,22.106540622909215,53.70765958365048
B3_M02,B3_N,B3,M0,274,located,-3.021833772029411,22.359279850003293,55.0228206575876
B3_M02,B3_N,B3,M0,275,located,-3.6869634692240445,22.909336210256473,53.20237665088822
B3_M02,B3_N,B3,M0,276,located,-2.5854583496768564,23.29145169948697,52.52577857849564
B3_M02,B3_N,B3,M0,277,located,-3.342615434445508,20.519884373829107,54.26721142394569
B3_M02,B3_N,B3,M0,278,located,-3.2856409211177087,19.92722868459112,51.9475272903861
B3_M02,B3_N,B3,M0,279,located,-3.051025748932666,20.99744269974139,56.94502652548761
B3_M02,B3_N,B3,M0,280,located,-3.788380353224783,22.10477255430247,55.89630024795767
B3_M02,B3_N,B3,M0,281,located,-3.169022628365723,23.181267789063927,52.00358444560264
B3_M02,B3_N,B3,M0,282,located,-3.1920707982315704,23.692459483277823,51.8460016819098
B3_M02,B3_N,B3,M0,283,located,-3.040002482471011,21.596357024023064,53.489422556972976
B3_M02,B3_N,B3,M0,284,located,-3.2761165260018923,22.550275140726086,56.59144332289815
B3_M02,B3_N,B3,M0,285,located,-2.524145157484394,20.238172409353083,56.364077242060596
B3_M02,B3_N,B3,M0,286,located,-3.1289517976771637,20.27782648895512,51.979750496082524
B3_M02,B3_N,B3,M0,287,located,-3.1727954436906156,20.509441276664027,54.21537901347285
B3_M02,B3_N,B3,M0,288,located,-3.2112099888126293,21.25928050680048,54.88021373946606
B3_M02,B3_N,B3,M0,289,located,-3.0614769013057943,20.030443604008248,54.6877716372852
B3_M02,B3_N,B3,M0,290,located,-2.6305990618957016,21.5006081599278,53.95692401517614
B3_M02,B3_N,B3,M0,291,located,-3.1807732564741173,20.843753556631782,57.15282974269019
B3_M02,B3_N,B3,M0,292,located,-4.594609415291874,23.999942643233645,51.75916310044381
B3_M02,B3_N,B3,M0,293,located,-4.564035769488046,20.28389941768509,56.334030035053075
B3_M02,B3_N,B3,M0,294,located,-3.4694246052073976,20.809914919861313,55.206299418239304
B3_M02,B3_N,B3,M0,295,located,-3.15950214077713,21.11379452392969,56.143485821378825
B3_M02,B3_N,B3,M0,296,located,-3.6709529889887786,23.23572080777201,50.25009274777463
B3_M02,B3_N,B3,M0,297,located,-3.562359361891584,23.989450356604824,52.18760280563391
B3_M02,B3_N,B3,M0,298,located,-3.252079503530077,21.243529763595344,51.620662551893915
B3_M02,B3_N,B3,M0,299,located,-2.9100039206651114,21.51056429285525,55.33556966640171
B3_M02,B3_N,B3,M0,300,located,-3.264675091815115,21.67641090794082,54.74988526879547
B3_M02,B3_N,B3,M0,301,located,-3.352798633741532,23.534358189214885,51.08244735689683
B3_M02,B3_N,B3,M0,302,located,-4.193209399878837,21.209762176061727,54.7828958247769
B3_M02,B3_N,B3,M0,303,located,-3.442004388596446,21.217131629770783,55.122867912017576
B3_M02,B3_N,B3,M0,304,located,-2.666149261740887,20.19486211510028,56.43551937458055
B3_M02,B3_N,B3,M0,305,located,-3.0068114207733005,21.37508300668091,52.278672944565876
B3_M02,B3_N,B3,M0,306,located,-2.792660829049156,21.4367109583255,52.12354423378294
B3_M02,B3_N,B3,M0,307,located,-4.057938958185429,22.787834700424494,53.711868824728285
B3_M02,B3_N,B3,M0,308,located,-4.062562802688345,22.399637617239524,50.568828054949144
B3_M02,B3_N,B3,M0,309,located,-3.954529707624802,21.283068265456535,54.67539044695502
B3_M02,B3_N,B3,M0,310,located,-2.530137571262378,20.363450065658135,54.778934849868946
B3_M02,B3_N,B3,M0,311,located,-2.54456942322613,22.204817073007753,53.69287342177266
B3_M02,B3_N,B3,M0,312,located,-2.756466349421153,21.405643037379157,52.71721939675882
B3_M02,B3_N,B3,M0,313,located,-4.397676411231911,21.460386325785375,54.511236008428845
B3_M02,B3_N,B3,M0,314,located,-3.089881912336521,20.338771825566702,52.363469628978656
B3_M02,B3_N,B3,M0,315,located,-3.063029832059478,21.862630421116773,55.899932721835626
B3_M02,B3_N,B3,M0,316,located,-3.125753531098982,23.173781745400646,54.72252906670839
B3_M02,B3_N,B3,M0,317,located,-2.9366004593781203,23.110017166623408,53.35119268298462
B3_M02,B3_N,B3,M0,318,located,-3.9281806111608084,20.592013352701372,55.767705488588064
B3_M02,B3_N,B3,M0,319,located,-2.399828926291669,22.29312159948953,53.525202719029735
B3_M02,B3_N,B3,M0,320,located,-3.361117328257481,21.23420923540726,52.50146891580984
B3_M02,B3_N,B3,M0,321,located,-4.233855831159472,24.123406285070388,51.06686501461521
B3_M02,B3_N,B3,M0,322,located,-3.3119096878462453,22.955249947428523,53.17774518663115
B3_M02,B3_N,B3,M0,323,located,-3.5774535524696365,21.797960923485324,54.99739315944007
B3_M02,B3_N,B3,M0,324,located,-2.3033467166233446,21.99890699791446,51.162901142065564
B3_M02,B3_N,B3,M0,325,located,-2.9681955326378544,20.1152423226007,57.28411161593832
B3_M02,B3_N,B3,M0,326,located,-2.9713179372455616,22.089983838983002,54.0560782197388
B3_M02,B3_N,B3,M0,327,located,-3.535834993825316,20.214615105095774,52.98645250758345
B3_M02,B3_N,B3,M0,328,located,-3.7846027955530546,21.32226839883398,56.15585634438793
B3_M02,B3_N,B3,M0,329,located,-3.4330027186576935,20.90402393986418,54.14253169352041
B3_M02,B3_N,B3,M0,330,located,-3.9412354429786856,21.92052372454284,54.30842269079056
B3_M02,B3_N,B3,M0,331,located,-3.9610332239925867,21.710166387797184,54.72888252109522
B3_M02,B3_N,B3,M0,332,located,-3.0958021624747216,20.08999695428814,56.02618323916985
B3_M02,B3_N,B3,M0,333,located,-4.26085439922071,22.95165596960702,52.02568518807533
B3_M02,B3_N,B3,M0,334,located,-3.8353202193712046,22.348318997880632,52.39702292909167
B3_M02,B3_N,B3,M0,335,located,-2.296324213072003,23.028551923765114,50.5385659984511
B3_M02,B3_N,B3,M0,336,located,-3.2542072723697437,20.527839970220754,55.401887716860465
B3_M02,B3_N,B3,M0,337,located,-3.84709423269723,21.30400509013849,57.208629126563444
B3_M02,B3_N,B3,M0,338,located,-3.204474199882553,23.422621971635333,53.184051402506
B3_M02,B3_N,B3,M0,339,located,-2.8971836747602424,22.13380691338558,53.29094952859528
B3_M02,B3_N,B3,M0,340,located,-2.1126733963878555,22.152394156888707,51.96657774996293
B3_M02,B3_N,B3,M0,341,located,-2.779875026340603,22.31431300394028,51.8102699146417
B3_M02,B3_N,B3,M0,342,located,-3.859877064285862,20.382488970725795,56.59766941003088
B3_M02,B3_N,B3,M0,343,located,-2.701217573533834,21.780496651855124,52.671262349682785
B3_M02,B3_N,B3,M0,344,located,-3.230737023832365,21.303316025408755,57.60564402314827
B3_M02,B3_N,B3,M0,345,located,-3.7958017072215786,23.53979867755992,53.577202353763624
B3_M02,B3_N,B3,M0,346,located,-3.3139461933491643,22.181361498165735,52.78255250714203
B3_M02,B3_N,B3,M0,347,located,-3.2070610000387947,22.001285934264132,56.02353779218212
B3_M02,B3_N,B3,M0,348,located,-3.326193797990881,21.95530539690776,54.86048462028501
B3_M02,B3_N,B3,M0,349,located,-3.9834632764757307,22.291819622097787,54.8002182037442
B3_M02,B3_N,B3,M0,350,located,-2.6858659060983032,19.92598332067937,54.33407108584461
B3_M02,B3_N,B3,M0,351,located,-3.289207747614062,22.332114850789548,55.61164831737843
B3_M02,B3_N,B3,M0,352,located,-3.8961421683102384,22.763094750447838,56.041485117728215
B3_M02,B3_N,B3,M0,353,located,-3.426673098359823,20.13922835369084,55.96756598683546
B3_M02,B3_N,B3,M0,354,located,-3.798074792713371,22.907940979459088,51.30440360482471
B3_M02,B3_N,B3,M0,355,located,-2.574376757614521,21.48361515543568,54.48626540229859
B3_M02,B3_N,B3,M0,356,located,-3.515140799880144,21.15244577398952,56.51287072685828
B3_M02,B3_N,B3,M0,357,located,-3.198744436298614,24.01668566642417,52.570648924583715
B3_M02,B3_N,B3,M0,358,located,-2.575559237985556,20.306499971109467,53.85543834142466
B3_M02,B3_N,B3,M0,359,located,-3.5580816546599467,22.28516639862437,52.892281530174195
B3_M02,B3_N,B3,M0,360,located,-3.31655909293667,19.315951222337702,55.40089477340267
B3_M02,B3_N,B3,M0,361,located,-3.9150943719452362,21.54580094467798,56.37993782624502
B3_M02,B3_N,B3,M0,362,located,-3.796036031727424,23.031608210424327,54.742825647960494
B3_M02,B3_N,B3,M0,363,located,-2.3798944403753235,20.17738943070973,52.99779817264098
B3_M02,B3_N,B3,M0,364,located,-3.371050990647904,20.30819386204277,57.53173651729724
B3_M02,B3_N,B3,M0,365,located,-3.4148764668752767,21.51657159314005,56.81458091482103
B3_M02,B3_N,B3,M0,366,located,-3.947425049575698,21.473636763521334,55.51360519244796
B3_M02,B3_N,B3,M0,367,located,-5.170095280244879,23.585441649563272,56.004625946583
B3_M02,B3_N,B3,M0,368,located,-2.5778547683742876,20.75845217391162,52.50419330785634
B3_M02,B3_N,B3,M0,369,located,-3.9505821917797315,23.797361890581534,51.7032788749784
B3_M02,B3_N,B3,M0,370,located,-3.310849458062216,21.37481157953108,54.9165133917022
B3_M02,B3_N,B3,M0,371,located,-4.006063076182752,23.091261381699834,52.413718239498735
B3_M02,B3_N,B3,M0,372,located,-3.3231798060384707,20.889188591172903,56.31569681535182
B3_M02,B3_N,B3,M0,373,located,-2.746444043082299,20.706798083367275,52.12936526903236
B3_M02,B3_N,B3,M0,374,located,-2.930834545094646,22.65782138728739,51.98426085405693
B3_M02,B3_N,B3,M0,375,located,-3.240244677769545,21.325861081234052,55.67719701537489
B3_M02,B3_N,B3,M0,376,located,-3.9077195967208436,22.294266795314503,56.05324329977538
B3_M02,B3_N,B3,M0,377,located,-3.141640995799542,23.61730879662032,52.31692223067374
B3_M02,B3_N,B3,M0,378,located,-2.2412938461686176,21.08790088338271,53.19875692888124
B3_M02,B3_N,B3,M0,379,located,-2.051392022648236,21.67009369970523,49.94716989987407
B3_M02,B3_N,B3,M0,380,located,-2.309331686570983,19.273030258000432,55.31291128293825
B3_M02,B3_N,B3,M0,381,located,-2.507938432964341,20.837772916435334,55.568689941123544
B3_M02,B3_N,B3,M0,382,located,-3.0162672244114743,20.209181716380236,56.257862343555054
B3_M02,B3_N,B3,M0,383,located,-2.977294412172994,21.332539110068204,56.62959219933604
B3_M02,B3_N,B3,M0,384,located,-3.7884835380224775,20.36608414409187,55.45289907789664
B3_M02,B3_N,B3,M0,385,located,-4.520496597515767,24.31341113268992,52.638668230360715
B3_M02,B3_N,B3,M0,386,located,-2.58589047273751,20.22602573994765,55.84262198851551
B3_M02,B3_N,B3,M0,387,located,-2.270683690415621,19.504151639368807,55.46603376362872
B3_M02,B3_N,B3,M0,388,located,-3.8343345691531385,20.746386076022574,56.93004939072771
B3_M02,B3_N,B3,M0,389,located,-3.4818296275825094,19.701849508236997,56.165954541842694
B3_M02,B3_N,B3,M0,390,located,-3.890468923836237,22.596401277927608,51.922935640188406
B3_M02,B3_N,B3,M0,391,located,-1.9295301019127373,22.050848002705525,53.81163215661586
B3_M02,B3_N,B3,M0,392,located,-3.9266862642487297,22.11672816071458,56.3932752662811
B3_M02,B3_N,B3,M0,393,located,-1.7649108912490288,21.92225083732476,51.53536007215324
B3_M02,B3_N,B3,M0,394,located,-3.7924623076338633,19.986103323201505,53.8756916854245
B3_M02,B3_N,B3,M0,395,located,-3.819175449863985,22.512239597548067,54.31826115451374
B3_M02,B3_N,B3,M0,396,located,-3.573114179859631,21.56700481544858,53.03764006692704
B3_M02,B3_N,B3,M0,397,located,-3.3416186226009503,19.966209149414077,53.60239904490976
B3_M02,B3_N,B3,M0,398,located,-3.9107627930976774,21.06432847232222,53.14851277087572
B3_M02,B3_N,B3,M0,399,located,-2.5605007988456143,20.04689964072339,54.66534308043649
B3_M02,B3_N,B3,Consensus + Uncertainty,0,located,-2.3372179309981527,22.42184077958217,56.0223425757164
B3_M02,B3_N,B3,Consensus + Uncertainty,1,located,-2.7624559805551088,21.818175857309292,51.79180180126042
B3_M02,B3_N,B3,Consensus + Uncertainty,2,located,-3.1054901732604816,21.78834457516561,54.280326697952184
B3_M02,B3_N,B3,Consensus + Uncertainty,3,located,-2.5444649276701874,21.268905438836548,54.13083963384579
B3_M02,B3_N,B3,Consensus + Uncertainty,4,located,-2.44437297994159,22.155541548677526,52.346243383910185
B3_M02,B3_N,B3,Consensus + Uncertainty,5,located,-2.2483421212197165,22.1285906510627,55.21917344440142
B3_M02,B3_N,B3,Consensus + Uncertainty,6,located,-3.395615498520434,17.941801625285187,56.66063971664264
B3_M02,B3_N,B3,Consensus + Uncertainty,7,located,-4.595609820585215,23.707100975126494,50.64389692226737
B3_M02,B3_N,B3,Consensus + Uncertainty,8,located,-2.433812932466664,21.73383906375775,53.4380871864142
B3_M02,B3_N,B3,Consensus + Uncertainty,9,located,-3.6618269753142147,17.668867802367203,56.27848440608976
B3_M02,B3_N,B3,Consensus + Uncertainty,10,located,-2.962051666634615,22.81071758990354,51.69922187171808
B3_M02,B3_N,B3,Consensus + Uncertainty,11,located,-4.1894838292163,18.988450087925617,55.054022123241694
B3_M02,B3_N,B3,Consensus + Uncertainty,12,located,-3.6915440417347254,23.704899901455867,51.20715104623961
B3_M02,B3_N,B3,Consensus + Uncertainty,13,located,-2.624016953174631,21.67728250106439,53.67981247924437
B3_M02,B3_N,B3,Consensus + Uncertainty,14,located,-3.89273979380552,20.119785784169586,55.971987911366874
B3_M02,B3_N,B3,Consensus + Uncertainty,15,located,-2.8047070150595164,17.435843903193053,54.75999106635707
B3_M02,B3_N,B3,Consensus + Uncertainty,16,located,-2.1224348212686786,22.915074517312156,51.6673178119144
B3_M02,B3_N,B3,Consensus + Uncertainty,17,located,-3.5771014590366486,23.011427587979398,53.77563633363406
B3_M02,B3_N,B3,Consensus + Uncertainty,18,located,-2.408804010469913,22.726763220760468,54.16796642731471
B3_M02,B3_N,B3,Consensus + Uncertainty,19,located,-3.5669347223390506,20.579076351460493,54.60325900985745
B3_M02,B3_N,B3,Consensus + Uncertainty,20,located,-3.3540198493243776,24.03876190025087,51.30243327597934
B3_M02,B3_N,B3,Consensus + Uncertainty,21,located,-1.7956377366913796,20.058301777029733,51.383600780173765
B3_M02,B3_N,B3,Consensus + Uncertainty,22,located,-2.6767516071987765,20.229472851963095,54.52979508307616
B3_M02,B3_N,B3,Consensus + Uncertainty,23,located,-2.892187408659116,22.156684296632264,55.035099698297984
B3_M02,B3_N,B3,Consensus + Uncertainty,24,located,-3.0855895119731183,23.812516074392374,54.467984332550515
B3_M02,B3_N,B3,Consensus + Uncertainty,25,located,-2.3144028462367823,22.190240283637003,55.19253733038471
B3_M02,B3_N,B3,Consensus + Uncertainty,26,located,-3.441606876980315,21.245208420771707,56.05106874660627
B3_M02,B3_N,B3,Consensus + Uncertainty,27,located,-4.452915976713962,20.590599734707958,53.58140820118438
B3_M02,B3_N,B3,Consensus + Uncertainty,28,located,-3.8696681355893947,21.8833286670107,54.911099840863045
B3_M02,B3_N,B3,Consensus + Uncertainty,29,located,-4.284518243553675,21.634198165011455,55.442442250900584
B3_M02,B3_N,B3,Consensus + Uncertainty,30,located,-3.7369987962028364,20.164980067890326,54.09644366623727
B3_M02,B3_N,B3,Consensus + Uncertainty,31,located,-3.207502028145826,21.304067228675745,52.30586693669366
B3_M02,B3_N,B3,Consensus + Uncertainty,32,located,-4.027819985678775,22.666503106685326,56.23399862131373
B3_M02,B3_N,B3,Consensus + Uncertainty,33,located,-2.703495387290905,22.25349073532273,55.73245301592623
B3_M02,B3_N,B3,Consensus + Uncertainty,34,located,-3.563577287086206,23.819654570899033,52.64046587982024
B3_M02,B3_N,B3,Consensus + Uncertainty,35,located,-3.644026129259862,20.47874408645486,54.67972416979343
B3_M02,B3_N,B3,Consensus + Uncertainty,36,located,-3.1471364877090453,22.130288477337526,52.288095655722245
B3_M02,B3_N,B3,Consensus + Uncertainty,37,located,-3.8219851540684266,23.92222196117111,52.67957864647693
B3_M02,B3_N,B3,Consensus + Uncertainty,38,located,-1.8396241221013823,22.08434651853583,54.26938762915234
B3_M02,B3_N,B3,Consensus + Uncertainty,39,located,-4.3146321923706195,21.648717203053728,56.8703745772175
B3_M02,B3_N,B3,Consensus + Uncertainty,40,located,-3.762493953882566,20.828024848539606,56.41205871321842
B3_M02,B3_N,B3,Consensus + Uncertainty,41,located,-3.050959858819199,21.881835336949926,52.30431525943604
B3_M02,B3_N,B3,Consensus + Uncertainty,42,located,-2.938288620455193,21.959493696308748,54.58288703890185
B3_M02,B3_N,B3,Consensus + Uncertainty,43,located,-3.6324321635697694,19.45670876364754,53.67751984457204
B3_M02,B3_N,B3,Consensus + Uncertainty,44,located,-2.848259279401023,21.924126358848312,53.3389547898839
B3_M02,B3_N,B3,Consensus + Uncertainty,45,located,-1.8773615278134221,22.9357677130712,53.018351725456725
B3_M02,B3_N,B3,Consensus + Uncertainty,46,located,-3.342626301090053,19.587694611836284,55.03499223724644
B3_M02,B3_N,B3,Consensus + Uncertainty,47,located,-3.35540999605761,19.49883440254446,57.1124673834328
B3_M02,B3_N,B3,Consensus + Uncertainty,48,located,-1.2074099147154,22.38778473565862,53.5594856530013
B3_M02,B3_N,B3,Consensus + Uncertainty,49,located,-3.076014474300879,22.038171513879128,56.25215786411589
B3_M02,B3_N,B3,Consensus + Uncertainty,50,located,-2.5259063809531295,20.602009429901155,55.38558611333303
B3_M02,B3_N,B3,Consensus + Uncertainty,51,located,-1.1711440372637196,23.58584835478806,55.40111968875713
B3_M02,B3_N,B3,Consensus + Uncertainty,52,located,-3.216368223983315,22.25092472137287,57.12706498433604
B3_M02,B3_N,B3,Consensus + Uncertainty,53,located,-1.4000517788422393,23.227390836419524,53.05406241423679
B3_M02,B3_N,B3,Consensus + Uncertainty,54,located,-3.217439390154182,20.931887331109856,53.937571459576276
B3_M02,B3_N,B3,Consensus + Uncertainty,55,located,-2.152064460639132,21.741507575522288,54.601742333254954
B3_M02,B3_N,B3,Consensus + Uncertainty,56,located,-2.434870155286059,23.081291654169753,57.03371776961319
B3_M02,B3_N,B3,Consensus + Uncertainty,57,located,-2.8055461899501335,19.57253313595778,55.75752224732606
B3_M02,B3_N,B3,Consensus + Uncertainty,58,located,-3.678054957929902,22.205839639730797,56.91739723591096
B3_M02,B3_N,B3,Consensus + Uncertainty,59,located,-4.722247773516285,21.412834314877124,55.8979164755868
B3_M02,B3_N,B3,Consensus + Uncertainty,60,located,-3.979997668804119,21.292058207835844,54.96202321262267
B3_M02,B3_N,B3,Consensus + Uncertainty,61,located,-3.591109096206794,20.556827444985515,54.36852541995813
B3_M02,B3_N,B3,Consensus + Uncertainty,62,located,-3.5777759390536983,20.262930528758233,57.54066278419847
B3_M02,B3_N,B3,Consensus + Uncertainty,63,located,-3.251906049707623,21.122088215583574,54.56299273721294
B3_M02,B3_N,B3,Consensus + Uncertainty,64,located,-2.7193546933349455,24.241158890319248,49.725718621284216
B3_M02,B3_N,B3,Consensus + Uncertainty,65,located,-4.715329259181787,21.802406229682145,51.636443349276426
B3_M02,B3_N,B3,Consensus + Uncertainty,66,located,-1.836198931916221,21.141034252596427,53.686073177225886
B3_M02,B3_N,B3,Consensus + Uncertainty,67,located,-3.5128535817996354,21.29247901074698,57.25786651559648
B3_M02,B3_N,B3,Consensus + Uncertainty,68,located,-3.097750524938082,21.450277984623717,54.91896124111596
B3_M02,B3_N,B3,Consensus + Uncertainty,69,located,-4.432058146440186,23.472807939132938,51.15457530811619
B3_M02,B3_N,B3,Consensus + Uncertainty,70,located,-6.2101200229545555,22.415431456891127,54.69262069044946
B3_M02,B3_N,B3,Consensus + Uncertainty,71,located,-2.0057775836708527,22.239629380210907,54.73607345869553
B3_M02,B3_N,B3,Consensus + Uncertainty,72,located,-1.965773510810846,24.491623434944344,54.91012045645542
B3_M02,B3_N,B3,Consensus + Uncertainty,73,located,-2.760407196482462,21.633023348503396,53.176751090951974
B3_M02,B3_N,B3,Consensus + Uncertainty,74,located,-3.3943222045726693,20.611328931905135,52.68282859319519
B3_M02,B3_N,B3,Consensus + Uncertainty,75,located,-1.6890447151089223,21.495206543116403,53.41302716968125
B3_M02,B3_N,B3,Consensus + Uncertainty,76,located,-3.596273459945133,25.565296376549114,50.448245505956315
B3_M02,B3_N,B3,Consensus + Uncertainty,77,located,-2.7412340119162173,21.56128311225687,54.604785333394865
B3_M02,B3_N,B3,Consensus + Uncertainty,78,located,-7.285546615891912,17.38989609617302,57.354747748379225
B3_M02,B3_N,B3,Consensus + Uncertainty,79,located,-4.102801158267828,22.446186503957186,56.77593480469909
B3_M02,B3_N,B3,Consensus + Uncertainty,80,located,-3.770043691684565,21.858311156316205,53.784404546860095
B3_M02,B3_N,B3,Consensus + Uncertainty,81,located,-2.3581862018414594,22.628980798092385,51.977622827916065
B3_M02,B3_N,B3,Consensus + Uncertainty,82,located,-2.8909662023895506,21.098172904233763,54.54327866679282
B3_M02,B3_N,B3,Consensus + Uncertainty,83,located,-3.3879885143099506,21.813819101826642,53.15127149976581
B3_M02,B3_N,B3,Consensus + Uncertainty,84,located,-2.333922611774732,22.62808997068035,54.59088106486698
B3_M02,B3_N,B3,Consensus + Uncertainty,85,located,-2.864905562942976,21.810968729285047,52.30262952343943
B3_M02,B3_N,B3,Consensus + Uncertainty,86,located,-2.597769083339235,20.7693260415598,55.12562212791357
B3_M02,B3_N,B3,Consensus + Uncertainty,87,located,-3.5409183144233736,22.03022703792079,55.44191074855729
B3_M02,B3_N,B3,Consensus + Uncertainty,88,located,-3.8934241174569784,20.862404207957603,55.29136530248598
B3_M02,B3_N,B3,Consensus + Uncertainty,89,located,-3.488225779850917,24.12260651988037,50.165665966737514
B3_M02,B3_N,B3,Consensus + Uncertainty,90,located,-3.353758788767834,20.20670296905461,55.62083187625106
B3_M02,B3_N,B3,Consensus + Uncertainty,91,located,-2.1691910218983623,20.894638540859432,55.932953007568976
B3_M02,B3_N,B3,Consensus + Uncertainty,92,located,-3.748517105607389,25.42227139183416,51.68018814223653
B3_M02,B3_N,B3,Consensus + Uncertainty,93,located,-4.673184294679546,16.375933777759222,57.77299572213461
B3_M02,B3_N,B3,Consensus + Uncertainty,94,located,-3.517336945797208,21.271445008295775,53.3073175948944
B3_M02,B3_N,B3,Consensus + Uncertainty,95,located,-1.6911828986978403,23.11950116568387,51.856999265912606
B3_M02,B3_N,B3,Consensus + Uncertainty,96,reject,,,
B3_M02,B3_N,B3,Consensus + Uncertainty,97,located,-3.193166853501433,21.53761676654416,53.55899594252733
B3_M02,B3_N,B3,Consensus + Uncertainty,98,located,-2.339937130159797,21.92346214703516,56.40204101005247
B3_M02,B3_N,B3,Consensus + Uncertainty,99,located,-3.446378587950857,23.130641493791963,54.750045739722204
B3_M02,B3_N,B3,Consensus + Uncertainty,100,located,-3.3467555340962805,21.07746799968531,58.23700040385149
B3_M02,B3_N,B3,Consensus + Uncertainty,101,located,-2.005585902621013,22.657800277529397,52.678394116304226
B3_M02,B3_N,B3,Consensus + Uncertainty,102,located,-4.580640998069624,23.6117799699001,52.01536661288445
B3_M02,B3_N,B3,Consensus + Uncertainty,103,located,-3.208737593982175,22.04529699940786,54.68661467967811
B3_M02,B3_N,B3,Consensus + Uncertainty,104,located,-2.6364362730074014,22.16686692882291,51.74422277109268
B3_M02,B3_N,B3,Consensus + Uncertainty,105,located,-2.803051724378214,20.30471825033434,54.27172143369761
B3_M02,B3_N,B3,Consensus + Uncertainty,106,located,-3.1230183449856304,22.180277984971305,54.190968720120814
B3_M02,B3_N,B3,Consensus + Uncertainty,107,located,-4.227681041607263,23.846614927890506,53.04327978843462
B3_M02,B3_N,B3,Consensus + Uncertainty,108,located,-2.700327900124031,19.86081155706912,56.579728819655315
B3_M02,B3_N,B3,Consensus + Uncertainty,109,located,-3.843877235675954,21.889592815323383,53.61515201163021
B3_M02,B3_N,B3,Consensus + Uncertainty,110,located,-2.2936126737592275,22.470884537976094,51.7885663840481
B3_M02,B3_N,B3,Consensus + Uncertainty,111,reject,,,
B3_M02,B3_N,B3,Consensus + Uncertainty,112,located,-2.7036207668223455,23.136078003993948,53.17685760267031
B3_M02,B3_N,B3,Consensus + Uncertainty,113,located,-1.6141695187192695,23.035853152974298,55.82693245778386
B3_M02,B3_N,B3,Consensus + Uncertainty,114,located,-4.075470829989869,23.022671183833477,52.597704627673934
B3_M02,B3_N,B3,Consensus + Uncertainty,115,located,-4.469808576775463,22.85805847988065,52.29398805309095
B3_M02,B3_N,B3,Consensus + Uncertainty,116,located,-1.6790263739143951,21.21038546057751,55.22804948220834
B3_M02,B3_N,B3,Consensus + Uncertainty,117,located,-2.4512749561973064,24.078133688586945,52.647020776377204
B3_M02,B3_N,B3,Consensus + Uncertainty,118,located,-1.7694357290303666,22.385241243484792,54.798731453493915
B3_M02,B3_N,B3,Consensus + Uncertainty,119,located,-3.8274733766035207,21.11073545075073,54.45916693097843
B3_M02,B3_N,B3,Consensus + Uncertainty,120,located,-1.1048884768177356,22.01563780270041,55.71431410960552
B3_M02,B3_N,B3,Consensus + Uncertainty,121,located,-4.521184747927877,21.26137761470204,55.239967032316635
B3_M02,B3_N,B3,Consensus + Uncertainty,122,located,-2.534158543322737,20.86537600432355,54.875639022244
B3_M02,B3_N,B3,Consensus + Uncertainty,123,located,-1.4641264574112074,22.208111176109394,54.06208890039189
B3_M02,B3_N,B3,Consensus + Uncertainty,124,located,-2.942880760942342,21.549155566226325,54.65531819973089
B3_M02,B3_N,B3,Consensus + Uncertainty,125,located,-1.7045772615958859,21.88231327678836,53.15022614559138
B3_M02,B3_N,B3,Consensus + Uncertainty,126,located,-3.139024889470681,22.15899520732446,54.16287146177263
B3_M02,B3_N,B3,Consensus + Uncertainty,127,located,-3.631302967140587,23.451904629895555,53.748323320852606
B3_M02,B3_N,B3,Consensus + Uncertainty,128,located,-4.6422906757955,21.569899046830002,54.35206257627729
B3_M02,B3_N,B3,Consensus + Uncertainty,129,located,-3.640251121770024,24.072245494801265,50.87533142505341
B3_M02,B3_N,B3,Consensus + Uncertainty,130,located,-3.014831091486312,21.835262540810504,55.04156023922172
B3_M02,B3_N,B3,Consensus + Uncertainty,131,located,-2.6366566762625694,22.98111119842204,53.24106523498952
B3_M02,B3_N,B3,Consensus + Uncertainty,132,located,-2.881485003243719,19.70779817177013,57.40366161336308
B3_M02,B3_N,B3,Consensus + Uncertainty,133,located,-4.727712316849782,21.35550627047035,56.55870557581719
B3_M02,B3_N,B3,Consensus + Uncertainty,134,located,-2.093007162330981,19.441650929073674,55.93992803831482
B3_M02,B3_N,B3,Consensus + Uncertainty,135,located,-3.611802998312039,20.009054637645566,55.26440105697315
B3_M02,B3_N,B3,Consensus + Uncertainty,136,located,-4.15302316892621,25.244546820254378,50.538371194019774
B3_M02,B3_N,B3,Consensus + Uncertainty,137,located,-3.708042649691467,21.16776472309346,56.383008528639756
B3_M02,B3_N,B3,Consensus + Uncertainty,138,located,-2.8307318399597166,25.12194335449629,50.83146653756774
B3_M02,B3_N,B3,Consensus + Uncertainty,139,located,-2.933048788912203,21.289397947656667,53.64455418400094
B3_M02,B3_N,B3,Consensus + Uncertainty,140,located,-5.096671309862604,25.74495375264749,47.26820675899997
B3_M02,B3_N,B3,Consensus + Uncertainty,141,located,-2.4625495613514263,24.402960875111937,52.76307660887124
B3_M02,B3_N,B3,Consensus + Uncertainty,142,located,-2.61699921618778,19.579401628278085,56.568169940574144
B3_M02,B3_N,B3,Consensus + Uncertainty,143,located,-2.016327960726435,23.49501601514971,52.910498192426274
B3_M02,B3_N,B3,Consensus + Uncertainty,144,located,-2.731023828728898,20.232677084737006,53.44825635973129
B3_M02,B3_N,B3,Consensus + Uncertainty,145,located,-3.1189431943887453,22.77893947642653,53.621402860914706
B3_M02,B3_N,B3,Consensus + Uncertainty,146,located,-3.3007560439885384,23.30059894885458,51.45133011694559
B3_M02,B3_N,B3,Consensus + Uncertainty,147,located,-3.1035043874902764,24.088085043966906,54.183916053080196
B3_M02,B3_N,B3,Consensus + Uncertainty,148,reject,,,
B3_M02,B3_N,B3,Consensus + Uncertainty,149,located,-2.0662050008210517,20.744029601668757,56.16650301982925
B3_M02,B3_N,B3,Consensus + Uncertainty,150,located,-3.5621253465996543,22.043462362177397,54.223279955581745
B3_M02,B3_N,B3,Consensus + Uncertainty,151,located,-2.493099004165434,22.529109748500204,53.069404082238854
B3_M02,B3_N,B3,Consensus + Uncertainty,152,located,-2.3206624852495112,20.75666832057386,55.16135937718893
B3_M02,B3_N,B3,Consensus + Uncertainty,153,located,-2.8912545867342136,23.82955153867703,51.37464810477591
B3_M02,B3_N,B3,Consensus + Uncertainty,154,located,-2.4230038613203475,24.841252060708015,54.24058020895248
B3_M02,B3_N,B3,Consensus + Uncertainty,155,located,-3.3000231357711236,19.826581905351578,56.15676169755881
B3_M02,B3_N,B3,Consensus + Uncertainty,156,located,-2.8890143612149153,21.487000549257132,53.18489827571907
B3_M02,B3_N,B3,Consensus + Uncertainty,157,located,-3.181112528273358,21.793127243758892,53.24023357225413
B3_M02,B3_N,B3,Consensus + Uncertainty,158,located,-3.3190893217972017,21.026589368605457,54.89404658649626
B3_M02,B3_N,B3,Consensus + Uncertainty,159,located,-2.0603320277366683,25.087991090628933,52.49851836777749
B3_M02,B3_N,B3,Consensus + Uncertainty,160,located,-1.734370176945497,24.649897068440602,51.16213707628501
B3_M02,B3_N,B3,Consensus + Uncertainty,161,located,-1.7014332738836575,25.131226572391803,50.79693032346294
B3_M02,B3_N,B3,Consensus + Uncertainty,162,located,-2.26898611589513,21.814976312592716,51.21697891601419
B3_M02,B3_N,B3,Consensus + Uncertainty,163,located,-3.8268041232177334,23.838251758419176,52.63701798520387
B3_M02,B3_N,B3,Consensus + Uncertainty,164,located,-2.9606391752410453,21.888682659917777,53.948286974671774
B3_M02,B3_N,B3,Consensus + Uncertainty,165,located,-2.7134790004121876,20.16087688910339,54.56984886706597
B3_M02,B3_N,B3,Consensus + Uncertainty,166,located,-3.471318371577461,20.96676988041977,58.10908224295039
B3_M02,B3_N,B3,Consensus + Uncertainty,167,located,-2.9251481175538894,22.93590603455703,54.556272330645
B3_M02,B3_N,B3,Consensus + Uncertainty,168,located,-5.774858985616445,20.212227260634965,57.25611727289732
B3_M02,B3_N,B3,Consensus + Uncertainty,169,located,-3.1398625663396964,21.394531794158162,53.8860670773576
B3_M02,B3_N,B3,Consensus + Uncertainty,170,located,-2.308317907612125,23.086311940912434,52.98696379240636
B3_M02,B3_N,B3,Consensus + Uncertainty,171,located,-2.8950713917717597,21.477919434434472,55.13497167046826
B3_M02,B3_N,B3,Consensus + Uncertainty,172,located,-2.5198437804895475,25.02388749646469,54.20737829911727
B3_M02,B3_N,B3,Consensus + Uncertainty,173,located,-3.481402887192006,20.908923408282096,55.67920547820855
B3_M02,B3_N,B3,Consensus + Uncertainty,174,located,-2.5118808153227796,22.83889480433486,52.35045726267708
B3_M02,B3_N,B3,Consensus + Uncertainty,175,located,-3.432735730097809,21.80994047980753,53.38453182201567
B3_M02,B3_N,B3,Consensus + Uncertainty,176,located,-3.0237478566838885,17.100708907420056,50.838430059058126
B3_M02,B3_N,B3,Consensus + Uncertainty,177,located,-4.883624594408745,18.569829387565402,56.4487390829782
B3_M02,B3_N,B3,Consensus + Uncertainty,178,located,-2.35409807736476,22.354319220071943,54.641120320407005
B3_M02,B3_N,B3,Consensus + Uncertainty,179,located,-2.584332733363713,23.57574865795085,53.91238781433744
B3_M02,B3_N,B3,Consensus + Uncertainty,180,located,-4.756762059504696,20.76889997715518,52.88108031413375
B3_M02,B3_N,B3,Consensus + Uncertainty,181,located,-2.3170299105990213,22.734607086715044,53.46133145802548
B3_M02,B3_N,B3,Consensus + Uncertainty,182,located,-2.216357653041267,20.499218030643874,51.06511760349265
B3_M02,B3_N,B3,Consensus + Uncertainty,183,located,-2.5644158477654573,24.819888632980984,51.55175464674452
B3_M02,B3_N,B3,Consensus + Uncertainty,184,located,-3.5024140192737256,22.766655761916578,50.79058276768661
B3_M02,B3_N,B3,Consensus + Uncertainty,185,located,-2.3050923800467973,22.31929777386157,51.58888069597909
B3_M02,B3_N,B3,Consensus + Uncertainty,186,located,-2.965259174726787,22.63254336286004,56.3043031681604
B3_M02,B3_N,B3,Consensus + Uncertainty,187,located,-2.858703276075073,22.55903981259461,49.31814476869842
B3_M02,B3_N,B3,Consensus + Uncertainty,188,located,-3.5549518544689094,21.40595047102741,54.94779545853006
B3_M02,B3_N,B3,Consensus + Uncertainty,189,located,-2.148566379937555,22.128881998285905,54.76118357137126
B3_M02,B3_N,B3,Consensus + Uncertainty,190,located,-3.6535844949359433,21.102208348822096,55.396961076207134
B3_M02,B3_N,B3,Consensus + Uncertainty,191,located,-2.6870837814748247,25.10016150953436,50.24605693070051
B3_M02,B3_N,B3,Consensus + Uncertainty,192,located,-2.184454322269733,23.464570336176912,51.35447123040347
B3_M02,B3_N,B3,Consensus + Uncertainty,193,located,-3.696181817636647,21.48796178505342,57.34698960291453
B3_M02,B3_N,B3,Consensus + Uncertainty,194,located,-0.8080026110110436,23.341697845801725,51.59369607782213
B3_M02,B3_N,B3,Consensus + Uncertainty,195,located,-4.5157965058982,21.82388621048222,54.47435716991919
B3_M02,B3_N,B3,Consensus + Uncertainty,196,located,-3.21296201771936,23.152302426385603,53.55623433374076
B3_M02,B3_N,B3,Consensus + Uncertainty,197,located,-3.925759095214888,21.46723733837409,55.738691928465016
B3_M02,B3_N,B3,Consensus + Uncertainty,198,located,-2.743502279094234,21.683044054337252,55.10386748626952
B3_M02,B3_N,B3,Consensus + Uncertainty,199,located,-3.609282923573762,20.955816749610666,55.82435060120498
B3_M02,B3_N,B3,Consensus + Uncertainty,200,located,-2.4993174744877464,22.476926448677595,56.71115363527646
B3_M02,B3_N,B3,Consensus + Uncertainty,201,located,-6.062364277574889,21.43608104572489,55.0714421957083
B3_M02,B3_N,B3,Consensus + Uncertainty,202,located,-3.2733930965456715,22.18388422090047,52.79358373988497
B3_M02,B3_N,B3,Consensus + Uncertainty,203,located,-4.129325239069507,22.907555094330164,52.58481816011449
B3_M02,B3_N,B3,Consensus + Uncertainty,204,located,-4.491170199099645,23.059876023831947,55.81871590058603
B3_M02,B3_N,B3,Consensus + Uncertainty,205,located,-1.6166414292031326,22.50766541764102,53.323192891479145
B3_M02,B3_N,B3,Consensus + Uncertainty,206,located,-2.551628546992688,20.567851451624335,55.89614380250984
B3_M02,B3_N,B3,Consensus + Uncertainty,207,located,-1.36992463874242,19.113750653775863,56.343191557307364
B3_M02,B3_N,B3,Consensus + Uncertainty,208,located,-2.950735960754131,23.155855524150674,53.76615742736773
B3_M02,B3_N,B3,Consensus + Uncertainty,209,located,-4.544989935904623,21.937471412704596,57.33809108419945
B3_M02,B3_N,B3,Consensus + Uncertainty,210,located,-1.8277147970078933,23.34053054609611,53.51782193006662
B3_M02,B3_N,B3,Consensus + Uncertainty,211,located,-3.535730724793198,22.208407384670284,55.16447035544419
B3_M02,B3_N,B3,Consensus + Uncertainty,212,located,-1.8626615384164025,23.333499705512992,54.67092176111843
B3_M02,B3_N,B3,Consensus + Uncertainty,213,located,-4.306551785894691,21.941943483590244,51.0327794858374
B3_M02,B3_N,B3,Consensus + Uncertainty,214,located,-2.9240024312580575,22.996461697486243,53.89175900971309
B3_M02,B3_N,B3,Consensus + Uncertainty,215,located,-1.6052478762842608,22.079037047367017,53.56004133410197
B3_M02,B3_N,B3,Consensus + Uncertainty,216,located,-2.6480267604309966,20.5924975148822,56.523908355651216
B3_M02,B3_N,B3,Consensus + Uncertainty,217,located,-3.2198642854019783,22.98242549639805,53.27514623051968
B3_M02,B3_N,B3,Consensus + Uncertainty,218,located,-5.137061620842161,20.731160673290056,53.5737043927894
B3_M02,B3_N,B3,Consensus + Uncertainty,219,located,-3.154982434592988,22.489444692018708,52.3729161605931
B3_M02,B3_N,B3,Consensus + Uncertainty,220,located,-2.755384387315258,20.237486671758795,56.96198123879638
B3_M02,B3_N,B3,Consensus + Uncertainty,221,located,-2.449515056223457,20.80371335209366,53.48149440900548
B3_M02,B3_N,B3,Consensus + Uncertainty,222,located,-4.673099554247876,21.869010191969288,53.23767837550278
B3_M02,B3_N,B3,Consensus + Uncertainty,223,located,-2.9684917078618898,22.079044131371177,53.59008674547315
B3_M02,B3_N,B3,Consensus + Uncertainty,224,located,-1.0775321506895064,22.318319828538,53.080030333886484
B3_M02,B3_N,B3,Consensus + Uncertainty,225,located,-3.5119776824520557,19.490993697551257,54.00685573639728
B3_M02,B3_N,B3,Consensus + Uncertainty,226,located,-3.677518551710263,23.538702144817144,51.07845745748454
B3_M02,B3_N,B3,Consensus + Uncertainty,227,located,-4.064498742339546,22.755749558832434,53.608256412224726
B3_M02,B3_N,B3,Consensus + Uncertainty,228,located,-5.058787918593771,16.88702113713229,54.1521668429968
B3_M02,B3_N,B3,Consensus + Uncertainty,229,located,-1.7342008607087054,22.197808083960958,53.338591663810895
B3_M02,B3_N,B3,Consensus + Uncertainty,230,located,-3.079715561420896,22.560046509640266,54.99706434270459
B3_M02,B3_N,B3,Consensus + Uncertainty,231,located,-1.8066420597184967,20.942724170454845,53.54812538944058
B3_M02,B3_N,B3,Consensus + Uncertainty,232,located,-3.332639974732397,22.239255248616633,53.02788757260737
B3_M02,B3_N,B3,Consensus + Uncertainty,233,located,-2.0039265181490036,23.95268096895869,52.127331381955614
B3_M02,B3_N,B3,Consensus + Uncertainty,234,located,-3.405989108681082,23.780586510141625,54.108342341876984
B3_M02,B3_N,B3,Consensus + Uncertainty,235,located,-2.303441739053798,23.61203791095516,50.11295754807214
B3_M02,B3_N,B3,Consensus + Uncertainty,236,located,-4.355531366831754,21.07575714538759,53.49468331939431
B3_M02,B3_N,B3,Consensus + Uncertainty,237,located,-3.811711847052709,22.365360939490515,53.44755277941743
B3_M02,B3_N,B3,Consensus + Uncertainty,238,located,-2.646902632386625,20.60972069594972,56.41906220064471
B3_M02,B3_N,B3,Consensus + Uncertainty,239,located,-3.806412776783629,25.25022670455045,51.89735814930566
B3_M02,B3_N,B3,Consensus + Uncertainty,240,located,-3.493115160686937,22.34766620969164,56.10938416099345
B3_M02,B3_N,B3,Consensus + Uncertainty,241,located,-3.041032951910905,22.118326254733148,55.38305533769525
B3_M02,B3_N,B3,Consensus + Uncertainty,242,located,-2.3288113432140722,24.829162149720737,51.313785459529285
B3_M02,B3_N,B3,Consensus + Uncertainty,243,located,-1.9862829042055383,22.684387759686583,53.81468850696295
B3_M02,B3_N,B3,Consensus + Uncertainty,244,located,-3.4588328816031777,24.331995996792187,49.83979419493456
B3_M02,B3_N,B3,Consensus + Uncertainty,245,located,-2.0465085236889053,22.22039486858356,54.06619654862015
B3_M02,B3_N,B3,Consensus + Uncertainty,246,located,-3.343264381861527,22.8983998946226,55.084793835930554
B3_M02,B3_N,B3,Consensus + Uncertainty,247,located,-3.7649598007589864,25.310073795224355,52.6798100012339
B3_M02,B3_N,B3,Consensus + Uncertainty,248,located,-3.6258455270881895,20.797466318728112,54.29240803812912
B3_M02,B3_N,B3,Consensus + Uncertainty,249,located,-3.9484619943217827,23.57108639768827,50.70445759949905
B3_M02,B3_N,B3,Consensus + Uncertainty,250,located,-2.8304440344800366,22.556765969278114,53.426628291045816
B3_M02,B3_N,B3,Consensus + Uncertainty,251,located,-3.339228105138224,20.687651239081738,56.14147502558565
B3_M02,B3_N,B3,Consensus + Uncertainty,252,located,-2.2394598111277237,25.533477256447043,51.13953266224826
B3_M02,B3_N,B3,Consensus + Uncertainty,253,located,-1.7237465301394042,23.60910126355725,53.20139951186557
B3_M02,B3_N,B3,Consensus + Uncertainty,254,located,-1.0181654793193942,22.994595189441377,51.46740239659758
B3_M02,B3_N,B3,Consensus + Uncertainty,255,located,-4.3834247977647935,22.79753690705297,52.26952148577434
B3_M02,B3_N,B3,Consensus + Uncertainty,256,located,-3.440497558629625,22.18315907851882,53.27948765605982
B3_M02,B3_N,B3,Consensus + Uncertainty,257,located,-2.3251276523859823,22.758956289222517,56.86664704749428
B3_M02,B3_N,B3,Consensus + Uncertainty,258,located,-3.4711682227356757,20.867478866303884,55.29434426181316
B3_M02,B3_N,B3,Consensus + Uncertainty,259,located,-1.742400227741382,23.985710274235593,51.17461104698048
B3_M02,B3_N,B3,Consensus + Uncertainty,260,located,-4.566756622934502,23.026768375377724,55.09447604058728
B3_M02,B3_N,B3,Consensus + Uncertainty,261,located,-4.535496551409792,22.838492922904692,55.85200616333347
B3_M02,B3_N,B3,Consensus + Uncertainty,262,located,-3.9281925618583307,23.30373208385737,53.130936748328345
B3_M02,B3_N,B3,Consensus + Uncertainty,263,located,-4.6824817055880645,20.67516093010049,53.22544495862467
B3_M02,B3_N,B3,Consensus + Uncertainty,264,located,-2.680687112969996,20.699925263126683,54.538268491204015
B3_M02,B3_N,B3,Consensus + Uncertainty,265,located,-4.309247835449718,20.605443399107447,55.921491814545334
B3_M02,B3_N,B3,Consensus + Uncertainty,266,located,-5.442806164178837,19.56790514136967,57.53526273166812
B3_M02,B3_N,B3,Consensus + Uncertainty,267,located,-3.330576239927944,18.317040490652705,55.08628973781374
B3_M02,B3_N,B3,Consensus + Uncertainty,268,located,-6.646014467541596,20.945252294903682,56.227897824639015
B3_M02,B3_N,B3,Consensus + Uncertainty,269,located,-4.502192057846474,22.968713030490253,52.83428398733638
B3_M02,B3_N,B3,Consensus + Uncertainty,270,located,-3.316011186832834,22.55527127812327,52.97853741531228
B3_M02,B3_N,B3,Consensus + Uncertainty,271,located,-3.8448690581090705,18.952609529544805,56.198222145071
B3_M02,B3_N,B3,Consensus + Uncertainty,272,located,-2.252587974147941,23.59430885710036,53.28092258974888
B3_M02,B3_N,B3,Consensus + Uncertainty,273,located,-2.557648745661281,22.25575110511164,53.68645344564873
B3_M02,B3_N,B3,Consensus + Uncertainty,274,located,-3.3242730870540966,22.151547941769444,53.78524613892662
B3_M02,B3_N,B3,Consensus + Uncertainty,275,located,-3.7938425094090698,22.031191395893607,53.3583422297959
B3_M02,B3_N,B3,Consensus + Uncertainty,276,located,-3.0005951012793335,21.11643292239535,54.59466171757938
B3_M02,B3_N,B3,Consensus + Uncertainty,277,located,-3.1411502580241626,21.84944340445841,50.43263731581324
B3_M02,B3_N,B3,Consensus + Uncertainty,278,located,-2.5929883829454354,21.324843315891027,54.80861039409398
B3_M02,B3_N,B3,Consensus + Uncertainty,279,located,-5.011520815171842,20.859961431274108,54.549962095996314
B3_M02,B3_N,B3,Consensus + Uncertainty,280,located,-2.2645165403216327,23.823980064415302,52.40317931444226
B3_M02,B3_N,B3,Consensus + Uncertainty,281,located,-2.7789716905926634,20.49389194871881,53.734125015313296
B3_M02,B3_N,B3,Consensus + Uncertainty,282,located,-2.2855640731583655,22.846954314911805,53.78350841599899
B3_M02,B3_N,B3,Consensus + Uncertainty,283,located,-3.4822225332466092,21.34134381661049,56.095421875442334
B3_M02,B3_N,B3,Consensus + Uncertainty,284,located,-2.5900873949327505,21.271295402811248,56.12112080284006
B3_M02,B3_N,B3,Consensus + Uncertainty,285,located,-4.3128045431708095,21.474689417309605,55.35189745888745
B3_M02,B3_N,B3,Consensus + Uncertainty,286,located,-3.39358859809365,19.47510040069138,55.60583407298641
B3_M02,B3_N,B3,Consensus + Uncertainty,287,located,-3.547668528630746,23.62947016748845,52.375125400082965
B3_M02,B3_N,B3,Consensus + Uncertainty,288,located,-3.56437175600359,22.30598310424451,55.929737232958665
B3_M02,B3_N,B3,Consensus + Uncertainty,289,located,-3.2441944503500317,25.06687355116202,50.2567164170619
B3_M02,B3_N,B3,Consensus + Uncertainty,290,located,-4.421024669201316,17.905131231114606,58.277835279888315
B3_M02,B3_N,B3,Consensus + Uncertainty,291,located,-1.4824637939967715,23.27362886493882,53.77302116264291
B3_M02,B3_N,B3,Consensus + Uncertainty,292,located,-1.9797852386732988,21.90958304268232,52.987621903053906
B3_M02,B3_N,B3,Consensus + Uncertainty,293,located,-2.7436632576373516,22.976656561656217,54.70306666098325
B3_M02,B3_N,B3,Consensus + Uncertainty,294,located,-2.0406956152008804,25.503703217610727,52.78007333409543
B3_M02,B3_N,B3,Consensus + Uncertainty,295,located,-2.962403361726993,23.89040618659856,52.664533627199496
B3_M02,B3_N,B3,Consensus + Uncertainty,296,located,-3.7804311520057694,19.60060939679773,53.56036475443167
B3_M02,B3_N,B3,Consensus + Uncertainty,297,located,-3.372986006067226,21.656274569030202,54.406632127464626
B3_M02,B3_N,B3,Consensus + Uncertainty,298,located,-3.3041144716585467,23.8571091048092,52.881278751160444
B3_M02,B3_N,B3,Consensus + Uncertainty,299,located,-3.588065959775633,22.767124698511918,55.312072269740526
B3_M02,B3_N,B3,Consensus + Uncertainty,300,located,-2.703053774400865,22.024747800600704,54.76680202019302
B3_M02,B3_N,B3,Consensus + Uncertainty,301,located,-2.955195371254219,19.296471315329317,55.50823694560539
B3_M02,B3_N,B3,Consensus + Uncertainty,302,located,-3.283755554804047,24.665194626050713,50.45942666853659
B3_M02,B3_N,B3,Consensus + Uncertainty,303,located,-3.1640521068611958,22.647754940127676,52.016487700599924
B3_M02,B3_N,B3,Consensus + Uncertainty,304,reject,,,
B3_M02,B3_N,B3,Consensus + Uncertainty,305,located,-2.6792242132074082,22.458775270013422,53.580367088302786
B3_M02,B3_N,B3,Consensus + Uncertainty,306,located,-3.506999700941873,23.050043518363115,54.142510464726485
B3_M02,B3_N,B3,Consensus + Uncertainty,307,located,-2.9193031651896617,20.275902007789398,55.764416595226166
B3_M02,B3_N,B3,Consensus + Uncertainty,308,located,-2.6231732767768396,20.374277639983752,56.58806710714097
B3_M02,B3_N,B3,Consensus + Uncertainty,309,located,-3.3202024172278004,20.74679911794476,55.68354568474841
B3_M02,B3_N,B3,Consensus + Uncertainty,310,located,-3.753811092099629,21.683195373016304,54.23345621557231
B3_M02,B3_N,B3,Consensus + Uncertainty,311,located,-3.5989620840025496,22.13263959213661,55.567122606966144
B3_M02,B3_N,B3,Consensus + Uncertainty,312,located,-5.623051558554432,16.983851313968092,55.51486101118076
B3_M02,B3_N,B3,Consensus + Uncertainty,313,located,-3.5099579685870657,22.44694479335991,56.14728366861718
B3_M02,B3_N,B3,Consensus + Uncertainty,314,located,-2.280947940147815,25.45309648765786,53.39523691198178
B3_M02,B3_N,B3,Consensus + Uncertainty,315,located,-4.373454100943769,19.674452171031582,54.40499000295611
B3_M02,B3_N,B3,Consensus + Uncertainty,316,located,-4.507390272581498,18.981129918570232,58.006288384673745
B3_M02,B3_N,B3,Consensus + Uncertainty,317,located,-2.887936713193222,21.040971629193194,54.00469964680821
B3_M02,B3_N,B3,Consensus + Uncertainty,318,located,-2.2950210431891547,20.265396097123848,54.51460213629462
B3_M02,B3_N,B3,Consensus + Uncertainty,319,located,-1.6832756428667763,22.1853167328754,55.120814241926155
B3_M02,B3_N,B3,Consensus + Uncertainty,320,located,-3.5952118031090623,22.113671157345877,56.32377840462672
B3_M02,B3_N,B3,Consensus + Uncertainty,321,located,-2.2482163546667335,25.305508549830286,51.42294448111057
B3_M02,B3_N,B3,Consensus + Uncertainty,322,located,-1.329734419529829,23.65586356978025,53.051367450334546
B3_M02,B3_N,B3,Consensus + Uncertainty,323,located,-2.213672919836805,24.231618511370556,54.38787741984155
B3_M02,B3_N,B3,Consensus + Uncertainty,324,located,-2.125736891829674,20.878800537400345,54.740477793826884
B3_M02,B3_N,B3,Consensus + Uncertainty,325,located,-3.430014544543781,20.961396881764806,56.39155384829726
B3_M02,B3_N,B3,Consensus + Uncertainty,326,located,-2.0902215137278066,22.692272916138467,49.320856022882765
B3_M02,B3_N,B3,Consensus + Uncertainty,327,located,-1.689341257170528,21.427638429224388,53.526662471928105
B3_M02,B3_N,B3,Consensus + Uncertainty,328,reject,,,
B3_M02,B3_N,B3,Consensus + Uncertainty,329,located,-1.5136535793701127,22.34252749530009,51.92815154151451
B3_M02,B3_N,B3,Consensus + Uncertainty,330,reject,,,
B3_M02,B3_N,B3,Consensus + Uncertainty,331,located,-3.53862628415336,21.498285039174156,53.41209278237875
B3_M02,B3_N,B3,Consensus + Uncertainty,332,located,-2.931602441372521,23.51946833572395,53.094679514167986
B3_M02,B3_N,B3,Consensus + Uncertainty,333,located,-2.0600559020150198,21.403120569649325,53.19540401388126
B3_M02,B3_N,B3,Consensus + Uncertainty,334,located,-3.065348401616121,23.625417161655868,54.828347256411895
B3_M02,B3_N,B3,Consensus + Uncertainty,335,located,-1.7109815658036192,23.525748427022528,53.559039547230675
B3_M02,B3_N,B3,Consensus + Uncertainty,336,located,-0.7769818462742923,23.43717549798049,53.427210109098226
B3_M02,B3_N,B3,Consensus + Uncertainty,337,located,-3.389814873979225,23.296486312467255,54.792489473446416
B3_M02,B3_N,B3,Consensus + Uncertainty,338,located,-2.921227665265222,24.878433736162194,50.00474838609022
B3_M02,B3_N,B3,Consensus + Uncertainty,339,located,-3.6200944674076494,21.26594488872623,53.59384825027079
B3_M02,B3_N,B3,Consensus + Uncertainty,340,located,-2.664239693735034,20.91074621658717,54.84077383841986
B3_M02,B3_N,B3,Consensus + Uncertainty,341,located,-4.059268761690919,22.32434980214142,55.08647024869976
B3_M02,B3_N,B3,Consensus + Uncertainty,342,located,-4.815465553591515,24.42651304411308,52.28429176372031
B3_M02,B3_N,B3,Consensus + Uncertainty,343,located,-3.8671502017234802,17.096988630308456,54.430199981154914
B3_M02,B3_N,B3,Consensus + Uncertainty,344,located,-3.3886236230591193,23.623374540150913,55.70424712769565
B3_M02,B3_N,B3,Consensus + Uncertainty,345,located,-4.207746705807871,23.99257010244886,52.20147722708292
B3_M02,B3_N,B3,Consensus + Uncertainty,346,located,-2.930448243001037,22.069014896660967,54.94840222106024
B3_M02,B3_N,B3,Consensus + Uncertainty,347,located,-3.000734483201397,22.323329192639783,53.660290129656836
B3_M02,B3_N,B3,Consensus + Uncertainty,348,located,-2.891018128353249,22.88376588167508,53.76271870239804
B3_M02,B3_N,B3,Consensus + Uncertainty,349,located,-4.309375706249105,21.85297382949856,54.434929102576234
B3_M02,B3_N,B3,Consensus + Uncertainty,350,located,-2.3594838454665,22.315618465188344,52.19023721654158
B3_M02,B3_N,B3,Consensus + Uncertainty,351,located,-2.970366903248396,24.29561520626227,54.36530396149534
B3_M02,B3_N,B3,Consensus + Uncertainty,352,located,-5.81093219963183,18.288562481271736,53.41118955361372
B3_M02,B3_N,B3,Consensus + Uncertainty,353,located,-3.4662534453035128,21.038846047070177,56.07416136502909
B3_M02,B3_N,B3,Consensus + Uncertainty,354,located,-3.123745979540715,21.55176639734799,50.64601225040983
B3_M02,B3_N,B3,Consensus + Uncertainty,355,located,-3.5106062389935606,24.002659250992338,51.78562268150755
B3_M02,B3_N,B3,Consensus + Uncertainty,356,located,-1.4050967402462513,21.327510086242015,51.56039628116187
B3_M02,B3_N,B3,Consensus + Uncertainty,357,located,-4.806531805440116,21.970106846320284,54.81837645423052
B3_M02,B3_N,B3,Consensus + Uncertainty,358,located,-0.9449591446087235,22.906952049735395,51.37360441157041
B3_M02,B3_N,B3,Consensus + Uncertainty,359,located,-3.809436056278851,21.696326455084318,56.269914984569304
B3_M02,B3_N,B3,Consensus + Uncertainty,360,located,-1.6036737243419341,25.500252299923943,51.75729039998658
B3_M02,B3_N,B3,Consensus + Uncertainty,361,located,-2.7185881282700093,23.747573793781953,51.93263718667725
B3_M02,B3_N,B3,Consensus + Uncertainty,362,located,-1.2135736573602212,23.89402661983612,52.225018445110116
B3_M02,B3_N,B3,Consensus + Uncertainty,363,located,-1.9207738060610093,22.640210028785,54.07102555030993
B3_M02,B3_N,B3,Consensus + Uncertainty,364,located,-4.017663509329638,25.18430283180685,50.39754209957237
B3_M02,B3_N,B3,Consensus + Uncertainty,365,located,-2.6530985507543057,22.6246271289421,55.78841206511194
B3_M02,B3_N,B3,Consensus + Uncertainty,366,located,-3.5888914062740267,21.594945560510517,54.207099109052955
B3_M02,B3_N,B3,Consensus + Uncertainty,367,located,-4.721606409432657,19.575159035088312,57.06190653223755
B3_M02,B3_N,B3,Consensus + Uncertainty,368,located,-3.0057812942553963,23.870346533860634,53.13837914901781
B3_M02,B3_N,B3,Consensus + Uncertainty,369,located,-2.995242012833717,23.742226587495118,54.738175981269826
B3_M02,B3_N,B3,Consensus + Uncertainty,370,located,-3.144712126332934,20.79626326211355,56.97813026149874
B3_M02,B3_N,B3,Consensus + Uncertainty,371,located,-2.4948975392962343,24.24607474478797,51.87398534462349
B3_M02,B3_N,B3,Consensus + Uncertainty,372,located,-3.719860527634003,23.14122767459581,52.97385547805382
B3_M02,B3_N,B3,Consensus + Uncertainty,373,located,-4.150630150309555,20.62085508306243,56.635175487141325
B3_M02,B3_N,B3,Consensus + Uncertainty,374,located,-2.260845606004175,22.65017813705279,55.813059844239525
B3_M02,B3_N,B3,Consensus + Uncertainty,375,located,-2.9053163322503273,22.40540503213576,53.250649843919014
B3_M02,B3_N,B3,Consensus + Uncertainty,376,located,-2.0680298915268955,21.905459681642117,52.94688449969495
B3_M02,B3_N,B3,Consensus + Uncertainty,377,located,-3.2213850810513756,22.742385449545303,54.73790321124266
B3_M02,B3_N,B3,Consensus + Uncertainty,378,located,-3.204080209240599,20.393870168083026,57.399942960466646
B3_M02,B3_N,B3,Consensus + Uncertainty,379,located,-4.280945845736,21.788816196232606,55.64970301684545
B3_M02,B3_N,B3,Consensus + Uncertainty,380,located,-2.6631796696742165,21.473548268684027,56.54169857094374
B3_M02,B3_N,B3,Consensus + Uncertainty,381,reject,,,
B3_M02,B3_N,B3,Consensus + Uncertainty,382,located,-2.967802317339885,23.318588973702283,54.69970260494223
B3_M02,B3_N,B3,Consensus + Uncertainty,383,located,-3.5312375692365965,23.45361682851732,51.568584982511254
B3_M02,B3_N,B3,Consensus + Uncertainty,384,located,-1.937932829977856,25.817468441902122,52.062000170704266
B3_M02,B3_N,B3,Consensus + Uncertainty,385,located,-3.140721707778187,22.6999376694614,51.09204145502065
B3_M02,B3_N,B3,Consensus + Uncertainty,386,located,-3.093098440179494,22.56452706398708,52.695258090007485
B3_M02,B3_N,B3,Consensus + Uncertainty,387,located,-3.366228768336171,21.839624727127706,56.16531726395523
B3_M02,B3_N,B3,Consensus + Uncertainty,388,located,-3.6581436581099385,22.304584831494395,55.530978178504995
B3_M02,B3_N,B3,Consensus + Uncertainty,389,located,-3.6883005219979097,21.740144151459717,56.163964953745236
B3_M02,B3_N,B3,Consensus + Uncertainty,390,located,-2.220325936871285,21.268962076176443,54.71695744318281
B3_M02,B3_N,B3,Consensus + Uncertainty,391,located,-3.037998341006294,21.93624578058367,54.57849950969228
B3_M02,B3_N,B3,Consensus + Uncertainty,392,located,-2.7903434271312544,21.260272443563412,52.52165756035206
B3_M02,B3_N,B3,Consensus + Uncertainty,393,located,-3.58094988981603,21.833685296643594,55.659166037263134
B3_M02,B3_N,B3,Consensus + Uncertainty,394,located,-3.5888123850437292,21.15598921224452,55.70642409513616
B3_M02,B3_N,B3,Consensus + Uncertainty,395,located,-4.975773089670664,19.907704343491794,54.88117749088485
B3_M02,B3_N,B3,Consensus + Uncertainty,396,located,-3.529413082684294,21.02330908717694,56.39536861665704
B3_M02,B3_N,B3,Consensus + Uncertainty,397,located,-1.54740117267031,22.413282773591305,51.35665849406867
B3_M02,B3_N,B3,Consensus + Uncertainty,398,located,-2.8299159361260373,24.541846913896492,53.625138327713856
B3_M02,B3_N,B3,Consensus + Uncertainty,399,located,-3.5516331294608143,21.54915794658966,52.336478468392706
B3_M02,B3_S,B3,M0,0,located,6.161951374615211,-4.532523826688305,56.14878890389814
B3_M02,B3_S,B3,M0,1,located,5.89291336223157,-3.547696523134121,51.68994474153633
B3_M02,B3_S,B3,M0,2,located,5.120580197959727,-6.049286806924464,55.7674012506118
B3_M02,B3_S,B3,M0,3,located,5.433784481201191,-4.203434395359025,51.94865498974669
B3_M02,B3_S,B3,M0,4,located,4.9927133352003015,-6.434632420017252,51.586094576156626
B3_M02,B3_S,B3,M0,5,located,5.895664162985925,-4.984126945121687,55.92537494747128
B3_M02,B3_S,B3,M0,6,located,5.156037659479323,-3.987340017681362,54.39848049063344
B3_M02,B3_S,B3,M0,7,located,5.855269023702452,-5.22757186541358,54.51074136384696
B3_M02,B3_S,B3,M0,8,located,5.318216521364115,-4.247038480021175,52.738856669033694
B3_M02,B3_S,B3,M0,9,located,5.219801985654307,-3.7774345228879724,51.32423246443062
B3_M02,B3_S,B3,M0,10,located,5.410602487423218,-3.488276690865227,52.63295575963239
B3_M02,B3_S,B3,M0,11,located,6.551157957123024,-5.060379245504372,54.54528252805671
B3_M02,B3_S,B3,M0,12,located,7.447085281035742,-3.305198350427517,52.45430014733566
B3_M02,B3_S,B3,M0,13,located,5.697380442064875,-3.0128460061809363,55.827772026543045
B3_M02,B3_S,B3,M0,14,located,7.0188084085172076,-5.060031890747005,53.88283291730769
B3_M02,B3_S,B3,M0,15,located,5.822486679597646,-3.2393581924295134,54.726887573691116
B3_M02,B3_S,B3,M0,16,located,5.6262502245167525,-5.720381408080357,54.60281398990049
B3_M02,B3_S,B3,M0,17,located,6.07510381968005,-5.407209299259996,54.98032914270697
B3_M02,B3_S,B3,M0,18,located,5.88533479085,-2.9076354553724215,50.42633001863501
B3_M02,B3_S,B3,M0,19,located,5.378560142683027,-3.251754645935442,52.391235223188204
B3_M02,B3_S,B3,M0,20,located,5.255620295942011,-4.957166396156168,55.68678789956037
B3_M02,B3_S,B3,M0,21,located,5.657508288781343,-6.784127695185909,55.71190606341583
B3_M02,B3_S,B3,M0,22,located,4.02928738351091,-4.662380137186084,54.734693752892994
B3_M02,B3_S,B3,M0,23,located,5.206999625702206,-3.104029125903274,56.56158699226694
B3_M02,B3_S,B3,M0,24,located,4.369333265189036,-3.7268077210708626,56.26076776476114
B3_M02,B3_S,B3,M0,25,located,6.190150549489949,-6.664834639167125,54.71885154240845
B3_M02,B3_S,B3,M0,26,located,5.774465504235989,-3.0920063800342987,57.066395075401736
B3_M02,B3_S,B3,M0,27,located,6.064230863509032,-4.010452163247933,52.57914800601138
B3_M02,B3_S,B3,M0,28,located,6.469838725009275,-4.585190825866327,53.87884275852716
B3_M02,B3_S,B3,M0,29,located,5.594383357004177,-3.1632697388045017,52.72889287544023
B3_M02,B3_S,B3,M0,30,located,6.020411638742056,-3.0359948815115487,52.179645893735405
B3_M02,B3_S,B3,M0,31,located,6.831328566937355,-2.0667169318526177,51.47472770340809
B3_M02,B3_S,B3,M0,32,located,5.321820340730462,-5.479945387680807,53.390700211718915
B3_M02,B3_S,B3,M0,33,located,4.670497301359727,-4.671396584434767,50.94269007347377
B3_M02,B3_S,B3,M0,34,located,6.874524455864483,-5.055322279417766,53.64799135445758
B3_M02,B3_S,B3,M0,35,located,6.304216669074254,-4.0649563115627885,51.46988177196685
B3_M02,B3_S,B3,M0,36,located,5.17593488606506,-6.04195712138273,54.19393200747215
B3_M02,B3_S,B3,M0,37,located,6.267430675502042,-2.314143765400104,52.4453036376903
B3_M02,B3_S,B3,M0,38,located,5.628185764640518,-3.001710308109068,55.60147760762949
B3_M02,B3_S,B3,M0,39,located,5.471952692635863,-5.411874132123934,52.61360144279533
B3_M02,B3_S,B3,M0,40,located,5.654023809645194,-3.923283255545144,57.113797687273745
B3_M02,B3_S,B3,M0,41,located,4.960422044532317,-3.1915824052736212,52.2617561797936
B3_M02,B3_S,B3,M0,42,located,5.614061349527393,-3.3833101512195327,56.88235270591155
B3_M02,B3_S,B3,M0,43,located,6.0314897734227415,-4.403877681583339,53.77012346102508
B3_M02,B3_S,B3,M0,44,located,6.425143127863898,-4.200851721359214,55.84503401898873
B3_M02,B3_S,B3,M0,45,located,6.989823649869379,-5.575637228656866,55.67609166963026
B3_M02,B3_S,B3,M0,46,located,5.848461031603927,-2.9648026266387575,51.53136235812299
B3_M02,B3_S,B3,M0,47,located,7.005362973139141,-5.809315660603303,51.58376409935474
B3_M02,B3_S,B3,M0,48,located,6.026347769075316,-4.010958067815174,54.55879783011176
B3_M02,B3_S,B3,M0,49,located,6.092987211514032,-3.717786202112883,55.29029701777452
B3_M02,B3_S,B3,M0,50,located,6.480735108898425,-6.191201757558538,56.593075432495
B3_M02,B3_S,B3,M0,51,located,6.164784995635011,-3.068235319922046,52.32596201758877
B3_M02,B3_S,B3,M0,52,located,5.140031215133632,-4.460043361421256,57.21940989327744
B3_M02,B3_S,B3,M0,53,located,5.549834389587017,-4.412235041055844,54.172495080646975
B3_M02,B3_S,B3,M0,54,located,6.100060196873348,-5.66040259596268,53.54422871180723
B3_M02,B3_S,B3,M0,55,located,6.308073667745642,-4.989464920060968,54.95010156111714
B3_M02,B3_S,B3,M0,56,located,6.378683106664271,-5.387912699880566,53.4860388453305
B3_M02,B3_S,B3,M0,57,located,6.557704054183255,-3.3401077864815036,55.898795921010645
B3_M02,B3_S,B3,M0,58,located,6.03148920441925,-3.8943680375083076,53.35670455491488
B3_M02,B3_S,B3,M0,59,located,5.337866247398322,-4.749243643711637,52.515939851676585
B3_M02,B3_S,B3,M0,60,located,7.4938240236412685,-3.026231463510463,52.67625662719628
B3_M02,B3_S,B3,M0,61,located,5.707458591131635,-4.582940485353326,53.96008653726164
B3_M02,B3_S,B3,M0,62,located,6.058891734570031,-3.614800672931274,54.50927290189246
B3_M02,B3_S,B3,M0,63,located,5.501399928713341,-4.910022551276057,55.887327396550326
B3_M02,B3_S,B3,M0,64,located,5.623121532001952,-3.5536283420347488,56.92420342533853
B3_M02,B3_S,B3,M0,65,located,5.3787022667490465,-3.4484605071427126,55.19850479419572
B3_M02,B3_S,B3,M0,66,located,3.1931846821236753,-4.19348002657393,53.57312742527487
B3_M02,B3_S,B3,M0,67,located,5.132381254040482,-4.76578695216314,56.64136601358414
B3_M02,B3_S,B3,M0,68,located,4.7386481549530535,-4.179067281913753,52.738428124003065
B3_M02,B3_S,B3,M0,69,located,6.086324549988082,-3.230663847793714,55.238374633837175
B3_M02,B3_S,B3,M0,70,located,6.468998378784729,-5.960534013599229,56.50180309758293
B3_M02,B3_S,B3,M0,71,located,7.455863964299179,-3.9005161646306092,52.72553078267375
B3_M02,B3_S,B3,M0,72,located,4.969483762711509,-4.242044814866347,55.51971594871591
B3_M02,B3_S,B3,M0,73,located,5.823978924476588,-5.97271939963273,53.44289437815451
B3_M02,B3_S,B3,M0,74,located,7.640668228894769,-4.431210763384087,53.59905567291807
B3_M02,B3_S,B3,M0,75,located,6.20783362198017,-3.528048935775054,51.68215437652932
B3_M02,B3_S,B3,M0,76,located,6.160873371739421,-5.33225737815696,55.5650926264842
B3_M02,B3_S,B3,M0,77,located,4.707576228178252,-4.432849873923672,54.895115678173944
B3_M02,B3_S,B3,M0,78,located,5.5056161212499894,-4.5528169229770725,56.14859404133321
B3_M02,B3_S,B3,M0,79,located,6.465064632493501,-6.143660098547365,55.376373059728536
B3_M02,B3_S,B3,M0,80,located,4.25971379465175,-4.4389079456610645,55.62098746532311
B3_M02,B3_S,B3,M0,81,located,5.980187198465998,-6.758700184605999,55.270919823781085
B3_M02,B3_S,B3,M0,82,located,5.103150287981968,-4.741350000078633,52.22924496185108
B3_M02,B3_S,B3,M0,83,located,4.535536630515068,-5.077318515856554,56.31433666818596
B3_M02,B3_S,B3,M0,84,located,6.246460045817723,-4.079029113351012,51.15784606449775
B3_M02,B3_S,B3,M0,85,located,6.473865845438132,-2.8503420379338493,56.4647352607607
B3_M02,B3_S,B3,M0,86,located,4.588896494190106,-5.489547948002347,52.226045634260025
B3_M02,B3_S,B3,M0,87,located,6.219137125675833,-4.949835831226046,57.05940344857785
B3_M02,B3_S,B3,M0,88,located,6.14445826970721,-6.154245177091731,51.72027399124429
B3_M02,B3_S,B3,M0,89,located,4.391536905284768,-3.577277157334919,56.00079193820018
B3_M02,B3_S,B3,M0,90,located,5.973587393782686,-5.523839527888221,53.93076799452535
B3_M02,B3_S,B3,M0,91,located,5.855353948837672,-5.479635681641646,52.994308403484034
B3_M02,B3_S,B3,M0,92,located,6.788280562768658,-4.154052785949268,53.35066184703761
B3_M02,B3_S,B3,M0,93,located,4.277934107842832,-4.25278115027325,57.07253253486537
B3_M02,B3_S,B3,M0,94,located,5.234440992681167,-5.03623682144331,52.29536762273594
B3_M02,B3_S,B3,M0,95,located,7.253110344294937,-5.20468194714163,56.69385178687689
B3_M02,B3_S,B3,M0,96,located,4.955480795625072,-4.34133391318187,53.6462382413592
B3_M02,B3_S,B3,M0,97,located,5.812631475998379,-3.212637082542024,52.6695000760429
B3_M02,B3_S,B3,M0,98,located,7.274400366885609,-6.172165402850382,56.53725396975223
B3_M02,B3_S,B3,M0,99,located,5.550399981646201,-4.980513981534713,55.4253936554548
B3_M02,B3_S,B3,M0,100,located,4.458830335157774,-4.8486179848712325,56.08719555821567
B3_M02,B3_S,B3,M0,101,located,6.486625108521463,-3.049044225964046,56.68167346209906
B3_M02,B3_S,B3,M0,102,located,5.910461072633066,-2.292024565977485,55.63197854958194
B3_M02,B3_S,B3,M0,103,located,7.291691975436393,-4.604274441110725,55.20772383472903
B3_M02,B3_S,B3,M0,104,located,5.657781045894109,-5.390017981485975,56.65489009999507
B3_M02,B3_S,B3,M0,105,located,7.096927673060613,-5.443148719280799,53.66755626022679
B3_M02,B3_S,B3,M0,106,located,5.28881259005819,-5.027005812529616,53.53787336277793
B3_M02,B3_S,B3,M0,107,located,6.460949552062711,-5.132771247775182,52.312904197618195
B3_M02,B3_S,B3,M0,108,located,6.135166663691208,-5.287541780547002,54.96738816011485
B3_M02,B3_S,B3,M0,109,located,4.911457539941769,-3.262562420780874,55.91537468557607
B3_M02,B3_S,B3,M0,110,located,6.190228202509563,-5.232891283584337,51.46470239455462
B3_M02,B3_S,B3,M0,111,located,5.934019570839023,-2.5451610063955883,56.738881979337016
B3_M02,B3_S,B3,M0,112,located,6.247431281190634,-5.75178933049316,56.11111194772255
B3_M02,B3_S,B3,M0,113,located,6.0036353096523,-2.032691925966411,55.23987602807768
B3_M02,B3_S,B3,M0,114,located,4.466922498701266,-5.168598498780739,57.02172802119973
B3_M02,B3_S,B3,M0,115,located,5.755559686962143,-4.066912624932314,56.437614903064194
B3_M02,B3_S,B3,M0,116,located,7.527536498321247,-4.379644477012249,53.4981364973516
B3_M02,B3_S,B3,M0,117,located,5.642611731735039,-5.227923399160041,56.03551030167734
B3_M02,B3_S,B3,M0,118,located,5.759329169210676,-2.768303934071099,56.02671299390006
B3_M02,B3_S,B3,M0,119,located,5.268021035803139,-4.876942990297145,53.063892808363
B3_M02,B3_S,B3,M0,120,located,4.878221164250392,-3.291589799848275,52.28556433115117
B3_M02,B3_S,B3,M0,121,located,6.102936157822772,-3.184755307847986,56.61995707327936
B3_M02,B3_S,B3,M0,122,located,6.09980982949799,-2.0078105846363172,56.925203828598924
B3_M02,B3_S,B3,M0,123,located,6.581077006287885,-3.40074682871505,56.46932072016626
B3_M02,B3_S,B3,M0,124,located,6.751312864743265,-5.697909788889682,54.68220671076731
B3_M02,B3_S,B3,M0,125,located,5.575950098813117,-4.826647362071924,50.90715456522513
B3_M02,B3_S,B3,M0,126,located,5.291947893804959,-4.7402272944421995,51.11577646745499
B3_M02,B3_S,B3,M0,127,located,7.034468382575732,-5.152472990407773,55.92348748238816
B3_M02,B3_S,B3,M0,128,located,5.045554031544012,-3.269706225359748,57.20414889193132
B3_M02,B3_S,B3,M0,129,located,5.189066742884372,-4.28073038326967,54.70580164777607
B3_M02,B3_S,B3,M0,130,located,4.396320503760457,-4.412821620118869,54.346350725785335
B3_M02,B3_S,B3,M0,131,located,5.930038533869423,-3.909235851455449,56.34196939980008
B3_M02,B3_S,B3,M0,132,located,5.561267564321512,-5.155533202898255,53.672343836973845
B3_M02,B3_S,B3,M0,133,located,5.779803578003372,-3.229660621923422,53.74321495180863
B3_M02,B3_S,B3,M0,134,located,6.402093975119578,-3.160162799463329,56.01720699986547
B3_M02,B3_S,B3,M0,135,located,6.236090639305773,-2.5039025786103437,55.717236856028684
B3_M02,B3_S,B3,M0,136,located,7.0928977102274935,-4.041667807478028,51.72583911963845
B3_M02,B3_S,B3,M0,137,located,5.6373430638259485,-4.218754559953041,53.20388136246182
B3_M02,B3_S,B3,M0,138,located,4.235941857056917,-5.100867759576879,53.80897053751569
B3_M02,B3_S,B3,M0,139,located,6.450064834945674,-6.241347286055046,52.370361753150725
B3_M02,B3_S,B3,M0,140,located,4.594870343218328,-4.285816977185043,52.41830067623377
B3_M02,B3_S,B3,M0,141,located,5.50548554313527,-3.80368836922424,52.76175451018995
B3_M02,B3_S,B3,M0,142,located,4.341825228753205,-4.1014340010432235,52.5450664163903
B3_M02,B3_S,B3,M0,143,located,4.0633201382924655,-4.960399588112658,51.534325030810194
B3_M02,B3_S,B3,M0,144,located,6.019726782416829,-3.7644634482809423,54.99476211776549
B3_M02,B3_S,B3,M0,145,located,5.758697377222121,-3.8998520354495056,53.09000691733991
B3_M02,B3_S,B3,M0,146,located,6.201884187087846,-3.79064258189824,52.144718186006365
B3_M02,B3_S,B3,M0,147,located,3.7063777123373125,-3.9489441430824783,53.20765299809124
B3_M02,B3_S,B3,M0,148,located,4.786742853991634,-4.937879255621539,52.99161019405279
B3_M02,B3_S,B3,M0,149,located,6.040674596388596,-3.0322187436818666,54.2536053208025
B3_M02,B3_S,B3,M0,150,located,7.119084833459881,-4.392127326056112,53.70349559653143
B3_M02,B3_S,B3,M0,151,located,4.708517823217553,-5.359650309256459,52.885881768908604
B3_M02,B3_S,B3,M0,152,located,5.476055325732785,-3.001077046750183,56.74428161000116
B3_M02,B3_S,B3,M0,153,located,5.849587757893923,-4.757498507062991,51.1161219705824
B3_M02,B3_S,B3,M0,154,located,6.330343200047786,-4.259415197731769,55.0387999075963
B3_M02,B3_S,B3,M0,155,located,7.954580151836419,-4.384699944466611,54.41903467025583
B3_M02,B3_S,B3,M0,156,located,5.683728977878894,-4.138838725727524,52.57286414593196
B3_M02,B3_S,B3,M0,157,located,5.521687970221134,-4.233527010155527,53.516281457727835
B3_M02,B3_S,B3,M0,158,located,7.387526768365568,-6.364827703485382,51.517390111241866
B3_M02,B3_S,B3,M0,159,located,5.941231411842347,-6.553723251685906,49.7066137383944
B3_M02,B3_S,B3,M0,160,located,5.212733134277731,-3.5064397549615762,53.23653843555583
B3_M02,B3_S,B3,M0,161,located,5.90872432870911,-4.493476798325609,55.2432774451124
B3_M02,B3_S,B3,M0,162,located,4.927107814302477,-4.87362690149515,51.31557312084417
B3_M02,B3_S,B3,M0,163,located,5.545879782300298,-4.658992377357826,55.133888389710364
B3_M02,B3_S,B3,M0,164,located,5.834046772043157,-5.553762381739091,55.6172934478174
B3_M02,B3_S,B3,M0,165,located,5.57299465597108,-5.213736263926208,57.27426701461556
B3_M02,B3_S,B3,M0,166,located,6.834259351626849,-4.297724135767865,51.420609880283024
B3_M02,B3_S,B3,M0,167,located,5.080495417320998,-3.715870383363132,51.137231260262766
B3_M02,B3_S,B3,M0,168,located,7.923447786838511,-5.671068833555076,51.10732983465931
B3_M02,B3_S,B3,M0,169,located,6.729376684172452,-4.657418328944843,56.54270594415295
B3_M02,B3_S,B3,M0,170,located,4.648304107930312,-5.802385597751211,52.14926966471948
B3_M02,B3_S,B3,M0,171,located,4.5739672200220545,-4.035621262205787,54.43693658102381
B3_M02,B3_S,B3,M0,172,located,6.621403407455156,-5.329372504286972,51.19786289960633
B3_M02,B3_S,B3,M0,173,located,5.942696568761578,-4.420369058855748,54.63917423619908
B3_M02,B3_S,B3,M0,174,located,4.330332683691291,-4.750271155379288,54.016757631933956
B3_M02,B3_S,B3,M0,175,located,5.551320950122733,-4.89421383261265,54.9106338157405
B3_M02,B3_S,B3,M0,176,located,4.263702677954545,-5.522752378287976,51.11128970196859
B3_M02,B3_S,B3,M0,177,located,6.198316914980806,-5.177776843832184,53.36499053039218
B3_M02,B3_S,B3,M0,178,located,5.246342000436008,-3.550816028988997,56.237950854933054
B3_M02,B3_S,B3,M0,179,located,6.434814125362301,-5.402346568538519,50.931434272582486
B3_M02,B3_S,B3,M0,180,located,5.940717280126043,-5.008513149041185,52.74231074895372
B3_M02,B3_S,B3,M0,181,located,7.033302874159895,-3.0492470922908055,55.00599217993475
B3_M02,B3_S,B3,M0,182,located,5.958966118644171,-2.6063140250101853,57.106277257768284
B3_M02,B3_S,B3,M0,183,located,5.205965560188899,-4.597833765306831,56.39553401823162
B3_M02,B3_S,B3,M0,184,located,4.8247118455525255,-3.516046757603185,52.8440341325255
B3_M02,B3_S,B3,M0,185,located,4.775004120816599,-4.844854072679041,55.89190655067804
B3_M02,B3_S,B3,M0,186,located,5.249695509307656,-4.1655554606070595,55.03349574700273
B3_M02,B3_S,B3,M0,187,located,5.290734095379644,-2.5905698590614463,52.31768416190673
B3_M02,B3_S,B3,M0,188,located,6.199228236537393,-4.879235472857324,52.86881957377842
B3_M02,B3_S,B3,M0,189,located,7.663609475662764,-4.327181518131795,55.409994359393
B3_M02,B3_S,B3,M0,190,located,5.9069129496509865,-4.7079896711596305,51.9906692344679
B3_M02,B3_S,B3,M0,191,located,5.943947282061332,-5.381749414624807,56.81197555806546
B3_M02,B3_S,B3,M0,192,located,6.981454850339754,-5.167814520066294,57.07349706915463
B3_M02,B3_S,B3,M0,193,located,7.978742182997948,-3.3582576163420015,53.84500934275939
B3_M02,B3_S,B3,M0,194,located,5.737240335051344,-3.4862290657437356,52.60926360331898
B3_M02,B3_S,B3,M0,195,located,5.0893975485927925,-4.5265000613308,51.733428326421084
B3_M02,B3_S,B3,M0,196,located,4.33946612896888,-5.239738788490897,53.39368491409519
B3_M02,B3_S,B3,M0,197,located,6.882280544256889,-4.305744022892306,50.41876808338193
B3_M02,B3_S,B3,M0,198,located,6.02230175774804,-2.898911152077396,56.57430830964866
B3_M02,B3_S,B3,M0,199,located,6.182495622825974,-4.578046416028094,52.36113460549288
B3_M02,B3_S,B3,M0,200,located,5.343555951738101,-5.25823226585284,53.21438424592388
B3_M02,B3_S,B3,M0,201,located,4.839046348307802,-4.749505322790618,51.217093059985636
B3_M02,B3_S,B3,M0,202,located,7.633621738570287,-4.351662706129289,56.48669740607361
B3_M02,B3_S,B3,M0,203,located,5.376320973607519,-4.174460032001484,52.84331757668558
B3_M02,B3_S,B3,M0,204,located,5.966297053983369,-5.63993181590596,52.918963004439874
B3_M02,B3_S,B3,M0,205,located,5.882857383672957,-2.7802896376682966,50.538752491372954
B3_M02,B3_S,B3,M0,206,located,8.362377778551357,-4.752438865362649,51.87133273108002
B3_M02,B3_S,B3,M0,207,located,5.285395177848453,-6.043258975367699,55.77317284209167
B3_M02,B3_S,B3,M0,208,located,5.982972194853766,-4.045715647497701,51.4688787918639
B3_M02,B3_S,B3,M0,209,located,5.197087271711226,-2.4186267981523955,55.39315738761257
B3_M02,B3_S,B3,M0,210,located,7.017332760475911,-6.46865931352027,55.290898086755284
B3_M02,B3_S,B3,M0,211,located,5.899062873321704,-3.2681128652972546,56.72757530239671
B3_M02,B3_S,B3,M0,212,located,5.090365107367334,-5.066980317753803,53.32750106620843
B3_M02,B3_S,B3,M0,213,located,5.228916069546495,-3.9477920761360963,56.66129494759067
B3_M02,B3_S,B3,M0,214,located,5.545207664087998,-5.10292773256333,51.40787543575039
B3_M02,B3_S,B3,M0,215,located,5.992823839492807,-4.976325898169776,56.786199608229026
B3_M02,B3_S,B3,M0,216,located,4.948102833533189,-6.862161212003215,52.56318489535171
B3_M02,B3_S,B3,M0,217,located,5.84702694508491,-5.826136638944739,56.58722224818404
B3_M02,B3_S,B3,M0,218,located,7.553036460046229,-4.348896217248033,52.77794724665331
B3_M02,B3_S,B3,M0,219,located,6.107573399331673,-4.4341783029547415,53.997689827703994
B3_M02,B3_S,B3,M0,220,located,7.72657211153975,-4.875131087280309,54.19120302756597
B3_M02,B3_S,B3,M0,221,located,6.798358101903621,-3.1077848827360555,55.06004465721302
B3_M02,B3_S,B3,M0,222,located,5.813719419631072,-5.808907640116658,54.861656868372215
B3_M02,B3_S,B3,M0,223,located,4.575990117972921,-3.524693537193322,56.521744623240316
B3_M02,B3_S,B3,M0,224,located,5.787219266995722,-3.5150169049823887,54.244255618380016
B3_M02,B3_S,B3,M0,225,located,5.605436571199801,-5.426059466810493,51.21275312543078
B3_M02,B3_S,B3,M0,226,located,7.1425598046587515,-3.528252935797809,52.78890012662935
B3_M02,B3_S,B3,M0,227,located,4.623325681014587,-3.786829020432272,57.65874053589731
B3_M02,B3_S,B3,M0,228,located,6.093991353188062,-5.376829792425696,54.18799354785599
B3_M02,B3_S,B3,M0,229,located,5.132071864364465,-3.854246304483091,51.949474594261474
B3_M02,B3_S,B3,M0,230,located,7.099296775800863,-4.37714812685897,55.421897628286075
B3_M02,B3_S,B3,M0,231,located,4.845167137265599,-5.219371411991034,54.518723617127904
B3_M02,B3_S,B3,M0,232,located,6.157550193607408,-4.320008322174104,50.995354327243106
B3_M02,B3_S,B3,M0,233,located,5.571782569648994,-5.78652161762291,51.58218846238261
B3_M02,B3_S,B3,M0,234,located,5.541236923905359,-4.227654171554917,56.2602226560024
B3_M02,B3_S,B3,M0,235,located,6.380309878057555,-5.930265215651453,52.631940410092064
B3_M02,B3_S,B3,M0,236,located,7.124950114805776,-3.215278052232101,57.07890778901376
B3_M02,B3_S,B3,M0,237,located,7.584703604682018,-4.256020579966979,55.47954794292766
B3_M02,B3_S,B3,M0,238,located,5.278893694987538,-5.030129699212601,56.1043010046372
B3_M02,B3_S,B3,M0,239,located,6.172684632936009,-2.8217121649476056,55.67662045078646
B3_M02,B3_S,B3,M0,240,located,3.692057272339061,-3.842156495835006,52.50397023523077
B3_M02,B3_S,B3,M0,241,located,5.360080134586327,-5.71191260595063,52.979175657203456
B3_M02,B3_S,B3,M0,242,located,5.806157170663301,-4.118170499861925,53.983309526032684
B3_M02,B3_S,B3,M0,243,located,5.431360686768604,-4.788296865159374,53.72814164608446
B3_M02,B3_S,B3,M0,244,located,6.508199931786669,-5.258773087634793,51.143984740899405
B3_M02,B3_S,B3,M0,245,located,5.849556911275171,-6.147888620595502,53.54844961231831
B3_M02,B3_S,B3,M0,246,located,7.064259650205035,-4.325563172268268,57.755228023536816
B3_M02,B3_S,B3,M0,247,located,7.798892209155295,-3.7468383445675357,55.343294473323795
B3_M02,B3_S,B3,M0,248,located,6.09774166871398,-4.283522045720019,53.2264161000658
B3_M02,B3_S,B3,M0,249,located,6.026106906295083,-4.249378649826326,56.110837391784166
B3_M02,B3_S,B3,M0,250,located,6.244692118963038,-4.1027537353458285,58.122739557318894
B3_M02,B3_S,B3,M0,251,located,6.0454592703975765,-4.036111967073239,55.573742919962996
B3_M02,B3_S,B3,M0,252,located,5.917194761791021,-4.700849250406705,50.968767823406175
B3_M02,B3_S,B3,M0,253,located,3.977368926039467,-4.335603118332195,53.57056587904464
B3_M02,B3_S,B3,M0,254,located,5.648105046439111,-3.52187979970612,53.933242733847216
B3_M02,B3_S,B3,M0,255,located,6.4482689874555,-4.434516093977081,54.30308485763164
B3_M02,B3_S,B3,M0,256,located,5.945956611407411,-4.4344358147645195,54.16337854079437
B3_M02,B3_S,B3,M0,257,located,6.434053109231902,-5.735509559597482,54.92305293390296
B3_M02,B3_S,B3,M0,258,located,6.932499154971101,-5.6684873527315744,56.350917588869834
B3_M02,B3_S,B3,M0,259,located,6.717708130663661,-4.937178718718684,52.606712927351985
B3_M02,B3_S,B3,M0,260,located,5.1744627308127695,-4.44329166099206,57.55928856281007
B3_M02,B3_S,B3,M0,261,located,5.212875175948655,-3.121714863825929,57.5091701421722
B3_M02,B3_S,B3,M0,262,located,5.708661482555724,-5.40936265433654,56.73845147479306
B3_M02,B3_S,B3,M0,263,located,6.978411593878508,-4.735955492151135,54.669998169065884
B3_M02,B3_S,B3,M0,264,located,7.44346228771806,-4.065726788511306,54.03382146281523
B3_M02,B3_S,B3,M0,265,located,4.615328580924756,-4.656340675493787,52.71321129792863
B3_M02,B3_S,B3,M0,266,located,6.070484993492844,-4.571374685350165,53.23317777041666
B3_M02,B3_S,B3,M0,267,located,5.172727041305838,-6.252387263792173,53.99658699645048
B3_M02,B3_S,B3,M0,268,located,5.728185032667355,-4.8166872285400615,55.6696573046987
B3_M02,B3_S,B3,M0,269,located,6.514897451084386,-5.005093018472905,55.38130213004044
B3_M02,B3_S,B3,M0,270,located,4.3738588003347285,-3.0052421335129864,58.32381776894141
B3_M02,B3_S,B3,M0,271,located,5.7559536962129805,-5.94891859352235,55.08313967133928
B3_M02,B3_S,B3,M0,272,located,5.717953470639709,-2.9505100889294127,54.21789841296598
B3_M02,B3_S,B3,M0,273,located,5.124627697477358,-3.199793586262061,54.173756332692854
B3_M02,B3_S,B3,M0,274,located,4.480956699374623,-4.027976490950557,50.49676533335016
B3_M02,B3_S,B3,M0,275,located,5.878897146562859,-2.308712402446986,54.579995479763305
B3_M02,B3_S,B3,M0,276,located,7.292313008265959,-3.5426327522821452,55.19641732271332
B3_M02,B3_S,B3,M0,277,located,5.424136452462603,-3.042263731504079,51.48886720916493
B3_M02,B3_S,B3,M0,278,located,5.070269393180567,-4.181967121788972,55.41645839693837
B3_M02,B3_S,B3,M0,279,located,7.67642194214207,-4.579389568145217,54.739052200745746
B3_M02,B3_S,B3,M0,280,located,7.980672012982643,-3.9472549634346947,51.08430029605242
B3_M02,B3_S,B3,M0,281,located,5.864957856008348,-3.6289351973467703,52.02132817118213
B3_M02,B3_S,B3,M0,282,located,6.358342460296765,-3.272370698227597,56.297993231270645
B3_M02,B3_S,B3,M0,283,located,6.268290439377716,-3.1522201308481144,53.924835214636765
B3_M02,B3_S,B3,M0,284,located,4.08062860024619,-3.991451870812689,55.63497349064245
B3_M02,B3_S,B3,M0,285,located,5.715385119159433,-5.365441310886695,55.97868815173292
B3_M02,B3_S,B3,M0,286,located,4.329890508284963,-4.76518636128251,56.330851447014005
B3_M02,B3_S,B3,M0,287,located,5.938748745292115,-3.144706220650292,53.92010625481631
B3_M02,B3_S,B3,M0,288,located,6.1947930483524045,-5.764337456340606,55.89238862182223
B3_M02,B3_S,B3,M0,289,located,6.964241449739824,-3.3861140976560407,56.628015204490914
B3_M02,B3_S,B3,M0,290,located,6.133513594864648,-3.970984657166511,52.410346052565366
B3_M02,B3_S,B3,M0,291,located,5.917977279529808,-5.162896668175463,51.939285788778825
B3_M02,B3_S,B3,M0,292,located,4.597516161964633,-5.155060763692234,54.23827969723018
B3_M02,B3_S,B3,M0,293,located,6.592561159068087,-3.386595344549775,54.45450209655954
B3_M02,B3_S,B3,M0,294,located,5.891727035050061,-3.998812229664651,52.324226654450364
B3_M02,B3_S,B3,M0,295,located,7.131702736433418,-3.802983996952001,56.74793283311192
B3_M02,B3_S,B3,M0,296,located,6.288521242755345,-3.0987655715628435,54.0603677107291
B3_M02,B3_S,B3,M0,297,located,4.749324805099443,-3.384157393995622,53.09806270849682
B3_M02,B3_S,B3,M0,298,located,5.530747605648579,-5.961636195171749,55.651099423642215
B3_M02,B3_S,B3,M0,299,located,5.944872803884383,-4.889835216265247,56.69845761624634
B3_M02,B3_S,B3,M0,300,located,6.09042286773892,-3.390975570959675,52.80569405754172
B3_M02,B3_S,B3,M0,301,located,3.9780291217320745,-3.613441301959348,54.71932080792813
B3_M02,B3_S,B3,M0,302,located,6.196617075727431,-3.9983212018154433,52.00076656768423
B3_M02,B3_S,B3,M0,303,located,7.408737734414983,-3.354392226678044,54.279022270113366
B3_M02,B3_S,B3,M0,304,located,5.368288078895092,-4.977147807080627,55.82924192710421
B3_M02,B3_S,B3,M0,305,located,7.240307076402499,-4.220833206884578,54.387578439001565
B3_M02,B3_S,B3,M0,306,located,6.071050802792215,-5.481942773117289,54.9582673332612
B3_M02,B3_S,B3,M0,307,located,6.567708542254718,-4.411502190558458,53.85588554296012
B3_M02,B3_S,B3,M0,308,located,5.614755048037546,-4.418369639978856,53.08908021656062
B3_M02,B3_S,B3,M0,309,located,5.964486411311192,-3.1792083149225334,54.815229131253105
B3_M02,B3_S,B3,M0,310,located,5.47725110418592,-4.484704502076973,53.60464188559411
B3_M02,B3_S,B3,M0,311,located,5.286640160988362,-3.8998250089789224,53.02238093550096
B3_M02,B3_S,B3,M0,312,located,6.865626396147925,-3.9597247098039787,55.198373615410105
B3_M02,B3_S,B3,M0,313,located,5.571710199392928,-4.1488457676224115,51.118448416642636
B3_M02,B3_S,B3,M0,314,located,5.72769252408431,-3.206775364087875,57.7828863071006
B3_M02,B3_S,B3,M0,315,located,4.595414502920633,-4.130332692918948,55.37435105967508
B3_M02,B3_S,B3,M0,316,located,5.797695759358903,-4.739966605394251,56.41885222150142
B3_M02,B3_S,B3,M0,317,located,4.60130989491037,-5.314144693631121,51.09450790520993
B3_M02,B3_S,B3,M0,318,located,6.388792831281688,-4.687849465866222,53.140689747832354
B3_M02,B3_S,B3,M0,319,located,6.481826576653696,-2.773222372234109,52.35888099420615
B3_M02,B3_S,B3,M0,320,located,5.681347374839172,-4.902864405296455,50.75874714991875
B3_M02,B3_S,B3,M0,321,located,5.832175164337948,-5.327172087833333,53.750603720430014
B3_M02,B3_S,B3,M0,322,located,5.468021229012923,-5.957248838639131,52.28808713883203
B3_M02,B3_S,B3,M0,323,located,5.835390806077792,-3.2991498041088008,51.00213941923119
B3_M02,B3_S,B3,M0,324,located,5.827115073666881,-2.8654529381623135,53.993635939112615
B3_M02,B3_S,B3,M0,325,located,5.311438339798135,-5.698140330246616,51.67581212483501
B3_M02,B3_S,B3,M0,326,located,5.8392878510719886,-2.7047269089148287,55.03434234709357
B3_M02,B3_S,B3,M0,327,located,6.1654551554216654,-5.026956604868751,56.50333215046067
B3_M02,B3_S,B3,M0,328,located,6.843566046227096,-4.122405440838321,54.99172113039713
B3_M02,B3_S,B3,M0,329,located,5.274575378106633,-4.219009897376672,56.61439915352345
B3_M02,B3_S,B3,M0,330,located,5.951109890754095,-6.553919989443138,52.85894864949423
B3_M02,B3_S,B3,M0,331,located,5.530924927511968,-2.8673490942225754,54.15035858277846
B3_M02,B3_S,B3,M0,332,located,4.443349614052817,-5.099643221727405,55.446019612882814
B3_M02,B3_S,B3,M0,333,located,5.414801464946458,-2.5015279899354113,56.400818741782714
B3_M02,B3_S,B3,M0,334,located,5.234635951870813,-2.8815064265820283,53.159218975097744
B3_M02,B3_S,B3,M0,335,located,5.977761775604628,-3.0532018247803734,52.334570759297236
B3_M02,B3_S,B3,M0,336,located,4.645649100772322,-4.172943857051834,55.32474785706201
B3_M02,B3_S,B3,M0,337,located,4.427023554871462,-5.42289096507146,53.41438161677241
B3_M02,B3_S,B3,M0,338,located,4.803067536002135,-4.356788247320864,56.81546259465314
B3_M02,B3_S,B3,M0,339,located,4.493153530642166,-4.446540061535842,56.246530320333235
B3_M02,B3_S,B3,M0,340,located,5.374413499304985,-4.583779451497648,51.8067213686876
B3_M02,B3_S,B3,M0,341,located,6.529673976825667,-4.242270235490828,53.51323290837547
B3_M02,B3_S,B3,M0,342,located,6.40971847642059,-4.13792736471536,53.88722834400451
B3_M02,B3_S,B3,M0,343,located,6.580397788186007,-4.488777873226418,51.10440153469184
B3_M02,B3_S,B3,M0,344,located,4.737835309082192,-5.270142453476701,53.456321224002835
B3_M02,B3_S,B3,M0,345,located,6.916610402698705,-4.6019901687353695,50.62698847400158
B3_M02,B3_S,B3,M0,346,located,6.0975482155894385,-5.984583717763776,51.42082219074094
B3_M02,B3_S,B3,M0,347,located,5.974593655534915,-3.034845693536731,56.574500961694156
B3_M02,B3_S,B3,M0,348,located,5.243318688619745,-5.038712482490737,56.755563422925206
B3_M02,B3_S,B3,M0,349,located,6.260196246498642,-4.087269186361915,51.957997851766606
B3_M02,B3_S,B3,M0,350,located,6.864436221874215,-2.847850829967655,55.85089540941874
B3_M02,B3_S,B3,M0,351,located,4.872400796945206,-6.037767258564941,50.857584743214
B3_M02,B3_S,B3,M0,352,located,6.25443338263509,-2.503034238530404,52.269137651352764
B3_M02,B3_S,B3,M0,353,located,5.748205474356697,-5.23690181943595,52.39031705052652
B3_M02,B3_S,B3,M0,354,located,5.623055040834985,-2.589700243797708,57.78588909196579
B3_M02,B3_S,B3,M0,355,located,4.7828917722324205,-4.0380405415868665,57.669314073391604
B3_M02,B3_S,B3,M0,356,located,5.640276520431771,-3.250864017099829,53.53455907297914
B3_M02,B3_S,B3,M0,357,located,4.842252820175032,-5.126724508438244,55.36159019806784
B3_M02,B3_S,B3,M0,358,located,4.096109165428376,-5.0756449020073475,56.27090301194858
B3_M02,B3_S,B3,M0,359,located,5.056286966666438,-3.2787267373471636,52.227863264223
B3_M02,B3_S,B3,M0,360,located,5.427740503068967,-3.4888945973601295,54.477522435968886
B3_M02,B3_S,B3,M0,361,located,4.604958872686203,-5.598105993659509,53.86336609156206
B3_M02,B3_S,B3,M0,362,located,6.016845562990482,-3.0084582991923696,54.126715108240916
B3_M02,B3_S,B3,M0,363,located,5.600117612744882,-4.993733528138179,53.77666110343245
B3_M02,B3_S,B3,M0,364,located,6.264731958812927,-4.970185343990153,56.737214959578075
B3_M02,B3_S,B3,M0,365,located,5.564747419445756,-5.558385342420323,53.67982551221055
B3_M02,B3_S,B3,M0,366,located,6.9829512951265285,-4.908397952503691,56.84932511246625
B3_M02,B3_S,B3,M0,367,located,6.4054221254686325,-3.4532762246498336,56.0586026396541
B3_M02,B3_S,B3,M0,368,located,5.367054939391155,-2.1674737831612916,55.445405611860586
B3_M02,B3_S,B3,M0,369,located,5.705761059944245,-5.818250168723672,55.494881120067255
B3_M02,B3_S,B3,M0,370,located,5.800587978548798,-5.156028871806377,56.47898715521878
B3_M02,B3_S,B3,M0,371,located,6.016758834818515,-5.003871705257936,57.2129323325327
B3_M02,B3_S,B3,M0,372,located,5.09116082996004,-4.893751469210166,52.54289288166727
B3_M02,B3_S,B3,M0,373,located,4.404033523922696,-5.43865100045155,54.82531266261031
B3_M02,B3_S,B3,M0,374,located,6.171628598036496,-4.962855126303339,55.26447662698362
B3_M02,B3_S,B3,M0,375,located,5.416034114759495,-3.4150072511343623,56.139944601252324
B3_M02,B3_S,B3,M0,376,located,7.3351337669717305,-5.065207449292245,52.094802081250286
B3_M02,B3_S,B3,M0,377,located,6.237018974227154,-3.7466024002247664,54.12438356382828
B3_M02,B3_S,B3,M0,378,located,4.450494975153773,-4.1631172427518806,55.05007610309674
B3_M02,B3_S,B3,M0,379,located,6.968530627897872,-5.337746433627025,53.027118715468326
B3_M02,B3_S,B3,M0,380,located,5.640435034929991,-4.019771485646189,54.08962430508284
B3_M02,B3_S,B3,M0,381,located,5.938967844939094,-5.377807907414045,57.860010116332305
B3_M02,B3_S,B3,M0,382,located,5.0339358252635,-4.2936368141864065,54.28672305697841
B3_M02,B3_S,B3,M0,383,located,5.242025681937914,-2.486781561570865,55.82600553682821
B3_M02,B3_S,B3,M0,384,located,4.462831679615092,-4.21182737809287,53.70795269291171
B3_M02,B3_S,B3,M0,385,located,6.510047643855523,-5.3019321547903004,50.66000511323528
B3_M02,B3_S,B3,M0,386,located,5.042476438655794,-4.123061522908046,53.90123706955665
B3_M02,B3_S,B3,M0,387,located,6.098680158123351,-3.867745625660149,54.058849277435066
B3_M02,B3_S,B3,M0,388,located,5.415773406643766,-4.871621001340969,51.41002559238961
B3_M02,B3_S,B3,M0,389,located,6.217765736626618,-3.852577950974627,53.44006999560131
B3_M02,B3_S,B3,M0,390,located,6.332422946026383,-6.3312692881846075,52.52437137094193
B3_M02,B3_S,B3,M0,391,located,5.999360851231532,-5.574754456877031,56.40891562754701
B3_M02,B3_S,B3,M0,392,located,5.363630022152365,-6.29503594620757,53.00401105165729
B3_M02,B3_S,B3,M0,393,located,7.513232819728621,-4.777126731070197,52.00663113208961
B3_M02,B3_S,B3,M0,394,located,6.643427089078268,-5.044601658019445,54.99236173551144
B3_M02,B3_S,B3,M0,395,located,6.848066282337969,-5.511306344657065,50.14653458328395
B3_M02,B3_S,B3,M0,396,located,5.099197525463302,-5.544407544956705,54.05953027953663
B3_M02,B3_S,B3,M0,397,located,3.0943711753351826,-4.843414314699636,55.54914786447285
B3_M02,B3_S,B3,M0,398,located,5.1720248523737,-5.325869152403712,53.80461842804441
B3_M02,B3_S,B3,M0,399,located,5.507278050696128,-2.641025903779486,55.757261986554376
B3_M02,B3_S,B3,Consensus + Uncertainty,0,located,7.438671842242243,-5.322833418132895,55.46095047727983
B3_M02,B3_S,B3,Consensus + Uncertainty,1,located,7.129607242148622,-3.7246459794051816,52.45821463726783
B3_M02,B3_S,B3,Consensus + Uncertainty,2,located,5.3114334119496585,-3.713802245719698,54.17509155512611
B3_M02,B3_S,B3,Consensus + Uncertainty,3,located,8.850745217764056,-4.074441182614308,57.02955363173885
B3_M02,B3_S,B3,Consensus + Uncertainty,4,located,5.399145643641465,-3.8218372730050625,55.49158495282678
B3_M02,B3_S,B3,Consensus + Uncertainty,5,located,7.120138001113754,-3.7692470544572387,55.4596914230634
B3_M02,B3_S,B3,Consensus + Uncertainty,6,located,5.882890283937515,-3.6585139722854123,53.51031728333953
B3_M02,B3_S,B3,Consensus + Uncertainty,7,located,7.6356024340171444,-4.111526571858768,56.01167422339941
B3_M02,B3_S,B3,Consensus + Uncertainty,8,reject,,,
B3_M02,B3_S,B3,Consensus + Uncertainty,9,located,6.622920561402015,-2.9667316081039132,55.67245533759232
B3_M02,B3_S,B3,Consensus + Uncertainty,10,located,7.121717896784931,-2.3011921319639725,56.092892070746124
B3_M02,B3_S,B3,Consensus + Uncertainty,11,located,8.349723639650136,-2.1414471880828714,56.200041735084326
B3_M02,B3_S,B3,Consensus + Uncertainty,12,located,7.7849137683015215,-3.8193642951449505,57.062863528751734
B3_M02,B3_S,B3,Consensus + Uncertainty,13,located,7.624971081410723,-3.0639592686470962,54.96693700641232
B3_M02,B3_S,B3,Consensus + Uncertainty,14,located,7.929311686733603,-3.452971174359589,55.37751917689234
B3_M02,B3_S,B3,Consensus + Uncertainty,15,located,8.004714624885075,-5.014154206604495,54.382543635969704
B3_M02,B3_S,B3,Consensus + Uncertainty,16,located,6.820212859429945,-4.030627195046783,54.15061548354717
B3_M02,B3_S,B3,Consensus + Uncertainty,17,located,7.397196459944835,-4.434325521940872,54.85737756473253
B3_M02,B3_S,B3,Consensus + Uncertainty,18,located,7.468145736606213,-4.486549407682361,55.250981846283864
B3_M02,B3_S,B3,Consensus + Uncertainty,19,located,7.650794901146603,-4.52391225615585,55.34162272024258
B3_M02,B3_S,B3,Consensus + Uncertainty,20,located,4.856100784217005,-4.898634319657205,56.15080394004842
B3_M02,B3_S,B3,Consensus + Uncertainty,21,located,6.701694705867643,-2.639711924479691,53.82475390672476
B3_M02,B3_S,B3,Consensus + Uncertainty,22,located,5.230699801449577,-2.704882072011678,58.090273761284344
B3_M02,B3_S,B3,Consensus + Uncertainty,23,located,6.920255192556261,-2.23930823512039,54.1910749402687
B3_M02,B3_S,B3,Consensus + Uncertainty,24,located,6.17099339846886,-3.563389774332734,53.34760878618515
B3_M02,B3_S,B3,Consensus + Uncertainty,25,located,9.159388590503601,-3.6110594879148152,49.228617020770365
B3_M02,B3_S,B3,Consensus + Uncertainty,26,located,7.497756490936464,-3.4793839265077153,54.9299642340645
B3_M02,B3_S,B3,Consensus + Uncertainty,27,located,5.130562134746272,-2.739011578422037,54.470697376785736
B3_M02,B3_S,B3,Consensus + Uncertainty,28,located,7.000251783614629,-2.9976763155526527,58.98556161062248
B3_M02,B3_S,B3,Consensus + Uncertainty,29,located,5.219194807756643,-5.97338256219323,51.901087157963055
B3_M02,B3_S,B3,Consensus + Uncertainty,30,located,7.436100775362003,-4.7618872557017795,57.079233047425134
B3_M02,B3_S,B3,Consensus + Uncertainty,31,located,5.778718737852835,-3.7142711284614087,55.241114119214004
B3_M02,B3_S,B3,Consensus + Uncertainty,32,located,8.783091048749435,-3.923576279436844,57.746954886770716
B3_M02,B3_S,B3,Consensus + Uncertainty,33,located,7.959313492232254,-4.7672340975556935,52.682026374626425
B3_M02,B3_S,B3,Consensus + Uncertainty,34,located,8.983088541167037,-3.167542284227814,56.91795077891368
B3_M02,B3_S,B3,Consensus + Uncertainty,35,located,7.570993499765037,-3.1932336745032543,54.8794551550088
B3_M02,B3_S,B3,Consensus + Uncertainty,36,located,6.340521924119615,-7.325021909748301,52.1555962295545
B3_M02,B3_S,B3,Consensus + Uncertainty,37,located,5.447695351862244,-5.687137548551544,53.92470477543205
B3_M02,B3_S,B3,Consensus + Uncertainty,38,located,5.371559780717393,-4.659439908514614,54.86878470424491
B3_M02,B3_S,B3,Consensus + Uncertainty,39,located,5.819184137636018,-3.1165203662647727,54.33842108790535
B3_M02,B3_S,B3,Consensus + Uncertainty,40,located,6.601458975342173,-2.862495545631184,54.63137049050809
B3_M02,B3_S,B3,Consensus + Uncertainty,41,located,8.137217609886777,-4.633702257650505,52.15126989008977
B3_M02,B3_S,B3,Consensus + Uncertainty,42,located,7.2290263161720265,-5.050472745932645,50.37010562820154
B3_M02,B3_S,B3,Consensus + Uncertainty,43,located,6.803126964483526,-3.2508189723817154,54.83194605201592
B3_M02,B3_S,B3,Consensus + Uncertainty,44,located,8.552712670277874,-3.844715049136835,57.78667034493335
B3_M02,B3_S,B3,Consensus + Uncertainty,45,located,6.719141831520711,-3.804740518088991,54.002672305144856
B3_M02,B3_S,B3,Consensus + Uncertainty,46,located,3.9526608962170604,-2.924276667862621,53.42912550281022
B3_M02,B3_S,B3,Consensus + Uncertainty,47,located,7.533134003241865,-3.827302072125576,54.841636473431095
B3_M02,B3_S,B3,Consensus + Uncertainty,48,located,6.999933406385329,-5.666456409113303,51.88075279630165
B3_M02,B3_S,B3,Consensus + Uncertainty,49,located,3.374203341185832,-3.7591853274709166,55.73201129799113
B3_M02,B3_S,B3,Consensus + Uncertainty,50,located,6.29868124858369,-3.055345243026567,53.775624240424776
B3_M02,B3_S,B3,Consensus + Uncertainty,51,located,6.109143796367709,-3.238778834038655,57.09199629227147
B3_M02,B3_S,B3,Consensus + Uncertainty,52,located,6.80483531958608,-5.019613796504913,53.24733378542909
B3_M02,B3_S,B3,Consensus + Uncertainty,53,located,8.507223054454505,-4.260910247418622,55.72692801258458
B3_M02,B3_S,B3,Consensus + Uncertainty,54,located,6.617685202283174,-2.0147680486782917,57.57183691612691
B3_M02,B3_S,B3,Consensus + Uncertainty,55,located,6.472357181593409,-5.9421673968994355,52.93670149803924
B3_M02,B3_S,B3,Consensus + Uncertainty,56,located,7.376919727679628,-3.519940724084506,53.255756621918664
B3_M02,B3_S,B3,Consensus + Uncertainty,57,located,6.892268740561844,-4.308749321454535,59.336196807844615
B3_M02,B3_S,B3,Consensus + Uncertainty,58,located,8.947105477924362,-4.378430539291664,55.44897067846359
B3_M02,B3_S,B3,Consensus + Uncertainty,59,located,5.509888035555309,-2.6250333977522846,53.634972514650066
B3_M02,B3_S,B3,Consensus + Uncertainty,60,located,10.131247147846361,-4.4139164538106215,57.139285060177755
B3_M02,B3_S,B3,Consensus + Uncertainty,61,located,7.676759045222055,-4.751992921327684,56.57810217265
B3_M02,B3_S,B3,Consensus + Uncertainty,62,located,7.545869059716674,-1.7694500519065386,52.812482725100956
B3_M02,B3_S,B3,Consensus + Uncertainty,63,located,7.730919055909421,-4.691196306818732,50.11660212538537
B3_M02,B3_S,B3,Consensus + Uncertainty,64,located,4.909031157100608,-4.762948321323471,53.917926935377885
B3_M02,B3_S,B3,Consensus + Uncertainty,65,located,5.8612547065440666,-3.0366158262659817,55.02050629569091
B3_M02,B3_S,B3,Consensus + Uncertainty,66,located,6.454820531086405,-3.2301160568186162,54.96022689739422
B3_M02,B3_S,B3,Consensus + Uncertainty,67,located,7.0027128077429825,-3.2990164066788132,53.5748797737989
B3_M02,B3_S,B3,Consensus + Uncertainty,68,located,5.354145318601862,-1.0203595374497283,57.59045756308318
B3_M02,B3_S,B3,Consensus + Uncertainty,69,located,6.266357004351365,-1.6654742754293963,56.16316296208664
B3_M02,B3_S,B3,Consensus + Uncertainty,70,located,6.793540198430159,-2.6863786487460857,52.89286608896859
B3_M02,B3_S,B3,Consensus + Uncertainty,71,located,6.075974591633426,-4.161973993486782,54.60548276832146
B3_M02,B3_S,B3,Consensus + Uncertainty,72,located,8.36862953730562,-2.196622149964476,56.61229926740289
B3_M02,B3_S,B3,Consensus + Uncertainty,73,located,7.063847676608384,-3.9502107510573197,55.660780780207304
B3_M02,B3_S,B3,Consensus + Uncertainty,74,located,6.415046358040124,-4.229156917187389,55.11103556355031
B3_M02,B3_S,B3,Consensus + Uncertainty,75,located,6.212782587120115,-4.127300494473587,55.27701635659868
B3_M02,B3_S,B3,Consensus + Uncertainty,76,located,6.4176761794244515,-2.6376795072657373,52.57208949649264
B3_M02,B3_S,B3,Consensus + Uncertainty,77,located,5.994286425842637,-2.963510533802456,52.504741656652214
B3_M02,B3_S,B3,Consensus + Uncertainty,78,located,7.179927904968938,-2.7606548120533674,55.184235518841184
B3_M02,B3_S,B3,Consensus + Uncertainty,79,located,8.391575775648919,-4.406095692681909,52.67458628587177
B3_M02,B3_S,B3,Consensus + Uncertainty,80,located,6.0892020622253344,-3.75547112923795,55.18015763109988
B3_M02,B3_S,B3,Consensus + Uncertainty,81,located,5.961864685354759,-4.2581894453893625,53.773105261826394
B3_M02,B3_S,B3,Consensus + Uncertainty,82,located,6.2785643499193196,-4.010064057758974,52.88219306678017
B3_M02,B3_S,B3,Consensus + Uncertainty,83,located,8.177684599043243,-6.819726301091507,50.747692293944986
B3_M02,B3_S,B3,Consensus + Uncertainty,84,located,7.312401426674496,-3.912682616308004,57.28346173842363
B3_M02,B3_S,B3,Consensus + Uncertainty,85,reject,,,
B3_M02,B3_S,B3,Consensus + Uncertainty,86,located,6.61669420902007,-4.047967243677093,52.112821130744464
B3_M02,B3_S,B3,Consensus + Uncertainty,87,located,3.3935585034209512,-3.7654822182811785,53.71996991912686
B3_M02,B3_S,B3,Consensus + Uncertainty,88,located,3.2257932589590332,-7.409487184010629,53.77104317840854
B3_M02,B3_S,B3,Consensus + Uncertainty,89,located,4.33523831530224,-4.879825748187464,53.901790530633996
B3_M02,B3_S,B3,Consensus + Uncertainty,90,located,5.4842714357156135,-4.272124471147302,54.4048020420523
B3_M02,B3_S,B3,Consensus + Uncertainty,91,located,6.502714170167749,-5.504497727012222,56.56381876925253
B3_M02,B3_S,B3,Consensus + Uncertainty,92,located,5.69982999869307,-3.1975161770650864,54.848250196176046
B3_M02,B3_S,B3,Consensus + Uncertainty,93,located,7.517231134148878,-4.770265281165308,54.06269419633264
B3_M02,B3_S,B3,Consensus + Uncertainty,94,located,8.07229804765456,-5.1644757514210085,56.51160713031663
B3_M02,B3_S,B3,Consensus + Uncertainty,95,located,6.990839391293323,-3.9334775015362595,53.50961139133825
B3_M02,B3_S,B3,Consensus + Uncertainty,96,located,5.186348682478169,-8.12616710708565,55.55915611275475
B3_M02,B3_S,B3,Consensus + Uncertainty,97,located,7.526719005789311,-5.82031455830051,54.18242166548479
B3_M02,B3_S,B3,Consensus + Uncertainty,98,located,7.007991863889916,-3.6431961819502012,54.70216327714112
B3_M02,B3_S,B3,Consensus + Uncertainty,99,located,5.572582335996009,-4.114261588590331,55.606594733275244
B3_M02,B3_S,B3,Consensus + Uncertainty,100,located,8.304314913404609,-4.718064849037873,52.39918967670198
B3_M02,B3_S,B3,Consensus + Uncertainty,101,located,5.143293268454349,-3.4062871471628,55.52908537100561
B3_M02,B3_S,B3,Consensus + Uncertainty,102,located,6.604786116032486,-4.815513735753335,58.04168804759027
B3_M02,B3_S,B3,Consensus + Uncertainty,103,located,5.083602965406072,-3.0901450767167553,56.50598426400998
B3_M02,B3_S,B3,Consensus + Uncertainty,104,located,5.226385850302444,-3.300264220221436,55.84856064511442
B3_M02,B3_S,B3,Consensus + Uncertainty,105,located,6.033454609496288,-5.0752519580189315,54.495537309102396
B3_M02,B3_S,B3,Consensus + Uncertainty,106,located,7.756409930718051,-4.768664692135069,50.98595306737562
B3_M02,B3_S,B3,Consensus + Uncertainty,107,located,6.9396198713435675,-3.5623842836257165,55.29144120909532
B3_M02,B3_S,B3,Consensus + Uncertainty,108,located,6.659510184065386,-7.121097889916889,56.160430537565205
B3_M02,B3_S,B3,Consensus + Uncertainty,109,located,8.053551193125811,-3.2803097466242974,56.68380730758078
B3_M02,B3_S,B3,Consensus + Uncertainty,110,located,6.1256092026166025,-2.6640899514306273,51.43079267750142
B3_M02,B3_S,B3,Consensus + Uncertainty,111,located,5.826707004294511,-3.0183642775655812,56.38389854205123
B3_M02,B3_S,B3,Consensus + Uncertainty,112,located,6.795399078566518,-4.0121624867632875,51.00360646768864
B3_M02,B3_S,B3,Consensus + Uncertainty,113,located,7.578140994112589,-4.97209056041882,56.03715748715157
B3_M02,B3_S,B3,Consensus + Uncertainty,114,located,6.4108156814658415,-3.0543037871568934,54.67342866099178
B3_M02,B3_S,B3,Consensus + Uncertainty,115,located,7.434116721068994,-5.348411603884813,54.37461143347577
B3_M02,B3_S,B3,Consensus + Uncertainty,116,located,8.22561508984805,-4.00745372846697,51.83185711121285
B3_M02,B3_S,B3,Consensus + Uncertainty,117,located,5.803400071911664,-2.6257315309993032,54.61937690889109
B3_M02,B3_S,B3,Consensus + Uncertainty,118,located,6.730453166325108,-3.7521631003223916,52.322973932851596
B3_M02,B3_S,B3,Consensus + Uncertainty,119,located,8.055760536313729,-4.097522077729387,50.310491450501594
B3_M02,B3_S,B3,Consensus + Uncertainty,120,located,5.760014287327362,-5.904048035101539,55.46722211621011
B3_M02,B3_S,B3,Consensus + Uncertainty,121,located,7.323194662692577,-4.1142005088197315,55.76343729206319
B3_M02,B3_S,B3,Consensus + Uncertainty,122,located,9.46407341115077,-2.6913795456181475,54.635070729124536
B3_M02,B3_S,B3,Consensus + Uncertainty,123,located,5.776796438343151,-2.5505837046677957,53.72711608430221
B3_M02,B3_S,B3,Consensus + Uncertainty,124,located,8.18507791009732,-5.659682119640237,54.112855860502705
B3_M02,B3_S,B3,Consensus + Uncertainty,125,located,5.44820859891862,-4.530964948208975,53.54860726840707
B3_M02,B3_S,B3,Consensus + Uncertainty,126,located,7.199429315723933,-1.8566677847203295,55.01102858544226
B3_M02,B3_S,B3,Consensus + Uncertainty,127,located,7.443229777932473,-3.459310622081105,57.898447807257014
B3_M02,B3_S,B3,Consensus + Uncertainty,128,located,6.657252369814939,-3.3676561099418265,54.384085170761274
B3_M02,B3_S,B3,Consensus + Uncertainty,129,located,6.901373651599262,-2.314564560720399,55.659151598516765
B3_M02,B3_S,B3,Consensus + Uncertainty,130,located,5.915043010743152,-2.3686201809550695,53.40447283717948
B3_M02,B3_S,B3,Consensus + Uncertainty,131,located,8.40063788418632,-5.205192189524176,51.66782508246247
B3_M02,B3_S,B3,Consensus + Uncertainty,132,located,8.78562667999086,-3.9615760412614165,52.01591107332022
B3_M02,B3_S,B3,Consensus + Uncertainty,133,located,7.02568722140226,-4.5679092698981485,54.510820807586946
B3_M02,B3_S,B3,Consensus + Uncertainty,134,located,6.893502196726621,-6.32377173559356,56.50642608302727
B3_M02,B3_S,B3,Consensus + Uncertainty,135,located,6.831104791852061,-4.032588511533707,52.67605630022211
B3_M02,B3_S,B3,Consensus + Uncertainty,136,located,4.887678466268646,-3.689653879712239,53.99259960443117
B3_M02,B3_S,B3,Consensus + Uncertainty,137,located,7.313315656392101,-3.509159808800206,53.295004482225124
B3_M02,B3_S,B3,Consensus + Uncertainty,138,located,7.767550373468319,-1.5678679977111187,56.030306218492576
B3_M02,B3_S,B3,Consensus + Uncertainty,139,located,6.620283185018179,-4.9653622865072276,55.61963360998454
B3_M02,B3_S,B3,Consensus + Uncertainty,140,located,6.60112582678881,-5.071697303700791,53.09189034928276
B3_M02,B3_S,B3,Consensus + Uncertainty,141,located,7.346704684750408,-4.419488629588834,54.31363646941837
B3_M02,B3_S,B3,Consensus + Uncertainty,142,located,7.051917723082335,-3.054710036540449,57.42935573376506
B3_M02,B3_S,B3,Consensus + Uncertainty,143,located,5.837776484963967,-3.9347962967724968,53.67290483551269
B3_M02,B3_S,B3,Consensus + Uncertainty,144,located,7.7166825679148365,-0.222668755770691,56.00084722523538
B3_M02,B3_S,B3,Consensus + Uncertainty,145,located,6.0899459974249845,-3.061804483673974,56.0072008532733
B3_M02,B3_S,B3,Consensus + Uncertainty,146,located,7.106469454599781,-4.234162367067398,57.672128099405484
B3_M02,B3_S,B3,Consensus + Uncertainty,147,located,6.915875521300362,-2.5196331798223,56.11488802579255
B3_M02,B3_S,B3,Consensus + Uncertainty,148,located,8.309318692826457,-4.450375294324422,55.18198497175378
B3_M02,B3_S,B3,Consensus + Uncertainty,149,located,6.473484614113391,-3.0873030755505795,57.61349782047643
B3_M02,B3_S,B3,Consensus + Uncertainty,150,located,6.686189943193478,-2.9010668661698418,58.17450695758965
B3_M02,B3_S,B3,Consensus + Uncertainty,151,located,7.37383743230043,-5.55413224753412,52.270969205101956
B3_M02,B3_S,B3,Consensus + Uncertainty,152,located,7.576230876476439,-3.283541902008089,52.9952105290693
B3_M02,B3_S,B3,Consensus + Uncertainty,153,located,5.7262967001874445,-4.136224230593054,55.97354112382458
B3_M02,B3_S,B3,Consensus + Uncertainty,154,located,7.069929119001356,-3.3764863843413266,51.96347402272133
B3_M02,B3_S,B3,Consensus + Uncertainty,155,located,6.483936835289586,-2.8362746389330225,54.281212046897636
B3_M02,B3_S,B3,Consensus + Uncertainty,156,located,4.965120216834569,-5.310440906489312,55.953711837261665
B3_M02,B3_S,B3,Consensus + Uncertainty,157,located,8.197269919061341,-3.6580557572580332,56.438923811684845
B3_M02,B3_S,B3,Consensus + Uncertainty,158,located,6.741742078523355,-4.0972133871568275,54.386363907675786
B3_M02,B3_S,B3,Consensus + Uncertainty,159,located,7.718515383586266,-3.7622512628114038,50.88749233834526
B3_M02,B3_S,B3,Consensus + Uncertainty,160,located,7.64096726039713,-4.22775532875316,55.62910983532906
B3_M02,B3_S,B3,Consensus + Uncertainty,161,located,5.399581094053452,-2.722514898069946,55.89997967932658
B3_M02,B3_S,B3,Consensus + Uncertainty,162,located,8.457607864726052,-2.6039168220970126,55.654143041615434
B3_M02,B3_S,B3,Consensus + Uncertainty,163,located,7.396806922667642,-3.4650752948605366,54.41112400829236
B3_M02,B3_S,B3,Consensus + Uncertainty,164,located,6.186908865019378,-3.376035750427377,54.48585084820152
B3_M02,B3_S,B3,Consensus + Uncertainty,165,located,6.895978570786276,-4.663524471906214,50.68599450352918
B3_M02,B3_S,B3,Consensus + Uncertainty,166,located,6.53006654348429,-4.5478318244745,54.82957321748172
B3_M02,B3_S,B3,Consensus + Uncertainty,167,located,6.925798582648494,-2.735154673630227,55.44291464686939
B3_M02,B3_S,B3,Consensus + Uncertainty,168,located,5.809252257199686,-7.227418450980814,52.00770784771168
B3_M02,B3_S,B3,Consensus + Uncertainty,169,located,7.074426989043509,-4.002560101755119,55.45734094847857
B3_M02,B3_S,B3,Consensus + Uncertainty,170,located,8.578055069030542,-3.0080177373593457,57.399244720881335
B3_M02,B3_S,B3,Consensus + Uncertainty,171,located,7.296279988175786,-3.808766025838352,58.11838825899072
B3_M02,B3_S,B3,Consensus + Uncertainty,172,located,5.623310197763278,-4.198447456405425,55.00966777236404
B3_M02,B3_S,B3,Consensus + Uncertainty,173,located,6.307041515450647,-2.4712036129006805,56.27352305853689
B3_M02,B3_S,B3,Consensus + Uncertainty,174,located,5.884872859998455,-3.4695108320134125,57.83473706700602
B3_M02,B3_S,B3,Consensus + Uncertainty,175,located,7.52165259209004,-2.9406413045508586,56.06064874099031
B3_M02,B3_S,B3,Consensus + Uncertainty,176,located,7.64959048559775,-3.927307487896563,51.92210261892389
B3_M02,B3_S,B3,Consensus + Uncertainty,177,located,7.796571801798565,-4.259898157001018,52.914058937990085
B3_M02,B3_S,B3,Consensus + Uncertainty,178,located,7.3273372007624396,-3.180720336548646,53.602807794998014
B3_M02,B3_S,B3,Consensus + Uncertainty,179,located,6.31560796597718,-3.6391565249077757,56.978805856403355
B3_M02,B3_S,B3,Consensus + Uncertainty,180,located,7.939776069797848,-3.3806715928639193,58.40889569264788
B3_M02,B3_S,B3,Consensus + Uncertainty,181,located,5.468656178277132,-2.9957113920299037,56.435724999837106
B3_M02,B3_S,B3,Consensus + Uncertainty,182,located,6.588442134271779,-4.897275182769775,53.589229971212625
B3_M02,B3_S,B3,Consensus + Uncertainty,183,located,8.367559485810414,-3.077463064072191,58.482172977555265
B3_M02,B3_S,B3,Consensus + Uncertainty,184,located,4.983689773948898,-4.326130930955177,55.2475530456002
B3_M02,B3_S,B3,Consensus + Uncertainty,185,located,6.477489544625803,-3.981591366042778,52.98393428150625
B3_M02,B3_S,B3,Consensus + Uncertainty,186,located,6.459099748370906,-4.22647576695131,57.381830425271254
B3_M02,B3_S,B3,Consensus + Uncertainty,187,located,7.913128080356676,-3.8859844485518664,57.146969034999955
B3_M02,B3_S,B3,Consensus + Uncertainty,188,located,6.080862543797492,-3.758817339244061,57.809859733009
B3_M02,B3_S,B3,Consensus + Uncertainty,189,located,4.709767626999078,-4.500752974264785,56.98628814690904
B3_M02,B3_S,B3,Consensus + Uncertainty,190,located,7.535242945105645,-3.0038392710361634,54.451456801650856
B3_M02,B3_S,B3,Consensus + Uncertainty,191,located,5.831665391593805,-2.6191166644307033,54.00044542714497
B3_M02,B3_S,B3,Consensus + Uncertainty,192,located,7.828705259076199,-3.562080986011047,55.11494228106009
B3_M02,B3_S,B3,Consensus + Uncertainty,193,located,7.248522460520161,-3.9136541078890446,54.32221062926932
B3_M02,B3_S,B3,Consensus + Uncertainty,194,located,6.399631202213369,-2.575634627188549,55.44594135310894
B3_M02,B3_S,B3,Consensus + Uncertainty,195,located,7.877471292788589,-3.951705880475275,53.10608898381466
B3_M02,B3_S,B3,Consensus + Uncertainty,196,located,7.963601193675,-6.554702015775419,48.070626319182544
B3_M02,B3_S,B3,Consensus + Uncertainty,197,located,5.1170003055911435,-4.877702167587891,53.64134358610807
B3_M02,B3_S,B3,Consensus + Uncertainty,198,located,7.949478201239447,-4.171770934453136,55.27128206679513
B3_M02,B3_S,B3,Consensus + Uncertainty,199,located,6.9008352640711195,-3.432260037846963,53.69669863361476
B3_M02,B3_S,B3,Consensus + Uncertainty,200,located,5.798488812839072,-3.4412987737328677,52.04068749170752
B3_M02,B3_S,B3,Consensus + Uncertainty,201,located,6.05539130773322,-3.1144399087888175,54.79120675504964
B3_M02,B3_S,B3,Consensus + Uncertainty,202,located,8.012280770581306,-3.3874655631744375,54.70327807150988
B3_M02,B3_S,B3,Consensus + Uncertainty,203,located,6.004927713785441,-2.994412554105118,53.898744847546816
B3_M02,B3_S,B3,Consensus + Uncertainty,204,located,7.984430913554721,-2.0320969577502233,51.94400393556166
B3_M02,B3_S,B3,Consensus + Uncertainty,205,located,6.920962699219977,-3.952242087883981,53.14224499382792
B3_M02,B3_S,B3,Consensus + Uncertainty,206,located,6.308129283395122,-3.337787616341311,57.44412389914515
B3_M02,B3_S,B3,Consensus + Uncertainty,207,located,5.665647272978613,-2.9838236980706796,54.022684270266645
B3_M02,B3_S,B3,Consensus + Uncertainty,208,located,5.306035063198405,-3.7428220029107617,53.092519771516315
B3_M02,B3_S,B3,Consensus + Uncertainty,209,located,4.479716310458998,-2.053400191519273,53.31127542856824
B3_M02,B3_S,B3,Consensus + Uncertainty,210,located,7.817063692222707,-3.639555303192104,56.95456886077778
B3_M02,B3_S,B3,Consensus + Uncertainty,211,located,6.5014417404830995,-2.388249989854522,55.83031926804787
B3_M02,B3_S,B3,Consensus + Uncertainty,212,located,10.346451461617855,-3.878223905018757,53.7740824774758
B3_M02,B3_S,B3,Consensus + Uncertainty,213,reject,,,
B3_M02,B3_S,B3,Consensus + Uncertainty,214,located,7.2835491893043915,-3.2033734072612106,58.86970058388674
B3_M02,B3_S,B3,Consensus + Uncertainty,215,located,10.053942600152213,-3.34207293116787,51.820165974474165
B3_M02,B3_S,B3,Consensus + Uncertainty,216,located,7.882869449473012,-4.787531932299231,55.549818354480955
B3_M02,B3_S,B3,Consensus + Uncertainty,217,located,7.432462685786809,-2.5495527103951545,57.658750809147826
B3_M02,B3_S,B3,Consensus + Uncertainty,218,located,7.053045045955852,-3.8291538556888796,53.662527399257044
B3_M02,B3_S,B3,Consensus + Uncertainty,219,located,8.1560785091308,-2.8041025861517213,55.856460823394485
B3_M02,B3_S,B3,Consensus + Uncertainty,220,located,6.959580588335617,-4.011373322821129,52.462349607676266
B3_M02,B3_S,B3,Consensus + Uncertainty,221,located,5.331008409438238,-2.946470813930823,52.450573478776555
B3_M02,B3_S,B3,Consensus + Uncertainty,222,located,7.255133995821991,-4.838098225094193,49.81864073256373
B3_M02,B3_S,B3,Consensus + Uncertainty,223,located,8.692583856879544,-3.451603484763538,57.678604461412384
B3_M02,B3_S,B3,Consensus + Uncertainty,224,located,7.209319766857061,-4.746929231623902,51.201050356426904
B3_M02,B3_S,B3,Consensus + Uncertainty,225,located,7.079110071727731,-2.478568058816279,60.19681805198608
B3_M02,B3_S,B3,Consensus + Uncertainty,226,located,6.482688676103502,-3.9800943649512277,54.41327304907389
B3_M02,B3_S,B3,Consensus + Uncertainty,227,located,6.879657509703096,-4.254859768439765,53.40374899989068
B3_M02,B3_S,B3,Consensus + Uncertainty,228,located,6.657201191736595,-4.348986038292281,52.46339437594568
B3_M02,B3_S,B3,Consensus + Uncertainty,229,located,6.396321478374104,-4.0688795773931545,52.6561345185779
B3_M02,B3_S,B3,Consensus + Uncertainty,230,located,7.736355461123648,-2.721775811079418,54.52687793880037
B3_M02,B3_S,B3,Consensus + Uncertainty,231,located,8.593685379839005,-2.0946935991050637,58.18456093905151
B3_M02,B3_S,B3,Consensus + Uncertainty,232,located,5.251999272984729,-2.765840245551523,55.70889200302078
B3_M02,B3_S,B3,Consensus + Uncertainty,233,located,9.086024075747778,-4.186374863797845,51.671945541982105
B3_M02,B3_S,B3,Consensus + Uncertainty,234,located,5.723217770109392,-2.443221936130948,55.21250834904236
B3_M02,B3_S,B3,Consensus + Uncertainty,235,located,7.785516686195819,-4.1717894944249565,54.35972353533257
B3_M02,B3_S,B3,Consensus + Uncertainty,236,located,4.975526043475102,-2.8299182770580362,52.55543894659195
B3_M02,B3_S,B3,Consensus + Uncertainty,237,located,7.949647337119988,-7.983252281137567,47.68007304483952
B3_M02,B3_S,B3,Consensus + Uncertainty,238,located,6.520254763776967,-2.738921443558226,52.06653618369388
B3_M02,B3_S,B3,Consensus + Uncertainty,239,located,5.003678194715199,-4.57522474653817,51.58739708618231
B3_M02,B3_S,B3,Consensus + Uncertainty,240,located,5.995607527441125,-3.5282081857107457,53.20223720801428
B3_M02,B3_S,B3,Consensus + Uncertainty,241,located,6.7819754355626065,-5.477504261508962,52.997354264083675
B3_M02,B3_S,B3,Consensus + Uncertainty,242,located,6.128004911820143,-4.373125098613123,52.91024824169753
B3_M02,B3_S,B3,Consensus + Uncertainty,243,located,7.027849039932269,-2.3395324487101092,55.743353609826606
B3_M02,B3_S,B3,Consensus + Uncertainty,244,located,5.849136076585063,-4.637302537577,54.7825535574101
B3_M02,B3_S,B3,Consensus + Uncertainty,245,located,6.44296320727422,-3.5051967083956015,56.57411285015448
B3_M02,B3_S,B3,Consensus + Uncertainty,246,located,6.046892434818184,-3.8194790414073054,55.55532379693936
B3_M02,B3_S,B3,Consensus + Uncertainty,247,located,4.970986059003598,-2.198423771606077,54.388937503262596
B3_M02,B3_S,B3,Consensus + Uncertainty,248,located,6.434266707304854,-3.0247152880007855,53.095023385501776
B3_M02,B3_S,B3,Consensus + Uncertainty,249,located,6.638645361111274,-2.8097659700256585,56.45567223502839
B3_M02,B3_S,B3,Consensus + Uncertainty,250,located,3.278478028047711,-3.960296101542898,55.14761516842892
B3_M02,B3_S,B3,Consensus + Uncertainty,251,located,6.909521043394917,-5.4895328343244785,55.29645348206791
B3_M02,B3_S,B3,Consensus + Uncertainty,252,located,4.590397550506736,-4.253486858839032,54.354790708354415
B3_M02,B3_S,B3,Consensus + Uncertainty,253,located,7.625139789100209,-2.6462678486615374,55.33992231461478
B3_M02,B3_S,B3,Consensus + Uncertainty,254,located,8.259359780185493,-3.2696295266220474,55.69129021291226
B3_M02,B3_S,B3,Consensus + Uncertainty,255,located,3.5282344333936986,-3.1013742337996817,54.08633188246863
B3_M02,B3_S,B3,Consensus + Uncertainty,256,located,7.0648407658365695,-4.090106634541783,53.29680456946197
B3_M02,B3_S,B3,Consensus + Uncertainty,257,located,7.947759164351677,-3.836658268868675,50.670543376488205
B3_M02,B3_S,B3,Consensus + Uncertainty,258,located,6.492667314941194,-3.076756245743823,55.49455829203506
B3_M02,B3_S,B3,Consensus + Uncertainty,259,located,7.632514941646669,-3.648749405705537,54.76153526046808
B3_M02,B3_S,B3,Consensus + Uncertainty,260,located,4.711966179909824,-3.4516864815516364,55.187839006605465
B3_M02,B3_S,B3,Consensus + Uncertainty,261,reject,,,
B3_M02,B3_S,B3,Consensus + Uncertainty,262,located,6.134149008059347,-2.776499475092919,53.238760261265604
B3_M02,B3_S,B3,Consensus + Uncertainty,263,located,5.355978403606507,-3.170387722164641,52.828278251489664
B3_M02,B3_S,B3,Consensus + Uncertainty,264,located,6.99292674946634,-3.685883681990358,54.95129038916039
B3_M02,B3_S,B3,Consensus + Uncertainty,265,located,7.390347871645952,-3.0618368515394465,53.10339625171188
B3_M02,B3_S,B3,Consensus + Uncertainty,266,located,6.667843912930072,-3.395205389878548,55.49446480145213
B3_M02,B3_S,B3,Consensus + Uncertainty,267,located,6.652262319281451,-0.8004546544286271,53.20035587374544
B3_M02,B3_S,B3,Consensus + Uncertainty,268,located,7.211554976362464,-4.044884207131339,57.61614466986531
B3_M02,B3_S,B3,Consensus + Uncertainty,269,located,6.997508111064866,-3.365030022666172,53.8213765822615
B3_M02,B3_S,B3,Consensus + Uncertainty,270,located,7.925407807771164,-3.4631400793912306,52.01307951160476
B3_M02,B3_S,B3,Consensus + Uncertainty,271,located,7.65598820195207,-3.737862832724415,52.17027347377321
B3_M02,B3_S,B3,Consensus + Uncertainty,272,located,6.364374764818719,-5.277314399615296,53.26776303819402
B3_M02,B3_S,B3,Consensus + Uncertainty,273,located,7.819069456867234,-5.670483918794844,56.31090024580847
B3_M02,B3_S,B3,Consensus + Uncertainty,274,located,6.150297183167364,-3.3495227813599833,53.286077135305575
B3_M02,B3_S,B3,Consensus + Uncertainty,275,located,8.03297478229821,-3.7638819723633006,56.13406418288872
B3_M02,B3_S,B3,Consensus + Uncertainty,276,located,4.654774470650721,-4.25958342371036,55.97526022040926
B3_M02,B3_S,B3,Consensus + Uncertainty,277,located,7.505043845144621,-3.9868859879874563,57.444572392027105
B3_M02,B3_S,B3,Consensus + Uncertainty,278,located,6.267691820082436,-2.9754569051243074,52.527341881308786
B3_M02,B3_S,B3,Consensus + Uncertainty,279,located,4.594943484111698,-3.823527816892522,54.297641122137236
B3_M02,B3_S,B3,Consensus + Uncertainty,280,located,8.091560595056603,-7.3808339167408334,52.73330954867578
B3_M02,B3_S,B3,Consensus + Uncertainty,281,located,7.015045483475769,-2.8806701883929797,55.55283671881174
B3_M02,B3_S,B3,Consensus + Uncertainty,282,located,6.391759489223031,-4.993520161599662,53.59497132436846
B3_M02,B3_S,B3,Consensus + Uncertainty,283,located,9.32762487967302,-4.215506059700516,55.618495274792856
B3_M02,B3_S,B3,Consensus + Uncertainty,284,located,9.067288604846333,-6.427230198476799,55.239290897192504
B3_M02,B3_S,B3,Consensus + Uncertainty,285,located,8.630379573622797,-3.442215880116457,56.69030329024006
B3_M02,B3_S,B3,Consensus + Uncertainty,286,located,6.619466616105703,-3.2484570787131766,55.63466141956118
B3_M02,B3_S,B3,Consensus + Uncertainty,287,located,5.4691763139649625,-2.8579128852656694,56.226643679975524
B3_M02,B3_S,B3,Consensus + Uncertainty,288,located,4.071860082035535,-3.1706859888526537,54.83934239350972
B3_M02,B3_S,B3,Consensus + Uncertainty,289,located,7.814884654655321,-2.091457787863664,50.15535083218125
B3_M02,B3_S,B3,Consensus + Uncertainty,290,located,6.304143766608269,-4.053283620530294,55.87638547491729
B3_M02,B3_S,B3,Consensus + Uncertainty,291,located,4.545638736329927,-3.322141855951216,57.2617353915119
B3_M02,B3_S,B3,Consensus + Uncertainty,292,located,7.63728538352449,-3.9265682837183675,53.00668828183669
B3_M02,B3_S,B3,Consensus + Uncertainty,293,located,5.3644565672108415,-2.6453943482650106,54.28817602918529
B3_M02,B3_S,B3,Consensus + Uncertainty,294,located,5.035604296553876,-4.9383753973549105,52.447149818378946
B3_M02,B3_S,B3,Consensus + Uncertainty,295,located,5.398673342045568,-2.45784620927828,53.716398058800586
B3_M02,B3_S,B3,Consensus + Uncertainty,296,located,4.898669644790333,-3.245299355884118,56.339584512131076
B3_M02,B3_S,B3,Consensus + Uncertainty,297,located,8.991464282141601,-3.763579199734483,52.982141288720776
B3_M02,B3_S,B3,Consensus + Uncertainty,298,located,7.6750762509059625,-2.6015059297864482,54.96926797737957
B3_M02,B3_S,B3,Consensus + Uncertainty,299,located,5.737395906341777,-5.379094684049512,52.989711347943135
B3_M02,B3_S,B3,Consensus + Uncertainty,300,located,7.202284842889923,-3.6438794172218323,53.424694840877976
B3_M02,B3_S,B3,Consensus + Uncertainty,301,located,7.57758094568176,-5.1629559946174055,56.5637200267902
B3_M02,B3_S,B3,Consensus + Uncertainty,302,located,7.069145002129396,-2.8117945353548706,52.0088522308346
B3_M02,B3_S,B3,Consensus + Uncertainty,303,located,8.404214140352861,-4.905538934841207,51.56299947074723
B3_M02,B3_S,B3,Consensus + Uncertainty,304,located,5.483984631250864,-3.5595343672270836,54.452870694982884
B3_M02,B3_S,B3,Consensus + Uncertainty,305,located,4.087694828751101,-2.9164712460072693,53.427470754147514
B3_M02,B3_S,B3,Consensus + Uncertainty,306,located,7.4609278950667,-3.497793888962228,51.77421093708898
B3_M02,B3_S,B3,Consensus + Uncertainty,307,located,8.022567678711036,-4.00657646073541,57.54232317628294
B3_M02,B3_S,B3,Consensus + Uncertainty,308,located,5.98060650111476,-4.300476789658667,52.34296397477617
B3_M02,B3_S,B3,Consensus + Uncertainty,309,located,9.293337444149877,-6.028579415833548,53.911981731582586
B3_M02,B3_S,B3,Consensus + Uncertainty,310,located,5.63881261832779,-4.108756737276114,58.174418348045954
B3_M02,B3_S,B3,Consensus + Uncertainty,311,located,9.45251546176626,-4.668862251707523,52.73521976844482
B3_M02,B3_S,B3,Consensus + Uncertainty,312,located,2.3263859272029057,-4.351736102371312,53.054418115751254
B3_M02,B3_S,B3,Consensus + Uncertainty,313,located,7.919934644324213,-4.612617145889091,52.931812003343346
B3_M02,B3_S,B3,Consensus + Uncertainty,314,located,8.458713814263014,-4.663657549086096,53.466306315079294
B3_M02,B3_S,B3,Consensus + Uncertainty,315,located,5.086640206909742,-4.355322619529453,55.79929301446369
B3_M02,B3_S,B3,Consensus + Uncertainty,316,located,6.39590417785531,-2.7842438717818387,57.465598807424875
B3_M02,B3_S,B3,Consensus + Uncertainty,317,located,8.136470081570545,-3.9696836614586317,51.54801445380825
B3_M02,B3_S,B3,Consensus + Uncertainty,318,located,6.216054464278604,-5.800403251807218,55.488104104507784
B3_M02,B3_S,B3,Consensus + Uncertainty,319,located,5.550779025731204,-4.961889853074755,55.293827773158846
B3_M02,B3_S,B3,Consensus + Uncertainty,320,located,7.456924018898523,-3.82577624468248,55.55237164504526
B3_M02,B3_S,B3,Consensus + Uncertainty,321,located,7.069783205719118,-3.671017996550944,54.66553464250877
B3_M02,B3_S,B3,Consensus + Uncertainty,322,located,7.631841144419604,-3.602496664365006,56.60219815614187
B3_M02,B3_S,B3,Consensus + Uncertainty,323,located,8.74905044701351,-4.799806370026168,52.409178042206776
B3_M02,B3_S,B3,Consensus + Uncertainty,324,located,6.51440417751015,-3.860025414288728,53.42483787616634
B3_M02,B3_S,B3,Consensus + Uncertainty,325,located,8.61659684667024,-4.725291466571633,53.14794802244028
B3_M02,B3_S,B3,Consensus + Uncertainty,326,located,6.42604155332818,-5.0298328371963805,56.267433793712925
B3_M02,B3_S,B3,Consensus + Uncertainty,327,located,5.775081193656366,-5.971270884850192,54.48454956507843
B3_M02,B3_S,B3,Consensus + Uncertainty,328,located,5.8583657906946724,-2.236667247127194,58.10365812981392
B3_M02,B3_S,B3,Consensus + Uncertainty,329,located,7.333748871439255,-3.2818796453072676,54.074963622993224
B3_M02,B3_S,B3,Consensus + Uncertainty,330,located,5.677685287261436,-4.708331945384067,51.85228515944184
B3_M02,B3_S,B3,Consensus + Uncertainty,331,located,5.413623282025385,-2.968498461039559,54.15172427829932
B3_M02,B3_S,B3,Consensus + Uncertainty,332,located,6.203847031170114,-5.605441629691448,55.44777515101577
B3_M02,B3_S,B3,Consensus + Uncertainty,333,located,6.930635100646075,-4.250514857369268,56.802819845518556
B3_M02,B3_S,B3,Consensus + Uncertainty,334,located,6.156019382327961,-3.47286831837701,55.44928510274509
B3_M02,B3_S,B3,Consensus + Uncertainty,335,located,5.837451059157549,-3.0948618172854196,57.86563931812353
B3_M02,B3_S,B3,Consensus + Uncertainty,336,located,7.013847626269345,-5.242287089342337,54.40450739714499
B3_M02,B3_S,B3,Consensus + Uncertainty,337,located,7.3113116707738595,-2.2823348895197952,54.74425773100553
B3_M02,B3_S,B3,Consensus + Uncertainty,338,located,5.680355293918637,-2.9239456733432547,55.88936686359681
B3_M02,B3_S,B3,Consensus + Uncertainty,339,located,8.01027746014906,-2.9157272008448487,56.16172976220055
B3_M02,B3_S,B3,Consensus + Uncertainty,340,located,6.904667054948285,-5.7856725868903425,55.256610248390025
B3_M02,B3_S,B3,Consensus + Uncertainty,341,located,7.089540266418325,-2.3232288849644327,55.28223519100314
B3_M02,B3_S,B3,Consensus + Uncertainty,342,located,5.930451620456212,-1.277953427311104,55.5474376218085
B3_M02,B3_S,B3,Consensus + Uncertainty,343,located,4.655947925735164,-3.5950153163986442,55.440544416354655
B3_M02,B3_S,B3,Consensus + Uncertainty,344,located,7.0749127927831825,-4.913201064417002,57.13566459482834
B3_M02,B3_S,B3,Consensus + Uncertainty,345,located,6.820256458144473,-4.531231910486376,55.90685904395016
B3_M02,B3_S,B3,Consensus + Uncertainty,346,located,5.9041433442248,-3.857154776133184,56.722878052205864
B3_M02,B3_S,B3,Consensus + Uncertainty,347,located,6.009127413773183,-4.2003353828639725,52.7847712694259
B3_M02,B3_S,B3,Consensus + Uncertainty,348,located,8.508207202085782,-5.613052588809168,52.140760826641156
B3_M02,B3_S,B3,Consensus + Uncertainty,349,located,7.551583125183168,-3.371638096661414,56.53664676407136
B3_M02,B3_S,B3,Consensus + Uncertainty,350,located,6.181761498591632,-3.843203762641366,51.897577195410236
B3_M02,B3_S,B3,Consensus + Uncertainty,351,located,4.6952662493597135,-3.5221382808832615,52.95852849457531
B3_M02,B3_S,B3,Consensus + Uncertainty,352,located,8.352753886105432,-5.141541267255725,50.21143991882898
B3_M02,B3_S,B3,Consensus + Uncertainty,353,located,7.584534636805725,-3.316282914723736,54.995470566447885
B3_M02,B3_S,B3,Consensus + Uncertainty,354,located,5.756520420513088,-4.2900284474672254,55.24280823578975
B3_M02,B3_S,B3,Consensus + Uncertainty,355,located,5.827043157951342,-3.170816087537438,55.196042431512346
B3_M02,B3_S,B3,Consensus + Uncertainty,356,located,5.562361821001386,-4.498991030145945,55.91779290354331
B3_M02,B3_S,B3,Consensus + Uncertainty,357,located,9.674157924211357,-4.009209422998943,58.80929871582223
B3_M02,B3_S,B3,Consensus + Uncertainty,358,located,7.406650056294295,-2.672160764644289,56.31511097953496
B3_M02,B3_S,B3,Consensus + Uncertainty,359,located,5.350730767531412,-4.3975616505278925,53.6537506011268
B3_M02,B3_S,B3,Consensus + Uncertainty,360,located,7.105025549846686,-2.3969366729664046,55.033686845431035
B3_M02,B3_S,B3,Consensus + Uncertainty,361,located,7.252601507389868,-2.9512760709493193,54.95679301981272
B3_M02,B3_S,B3,Consensus + Uncertainty,362,located,6.859811741876332,-3.9285858564316243,53.263097663691596
B3_M02,B3_S,B3,Consensus + Uncertainty,363,located,6.573544797543918,-3.065540358442858,55.72971756230213
B3_M02,B3_S,B3,Consensus + Uncertainty,364,located,6.214607979051076,-1.9454550565719728,58.45431982711704
B3_M02,B3_S,B3,Consensus + Uncertainty,365,located,7.172957507410276,-4.470795488327255,55.136009018846885
B3_M02,B3_S,B3,Consensus + Uncertainty,366,located,6.107336952013129,-3.6158189229843174,56.751614587975816
B3_M02,B3_S,B3,Consensus + Uncertainty,367,located,7.014827210756706,-1.8953373717275923,56.9761947765192
B3_M02,B3_S,B3,Consensus + Uncertainty,368,located,4.82790445965308,-4.623465171293795,53.52164872492471
B3_M02,B3_S,B3,Consensus + Uncertainty,369,located,6.710769033189261,-3.895842515269308,53.74327182141696
B3_M02,B3_S,B3,Consensus + Uncertainty,370,located,7.54027838324197,-5.55888326837691,54.23151722858537
B3_M02,B3_S,B3,Consensus + Uncertainty,371,located,8.022944443112003,-5.481383836968604,54.81176048698486
B3_M02,B3_S,B3,Consensus + Uncertainty,372,located,4.7045406447068245,-4.257174365911929,54.461707201838955
B3_M02,B3_S,B3,Consensus + Uncertainty,373,located,6.833344965249242,-1.796647853737241,56.78142269105443
B3_M02,B3_S,B3,Consensus + Uncertainty,374,located,5.870109072063722,-5.136684798699616,52.70524840639313
B3_M02,B3_S,B3,Consensus + Uncertainty,375,located,9.326799622779582,-4.396886337325753,57.90666535156721
B3_M02,B3_S,B3,Consensus + Uncertainty,376,located,7.663448192106192,-3.815470662278841,56.63832643386727
B3_M02,B3_S,B3,Consensus + Uncertainty,377,located,6.424497069948752,-2.26510730164798,55.59916965802571
B3_M02,B3_S,B3,Consensus + Uncertainty,378,located,6.764918768032839,-2.143404164502117,51.11565643272243
B3_M02,B3_S,B3,Consensus + Uncertainty,379,located,8.213402620859386,-5.123789271883183,52.13045237247835
B3_M02,B3_S,B3,Consensus + Uncertainty,380,located,7.8732781332618,-4.421496956406717,55.537230265367334
B3_M02,B3_S,B3,Consensus + Uncertainty,381,located,4.712850745842098,-3.519279360058796,53.84241116391721
B3_M02,B3_S,B3,Consensus + Uncertainty,382,located,4.763712653216509,-4.9666072606223395,54.899204686125266
B3_M02,B3_S,B3,Consensus + Uncertainty,383,located,5.054591835990981,-2.6058725450764566,54.479118472621565
B3_M02,B3_S,B3,Consensus + Uncertainty,384,located,6.46674314002288,-3.6372844171605703,53.65057078142211
B3_M02,B3_S,B3,Consensus + Uncertainty,385,located,5.10779856136523,-4.685236679312595,55.950367918026515
B3_M02,B3_S,B3,Consensus + Uncertainty,386,located,7.342539030461346,-5.168009823388225,50.27366221557715
B3_M02,B3_S,B3,Consensus + Uncertainty,387,located,7.577687662572164,-5.323852606435388,50.158169589793395
B3_M02,B3_S,B3,Consensus + Uncertainty,388,reject,,,
B3_M02,B3_S,B3,Consensus + Uncertainty,389,located,5.981004647745013,-5.021501593272312,52.76612893394918
B3_M02,B3_S,B3,Consensus + Uncertainty,390,located,9.322992991515394,-3.5959656294800055,55.131317942449556
B3_M02,B3_S,B3,Consensus + Uncertainty,391,located,6.574729174778326,-2.763553105019751,54.879269321807435
B3_M02,B3_S,B3,Consensus + Uncertainty,392,located,1.8115579927640553,-3.911650295165586,53.27482172384712
B3_M02,B3_S,B3,Consensus + Uncertainty,393,located,6.824345920036138,-5.428258596727531,55.07873206238682
B3_M02,B3_S,B3,Consensus + Uncertainty,394,located,6.539512528046554,-2.4790571778246786,59.22090111562536
B3_M02,B3_S,B3,Consensus + Uncertainty,395,located,5.237441020550856,-4.257445922248614,54.167119882380874
B3_M02,B3_S,B3,Consensus + Uncertainty,396,located,6.004475698365121,-3.0400343738661704,53.904883031798526
B3_M02,B3_S,B3,Consensus + Uncertainty,397,located,3.030946298151175,-4.227564051403398,54.976650306829434
B3_M02,B3_S,B3,Consensus + Uncertainty,398,located,6.968223557040358,-3.2029794522830173,56.877167183118694
B3_M02,B3_S,B3,Consensus + Uncertainty,399,located,8.361853495328733,-3.4313356166583553,53.289118906712474
B3_legacy,B3_N,B3,M0,0,located,-1.3942942189809082,22.216376350633958,53.11190879762866
B3_legacy,B3_N,B3,M0,1,located,-1.692268537369097,22.18397659249559,54.75255346798631
B3_legacy,B3_N,B3,M0,2,located,-3.3315406160560506,19.779562782761552,55.71952807075697
B3_legacy,B3_N,B3,M0,3,located,-2.197356237110876,19.385636176865315,56.1958449350938
B3_legacy,B3_N,B3,M0,4,located,-2.7140688191676805,20.223911453853034,55.51754336248619
B3_legacy,B3_N,B3,M0,5,located,-2.864188062905663,20.110959755545228,54.234951453653544
B3_legacy,B3_N,B3,M0,6,located,-3.660002009849361,21.62519809204218,52.77771877342125
B3_legacy,B3_N,B3,M0,7,located,-2.4313284904394292,21.282723993011462,50.26081416225227
B3_legacy,B3_N,B3,M0,8,located,-2.516506577403593,21.783247793517365,52.11608466526251
B3_legacy,B3_N,B3,M0,9,located,-3.01182116179069,20.922139731921447,56.63294836797265
B3_legacy,B3_N,B3,M0,10,located,-4.797807052073688,20.99433969472532,53.81627285705778
B3_legacy,B3_N,B3,M0,11,located,-2.9078297740342487,21.342508854551433,53.50632572068964
B3_legacy,B3_N,B3,M0,12,located,-2.7852890390274068,21.72504158796749,52.202833656379376
B3_legacy,B3_N,B3,M0,13,located,-4.682821891372856,23.591689450090797,54.50927697429853
B3_legacy,B3_N,B3,M0,14,located,-2.222752586164752,21.145655993532916,53.29013034499713
B3_legacy,B3_N,B3,M0,15,located,-3.231159955783832,23.627865428991495,50.61765687183344
B3_legacy,B3_N,B3,M0,16,located,-4.628703471294932,21.972478834222926,55.18896926398708
B3_legacy,B3_N,B3,M0,17,located,-3.797768814254891,18.812109898734114,57.59071177462473
B3_legacy,B3_N,B3,M0,18,located,-2.6027240683698887,21.097333178531205,54.19830860824477
B3_legacy,B3_N,B3,M0,19,located,-4.130082982993304,22.810629762233916,53.65917096463999
B3_legacy,B3_N,B3,M0,20,located,-4.416525586934176,23.37955790150226,51.82296929616575
B3_legacy,B3_N,B3,M0,21,located,-3.945000953345215,22.66159725097505,53.80126789816126
B3_legacy,B3_N,B3,M0,22,located,-4.3423225744564675,19.556969988376974,57.152298395052405
B3_legacy,B3_N,B3,M0,23,located,-5.0351072420006835,20.817494261533,57.6740109584193
B3_legacy,B3_N,B3,M0,24,located,-2.264648735763734,22.838899401701344,52.03441273502507
B3_legacy,B3_N,B3,M0,25,located,-2.838325544764138,23.19579157757278,54.005152830105565
B3_legacy,B3_N,B3,M0,26,located,-4.19240785600089,24.392696156176104,50.37038550893257
B3_legacy,B3_N,B3,M0,27,located,-4.501555127394759,22.70283610910752,55.86954062193976
B3_legacy,B3_N,B3,M0,28,located,-2.850755331969831,22.65580699717747,50.45576258371886
B3_legacy,B3_N,B3,M0,29,located,-2.4842276397325866,22.01508253697148,55.2236668255747
B3_legacy,B3_N,B3,M0,30,located,-4.435735527170395,20.164500649741044,54.44337294213001
B3_legacy,B3_N,B3,M0,31,located,-2.8148720971651513,22.499040862056862,51.31247254335841
B3_legacy,B3_N,B3,M0,32,located,-2.960788887352258,19.992108059837523,56.16272410400913
B3_legacy,B3_N,B3,M0,33,located,-6.120259549948368,22.576361601582903,54.04553187254325
B3_legacy,B3_N,B3,M0,34,located,-3.963211877821575,21.052731227369435,55.95742747446457
B3_legacy,B3_N,B3,M0,35,located,-1.6918478663580039,23.28352909307729,49.302875237108076
B3_legacy,B3_N,B3,M0,36,located,-4.291343594288722,21.619417925481695,55.36731099365863
B3_legacy,B3_N,B3,M0,37,located,-2.541647614926129,23.61016317106783,51.74652094531934
B3_legacy,B3_N,B3,M0,38,located,-2.0254848960419003,21.947730739962015,51.92077608833317
B3_legacy,B3_N,B3,M0,39,located,-2.3242315753917437,23.961471532650013,51.32977877934424
B3_legacy,B3_N,B3,M0,40,located,-1.5669390357714361,23.263096440037398,49.965990773836225
B3_legacy,B3_N,B3,M0,41,located,-1.7631650806439205,23.141694142780043,51.56960341705926
B3_legacy,B3_N,B3,M0,42,located,-2.6686324727509163,20.650908841572765,54.59162195222623
B3_legacy,B3_N,B3,M0,43,located,-1.4363452797246132,19.144185342648996,55.25339478278342
B3_legacy,B3_N,B3,M0,44,located,-2.580745041923978,23.02560601789438,52.830176625009685
B3_legacy,B3_N,B3,M0,45,located,-4.21998318297275,21.137254535352092,50.46370685159065
B3_legacy,B3_N,B3,M0,46,located,-2.9821327085712777,25.072451585894388,50.245742287496256
B3_legacy,B3_N,B3,M0,47,located,-2.1600608585716214,24.056338360068086,53.40073640819117
B3_legacy,B3_N,B3,M0,48,located,-3.1418592098203164,23.38834161951039,50.99242836767512
B3_legacy,B3_N,B3,M0,49,located,-2.8938273177747065,20.349372498848265,53.118402397448996
B3_legacy,B3_N,B3,M0,50,located,-3.051178215440017,21.360295560186216,53.077242511072434
B3_legacy,B3_N,B3,M0,51,located,-4.118693309792183,22.163458278934048,52.31684535100989
B3_legacy,B3_N,B3,M0,52,located,-2.183890209228721,22.31414134798643,53.47552532565381
B3_legacy,B3_N,B3,M0,53,located,-4.385710515656956,20.974963232184,57.12316587258022
B3_legacy,B3_N,B3,M0,54,located,-4.579575196964689,22.802019343715692,53.22855145143342
B3_legacy,B3_N,B3,M0,55,located,-6.488442463919724,21.593866962254687,56.35992702636959
B3_legacy,B3_N,B3,M0,56,located,-5.665994213106641,21.026952188821323,53.8820347218119
B3_legacy,B3_N,B3,M0,57,located,-2.389933058673918,20.663797741120916,52.74724442731458
B3_legacy,B3_N,B3,M0,58,located,-3.174618398761313,20.69716066757035,54.550871093216486
B3_legacy,B3_N,B3,M0,59,located,-2.4994732840573373,21.202184577443973,55.42833330090133
B3_legacy,B3_N,B3,M0,60,located,-3.5190477151038504,20.633360481939757,55.64454283189298
B3_legacy,B3_N,B3,M0,61,located,-3.061129812082739,20.170763769507293,55.212516565281994
B3_legacy,B3_N,B3,M0,62,located,-3.624525713346597,21.669929570468735,52.34202213779264
B3_legacy,B3_N,B3,M0,63,located,-2.82335013199469,21.75110919570266,51.454380989981786
B3_legacy,B3_N,B3,M0,64,located,-4.1419891511385885,21.262485973866863,52.65973031086171
B3_legacy,B3_N,B3,M0,65,located,-4.536929830126584,20.093610329443166,57.223003860376316
B3_legacy,B3_N,B3,M0,66,located,-4.136769467001478,21.780365415974426,55.43823422591826
B3_legacy,B3_N,B3,M0,67,located,-3.6496122744985007,21.661806323585683,52.21410292843075
B3_legacy,B3_N,B3,M0,68,located,-3.334239391378517,19.037841882072264,56.27001218968305
B3_legacy,B3_N,B3,M0,69,located,-3.6408393860407204,22.915199308634506,53.95758431771089
B3_legacy,B3_N,B3,M0,70,located,-2.5426110957396895,23.25347330188103,49.80732965686433
B3_legacy,B3_N,B3,M0,71,located,-3.8395623244227077,22.58344564182894,51.68916108751667
B3_legacy,B3_N,B3,M0,72,located,-3.9150182966976312,23.580746190985046,51.22743400346973
B3_legacy,B3_N,B3,M0,73,located,-5.499775306512019,20.033574928508283,56.891325907155746
B3_legacy,B3_N,B3,M0,74,located,-3.3332797382634047,23.23760190431531,52.598769315660356
B3_legacy,B3_N,B3,M0,75,located,-2.9629083122875794,21.417973100818486,56.50482355985507
B3_legacy,B3_N,B3,M0,76,located,-4.7377275974659225,21.289017380543033,54.69199227002837
B3_legacy,B3_N,B3,M0,77,located,-3.7370467965719407,20.63070219785326,53.966790463907536
B3_legacy,B3_N,B3,M0,78,located,-2.1255292230362857,20.873807276600633,55.41160180767339
B3_legacy,B3_N,B3,M0,79,located,-2.3866231253419676,22.106317312036484,50.52601866089215
B3_legacy,B3_N,B3,M0,80,located,-2.925353984888957,20.66005103793974,52.34431425886366
B3_legacy,B3_N,B3,M0,81,located,-3.6106341764859895,23.12355906569892,51.35448355497512
B3_legacy,B3_N,B3,M0,82,located,-0.8513823142458975,22.03767321087586,52.59521628014589
B3_legacy,B3_N,B3,M0,83,located,-3.198361482423502,20.795135644376828,56.1359024734729
B3_legacy,B3_N,B3,M0,84,located,-3.655890400804812,18.67311965054447,56.57337106610003
B3_legacy,B3_N,B3,M0,85,located,-3.3761646618824224,21.8039768149444,53.40597698118954
B3_legacy,B3_N,B3,M0,86,located,-4.263952753105139,22.961207582551907,55.38750602881631
B3_legacy,B3_N,B3,M0,87,located,-4.27686541868886,21.030734083169182,56.53770775718643
B3_legacy,B3_N,B3,M0,88,located,-2.8094554294725125,20.75066881536837,54.148245224657074
B3_legacy,B3_N,B3,M0,89,located,-4.575273928459343,22.208922848809994,52.81783502725488
B3_legacy,B3_N,B3,M0,90,located,-3.329199255976063,21.562928058620358,54.464534876690806
B3_legacy,B3_N,B3,M0,91,located,-3.5617463968486343,23.102310238687693,52.355945891865765
B3_legacy,B3_N,B3,M0,92,located,-4.506027377334556,24.00451034206139,52.258675986975625
B3_legacy,B3_N,B3,M0,93,located,-4.722887975023013,22.030731834703527,55.04327609249034
B3_legacy,B3_N,B3,M0,94,located,-3.0874693926985306,19.887107727898815,54.756495410405535
B3_legacy,B3_N,B3,M0,95,located,-2.728480089759265,22.1495892077103,53.99067412200538
B3_legacy,B3_N,B3,M0,96,located,-2.279905954940698,21.19510299297261,53.85816128671552
B3_legacy,B3_N,B3,M0,97,located,-3.375494382644356,21.552791570123034,52.82003146325266
B3_legacy,B3_N,B3,M0,98,located,-3.185963502541586,21.371865250917434,54.35934496460759
B3_legacy,B3_N,B3,M0,99,located,-3.3287751983200606,20.214049136167638,56.33642564467296
B3_legacy,B3_N,B3,M0,100,located,-4.771675925083343,21.85420676142409,55.32210753452743
B3_legacy,B3_N,B3,M0,101,located,-3.740131064554052,22.681482336882016,51.318711539262466
B3_legacy,B3_N,B3,M0,102,located,-4.7253242165923,20.240999561471423,56.91956786736277
B3_legacy,B3_N,B3,M0,103,located,-3.008547146798067,19.822456024685316,54.463969163762165
B3_legacy,B3_N,B3,M0,104,located,-3.4126145072040712,23.23379411336794,56.049635381489594
B3_legacy,B3_N,B3,M0,105,located,-2.265654887887335,20.938934228697093,53.58846825672648
B3_legacy,B3_N,B3,M0,106,located,-3.6994921590476637,24.49738273567156,54.03367655956897
B3_legacy,B3_N,B3,M0,107,located,-3.0063441927070635,21.68810921508145,55.23319631121566
B3_legacy,B3_N,B3,M0,108,located,-5.399957807715214,21.478082612397465,57.5863144300163
B3_legacy,B3_N,B3,M0,109,located,-2.7093882579131425,24.208868354499582,50.2463236945042
B3_legacy,B3_N,B3,M0,110,located,-4.324455257037707,22.038001525110214,55.82204320540828
B3_legacy,B3_N,B3,M0,111,located,-2.8651699087652,19.214332951249464,56.813331291985726
B3_legacy,B3_N,B3,M0,112,located,-3.660341563521408,20.179123392120797,55.306361819614594
B3_legacy,B3_N,B3,M0,113,located,-2.785537493561186,20.23515036311836,53.02028433583315
B3_legacy,B3_N,B3,M0,114,located,-4.177013745046109,21.20880958426249,54.90569278429904
B3_legacy,B3_N,B3,M0,115,located,-4.074880353921713,21.300029547158445,53.2436674470632
B3_legacy,B3_N,B3,M0,116,located,-1.96360222767923,21.85986284448324,54.39713058307442
B3_legacy,B3_N,B3,M0,117,located,-2.6280600363716515,20.079606923715332,52.670654962844054
B3_legacy,B3_N,B3,M0,118,located,-2.0176573174543546,19.83428715729147,55.40366536144741
B3_legacy,B3_N,B3,M0,119,located,-4.208131014880467,19.39528643198587,56.113540383037346
B3_legacy,B3_N,B3,M0,120,located,-5.01078198073605,21.890209041231245,54.73210795886507
B3_legacy,B3_N,B3,M0,121,located,-4.17370027475005,21.296376993529982,55.05584612188709
B3_legacy,B3_N,B3,M0,122,located,-3.734092937306224,20.428496525485087,54.78134605112393
B3_legacy,B3_N,B3,M0,123,located,-1.2694733336658455,22.190693771733127,52.610851198825486
B3_legacy,B3_N,B3,M0,124,located,-3.649996429156228,20.00339608845596,55.20613922556916
B3_legacy,B3_N,B3,M0,125,located,-5.779160681931423,19.218662122537392,56.90077927747707
B3_legacy,B3_N,B3,M0,126,located,-4.289626236209712,22.927616733473517,52.05238426234976
B3_legacy,B3_N,B3,M0,127,located,-2.896412836188662,20.052998226356266,54.698066289409546
B3_legacy,B3_N,B3,M0,128,located,-3.772732712709443,22.287755740066384,55.54787339387668
B3_legacy,B3_N,B3,M0,129,located,-3.789989101840274,22.026949061250534,53.31720726832919
B3_legacy,B3_N,B3,M0,130,located,-3.2735009470310454,21.824554316758448,54.04980641922884
B3_legacy,B3_N,B3,M0,131,located,-3.5705819197392143,22.638112943142993,52.541080217251604
B3_legacy,B3_N,B3,M0,132,located,-2.8628334330863114,23.49626852915342,53.438274708126755
B3_legacy,B3_N,B3,M0,133,located,-2.3542060326391026,21.070630043430075,52.16265799958401
B3_legacy,B3_N,B3,M0,134,located,-2.734788521732787,21.836474761171438,54.598215559743174
B3_legacy,B3_N,B3,M0,135,located,-5.399742544367397,21.594427651317904,57.06005148338235
B3_legacy,B3_N,B3,M0,136,located,-2.645413390095357,23.14787003759899,49.887939995944286
B3_legacy,B3_N,B3,M0,137,located,-2.170456002256549,20.69831509151663,52.98959266189603
B3_legacy,B3_N,B3,M0,138,located,-3.0719101832021343,22.952315454375377,53.33131094217054
B3_legacy,B3_N,B3,M0,139,located,-3.0781100995698303,21.057629405804416,54.71382449907388
B3_legacy,B3_N,B3,M0,140,located,-3.097599374495812,23.785654207668866,51.01382957680518
B3_legacy,B3_N,B3,M0,141,located,-5.186760592922373,22.725654532490278,56.102191683136006
B3_legacy,B3_N,B3,M0,142,located,-4.845268402299449,20.467339814756354,57.75521241177491
B3_legacy,B3_N,B3,M0,143,located,-4.270415869371178,21.634995412078975,53.35230435196164
B3_legacy,B3_N,B3,M0,144,located,-2.3137881015669084,21.532831245370335,53.79287197931868
B3_legacy,B3_N,B3,M0,145,located,-3.0691288983251015,21.721638065016638,52.22694822279905
B3_legacy,B3_N,B3,M0,146,located,-3.955259508643384,19.87842756216774,55.02003159405671
B3_legacy,B3_N,B3,M0,147,located,-4.720776296266324,24.665510877887662,50.59266729056356
B3_legacy,B3_N,B3,M0,148,located,-2.93319749108572,23.6405347227608,52.20059510402574
B3_legacy,B3_N,B3,M0,149,located,-3.4735052645987516,23.195805019959387,53.465231537511265
B3_legacy,B3_N,B3,M0,150,located,-4.110032836037642,22.713812077016314,53.91013103133136
B3_legacy,B3_N,B3,M0,151,located,-2.565434271852761,20.844013995323134,58.26307934850376
B3_legacy,B3_N,B3,M0,152,located,-2.9012580599540256,20.67966736100809,56.456339935749845
B3_legacy,B3_N,B3,M0,153,located,-3.6128169360612117,22.259203491413725,53.35317346648427
B3_legacy,B3_N,B3,M0,154,located,-2.6853369712730593,21.010706975408336,53.980517694380396
B3_legacy,B3_N,B3,M0,155,located,-4.3464340378233715,21.30354564596673,56.03328737846389
B3_legacy,B3_N,B3,M0,156,located,-2.274266425596192,20.016895774805057,53.28182239266726
B3_legacy,B3_N,B3,M0,157,located,-2.6235270422937376,21.782871989054954,54.723477922409245
B3_legacy,B3_N,B3,M0,158,located,-2.151925883641605,20.377102416407254,53.41694916573539
B3_legacy,B3_N,B3,M0,159,located,-2.6032215068048985,20.716674548745473,53.799253257205486
B3_legacy,B3_N,B3,M0,160,located,-1.7455456618964278,23.20567100555694,49.9754966504496
B3_legacy,B3_N,B3,M0,161,located,-2.6021998878348183,20.155784192075743,52.67575809948856
B3_legacy,B3_N,B3,M0,162,located,-2.8935211818953763,23.70307604181174,51.60897129597104
B3_legacy,B3_N,B3,M0,163,located,-3.671577293530246,20.74953482973373,56.79151183277798
B3_legacy,B3_N,B3,M0,164,located,-3.1407221006316064,22.718909639776847,54.33557061941255
B3_legacy,B3_N,B3,M0,165,located,-1.5572806802724575,20.781334566069482,53.35582212838874
B3_legacy,B3_N,B3,M0,166,located,-2.515274774673205,19.439228226058656,56.375345027421744
B3_legacy,B3_N,B3,M0,167,located,-2.2001417450974157,21.9781289253186,54.90794739588269
B3_legacy,B3_N,B3,M0,168,located,-3.1064804945419606,25.121627428156465,49.17249732871489
B3_legacy,B3_N,B3,M0,169,located,-2.228316212893004,20.148164082039088,54.016907884353074
B3_legacy,B3_N,B3,M0,170,located,-4.279011454111242,18.489550935432476,55.34153836477786
B3_legacy,B3_N,B3,M0,171,located,-2.291489023421549,22.815346099389313,50.277911249966905
B3_legacy,B3_N,B3,M0,172,located,-4.2381179302216525,22.64841632063433,54.96973835455083
B3_legacy,B3_N,B3,M0,173,located,-3.956558657640566,22.629005953288363,52.19488541834997
B3_legacy,B3_N,B3,M0,174,located,-1.920998951235118,19.131907908549564,56.12596741118403
B3_legacy,B3_N,B3,M0,175,located,-1.6374347919266123,23.78271351826374,51.74631437002864
B3_legacy,B3_N,B3,M0,176,located,-3.578400590408474,22.135479233436786,54.696634356279965
B3_legacy,B3_N,B3,M0,177,located,-1.426329123604539,22.107389629419018,55.61646906294798
B3_legacy,B3_N,B3,M0,178,located,-2.8090494031687023,23.10888520107709,50.6489435690618
B3_legacy,B3_N,B3,M0,179,located,-3.5338199697569856,21.476342003338168,55.20566425339228
B3_legacy,B3_N,B3,M0,180,located,-5.320489572745801,21.290868354661434,54.81823301217035
B3_legacy,B3_N,B3,M0,181,located,-4.891916813284664,21.63428690221936,54.851932127953404
B3_legacy,B3_N,B3,M0,182,located,-3.3611818027271525,23.499516000552067,55.515430433462996
B3_legacy,B3_N,B3,M0,183,located,-1.8000123110726995,23.139049834137232,50.31448212762136
B3_legacy,B3_N,B3,M0,184,located,-1.2684642447971197,22.44507205740447,53.3699882112251
B3_legacy,B3_N,B3,M0,185,located,-2.8816949681970554,21.345462307705613,54.26487877847278
B3_legacy,B3_N,B3,M0,186,located,-3.2822360965331683,21.998326312412644,53.89521267006065
B3_legacy,B3_N,B3,M0,187,located,-2.3280976014969035,23.87554784810345,51.26640081845569
B3_legacy,B3_N,B3,M0,188,located,-4.80044696691,22.52359367703829,55.65301205177544
B3_legacy,B3_N,B3,M0,189,located,-3.990090515730228,20.733813132079728,53.83009537809932
B3_legacy,B3_N,B3,M0,190,located,-4.92643129241149,18.49690758484014,54.44339445834622
B3_legacy,B3_N,B3,M0,191,located,-1.8285988945979368,20.396841499307005,53.17248251179495
B3_legacy,B3_N,B3,M0,192,located,-4.023921201945237,21.63329103245875,54.34735238307877
B3_legacy,B3_N,B3,M0,193,located,-3.7731775777300216,23.522763422805838,49.587648092323654
B3_legacy,B3_N,B3,M0,194,located,-3.8041166555346604,20.822285452816637,51.4962741548072
B3_legacy,B3_N,B3,M0,195,located,-1.5304841007976118,22.613959095521892,51.65043019933206
B3_legacy,B3_N,B3,M0,196,located,-4.855738582690264,19.874331338622284,56.685837504454526
B3_legacy,B3_N,B3,M0,197,located,-2.0471698613910756,21.700260730071506,51.64399311229499
B3_legacy,B3_N,B3,M0,198,located,-3.6737463523849345,19.78428496594927,56.8015472351716
B3_legacy,B3_N,B3,M0,199,located,-3.068728153408246,22.34914202321749,52.75391904367823
B3_legacy,B3_N,B3,M0,200,located,-4.987594250550564,20.982256609932204,56.829549601121784
B3_legacy,B3_N,B3,M0,201,located,-3.1316822883006155,23.02284584050437,55.01170641282877
B3_legacy,B3_N,B3,M0,202,located,-4.533923215760323,20.848450215415625,56.67998213780687
B3_legacy,B3_N,B3,M0,203,located,-3.1147508529270387,20.66200105140854,55.318512002696046
B3_legacy,B3_N,B3,M0,204,located,-2.586791216434408,22.083947164448674,50.82353059138548
B3_legacy,B3_N,B3,M0,205,located,-3.282047440264863,18.220591458290542,54.31829497695061
B3_legacy,B3_N,B3,M0,206,located,-3.164953451617973,22.026774984555004,51.421848938249546
B3_legacy,B3_N,B3,M0,207,located,-4.004545650969393,22.681776119056604,53.755896222793616
B3_legacy,B3_N,B3,M0,208,located,-4.139306034564317,20.487499783764612,56.6802676037441
B3_legacy,B3_N,B3,M0,209,located,-2.9844287037984074,21.460363645832018,53.814563342600124
B3_legacy,B3_N,B3,M0,210,located,-3.0552287841599832,19.52840590259448,57.45416253101297
B3_legacy,B3_N,B3,M0,211,located,-2.4820068956904566,22.2719145612307,52.674658776925114
B3_legacy,B3_N,B3,M0,212,located,-3.096015405165481,19.438495543038613,55.901746371066444
B3_legacy,B3_N,B3,M0,213,located,-4.362888327091617,24.06202227869219,53.51500631525204
B3_legacy,B3_N,B3,M0,214,located,-2.8369153763560524,21.25973027048315,55.013288633221
B3_legacy,B3_N,B3,M0,215,located,-0.9628581009433891,22.507523967928847,49.797393823913325
B3_legacy,B3_N,B3,M0,216,located,-2.8680394806306477,21.600413325566496,53.613555379450105
B3_legacy,B3_N,B3,M0,217,located,-4.540312942683861,23.871229546471927,49.45255328712091
B3_legacy,B3_N,B3,M0,218,located,-2.993522474343925,22.176774811161398,51.01365386731358
B3_legacy,B3_N,B3,M0,219,located,-4.47553491163769,19.326188146188276,56.37432387294139
B3_legacy,B3_N,B3,M0,220,located,-4.901682675220246,23.198685866095857,52.116548965425345
B3_legacy,B3_N,B3,M0,221,located,-5.501061287568539,22.821192130878405,51.3054221369061
B3_legacy,B3_N,B3,M0,222,located,-4.097743750927092,22.542764214086493,50.49924229492456
B3_legacy,B3_N,B3,M0,223,located,-2.0840643175288105,20.568364857866023,53.311553193019144
B3_legacy,B3_N,B3,M0,224,located,-3.1630763842089453,22.236849995501682,56.25879623527898
B3_legacy,B3_N,B3,M0,225,located,-3.2796449107193237,19.838356264005995,57.0239966576114
B3_legacy,B3_N,B3,M0,226,located,-3.284204036779877,20.092501866074652,56.136992427064904
B3_legacy,B3_N,B3,M0,227,located,-2.389818519761028,23.11246861160688,53.68921494414156
B3_legacy,B3_N,B3,M0,228,located,-3.4264862499359356,21.295509413281355,53.54545958493404
B3_legacy,B3_N,B3,M0,229,located,-2.7697017129594017,23.36215857164637,51.395170792426235
B3_legacy,B3_N,B3,M0,230,located,-4.09582654072001,21.565716354138267,52.796707725776265
B3_legacy,B3_N,B3,M0,231,located,-4.091403722504207,22.99374186109335,52.406354582201736
B3_legacy,B3_N,B3,M0,232,located,-3.9833164610896894,22.39287078649952,51.315727981441945
B3_legacy,B3_N,B3,M0,233,located,-4.776215000973096,22.533344132307676,52.37647644362133
B3_legacy,B3_N,B3,M0,234,located,-5.688065192534368,21.808550302687017,55.91050204167392
B3_legacy,B3_N,B3,M0,235,located,-3.4097980088866984,20.147436006235374,56.44365321132068
B3_legacy,B3_N,B3,M0,236,located,-3.234673974163056,21.683444275213272,54.27460888133058
B3_legacy,B3_N,B3,M0,237,located,-3.4037405678838835,21.212707971699523,53.16060447435964
B3_legacy,B3_N,B3,M0,238,located,-4.079807268595565,21.759968703696206,57.66253079558369
B3_legacy,B3_N,B3,M0,239,located,-5.520915381271053,19.481244214041357,55.193275494327466
B3_legacy,B3_N,B3,M0,240,located,-3.6979411825127184,20.651021596164885,51.83898998916829
B3_legacy,B3_N,B3,M0,241,located,-2.599521986188228,21.538592717332342,51.06207988318187
B3_legacy,B3_N,B3,M0,242,located,-3.664286213111853,23.404799467781427,50.108228608935164
B3_legacy,B3_N,B3,M0,243,located,-2.9857004797266518,20.397735359697407,58.435327730810215
B3_legacy,B3_N,B3,M0,244,located,-4.072214522658195,21.999943553560065,53.08624277515605
B3_legacy,B3_N,B3,M0,245,located,-2.7032340334478664,22.875882997347507,51.059145766009884
B3_legacy,B3_N,B3,M0,246,located,-2.7683452970157605,21.62856215738513,54.18209001498496
B3_legacy,B3_N,B3,M0,247,located,-2.4554699113253746,21.681448933340064,54.55799044120581
B3_legacy,B3_N,B3,M0,248,located,-3.520803055352321,21.881269421453638,54.83778448396648
B3_legacy,B3_N,B3,M0,249,located,-0.877045046501646,20.19392584265046,54.087739373736305
B3_legacy,B3_N,B3,M0,250,located,-4.3290327179077615,20.808348914759023,56.95668202491001
B3_legacy,B3_N,B3,M0,251,located,-3.2640888608903396,23.83343608979549,51.967555970954365
B3_legacy,B3_N,B3,M0,252,located,-1.9155225722864568,24.125021567606584,51.041487124151374
B3_legacy,B3_N,B3,M0,253,located,-3.6070965547892273,23.166996369707277,54.455650027197564
B3_legacy,B3_N,B3,M0,254,located,-2.054158414546209,21.351350492373943,55.60425039420355
B3_legacy,B3_N,B3,M0,255,located,-4.7465282049338615,22.348855998485536,54.07783690592824
B3_legacy,B3_N,B3,M0,256,located,-5.7936772673841865,20.959148857224854,55.52500485213889
B3_legacy,B3_N,B3,M0,257,located,-2.763331661669792,20.715927204243965,55.586165830632304
B3_legacy,B3_N,B3,M0,258,located,-3.0370414264101484,23.87458685038726,51.04493555070675
B3_legacy,B3_N,B3,M0,259,located,-3.7877362684485827,22.808942954251698,51.96956520767817
B3_legacy,B3_N,B3,M0,260,located,-3.9096646806485618,23.40557256416161,50.78530485943079
B3_legacy,B3_N,B3,M0,261,located,-3.6118912906900342,22.71833754603463,54.3282464277058
B3_legacy,B3_N,B3,M0,262,located,-4.624159601379924,20.42758246739735,55.502512870908696
B3_legacy,B3_N,B3,M0,263,located,-2.960085894699185,20.744259920567643,52.01248308542477
B3_legacy,B3_N,B3,M0,264,located,-3.4425521715204646,22.416712041966647,53.605655360271236
B3_legacy,B3_N,B3,M0,265,located,-2.7171504987801574,20.5702253768386,54.32023544374179
B3_legacy,B3_N,B3,M0,266,located,-3.4530800301814066,22.230901885567498,53.48623786268988
B3_legacy,B3_N,B3,M0,267,located,-2.6247851947090086,21.0181637033276,53.31570234150772
B3_legacy,B3_N,B3,M0,268,located,-4.654950484672362,20.084679514150547,54.783539973295994
B3_legacy,B3_N,B3,M0,269,located,-3.662419491041205,22.630027172055325,52.4300982706155
B3_legacy,B3_N,B3,M0,270,located,-3.0472842869376575,19.987022087181337,56.38661949997463
B3_legacy,B3_N,B3,M0,271,located,-2.730387586291619,21.966953265179903,51.84024642523703
B3_legacy,B3_N,B3,M0,272,located,-3.763592096648791,20.140529649228515,56.82085774795427
B3_legacy,B3_N,B3,M0,273,located,-4.375720032447322,21.598926576995858,56.176384583624454
B3_legacy,B3_N,B3,M0,274,located,-5.190856357982559,21.49591124555092,55.713088465584285
B3_legacy,B3_N,B3,M0,275,located,-3.4675376438194356,21.8543858260174,55.38885877095303
B3_legacy,B3_N,B3,M0,276,located,-1.5542741830240796,22.884316645587457,50.456305592533695
B3_legacy,B3_N,B3,M0,277,located,-1.774030646636161,21.170685528583142,51.96643945162577
B3_legacy,B3_N,B3,M0,278,located,-3.6567280471264634,22.98245739415622,53.007422800700404
B3_legacy,B3_N,B3,M0,279,located,-0.9605152051039737,23.09432804931864,50.14527264514714
B3_legacy,B3_N,B3,M0,280,located,-3.6591566848176074,22.28262815070877,53.093301326605506
B3_legacy,B3_N,B3,M0,281,located,-2.970606313675336,22.630468482020856,53.01114403643641
B3_legacy,B3_N,B3,M0,282,located,-1.4286602930561831,19.588534781345572,51.04589364151582
B3_legacy,B3_N,B3,M0,283,located,-3.286454920918217,22.78949122079509,51.73728172286434
B3_legacy,B3_N,B3,M0,284,located,-3.585630799849843,20.559267734517626,53.668310470349645
B3_legacy,B3_N,B3,M0,285,located,-4.131286448653704,22.925282631362258,53.560207718104735
B3_legacy,B3_N,B3,M0,286,located,-4.462673216153361,21.57999903250782,55.947595147572486
B3_legacy,B3_N,B3,M0,287,located,-5.334552682371213,23.782211769465103,55.581786602429865
B3_legacy,B3_N,B3,M0,288,located,-3.797507778652787,23.097762878676956,52.513608580352475
B3_legacy,B3_N,B3,M0,289,located,-4.215071721241378,19.742840647998992,56.33252119592556
B3_legacy,B3_N,B3,M0,290,located,-2.3227361937539044,21.65653240994399,54.17460556173937
B3_legacy,B3_N,B3,M0,291,located,-4.5505189001545014,21.757815484574472,52.16859538933651
B3_legacy,B3_N,B3,M0,292,located,-3.8054099192791955,22.044523762637255,53.31326969755906
B3_legacy,B3_N,B3,M0,293,located,-4.129765172628337,24.269659915215467,52.75245875558113
B3_legacy,B3_N,B3,M0,294,located,-4.7905852031824185,21.49077421316195,55.570944003770926
B3_legacy,B3_N,B3,M0,295,located,-2.5543745671987415,22.729345355660733,53.200593079602285
B3_legacy,B3_N,B3,M0,296,located,-3.1565566342969755,20.95767869910849,51.85479568011902
B3_legacy,B3_N,B3,M0,297,located,-3.613779046780083,22.59769054204806,51.21760992352677
B3_legacy,B3_N,B3,M0,298,located,-2.853713653117784,20.054761718531086,53.96846433045068
B3_legacy,B3_N,B3,M0,299,located,-2.039840796178194,22.787888601444266,50.934460060446476
B3_legacy,B3_N,B3,M0,300,located,-2.0572107952241456,21.513766805537788,51.59202243636648
B3_legacy,B3_N,B3,M0,301,located,-4.614487228358778,21.73184818280064,56.36155213499733
B3_legacy,B3_N,B3,M0,302,located,-3.367195380308208,20.639441756990554,56.02120334766107
B3_legacy,B3_N,B3,M0,303,located,-3.975680483624283,23.441872133481183,52.66427958753573
B3_legacy,B3_N,B3,M0,304,located,-3.30534935300623,23.48825855226222,52.423035520038226
B3_legacy,B3_N,B3,M0,305,located,-5.714019654518519,20.991206058698587,57.09396026532257
B3_legacy,B3_N,B3,M0,306,located,-4.125990221405599,20.818497216770538,55.06256786929581
B3_legacy,B3_N,B3,M0,307,located,-2.0938461368983017,23.957134832150974,51.949150294866264
B3_legacy,B3_N,B3,M0,308,located,-2.050875211199995,22.579560173423555,53.15621160353539
B3_legacy,B3_N,B3,M0,309,located,-0.3326861937973044,21.43229317546838,49.79665464966576
B3_legacy,B3_N,B3,M0,310,located,-3.172459808434425,22.43327227402754,52.64446242938316
B3_legacy,B3_N,B3,M0,311,located,-3.2305184637444992,20.490134514769682,53.755037799104336
B3_legacy,B3_N,B3,M0,312,located,-4.724447310264054,21.280853773889433,56.078577701296176
B3_legacy,B3_N,B3,M0,313,located,-3.8042606790183124,20.930963773020014,51.85856054448612
B3_legacy,B3_N,B3,M0,314,located,-4.285726528693983,19.58976007196041,55.886188139023076
B3_legacy,B3_N,B3,M0,315,located,-1.3060511574862963,22.38115888211812,50.89336601512592
B3_legacy,B3_N,B3,M0,316,located,-3.4205349263941303,20.22007211136761,56.039896442710706
B3_legacy,B3_N,B3,M0,317,located,-4.448060423477945,21.120799987499787,54.29235742410102
B3_legacy,B3_N,B3,M0,318,located,-1.8893388148129007,22.041350291048783,51.63353394700728
B3_legacy,B3_N,B3,M0,319,located,-2.356801448208723,20.38857274400922,53.89874574751283
B3_legacy,B3_N,B3,M0,320,located,-3.729751241220031,21.1442698497624,55.382666230503304
B3_legacy,B3_N,B3,M0,321,located,-4.104795457541084,21.333881509589645,51.88524266940657
B3_legacy,B3_N,B3,M0,322,located,-2.9149360064487277,24.460954577863614,50.51735696472967
B3_legacy,B3_N,B3,M0,323,located,-4.987150570819741,20.223418723445032,56.19850045996855
B3_legacy,B3_N,B3,M0,324,located,-3.9568659964802984,21.967135896016757,55.98996841609332
B3_legacy,B3_N,B3,M0,325,located,-4.906037287595876,21.551559416502425,53.86825802759277
B3_legacy,B3_N,B3,M0,326,located,-2.548777902424869,20.86291797962263,57.186680963345694
B3_legacy,B3_N,B3,M0,327,located,-5.042129954939302,19.45102007414264,53.96829331512738
B3_legacy,B3_N,B3,M0,328,located,-3.5949036185228973,21.27341662987942,52.782453185941094
B3_legacy,B3_N,B3,M0,329,located,-2.328807219186283,22.9059745743877,48.32255064880913
B3_legacy,B3_N,B3,M0,330,located,-4.124988124160552,19.886654838164542,55.87818284306046
B3_legacy,B3_N,B3,M0,331,located,-5.02177216572968,21.511035117816075,53.388751736762366
B3_legacy,B3_N,B3,M0,332,located,-3.2427255718282266,23.204836817215316,50.592364650224305
B3_legacy,B3_N,B3,M0,333,located,-1.3764624266195935,21.31333344044703,51.521664803030966
B3_legacy,B3_N,B3,M0,334,located,-3.4690169480560535,23.34206684816059,53.33865272686371
B3_legacy,B3_N,B3,M0,335,located,-0.3942187558548742,22.10670505267975,50.3373568539396
B3_legacy,B3_N,B3,M0,336,located,-3.192393162109759,21.714971943441657,55.150032852243015
B3_legacy,B3_N,B3,M0,337,located,-2.324199063994173,23.60281194181794,49.473193130675675
B3_legacy,B3_N,B3,M0,338,located,-3.2403945245035093,20.109239608767698,55.99103525409845
B3_legacy,B3_N,B3,M0,339,located,-2.8852863821113908,21.941938378329457,53.98816132874118
B3_legacy,B3_N,B3,M0,340,located,-3.5643388279225148,21.051198140000828,53.14903739697768
B3_legacy,B3_N,B3,M0,341,located,-2.3704013713483225,20.75373138677092,54.767177618711735
B3_legacy,B3_N,B3,M0,342,located,-3.23668673163071,21.654876193835808,55.02208693905283
B3_legacy,B3_N,B3,M0,343,located,-2.301603854298383,20.492402400010448,56.51935574544096
B3_legacy,B3_N,B3,M0,344,located,-3.675013000625225,19.680189590418426,56.52451063444553
B3_legacy,B3_N,B3,M0,345,located,-3.941908686265833,20.027601005812404,54.50722231730205
B3_legacy,B3_N,B3,M0,346,located,-4.26793805045342,21.37997819721442,55.32028555720886
B3_legacy,B3_N,B3,M0,347,located,-4.325043788376344,21.471152292270556,55.44090806414198
B3_legacy,B3_N,B3,M0,348,located,-3.2973512563618814,21.778904748795537,53.13463870068834
B3_legacy,B3_N,B3,M0,349,located,-3.397983323480582,22.503309936386774,52.73869399044906
B3_legacy,B3_N,B3,M0,350,located,-2.4705680581361555,21.478367871106574,52.607388567923635
B3_legacy,B3_N,B3,M0,351,located,-1.5828181934047538,21.154636084019728,52.44833971616711
B3_legacy,B3_N,B3,M0,352,located,-3.811959678149972,21.533214436175694,54.67319366344784
B3_legacy,B3_N,B3,M0,353,located,-2.770260252633452,21.379536378652066,56.868662801490444
B3_legacy,B3_N,B3,M0,354,located,-2.9087233338956864,18.516888521625578,56.10638025357046
B3_legacy,B3_N,B3,M0,355,located,-3.2818776665910496,22.159519174728374,50.57907319324373
B3_legacy,B3_N,B3,M0,356,located,-2.4828332752100533,19.889820911447604,56.48473087611562
B3_legacy,B3_N,B3,M0,357,located,-3.069065211548127,21.53502242429414,55.277410607408456
B3_legacy,B3_N,B3,M0,358,located,-2.8615340350674643,24.636591094884626,50.663942842037784
B3_legacy,B3_N,B3,M0,359,located,-2.070012885632519,22.396772898652124,52.104399879534235
B3_legacy,B3_N,B3,M0,360,located,-2.4273083821220145,21.17904458532739,52.734333428035214
B3_legacy,B3_N,B3,M0,361,located,-3.6567636721473193,23.913806237917804,51.26257447860393
B3_legacy,B3_N,B3,M0,362,located,-1.5866692586320048,22.599015380889586,52.671927332942985
B3_legacy,B3_N,B3,M0,363,located,-4.977761646995632,19.972444551021795,56.52345841731075
B3_legacy,B3_N,B3,M0,364,located,-3.8982018201571744,21.69452428593362,52.43235070206862
B3_legacy,B3_N,B3,M0,365,located,-1.0553125328783715,23.040824792948463,50.39763685842681
B3_legacy,B3_N,B3,M0,366,located,-3.0451658119643272,21.012424323981076,56.3831382897549
B3_legacy,B3_N,B3,M0,367,located,-2.456223992462304,23.752632608440816,51.8708197584589
B3_legacy,B3_N,B3,M0,368,located,-3.5102312989087565,22.658218441283278,53.774229481095304
B3_legacy,B3_N,B3,M0,369,located,-3.751380606831376,22.67455168027595,55.2068845891096
B3_legacy,B3_N,B3,M0,370,located,-4.320607211941029,19.176957662340044,58.140492383152434
B3_legacy,B3_N,B3,M0,371,located,-3.9785207696358413,20.502379376520334,56.18590659982009
B3_legacy,B3_N,B3,M0,372,located,-4.427140131218919,23.392883889042444,50.01289894732205
B3_legacy,B3_N,B3,M0,373,located,-5.016778748054173,22.957183924764482,53.57463698211645
B3_legacy,B3_N,B3,M0,374,located,-4.393107043433272,20.3786362724602,54.41502640969799
B3_legacy,B3_N,B3,M0,375,located,-3.601927516045435,20.752865271717177,53.81268506031513
B3_legacy,B3_N,B3,M0,376,located,-2.7681581611558808,22.391159246467105,50.82548311911358
B3_legacy,B3_N,B3,M0,377,located,-4.0219389870611275,22.29404164126476,54.096251365410936
B3_legacy,B3_N,B3,M0,378,located,-2.0858300666364147,22.17187870693303,52.711981893875524
B3_legacy,B3_N,B3,M0,379,located,-2.943520136935633,20.081580408712096,53.945642841365434
B3_legacy,B3_N,B3,M0,380,located,-2.0426913830365256,19.574217886209635,55.1943897255636
B3_legacy,B3_N,B3,M0,381,located,-2.914038114858693,19.08595633106138,54.48071820237226
B3_legacy,B3_N,B3,M0,382,located,-4.000905656781615,20.9667008307213,55.04970822403014
B3_legacy,B3_N,B3,M0,383,located,-1.986243139599781,20.716011848685483,50.67745191570927
B3_legacy,B3_N,B3,M0,384,located,-3.3326567448415823,19.88152059774699,52.68760229566344
B3_legacy,B3_N,B3,M0,385,located,-5.640989940208131,20.613538569019244,55.18995769752343
B3_legacy,B3_N,B3,M0,386,located,-1.5791522818841455,20.815734873557094,50.24892452391239
B3_legacy,B3_N,B3,M0,387,located,-3.6575957822781615,20.841702763461264,55.46017186090845
B3_legacy,B3_N,B3,M0,388,located,-2.30838839491681,22.724332230411534,50.44653084606809
B3_legacy,B3_N,B3,M0,389,located,-3.873804952461391,22.08448276753509,52.11662598941377
B3_legacy,B3_N,B3,M0,390,located,-3.478371457423815,22.23060568429499,56.7672516756261
B3_legacy,B3_N,B3,M0,391,located,-3.2488634765531272,22.81806863428967,50.529015133481245
B3_legacy,B3_N,B3,M0,392,located,-1.4440185304230313,21.88649510706893,50.74663130213336
B3_legacy,B3_N,B3,M0,393,located,-1.886809010342217,20.07010637647936,54.15861526348638
B3_legacy,B3_N,B3,M0,394,located,-3.6761993023455175,21.252432179048117,55.27554096634015
B3_legacy,B3_N,B3,M0,395,located,-3.307737550176177,21.481084997211088,51.72566007309841
B3_legacy,B3_N,B3,M0,396,located,-4.511949304091035,23.44260342397252,52.41047432221765
B3_legacy,B3_N,B3,M0,397,located,-4.378146978643802,22.75200496377098,56.44473402601296
B3_legacy,B3_N,B3,M0,398,located,-3.8085465849607343,19.490229086114024,56.33557351378014
B3_legacy,B3_N,B3,M0,399,located,-2.1367408579064713,18.020195047324588,53.96516848459813
B3_legacy,B3_N,B3,Consensus + Uncertainty,0,located,-2.410728000919843,20.09157096877068,53.1284498966233
B3_legacy,B3_N,B3,Consensus + Uncertainty,1,located,-4.550758647746127,20.13513401953341,57.51967142519602
B3_legacy,B3_N,B3,Consensus + Uncertainty,2,reject,,,
B3_legacy,B3_N,B3,Consensus + Uncertainty,3,located,-2.7696226125807315,22.49612136809985,53.34190240184056
B3_legacy,B3_N,B3,Consensus + Uncertainty,4,reject,,,
B3_legacy,B3_N,B3,Consensus + Uncertainty,5,located,-3.9636731395860916,23.516698282491824,51.45985236857895
B3_legacy,B3_N,B3,Consensus + Uncertainty,6,reject,,,
B3_legacy,B3_N,B3,Consensus + Uncertainty,7,located,-1.9393959763533093,22.24768858182994,54.02012049229064
B3_legacy,B3_N,B3,Consensus + Uncertainty,8,reject,,,
B3_legacy,B3_N,B3,Consensus + Uncertainty,9,reject,,,
B3_legacy,B3_N,B3,Consensus + Uncertainty,10,located,-2.5932511404887806,22.002357596863384,52.362198752147926
B3_legacy,B3_N,B3,Consensus + Uncertainty,11,located,-3.32570450778697,21.21775655442439,51.334540678275715
B3_legacy,B3_N,B3,Consensus + Uncertainty,12,located,-5.31157522490852,20.89753554168837,56.001955972040086
B3_legacy,B3_N,B3,Consensus + Uncertainty,13,located,-4.17528392118446,22.68648507125011,53.044563987731195
B3_legacy,B3_N,B3,Consensus + Uncertainty,14,located,-4.862801566958387,20.182425630349822,55.669292213801654
B3_legacy,B3_N,B3,Consensus + Uncertainty,15,located,-1.8855106784297,22.351358277126838,51.18424247322632
B3_legacy,B3_N,B3,Consensus + Uncertainty,16,reject,,,
B3_legacy,B3_N,B3,Consensus + Uncertainty,17,reject,,,
B3_legacy,B3_N,B3,Consensus + Uncertainty,18,reject,,,
B3_legacy,B3_N,B3,Consensus + Uncertainty,19,reject,,,
B3_legacy,B3_N,B3,Consensus + Uncertainty,20,located,-4.243089654657217,21.834416013136995,52.93672276497581
B3_legacy,B3_N,B3,Consensus + Uncertainty,21,located,-2.1982330333810127,23.1863548957381,50.78319747260035
B3_legacy,B3_N,B3,Consensus + Uncertainty,22,reject,,,
B3_legacy,B3_N,B3,Consensus + Uncertainty,23,located,-0.9897145223367648,21.997401526000704,51.215779912769506
B3_legacy,B3_N,B3,Consensus + Uncertainty,24,reject,,,
B3_legacy,B3_N,B3,Consensus + Uncertainty,25,located,-2.6723162967164593,21.177827273364496,55.27185750489438
B3_legacy,B3_N,B3,Consensus + Uncertainty,26,reject,,,
B3_legacy,B3_N,B3,Consensus + Uncertainty,27,located,-2.020505779602445,21.808249762394603,57.37738685577236
B3_legacy,B3_N,B3,Consensus + Uncertainty,28,reject,,,
B3_legacy,B3_N,B3,Consensus + Uncertainty,29,located,-3.590549587950898,20.557042547342775,53.94420141872064
B3_legacy,B3_N,B3,Consensus + Uncertainty,30,located,-2.0577488790932663,23.226407120406478,51.77992237249016
B3_legacy,B3_N,B3,Consensus + Uncertainty,31,located,-1.586273326124629,23.221443538423255,50.58531689425427
B3_legacy,B3_N,B3,Consensus + Uncertainty,32,located,-2.8388823057903343,23.000926259897344,52.81801672086319
B3_legacy,B3_N,B3,Consensus + Uncertainty,33,reject,,,
B3_legacy,B3_N,B3,Consensus + Uncertainty,34,reject,,,
B3_legacy,B3_N,B3,Consensus + Uncertainty,35,located,-4.665614388501712,22.231273706919485,54.172207127727596
B3_legacy,B3_N,B3,Consensus + Uncertainty,36,located,-2.3528369550344506,21.50450077500217,51.91594487671194
B3_legacy,B3_N,B3,Consensus + Uncertainty,37,reject,,,
B3_legacy,B3_N,B3,Consensus + Uncertainty,38,reject,,,
B3_legacy,B3_N,B3,Consensus + Uncertainty,39,reject,,,
B3_legacy,B3_N,B3,Consensus + Uncertainty,40,located,-3.735717668782208,20.66809033213705,57.00392693430817
B3_legacy,B3_N,B3,Consensus + Uncertainty,41,reject,,,
B3_legacy,B3_N,B3,Consensus + Uncertainty,42,located,-4.319871466308816,20.84236730674656,57.14586006309227
B3_legacy,B3_N,B3,Consensus + Uncertainty,43,reject,,,
B3_legacy,B3_N,B3,Consensus + Uncertainty,44,reject,,,
B3_legacy,B3_N,B3,Consensus + Uncertainty,45,reject,,,
B3_legacy,B3_N,B3,Consensus + Uncertainty,46,located,-3.326761631461044,23.785487838319593,51.977941069262656
B3_legacy,B3_N,B3,Consensus + Uncertainty,47,reject,,,
B3_legacy,B3_N,B3,Consensus + Uncertainty,48,located,-3.863376337180351,21.477495847656762,54.10432930307399
B3_legacy,B3_N,B3,Consensus + Uncertainty,49,reject,,,
B3_legacy,B3_N,B3,Consensus + Uncertainty,50,located,-1.8165831318164634,22.841925168497127,52.22100128287539
B3_legacy,B3_N,B3,Consensus + Uncertainty,51,located,-3.6237514273464133,21.14122619810531,53.34905629206569
B3_legacy,B3_N,B3,Consensus + Uncertainty,52,reject,,,
B3_legacy,B3_N,B3,Consensus + Uncertainty,53,reject,,,
B3_legacy,B3_N,B3,Consensus + Uncertainty,54,located,-4.245310071655589,24.56899112053642,50.82576946061896
B3_legacy,B3_N,B3,Consensus + Uncertainty,55,located,-4.2521808562007,20.123226656045993,56.25145081837085
B3_legacy,B3_N,B3,Consensus + Uncertainty,56,located,-2.6474707724099944,21.415711934090176,55.789217217738376
B3_legacy,B3_N,B3,Consensus + Uncertainty,57,reject,,,
B3_legacy,B3_N,B3,Consensus + Uncertainty,58,reject,,,
B3_legacy,B3_N,B3,Consensus + Uncertainty,59,reject,,,
B3_legacy,B3_N,B3,Consensus + Uncertainty,60,reject,,,
B3_legacy,B3_N,B3,Consensus + Uncertainty,61,located,-1.2828058341114084,21.949108135083986,53.36788935398491
B3_legacy,B3_N,B3,Consensus + Uncertainty,62,reject,,,
B3_legacy,B3_N,B3,Consensus + Uncertainty,63,reject,,,
B3_legacy,B3_N,B3,Consensus + Uncertainty,64,located,-3.6803179641513313,21.531325916319453,57.636224188296794
B3_legacy,B3_N,B3,Consensus + Uncertainty,65,reject,,,
B3_legacy,B3_N,B3,Consensus + Uncertainty,66,reject,,,
B3_legacy,B3_N,B3,Consensus + Uncertainty,67,reject,,,
B3_legacy,B3_N,B3,Consensus + Uncertainty,68,located,-0.20341236419169365,20.7872482423772,55.317964821331536
B3_legacy,B3_N,B3,Consensus + Uncertainty,69,reject,,,
B3_legacy,B3_N,B3,Consensus + Uncertainty,70,located,-3.94243968664782,20.501023164111356,52.91496345675431
B3_legacy,B3_N,B3,Consensus + Uncertainty,71,reject,,,
B3_legacy,B3_N,B3,Consensus + Uncertainty,72,located,-2.5083979879197407,22.577851655524807,51.82130927346338
B3_legacy,B3_N,B3,Consensus + Uncertainty,73,reject,,,
B3_legacy,B3_N,B3,Consensus + Uncertainty,74,located,-2.628479535046165,23.603116230073276,52.53957738153293
B3_legacy,B3_N,B3,Consensus + Uncertainty,75,located,-2.12183559772435,22.084940643646082,50.40413211735709
B3_legacy,B3_N,B3,Consensus + Uncertainty,76,reject,,,
B3_legacy,B3_N,B3,Consensus + Uncertainty,77,located,-3.0503930598092635,19.96023408705619,55.873978247786546
B3_legacy,B3_N,B3,Consensus + Uncertainty,78,located,-2.900043996271794,23.746601413906085,52.65828840939843
B3_legacy,B3_N,B3,Consensus + Uncertainty,79,reject,,,
B3_legacy,B3_N,B3,Consensus + Uncertainty,80,located,-2.9124563117377247,21.04642185018586,55.47582819158772
B3_legacy,B3_N,B3,Consensus + Uncertainty,81,reject,,,
B3_legacy,B3_N,B3,Consensus + Uncertainty,82,located,-4.578553368597998,20.60509015886039,54.660251367364616
B3_legacy,B3_N,B3,Consensus + Uncertainty,83,reject,,,
B3_legacy,B3_N,B3,Consensus + Uncertainty,84,located,-3.0441144102789472,19.333731414298267,56.75275424761972
B3_legacy,B3_N,B3,Consensus + Uncertainty,85,reject,,,
B3_legacy,B3_N,B3,Consensus + Uncertainty,86,reject,,,
B3_legacy,B3_N,B3,Consensus + Uncertainty,87,located,-2.8023388078497486,22.19674954654669,53.27683249601235
B3_legacy,B3_N,B3,Consensus + Uncertainty,88,located,-4.1671975051092,22.65937358073966,53.02569722485161
B3_legacy,B3_N,B3,Consensus + Uncertainty,89,reject,,,
B3_legacy,B3_N,B3,Consensus + Uncertainty,90,located,-3.9247383449868516,22.816971970127465,52.438706664266746
B3_legacy,B3_N,B3,Consensus + Uncertainty,91,reject,,,
B3_legacy,B3_N,B3,Consensus + Uncertainty,92,located,-3.015731439014352,20.10045169174174,55.7510979035395
B3_legacy,B3_N,B3,Consensus + Uncertainty,93,reject,,,
B3_legacy,B3_N,B3,Consensus + Uncertainty,94,located,-4.175195203486391,19.993972477657998,53.871880718738375
B3_legacy,B3_N,B3,Consensus + Uncertainty,95,reject,,,
B3_legacy,B3_N,B3,Consensus + Uncertainty,96,reject,,,
B3_legacy,B3_N,B3,Consensus + Uncertainty,97,located,-4.079897687705505,21.065576783231396,53.88148666460705
B3_legacy,B3_N,B3,Consensus + Uncertainty,98,reject,,,
B3_legacy,B3_N,B3,Consensus + Uncertainty,99,reject,,,
B3_legacy,B3_N,B3,Consensus + Uncertainty,100,located,-1.6030204487542588,22.833833352180122,50.75108354923386
B3_legacy,B3_N,B3,Consensus + Uncertainty,101,reject,,,
B3_legacy,B3_N,B3,Consensus + Uncertainty,102,reject,,,
B3_legacy,B3_N,B3,Consensus + Uncertainty,103,located,-3.957210135086435,20.21211994134772,56.51299459386251
B3_legacy,B3_N,B3,Consensus + Uncertainty,104,reject,,,
B3_legacy,B3_N,B3,Consensus + Uncertainty,105,located,-3.050118222742775,19.219286041614627,55.31922160889693
B3_legacy,B3_N,B3,Consensus + Uncertainty,106,located,-3.899325625341757,21.454232137130532,54.270379332426494
B3_legacy,B3_N,B3,Consensus + Uncertainty,107,located,-2.6069179179080124,20.911403206403968,54.126521617264345
B3_legacy,B3_N,B3,Consensus + Uncertainty,108,reject,,,
B3_legacy,B3_N,B3,Consensus + Uncertainty,109,reject,,,
B3_legacy,B3_N,B3,Consensus + Uncertainty,110,reject,,,
B3_legacy,B3_N,B3,Consensus + Uncertainty,111,located,-2.8970017535349157,24.840926612670977,52.121408284902984
B3_legacy,B3_N,B3,Consensus + Uncertainty,112,located,-3.7510856004414093,19.62725199633466,54.92686480298347
B3_legacy,B3_N,B3,Consensus + Uncertainty,113,located,-4.055815485744918,20.726963918065145,54.492346063573244
B3_legacy,B3_N,B3,Consensus + Uncertainty,114,located,-5.1101435665552515,21.306150399643073,53.8375753967501
B3_legacy,B3_N,B3,Consensus + Uncertainty,115,reject,,,
B3_legacy,B3_N,B3,Consensus + Uncertainty,116,reject,,,
B3_legacy,B3_N,B3,Consensus + Uncertainty,117,reject,,,
B3_legacy,B3_N,B3,Consensus + Uncertainty,118,located,-4.319875260420102,20.60700797715717,54.46335790110713
B3_legacy,B3_N,B3,Consensus + Uncertainty,119,located,-2.5269539024526577,25.29886437239352,48.94713473436332
B3_legacy,B3_N,B3,Consensus + Uncertainty,120,located,-3.477485828046051,21.15960388774056,54.10329047858257
B3_legacy,B3_N,B3,Consensus + Uncertainty,121,reject,,,
B3_legacy,B3_N,B3,Consensus + Uncertainty,122,reject,,,
B3_legacy,B3_N,B3,Consensus + Uncertainty,123,located,-4.445375496326066,21.624753247793226,52.30384808527198
B3_legacy,B3_N,B3,Consensus + Uncertainty,124,located,-5.7763150134735435,20.299064352386132,56.73418425333336
B3_legacy,B3_N,B3,Consensus + Uncertainty,125,reject,,,
B3_legacy,B3_N,B3,Consensus + Uncertainty,126,reject,,,
B3_legacy,B3_N,B3,Consensus + Uncertainty,127,reject,,,
B3_legacy,B3_N,B3,Consensus + Uncertainty,128,reject,,,
B3_legacy,B3_N,B3,Consensus + Uncertainty,129,located,-4.009634122679509,22.920635804954088,50.41681169365449
B3_legacy,B3_N,B3,Consensus + Uncertainty,130,located,-2.9132834023899896,21.80303529643811,53.16283889715812
B3_legacy,B3_N,B3,Consensus + Uncertainty,131,reject,,,
B3_legacy,B3_N,B3,Consensus + Uncertainty,132,reject,,,
B3_legacy,B3_N,B3,Consensus + Uncertainty,133,located,-4.18204765871928,20.248352818694258,56.424802693070006
B3_legacy,B3_N,B3,Consensus + Uncertainty,134,reject,,,
B3_legacy,B3_N,B3,Consensus + Uncertainty,135,reject,,,
B3_legacy,B3_N,B3,Consensus + Uncertainty,136,located,-5.66225231226718,22.348249276779555,55.65273480378527
B3_legacy,B3_N,B3,Consensus + Uncertainty,137,reject,,,
B3_legacy,B3_N,B3,Consensus + Uncertainty,138,located,-4.038423209209986,20.40258009664264,55.16495280509822
B3_legacy,B3_N,B3,Consensus + Uncertainty,139,reject,,,
B3_legacy,B3_N,B3,Consensus + Uncertainty,140,reject,,,
B3_legacy,B3_N,B3,Consensus + Uncertainty,141,reject,,,
B3_legacy,B3_N,B3,Consensus + Uncertainty,142,reject,,,
B3_legacy,B3_N,B3,Consensus + Uncertainty,143,located,-2.6094844640810617,21.208690847447627,56.2409409631558
B3_legacy,B3_N,B3,Consensus + Uncertainty,144,reject,,,
B3_legacy,B3_N,B3,Consensus + Uncertainty,145,reject,,,
B3_legacy,B3_N,B3,Consensus + Uncertainty,146,reject,,,
B3_legacy,B3_N,B3,Consensus + Uncertainty,147,reject,,,
B3_legacy,B3_N,B3,Consensus + Uncertainty,148,reject,,,
B3_legacy,B3_N,B3,Consensus + Uncertainty,149,reject,,,
B3_legacy,B3_N,B3,Consensus + Uncertainty,150,reject,,,
B3_legacy,B3_N,B3,Consensus + Uncertainty,151,reject,,,
B3_legacy,B3_N,B3,Consensus + Uncertainty,152,located,-4.007423420571899,21.947224953518095,54.207762764356346
B3_legacy,B3_N,B3,Consensus + Uncertainty,153,located,-3.9854303659121033,19.912884277964984,55.014915224421856
B3_legacy,B3_N,B3,Consensus + Uncertainty,154,reject,,,
B3_legacy,B3_N,B3,Consensus + Uncertainty,155,reject,,,
B3_legacy,B3_N,B3,Consensus + Uncertainty,156,located,-2.4087641658764145,21.00103420561383,54.966380894360285
B3_legacy,B3_N,B3,Consensus + Uncertainty,157,reject,,,
B3_legacy,B3_N,B3,Consensus + Uncertainty,158,reject,,,
B3_legacy,B3_N,B3,Consensus + Uncertainty,159,located,-4.763473864546471,21.176146836808332,53.606157478200636
B3_legacy,B3_N,B3,Consensus + Uncertainty,160,reject,,,
B3_legacy,B3_N,B3,Consensus + Uncertainty,161,reject,,,
B3_legacy,B3_N,B3,Consensus + Uncertainty,162,located,-2.2650523517391505,20.98290870437105,55.230762251112274
B3_legacy,B3_N,B3,Consensus + Uncertainty,163,located,-3.0900975889627813,20.982373085707497,52.53614429051049
B3_legacy,B3_N,B3,Consensus + Uncertainty,164,located,-3.9671177627121814,23.212650277843487,52.38729243069728
B3_legacy,B3_N,B3,Consensus + Uncertainty,165,reject,,,
B3_legacy,B3_N,B3,Consensus + Uncertainty,166,reject,,,
B3_legacy,B3_N,B3,Consensus + Uncertainty,167,reject,,,
B3_legacy,B3_N,B3,Consensus + Uncertainty,168,located,-3.49862555146225,20.926744917759915,56.83159842373941
B3_legacy,B3_N,B3,Consensus + Uncertainty,169,located,-2.8832092822067317,21.270206416048875,50.31444689054811
B3_legacy,B3_N,B3,Consensus + Uncertainty,170,located,-2.380200519809895,22.70052545234501,52.73503524956599
B3_legacy,B3_N,B3,Consensus + Uncertainty,171,reject,,,
B3_legacy,B3_N,B3,Consensus + Uncertainty,172,located,-4.189999638757104,22.686877447813174,51.864746282155885
B3_legacy,B3_N,B3,Consensus + Uncertainty,173,reject,,,
B3_legacy,B3_N,B3,Consensus + Uncertainty,174,reject,,,
B3_legacy,B3_N,B3,Consensus + Uncertainty,175,located,-3.1578969119716347,23.100891993370904,51.84061540266276
B3_legacy,B3_N,B3,Consensus + Uncertainty,176,located,-3.5197976867067373,22.944742184460832,51.61338558809338
B3_legacy,B3_N,B3,Consensus + Uncertainty,177,located,-4.131288668483775,21.752326841171882,54.14230801438218
B3_legacy,B3_N,B3,Consensus + Uncertainty,178,reject,,,
B3_legacy,B3_N,B3,Consensus + Uncertainty,179,located,-3.3765337558631763,19.211125803607757,56.780611532669745
B3_legacy,B3_N,B3,Consensus + Uncertainty,180,located,-3.6594621894856414,20.873240914616897,54.94317427497646
B3_legacy,B3_N,B3,Consensus + Uncertainty,181,located,-4.215467202179279,20.99149927759433,55.24133254626028
B3_legacy,B3_N,B3,Consensus + Uncertainty,182,reject,,,
B3_legacy,B3_N,B3,Consensus + Uncertainty,183,reject,,,
B3_legacy,B3_N,B3,Consensus + Uncertainty,184,located,-4.653754477159995,21.38227071588821,53.988959575949785
B3_legacy,B3_N,B3,Consensus + Uncertainty,185,reject,,,
B3_legacy,B3_N,B3,Consensus + Uncertainty,186,reject,,,
B3_legacy,B3_N,B3,Consensus + Uncertainty,187,located,-3.618658889969673,23.2394489565626,51.13353507031143
B3_legacy,B3_N,B3,Consensus + Uncertainty,188,reject,,,
B3_legacy,B3_N,B3,Consensus + Uncertainty,189,located,-2.2350631802654073,24.850263293912036,49.638587880606174
B3_legacy,B3_N,B3,Consensus + Uncertainty,190,reject,,,
B3_legacy,B3_N,B3,Consensus + Uncertainty,191,located,-3.2094161477584002,20.10061838057506,55.3193619687186
B3_legacy,B3_N,B3,Consensus + Uncertainty,192,located,-3.6850667669365427,23.993439965807607,51.625009519943625
B3_legacy,B3_N,B3,Consensus + Uncertainty,193,located,-4.8491702506626835,22.249349869411283,54.14007272333575
B3_legacy,B3_N,B3,Consensus + Uncertainty,194,reject,,,
B3_legacy,B3_N,B3,Consensus + Uncertainty,195,reject,,,
B3_legacy,B3_N,B3,Consensus + Uncertainty,196,reject,,,
B3_legacy,B3_N,B3,Consensus + Uncertainty,197,located,-2.952437858527368,19.94109653633712,53.37516578288369
B3_legacy,B3_N,B3,Consensus + Uncertainty,198,located,-3.1201759116245165,22.317001952647527,52.17042628636562
B3_legacy,B3_N,B3,Consensus + Uncertainty,199,located,-3.1466336961704995,20.894804935886683,51.84073501120075
B3_legacy,B3_N,B3,Consensus + Uncertainty,200,located,-2.6502503394336103,21.798853774318786,52.39658288295422
B3_legacy,B3_N,B3,Consensus + Uncertainty,201,reject,,,
B3_legacy,B3_N,B3,Consensus + Uncertainty,202,located,-4.465331307731285,21.368820126953104,55.03017469367568
B3_legacy,B3_N,B3,Consensus + Uncertainty,203,located,-0.6287447304218576,21.608320576744475,51.64940662773566
B3_legacy,B3_N,B3,Consensus + Uncertainty,204,reject,,,
B3_legacy,B3_N,B3,Consensus + Uncertainty,205,located,-2.012856751608968,20.30111715276651,53.394794721906955
B3_legacy,B3_N,B3,Consensus + Uncertainty,206,reject,,,
B3_legacy,B3_N,B3,Consensus + Uncertainty,207,reject,,,
B3_legacy,B3_N,B3,Consensus + Uncertainty,208,reject,,,
B3_legacy,B3_N,B3,Consensus + Uncertainty,209,reject,,,
B3_legacy,B3_N,B3,Consensus + Uncertainty,210,reject,,,
B3_legacy,B3_N,B3,Consensus + Uncertainty,211,reject,,,
B3_legacy,B3_N,B3,Consensus + Uncertainty,212,reject,,,
B3_legacy,B3_N,B3,Consensus + Uncertainty,213,reject,,,
B3_legacy,B3_N,B3,Consensus + Uncertainty,214,located,-1.9895448448511905,24.657334346568287,50.030951728685096
B3_legacy,B3_N,B3,Consensus + Uncertainty,215,located,-3.742441960333093,25.560844029008997,51.13887391803325
B3_legacy,B3_N,B3,Consensus + Uncertainty,216,located,-3.1831185979045253,19.688444425449408,55.45088998666174
B3_legacy,B3_N,B3,Consensus + Uncertainty,217,located,-3.3353223584347607,18.509429782113987,55.881561464635965
B3_legacy,B3_N,B3,Consensus + Uncertainty,218,located,-4.181966972017898,21.7495106601988,54.3703595599816
B3_legacy,B3_N,B3,Consensus + Uncertainty,219,located,-2.8047685660737236,21.98932567817276,53.7914529807844
B3_legacy,B3_N,B3,Consensus + Uncertainty,220,located,-3.3763470693090114,21.551249615766142,52.72844020613703
B3_legacy,B3_N,B3,Consensus + Uncertainty,221,reject,,,
B3_legacy,B3_N,B3,Consensus + Uncertainty,222,reject,,,
B3_legacy,B3_N,B3,Consensus + Uncertainty,223,reject,,,
B3_legacy,B3_N,B3,Consensus + Uncertainty,224,reject,,,
B3_legacy,B3_N,B3,Consensus + Uncertainty,225,located,-2.8259572009513905,19.45407121788594,54.21784384316093
B3_legacy,B3_N,B3,Consensus + Uncertainty,226,reject,,,
B3_legacy,B3_N,B3,Consensus + Uncertainty,227,located,-3.3406167108539604,19.116183879997894,54.208755895637815
B3_legacy,B3_N,B3,Consensus + Uncertainty,228,located,-2.9952527722192532,22.874933178164067,53.55558732050211
B3_legacy,B3_N,B3,Consensus + Uncertainty,229,reject,,,
B3_legacy,B3_N,B3,Consensus + Uncertainty,230,located,-1.4862549903358493,22.37346167486322,49.58229230397574
B3_legacy,B3_N,B3,Consensus + Uncertainty,231,located,-3.948012361873661,20.373564604915032,54.78652042726466
B3_legacy,B3_N,B3,Consensus + Uncertainty,232,located,-3.2955451314842947,22.389587468031774,57.045405046797825
B3_legacy,B3_N,B3,Consensus + Uncertainty,233,reject,,,
B3_legacy,B3_N,B3,Consensus + Uncertainty,234,located,-3.494636563950363,20.357989249710958,57.435814459834994
B3_legacy,B3_N,B3,Consensus + Uncertainty,235,reject,,,
B3_legacy,B3_N,B3,Consensus + Uncertainty,236,located,-0.9820612231051232,21.592934290150094,50.79336440880023
B3_legacy,B3_N,B3,Consensus + Uncertainty,237,reject,,,
B3_legacy,B3_N,B3,Consensus + Uncertainty,238,reject,,,
B3_legacy,B3_N,B3,Consensus + Uncertainty,239,reject,,,
B3_legacy,B3_N,B3,Consensus + Uncertainty,240,located,-3.301591251570728,21.060085501368263,53.55548503198952
B3_legacy,B3_N,B3,Consensus + Uncertainty,241,reject,,,
B3_legacy,B3_N,B3,Consensus + Uncertainty,242,located,-4.832229123461461,22.273798987557715,53.0507514147267
B3_legacy,B3_N,B3,Consensus + Uncertainty,243,reject,,,
B3_legacy,B3_N,B3,Consensus + Uncertainty,244,located,-2.063889038781565,20.092021607384876,54.379377005410994
B3_legacy,B3_N,B3,Consensus + Uncertainty,245,located,-3.138591646364421,21.607771841474616,54.16055958345346
B3_legacy,B3_N,B3,Consensus + Uncertainty,246,located,-4.1658586900510945,24.885291104480295,51.45867847436639
B3_legacy,B3_N,B3,Consensus + Uncertainty,247,located,-2.4841170022105925,22.7980603077851,52.50285174954118
B3_legacy,B3_N,B3,Consensus + Uncertainty,248,located,-3.990504737420325,23.073628045594784,54.20360447407042
B3_legacy,B3_N,B3,Consensus + Uncertainty,249,reject,,,
B3_legacy,B3_N,B3,Consensus + Uncertainty,250,reject,,,
B3_legacy,B3_N,B3,Consensus + Uncertainty,251,reject,,,
B3_legacy,B3_N,B3,Consensus + Uncertainty,252,located,-3.190671187003269,21.0882691771873,55.35828484502238
B3_legacy,B3_N,B3,Consensus + Uncertainty,253,located,-3.7260793705852864,19.415314191000704,56.50572737233008
B3_legacy,B3_N,B3,Consensus + Uncertainty,254,located,-3.739182152894472,18.919976265241846,58.81329107971241
B3_legacy,B3_N,B3,Consensus + Uncertainty,255,reject,,,
B3_legacy,B3_N,B3,Consensus + Uncertainty,256,located,-3.9101860379051407,23.453498730443666,54.53741913836139
B3_legacy,B3_N,B3,Consensus + Uncertainty,257,located,-3.1059015344100693,19.891940468232946,57.030784467116575
B3_legacy,B3_N,B3,Consensus + Uncertainty,258,reject,,,
B3_legacy,B3_N,B3,Consensus + Uncertainty,259,reject,,,
B3_legacy,B3_N,B3,Consensus + Uncertainty,260,reject,,,
B3_legacy,B3_N,B3,Consensus + Uncertainty,261,reject,,,
B3_legacy,B3_N,B3,Consensus + Uncertainty,262,reject,,,
B3_legacy,B3_N,B3,Consensus + Uncertainty,263,reject,,,
B3_legacy,B3_N,B3,Consensus + Uncertainty,264,reject,,,
B3_legacy,B3_N,B3,Consensus + Uncertainty,265,located,-2.4143805584372715,22.74442360434732,50.95781961046876
B3_legacy,B3_N,B3,Consensus + Uncertainty,266,located,-1.7480522336072184,21.34970847067453,51.17271929265976
B3_legacy,B3_N,B3,Consensus + Uncertainty,267,reject,,,
B3_legacy,B3_N,B3,Consensus + Uncertainty,268,reject,,,
B3_legacy,B3_N,B3,Consensus + Uncertainty,269,reject,,,
B3_legacy,B3_N,B3,Consensus + Uncertainty,270,reject,,,
B3_legacy,B3_N,B3,Consensus + Uncertainty,271,reject,,,
B3_legacy,B3_N,B3,Consensus + Uncertainty,272,located,-5.411982181687428,21.135024214605345,56.422550181758005
B3_legacy,B3_N,B3,Consensus + Uncertainty,273,located,-2.89218823253355,21.84023551950512,52.00631598173794
B3_legacy,B3_N,B3,Consensus + Uncertainty,274,located,-2.834141948476942,21.59750942324477,52.54300665085858
B3_legacy,B3_N,B3,Consensus + Uncertainty,275,located,-3.9705608143062467,20.7985103301862,54.38397391633833
B3_legacy,B3_N,B3,Consensus + Uncertainty,276,located,-4.061235389858224,21.778059800677333,56.34110870741462
B3_legacy,B3_N,B3,Consensus + Uncertainty,277,reject,,,
B3_legacy,B3_N,B3,Consensus + Uncertainty,278,located,-4.976205384195867,22.468466016259843,50.145618692733656
B3_legacy,B3_N,B3,Consensus + Uncertainty,279,located,-2.8515197925645857,22.057580586327905,54.27447403473783
B3_legacy,B3_N,B3,Consensus + Uncertainty,280,located,-2.928381967619951,20.515957083690395,53.71040527088846
B3_legacy,B3_N,B3,Consensus + Uncertainty,281,located,-2.468042046529664,22.002456196936507,53.47440323146506
B3_legacy,B3_N,B3,Consensus + Uncertainty,282,reject,,,
B3_legacy,B3_N,B3,Consensus + Uncertainty,283,reject,,,
B3_legacy,B3_N,B3,Consensus + Uncertainty,284,located,-1.2361598390385367,24.924078860378444,51.321385427802056
B3_legacy,B3_N,B3,Consensus + Uncertainty,285,reject,,,
B3_legacy,B3_N,B3,Consensus + Uncertainty,286,located,-5.850219283636195,21.58901813356021,55.45646021003274
B3_legacy,B3_N,B3,Consensus + Uncertainty,287,located,-3.528853098668567,20.402436811605973,54.769237883038144
B3_legacy,B3_N,B3,Consensus + Uncertainty,288,located,-4.19783044423516,20.624680458863295,55.40320593260764
B3_legacy,B3_N,B3,Consensus + Uncertainty,289,reject,,,
B3_legacy,B3_N,B3,Consensus + Uncertainty,290,located,-4.197052541764501,20.5488376129047,56.29647797123976
B3_legacy,B3_N,B3,Consensus + Uncertainty,291,reject,,,
B3_legacy,B3_N,B3,Consensus + Uncertainty,292,reject,,,
B3_legacy,B3_N,B3,Consensus + Uncertainty,293,located,-4.137221970874287,21.87913471574552,54.88162608237408
B3_legacy,B3_N,B3,Consensus + Uncertainty,294,reject,,,
B3_legacy,B3_N,B3,Consensus + Uncertainty,295,reject,,,
B3_legacy,B3_N,B3,Consensus + Uncertainty,296,reject,,,
B3_legacy,B3_N,B3,Consensus + Uncertainty,297,reject,,,
B3_legacy,B3_N,B3,Consensus + Uncertainty,298,reject,,,
B3_legacy,B3_N,B3,Consensus + Uncertainty,299,located,-4.3378838977160905,22.039879996206636,54.71492597461878
B3_legacy,B3_N,B3,Consensus + Uncertainty,300,located,-3.2064886665502055,18.652065504086092,56.8623063711602
B3_legacy,B3_N,B3,Consensus + Uncertainty,301,located,-1.8473197444442444,21.057105356931025,51.70550233601718
B3_legacy,B3_N,B3,Consensus + Uncertainty,302,reject,,,
B3_legacy,B3_N,B3,Consensus + Uncertainty,303,located,-3.1542830668481274,22.696398322093746,51.335211384338336
B3_legacy,B3_N,B3,Consensus + Uncertainty,304,located,-2.9308923482617324,20.272189622817443,55.47972380808284
B3_legacy,B3_N,B3,Consensus + Uncertainty,305,reject,,,
B3_legacy,B3_N,B3,Consensus + Uncertainty,306,located,-4.663332317401298,24.12288780030157,50.47912609265033
B3_legacy,B3_N,B3,Consensus + Uncertainty,307,reject,,,
B3_legacy,B3_N,B3,Consensus + Uncertainty,308,reject,,,
B3_legacy,B3_N,B3,Consensus + Uncertainty,309,reject,,,
B3_legacy,B3_N,B3,Consensus + Uncertainty,310,located,-5.0676022096557105,21.185189091151592,56.476664305130086
B3_legacy,B3_N,B3,Consensus + Uncertainty,311,reject,,,
B3_legacy,B3_N,B3,Consensus + Uncertainty,312,located,-3.4067373991561376,24.023096954294914,51.070041167416825
B3_legacy,B3_N,B3,Consensus + Uncertainty,313,located,-3.679787612633449,20.84509405583475,53.167896274075616
B3_legacy,B3_N,B3,Consensus + Uncertainty,314,located,-2.6623468345494112,20.340427196899284,54.65116012065108
B3_legacy,B3_N,B3,Consensus + Uncertainty,315,reject,,,
B3_legacy,B3_N,B3,Consensus + Uncertainty,316,located,-2.0103707060948954,18.426917690132633,55.193087685640386
B3_legacy,B3_N,B3,Consensus + Uncertainty,317,located,-2.2938387919701717,22.87564122792411,51.58642227927928
B3_legacy,B3_N,B3,Consensus + Uncertainty,318,reject,,,
B3_legacy,B3_N,B3,Consensus + Uncertainty,319,located,-2.928911299331892,20.673931899237125,56.900676789263166
B3_legacy,B3_N,B3,Consensus + Uncertainty,320,reject,,,
B3_legacy,B3_N,B3,Consensus + Uncertainty,321,located,-3.527003327677553,23.832396852989415,49.98691945453914
B3_legacy,B3_N,B3,Consensus + Uncertainty,322,reject,,,
B3_legacy,B3_N,B3,Consensus + Uncertainty,323,located,-3.311148881346849,21.021990207981553,52.583331130905364
B3_legacy,B3_N,B3,Consensus + Uncertainty,324,reject,,,
B3_legacy,B3_N,B3,Consensus + Uncertainty,325,located,-1.3042672732465204,24.44332268578589,47.19366826128888
B3_legacy,B3_N,B3,Consensus + Uncertainty,326,located,-3.090962166938749,21.217732197882018,52.214509832336674
B3_legacy,B3_N,B3,Consensus + Uncertainty,327,reject,,,
B3_legacy,B3_N,B3,Consensus + Uncertainty,328,reject,,,
B3_legacy,B3_N,B3,Consensus + Uncertainty,329,located,-1.5031327454270025,20.90647466049188,51.79850485906258
B3_legacy,B3_N,B3,Consensus + Uncertainty,330,located,-3.407077510543914,24.50260825650312,49.780963926452216
B3_legacy,B3_N,B3,Consensus + Uncertainty,331,located,-0.7068190599104602,20.555825825211897,52.63692840774777
B3_legacy,B3_N,B3,Consensus + Uncertainty,332,reject,,,
B3_legacy,B3_N,B3,Consensus + Uncertainty,333,reject,,,
B3_legacy,B3_N,B3,Consensus + Uncertainty,334,located,-1.1229445982359618,21.178694524888474,52.94277835462336
B3_legacy,B3_N,B3,Consensus + Uncertainty,335,reject,,,
B3_legacy,B3_N,B3,Consensus + Uncertainty,336,reject,,,
B3_legacy,B3_N,B3,Consensus + Uncertainty,337,reject,,,
B3_legacy,B3_N,B3,Consensus + Uncertainty,338,located,-2.6107601286557123,19.989806537992735,56.46861588254147
B3_legacy,B3_N,B3,Consensus + Uncertainty,339,reject,,,
B3_legacy,B3_N,B3,Consensus + Uncertainty,340,located,-5.687088985224731,21.912558096147354,55.34389878004363
B3_legacy,B3_N,B3,Consensus + Uncertainty,341,reject,,,
B3_legacy,B3_N,B3,Consensus + Uncertainty,342,reject,,,
B3_legacy,B3_N,B3,Consensus + Uncertainty,343,reject,,,
B3_legacy,B3_N,B3,Consensus + Uncertainty,344,reject,,,
B3_legacy,B3_N,B3,Consensus + Uncertainty,345,located,-2.3314531258975624,21.248493269369515,50.30565606653268
B3_legacy,B3_N,B3,Consensus + Uncertainty,346,located,-3.9752865167018876,20.03534624273884,56.98058593701507
B3_legacy,B3_N,B3,Consensus + Uncertainty,347,located,-1.8739673614068741,23.67177991272965,49.71788888244711
B3_legacy,B3_N,B3,Consensus + Uncertainty,348,reject,,,
B3_legacy,B3_N,B3,Consensus + Uncertainty,349,located,-4.4398884373206045,23.03214950804345,51.55662886016324
B3_legacy,B3_N,B3,Consensus + Uncertainty,350,located,-2.018718503333997,20.472769536718022,54.28784161655324
B3_legacy,B3_N,B3,Consensus + Uncertainty,351,located,-3.6957126043459563,20.271897634916193,54.4655004249006
B3_legacy,B3_N,B3,Consensus + Uncertainty,352,reject,,,
B3_legacy,B3_N,B3,Consensus + Uncertainty,353,located,-3.2953523102193487,22.34943327880774,53.85920060348291
B3_legacy,B3_N,B3,Consensus + Uncertainty,354,located,-5.1584264931566945,20.885148492558887,57.41071953151035
B3_legacy,B3_N,B3,Consensus + Uncertainty,355,located,-3.356946574919646,21.115067648130474,56.591085366560556
B3_legacy,B3_N,B3,Consensus + Uncertainty,356,reject,,,
B3_legacy,B3_N,B3,Consensus + Uncertainty,357,reject,,,
B3_legacy,B3_N,B3,Consensus + Uncertainty,358,reject,,,
B3_legacy,B3_N,B3,Consensus + Uncertainty,359,reject,,,
B3_legacy,B3_N,B3,Consensus + Uncertainty,360,located,-1.823237467229223,20.388100368129333,51.40628030691145
B3_legacy,B3_N,B3,Consensus + Uncertainty,361,reject,,,
B3_legacy,B3_N,B3,Consensus + Uncertainty,362,reject,,,
B3_legacy,B3_N,B3,Consensus + Uncertainty,363,located,-2.2558292858950613,20.40033653026256,53.5459959344103
B3_legacy,B3_N,B3,Consensus + Uncertainty,364,located,-4.121141497162591,19.845063546979823,53.399605957645804
B3_legacy,B3_N,B3,Consensus + Uncertainty,365,located,-3.6730561040757634,19.863660306709644,55.26555047915885
B3_legacy,B3_N,B3,Consensus + Uncertainty,366,reject,,,
B3_legacy,B3_N,B3,Consensus + Uncertainty,367,located,-3.2133938797191077,21.34526010440868,53.5508701982286
B3_legacy,B3_N,B3,Consensus + Uncertainty,368,located,-2.5705371354930957,21.279944766745626,53.677553087669864
B3_legacy,B3_N,B3,Consensus + Uncertainty,369,located,-4.982413123009955,22.990565038768192,51.97580931476111
B3_legacy,B3_N,B3,Consensus + Uncertainty,370,located,-3.1909095994680743,18.4988898716721,56.968958857829776
B3_legacy,B3_N,B3,Consensus + Uncertainty,371,reject,,,
B3_legacy,B3_N,B3,Consensus + Uncertainty,372,reject,,,
B3_legacy,B3_N,B3,Consensus + Uncertainty,373,located,-4.640313171415022,23.48985822675333,53.090430850359624
B3_legacy,B3_N,B3,Consensus + Uncertainty,374,located,-1.9429045339622788,22.587108307522424,51.55521010223786
B3_legacy,B3_N,B3,Consensus + Uncertainty,375,reject,,,
B3_legacy,B3_N,B3,Consensus + Uncertainty,376,reject,,,
B3_legacy,B3_N,B3,Consensus + Uncertainty,377,located,-3.308609841265271,21.997044522821064,55.149629338947015
B3_legacy,B3_N,B3,Consensus + Uncertainty,378,located,-4.70568647292485,21.514657354724456,54.850429936177406
B3_legacy,B3_N,B3,Consensus + Uncertainty,379,reject,,,
B3_legacy,B3_N,B3,Consensus + Uncertainty,380,reject,,,
B3_legacy,B3_N,B3,Consensus + Uncertainty,381,located,-4.467857254071064,20.985527890913627,55.82155125740617
B3_legacy,B3_N,B3,Consensus + Uncertainty,382,reject,,,
B3_legacy,B3_N,B3,Consensus + Uncertainty,383,located,-3.3051622244559016,22.281314341055275,54.31701415253816
B3_legacy,B3_N,B3,Consensus + Uncertainty,384,located,-5.542446354357474,19.061410774855194,58.78806053666634
B3_legacy,B3_N,B3,Consensus + Uncertainty,385,located,-2.4593697683594846,19.725683547540356,56.522239969194246
B3_legacy,B3_N,B3,Consensus + Uncertainty,386,located,-2.2331673493413287,21.06895941451537,54.55304729028023
B3_legacy,B3_N,B3,Consensus + Uncertainty,387,reject,,,
B3_legacy,B3_N,B3,Consensus + Uncertainty,388,located,-3.0752844589211747,20.515439407698175,54.162529981491566
B3_legacy,B3_N,B3,Consensus + Uncertainty,389,located,-4.833528934880965,20.723924585631906,54.01991831549932
B3_legacy,B3_N,B3,Consensus + Uncertainty,390,reject,,,
B3_legacy,B3_N,B3,Consensus + Uncertainty,391,located,-0.8753512316816185,24.117244673309322,52.4949739965201
B3_legacy,B3_N,B3,Consensus + Uncertainty,392,located,-5.577111672114989,20.52614867506032,56.893723494364316
B3_legacy,B3_N,B3,Consensus + Uncertainty,393,located,-1.9144135652846463,23.13548844536867,51.806508794641225
B3_legacy,B3_N,B3,Consensus + Uncertainty,394,reject,,,
B3_legacy,B3_N,B3,Consensus + Uncertainty,395,located,-5.062246241058188,21.40899364937179,53.147720267499245
B3_legacy,B3_N,B3,Consensus + Uncertainty,396,located,-3.2617721280018803,23.41741713931634,52.42422031532088
B3_legacy,B3_N,B3,Consensus + Uncertainty,397,located,-1.8133704064941156,21.903803323264864,51.304127984062596
B3_legacy,B3_N,B3,Consensus + Uncertainty,398,located,-3.8755093577481423,19.202878521733137,57.84501245320038
B3_legacy,B3_N,B3,Consensus + Uncertainty,399,reject,,,
B3_legacy,B3_S,B3,M0,0,located,7.152747057018841,-4.492193530687246,55.19772891442738
B3_legacy,B3_S,B3,M0,1,located,6.290310742805887,-4.809797872237212,54.543409423898424
B3_legacy,B3_S,B3,M0,2,located,5.903036261378186,-3.7862060786866607,54.13909264041711
B3_legacy,B3_S,B3,M0,3,located,7.53629330655056,-6.131868658607971,53.266159134220224
B3_legacy,B3_S,B3,M0,4,located,7.7233636791597995,-3.251601440918151,52.65780563121434
B3_legacy,B3_S,B3,M0,5,located,8.324261189464984,-3.676265612446393,53.60012771871361
B3_legacy,B3_S,B3,M0,6,located,6.96306661766587,-2.73920154997127,51.83512480377194
B3_legacy,B3_S,B3,M0,7,located,6.863631937376028,-6.329554717707325,53.88742928718435
B3_legacy,B3_S,B3,M0,8,located,9.221674564657242,-3.285150502469911,49.932366157775796
B3_legacy,B3_S,B3,M0,9,located,6.869062355474942,-3.703872041307889,55.54653629496039
B3_legacy,B3_S,B3,M0,10,located,5.8583429434669805,-4.46283628789589,52.48968884893072
B3_legacy,B3_S,B3,M0,11,located,7.246435913966371,-2.7511285660500633,51.18006915872869
B3_legacy,B3_S,B3,M0,12,located,5.567393956559861,-4.914869766126877,55.1492875086644
B3_legacy,B3_S,B3,M0,13,located,7.6998480078405995,-4.94950389064681,53.63768876320883
B3_legacy,B3_S,B3,M0,14,located,6.608488359164101,-4.621043543309412,55.47190295976899
B3_legacy,B3_S,B3,M0,15,located,8.805462921696847,-3.4934637068014425,55.23234124890809
B3_legacy,B3_S,B3,M0,16,located,7.087002550569196,-3.671741869687736,52.214509931373016
B3_legacy,B3_S,B3,M0,17,located,7.191179709769827,-4.001474483929655,51.16926611326622
B3_legacy,B3_S,B3,M0,18,located,6.756223509755002,-3.751854690335499,56.499866202253564
B3_legacy,B3_S,B3,M0,19,located,8.1200269307657,-2.628334418182824,51.22108607014901
B3_legacy,B3_S,B3,M0,20,located,7.136573472860231,-5.404484938218253,53.97138546594125
B3_legacy,B3_S,B3,M0,21,located,6.693399118197707,-4.701657545230461,52.13012546074426
B3_legacy,B3_S,B3,M0,22,located,7.8680748989966,-3.198291229051243,50.56861864771816
B3_legacy,B3_S,B3,M0,23,located,7.832417078301625,-2.393052498374722,53.26917135884512
B3_legacy,B3_S,B3,M0,24,located,8.83532161655923,-5.718816194163239,52.3605143194853
B3_legacy,B3_S,B3,M0,25,located,8.022047420549962,-4.407326858532926,49.44012783413608
B3_legacy,B3_S,B3,M0,26,located,5.851198633591418,-6.78804757490348,55.763928052853544
B3_legacy,B3_S,B3,M0,27,located,9.053512316743133,-5.532958764437922,50.52548775867216
B3_legacy,B3_S,B3,M0,28,located,6.717366149164517,-3.948582868574192,56.156476816356395
B3_legacy,B3_S,B3,M0,29,located,5.623584212372805,-6.708170956624983,55.013494433521316
B3_legacy,B3_S,B3,M0,30,located,7.5145375216361066,-5.255912472935506,53.01671859698005
B3_legacy,B3_S,B3,M0,31,located,5.302147727493482,-2.6252851614683337,56.07852311722285
B3_legacy,B3_S,B3,M0,32,located,5.691628559527477,-4.080798952182754,53.86959776548427
B3_legacy,B3_S,B3,M0,33,located,5.553601656425945,-4.099434682412372,53.99417239609514
B3_legacy,B3_S,B3,M0,34,located,6.686931815396098,-5.268365372397113,52.94608370467799
B3_legacy,B3_S,B3,M0,35,located,5.601081191504801,-4.574312312918671,55.899615565444584
B3_legacy,B3_S,B3,M0,36,located,6.62852626686021,-3.329462712577481,56.42129145990922
B3_legacy,B3_S,B3,M0,37,located,5.388102981918426,-3.724429398088695,55.99773723129946
B3_legacy,B3_S,B3,M0,38,located,7.856266404948237,-3.20545614527974,54.490731662106704
B3_legacy,B3_S,B3,M0,39,located,7.170442981013059,-4.8730123495733295,52.32862106406648
B3_legacy,B3_S,B3,M0,40,located,8.607624176956444,-3.178712513830817,53.644660847296095
B3_legacy,B3_S,B3,M0,41,located,7.710393426841839,-4.790003555160503,53.440299821048455
B3_legacy,B3_S,B3,M0,42,located,7.722005733661515,-4.593748021640259,52.83637786276952
B3_legacy,B3_S,B3,M0,43,located,7.391477905719976,-2.3120159876118294,52.713794586262736
B3_legacy,B3_S,B3,M0,44,located,6.620028077214242,-3.389558792628037,54.771053121690194
B3_legacy,B3_S,B3,M0,45,located,6.3491177654548,-4.579271964592536,53.63435847783331
B3_legacy,B3_S,B3,M0,46,located,5.743032886442025,-2.968346491739787,53.77084868156184
B3_legacy,B3_S,B3,M0,47,located,8.365983076446794,-6.828896687008331,52.3028006943169
B3_legacy,B3_S,B3,M0,48,located,7.512762162876351,-3.17482151248511,54.14929910607989
B3_legacy,B3_S,B3,M0,49,located,5.91958465496182,-3.396323518138338,55.46395588643894
B3_legacy,B3_S,B3,M0,50,located,8.270996111730826,-5.39975124444576,51.090864619578255
B3_legacy,B3_S,B3,M0,51,located,8.43281740071733,-4.245334885282524,53.63186645274092
B3_legacy,B3_S,B3,M0,52,located,6.543356023718266,-3.461627477751051,53.98191906564983
B3_legacy,B3_S,B3,M0,53,located,7.611132249697901,-5.00443336519632,54.487772707967856
B3_legacy,B3_S,B3,M0,54,located,8.342272922161737,-4.225534992952177,49.781789970929665
B3_legacy,B3_S,B3,M0,55,located,8.802268170995319,-2.3751386356204804,50.785631580189346
B3_legacy,B3_S,B3,M0,56,located,5.7778095977268595,-5.622143474505947,55.204037247576544
B3_legacy,B3_S,B3,M0,57,located,8.159273353788569,-4.1230406056125375,50.382375068357206
B3_legacy,B3_S,B3,M0,58,located,6.9964443132247744,-3.326826069110865,54.375564294187086
B3_legacy,B3_S,B3,M0,59,located,7.751198837079088,-5.511506670916134,51.59981875697478
B3_legacy,B3_S,B3,M0,60,located,7.371222084226723,-2.171432230444431,50.12621572162927
B3_legacy,B3_S,B3,M0,61,located,5.857444723694319,-2.4883698925496986,55.80732213326142
B3_legacy,B3_S,B3,M0,62,located,4.477838221993856,-3.8688538423001475,57.04999380543322
B3_legacy,B3_S,B3,M0,63,located,7.105711853408901,-2.729710699173417,53.06110930775277
B3_legacy,B3_S,B3,M0,64,located,7.8720295160406835,-4.620081613931049,53.79689346685044
B3_legacy,B3_S,B3,M0,65,located,6.640137731474706,-3.063910703626455,52.043850945967286
B3_legacy,B3_S,B3,M0,66,located,8.532137724739552,-2.7207178303836557,50.84565042955117
B3_legacy,B3_S,B3,M0,67,located,8.441868445262333,-4.0522612310944055,53.4475161166158
B3_legacy,B3_S,B3,M0,68,located,6.153191345246102,-5.143310528780432,53.412518668413085
B3_legacy,B3_S,B3,M0,69,located,5.815033979083779,-4.2019351145922315,55.18141311576344
B3_legacy,B3_S,B3,M0,70,located,5.867146508170831,-4.749101232270583,56.27974724656377
B3_legacy,B3_S,B3,M0,71,located,8.280443538124441,-3.6714026327101763,50.45988668272136
B3_legacy,B3_S,B3,M0,72,located,6.038783640598886,-2.546999659787062,56.88123246669583
B3_legacy,B3_S,B3,M0,73,located,6.041881741119485,-4.28130868560865,56.51224256126839
B3_legacy,B3_S,B3,M0,74,located,8.957390361675458,-5.333466814023367,50.59924720389945
B3_legacy,B3_S,B3,M0,75,located,7.669144591218664,-4.734642645703367,52.74212305367022
B3_legacy,B3_S,B3,M0,76,located,5.784336656254292,-4.159440275500145,54.379665717019286
B3_legacy,B3_S,B3,M0,77,located,5.454959336335119,-4.969881173837756,55.208946792972185
B3_legacy,B3_S,B3,M0,78,located,8.466570338807141,-4.295003974679176,51.17795456568625
B3_legacy,B3_S,B3,M0,79,located,7.35201611206758,-3.518635547248053,52.08628955939289
B3_legacy,B3_S,B3,M0,80,located,7.239273302897146,-4.156395517231289,53.235110153901424
B3_legacy,B3_S,B3,M0,81,located,5.6871483997554115,-5.4240384901088206,54.18999819948458
B3_legacy,B3_S,B3,M0,82,located,7.689484457949649,-2.0557146089196507,53.3326958061944
B3_legacy,B3_S,B3,M0,83,located,6.8522526921989355,-2.9118997922584455,52.537686293453085
B3_legacy,B3_S,B3,M0,84,located,7.799136566726143,-4.938806718972934,51.91502882769126
B3_legacy,B3_S,B3,M0,85,located,9.460504447362316,-4.095218808569072,51.3021266183972
B3_legacy,B3_S,B3,M0,86,located,6.33131111701114,-2.5158944533143526,56.86977421113685
B3_legacy,B3_S,B3,M0,87,located,5.650316739184551,-4.480460629749402,56.59102741186317
B3_legacy,B3_S,B3,M0,88,located,6.676125727062704,-2.102290210573983,53.890114489068296
B3_legacy,B3_S,B3,M0,89,located,10.229196729628049,-6.2638626564487225,52.03163594014242
B3_legacy,B3_S,B3,M0,90,located,8.238748690547213,-3.3510960224672885,51.15592515430184
B3_legacy,B3_S,B3,M0,91,located,6.1050618432438215,-3.4183328266637645,55.33632807196446
B3_legacy,B3_S,B3,M0,92,located,6.550168428163879,-4.538148058791876,55.22288564542862
B3_legacy,B3_S,B3,M0,93,located,7.854434517861808,-4.536113066065795,51.39543096570504
B3_legacy,B3_S,B3,M0,94,located,6.796208450054772,-4.8650547112502736,53.46942632575679
B3_legacy,B3_S,B3,M0,95,located,7.68840537236999,-5.37286322582387,53.88670774768828
B3_legacy,B3_S,B3,M0,96,located,7.260066684082879,-2.6394698062329454,51.05078196573331
B3_legacy,B3_S,B3,M0,97,located,9.050535473752735,-4.146779439084639,50.69395539546884
B3_legacy,B3_S,B3,M0,98,located,7.583901747789909,-5.520406069712898,50.605931282844644
B3_legacy,B3_S,B3,M0,99,located,9.147075902906817,-3.951119671166296,53.24828944730632
B3_legacy,B3_S,B3,M0,100,located,7.156391597434118,-5.623766798901656,55.564310360585885
B3_legacy,B3_S,B3,M0,101,located,8.242135178300105,-2.450182235757701,51.78460148820357
B3_legacy,B3_S,B3,M0,102,located,7.190207711226853,-5.04833127744984,55.85610082127311
B3_legacy,B3_S,B3,M0,103,located,8.14352619535142,-3.1206820285783365,51.788706649027034
B3_legacy,B3_S,B3,M0,104,located,7.718136368440955,-2.5992550616936043,51.72019441029183
B3_legacy,B3_S,B3,M0,105,located,7.7113013627903,-2.2437727924193283,52.82035933361066
B3_legacy,B3_S,B3,M0,106,located,7.613607710642442,-4.405348810416406,52.9538117902581
B3_legacy,B3_S,B3,M0,107,located,9.070299254967711,-3.531106730768869,52.11162989658656
B3_legacy,B3_S,B3,M0,108,located,7.137905418592437,-5.421007573032597,52.571207780604865
B3_legacy,B3_S,B3,M0,109,located,6.028628836869303,-2.6954565734757523,54.44896427661823
B3_legacy,B3_S,B3,M0,110,located,8.60988120411328,-3.9579256191363115,54.78013265686868
B3_legacy,B3_S,B3,M0,111,located,8.002704399821894,-1.1427016330177366,52.155271032977126
B3_legacy,B3_S,B3,M0,112,located,5.995831198575077,-7.233849792173558,54.93617379509085
B3_legacy,B3_S,B3,M0,113,located,8.25081113711212,-3.467892827909594,55.502271635723254
B3_legacy,B3_S,B3,M0,114,located,8.093682323850933,-4.873957542636305,51.19340338854638
B3_legacy,B3_S,B3,M0,115,located,5.900016568810202,-3.629873574926492,56.22989891928672
B3_legacy,B3_S,B3,M0,116,located,7.075148538767031,-3.573282043411197,53.17634820868457
B3_legacy,B3_S,B3,M0,117,located,6.653869389460516,-2.8076579991954915,53.1219514490394
B3_legacy,B3_S,B3,M0,118,located,8.32342869904878,-3.7504827355512944,51.24742192670344
B3_legacy,B3_S,B3,M0,119,located,3.858651374819715,-3.8200984629608428,57.470132505832346
B3_legacy,B3_S,B3,M0,120,located,8.194658389850472,-1.0506405712791391,53.67715649602553
B3_legacy,B3_S,B3,M0,121,located,8.456084951890675,-5.618607881055873,50.60290555574802
B3_legacy,B3_S,B3,M0,122,located,8.157793096229046,-5.095008776186432,51.74732723909068
B3_legacy,B3_S,B3,M0,123,located,5.419969385189413,-4.741322016672221,56.639779441198684
B3_legacy,B3_S,B3,M0,124,located,5.635851361597777,-2.2609815105767765,57.33103637805241
B3_legacy,B3_S,B3,M0,125,located,8.150549906132188,-3.2530444611895746,53.01084281774653
B3_legacy,B3_S,B3,M0,126,located,8.053892990130981,-2.396099555804618,56.47600769587935
B3_legacy,B3_S,B3,M0,127,located,9.947420008983798,-4.051312983122891,50.01680902169273
B3_legacy,B3_S,B3,M0,128,located,8.206937559882428,-4.2089972271314835,51.206433869993326
B3_legacy,B3_S,B3,M0,129,located,4.82040642125226,-1.7496107074489373,56.93087592017909
B3_legacy,B3_S,B3,M0,130,located,7.042451191233125,-2.186309857486677,54.349097105029095
B3_legacy,B3_S,B3,M0,131,located,8.971153967715253,-1.67908067919074,51.79730988098357
B3_legacy,B3_S,B3,M0,132,located,6.275944099269746,-2.568303038178911,52.52528660203109
B3_legacy,B3_S,B3,M0,133,located,7.672003518967634,-5.160591752355771,51.94211636248417
B3_legacy,B3_S,B3,M0,134,located,6.806574869472674,-1.6951466084751345,54.96863171055871
B3_legacy,B3_S,B3,M0,135,located,7.113348283799663,-4.421001597971916,54.715220661137835
B3_legacy,B3_S,B3,M0,136,located,6.873861866442154,-1.4740844826076227,56.12390085363351
B3_legacy,B3_S,B3,M0,137,located,7.507527587240222,-3.5870933626604895,56.8102489043143
B3_legacy,B3_S,B3,M0,138,located,9.529451560946255,-6.642256781867047,52.881607567163826
B3_legacy,B3_S,B3,M0,139,located,6.9130328056705475,-6.1366232674501475,53.81180320765943
B3_legacy,B3_S,B3,M0,140,located,7.122002196212847,-4.000173471442999,53.476064884141
B3_legacy,B3_S,B3,M0,141,located,8.752750759221897,-3.5252205232233607,54.74964180151536
B3_legacy,B3_S,B3,M0,142,located,7.408710396309895,-3.468173449147038,52.84134211478754
B3_legacy,B3_S,B3,M0,143,located,7.844677794108897,-3.5398457925192446,51.13911230594306
B3_legacy,B3_S,B3,M0,144,located,8.631275494764079,-3.417530977979652,51.03205140600364
B3_legacy,B3_S,B3,M0,145,located,10.57263430297819,-3.4801321994954932,51.17585801127147
B3_legacy,B3_S,B3,M0,146,located,5.150793257402072,-3.9452579768591534,56.82278782039412
B3_legacy,B3_S,B3,M0,147,located,8.5963300224461,-4.217691263132686,51.61395408300593
B3_legacy,B3_S,B3,M0,148,located,7.496631291898025,-5.721590341758727,55.53097590238088
B3_legacy,B3_S,B3,M0,149,located,5.454612100239609,-2.649598336172552,56.80742265106667
B3_legacy,B3_S,B3,M0,150,located,5.653574917932992,-5.469590244272688,53.66664741810232
B3_legacy,B3_S,B3,M0,151,located,8.67147696712099,-5.3523537508910906,53.67559414581767
B3_legacy,B3_S,B3,M0,152,located,6.755519863969279,-3.3258875709842,54.45746080572291
B3_legacy,B3_S,B3,M0,153,located,7.876659255982039,-5.0647312838161085,51.66521356063899
B3_legacy,B3_S,B3,M0,154,located,8.09913325351847,-1.9440878953543574,51.06790804158401
B3_legacy,B3_S,B3,M0,155,located,6.464427391243324,-4.962638945456035,54.260762332421415
B3_legacy,B3_S,B3,M0,156,located,8.018864307468487,-4.138776692231616,51.20960337035711
B3_legacy,B3_S,B3,M0,157,located,5.518484367447919,-3.7344153915324014,55.330877371368196
B3_legacy,B3_S,B3,M0,158,located,6.766460977569876,-5.931512225649797,55.59972565683545
B3_legacy,B3_S,B3,M0,159,located,7.1790033552907,-4.619780465186047,51.61416729109419
B3_legacy,B3_S,B3,M0,160,located,7.473338560679236,-4.396045893345622,51.86136643986049
B3_legacy,B3_S,B3,M0,161,located,7.653973500084989,-5.144319954137764,55.28030588822165
B3_legacy,B3_S,B3,M0,162,located,6.117442999190945,-2.542761416511482,54.427721937379616
B3_legacy,B3_S,B3,M0,163,located,6.117531085361527,-4.591726958778075,56.52309395098971
B3_legacy,B3_S,B3,M0,164,located,10.394271188745021,-3.9918748470982592,47.920069719161866
B3_legacy,B3_S,B3,M0,165,located,7.327285317881705,-3.9496666447610664,50.29662349731297
B3_legacy,B3_S,B3,M0,166,located,5.1486178398527755,-4.3787029904620525,54.79906902674297
B3_legacy,B3_S,B3,M0,167,located,8.471212747548662,-2.6855549511569663,50.683649406836416
B3_legacy,B3_S,B3,M0,168,located,9.330283460667083,-4.8456571537641935,49.41095508590367
B3_legacy,B3_S,B3,M0,169,located,5.463761816670514,-3.333857920062947,51.13008384160531
B3_legacy,B3_S,B3,M0,170,located,6.413810590367771,-1.3757543459862873,56.59349613277244
B3_legacy,B3_S,B3,M0,171,located,9.135822394414136,-3.5741876652348523,51.68106006975097
B3_legacy,B3_S,B3,M0,172,located,7.692359001203635,-5.512210666547837,52.049170957979136
B3_legacy,B3_S,B3,M0,173,located,7.03318204362593,-4.552631985927562,52.062738807229245
B3_legacy,B3_S,B3,M0,174,located,5.558651484427528,-2.116517530105206,55.44270873659331
B3_legacy,B3_S,B3,M0,175,located,8.297197085591444,-4.743808595935114,53.33936504977703
B3_legacy,B3_S,B3,M0,176,located,10.37980429306375,-5.044898547481694,48.863357614077245
B3_legacy,B3_S,B3,M0,177,located,8.245794848710252,-2.1798445211395787,50.46049342143519
B3_legacy,B3_S,B3,M0,178,located,6.8396840284777305,-4.505960019655554,53.13681254129876
B3_legacy,B3_S,B3,M0,179,located,8.301740725303475,-5.17505254670791,54.154445836201575
B3_legacy,B3_S,B3,M0,180,located,8.959240217776706,-3.5693239675535295,51.86552803994172
B3_legacy,B3_S,B3,M0,181,located,7.238727872101482,-3.3747657299726015,53.433509875722486
B3_legacy,B3_S,B3,M0,182,located,8.154825237614029,-4.077521161407816,54.70870560854061
B3_legacy,B3_S,B3,M0,183,located,6.400788839057938,-4.292288386677875,54.25456639832976
B3_legacy,B3_S,B3,M0,184,located,6.250644026977866,-5.554516960802957,54.59275680702977
B3_legacy,B3_S,B3,M0,185,located,8.287752264842553,-3.481777276343209,54.91454968211344
B3_legacy,B3_S,B3,M0,186,located,7.143292904377776,-4.243680267328429,57.00937748914861
B3_legacy,B3_S,B3,M0,187,located,6.451180193195948,-6.620195703093259,53.921327992002475
B3_legacy,B3_S,B3,M0,188,located,4.311635483627177,-4.775794317420186,57.88566321127138
B3_legacy,B3_S,B3,M0,189,located,6.7381174049100405,-2.412966654429077,54.94429655988231
B3_legacy,B3_S,B3,M0,190,located,9.09659953212503,-1.2961897689410193,49.923958733123655
B3_legacy,B3_S,B3,M0,191,located,9.732932836599607,-2.8501154254540495,50.090722108264636
B3_legacy,B3_S,B3,M0,192,located,5.407410893315085,-5.566998601141748,55.49018140941163
B3_legacy,B3_S,B3,M0,193,located,7.087735766197685,-4.652628743599777,51.87395337153311
B3_legacy,B3_S,B3,M0,194,located,7.1696346175575805,-5.20452556257208,54.19331059984592
B3_legacy,B3_S,B3,M0,195,located,6.042812761375256,-5.284081789372543,53.19180594723428
B3_legacy,B3_S,B3,M0,196,located,5.966978775203359,-6.774311781050983,55.39310583883369
B3_legacy,B3_S,B3,M0,197,located,8.218994773159343,-1.7391857763757699,52.96812460063676
B3_legacy,B3_S,B3,M0,198,located,7.732601961413229,-4.414546232269217,53.39001726666934
B3_legacy,B3_S,B3,M0,199,located,7.192610443795659,-4.241397479454797,51.537149000619166
B3_legacy,B3_S,B3,M0,200,located,8.196481494078874,-4.485388632491372,52.322450902479616
B3_legacy,B3_S,B3,M0,201,located,8.158645875163174,-3.89206608618192,53.719444855207165
B3_legacy,B3_S,B3,M0,202,located,6.526196409070331,-2.7617028560477195,54.0931615847953
B3_legacy,B3_S,B3,M0,203,located,6.366550820990158,-3.7388956169462517,54.739786652237825
B3_legacy,B3_S,B3,M0,204,located,4.698533461589113,-5.704452161355498,56.81078443250506
B3_legacy,B3_S,B3,M0,205,located,5.57249140380032,-2.3572594850088464,52.58193709170759
B3_legacy,B3_S,B3,M0,206,located,7.179489881375542,-3.8659854326307155,52.44712024850386
B3_legacy,B3_S,B3,M0,207,located,8.664404041239386,-2.688225328279408,53.698220727985834
B3_legacy,B3_S,B3,M0,208,located,9.270312250703787,-2.8343614747420887,51.800656868915745
B3_legacy,B3_S,B3,M0,209,located,7.622667278311911,-4.354791632748324,55.36075507196959
B3_legacy,B3_S,B3,M0,210,located,5.7124274182997965,-4.260345569266292,56.682058505208964
B3_legacy,B3_S,B3,M0,211,located,7.408025044203125,-5.81476673933404,54.54900094525859
B3_legacy,B3_S,B3,M0,212,located,7.6960053072367725,-4.53174167359375,52.0737094043567
B3_legacy,B3_S,B3,M0,213,located,9.699139427500961,-5.3199436734130785,47.97294566313517
B3_legacy,B3_S,B3,M0,214,located,8.189777036781603,-0.7737709943242308,48.70191506546132
B3_legacy,B3_S,B3,M0,215,located,8.154204889255185,-2.564104776333174,50.70929449470195
B3_legacy,B3_S,B3,M0,216,located,4.397460769590895,-4.20091569510587,55.46479554600301
B3_legacy,B3_S,B3,M0,217,located,7.467479408952331,-7.429110388479565,54.38487251014278
B3_legacy,B3_S,B3,M0,218,located,8.930083909351056,-2.6980883171512247,51.19205817477195
B3_legacy,B3_S,B3,M0,219,located,10.44430510257599,-4.808617547672675,49.93203327553545
B3_legacy,B3_S,B3,M0,220,located,7.564591043855937,-3.077753476217339,51.61652756830235
B3_legacy,B3_S,B3,M0,221,located,7.745283651493739,-3.794587138976432,53.66373986135872
B3_legacy,B3_S,B3,M0,222,located,6.577675401575142,-4.577083823443189,54.523944170061455
B3_legacy,B3_S,B3,M0,223,located,6.2223028890568495,-1.3201975434470583,54.701069006272874
B3_legacy,B3_S,B3,M0,224,located,8.048063313411314,-5.047183029432205,52.63452126823974
B3_legacy,B3_S,B3,M0,225,located,7.396515181141837,-4.681430060334371,55.05258366844225
B3_legacy,B3_S,B3,M0,226,located,10.691730056654105,-5.474099661497384,50.69240112335677
B3_legacy,B3_S,B3,M0,227,located,8.29232073060284,-5.643062268125284,51.28320721861272
B3_legacy,B3_S,B3,M0,228,located,6.3211096511327405,-4.727512036945001,54.67065505801897
B3_legacy,B3_S,B3,M0,229,located,7.2720824790950305,-3.8672170355608557,52.37447926995102
B3_legacy,B3_S,B3,M0,230,located,8.091166624657205,-6.775203048610422,53.06491341730509
B3_legacy,B3_S,B3,M0,231,located,8.478295938076906,-3.591537149348966,50.4355812846791
B3_legacy,B3_S,B3,M0,232,located,6.478746786658326,-4.339077058695693,55.79891859095859
B3_legacy,B3_S,B3,M0,233,located,8.863634855384873,-3.64599462372194,55.72340138468722
B3_legacy,B3_S,B3,M0,234,located,8.086101624502037,-4.270549830432834,52.93878080349632
B3_legacy,B3_S,B3,M0,235,located,8.175296507232508,-3.775952713747266,52.20021216283795
B3_legacy,B3_S,B3,M0,236,located,8.24582657607066,-4.802327709221601,54.39161286578219
B3_legacy,B3_S,B3,M0,237,located,7.770667148983668,-4.1498123784397905,55.4938577291851
B3_legacy,B3_S,B3,M0,238,located,6.981623889022007,-4.853483357282215,53.58160162431486
B3_legacy,B3_S,B3,M0,239,located,6.874384261800171,-4.350881115257394,51.26495698073223
B3_legacy,B3_S,B3,M0,240,located,6.414675895980232,-4.716105917804917,51.52125013061894
B3_legacy,B3_S,B3,M0,241,located,5.5127686428828495,-3.9866898097922885,56.4192092015217
B3_legacy,B3_S,B3,M0,242,located,6.850771992108362,-4.869399345209153,54.209145481758334
B3_legacy,B3_S,B3,M0,243,located,7.8036069247848765,-3.0678823564184583,54.475570291170364
B3_legacy,B3_S,B3,M0,244,located,5.934884392715261,-3.531571474857806,55.89141486729512
B3_legacy,B3_S,B3,M0,245,located,8.443090685357761,-6.372902436485241,54.76422206809108
B3_legacy,B3_S,B3,M0,246,located,6.785205459545437,-5.832189108441753,53.899486716698945
B3_legacy,B3_S,B3,M0,247,located,5.384414684399213,-5.766973354682399,55.11585751095849
B3_legacy,B3_S,B3,M0,248,located,5.6757640404841885,-4.589789228027314,55.38429237232281
B3_legacy,B3_S,B3,M0,249,located,6.873482254394466,-4.869044625294592,57.351427294720295
B3_legacy,B3_S,B3,M0,250,located,7.273711213913391,-4.6924096208358534,55.096647406964244
B3_legacy,B3_S,B3,M0,251,located,9.448819751524757,-2.138122741504077,49.715597806146825
B3_legacy,B3_S,B3,M0,252,located,6.299343055933892,-6.485179365678896,52.820356398564584
B3_legacy,B3_S,B3,M0,253,located,9.465134926124923,-4.511168190513658,50.169674005737065
B3_legacy,B3_S,B3,M0,254,located,5.4692581233857025,-6.707678998235657,56.13250660692214
B3_legacy,B3_S,B3,M0,255,located,8.899683627678797,-3.8738547962935925,50.80643318810978
B3_legacy,B3_S,B3,M0,256,located,8.161182493401224,-3.8728961038924368,54.47578876070719
B3_legacy,B3_S,B3,M0,257,located,8.184925425273416,-3.080972295436659,51.876936947892546
B3_legacy,B3_S,B3,M0,258,located,10.536408760422987,-4.849521257065007,50.342718456885194
B3_legacy,B3_S,B3,M0,259,located,8.16640429563513,-5.999682347953787,53.54561499951413
B3_legacy,B3_S,B3,M0,260,located,6.558744528662087,-3.6176108773368796,55.33991844949802
B3_legacy,B3_S,B3,M0,261,located,8.711380655035878,-2.5204369387826233,51.24713111593529
B3_legacy,B3_S,B3,M0,262,located,6.911141048055045,-5.828619275407085,54.126090693829276
B3_legacy,B3_S,B3,M0,263,located,6.806290683898426,-2.7296947802333875,53.07062118659417
B3_legacy,B3_S,B3,M0,264,located,5.664813570724215,-4.658072000721525,58.62110299021419
B3_legacy,B3_S,B3,M0,265,located,7.890658730974248,-2.4621832183236307,51.616251743910716
B3_legacy,B3_S,B3,M0,266,located,5.459058314802229,-4.047751489970899,54.653379899536276
B3_legacy,B3_S,B3,M0,267,located,6.818001358547062,-4.736459093916011,55.34390022243985
B3_legacy,B3_S,B3,M0,268,located,7.062115413778088,-2.639796650063694,54.704758559349834
B3_legacy,B3_S,B3,M0,269,located,6.430223266847679,-3.6388560454482644,51.742642134867026
B3_legacy,B3_S,B3,M0,270,located,7.024218974102525,-3.2994087532928447,50.63367198339354
B3_legacy,B3_S,B3,M0,271,located,7.12530590929075,-4.154817057385493,55.47165568632291
B3_legacy,B3_S,B3,M0,272,located,6.846172485549016,-4.022972515683996,52.976288780026046
B3_legacy,B3_S,B3,M0,273,located,6.399492034969921,-3.4138332097991864,53.72132298637655
B3_legacy,B3_S,B3,M0,274,located,7.0654189312259845,-3.0625124066583496,53.127888676766204
B3_legacy,B3_S,B3,M0,275,located,9.316674002336644,-4.767023868243932,51.79558615325102
B3_legacy,B3_S,B3,M0,276,located,8.08493304254405,-4.912129568453274,48.44543801332552
B3_legacy,B3_S,B3,M0,277,located,7.978086843773022,-5.201689193550379,51.26098697887686
B3_legacy,B3_S,B3,M0,278,located,4.696362732551633,-4.515387549193441,57.347732956889274
B3_legacy,B3_S,B3,M0,279,located,8.845492090788936,-1.0556491715785299,50.731732392496085
B3_legacy,B3_S,B3,M0,280,located,8.095321423144213,-4.229466837644459,55.63155396698167
B3_legacy,B3_S,B3,M0,281,located,6.354071457852354,-2.5325868427924974,54.13273116367829
B3_legacy,B3_S,B3,M0,282,located,6.586378284670956,-4.024950904735306,56.702069167658195
B3_legacy,B3_S,B3,M0,283,located,6.343262822384877,-6.088501251465402,55.868085532004336
B3_legacy,B3_S,B3,M0,284,located,8.079920119986898,-2.1343835902871646,53.97393168673117
B3_legacy,B3_S,B3,M0,285,located,5.2199369161214975,-5.808794381388502,52.52391038834314
B3_legacy,B3_S,B3,M0,286,located,6.160278743451868,-5.590876250586888,53.88187313575277
B3_legacy,B3_S,B3,M0,287,located,6.428471180355387,-4.92106813082961,55.00760659809746
B3_legacy,B3_S,B3,M0,288,located,6.062329365455205,-1.731941390419827,53.63378564416676
B3_legacy,B3_S,B3,M0,289,located,8.29110173068742,-5.623987649151836,55.26950606519845
B3_legacy,B3_S,B3,M0,290,located,8.277966081567515,-2.2504350544884844,50.710671565954186
B3_legacy,B3_S,B3,M0,291,located,10.258162377183309,-3.8200724420143004,50.606301986239274
B3_legacy,B3_S,B3,M0,292,located,7.943034777455224,-4.519420295057415,54.041255618633535
B3_legacy,B3_S,B3,M0,293,located,7.251607967839317,-3.6419708416574537,52.12738802780967
B3_legacy,B3_S,B3,M0,294,located,4.979064308565483,-4.840770149588948,57.300447287072195
B3_legacy,B3_S,B3,M0,295,located,8.424462426236726,-4.24261845673594,55.7153652630874
B3_legacy,B3_S,B3,M0,296,located,4.836929428233362,-3.4195753219280363,56.105391232903884
B3_legacy,B3_S,B3,M0,297,located,8.035825739080083,-3.9415275113360693,52.045412539795095
B3_legacy,B3_S,B3,M0,298,located,5.716794015527935,-4.448633569847743,55.70190572653633
B3_legacy,B3_S,B3,M0,299,located,9.336533296394869,-3.062351076578466,50.62346809092133
B3_legacy,B3_S,B3,M0,300,located,5.595175527818653,-4.6161436401271345,57.138269452989654
B3_legacy,B3_S,B3,M0,301,located,5.056067679322383,-3.921435413318129,54.18337890827412
B3_legacy,B3_S,B3,M0,302,located,5.733797651030267,-4.9461508429589,55.6660276957602
B3_legacy,B3_S,B3,M0,303,located,6.992899907411158,-2.2563667150404214,55.15674390162119
B3_legacy,B3_S,B3,M0,304,located,6.130844659871555,-2.8376596755043906,54.29234227773206
B3_legacy,B3_S,B3,M0,305,located,7.7315119831582475,-4.698967815667061,52.92899555257304
B3_legacy,B3_S,B3,M0,306,located,7.889161955173319,-2.448273616341595,52.33789918589591
B3_legacy,B3_S,B3,M0,307,located,7.216862628993797,-3.3037695667265226,53.99815712934569
B3_legacy,B3_S,B3,M0,308,located,5.844716403097128,-2.412695999276046,51.80993734939943
B3_legacy,B3_S,B3,M0,309,located,7.95800104535284,-4.056931223180754,50.93246011838324
B3_legacy,B3_S,B3,M0,310,located,4.841789514639165,-4.125129425170172,54.5218385585948
B3_legacy,B3_S,B3,M0,311,located,7.931392479246454,-5.163278933495278,52.08371519042416
B3_legacy,B3_S,B3,M0,312,located,6.985759787401389,-2.8787332692375998,55.76020485485176
B3_legacy,B3_S,B3,M0,313,located,8.078530700560805,-5.250753118069504,50.816950829665004
B3_legacy,B3_S,B3,M0,314,located,7.349659195544439,-3.2255392522692645,56.970361485590125
B3_legacy,B3_S,B3,M0,315,located,6.377295878455501,-3.7555009140976168,53.755851970646674
B3_legacy,B3_S,B3,M0,316,located,7.367904750286888,-3.967670264794137,54.13819270345284
B3_legacy,B3_S,B3,M0,317,located,6.539878126004853,-4.843190688095035,56.42855098178099
B3_legacy,B3_S,B3,M0,318,located,6.636048003387628,-3.961539385072861,54.76527925270856
B3_legacy,B3_S,B3,M0,319,located,7.002378097751621,-2.186379788123979,52.49277933383507
B3_legacy,B3_S,B3,M0,320,located,6.615137899237766,-4.705722407860058,51.613354966753725
B3_legacy,B3_S,B3,M0,321,located,6.865800112312269,-4.696924620662145,55.54275362034758
B3_legacy,B3_S,B3,M0,322,located,7.558622216495058,-5.968142272063282,52.003715074782704
B3_legacy,B3_S,B3,M0,323,located,7.187185934054843,-3.595690360046845,52.75756285951245
B3_legacy,B3_S,B3,M0,324,located,6.170852828345006,-4.050279209794269,55.941952221131345
B3_legacy,B3_S,B3,M0,325,located,7.451342085625544,-4.714914799065404,52.543010326381655
B3_legacy,B3_S,B3,M0,326,located,8.146361270069288,-2.0459421456899207,52.96561764332178
B3_legacy,B3_S,B3,M0,327,located,7.680063674799234,-3.703429965383833,50.69656737412379
B3_legacy,B3_S,B3,M0,328,located,8.198946696903256,-4.418625662647663,51.37668557258145
B3_legacy,B3_S,B3,M0,329,located,8.92777423126535,-4.022279352055321,49.62456522844153
B3_legacy,B3_S,B3,M0,330,located,7.717408472228402,-4.498378655447418,53.36999252302529
B3_legacy,B3_S,B3,M0,331,located,10.553541007894802,-2.114237964325291,50.29190032778101
B3_legacy,B3_S,B3,M0,332,located,10.397597207355188,-5.314228550218687,50.591140187651845
B3_legacy,B3_S,B3,M0,333,located,5.6938714149243275,-3.8461753577722604,53.071626168838904
B3_legacy,B3_S,B3,M0,334,located,7.161514420171496,-3.3603473265671937,53.9694630757483
B3_legacy,B3_S,B3,M0,335,located,5.887712713745751,-5.124169691630023,55.424298998630874
B3_legacy,B3_S,B3,M0,336,located,6.592862135633576,-5.872892639185949,56.808193499296735
B3_legacy,B3_S,B3,M0,337,located,7.726816802863058,-1.8240297562428367,56.4064005940196
B3_legacy,B3_S,B3,M0,338,located,5.254557418906593,-3.084781545284116,55.80993520252681
B3_legacy,B3_S,B3,M0,339,located,9.641577542095545,-4.376981103453687,49.41994299050195
B3_legacy,B3_S,B3,M0,340,located,6.893133148066898,-4.7450223838864645,56.04787623441469
B3_legacy,B3_S,B3,M0,341,located,6.823835734279787,-2.1977681175894475,53.47642388075189
B3_legacy,B3_S,B3,M0,342,located,9.180633561496917,-4.613162618181093,49.9752161788179
B3_legacy,B3_S,B3,M0,343,located,6.426473917001649,-4.881155643637207,53.73568095031512
B3_legacy,B3_S,B3,M0,344,located,6.401633265495125,-5.840488437541971,54.87545894577304
B3_legacy,B3_S,B3,M0,345,located,6.688885843787114,-5.024642776853398,54.05389471997827
B3_legacy,B3_S,B3,M0,346,located,8.41236517195695,-2.164360575525862,52.95312638575244
B3_legacy,B3_S,B3,M0,347,located,8.102882104294101,-2.093060940925305,52.30806277649898
B3_legacy,B3_S,B3,M0,348,located,7.468061832718579,-6.192964541596979,52.70347820916338
B3_legacy,B3_S,B3,M0,349,located,8.756071033369873,-5.906161791907529,50.873304758249766
B3_legacy,B3_S,B3,M0,350,located,8.55588321010727,-5.388657071424184,54.182712695957825
B3_legacy,B3_S,B3,M0,351,located,7.769712176002908,-3.699398736286362,55.70233999749722
B3_legacy,B3_S,B3,M0,352,located,8.096188646717547,-4.585058032163232,50.29334717887325
B3_legacy,B3_S,B3,M0,353,located,5.854428530116181,-4.685967915473839,55.921736678429255
B3_legacy,B3_S,B3,M0,354,located,5.755119998921352,-3.6642133222200783,56.932931032975034
B3_legacy,B3_S,B3,M0,355,located,6.268350902216,-3.3430205577575833,56.80704327358305
B3_legacy,B3_S,B3,M0,356,located,6.536733933538545,-2.765217802630289,56.44387293076102
B3_legacy,B3_S,B3,M0,357,located,7.254386556626517,-4.148221661148689,54.43637315748838
B3_legacy,B3_S,B3,M0,358,located,8.850156798885456,-2.829205988519057,49.111473827825506
B3_legacy,B3_S,B3,M0,359,located,8.968824435234726,-4.954058543399697,52.318065203909356
B3_legacy,B3_S,B3,M0,360,located,6.385869010623067,-5.08129172570289,53.65263894818345
B3_legacy,B3_S,B3,M0,361,located,5.498753692384374,-3.065879209835984,55.411164750659985
B3_legacy,B3_S,B3,M0,362,located,5.886223707331734,-3.690626643003533,55.858305251718335
B3_legacy,B3_S,B3,M0,363,located,9.038986732380918,-4.0092856359017475,52.320532415376945
B3_legacy,B3_S,B3,M0,364,located,6.589104899736907,-4.3189492948203565,53.49440744641709
B3_legacy,B3_S,B3,M0,365,located,8.944401521191645,-6.084820309579278,52.36493568887387
B3_legacy,B3_S,B3,M0,366,located,5.827627953665551,-3.514780979414617,55.59135152498195
B3_legacy,B3_S,B3,M0,367,located,6.312518162811725,-4.076065044782403,53.7076907664087
B3_legacy,B3_S,B3,M0,368,located,5.424477735188905,-3.9365021017393573,54.42295852478745
B3_legacy,B3_S,B3,M0,369,located,6.305600064459286,-2.6243095718703913,55.68953681679115
B3_legacy,B3_S,B3,M0,370,located,7.776888880970262,-3.612090992242088,52.71204137249717
B3_legacy,B3_S,B3,M0,371,located,7.950499518669485,-5.555506099431604,56.427226850605685
B3_legacy,B3_S,B3,M0,372,located,7.377080013728107,-6.166085425990914,54.41051188032113
B3_legacy,B3_S,B3,M0,373,located,8.825949781709715,-3.33388407884177,49.22911292986475
B3_legacy,B3_S,B3,M0,374,located,5.249569761563667,-4.712718229052207,58.587411137174186
B3_legacy,B3_S,B3,M0,375,located,6.708517576076051,-4.972003536920077,54.519712934381175
B3_legacy,B3_S,B3,M0,376,located,9.504112291042693,-4.433913893946283,50.22599616104144
B3_legacy,B3_S,B3,M0,377,located,9.96312009523114,-5.399924053426879,49.13989249809349
B3_legacy,B3_S,B3,M0,378,located,7.500715250717714,-6.158819907999629,56.59196404672558
B3_legacy,B3_S,B3,M0,379,located,5.890097414147677,-4.794308307428224,52.4117616087393
B3_legacy,B3_S,B3,M0,380,located,5.669630304700797,-1.9758001071185944,56.44113916431918
B3_legacy,B3_S,B3,M0,381,located,6.94814253434277,-5.014756130359828,54.747437412492395
B3_legacy,B3_S,B3,M0,382,located,8.44209253131757,-5.143106836575527,50.41922431635828
B3_legacy,B3_S,B3,M0,383,located,4.334830093530504,-3.1506412590023416,55.791231740996295
B3_legacy,B3_S,B3,M0,384,located,8.302692353161145,-5.731828282398524,53.084620918541496
B3_legacy,B3_S,B3,M0,385,located,8.596056861604554,-4.71215544630936,54.0484925986648
B3_legacy,B3_S,B3,M0,386,located,8.759590441914492,-6.5701402963592415,52.04918262267603
B3_legacy,B3_S,B3,M0,387,located,6.889824763802521,-4.995803855838744,55.02954285551712
B3_legacy,B3_S,B3,M0,388,located,5.733091800214579,-3.9959904887299658,56.633109184367314
B3_legacy,B3_S,B3,M0,389,located,6.181096064263129,-5.028231522860352,52.38160460540862
B3_legacy,B3_S,B3,M0,390,located,8.901025917591642,-3.75267586202051,51.98982071459917
B3_legacy,B3_S,B3,M0,391,located,5.383162478087777,-5.620636720033204,55.45861741865167
B3_legacy,B3_S,B3,M0,392,located,6.566578562521353,-2.468130126187191,55.361312012394436
B3_legacy,B3_S,B3,M0,393,located,8.736659155276865,-5.059416250859094,54.34182156338674
B3_legacy,B3_S,B3,M0,394,located,6.7954633884290985,-3.629305286340113,52.27869084054368
B3_legacy,B3_S,B3,M0,395,located,8.846107960094718,-4.270292616242251,56.41217384537088
B3_legacy,B3_S,B3,M0,396,located,7.800744247920429,-5.812298913194809,55.59385055834444
B3_legacy,B3_S,B3,M0,397,located,8.515095396683384,-3.6123231963756197,51.27668067002701
B3_legacy,B3_S,B3,M0,398,located,7.32191611535386,-4.569252759317941,53.31855412712449
B3_legacy,B3_S,B3,M0,399,located,4.550972516971213,-6.463758936109073,56.58285697939241
B3_legacy,B3_S,B3,Consensus + Uncertainty,0,reject,,,
B3_legacy,B3_S,B3,Consensus + Uncertainty,1,located,7.784539131690679,-5.098298366688191,51.42870003802664
B3_legacy,B3_S,B3,Consensus + Uncertainty,2,located,9.410256640588937,-3.596073287689194,51.47661829037517
B3_legacy,B3_S,B3,Consensus + Uncertainty,3,reject,,,
B3_legacy,B3_S,B3,Consensus + Uncertainty,4,reject,,,
B3_legacy,B3_S,B3,Consensus + Uncertainty,5,located,7.739147486802905,-5.545313648116959,52.8754917796379
B3_legacy,B3_S,B3,Consensus + Uncertainty,6,located,8.624012381993786,-3.564378734030875,50.87447095782324
B3_legacy,B3_S,B3,Consensus + Uncertainty,7,reject,,,
B3_legacy,B3_S,B3,Consensus + Uncertainty,8,located,6.190397265942158,-5.719390868770404,56.22480236355333
B3_legacy,B3_S,B3,Consensus + Uncertainty,9,located,8.800090814997363,-2.7517613259230345,49.85399233732224
B3_legacy,B3_S,B3,Consensus + Uncertainty,10,reject,,,
B3_legacy,B3_S,B3,Consensus + Uncertainty,11,reject,,,
B3_legacy,B3_S,B3,Consensus + Uncertainty,12,reject,,,
B3_legacy,B3_S,B3,Consensus + Uncertainty,13,located,6.668166642442099,-4.560544434488023,52.40772651416434
B3_legacy,B3_S,B3,Consensus + Uncertainty,14,located,6.804656106026806,-4.293097528807216,53.56989417781892
B3_legacy,B3_S,B3,Consensus + Uncertainty,15,located,7.475069874627383,-4.688273015939281,55.033341235505205
B3_legacy,B3_S,B3,Consensus + Uncertainty,16,reject,,,
B3_legacy,B3_S,B3,Consensus + Uncertainty,17,reject,,,
B3_legacy,B3_S,B3,Consensus + Uncertainty,18,reject,,,
B3_legacy,B3_S,B3,Consensus + Uncertainty,19,reject,,,
B3_legacy,B3_S,B3,Consensus + Uncertainty,20,reject,,,
B3_legacy,B3_S,B3,Consensus + Uncertainty,21,reject,,,
B3_legacy,B3_S,B3,Consensus + Uncertainty,22,reject,,,
B3_legacy,B3_S,B3,Consensus + Uncertainty,23,reject,,,
B3_legacy,B3_S,B3,Consensus + Uncertainty,24,reject,,,
B3_legacy,B3_S,B3,Consensus + Uncertainty,25,located,9.11691953482935,-4.004110573170536,49.74230398122438
B3_legacy,B3_S,B3,Consensus + Uncertainty,26,located,7.211927884716557,-6.276217816490238,55.531033361805086
B3_legacy,B3_S,B3,Consensus + Uncertainty,27,reject,,,
B3_legacy,B3_S,B3,Consensus + Uncertainty,28,located,5.264613915301107,-4.329384644644122,55.9822598402802
B3_legacy,B3_S,B3,Consensus + Uncertainty,29,reject,,,
B3_legacy,B3_S,B3,Consensus + Uncertainty,30,reject,,,
B3_legacy,B3_S,B3,Consensus + Uncertainty,31,located,9.337756145498913,-4.965935212305794,51.403390146728334
B3_legacy,B3_S,B3,Consensus + Uncertainty,32,reject,,,
B3_legacy,B3_S,B3,Consensus + Uncertainty,33,located,6.139280877169543,-3.3144486370043893,55.153383740034194
B3_legacy,B3_S,B3,Consensus + Uncertainty,34,reject,,,
B3_legacy,B3_S,B3,Consensus + Uncertainty,35,located,10.140894810714784,-5.956938255713638,46.96903854272275
B3_legacy,B3_S,B3,Consensus + Uncertainty,36,located,5.756035358919455,-2.7012445762196364,55.627645182449044
B3_legacy,B3_S,B3,Consensus + Uncertainty,37,located,6.819752002603755,-3.4205247085441925,55.10705854556217
B3_legacy,B3_S,B3,Consensus + Uncertainty,38,located,7.177979595705104,-3.828784355632429,54.16972522199962
B3_legacy,B3_S,B3,Consensus + Uncertainty,39,located,6.937056365522668,-3.0004069676099903,54.480610569562415
B3_legacy,B3_S,B3,Consensus + Uncertainty,40,reject,,,
B3_legacy,B3_S,B3,Consensus + Uncertainty,41,located,9.30955893047715,-4.820938981478882,49.76526363970417
B3_legacy,B3_S,B3,Consensus + Uncertainty,42,reject,,,
B3_legacy,B3_S,B3,Consensus + Uncertainty,43,located,5.689722663319554,-5.263866516985701,53.416902565908934
B3_legacy,B3_S,B3,Consensus + Uncertainty,44,located,6.570632520613991,-2.8857365534296733,54.81682236035045
B3_legacy,B3_S,B3,Consensus + Uncertainty,45,reject,,,
B3_legacy,B3_S,B3,Consensus + Uncertainty,46,located,8.24399378231164,-5.614314703255161,52.3344957767443
B3_legacy,B3_S,B3,Consensus + Uncertainty,47,reject,,,
B3_legacy,B3_S,B3,Consensus + Uncertainty,48,located,6.272011994096311,-4.416356402055534,54.77598133123341
B3_legacy,B3_S,B3,Consensus + Uncertainty,49,located,8.112853575184666,-3.0100557900761586,54.074339464528535
B3_legacy,B3_S,B3,Consensus + Uncertainty,50,reject,,,
B3_legacy,B3_S,B3,Consensus + Uncertainty,51,reject,,,
B3_legacy,B3_S,B3,Consensus + Uncertainty,52,located,7.782116803820962,-4.69981892253557,56.22517707990985
B3_legacy,B3_S,B3,Consensus + Uncertainty,53,located,8.05848901807024,-3.6014757939871913,52.385367461811
B3_legacy,B3_S,B3,Consensus + Uncertainty,54,located,5.677941792790921,-3.288963275327177,58.36010704246709
B3_legacy,B3_S,B3,Consensus + Uncertainty,55,reject,,,
B3_legacy,B3_S,B3,Consensus + Uncertainty,56,located,6.274564824945456,-5.222656061765683,57.39556359569375
B3_legacy,B3_S,B3,Consensus + Uncertainty,57,located,7.081527082081328,-3.37561120976995,54.01003360372936
B3_legacy,B3_S,B3,Consensus + Uncertainty,58,located,8.163839776631127,-3.2275041033271137,52.893501820508234
B3_legacy,B3_S,B3,Consensus + Uncertainty,59,located,8.93278808069964,-5.265459659119905,52.82678198194356
B3_legacy,B3_S,B3,Consensus + Uncertainty,60,located,8.537400684615205,-3.745694027335084,53.183635587705155
B3_legacy,B3_S,B3,Consensus + Uncertainty,61,reject,,,
B3_legacy,B3_S,B3,Consensus + Uncertainty,62,located,6.188901017543261,-3.650077981393146,53.33597637038659
B3_legacy,B3_S,B3,Consensus + Uncertainty,63,reject,,,
B3_legacy,B3_S,B3,Consensus + Uncertainty,64,reject,,,
B3_legacy,B3_S,B3,Consensus + Uncertainty,65,reject,,,
B3_legacy,B3_S,B3,Consensus + Uncertainty,66,located,6.751741987120219,-5.262908417463464,56.12690888838124
B3_legacy,B3_S,B3,Consensus + Uncertainty,67,reject,,,
B3_legacy,B3_S,B3,Consensus + Uncertainty,68,reject,,,
B3_legacy,B3_S,B3,Consensus + Uncertainty,69,reject,,,
B3_legacy,B3_S,B3,Consensus + Uncertainty,70,located,5.638338606050479,-3.9987668285943343,55.748920490022165
B3_legacy,B3_S,B3,Consensus + Uncertainty,71,located,10.199779763846223,-5.994920912709276,50.748054784613636
B3_legacy,B3_S,B3,Consensus + Uncertainty,72,located,7.914862894900927,-4.018177547051543,54.70225396001399
B3_legacy,B3_S,B3,Consensus + Uncertainty,73,located,7.9011285514108245,-3.7925460633193353,52.65525187698423
B3_legacy,B3_S,B3,Consensus + Uncertainty,74,located,10.462565577691446,-4.927157656542924,48.45794246459587
B3_legacy,B3_S,B3,Consensus + Uncertainty,75,located,7.071289341921702,-3.154821638991656,56.01754335555816
B3_legacy,B3_S,B3,Consensus + Uncertainty,76,reject,,,
B3_legacy,B3_S,B3,Consensus + Uncertainty,77,reject,,,
B3_legacy,B3_S,B3,Consensus + Uncertainty,78,located,9.518860742406769,-4.358806655592481,52.82493685218874
B3_legacy,B3_S,B3,Consensus + Uncertainty,79,located,6.5159255149194655,-5.689650103705915,51.931131245699916
B3_legacy,B3_S,B3,Consensus + Uncertainty,80,located,7.740273382876369,-3.048055347273248,51.47754445234866
B3_legacy,B3_S,B3,Consensus + Uncertainty,81,located,8.926176208095969,-4.935439048872404,54.23220540517556
B3_legacy,B3_S,B3,Consensus + Uncertainty,82,reject,,,
B3_legacy,B3_S,B3,Consensus + Uncertainty,83,located,7.66339020658365,-2.432071819426575,53.41921766963221
B3_legacy,B3_S,B3,Consensus + Uncertainty,84,located,7.573244439843699,-6.5581754548103035,51.39400168835242
B3_legacy,B3_S,B3,Consensus + Uncertainty,85,located,9.460182111409864,-4.825227905846155,50.52478124200972
B3_legacy,B3_S,B3,Consensus + Uncertainty,86,located,9.307700816526394,-2.9189299257961068,51.32858870854382
B3_legacy,B3_S,B3,Consensus + Uncertainty,87,reject,,,
B3_legacy,B3_S,B3,Consensus + Uncertainty,88,located,7.217320453655351,-3.211525114029982,53.82095871560189
B3_legacy,B3_S,B3,Consensus + Uncertainty,89,located,6.283204903809645,-2.4454541436147252,55.05040188429484
B3_legacy,B3_S,B3,Consensus + Uncertainty,90,located,8.332459548910832,-4.071484713344965,50.647436921207145
B3_legacy,B3_S,B3,Consensus + Uncertainty,91,reject,,,
B3_legacy,B3_S,B3,Consensus + Uncertainty,92,located,4.305804720892286,-2.9204918519897305,57.04486082191233
B3_legacy,B3_S,B3,Consensus + Uncertainty,93,reject,,,
B3_legacy,B3_S,B3,Consensus + Uncertainty,94,reject,,,
B3_legacy,B3_S,B3,Consensus + Uncertainty,95,reject,,,
B3_legacy,B3_S,B3,Consensus + Uncertainty,96,located,8.659737328048193,-4.847609136847986,51.355657362349206
B3_legacy,B3_S,B3,Consensus + Uncertainty,97,located,9.075983628045474,-4.17944745669093,52.54627793938479
B3_legacy,B3_S,B3,Consensus + Uncertainty,98,located,6.233312791570312,-3.747943398941459,54.92743654745862
B3_legacy,B3_S,B3,Consensus + Uncertainty,99,located,9.815880768776545,-4.645702266777086,51.17433541993629
B3_legacy,B3_S,B3,Consensus + Uncertainty,100,located,7.427706027434529,-2.1176201875152074,52.33967448992561
B3_legacy,B3_S,B3,Consensus + Uncertainty,101,reject,,,
B3_legacy,B3_S,B3,Consensus + Uncertainty,102,reject,,,
B3_legacy,B3_S,B3,Consensus + Uncertainty,103,located,6.196759366272397,-3.908569563613007,53.9701738013943
B3_legacy,B3_S,B3,Consensus + Uncertainty,104,located,7.437591923851551,-5.936663479029569,51.334433290281794
B3_legacy,B3_S,B3,Consensus + Uncertainty,105,located,7.394643782379258,-2.6590359876715652,54.36666616705575
B3_legacy,B3_S,B3,Consensus + Uncertainty,106,located,8.256508324982596,-3.0422004146051904,53.1723061398322
B3_legacy,B3_S,B3,Consensus + Uncertainty,107,located,4.245837266060364,-4.650413818981498,57.43085134674968
B3_legacy,B3_S,B3,Consensus + Uncertainty,108,located,6.689413806365962,-3.391327778083685,55.44983202028449
B3_legacy,B3_S,B3,Consensus + Uncertainty,109,reject,,,
B3_legacy,B3_S,B3,Consensus + Uncertainty,110,located,4.976928814912174,-2.9002817404019794,55.89547346320828
B3_legacy,B3_S,B3,Consensus + Uncertainty,111,located,7.3481656412209055,-5.018580590028044,51.20222554870026
B3_legacy,B3_S,B3,Consensus + Uncertainty,112,reject,,,
B3_legacy,B3_S,B3,Consensus + Uncertainty,113,located,9.740776797688069,-3.3748798863289196,51.58482421241022
B3_legacy,B3_S,B3,Consensus + Uncertainty,114,reject,,,
B3_legacy,B3_S,B3,Consensus + Uncertainty,115,reject,,,
B3_legacy,B3_S,B3,Consensus + Uncertainty,116,reject,,,
B3_legacy,B3_S,B3,Consensus + Uncertainty,117,located,6.402657482712307,-3.3214984845640814,54.91643954854654
B3_legacy,B3_S,B3,Consensus + Uncertainty,118,reject,,,
B3_legacy,B3_S,B3,Consensus + Uncertainty,119,reject,,,
B3_legacy,B3_S,B3,Consensus + Uncertainty,120,reject,,,
B3_legacy,B3_S,B3,Consensus + Uncertainty,121,reject,,,
B3_legacy,B3_S,B3,Consensus + Uncertainty,122,reject,,,
B3_legacy,B3_S,B3,Consensus + Uncertainty,123,located,10.875622712274057,-4.127736647796155,50.18441890491765
B3_legacy,B3_S,B3,Consensus + Uncertainty,124,located,7.190551673531031,-4.826600776076006,52.54185530747073
B3_legacy,B3_S,B3,Consensus + Uncertainty,125,reject,,,
B3_legacy,B3_S,B3,Consensus + Uncertainty,126,located,7.5569328824920134,-3.6965093156672424,52.62923463395053
B3_legacy,B3_S,B3,Consensus + Uncertainty,127,located,7.8440637886566265,-4.48688805659566,51.60649526845088
B3_legacy,B3_S,B3,Consensus + Uncertainty,128,reject,,,
B3_legacy,B3_S,B3,Consensus + Uncertainty,129,located,5.614348238685859,-4.931078200480201,57.483462889235746
B3_legacy,B3_S,B3,Consensus + Uncertainty,130,reject,,,
B3_legacy,B3_S,B3,Consensus + Uncertainty,131,located,7.8074742911705926,-2.8002604543496687,53.931645085104975
B3_legacy,B3_S,B3,Consensus + Uncertainty,132,located,8.537966671533116,-4.5371978863172515,53.70488059878057
B3_legacy,B3_S,B3,Consensus + Uncertainty,133,located,7.500770370353792,-6.400348493120099,52.34276114446961
B3_legacy,B3_S,B3,Consensus + Uncertainty,134,located,7.271725255836538,-3.9458646764202356,53.79817855275749
B3_legacy,B3_S,B3,Consensus + Uncertainty,135,reject,,,
B3_legacy,B3_S,B3,Consensus + Uncertainty,136,reject,,,
B3_legacy,B3_S,B3,Consensus + Uncertainty,137,located,9.620311538683218,-4.529408270189897,51.41826621033193
B3_legacy,B3_S,B3,Consensus + Uncertainty,138,located,6.853962452944042,-3.840862980304692,54.913970857336764
B3_legacy,B3_S,B3,Consensus + Uncertainty,139,located,8.315244472228347,-3.181640874944911,52.91223947846627
B3_legacy,B3_S,B3,Consensus + Uncertainty,140,reject,,,
B3_legacy,B3_S,B3,Consensus + Uncertainty,141,reject,,,
B3_legacy,B3_S,B3,Consensus + Uncertainty,142,reject,,,
B3_legacy,B3_S,B3,Consensus + Uncertainty,143,reject,,,
B3_legacy,B3_S,B3,Consensus + Uncertainty,144,located,7.178956990526216,-3.22862151231309,51.056914293005796
B3_legacy,B3_S,B3,Consensus + Uncertainty,145,located,8.259466308135798,-4.113669741341987,50.08310229609613
B3_legacy,B3_S,B3,Consensus + Uncertainty,146,located,7.907947415119714,-4.742146373159578,54.43980335006919
B3_legacy,B3_S,B3,Consensus + Uncertainty,147,located,4.727036561964749,-5.0271183085600555,56.158480450434666
B3_legacy,B3_S,B3,Consensus + Uncertainty,148,reject,,,
B3_legacy,B3_S,B3,Consensus + Uncertainty,149,reject,,,
B3_legacy,B3_S,B3,Consensus + Uncertainty,150,located,6.201446075333348,-4.45953464592116,54.079051588861496
B3_legacy,B3_S,B3,Consensus + Uncertainty,151,reject,,,
B3_legacy,B3_S,B3,Consensus + Uncertainty,152,located,8.450703798826705,-3.460489838828593,52.685997408574806
B3_legacy,B3_S,B3,Consensus + Uncertainty,153,reject,,,
B3_legacy,B3_S,B3,Consensus + Uncertainty,154,located,7.310896915188226,-4.34038861849384,55.703647571091246
B3_legacy,B3_S,B3,Consensus + Uncertainty,155,reject,,,
B3_legacy,B3_S,B3,Consensus + Uncertainty,156,located,5.867183681963499,-5.61937276504095,55.126887109772994
B3_legacy,B3_S,B3,Consensus + Uncertainty,157,located,6.3140393410842774,-4.7856006082409195,55.8501960007349
B3_legacy,B3_S,B3,Consensus + Uncertainty,158,reject,,,
B3_legacy,B3_S,B3,Consensus + Uncertainty,159,reject,,,
B3_legacy,B3_S,B3,Consensus + Uncertainty,160,located,8.513352076684681,-3.7631061075643046,51.28057967852272
B3_legacy,B3_S,B3,Consensus + Uncertainty,161,located,5.695706081218563,-3.41978739205058,55.05314118797202
B3_legacy,B3_S,B3,Consensus + Uncertainty,162,located,8.739836166681743,-1.7808423411317307,51.03105064110092
B3_legacy,B3_S,B3,Consensus + Uncertainty,163,located,9.281196477104384,-2.145594313423267,52.462813801718326
B3_legacy,B3_S,B3,Consensus + Uncertainty,164,located,6.90451213954335,-3.952507774474377,53.600888878096214
B3_legacy,B3_S,B3,Consensus + Uncertainty,165,located,6.341923645986201,-1.7370411931446341,51.83088694503975
B3_legacy,B3_S,B3,Consensus + Uncertainty,166,reject,,,
B3_legacy,B3_S,B3,Consensus + Uncertainty,167,located,8.491966309536767,-4.064612900110198,51.61942759320119
B3_legacy,B3_S,B3,Consensus + Uncertainty,168,located,6.7365608104196495,-3.6389539590655318,55.07951982065609
B3_legacy,B3_S,B3,Consensus + Uncertainty,169,located,9.00677357295063,-3.297269171302453,54.48825477441973
B3_legacy,B3_S,B3,Consensus + Uncertainty,170,located,7.486064758476828,-3.379332968138648,56.94238791041195
B3_legacy,B3_S,B3,Consensus + Uncertainty,171,reject,,,
B3_legacy,B3_S,B3,Consensus + Uncertainty,172,located,5.573634485415925,-6.153872728310461,55.32478424432885
B3_legacy,B3_S,B3,Consensus + Uncertainty,173,reject,,,
B3_legacy,B3_S,B3,Consensus + Uncertainty,174,located,6.197198677473335,-4.7691229100737615,56.851595278938746
B3_legacy,B3_S,B3,Consensus + Uncertainty,175,located,6.141511051942115,-5.718164564588534,54.576249561118274
B3_legacy,B3_S,B3,Consensus + Uncertainty,176,reject,,,
B3_legacy,B3_S,B3,Consensus + Uncertainty,177,located,7.635583885888132,-2.907679187242742,50.34562360578483
B3_legacy,B3_S,B3,Consensus + Uncertainty,178,located,6.95766213855284,-5.1474702582201175,50.66389379565435
B3_legacy,B3_S,B3,Consensus + Uncertainty,179,located,7.8058387628306845,-2.398762388506853,54.27605671936834
B3_legacy,B3_S,B3,Consensus + Uncertainty,180,reject,,,
B3_legacy,B3_S,B3,Consensus + Uncertainty,181,reject,,,
B3_legacy,B3_S,B3,Consensus + Uncertainty,182,located,8.421996488593383,-5.1694285154393,52.58696388204327
B3_legacy,B3_S,B3,Consensus + Uncertainty,183,located,9.076644485446568,-4.65258021470266,50.34757717011487
B3_legacy,B3_S,B3,Consensus + Uncertainty,184,reject,,,
B3_legacy,B3_S,B3,Consensus + Uncertainty,185,located,6.334215090649081,-4.104490490966775,53.84599292142942
B3_legacy,B3_S,B3,Consensus + Uncertainty,186,reject,,,
B3_legacy,B3_S,B3,Consensus + Uncertainty,187,located,8.01791751268597,-4.361257078030604,51.702923468532525
B3_legacy,B3_S,B3,Consensus + Uncertainty,188,located,6.510395381641722,-4.993743206623172,53.35184307015224
B3_legacy,B3_S,B3,Consensus + Uncertainty,189,located,7.400594807696809,-3.8314768592444324,54.626451442632536
B3_legacy,B3_S,B3,Consensus + Uncertainty,190,located,7.296197375936934,-3.5963262209015667,54.57448374015063
B3_legacy,B3_S,B3,Consensus + Uncertainty,191,reject,,,
B3_legacy,B3_S,B3,Consensus + Uncertainty,192,located,7.530648514838149,-5.5931497479860965,52.04517072854619
B3_legacy,B3_S,B3,Consensus + Uncertainty,193,located,8.400938238129847,-5.210335212623647,51.93490446678054
B3_legacy,B3_S,B3,Consensus + Uncertainty,194,located,5.268862108802337,-4.868218640920759,55.762294762122536
B3_legacy,B3_S,B3,Consensus + Uncertainty,195,located,6.420895093899055,-2.026762498278167,53.97886033959219
B3_legacy,B3_S,B3,Consensus + Uncertainty,196,reject,,,
B3_legacy,B3_S,B3,Consensus + Uncertainty,197,located,5.224572907873776,-4.313107670055132,56.38857855996802
B3_legacy,B3_S,B3,Consensus + Uncertainty,198,reject,,,
B3_legacy,B3_S,B3,Consensus + Uncertainty,199,reject,,,
B3_legacy,B3_S,B3,Consensus + Uncertainty,200,reject,,,
B3_legacy,B3_S,B3,Consensus + Uncertainty,201,located,7.311909980770089,-2.6253929403802303,53.46573400887139
B3_legacy,B3_S,B3,Consensus + Uncertainty,202,reject,,,
B3_legacy,B3_S,B3,Consensus + Uncertainty,203,reject,,,
B3_legacy,B3_S,B3,Consensus + Uncertainty,204,reject,,,
B3_legacy,B3_S,B3,Consensus + Uncertainty,205,located,7.071867809176387,-3.8268039594098013,54.015006472780364
B3_legacy,B3_S,B3,Consensus + Uncertainty,206,located,6.458069684909607,-4.969157747998622,54.893478630964644
B3_legacy,B3_S,B3,Consensus + Uncertainty,207,reject,,,
B3_legacy,B3_S,B3,Consensus + Uncertainty,208,reject,,,
B3_legacy,B3_S,B3,Consensus + Uncertainty,209,reject,,,
B3_legacy,B3_S,B3,Consensus + Uncertainty,210,reject,,,
B3_legacy,B3_S,B3,Consensus + Uncertainty,211,reject,,,
B3_legacy,B3_S,B3,Consensus + Uncertainty,212,reject,,,
B3_legacy,B3_S,B3,Consensus + Uncertainty,213,located,9.024285088348519,-6.046343472573319,52.66401399302624
B3_legacy,B3_S,B3,Consensus + Uncertainty,214,reject,,,
B3_legacy,B3_S,B3,Consensus + Uncertainty,215,located,5.194286779297657,-3.8887062170588393,57.41195514037288
B3_legacy,B3_S,B3,Consensus + Uncertainty,216,reject,,,
B3_legacy,B3_S,B3,Consensus + Uncertainty,217,reject,,,
B3_legacy,B3_S,B3,Consensus + Uncertainty,218,located,6.213591366338157,-2.0523407281608783,54.74134054010578
B3_legacy,B3_S,B3,Consensus + Uncertainty,219,reject,,,
B3_legacy,B3_S,B3,Consensus + Uncertainty,220,located,8.95780829295688,-4.315182141199195,50.763985258699144
B3_legacy,B3_S,B3,Consensus + Uncertainty,221,located,8.421717799267162,-3.8873422060328195,52.51491160230723
B3_legacy,B3_S,B3,Consensus + Uncertainty,222,located,7.413475326777537,-3.280966837730915,50.143418001285
B3_legacy,B3_S,B3,Consensus + Uncertainty,223,reject,,,
B3_legacy,B3_S,B3,Consensus + Uncertainty,224,reject,,,
B3_legacy,B3_S,B3,Consensus + Uncertainty,225,reject,,,
B3_legacy,B3_S,B3,Consensus + Uncertainty,226,located,7.284156886627205,-2.7994901721483814,53.597120838086894
B3_legacy,B3_S,B3,Consensus + Uncertainty,227,located,7.350667562889652,-3.953183631138387,55.997706165801716
B3_legacy,B3_S,B3,Consensus + Uncertainty,228,located,6.618241723419189,-3.5526445367871133,53.39375738931879
B3_legacy,B3_S,B3,Consensus + Uncertainty,229,reject,,,
B3_legacy,B3_S,B3,Consensus + Uncertainty,230,located,9.031863173449853,-5.783689305968629,49.69878419272369
B3_legacy,B3_S,B3,Consensus + Uncertainty,231,located,5.975999696746447,-1.7848323506542556,52.93429002448581
B3_legacy,B3_S,B3,Consensus + Uncertainty,232,reject,,,
B3_legacy,B3_S,B3,Consensus + Uncertainty,233,located,6.057910526828373,-3.248757225377659,55.20012498329878
B3_legacy,B3_S,B3,Consensus + Uncertainty,234,reject,,,
B3_legacy,B3_S,B3,Consensus + Uncertainty,235,located,10.580377000143985,-5.456766045189255,50.38942018537644
B3_legacy,B3_S,B3,Consensus + Uncertainty,236,located,7.120510632213018,-4.3560375732118,51.72162386042369
B3_legacy,B3_S,B3,Consensus + Uncertainty,237,located,5.846819360132019,-3.3804399468728263,55.2040442483494
B3_legacy,B3_S,B3,Consensus + Uncertainty,238,located,7.042230224952039,-3.5397747394126284,56.72449140378465
B3_legacy,B3_S,B3,Consensus + Uncertainty,239,reject,,,
B3_legacy,B3_S,B3,Consensus + Uncertainty,240,located,7.117109287101929,-3.184756654485959,52.458344543974874
B3_legacy,B3_S,B3,Consensus + Uncertainty,241,reject,,,
B3_legacy,B3_S,B3,Consensus + Uncertainty,242,reject,,,
B3_legacy,B3_S,B3,Consensus + Uncertainty,243,located,4.898839485473236,-3.491426073196507,55.853340162927545
B3_legacy,B3_S,B3,Consensus + Uncertainty,244,located,7.319135159918339,-3.8695000849096175,53.55655883769543
B3_legacy,B3_S,B3,Consensus + Uncertainty,245,located,6.488843435513265,-4.727047470059752,56.07406577377138
B3_legacy,B3_S,B3,Consensus + Uncertainty,246,located,5.459356590402465,-5.356495830289305,55.60319063094379
B3_legacy,B3_S,B3,Consensus + Uncertainty,247,reject,,,
B3_legacy,B3_S,B3,Consensus + Uncertainty,248,reject,,,
B3_legacy,B3_S,B3,Consensus + Uncertainty,249,reject,,,
B3_legacy,B3_S,B3,Consensus + Uncertainty,250,located,6.2940987013149705,-2.892199567293936,52.233690298486565
B3_legacy,B3_S,B3,Consensus + Uncertainty,251,reject,,,
B3_legacy,B3_S,B3,Consensus + Uncertainty,252,located,6.750244664919999,-2.6964415931805306,50.58449325116314
B3_legacy,B3_S,B3,Consensus + Uncertainty,253,reject,,,
B3_legacy,B3_S,B3,Consensus + Uncertainty,254,located,8.44730506479095,-5.9975628720268475,49.51066356581425
B3_legacy,B3_S,B3,Consensus + Uncertainty,255,located,6.96467602046635,-3.8504705116406086,55.77800607484693
B3_legacy,B3_S,B3,Consensus + Uncertainty,256,located,10.237256483342174,-7.020535009558152,50.85819823566324
B3_legacy,B3_S,B3,Consensus + Uncertainty,257,reject,,,
B3_legacy,B3_S,B3,Consensus + Uncertainty,258,reject,,,
B3_legacy,B3_S,B3,Consensus + Uncertainty,259,located,5.546967352708279,-3.405763191923299,55.36654355779524
B3_legacy,B3_S,B3,Consensus + Uncertainty,260,located,5.919477660113855,-5.00511568652955,55.522773731619644
B3_legacy,B3_S,B3,Consensus + Uncertainty,261,located,8.441895052161918,-5.194136759540662,49.84008787310729
B3_legacy,B3_S,B3,Consensus + Uncertainty,262,located,6.83799122866215,-3.80018946847143,52.55514109366
B3_legacy,B3_S,B3,Consensus + Uncertainty,263,located,8.754279350026527,-3.8108395274862445,55.91458594996183
B3_legacy,B3_S,B3,Consensus + Uncertainty,264,reject,,,
B3_legacy,B3_S,B3,Consensus + Uncertainty,265,located,7.094584709141027,-5.023280174221803,55.82218512903444
B3_legacy,B3_S,B3,Consensus + Uncertainty,266,reject,,,
B3_legacy,B3_S,B3,Consensus + Uncertainty,267,located,7.596336273078577,-3.55827479975013,52.84275930515816
B3_legacy,B3_S,B3,Consensus + Uncertainty,268,located,6.4114112601614766,-4.626136589713937,55.21478274769057
B3_legacy,B3_S,B3,Consensus + Uncertainty,269,located,9.239758305154467,-4.862093146309668,50.0399809545191
B3_legacy,B3_S,B3,Consensus + Uncertainty,270,reject,,,
B3_legacy,B3_S,B3,Consensus + Uncertainty,271,reject,,,
B3_legacy,B3_S,B3,Consensus + Uncertainty,272,located,8.035900460386978,-3.2399072281684624,50.89809402944061
B3_legacy,B3_S,B3,Consensus + Uncertainty,273,located,6.204831622666112,-4.808345543183343,54.431032426008045
B3_legacy,B3_S,B3,Consensus + Uncertainty,274,located,8.028647469675601,-4.46002314877731,52.131268240363156
B3_legacy,B3_S,B3,Consensus + Uncertainty,275,located,10.6235932817139,-3.8292123812525674,51.75521605805755
B3_legacy,B3_S,B3,Consensus + Uncertainty,276,located,7.561413270532126,-1.7665935031925102,57.00256859686871
B3_legacy,B3_S,B3,Consensus + Uncertainty,277,located,8.980450214086545,-5.130388405213594,48.715544474812376
B3_legacy,B3_S,B3,Consensus + Uncertainty,278,reject,,,
B3_legacy,B3_S,B3,Consensus + Uncertainty,279,located,6.143568494586633,-5.3641888617666424,55.808665664912915
B3_legacy,B3_S,B3,Consensus + Uncertainty,280,reject,,,
B3_legacy,B3_S,B3,Consensus + Uncertainty,281,located,6.834824503137481,-3.5569513106827415,53.65399409528377
B3_legacy,B3_S,B3,Consensus + Uncertainty,282,located,8.959045995348013,-4.887434832952231,52.06561718449845
B3_legacy,B3_S,B3,Consensus + Uncertainty,283,reject,,,
B3_legacy,B3_S,B3,Consensus + Uncertainty,284,reject,,,
B3_legacy,B3_S,B3,Consensus + Uncertainty,285,located,7.629949756688344,-3.465060362565538,56.29647489417649
B3_legacy,B3_S,B3,Consensus + Uncertainty,286,located,7.601572083255589,-3.0260961411017107,53.57490499951077
B3_legacy,B3_S,B3,Consensus + Uncertainty,287,reject,,,
B3_legacy,B3_S,B3,Consensus + Uncertainty,288,located,8.786864533623415,-5.380799664036537,52.392529024037884
B3_legacy,B3_S,B3,Consensus + Uncertainty,289,located,7.3063975509920605,-5.089908415835517,54.963443443602095
B3_legacy,B3_S,B3,Consensus + Uncertainty,290,located,6.655325028969536,-4.3232219582926135,53.450757204400716
B3_legacy,B3_S,B3,Consensus + Uncertainty,291,located,5.591766996704328,-4.108342912258351,57.92783991528392
B3_legacy,B3_S,B3,Consensus + Uncertainty,292,located,6.285426905449469,-1.88852577368948,54.65132179255547
B3_legacy,B3_S,B3,Consensus + Uncertainty,293,reject,,,
B3_legacy,B3_S,B3,Consensus + Uncertainty,294,located,6.742974045480512,-4.5124719189967735,55.85746302314893
B3_legacy,B3_S,B3,Consensus + Uncertainty,295,reject,,,
B3_legacy,B3_S,B3,Consensus + Uncertainty,296,located,7.682394024412249,-4.92167872206349,52.231351553289464
B3_legacy,B3_S,B3,Consensus + Uncertainty,297,located,4.8686893874609325,-2.3053945613931006,51.63916477973369
B3_legacy,B3_S,B3,Consensus + Uncertainty,298,located,7.871940274670753,-2.7193054469475655,55.07617162830249
B3_legacy,B3_S,B3,Consensus + Uncertainty,299,located,5.7220418073916735,-2.8135784599122857,54.214820943471054
B3_legacy,B3_S,B3,Consensus + Uncertainty,300,reject,,,
B3_legacy,B3_S,B3,Consensus + Uncertainty,301,located,6.16804266106714,-3.420361095856755,54.58414968078669
B3_legacy,B3_S,B3,Consensus + Uncertainty,302,reject,,,
B3_legacy,B3_S,B3,Consensus + Uncertainty,303,located,7.960116319303177,-1.0778394344696238,50.50085894699298
B3_legacy,B3_S,B3,Consensus + Uncertainty,304,reject,,,
B3_legacy,B3_S,B3,Consensus + Uncertainty,305,reject,,,
B3_legacy,B3_S,B3,Consensus + Uncertainty,306,reject,,,
B3_legacy,B3_S,B3,Consensus + Uncertainty,307,located,8.21140080656764,-4.221729523521354,50.39853992279928
B3_legacy,B3_S,B3,Consensus + Uncertainty,308,reject,,,
B3_legacy,B3_S,B3,Consensus + Uncertainty,309,located,8.426090104859,-4.223378538518091,53.245071983048334
B3_legacy,B3_S,B3,Consensus + Uncertainty,310,located,7.989460022768378,-4.552217032429603,54.31527910361768
B3_legacy,B3_S,B3,Consensus + Uncertainty,311,located,4.491055140966233,-2.815792678540994,56.51665730173885
B3_legacy,B3_S,B3,Consensus + Uncertainty,312,located,8.174121003506253,-2.231741170358383,53.18768714496572
B3_legacy,B3_S,B3,Consensus + Uncertainty,313,located,8.326089736416563,-0.9481630730293489,53.290103811715774
B3_legacy,B3_S,B3,Consensus + Uncertainty,314,reject,,,
B3_legacy,B3_S,B3,Consensus + Uncertainty,315,located,6.817893272305303,-5.043815500149364,50.21702938690303
B3_legacy,B3_S,B3,Consensus + Uncertainty,316,reject,,,
B3_legacy,B3_S,B3,Consensus + Uncertainty,317,located,6.726185968462541,-4.954310608254495,53.65188478206244
B3_legacy,B3_S,B3,Consensus + Uncertainty,318,located,6.888831342855913,-1.9723936385126706,51.77160670289758
B3_legacy,B3_S,B3,Consensus + Uncertainty,319,located,7.353032411454498,-4.984466814854095,54.15033178102956
B3_legacy,B3_S,B3,Consensus + Uncertainty,320,reject,,,
B3_legacy,B3_S,B3,Consensus + Uncertainty,321,located,8.104266341962056,-2.965402965530636,54.10763101073208
B3_legacy,B3_S,B3,Consensus + Uncertainty,322,located,8.883874077602831,-4.659684198664465,48.530502853893346
B3_legacy,B3_S,B3,Consensus + Uncertainty,323,located,8.219233650406702,-2.3258129265705065,50.05550190833545
B3_legacy,B3_S,B3,Consensus + Uncertainty,324,reject,,,
B3_legacy,B3_S,B3,Consensus + Uncertainty,325,located,6.949205363634995,-4.864068736254353,51.43220989766558
B3_legacy,B3_S,B3,Consensus + Uncertainty,326,located,7.101842646862057,-4.302990099221276,54.365751438144
B3_legacy,B3_S,B3,Consensus + Uncertainty,327,located,7.312904717908843,-4.005175554021918,56.379293250825
B3_legacy,B3_S,B3,Consensus + Uncertainty,328,located,6.765285055119607,-6.597807135396245,54.75125282807024
B3_legacy,B3_S,B3,Consensus + Uncertainty,329,reject,,,
B3_legacy,B3_S,B3,Consensus + Uncertainty,330,located,8.237913283656642,-4.012075060004875,49.81958748492406
B3_legacy,B3_S,B3,Consensus + Uncertainty,331,reject,,,
B3_legacy,B3_S,B3,Consensus + Uncertainty,332,located,4.9286583960993156,-2.647655425905974,56.280421684188916
B3_legacy,B3_S,B3,Consensus + Uncertainty,333,located,5.851875363531154,-4.4295554915608335,56.7027279111065
B3_legacy,B3_S,B3,Consensus + Uncertainty,334,located,5.017683217921808,-4.246806817144311,56.83241794605792
B3_legacy,B3_S,B3,Consensus + Uncertainty,335,located,7.095908901076493,-0.8129048549233744,52.81232463526317
B3_legacy,B3_S,B3,Consensus + Uncertainty,336,reject,,,
B3_legacy,B3_S,B3,Consensus + Uncertainty,337,located,4.660679146749754,-3.9461168114136314,56.009723574149426
B3_legacy,B3_S,B3,Consensus + Uncertainty,338,located,7.333370883279083,-3.332547960243339,54.071953436088606
B3_legacy,B3_S,B3,Consensus + Uncertainty,339,reject,,,
B3_legacy,B3_S,B3,Consensus + Uncertainty,340,reject,,,
B3_legacy,B3_S,B3,Consensus + Uncertainty,341,reject,,,
B3_legacy,B3_S,B3,Consensus + Uncertainty,342,reject,,,
B3_legacy,B3_S,B3,Consensus + Uncertainty,343,located,6.377832149998032,-2.028325067830778,54.264601107938375
B3_legacy,B3_S,B3,Consensus + Uncertainty,344,reject,,,
B3_legacy,B3_S,B3,Consensus + Uncertainty,345,reject,,,
B3_legacy,B3_S,B3,Consensus + Uncertainty,346,located,8.279039354680554,-5.025890095424991,53.438496026448085
B3_legacy,B3_S,B3,Consensus + Uncertainty,347,reject,,,
B3_legacy,B3_S,B3,Consensus + Uncertainty,348,located,7.9090132060795035,-3.13061962936726,51.984682947821014
B3_legacy,B3_S,B3,Consensus + Uncertainty,349,reject,,,
B3_legacy,B3_S,B3,Consensus + Uncertainty,350,located,9.852655683919037,-3.369814464357269,51.53283308890013
B3_legacy,B3_S,B3,Consensus + Uncertainty,351,located,6.95845863066986,-4.323097439260515,53.68109386230235
B3_legacy,B3_S,B3,Consensus + Uncertainty,352,located,7.931594997926738,-3.4998966859987704,52.832614261614694
B3_legacy,B3_S,B3,Consensus + Uncertainty,353,located,8.75585206724775,-2.409327305611555,49.63797852538244
B3_legacy,B3_S,B3,Consensus + Uncertainty,354,located,7.65306683836468,-6.328781611282274,55.64366209357017
B3_legacy,B3_S,B3,Consensus + Uncertainty,355,located,7.894215676041816,-3.4722903967082246,56.14513661782948
B3_legacy,B3_S,B3,Consensus + Uncertainty,356,located,6.081846772146979,-1.6610018671609907,56.83056379660621
B3_legacy,B3_S,B3,Consensus + Uncertainty,357,located,7.710758513347314,-1.0847213621129157,53.50377881759085
B3_legacy,B3_S,B3,Consensus + Uncertainty,358,located,5.980178675850214,-4.470990720743899,56.49041008767397
B3_legacy,B3_S,B3,Consensus + Uncertainty,359,located,9.274417546185294,-4.413322857160374,52.74461388439411
B3_legacy,B3_S,B3,Consensus + Uncertainty,360,located,5.831685852780549,-3.4663693377002787,53.46679763568687
B3_legacy,B3_S,B3,Consensus + Uncertainty,361,located,6.5753966287600685,-3.233114611790519,52.01572121541076
B3_legacy,B3_S,B3,Consensus + Uncertainty,362,reject,,,
B3_legacy,B3_S,B3,Consensus + Uncertainty,363,reject,,,
B3_legacy,B3_S,B3,Consensus + Uncertainty,364,reject,,,
B3_legacy,B3_S,B3,Consensus + Uncertainty,365,reject,,,
B3_legacy,B3_S,B3,Consensus + Uncertainty,366,reject,,,
B3_legacy,B3_S,B3,Consensus + Uncertainty,367,reject,,,
B3_legacy,B3_S,B3,Consensus + Uncertainty,368,located,7.917956417658625,-4.084823648368975,51.338593723189426
B3_legacy,B3_S,B3,Consensus + Uncertainty,369,located,6.571365345166535,-3.3578353105920087,52.77639122595454
B3_legacy,B3_S,B3,Consensus + Uncertainty,370,reject,,,
B3_legacy,B3_S,B3,Consensus + Uncertainty,371,located,7.330225930522582,-4.236839543937101,55.42973593752676
B3_legacy,B3_S,B3,Consensus + Uncertainty,372,located,7.423440058622695,-5.686332602837936,56.85446054467713
B3_legacy,B3_S,B3,Consensus + Uncertainty,373,located,7.1123422511639145,-4.7305707137676976,54.88102333637432
B3_legacy,B3_S,B3,Consensus + Uncertainty,374,located,6.757820751429421,-3.2376877996286595,56.591553666501056
B3_legacy,B3_S,B3,Consensus + Uncertainty,375,located,9.097263812473544,-3.5094486118635118,52.67812380122406
B3_legacy,B3_S,B3,Consensus + Uncertainty,376,reject,,,
B3_legacy,B3_S,B3,Consensus + Uncertainty,377,located,7.823448726086893,-4.979819100557954,53.974357525451666
B3_legacy,B3_S,B3,Consensus + Uncertainty,378,located,5.5615712883619475,-4.9144091394674305,56.06691364209328
B3_legacy,B3_S,B3,Consensus + Uncertainty,379,located,2.8693595319820044,-4.594879616653671,58.61442839441138
B3_legacy,B3_S,B3,Consensus + Uncertainty,380,reject,,,
B3_legacy,B3_S,B3,Consensus + Uncertainty,381,located,6.686298805014744,-4.343683326695043,53.88383562553064
B3_legacy,B3_S,B3,Consensus + Uncertainty,382,reject,,,
B3_legacy,B3_S,B3,Consensus + Uncertainty,383,located,8.42519742464739,-5.490492986942954,51.39608537878931
B3_legacy,B3_S,B3,Consensus + Uncertainty,384,reject,,,
B3_legacy,B3_S,B3,Consensus + Uncertainty,385,reject,,,
B3_legacy,B3_S,B3,Consensus + Uncertainty,386,located,8.473163215694594,-3.7652798847683044,55.44167159374646
B3_legacy,B3_S,B3,Consensus + Uncertainty,387,located,6.463551712247578,-6.433666121783865,55.28695939512867
B3_legacy,B3_S,B3,Consensus + Uncertainty,388,reject,,,
B3_legacy,B3_S,B3,Consensus + Uncertainty,389,reject,,,
B3_legacy,B3_S,B3,Consensus + Uncertainty,390,located,8.015201512377368,-3.3856627665330166,51.926415022639254
B3_legacy,B3_S,B3,Consensus + Uncertainty,391,located,5.942908230351575,-6.354348116584802,53.97868693897013
B3_legacy,B3_S,B3,Consensus + Uncertainty,392,located,7.981439123658392,-5.258407534034262,50.812295503744565
B3_legacy,B3_S,B3,Consensus + Uncertainty,393,located,5.879065311019527,-3.8260228980615736,57.042271501326034
B3_legacy,B3_S,B3,Consensus + Uncertainty,394,reject,,,
B3_legacy,B3_S,B3,Consensus + Uncertainty,395,reject,,,
B3_legacy,B3_S,B3,Consensus + Uncertainty,396,located,8.079444549607915,-3.799127190349168,51.82207425714778
B3_legacy,B3_S,B3,Consensus + Uncertainty,397,located,7.090863265759137,-5.415877861945027,54.482217214987344
B3_legacy,B3_S,B3,Consensus + Uncertainty,398,located,6.853361126477282,-5.04461278175858,53.39434370944921
B3_legacy,B3_S,B3,Consensus + Uncertainty,399,reject,,,
B4_M02,B4_E,B4,M0,0,located,5.941714168504943,-101.80416819308434,51.9991864529039
B4_M02,B4_E,B4,M0,1,located,6.502191361598185,-102.77066502379813,51.08266080377516
B4_M02,B4_E,B4,M0,2,located,6.879359382429412,-103.52717850087376,52.288423486700864
B4_M02,B4_E,B4,M0,3,located,6.906648344898318,-102.21128351865487,51.61425397751483
B4_M02,B4_E,B4,M0,4,located,6.016732782443999,-102.17196135492213,49.739003872662934
B4_M02,B4_E,B4,M0,5,located,5.404985355245566,-102.06065352229497,49.77795778890773
B4_M02,B4_E,B4,M0,6,located,7.110353837780438,-103.29688606998972,51.12966071487444
B4_M02,B4_E,B4,M0,7,located,7.654349361826948,-102.93966279722153,51.39172501390927
B4_M02,B4_E,B4,M0,8,located,6.680847426777271,-101.77525996243503,52.356350265242554
B4_M02,B4_E,B4,M0,9,located,6.303966223897637,-101.79325878062429,52.31976262324496
B4_M02,B4_E,B4,M0,10,located,6.509795035309895,-102.11048078336867,50.33145770045377
B4_M02,B4_E,B4,M0,11,located,7.254307475643776,-102.72564456462763,52.504144319232616
B4_M02,B4_E,B4,M0,12,located,5.858508184669033,-101.61855898939721,52.672025069037126
B4_M02,B4_E,B4,M0,13,located,7.489542378923208,-102.56186064776733,50.32497978080504
B4_M02,B4_E,B4,M0,14,located,4.969662333469504,-101.44343630680032,49.891803222422695
B4_M02,B4_E,B4,M0,15,located,6.15219171155221,-102.56493040292466,50.31175440707408
B4_M02,B4_E,B4,M0,16,located,7.216311166337231,-102.65666422403054,51.479417796678426
B4_M02,B4_E,B4,M0,17,located,6.1799534213112866,-102.5881668432545,49.98102239150569
B4_M02,B4_E,B4,M0,18,located,6.811199543391361,-102.3919621034665,52.22679483127039
B4_M02,B4_E,B4,M0,19,located,6.819634540306842,-102.27241852267647,52.43367299326528
B4_M02,B4_E,B4,M0,20,located,6.728756293114581,-102.98608752053718,51.370542107907276
B4_M02,B4_E,B4,M0,21,located,7.335516470993812,-103.37640151893417,51.498098013272646
B4_M02,B4_E,B4,M0,22,located,6.820946892528958,-101.93784012620628,51.75956348848332
B4_M02,B4_E,B4,M0,23,located,7.5541399049853934,-102.99294898782502,51.53041261376367
B4_M02,B4_E,B4,M0,24,located,6.035219357637618,-102.1423253009363,49.63595379631594
B4_M02,B4_E,B4,M0,25,located,5.857180749340938,-101.96672617503998,51.89591502596462
B4_M02,B4_E,B4,M0,26,located,7.1492981949287815,-102.66254516906177,51.36266416180854
B4_M02,B4_E,B4,M0,27,located,5.997475211307421,-101.06653540657388,50.03909077024247
B4_M02,B4_E,B4,M0,28,located,7.054330518312373,-102.08511454474936,52.11222380822629
B4_M02,B4_E,B4,M0,29,located,5.655152792750716,-102.72860685334311,49.83088386778831
B4_M02,B4_E,B4,M0,30,located,6.161038581273588,-103.02772993668916,50.75807362930828
B4_M02,B4_E,B4,M0,31,located,6.333045740457814,-101.75860381590965,51.47161562025742
B4_M02,B4_E,B4,M0,32,located,6.508778154320769,-103.19752440272256,51.96215612964615
B4_M02,B4_E,B4,M0,33,located,6.7490467703863235,-103.08828450621701,50.8809740204382
B4_M02,B4_E,B4,M0,34,located,6.700811454214658,-102.774124468862,49.358465787716625
B4_M02,B4_E,B4,M0,35,located,5.773095266088766,-101.62170464607026,49.69600403351688
B4_M02,B4_E,B4,M0,36,located,7.161513356524904,-102.13916557085565,49.851429387723435
B4_M02,B4_E,B4,M0,37,located,6.505224187107414,-101.94937861392314,52.3526944338225
B4_M02,B4_E,B4,M0,38,located,7.078115021889757,-102.50512297396462,52.248849607248474
B4_M02,B4_E,B4,M0,39,located,5.001046903373595,-101.59638428743384,52.57928255574595
B4_M02,B4_E,B4,M0,40,located,5.440102787059713,-101.96823097263024,50.0821813000944
B4_M02,B4_E,B4,M0,41,located,6.464851716379954,-102.52005009273023,51.96843550747537
B4_M02,B4_E,B4,M0,42,located,5.133519179292018,-102.61157594122983,52.25752424236389
B4_M02,B4_E,B4,M0,43,located,6.21423282342377,-101.83906050106182,49.82373454844123
B4_M02,B4_E,B4,M0,44,located,5.616272760236457,-102.2893119830234,52.37297288884837
B4_M02,B4_E,B4,M0,45,located,6.885377029375522,-102.82724023700592,50.95864976989249
B4_M02,B4_E,B4,M0,46,located,5.924523104142875,-102.33939168790864,51.37712878280081
B4_M02,B4_E,B4,M0,47,located,6.052155417358591,-102.55226701059291,51.95592954108136
B4_M02,B4_E,B4,M0,48,located,6.796311705488428,-102.4445361325806,50.057959450097705
B4_M02,B4_E,B4,M0,49,located,7.159951658835692,-101.82945035060823,52.68269557354017
B4_M02,B4_E,B4,M0,50,located,7.015894947086254,-102.76076019657671,50.32622203392943
B4_M02,B4_E,B4,M0,51,located,5.121235028574695,-102.18177386942203,52.22783477061401
B4_M02,B4_E,B4,M0,52,located,6.829711615511761,-101.84037144126535,51.150011089076784
B4_M02,B4_E,B4,M0,53,located,5.601050324876299,-101.03740307078817,51.65797276279543
B4_M02,B4_E,B4,M0,54,located,6.7483457239129665,-102.36428218860884,50.997411881956715
B4_M02,B4_E,B4,M0,55,located,5.72206173910678,-101.55751716076753,52.25616496544136
B4_M02,B4_E,B4,M0,56,located,6.100639403642147,-102.42244281341743,50.06753963278329
B4_M02,B4_E,B4,M0,57,located,6.229604627702781,-102.07239506492671,52.502969829708476
B4_M02,B4_E,B4,M0,58,located,6.1244008293488434,-102.41501059534745,51.36814398708346
B4_M02,B4_E,B4,M0,59,located,5.875276472437961,-101.51724771130324,50.08127227626588
B4_M02,B4_E,B4,M0,60,located,8.072342399145683,-102.425631108327,49.426574971227254
B4_M02,B4_E,B4,M0,61,located,6.365133662102692,-102.40777778443515,53.080141550828024
B4_M02,B4_E,B4,M0,62,located,7.104725790179493,-101.83256629587146,49.97116241691324
B4_M02,B4_E,B4,M0,63,located,5.534757341405369,-101.43943441847493,52.4802185600565
B4_M02,B4_E,B4,M0,64,located,6.23489096974905,-102.10266085207147,50.32702624003506
B4_M02,B4_E,B4,M0,65,located,6.204604156020657,-102.81009571762908,51.20537740567945
B4_M02,B4_E,B4,M0,66,located,6.458614348728686,-101.9324053801827,51.81135434133454
B4_M02,B4_E,B4,M0,67,located,6.640370438301437,-102.37958133164105,50.40717432894182
B4_M02,B4_E,B4,M0,68,located,6.720509769223123,-102.45630122674007,50.13192122956239
B4_M02,B4_E,B4,M0,69,located,5.814213966835612,-102.43547695428353,51.25461526625276
B4_M02,B4_E,B4,M0,70,located,6.547346536917038,-102.19686908370218,49.223219731286385
B4_M02,B4_E,B4,M0,71,located,5.961425954551702,-102.20171502408797,51.87648526191467
B4_M02,B4_E,B4,M0,72,located,6.840012345439316,-102.61329678524369,49.54843453466234
B4_M02,B4_E,B4,M0,73,located,7.474221738679803,-102.30177931743324,51.337079037222715
B4_M02,B4_E,B4,M0,74,located,6.06342393131058,-101.40921940314534,50.52791024106946
B4_M02,B4_E,B4,M0,75,located,6.950812056700666,-102.71107730715616,52.12197823812566
B4_M02,B4_E,B4,M0,76,located,6.051323385150949,-102.11644339239496,52.81004341019152
B4_M02,B4_E,B4,M0,77,located,7.709760780517445,-102.9631532571578,51.054445652892944
B4_M02,B4_E,B4,M0,78,located,6.378862762539053,-103.10275808537432,51.880045918630174
B4_M02,B4_E,B4,M0,79,located,5.782496657354978,-102.22534749229698,50.37046343980752
B4_M02,B4_E,B4,M0,80,located,6.178385281988732,-101.78979656487894,50.41135778164342
B4_M02,B4_E,B4,M0,81,located,5.858145752621262,-101.6855799529232,50.61855947579371
B4_M02,B4_E,B4,M0,82,located,6.136513978867298,-102.32881089201348,50.1276327512411
B4_M02,B4_E,B4,M0,83,located,6.515296840045743,-103.212265462934,52.53182863353033
B4_M02,B4_E,B4,M0,84,located,6.153751600647065,-101.7902462530585,51.350649802500946
B4_M02,B4_E,B4,M0,85,located,6.868189395617463,-102.40126983930415,49.712305034158
B4_M02,B4_E,B4,M0,86,located,6.241604213325489,-102.43436199664939,49.2161845886775
B4_M02,B4_E,B4,M0,87,located,6.366250019917159,-102.0924587909305,50.876933560082
B4_M02,B4_E,B4,M0,88,located,5.751847529766767,-102.01360191250828,50.42467125682797
B4_M02,B4_E,B4,M0,89,located,6.034686496156836,-102.701702665241,50.03232259095195
B4_M02,B4_E,B4,M0,90,located,5.496038287476875,-102.06057352154133,50.75396226590255
B4_M02,B4_E,B4,M0,91,located,6.0441118763807715,-102.58121883204115,52.80413619159362
B4_M02,B4_E,B4,M0,92,located,6.067217196215545,-101.79409157637556,51.204172513134125
B4_M02,B4_E,B4,M0,93,located,5.925150820239009,-101.29367448219068,49.810335296434005
B4_M02,B4_E,B4,M0,94,located,5.394655212393705,-101.99116804809088,50.16223401181165
B4_M02,B4_E,B4,M0,95,located,5.602452870995386,-102.68909712823034,50.81139800486134
B4_M02,B4_E,B4,M0,96,located,7.132957409310451,-102.70669816315387,52.155869789084214
B4_M02,B4_E,B4,M0,97,located,6.505028720817029,-102.49964676183572,49.495063566025514
B4_M02,B4_E,B4,M0,98,located,5.846991325207783,-101.99908803534385,51.28757205169894
B4_M02,B4_E,B4,M0,99,located,6.4025118051449965,-102.25567435613632,52.15389082879279
B4_M02,B4_E,B4,M0,100,located,7.14123005527604,-103.08573490611221,52.19040387709555
B4_M02,B4_E,B4,M0,101,located,6.28211500339174,-102.04554976657477,51.01641061470401
B4_M02,B4_E,B4,M0,102,located,6.360621520288207,-102.67000139955499,51.127734676103294
B4_M02,B4_E,B4,M0,103,located,6.297558726562322,-102.62806852651946,50.47389036369127
B4_M02,B4_E,B4,M0,104,located,6.091800538238198,-101.59386056376687,50.702980287274805
B4_M02,B4_E,B4,M0,105,located,6.02432478567622,-101.56607197990414,51.458879348295575
B4_M02,B4_E,B4,M0,106,located,7.05450677779895,-102.4167124206534,52.231478277164165
B4_M02,B4_E,B4,M0,107,located,5.695623519907927,-103.59843495234502,51.10792459589543
B4_M02,B4_E,B4,M0,108,located,6.862905755618344,-102.59158973790367,51.545482720293386
B4_M02,B4_E,B4,M0,109,located,6.684482829181772,-102.60873220712668,51.22947205114668
B4_M02,B4_E,B4,M0,110,located,6.170712092304735,-102.45975746750253,51.35255446329498
B4_M02,B4_E,B4,M0,111,located,6.831282310137726,-101.64443460874372,49.59399270588928
B4_M02,B4_E,B4,M0,112,located,6.839589403728193,-102.08786632194301,52.23599909982769
B4_M02,B4_E,B4,M0,113,located,7.187654740248772,-102.39505729640615,50.283670397583656
B4_M02,B4_E,B4,M0,114,located,5.346941308591386,-101.587394322102,52.212159341204945
B4_M02,B4_E,B4,M0,115,located,6.861027985795957,-101.9263995754907,49.14492777320439
B4_M02,B4_E,B4,M0,116,located,5.897904614424327,-101.90564209400091,50.138435120878675
B4_M02,B4_E,B4,M0,117,located,5.90623321700825,-101.18378363289258,51.329650650697644
B4_M02,B4_E,B4,M0,118,located,6.319793598020645,-102.52790372701025,50.55737464251216
B4_M02,B4_E,B4,M0,119,located,6.0041711263647235,-102.33075509467928,49.314333323162415
B4_M02,B4_E,B4,M0,120,located,6.3353160478942945,-102.79878094289734,52.74210547762338
B4_M02,B4_E,B4,M0,121,located,6.361918942226085,-102.91418145046876,51.50685279598138
B4_M02,B4_E,B4,M0,122,located,7.62844745424802,-102.73547434731677,51.63784701823021
B4_M02,B4_E,B4,M0,123,located,6.346352492480092,-102.58281056447635,50.81004761623676
B4_M02,B4_E,B4,M0,124,located,6.022363119878831,-103.19441895398455,50.2880028552295
B4_M02,B4_E,B4,M0,125,located,4.958118298210125,-102.45533648895291,51.5533081027036
B4_M02,B4_E,B4,M0,126,located,6.4565161325881935,-102.77650928022074,50.21072504425984
B4_M02,B4_E,B4,M0,127,located,7.22698838088674,-102.48607000696882,49.53439310898213
B4_M02,B4_E,B4,M0,128,located,6.096882957232117,-102.64600531381683,51.801024757000214
B4_M02,B4_E,B4,M0,129,located,6.041485093944728,-102.86980189532159,51.71869478818091
B4_M02,B4_E,B4,M0,130,located,5.784573401923257,-103.06843093724544,51.203265912288536
B4_M02,B4_E,B4,M0,131,located,6.593776365960111,-102.52817223526,50.35698780798256
B4_M02,B4_E,B4,M0,132,located,6.29450766388567,-102.59294220206066,52.52939419909681
B4_M02,B4_E,B4,M0,133,located,6.247785478408468,-102.34456085181534,51.870467511185616
B4_M02,B4_E,B4,M0,134,located,6.229814105355198,-102.44025741106846,50.043094358713596
B4_M02,B4_E,B4,M0,135,located,6.08259538293243,-102.36655012949419,49.533455630787856
B4_M02,B4_E,B4,M0,136,located,6.903928138511496,-101.67786104635869,50.151211578095
B4_M02,B4_E,B4,M0,137,located,7.208302094321187,-101.89842037703548,49.99587001959547
B4_M02,B4_E,B4,M0,138,located,5.8734351214089235,-102.7074461624581,51.22525955938877
B4_M02,B4_E,B4,M0,139,located,7.690322227750711,-102.15652507723061,51.61175327316339
B4_M02,B4_E,B4,M0,140,located,5.816117803513988,-101.68358272923234,49.558559562431505
B4_M02,B4_E,B4,M0,141,located,6.933528984479347,-102.7346144066367,51.19398023292737
B4_M02,B4_E,B4,M0,142,located,5.848120294093023,-101.81351125197207,52.877488731401705
B4_M02,B4_E,B4,M0,143,located,6.48813084740273,-102.31144867753343,51.02751629821859
B4_M02,B4_E,B4,M0,144,located,5.542604588472307,-101.93436585866962,51.54294899542619
B4_M02,B4_E,B4,M0,145,located,5.811334753291614,-102.77408837690066,50.8899476054046
B4_M02,B4_E,B4,M0,146,located,7.144473871932884,-102.92300977565078,49.950532345459585
B4_M02,B4_E,B4,M0,147,located,6.194527426557753,-103.02214476676495,51.16877214805734
B4_M02,B4_E,B4,M0,148,located,7.0867156275999506,-102.48843446134629,51.645672099162475
B4_M02,B4_E,B4,M0,149,located,6.14010241792707,-101.6537297589054,51.82742556353618
B4_M02,B4_E,B4,M0,150,located,6.574949447635885,-102.52565958008546,50.85320952427558
B4_M02,B4_E,B4,M0,151,located,6.339644989130625,-101.43752620484565,52.065492545667524
B4_M02,B4_E,B4,M0,152,located,7.461466805891046,-102.67594175680637,51.8970343124297
B4_M02,B4_E,B4,M0,153,located,6.596153392670228,-103.1379366314167,49.88066826730131
B4_M02,B4_E,B4,M0,154,located,6.202171937188642,-101.98708292815674,51.36643734388668
B4_M02,B4_E,B4,M0,155,located,6.870207695015753,-102.78720052368058,52.39107747293739
B4_M02,B4_E,B4,M0,156,located,6.3595254591119685,-102.6696817069034,50.908120072257894
B4_M02,B4_E,B4,M0,157,located,6.2902263917349694,-102.72862085550084,50.58621518302526
B4_M02,B4_E,B4,M0,158,located,6.374732158802795,-102.34141347200205,51.95961997539848
B4_M02,B4_E,B4,M0,159,located,7.325561532324942,-103.225619617538,51.89937309915133
B4_M02,B4_E,B4,M0,160,located,6.0370826200896355,-100.92370392532925,49.70687774535255
B4_M02,B4_E,B4,M0,161,located,5.740080232647255,-102.70716410640713,49.50544181925212
B4_M02,B4_E,B4,M0,162,located,7.447230030414455,-102.59896789286424,51.77527043926119
B4_M02,B4_E,B4,M0,163,located,7.031347587641164,-103.44951022672251,52.525762334298165
B4_M02,B4_E,B4,M0,164,located,7.11678038702614,-102.55504018586296,50.648592026064556
B4_M02,B4_E,B4,M0,165,located,6.248889087330685,-102.14229276774113,49.48214690265792
B4_M02,B4_E,B4,M0,166,located,6.425345410571565,-101.8693255239358,50.24843258318594
B4_M02,B4_E,B4,M0,167,located,6.908740154942109,-102.03176095055599,51.81615148626858
B4_M02,B4_E,B4,M0,168,located,6.125982398661468,-102.31981007336354,50.81373463349581
B4_M02,B4_E,B4,M0,169,located,6.86552977777924,-101.90749226640301,49.238642955195424
B4_M02,B4_E,B4,M0,170,located,6.82220696853899,-101.22755669172344,50.29189997258336
B4_M02,B4_E,B4,M0,171,located,7.099637891531058,-102.72469214644585,51.33677315973593
B4_M02,B4_E,B4,M0,172,located,6.353328847411257,-102.00537284663602,51.40264616655036
B4_M02,B4_E,B4,M0,173,located,6.878133207135648,-102.88460217598865,51.47382431686188
B4_M02,B4_E,B4,M0,174,located,6.166318561404242,-101.77711673814093,51.201887574743104
B4_M02,B4_E,B4,M0,175,located,5.709082867037102,-102.09082292151359,50.23843967678872
B4_M02,B4_E,B4,M0,176,located,5.356059774371627,-101.5603789502272,50.736034218465925
B4_M02,B4_E,B4,M0,177,located,7.541480786074102,-102.17518830204799,49.3904231093098
B4_M02,B4_E,B4,M0,178,located,5.657138026406703,-101.82218551797241,52.78349651438327
B4_M02,B4_E,B4,M0,179,located,5.233430470307534,-101.72907436309384,50.05031201223154
B4_M02,B4_E,B4,M0,180,located,6.502397009288407,-102.9745217080084,49.82949790106931
B4_M02,B4_E,B4,M0,181,located,6.328293629613753,-102.45002421087928,49.51148238080593
B4_M02,B4_E,B4,M0,182,located,7.1487571351667505,-101.63142815789739,52.13744371421969
B4_M02,B4_E,B4,M0,183,located,6.470783938496668,-103.13435895529499,51.676338088302025
B4_M02,B4_E,B4,M0,184,located,6.348075959586547,-102.21940657139697,50.574292711931804
B4_M02,B4_E,B4,M0,185,located,6.9709054997071656,-101.86798816696562,50.8672876409416
B4_M02,B4_E,B4,M0,186,located,7.334143830325161,-103.10308978333467,52.58726706888519
B4_M02,B4_E,B4,M0,187,located,6.929825876384004,-102.78811375465553,50.808412721499295
B4_M02,B4_E,B4,M0,188,located,6.7596926068980725,-103.46211366020943,49.17460933735936
B4_M02,B4_E,B4,M0,189,located,5.9379377531514566,-102.07545035649315,51.61968013840034
B4_M02,B4_E,B4,M0,190,located,7.231008575848991,-102.68398480567213,51.19171643794682
B4_M02,B4_E,B4,M0,191,located,7.02063602217187,-103.12178579633263,50.85879515731237
B4_M02,B4_E,B4,M0,192,located,5.820858597814517,-101.81384101231271,49.213367045800034
B4_M02,B4_E,B4,M0,193,located,7.3381897084702645,-102.72886355534845,51.33742907989573
B4_M02,B4_E,B4,M0,194,located,5.889085796111074,-102.27190453241522,51.89685713936632
B4_M02,B4_E,B4,M0,195,located,5.652148035289837,-101.89693728096518,51.96943157952769
B4_M02,B4_E,B4,M0,196,located,5.696829668332843,-101.84434540029318,53.29235506404434
B4_M02,B4_E,B4,M0,197,located,5.656874546569608,-102.44120613018717,50.38756142150571
B4_M02,B4_E,B4,M0,198,located,7.092869555620632,-102.99506292920864,52.40969922008662
B4_M02,B4_E,B4,M0,199,located,6.283900233604464,-101.88311709625364,50.75795239221278
B4_M02,B4_E,B4,M0,200,located,5.959246564412649,-101.53845038808569,53.02112422011999
B4_M02,B4_E,B4,M0,201,located,7.251538985138928,-102.26789580431725,49.77066662566918
B4_M02,B4_E,B4,M0,202,located,5.938841731132212,-101.67191333847556,52.893186004884015
B4_M02,B4_E,B4,M0,203,located,5.970516444905892,-101.90645541366564,51.64730426124369
B4_M02,B4_E,B4,M0,204,located,7.24981525177607,-103.0010748238154,52.89776120766765
B4_M02,B4_E,B4,M0,205,located,5.917401843552037,-102.00169873351611,50.91584150142818
B4_M02,B4_E,B4,M0,206,located,6.077177534596724,-102.18630848689413,50.023526787123885
B4_M02,B4_E,B4,M0,207,located,6.6085280672924815,-102.2747531004479,49.64516330235243
B4_M02,B4_E,B4,M0,208,located,5.664239942738767,-102.80035231272285,50.29363101847652
B4_M02,B4_E,B4,M0,209,located,5.9322818699402475,-101.98226849293334,51.708479204737294
B4_M02,B4_E,B4,M0,210,located,6.193088943428614,-102.24475805182004,51.96286275214123
B4_M02,B4_E,B4,M0,211,located,7.409050007002472,-103.09993052780558,53.42833991267612
B4_M02,B4_E,B4,M0,212,located,5.3893300388134735,-102.62715672171163,49.348200759924694
B4_M02,B4_E,B4,M0,213,located,5.422679207090094,-101.68280863465986,50.998008196159375
B4_M02,B4_E,B4,M0,214,located,6.273235944090545,-101.99833751271461,52.1284291245113
B4_M02,B4_E,B4,M0,215,located,6.04872681331691,-101.70289568569848,51.36821316773337
B4_M02,B4_E,B4,M0,216,located,5.807046109619113,-102.63210870208903,51.894489848522916
B4_M02,B4_E,B4,M0,217,located,6.127418706654661,-102.41774613818185,51.12300252959213
B4_M02,B4_E,B4,M0,218,located,5.9515349704542375,-101.56888546427884,50.354943375768016
B4_M02,B4_E,B4,M0,219,located,7.122576261332217,-101.76652087179656,51.40690813513409
B4_M02,B4_E,B4,M0,220,located,6.412289333913264,-102.66091027159345,50.88039931970828
B4_M02,B4_E,B4,M0,221,located,6.063110298925508,-102.33498523423862,51.32181372658756
B4_M02,B4_E,B4,M0,222,located,6.2502264994578,-102.50231490932796,51.46843750727136
B4_M02,B4_E,B4,M0,223,located,6.907749248170972,-102.88417138633663,49.99853299127404
B4_M02,B4_E,B4,M0,224,located,6.318579491116028,-102.63631341347086,51.6329688830784
B4_M02,B4_E,B4,M0,225,located,6.264962958726925,-101.53462403053834,53.1703465785255
B4_M02,B4_E,B4,M0,226,located,5.099083812368282,-101.55488226111888,51.986399568349334
B4_M02,B4_E,B4,M0,227,located,6.15354283443901,-101.99644871030415,51.635540962643944
B4_M02,B4_E,B4,M0,228,located,7.0602127838146975,-102.14227468705982,51.035717006449666
B4_M02,B4_E,B4,M0,229,located,6.989556802739271,-102.66094829388663,50.696893170610466
B4_M02,B4_E,B4,M0,230,located,5.768503602948649,-101.8339132358179,49.876657126437486
B4_M02,B4_E,B4,M0,231,located,6.7919894840380355,-103.0173209509521,50.98959737830997
B4_M02,B4_E,B4,M0,232,located,5.689790577409775,-102.29266971469461,51.054091339734796
B4_M02,B4_E,B4,M0,233,located,5.278823031641983,-101.48236623155243,51.225316440374726
B4_M02,B4_E,B4,M0,234,located,6.724487468942939,-102.64307245845757,49.87073628343138
B4_M02,B4_E,B4,M0,235,located,5.639409576196932,-101.97723768660327,48.94966172174332
B4_M02,B4_E,B4,M0,236,located,6.215653774152936,-102.40357186870631,49.81648081147844
B4_M02,B4_E,B4,M0,237,located,7.159277524709161,-102.88141862717526,52.47266901148477
B4_M02,B4_E,B4,M0,238,located,6.78216095232443,-103.22497316997628,51.35249772482352
B4_M02,B4_E,B4,M0,239,located,6.047539539300937,-102.62272721630067,53.14320335199529
B4_M02,B4_E,B4,M0,240,located,6.435295570251836,-102.52560326636737,49.93830593879941
B4_M02,B4_E,B4,M0,241,located,6.141916422888127,-102.4452298819512,49.72510979514712
B4_M02,B4_E,B4,M0,242,located,5.574272685740086,-101.99086540161863,51.69377522662827
B4_M02,B4_E,B4,M0,243,located,6.223304350292486,-102.44408075042728,50.64164901530063
B4_M02,B4_E,B4,M0,244,located,5.791028447086519,-101.97928387602603,49.60693491447594
B4_M02,B4_E,B4,M0,245,located,6.449597539935556,-101.60686155075791,50.88762742530441
B4_M02,B4_E,B4,M0,246,located,5.205919685051503,-102.19768864410892,50.400617202100015
B4_M02,B4_E,B4,M0,247,located,7.189749638817094,-102.64821638802556,50.21525231087465
B4_M02,B4_E,B4,M0,248,located,6.2225067922729576,-102.8912151555821,51.62592602605168
B4_M02,B4_E,B4,M0,249,located,6.032957953237199,-102.37035417658704,51.1210380757262
B4_M02,B4_E,B4,M0,250,located,7.3303300655324435,-102.17767012459683,50.26283270268647
B4_M02,B4_E,B4,M0,251,located,7.847804401735121,-102.10726688039495,50.62364273960637
B4_M02,B4_E,B4,M0,252,located,5.1879682202846045,-101.97621051945846,52.43000603630229
B4_M02,B4_E,B4,M0,253,located,5.7271204399810625,-101.11867757877224,51.45886405799241
B4_M02,B4_E,B4,M0,254,located,6.679866567131064,-102.63734743414864,51.784828706606106
B4_M02,B4_E,B4,M0,255,located,6.176651181736009,-102.09419494436415,49.67156708470716
B4_M02,B4_E,B4,M0,256,located,6.2024004497076355,-101.98529533336102,50.27080202645131
B4_M02,B4_E,B4,M0,257,located,7.003570552641535,-102.35019495983863,52.46100094409602
B4_M02,B4_E,B4,M0,258,located,7.173552609257418,-102.25618747539585,49.382269856526335
B4_M02,B4_E,B4,M0,259,located,6.701644771549957,-103.01472990952216,50.384226279162114
B4_M02,B4_E,B4,M0,260,located,7.836879420079969,-103.1619621547712,50.92222766392184
B4_M02,B4_E,B4,M0,261,located,6.621502359839889,-102.12028467400702,51.95483763596005
B4_M02,B4_E,B4,M0,262,located,6.223597925441362,-102.28044358411157,49.92393805122976
B4_M02,B4_E,B4,M0,263,located,5.872193554371682,-102.40394581933847,51.54038350617162
B4_M02,B4_E,B4,M0,264,located,6.06569841827254,-102.54657192893657,50.536252825817634
B4_M02,B4_E,B4,M0,265,located,7.023211584423383,-101.57213655265795,50.28445495999057
B4_M02,B4_E,B4,M0,266,located,5.98654927896564,-103.37996036566682,49.136286169402744
B4_M02,B4_E,B4,M0,267,located,6.892038172417353,-101.82801483704816,51.67127680037583
B4_M02,B4_E,B4,M0,268,located,6.264227999295292,-102.3993872525206,48.567552119585514
B4_M02,B4_E,B4,M0,269,located,6.507833321759588,-102.1814789847628,50.369849484221106
B4_M02,B4_E,B4,M0,270,located,7.250622902805308,-102.85689662504632,52.329354429371485
B4_M02,B4_E,B4,M0,271,located,7.050848195961116,-102.22000478730217,49.90103510946495
B4_M02,B4_E,B4,M0,272,located,5.18546430138875,-102.36599887658912,52.21272245402687
B4_M02,B4_E,B4,M0,273,located,6.6958199394038616,-102.68509289116426,51.592340410472815
B4_M02,B4_E,B4,M0,274,located,7.027103845138417,-102.44729919971283,51.05543650913579
B4_M02,B4_E,B4,M0,275,located,7.169153498756363,-102.57716825440676,51.30935710598606
B4_M02,B4_E,B4,M0,276,located,5.286770832526464,-102.78574391585322,50.70715738009115
B4_M02,B4_E,B4,M0,277,located,6.313295083633605,-101.64744652455724,52.08801140212308
B4_M02,B4_E,B4,M0,278,located,6.1667444089731696,-102.22617117609559,50.38338954277424
B4_M02,B4_E,B4,M0,279,located,5.808688299374434,-102.40986579331918,50.80411052140299
B4_M02,B4_E,B4,M0,280,located,5.763685507192356,-101.62542162174965,50.62587657541336
B4_M02,B4_E,B4,M0,281,located,7.774125925248585,-102.94523675590848,51.02253504965985
B4_M02,B4_E,B4,M0,282,located,6.0431402055883465,-102.32539786643162,51.117641645109885
B4_M02,B4_E,B4,M0,283,located,7.397990401826477,-102.55354737902961,50.76039953346474
B4_M02,B4_E,B4,M0,284,located,6.045601130323261,-101.44933721935894,50.10339834435812
B4_M02,B4_E,B4,M0,285,located,6.222946133796163,-102.55476504973973,49.84409657253063
B4_M02,B4_E,B4,M0,286,located,5.428161624134462,-102.08102932929998,51.875628895771314
B4_M02,B4_E,B4,M0,287,located,6.33198776730019,-102.18208313259396,52.37462047373167
B4_M02,B4_E,B4,M0,288,located,6.4142263026106034,-101.42984909285116,51.152725690644345
B4_M02,B4_E,B4,M0,289,located,7.117591781483045,-102.43882362082434,53.80795337142251
B4_M02,B4_E,B4,M0,290,located,5.927770093366174,-100.82524248115305,51.909716147460514
B4_M02,B4_E,B4,M0,291,located,6.204458151251378,-102.6237466859622,51.9327611463916
B4_M02,B4_E,B4,M0,292,located,7.01123615683532,-102.5392622954522,51.37376293721725
B4_M02,B4_E,B4,M0,293,located,7.4113333972735695,-103.23643215821787,50.47015235587699
B4_M02,B4_E,B4,M0,294,located,6.905414017583887,-102.07620340720217,49.65089821648729
B4_M02,B4_E,B4,M0,295,located,7.002797256654082,-101.97829541108726,51.398039203395655
B4_M02,B4_E,B4,M0,296,located,6.099206588979511,-102.76821327318919,49.813809864151274
B4_M02,B4_E,B4,M0,297,located,7.166191675789924,-103.12392512142372,50.81669082555851
B4_M02,B4_E,B4,M0,298,located,5.4393799082887355,-101.57754452272582,51.38958943240417
B4_M02,B4_E,B4,M0,299,located,5.814596910580474,-102.62099312125602,51.82611518952081
B4_M02,B4_E,B4,M0,300,located,6.47264746969522,-102.24740651076529,50.29614127125847
B4_M02,B4_E,B4,M0,301,located,7.47472384953344,-102.75285437410146,51.766812492997495
B4_M02,B4_E,B4,M0,302,located,6.770332507696578,-103.20222875489125,51.1923646324574
B4_M02,B4_E,B4,M0,303,located,6.1223877363970285,-102.02220649517355,52.89833170108329
B4_M02,B4_E,B4,M0,304,located,6.507678949254466,-101.39157907115877,50.31939873593784
B4_M02,B4_E,B4,M0,305,located,6.053155323578667,-101.345892650369,51.530682103252246
B4_M02,B4_E,B4,M0,306,located,6.481676196887171,-102.51622648029785,52.13171018896023
B4_M02,B4_E,B4,M0,307,located,5.689127136388509,-102.84914045203668,50.60435217525869
B4_M02,B4_E,B4,M0,308,located,7.871569080505263,-102.56662893133078,51.81145117074054
B4_M02,B4_E,B4,M0,309,located,5.535767692271976,-101.08328901766552,49.79011006655097
B4_M02,B4_E,B4,M0,310,located,7.263078318015929,-103.11011134416891,51.43775213017397
B4_M02,B4_E,B4,M0,311,located,5.423126873375695,-102.11587137347632,49.82117968723311
B4_M02,B4_E,B4,M0,312,located,6.991617351410806,-102.39754224904107,50.91189778660005
B4_M02,B4_E,B4,M0,313,located,5.906442492677253,-101.76871622244735,49.738699188418984
B4_M02,B4_E,B4,M0,314,located,7.275396419326906,-102.6886397367711,52.8594934852466
B4_M02,B4_E,B4,M0,315,located,6.6499688560795995,-102.18712934052785,51.289219280753
B4_M02,B4_E,B4,M0,316,located,5.741338654041472,-101.53012933623751,50.51244180817552
B4_M02,B4_E,B4,M0,317,located,6.606204616432178,-101.56581849982315,51.63262148311898
B4_M02,B4_E,B4,M0,318,located,5.657918347476648,-102.36086475025968,50.87529524330239
B4_M02,B4_E,B4,M0,319,located,6.656563487216698,-102.48279804155224,51.50206001890816
B4_M02,B4_E,B4,M0,320,located,5.970618806548768,-101.6780879272646,52.05844605370186
B4_M02,B4_E,B4,M0,321,located,6.7787693219503184,-103.54685482073819,50.42774649710216
B4_M02,B4_E,B4,M0,322,located,5.524708206122633,-102.01114407744788,51.65580308158905
B4_M02,B4_E,B4,M0,323,located,7.73679893261569,-102.24028823046163,50.44685613711697
B4_M02,B4_E,B4,M0,324,located,6.066631807137708,-102.61815974137329,49.82596775107828
B4_M02,B4_E,B4,M0,325,located,5.576270721129429,-101.85170579453924,51.19299186737025
B4_M02,B4_E,B4,M0,326,located,7.336570401038631,-102.6872818661133,49.72314646830499
B4_M02,B4_E,B4,M0,327,located,6.687648555177948,-101.61862815448038,50.325901947457844
B4_M02,B4_E,B4,M0,328,located,6.5599437392456235,-102.1847136179675,50.31656935249972
B4_M02,B4_E,B4,M0,329,located,7.5577319821754045,-102.06794538861784,50.245417161505536
B4_M02,B4_E,B4,M0,330,located,6.99141169321352,-101.38647064402292,51.29269638626624
B4_M02,B4_E,B4,M0,331,located,6.272917120285559,-102.28837292018923,51.63758639014906
B4_M02,B4_E,B4,M0,332,located,7.201505223513553,-102.83351281330468,50.735868585941944
B4_M02,B4_E,B4,M0,333,located,6.680906773852479,-103.03425454772116,49.989781181917856
B4_M02,B4_E,B4,M0,334,located,6.807209124553363,-102.51198586374441,51.860801162979065
B4_M02,B4_E,B4,M0,335,located,6.0396473813585185,-101.73475604703611,49.559998936229924
B4_M02,B4_E,B4,M0,336,located,7.036307855403254,-102.48163291395079,52.54973232275243
B4_M02,B4_E,B4,M0,337,located,6.824913454831444,-103.46395165083294,51.94464546760113
B4_M02,B4_E,B4,M0,338,located,6.615702245531015,-102.48885169353798,52.25092428648667
B4_M02,B4_E,B4,M0,339,located,5.581659360865702,-102.24355080807987,49.484535122749044
B4_M02,B4_E,B4,M0,340,located,6.2587835432079455,-102.26405387474836,53.14607191243142
B4_M02,B4_E,B4,M0,341,located,6.68023306439424,-102.83299676838172,51.05718415542268
B4_M02,B4_E,B4,M0,342,located,5.440430776633315,-102.2235636075028,50.76329847358597
B4_M02,B4_E,B4,M0,343,located,7.339939692109555,-102.06484564435254,51.191358311599956
B4_M02,B4_E,B4,M0,344,located,6.295174245947396,-102.11370349591152,51.594516995961484
B4_M02,B4_E,B4,M0,345,located,5.6414503801779965,-102.06112942869566,50.52694203162333
B4_M02,B4_E,B4,M0,346,located,6.785999654750058,-102.21958399310489,50.60895543377301
B4_M02,B4_E,B4,M0,347,located,6.973396727321177,-101.88906084057426,50.17447265855158
B4_M02,B4_E,B4,M0,348,located,5.988502319749891,-101.93813849934594,52.2652309280037
B4_M02,B4_E,B4,M0,349,located,6.422249361409157,-103.34849276426559,51.913024717098324
B4_M02,B4_E,B4,M0,350,located,6.091680313121699,-102.11866827916941,49.975860477623854
B4_M02,B4_E,B4,M0,351,located,6.2733499618041355,-102.18316680319867,52.97466929646921
B4_M02,B4_E,B4,M0,352,located,6.258112041906344,-102.10209056054578,50.54366681106791
B4_M02,B4_E,B4,M0,353,located,5.594006925114796,-102.0278949767519,52.866636195574884
B4_M02,B4_E,B4,M0,354,located,5.531398009503735,-101.35918638744312,51.072698432664865
B4_M02,B4_E,B4,M0,355,located,6.731937908424721,-102.6929050220884,49.65998181235431
B4_M02,B4_E,B4,M0,356,located,7.313318039371455,-102.50026239147579,51.15166309751473
B4_M02,B4_E,B4,M0,357,located,6.8369772573226255,-102.80895374303122,50.15773428165473
B4_M02,B4_E,B4,M0,358,located,6.292311782714504,-101.3300913936457,50.51411878168804
B4_M02,B4_E,B4,M0,359,located,6.387930750915703,-102.45803058810353,52.14037537002672
B4_M02,B4_E,B4,M0,360,located,6.431597388696414,-102.81680687010982,50.687786446251614
B4_M02,B4_E,B4,M0,361,located,5.41466077150697,-102.68136019936485,51.30776466545043
B4_M02,B4_E,B4,M0,362,located,6.936512856143338,-102.04692971618884,51.626618313454095
B4_M02,B4_E,B4,M0,363,located,6.193164510948766,-102.34669131134655,51.399829429714934
B4_M02,B4_E,B4,M0,364,located,7.028456133281727,-102.25593520773971,51.065106235066075
B4_M02,B4_E,B4,M0,365,located,6.595460354949232,-101.26703780016449,51.53390429317007
B4_M02,B4_E,B4,M0,366,located,6.281977582120563,-102.24724331480472,51.52377927038839
B4_M02,B4_E,B4,M0,367,located,6.88162644618268,-103.69915123406567,49.09697459444504
B4_M02,B4_E,B4,M0,368,located,6.5053008700712525,-103.0186738142628,51.61971242213242
B4_M02,B4_E,B4,M0,369,located,6.127855022720107,-101.9563379675779,52.5314596722265
B4_M02,B4_E,B4,M0,370,located,7.13156720996912,-102.7660961252619,50.91655978048704
B4_M02,B4_E,B4,M0,371,located,6.549710511165754,-101.95913203928795,49.34398079223016
B4_M02,B4_E,B4,M0,372,located,5.817252267366153,-101.84433498079234,50.239849966390416
B4_M02,B4_E,B4,M0,373,located,7.203658471310637,-103.4141235109362,52.6312034604167
B4_M02,B4_E,B4,M0,374,located,6.079525781880645,-100.98786938671947,51.54169599875041
B4_M02,B4_E,B4,M0,375,located,5.605276104173929,-101.3523997398016,50.826816174247604
B4_M02,B4_E,B4,M0,376,located,5.763033871616538,-102.52900851844198,51.99596038138439
B4_M02,B4_E,B4,M0,377,located,6.404642918970763,-101.96954345705775,52.56692732923541
B4_M02,B4_E,B4,M0,378,located,6.204463813839213,-102.02729295011588,51.676622224484426
B4_M02,B4_E,B4,M0,379,located,6.34935257708839,-102.27611671645741,52.690899938903165
B4_M02,B4_E,B4,M0,380,located,6.950360188562665,-102.15083025100441,52.160547026269036
B4_M02,B4_E,B4,M0,381,located,6.116390716532142,-102.21546550152202,51.15079606888776
B4_M02,B4_E,B4,M0,382,located,6.330773794154556,-102.88931996315884,52.7009207478191
B4_M02,B4_E,B4,M0,383,located,7.4203282731574625,-103.07267554042419,53.10237505620761
B4_M02,B4_E,B4,M0,384,located,7.291269227275842,-102.40128628287178,51.880376344614135
B4_M02,B4_E,B4,M0,385,located,6.800402606624734,-102.26024857058314,51.47272992269362
B4_M02,B4_E,B4,M0,386,located,6.46700684192566,-102.52017340480535,49.98879059283571
B4_M02,B4_E,B4,M0,387,located,6.839376247580101,-102.67477728794327,51.97468825136388
B4_M02,B4_E,B4,M0,388,located,6.973111709979273,-102.20446114517225,51.51505679263773
B4_M02,B4_E,B4,M0,389,located,6.169018375757474,-102.49081297551632,49.625677385204625
B4_M02,B4_E,B4,M0,390,located,5.845905133121256,-102.38991014258178,49.487271969905045
B4_M02,B4_E,B4,M0,391,located,6.533331349032,-102.24800275209248,52.33563889328439
B4_M02,B4_E,B4,M0,392,located,5.635104148087258,-101.68433729349772,49.69059816000589
B4_M02,B4_E,B4,M0,393,located,5.915499085741008,-102.09548700347321,50.493184824357954
B4_M02,B4_E,B4,M0,394,located,7.385431673836233,-102.42447084081991,50.93715668572114
B4_M02,B4_E,B4,M0,395,located,5.918800309097442,-102.07902430967681,52.206954521217504
B4_M02,B4_E,B4,M0,396,located,7.312783862516924,-101.97219869789048,50.34325809252143
B4_M02,B4_E,B4,M0,397,located,6.775105633717048,-102.50321611282502,51.131711649091194
B4_M02,B4_E,B4,M0,398,located,4.7910379079336884,-102.45184034813383,51.313743418508245
B4_M02,B4_E,B4,M0,399,located,5.746961288992084,-102.16880467326368,52.41374500853865
B4_M02,B4_E,B4,Consensus + Uncertainty,0,located,5.656264968587832,-103.08973358846124,50.532059855172804
B4_M02,B4_E,B4,Consensus + Uncertainty,1,located,7.609900560533852,-103.53592405262083,52.3292204791319
B4_M02,B4_E,B4,Consensus + Uncertainty,2,located,5.853218187492272,-101.64436092379643,52.6034425525725
B4_M02,B4_E,B4,Consensus + Uncertainty,3,located,6.206001801094616,-102.13171514605519,51.73790730372673
B4_M02,B4_E,B4,Consensus + Uncertainty,4,located,5.0887001892334744,-101.24312402506345,50.0263329173991
B4_M02,B4_E,B4,Consensus + Uncertainty,5,located,5.547417743272059,-102.43777049346141,54.16027531262411
B4_M02,B4_E,B4,Consensus + Uncertainty,6,located,7.028202962606969,-101.96931658798928,53.156221602923125
B4_M02,B4_E,B4,Consensus + Uncertainty,7,located,5.7343570800544486,-101.90782214465908,50.09662697314225
B4_M02,B4_E,B4,Consensus + Uncertainty,8,located,4.280669460208598,-101.47215659213289,50.476459941259655
B4_M02,B4_E,B4,Consensus + Uncertainty,9,located,7.078819610201858,-102.12626837729339,51.68291302960503
B4_M02,B4_E,B4,Consensus + Uncertainty,10,located,7.525080631615311,-102.72961533374384,50.91162744484029
B4_M02,B4_E,B4,Consensus + Uncertainty,11,located,4.832211242781621,-100.96891984125809,52.31203068597946
B4_M02,B4_E,B4,Consensus + Uncertainty,12,located,5.7453793360936745,-101.98523745317712,52.91033954055663
B4_M02,B4_E,B4,Consensus + Uncertainty,13,located,5.704915807926647,-102.12138672358273,51.65813114637725
B4_M02,B4_E,B4,Consensus + Uncertainty,14,located,6.75093625508861,-102.47777092718992,53.323185415262934
B4_M02,B4_E,B4,Consensus + Uncertainty,15,located,5.81399625513818,-102.82356893922046,49.64954932428081
B4_M02,B4_E,B4,Consensus + Uncertainty,16,located,6.769229210905672,-103.20673755136048,51.01575224227685
B4_M02,B4_E,B4,Consensus + Uncertainty,17,located,6.546327930119321,-102.22981761563625,51.21649918421205
B4_M02,B4_E,B4,Consensus + Uncertainty,18,located,6.313022587382641,-102.53747231781182,51.86866592752056
B4_M02,B4_E,B4,Consensus + Uncertainty,19,located,5.80945185823001,-101.73790717228087,53.86273327236105
B4_M02,B4_E,B4,Consensus + Uncertainty,20,located,6.176277725775998,-101.71060414476261,51.739798969198965
B4_M02,B4_E,B4,Consensus + Uncertainty,21,located,6.51015207205415,-102.46485495653323,50.70947969937648
B4_M02,B4_E,B4,Consensus + Uncertainty,22,located,8.24526425016402,-104.8732549358422,51.42644966493451
B4_M02,B4_E,B4,Consensus + Uncertainty,23,located,7.349423900718031,-102.90460345886956,51.913123065346014
B4_M02,B4_E,B4,Consensus + Uncertainty,24,located,5.828311216326509,-102.03385251294341,51.59056990369343
B4_M02,B4_E,B4,Consensus + Uncertainty,25,located,6.417776937684765,-101.97348129513819,51.84192789376039
B4_M02,B4_E,B4,Consensus + Uncertainty,26,located,6.778677809789132,-103.39322185698423,55.713160312500975
B4_M02,B4_E,B4,Consensus + Uncertainty,27,located,6.59176697867341,-101.63623576818588,52.471674073803285
B4_M02,B4_E,B4,Consensus + Uncertainty,28,located,4.585640671696758,-101.82489257210477,53.26463513386613
B4_M02,B4_E,B4,Consensus + Uncertainty,29,located,5.83300853164784,-102.30972449637983,49.54505103171867
B4_M02,B4_E,B4,Consensus + Uncertainty,30,located,6.05940394677638,-99.62321591844565,52.185670602174476
B4_M02,B4_E,B4,Consensus + Uncertainty,31,located,6.574748871883485,-101.72076342472168,50.99823462068437
B4_M02,B4_E,B4,Consensus + Uncertainty,32,located,5.45397859939238,-101.57416681045879,51.621715352095116
B4_M02,B4_E,B4,Consensus + Uncertainty,33,located,5.47987547860207,-100.84946625127452,50.43557968589878
B4_M02,B4_E,B4,Consensus + Uncertainty,34,located,5.6812386030430355,-103.1120153853742,52.489575007386456
B4_M02,B4_E,B4,Consensus + Uncertainty,35,located,7.077898421766943,-102.86778510720693,47.66173938165244
B4_M02,B4_E,B4,Consensus + Uncertainty,36,located,4.708503237056912,-102.03503523717194,51.41095192551426
B4_M02,B4_E,B4,Consensus + Uncertainty,37,located,5.892735145696482,-101.7612958662761,52.79914945576725
B4_M02,B4_E,B4,Consensus + Uncertainty,38,located,8.5513288748584,-102.6935243400853,48.00415117746779
B4_M02,B4_E,B4,Consensus + Uncertainty,39,located,8.037294809107083,-102.80153323405966,48.911274042532476
B4_M02,B4_E,B4,Consensus + Uncertainty,40,located,6.574010800459837,-101.79341104177588,48.75511956178398
B4_M02,B4_E,B4,Consensus + Uncertainty,41,located,5.654566958538106,-101.01495635800269,53.19751530726255
B4_M02,B4_E,B4,Consensus + Uncertainty,42,located,5.90451556177864,-102.5415949422937,51.8087122550776
B4_M02,B4_E,B4,Consensus + Uncertainty,43,located,5.131179245941558,-102.53134146918832,48.84321580386069
B4_M02,B4_E,B4,Consensus + Uncertainty,44,located,5.846815775192719,-102.16507023693859,50.275268522388714
B4_M02,B4_E,B4,Consensus + Uncertainty,45,located,6.620465433771309,-102.6895798629404,51.72591496914433
B4_M02,B4_E,B4,Consensus + Uncertainty,46,located,7.343101151012197,-103.85922549109104,49.838655522797886
B4_M02,B4_E,B4,Consensus + Uncertainty,47,located,7.093034234769974,-101.75910573144344,52.68956933123056
B4_M02,B4_E,B4,Consensus + Uncertainty,48,located,6.544922774524099,-103.91893904493696,50.269579856533134
B4_M02,B4_E,B4,Consensus + Uncertainty,49,located,7.402424250861722,-102.9209244594002,50.19929827422889
B4_M02,B4_E,B4,Consensus + Uncertainty,50,located,5.412595318533956,-101.75166106462495,50.67669677851753
B4_M02,B4_E,B4,Consensus + Uncertainty,51,located,6.022651846921458,-101.83826215383166,49.6092171609189
B4_M02,B4_E,B4,Consensus + Uncertainty,52,located,5.207607894318987,-102.94614492615295,49.935160636846746
B4_M02,B4_E,B4,Consensus + Uncertainty,53,located,5.966906413219008,-102.32807487972643,49.16872439051093
B4_M02,B4_E,B4,Consensus + Uncertainty,54,located,5.383485047679406,-101.45862112340869,53.70904734518055
B4_M02,B4_E,B4,Consensus + Uncertainty,55,located,5.678058659211539,-102.08652746497468,51.46177860071544
B4_M02,B4_E,B4,Consensus + Uncertainty,56,located,6.04950281111536,-100.93763460628026,50.21071705930145
B4_M02,B4_E,B4,Consensus + Uncertainty,57,located,5.786117228082304,-101.94434463114334,50.837251382392125
B4_M02,B4_E,B4,Consensus + Uncertainty,58,located,6.194354189570414,-102.21374980966554,48.44041079507613
B4_M02,B4_E,B4,Consensus + Uncertainty,59,located,5.255815171719327,-101.18887872515374,50.241092341636964
B4_M02,B4_E,B4,Consensus + Uncertainty,60,located,6.257978075434293,-102.08513829618853,48.0649400979286
B4_M02,B4_E,B4,Consensus + Uncertainty,61,located,6.968214623097935,-102.69941600264815,52.612547480827494
B4_M02,B4_E,B4,Consensus + Uncertainty,62,located,6.310272184414491,-102.2447380086804,48.891704231387216
B4_M02,B4_E,B4,Consensus + Uncertainty,63,located,5.793622965448313,-102.23642287470378,49.739111770074
B4_M02,B4_E,B4,Consensus + Uncertainty,64,located,5.826300048465916,-101.67172117373136,51.428840930240135
B4_M02,B4_E,B4,Consensus + Uncertainty,65,located,6.1507302088017255,-100.79921829016631,50.0542600302968
B4_M02,B4_E,B4,Consensus + Uncertainty,66,located,7.473390671230123,-104.42429710048066,54.04359210772806
B4_M02,B4_E,B4,Consensus + Uncertainty,67,located,6.126684964692444,-102.26620331092553,52.365310160990546
B4_M02,B4_E,B4,Consensus + Uncertainty,68,located,7.4446783083717,-101.32140261458007,50.37988545023479
B4_M02,B4_E,B4,Consensus + Uncertainty,69,located,5.837930619440475,-102.1477717740868,50.1316537706244
B4_M02,B4_E,B4,Consensus + Uncertainty,70,located,7.178745271536311,-101.79444922934466,51.112675058926115
B4_M02,B4_E,B4,Consensus + Uncertainty,71,located,7.4724006391067554,-101.78138122029259,52.14790830645917
B4_M02,B4_E,B4,Consensus + Uncertainty,72,located,5.148726800451486,-101.91681942327446,52.49125507289394
B4_M02,B4_E,B4,Consensus + Uncertainty,73,located,7.622283313897646,-102.3809415783177,51.17996410597402
B4_M02,B4_E,B4,Consensus + Uncertainty,74,located,5.589283869929987,-101.28732660207382,49.424810958559675
B4_M02,B4_E,B4,Consensus + Uncertainty,75,located,4.483347343094888,-101.53743256851519,50.77379560412789
B4_M02,B4_E,B4,Consensus + Uncertainty,76,located,5.218955319667922,-101.85536137177124,48.270773905045125
B4_M02,B4_E,B4,Consensus + Uncertainty,77,located,6.4857853132260965,-101.32882779863682,52.472042339544934
B4_M02,B4_E,B4,Consensus + Uncertainty,78,located,6.996124926994113,-102.81850843587061,49.68082278170935
B4_M02,B4_E,B4,Consensus + Uncertainty,79,located,7.099392869930901,-103.69768646843588,48.5406964044724
B4_M02,B4_E,B4,Consensus + Uncertainty,80,located,5.62196485391284,-102.33417790130108,49.950786752354475
B4_M02,B4_E,B4,Consensus + Uncertainty,81,located,5.3236883795256835,-101.71780339618164,50.814455538110956
B4_M02,B4_E,B4,Consensus + Uncertainty,82,located,4.908540092692476,-99.96454388488745,50.36060555855828
B4_M02,B4_E,B4,Consensus + Uncertainty,83,located,6.314764930835543,-101.61397354551714,53.258039321693104
B4_M02,B4_E,B4,Consensus + Uncertainty,84,located,5.1250580687580864,-101.14426574211032,51.83495950760151
B4_M02,B4_E,B4,Consensus + Uncertainty,85,located,5.94277226192376,-101.58075241572658,50.38608413808011
B4_M02,B4_E,B4,Consensus + Uncertainty,86,located,6.968934590044856,-102.28437437722653,52.24464866399415
B4_M02,B4_E,B4,Consensus + Uncertainty,87,located,5.51805167062956,-102.33019390438076,52.35631280141882
B4_M02,B4_E,B4,Consensus + Uncertainty,88,located,6.787576478285093,-103.01586044646831,49.905855587419154
B4_M02,B4_E,B4,Consensus + Uncertainty,89,located,6.044784792230937,-102.96124765431082,49.823936799192644
B4_M02,B4_E,B4,Consensus + Uncertainty,90,located,5.191258630067744,-101.44403975933292,48.996464981106385
B4_M02,B4_E,B4,Consensus + Uncertainty,91,located,6.9528558369012154,-102.60344029481992,49.56265443701921
B4_M02,B4_E,B4,Consensus + Uncertainty,92,located,5.050948480720874,-101.94249544390121,50.39022103812906
B4_M02,B4_E,B4,Consensus + Uncertainty,93,located,6.994212201373849,-102.05625469173114,48.75955843536178
B4_M02,B4_E,B4,Consensus + Uncertainty,94,located,7.53985407809227,-102.41504806378644,49.8094290142209
B4_M02,B4_E,B4,Consensus + Uncertainty,95,located,6.196426231650071,-103.6573857261442,53.06822659144462
B4_M02,B4_E,B4,Consensus + Uncertainty,96,located,6.836519095691688,-102.86425258298894,49.81654381871718
B4_M02,B4_E,B4,Consensus + Uncertainty,97,located,5.943763006358397,-101.3006548955182,52.28324996781158
B4_M02,B4_E,B4,Consensus + Uncertainty,98,located,5.812236166589129,-102.65046298597059,52.57061546130003
B4_M02,B4_E,B4,Consensus + Uncertainty,99,located,6.2517073234083504,-102.5139074172437,51.12478263387016
B4_M02,B4_E,B4,Consensus + Uncertainty,100,located,5.67956038111399,-103.02825619522761,50.67009519992062
B4_M02,B4_E,B4,Consensus + Uncertainty,101,located,4.802045779051154,-101.72310580260982,49.85609817730888
B4_M02,B4_E,B4,Consensus + Uncertainty,102,located,7.8317843420243145,-101.31796461224312,51.890990047258356
B4_M02,B4_E,B4,Consensus + Uncertainty,103,located,6.216878915809391,-102.08504450836267,49.375564422585725
B4_M02,B4_E,B4,Consensus + Uncertainty,104,located,5.9939057198568735,-102.8709024620409,52.86642124385526
B4_M02,B4_E,B4,Consensus + Uncertainty,105,located,6.186237263867809,-101.36425279170662,50.50504590968549
B4_M02,B4_E,B4,Consensus + Uncertainty,106,located,5.531027199044462,-103.1272469881848,50.393316909166145
B4_M02,B4_E,B4,Consensus + Uncertainty,107,located,6.778875718544008,-102.29494829915511,51.856914720210064
B4_M02,B4_E,B4,Consensus + Uncertainty,108,located,5.966554634925689,-102.72433199760039,49.70041349609299
B4_M02,B4_E,B4,Consensus + Uncertainty,109,located,8.752735067924448,-104.48464360787554,52.38888041839198
B4_M02,B4_E,B4,Consensus + Uncertainty,110,located,6.066408105396049,-103.07077315802664,49.78528818449095
B4_M02,B4_E,B4,Consensus + Uncertainty,111,located,5.9595064622278295,-102.0133390049395,50.20709139739856
B4_M02,B4_E,B4,Consensus + Uncertainty,112,located,5.983447606442584,-101.88990931340926,48.55195956179692
B4_M02,B4_E,B4,Consensus + Uncertainty,113,located,7.933654024795002,-102.7727926067604,51.42161491457415
B4_M02,B4_E,B4,Consensus + Uncertainty,114,located,7.386654557232428,-103.0169309229026,49.57481677586328
B4_M02,B4_E,B4,Consensus + Uncertainty,115,located,6.039433366438174,-102.02901281487905,47.86921987099075
B4_M02,B4_E,B4,Consensus + Uncertainty,116,located,6.008240236464361,-101.46212752087581,53.311681814120966
B4_M02,B4_E,B4,Consensus + Uncertainty,117,located,6.39180069113801,-102.77708707906135,51.309735113824765
B4_M02,B4_E,B4,Consensus + Uncertainty,118,located,6.231716800521409,-101.69179817329899,53.73994112156311
B4_M02,B4_E,B4,Consensus + Uncertainty,119,located,5.886695732820867,-102.84918349912336,51.62846353065184
B4_M02,B4_E,B4,Consensus + Uncertainty,120,located,4.911785005962587,-101.72713498941033,49.94872015196144
B4_M02,B4_E,B4,Consensus + Uncertainty,121,located,6.965238626355817,-101.38159655422888,51.53796997454857
B4_M02,B4_E,B4,Consensus + Uncertainty,122,located,5.995331271028946,-102.39156149857382,50.82708172045759
B4_M02,B4_E,B4,Consensus + Uncertainty,123,located,5.137759618147401,-102.10250245467071,50.700479305391596
B4_M02,B4_E,B4,Consensus + Uncertainty,124,located,6.598566561360136,-101.90106251273583,50.96770828295105
B4_M02,B4_E,B4,Consensus + Uncertainty,125,located,5.6923725452859895,-101.71658767126986,51.38690555684904
B4_M02,B4_E,B4,Consensus + Uncertainty,126,located,6.316986772162263,-101.50863073945203,51.69159845957477
B4_M02,B4_E,B4,Consensus + Uncertainty,127,located,7.525728853814676,-103.54262881622498,52.56919743284901
B4_M02,B4_E,B4,Consensus + Uncertainty,128,located,7.4854877509241815,-103.05521249462086,49.400690415201986
B4_M02,B4_E,B4,Consensus + Uncertainty,129,located,6.771964480137438,-102.770856734174,51.66320567453061
B4_M02,B4_E,B4,Consensus + Uncertainty,130,located,7.051295632982474,-101.32274901788135,52.520331581769334
B4_M02,B4_E,B4,Consensus + Uncertainty,131,located,6.274001299215406,-102.87784068985721,51.360321174333
B4_M02,B4_E,B4,Consensus + Uncertainty,132,located,7.219898531139327,-103.98833578855442,49.14061182703224
B4_M02,B4_E,B4,Consensus + Uncertainty,133,located,6.728123184952791,-102.96803663818383,52.22649854172375
B4_M02,B4_E,B4,Consensus + Uncertainty,134,located,6.7549039394190205,-102.52141502890777,52.53630589159201
B4_M02,B4_E,B4,Consensus + Uncertainty,135,located,7.215798602421991,-103.70773788575698,51.10284486893895
B4_M02,B4_E,B4,Consensus + Uncertainty,136,located,7.241191067417116,-102.90352180936131,50.106962386746694
B4_M02,B4_E,B4,Consensus + Uncertainty,137,located,6.979605518850745,-102.62974580706205,49.64747622158314
B4_M02,B4_E,B4,Consensus + Uncertainty,138,located,6.893050383745895,-102.02893483828748,49.367821343981085
B4_M02,B4_E,B4,Consensus + Uncertainty,139,located,6.085076312579251,-102.39050675714469,49.06010030846724
B4_M02,B4_E,B4,Consensus + Uncertainty,140,located,5.105426713810119,-102.20425289838951,51.52770879301049
B4_M02,B4_E,B4,Consensus + Uncertainty,141,located,6.163421594176019,-101.91855977375577,50.271020986925116
B4_M02,B4_E,B4,Consensus + Uncertainty,142,located,6.5326774145113555,-102.31766158352467,50.91093449406772
B4_M02,B4_E,B4,Consensus + Uncertainty,143,located,7.17750225874943,-101.35684431229546,50.14506506881972
B4_M02,B4_E,B4,Consensus + Uncertainty,144,located,6.570672922293893,-103.5286160057718,53.20417149044035
B4_M02,B4_E,B4,Consensus + Uncertainty,145,located,5.506087318823497,-102.83587291035269,51.09867211639761
B4_M02,B4_E,B4,Consensus + Uncertainty,146,located,7.889954805408763,-102.45805365897964,51.70484362958272
B4_M02,B4_E,B4,Consensus + Uncertainty,147,located,5.950678215612072,-101.92689318019394,52.65297339856392
B4_M02,B4_E,B4,Consensus + Uncertainty,148,located,5.48268594282867,-101.29298540643417,50.05198231555377
B4_M02,B4_E,B4,Consensus + Uncertainty,149,located,6.396078324099131,-102.06135512360855,50.17613275345185
B4_M02,B4_E,B4,Consensus + Uncertainty,150,located,6.19409891719342,-102.53095294015047,52.06716723262079
B4_M02,B4_E,B4,Consensus + Uncertainty,151,located,6.658413064981258,-102.80422590943698,49.084330806454126
B4_M02,B4_E,B4,Consensus + Uncertainty,152,located,6.057452914752304,-103.18300796304212,53.16464783113132
B4_M02,B4_E,B4,Consensus + Uncertainty,153,located,5.9390767578864,-102.02447645582656,51.281753402076816
B4_M02,B4_E,B4,Consensus + Uncertainty,154,located,5.182549511608342,-101.75110288205275,50.252535533584236
B4_M02,B4_E,B4,Consensus + Uncertainty,155,located,6.167533945096907,-101.45602265695493,49.155360858463915
B4_M02,B4_E,B4,Consensus + Uncertainty,156,located,7.140739947187454,-102.01469432219345,51.20318464466622
B4_M02,B4_E,B4,Consensus + Uncertainty,157,located,9.53065747837764,-103.4069301809394,48.739315518426785
B4_M02,B4_E,B4,Consensus + Uncertainty,158,located,6.763431370338984,-103.30221447962285,51.56423735731132
B4_M02,B4_E,B4,Consensus + Uncertainty,159,located,5.612041400439172,-102.37032805095586,50.45737483024498
B4_M02,B4_E,B4,Consensus + Uncertainty,160,located,6.8019130849252285,-102.12151210522732,48.62006878994279
B4_M02,B4_E,B4,Consensus + Uncertainty,161,located,6.692022033916387,-102.53318278813346,49.2271624930753
B4_M02,B4_E,B4,Consensus + Uncertainty,162,located,4.697422664660315,-100.59676118210824,52.68736437309727
B4_M02,B4_E,B4,Consensus + Uncertainty,163,located,6.939079570668917,-102.73957289707823,50.77795704268114
B4_M02,B4_E,B4,Consensus + Uncertainty,164,located,6.275083987501836,-103.18820685462748,50.83071755098146
B4_M02,B4_E,B4,Consensus + Uncertainty,165,located,6.331684698991283,-101.7379434525676,50.120982158527234
B4_M02,B4_E,B4,Consensus + Uncertainty,166,located,5.698097034952108,-103.25513389657533,51.69986976864427
B4_M02,B4_E,B4,Consensus + Uncertainty,167,located,5.404244777990125,-102.83744844474417,50.024873753100835
B4_M02,B4_E,B4,Consensus + Uncertainty,168,located,6.751072475991201,-103.53609580727849,51.228504526407065
B4_M02,B4_E,B4,Consensus + Uncertainty,169,located,7.164874368375893,-101.78777839092396,51.673762677439086
B4_M02,B4_E,B4,Consensus + Uncertainty,170,located,6.055336814558879,-103.17423474737872,51.69590762562092
B4_M02,B4_E,B4,Consensus + Uncertainty,171,located,6.738099757177721,-101.68558264254364,50.22309420692661
B4_M02,B4_E,B4,Consensus + Uncertainty,172,located,6.38722364739994,-102.74250533270198,51.34210960447898
B4_M02,B4_E,B4,Consensus + Uncertainty,173,located,6.573469492735628,-103.54666700671785,47.823998815151654
B4_M02,B4_E,B4,Consensus + Uncertainty,174,located,7.498753566584919,-103.23656486344765,51.46400095633263
B4_M02,B4_E,B4,Consensus + Uncertainty,175,located,5.777863847647328,-102.56368289905055,52.303320224704
B4_M02,B4_E,B4,Consensus + Uncertainty,176,located,6.645709976224665,-102.61857610467888,51.030702422812624
B4_M02,B4_E,B4,Consensus + Uncertainty,177,located,7.799608762722182,-101.7598211020571,51.02593577609713
B4_M02,B4_E,B4,Consensus + Uncertainty,178,located,6.9066754651665425,-101.78845681339963,51.80668145827171
B4_M02,B4_E,B4,Consensus + Uncertainty,179,located,5.714274078991689,-101.4560016470594,51.27113152064481
B4_M02,B4_E,B4,Consensus + Uncertainty,180,located,6.004632778052746,-102.27665315475521,49.48206760769713
B4_M02,B4_E,B4,Consensus + Uncertainty,181,located,6.165227621887608,-101.60825496158537,51.59034869802394
B4_M02,B4_E,B4,Consensus + Uncertainty,182,located,6.156784566150403,-101.72545127419848,49.986687169656236
B4_M02,B4_E,B4,Consensus + Uncertainty,183,located,6.854917467864224,-102.82415045059454,49.83486731157848
B4_M02,B4_E,B4,Consensus + Uncertainty,184,located,4.552009038305112,-101.63851724529266,51.30102765421163
B4_M02,B4_E,B4,Consensus + Uncertainty,185,located,5.898547099034987,-102.44232556119215,51.22357193711052
B4_M02,B4_E,B4,Consensus + Uncertainty,186,located,6.725499946130606,-102.23684555391299,49.61971995478334
B4_M02,B4_E,B4,Consensus + Uncertainty,187,located,6.338936437869186,-103.25403462517912,48.31841453369079
B4_M02,B4_E,B4,Consensus + Uncertainty,188,located,5.790084091814537,-101.86297010763812,51.4038607317991
B4_M02,B4_E,B4,Consensus + Uncertainty,189,located,6.422574887468535,-101.53958800418349,52.05294778192283
B4_M02,B4_E,B4,Consensus + Uncertainty,190,located,6.646699639575999,-102.83456247892983,49.54181043601329
B4_M02,B4_E,B4,Consensus + Uncertainty,191,located,6.741768969430418,-103.22512509735355,50.9717626845501
B4_M02,B4_E,B4,Consensus + Uncertainty,192,located,6.923685622742652,-102.83382544259372,52.77355155648649
B4_M02,B4_E,B4,Consensus + Uncertainty,193,located,6.182166646606336,-102.17500453744344,51.51404319615393
B4_M02,B4_E,B4,Consensus + Uncertainty,194,located,6.760153693456366,-101.87813655392776,48.74958479727136
B4_M02,B4_E,B4,Consensus + Uncertainty,195,located,5.704739757762253,-103.37943856201974,51.442599597462014
B4_M02,B4_E,B4,Consensus + Uncertainty,196,located,7.010441710480201,-102.73926839921569,51.71888379704849
B4_M02,B4_E,B4,Consensus + Uncertainty,197,located,7.266853674419493,-101.96637287968292,53.575368432214546
B4_M02,B4_E,B4,Consensus + Uncertainty,198,located,5.890962906437468,-102.56141466100473,51.10909243407247
B4_M02,B4_E,B4,Consensus + Uncertainty,199,located,6.797508000546648,-102.77890829015644,51.03901745807463
B4_M02,B4_E,B4,Consensus + Uncertainty,200,located,5.798547340083649,-101.26563872386697,51.81579611500595
B4_M02,B4_E,B4,Consensus + Uncertainty,201,located,4.859477138297385,-101.87959596003715,51.22939185414937
B4_M02,B4_E,B4,Consensus + Uncertainty,202,located,5.398193002227615,-102.67223525947051,49.705770354257574
B4_M02,B4_E,B4,Consensus + Uncertainty,203,located,4.577726291206876,-102.7682623897357,49.85136301260739
B4_M02,B4_E,B4,Consensus + Uncertainty,204,located,4.958172240281886,-102.30745973034828,52.118728771841305
B4_M02,B4_E,B4,Consensus + Uncertainty,205,located,6.172005115852564,-101.868187795527,50.66466155349381
B4_M02,B4_E,B4,Consensus + Uncertainty,206,located,7.367707613483974,-102.74957649559289,50.7989193758283
B4_M02,B4_E,B4,Consensus + Uncertainty,207,located,6.4137033557323875,-101.88384443501744,49.44798331421483
B4_M02,B4_E,B4,Consensus + Uncertainty,208,located,5.6116684742159535,-101.3657042935622,49.27199374562146
B4_M02,B4_E,B4,Consensus + Uncertainty,209,located,5.078169117870711,-101.82092260288448,51.68439826822468
B4_M02,B4_E,B4,Consensus + Uncertainty,210,located,5.425576934437273,-101.88587461546504,51.831964045303245
B4_M02,B4_E,B4,Consensus + Uncertainty,211,located,6.218553346367095,-102.83583319475639,51.83802510535492
B4_M02,B4_E,B4,Consensus + Uncertainty,212,located,7.030727374360478,-100.98851435230677,51.735656641714954
B4_M02,B4_E,B4,Consensus + Uncertainty,213,located,6.017666542226461,-102.48475101916308,51.89093279206117
B4_M02,B4_E,B4,Consensus + Uncertainty,214,located,7.594011639181212,-103.01210274262914,48.30842665562519
B4_M02,B4_E,B4,Consensus + Uncertainty,215,located,6.067879345727591,-103.14029725636203,50.84972499622911
B4_M02,B4_E,B4,Consensus + Uncertainty,216,located,7.113635534011746,-102.0850640137208,50.41364960684645
B4_M02,B4_E,B4,Consensus + Uncertainty,217,located,6.681370647629336,-102.17385620318981,54.655758123957895
B4_M02,B4_E,B4,Consensus + Uncertainty,218,located,5.130335777371191,-101.99235081554062,53.43850669190069
B4_M02,B4_E,B4,Consensus + Uncertainty,219,located,6.322516429424921,-101.6510332259572,50.538801657147964
B4_M02,B4_E,B4,Consensus + Uncertainty,220,located,6.6321016671722255,-103.36543747095537,48.60401252417152
B4_M02,B4_E,B4,Consensus + Uncertainty,221,located,6.522565383785629,-101.38349869460637,50.00808417974254
B4_M02,B4_E,B4,Consensus + Uncertainty,222,located,5.529206592396509,-101.96050735688588,51.2322762130654
B4_M02,B4_E,B4,Consensus + Uncertainty,223,located,6.082983843413805,-102.6304750542443,51.327059853771935
B4_M02,B4_E,B4,Consensus + Uncertainty,224,located,5.3539579696946795,-103.10870354106218,49.75950680993556
B4_M02,B4_E,B4,Consensus + Uncertainty,225,located,5.9666287935079945,-102.38768671774625,50.069380570492136
B4_M02,B4_E,B4,Consensus + Uncertainty,226,located,6.9317995723159544,-102.20447154927295,50.14277364980225
B4_M02,B4_E,B4,Consensus + Uncertainty,227,located,4.95737971503728,-102.26028733927589,51.662659948469354
B4_M02,B4_E,B4,Consensus + Uncertainty,228,located,5.1829028896599025,-101.2376896827158,50.869181498252146
B4_M02,B4_E,B4,Consensus + Uncertainty,229,located,7.073304059146176,-102.44710525028923,50.01168385568154
B4_M02,B4_E,B4,Consensus + Uncertainty,230,located,6.113837984332174,-102.86625636513288,49.93427774986047
B4_M02,B4_E,B4,Consensus + Uncertainty,231,located,5.245187278238683,-101.68844304684387,53.57555369538564
B4_M02,B4_E,B4,Consensus + Uncertainty,232,located,7.130373851408238,-102.22946011531309,51.30876212330874
B4_M02,B4_E,B4,Consensus + Uncertainty,233,located,8.05641636563669,-103.6980819961909,49.45924947075148
B4_M02,B4_E,B4,Consensus + Uncertainty,234,located,6.781540820787298,-103.31519742588999,48.8915792470387
B4_M02,B4_E,B4,Consensus + Uncertainty,235,located,5.569671350005141,-101.93254543956147,49.14327030751528
B4_M02,B4_E,B4,Consensus + Uncertainty,236,located,5.534780277487935,-102.51610342412081,49.314262355279894
B4_M02,B4_E,B4,Consensus + Uncertainty,237,located,6.771813945001251,-101.99535188395471,50.78532073536252
B4_M02,B4_E,B4,Consensus + Uncertainty,238,located,4.50374297876179,-102.34286632663864,52.67835386339097
B4_M02,B4_E,B4,Consensus + Uncertainty,239,located,6.840098289269419,-101.77416586025457,50.04290932771665
B4_M02,B4_E,B4,Consensus + Uncertainty,240,located,6.863748687096999,-102.95523643445082,50.00350568557307
B4_M02,B4_E,B4,Consensus + Uncertainty,241,located,6.267484958453403,-102.44753652382067,52.54543226518767
B4_M02,B4_E,B4,Consensus + Uncertainty,242,located,5.668371250754812,-102.3239398803064,49.621680795241495
B4_M02,B4_E,B4,Consensus + Uncertainty,243,located,6.851587465476496,-102.56670725325861,49.60338136760404
B4_M02,B4_E,B4,Consensus + Uncertainty,244,located,7.284166407810558,-104.1340054179153,50.012600868896776
B4_M02,B4_E,B4,Consensus + Uncertainty,245,located,6.336135234383157,-101.13676903217828,52.717585422865355
B4_M02,B4_E,B4,Consensus + Uncertainty,246,located,4.5625035633039115,-102.86786718348546,49.36542062421847
B4_M02,B4_E,B4,Consensus + Uncertainty,247,located,6.063830987790505,-102.59182372301521,50.67352206723143
B4_M02,B4_E,B4,Consensus + Uncertainty,248,located,6.1533942911086195,-102.23610083246717,49.389717970806615
B4_M02,B4_E,B4,Consensus + Uncertainty,249,located,7.063158132050989,-103.73507787422098,49.87197972734681
B4_M02,B4_E,B4,Consensus + Uncertainty,250,located,4.250957447247046,-101.78093415888208,49.51066093610117
B4_M02,B4_E,B4,Consensus + Uncertainty,251,located,6.89646191930324,-103.72794172319871,51.521338207434965
B4_M02,B4_E,B4,Consensus + Uncertainty,252,located,6.53612675479667,-102.14010462013898,51.22945053948874
B4_M02,B4_E,B4,Consensus + Uncertainty,253,located,6.9696439989473,-102.35614306352296,51.88654869740222
B4_M02,B4_E,B4,Consensus + Uncertainty,254,located,5.606995103775612,-101.60465023278212,51.13909378946648
B4_M02,B4_E,B4,Consensus + Uncertainty,255,located,6.973604048861848,-103.07504414920801,53.13578648914059
B4_M02,B4_E,B4,Consensus + Uncertainty,256,located,6.873689964831657,-102.9121004858743,51.29113793935375
B4_M02,B4_E,B4,Consensus + Uncertainty,257,located,5.55583377757711,-101.76118742705182,52.72897905406327
B4_M02,B4_E,B4,Consensus + Uncertainty,258,located,5.822156128473524,-102.67361618817321,51.01801960678052
B4_M02,B4_E,B4,Consensus + Uncertainty,259,located,6.639745282106058,-102.05934444360855,52.11557511944212
B4_M02,B4_E,B4,Consensus + Uncertainty,260,located,4.515348995019892,-100.52125274406862,51.73256952320323
B4_M02,B4_E,B4,Consensus + Uncertainty,261,located,5.81491799873086,-101.87792850328601,50.636761341833655
B4_M02,B4_E,B4,Consensus + Uncertainty,262,located,7.139874750347029,-102.75625602498846,49.03054436274511
B4_M02,B4_E,B4,Consensus + Uncertainty,263,located,6.811437005090905,-101.63401950157132,51.64039165532004
B4_M02,B4_E,B4,Consensus + Uncertainty,264,located,5.774550618309859,-102.74045817070126,49.88798900044416
B4_M02,B4_E,B4,Consensus + Uncertainty,265,located,5.041775921334512,-100.61300713989468,50.315175269674235
B4_M02,B4_E,B4,Consensus + Uncertainty,266,located,7.293565186871506,-102.4899673951247,51.61178414901928
B4_M02,B4_E,B4,Consensus + Uncertainty,267,located,7.5633714952819275,-103.56005471685324,51.47236159124417
B4_M02,B4_E,B4,Consensus + Uncertainty,268,located,6.259928099781648,-101.64978002966377,51.78179265539899
B4_M02,B4_E,B4,Consensus + Uncertainty,269,located,7.133298905972602,-101.65818075290005,51.14069357122624
B4_M02,B4_E,B4,Consensus + Uncertainty,270,located,8.035334418369125,-103.48179040922662,51.18708646878939
B4_M02,B4_E,B4,Consensus + Uncertainty,271,located,6.036202282542319,-102.22625397326763,52.45119480715563
B4_M02,B4_E,B4,Consensus + Uncertainty,272,located,5.8829580667003905,-102.67592449732365,50.07128414344779
B4_M02,B4_E,B4,Consensus + Uncertainty,273,located,7.071317276540705,-102.18899736343901,49.80476843018208
B4_M02,B4_E,B4,Consensus + Uncertainty,274,located,5.202670795266931,-101.14547750295904,51.643454264516855
B4_M02,B4_E,B4,Consensus + Uncertainty,275,located,6.717838602890778,-102.46213888051068,52.273471996977
B4_M02,B4_E,B4,Consensus + Uncertainty,276,located,5.5100829763371655,-102.3374943046507,49.33792573220837
B4_M02,B4_E,B4,Consensus + Uncertainty,277,located,5.641131005135528,-102.67440840593449,51.94872094425739
B4_M02,B4_E,B4,Consensus + Uncertainty,278,located,5.6387213173407185,-102.23681965970515,51.50935964715791
B4_M02,B4_E,B4,Consensus + Uncertainty,279,located,6.426745219163378,-103.02620207085725,49.80349367699471
B4_M02,B4_E,B4,Consensus + Uncertainty,280,located,6.430149803923043,-103.53630250973708,49.69116523293564
B4_M02,B4_E,B4,Consensus + Uncertainty,281,located,6.0908846918933,-102.76277278808567,55.31107868911158
B4_M02,B4_E,B4,Consensus + Uncertainty,282,located,6.186210668106057,-102.74140192805203,52.00899599347827
B4_M02,B4_E,B4,Consensus + Uncertainty,283,located,5.510508396919683,-101.46761234112762,51.7496233250824
B4_M02,B4_E,B4,Consensus + Uncertainty,284,located,7.117546349710171,-103.39986148971076,50.02065329108569
B4_M02,B4_E,B4,Consensus + Uncertainty,285,located,5.349869507229814,-101.41225241760823,51.14925131003554
B4_M02,B4_E,B4,Consensus + Uncertainty,286,located,7.258451843906544,-101.92750453134518,50.78323124251448
B4_M02,B4_E,B4,Consensus + Uncertainty,287,located,6.643239438318972,-102.88389445877806,49.48569938462902
B4_M02,B4_E,B4,Consensus + Uncertainty,288,located,7.426759191190785,-102.61222889350292,47.713802759060734
B4_M02,B4_E,B4,Consensus + Uncertainty,289,located,4.885053536573046,-99.993852122396,51.64323216044114
B4_M02,B4_E,B4,Consensus + Uncertainty,290,located,5.923985901838269,-101.43520409069188,51.44725346260579
B4_M02,B4_E,B4,Consensus + Uncertainty,291,located,7.078096888969796,-101.58439395532862,52.05936772904134
B4_M02,B4_E,B4,Consensus + Uncertainty,292,located,5.258412731154577,-102.84985628616423,49.772849565336436
B4_M02,B4_E,B4,Consensus + Uncertainty,293,located,5.891616874293294,-102.76621246391612,54.392809272028195
B4_M02,B4_E,B4,Consensus + Uncertainty,294,located,6.084860281372988,-100.82194372072377,51.099109286435095
B4_M02,B4_E,B4,Consensus + Uncertainty,295,located,6.1926703031171035,-103.72839118820167,49.81852385887945
B4_M02,B4_E,B4,Consensus + Uncertainty,296,located,7.216243610318175,-102.17840158153282,51.7124306096567
B4_M02,B4_E,B4,Consensus + Uncertainty,297,located,6.153074974049941,-102.43078840879605,49.79144496756845
B4_M02,B4_E,B4,Consensus + Uncertainty,298,located,7.368606933706948,-103.83394541540945,50.49616474844369
B4_M02,B4_E,B4,Consensus + Uncertainty,299,located,5.796370740754339,-102.6218755110824,51.05901548736266
B4_M02,B4_E,B4,Consensus + Uncertainty,300,located,6.030278200575292,-102.55765988494645,48.86202744795262
B4_M02,B4_E,B4,Consensus + Uncertainty,301,located,7.283947005952154,-101.99814580081554,51.49327006015096
B4_M02,B4_E,B4,Consensus + Uncertainty,302,located,7.601573099677027,-103.3594692596869,52.40057886760664
B4_M02,B4_E,B4,Consensus + Uncertainty,303,located,5.380385767790328,-102.39147806083133,52.5535494380317
B4_M02,B4_E,B4,Consensus + Uncertainty,304,located,6.015450654700851,-102.8057676234045,48.71361127923653
B4_M02,B4_E,B4,Consensus + Uncertainty,305,located,4.539517371364007,-101.97402232310685,50.52620737592881
B4_M02,B4_E,B4,Consensus + Uncertainty,306,located,7.345367675278877,-104.04857709323451,51.45801457321616
B4_M02,B4_E,B4,Consensus + Uncertainty,307,located,5.77080121709514,-102.5207594535421,51.74177166150178
B4_M02,B4_E,B4,Consensus + Uncertainty,308,located,6.398657408380724,-101.90226547289674,51.81892786544031
B4_M02,B4_E,B4,Consensus + Uncertainty,309,located,5.0448308529911365,-101.15091364331775,49.931739855161176
B4_M02,B4_E,B4,Consensus + Uncertainty,310,located,5.774343461698666,-102.17260259819942,53.57842946845872
B4_M02,B4_E,B4,Consensus + Uncertainty,311,located,7.1575626509403785,-102.44552939235443,50.7093444874007
B4_M02,B4_E,B4,Consensus + Uncertainty,312,located,5.197605363207348,-101.55834035737452,49.96216649959751
B4_M02,B4_E,B4,Consensus + Uncertainty,313,located,7.123714767885151,-102.56871178947458,49.43774406525734
B4_M02,B4_E,B4,Consensus + Uncertainty,314,located,5.3798787826740755,-101.8558800138937,48.04110759806876
B4_M02,B4_E,B4,Consensus + Uncertainty,315,located,5.371512101866732,-101.4915745531017,49.63058750229737
B4_M02,B4_E,B4,Consensus + Uncertainty,316,located,4.22652784512793,-100.94802231501252,51.0525343684046
B4_M02,B4_E,B4,Consensus + Uncertainty,317,located,6.744157048014309,-103.16252604711747,52.8720650912156
B4_M02,B4_E,B4,Consensus + Uncertainty,318,located,6.292877638196423,-101.74088583657874,51.38502520908308
B4_M02,B4_E,B4,Consensus + Uncertainty,319,located,6.699486274608521,-101.66732181924301,52.06692178712587
B4_M02,B4_E,B4,Consensus + Uncertainty,320,located,5.295366355902835,-102.21908789464457,52.40459385479137
B4_M02,B4_E,B4,Consensus + Uncertainty,321,located,6.414863642680729,-101.71040636491074,52.11741251869383
B4_M02,B4_E,B4,Consensus + Uncertainty,322,located,6.819363496637869,-103.32482093437847,49.3917185468502
B4_M02,B4_E,B4,Consensus + Uncertainty,323,located,7.150181844004585,-101.59323173800865,50.66375231538197
B4_M02,B4_E,B4,Consensus + Uncertainty,324,located,6.679043657936451,-102.97703688997606,48.83490436805335
B4_M02,B4_E,B4,Consensus + Uncertainty,325,located,6.404561989829819,-101.78425458997316,51.21992856112818
B4_M02,B4_E,B4,Consensus + Uncertainty,326,located,6.0706023746635855,-102.9360100566035,52.278106532536285
B4_M02,B4_E,B4,Consensus + Uncertainty,327,located,6.489922628285537,-102.79205994701245,51.869601004866524
B4_M02,B4_E,B4,Consensus + Uncertainty,328,located,4.961078661373865,-102.1118082075268,49.09678830185068
B4_M02,B4_E,B4,Consensus + Uncertainty,329,located,6.015921906873262,-101.98691976469371,52.03171455625432
B4_M02,B4_E,B4,Consensus + Uncertainty,330,located,6.835742766688642,-102.22501402103413,51.64175195416307
B4_M02,B4_E,B4,Consensus + Uncertainty,331,located,7.506140749177537,-102.96173775555098,49.04727720138723
B4_M02,B4_E,B4,Consensus + Uncertainty,332,located,6.308954429851447,-101.82030134681395,51.78732266788682
B4_M02,B4_E,B4,Consensus + Uncertainty,333,located,5.8258373530496375,-103.6849807014805,50.629022933349844
B4_M02,B4_E,B4,Consensus + Uncertainty,334,located,5.766320312014507,-102.44140733660458,52.52895434345599
B4_M02,B4_E,B4,Consensus + Uncertainty,335,located,5.25121306986031,-101.89658736852121,53.32925969747251
B4_M02,B4_E,B4,Consensus + Uncertainty,336,located,5.438980743260779,-101.23637644766224,53.31209728954174
B4_M02,B4_E,B4,Consensus + Uncertainty,337,located,5.2066501203940305,-101.9429070506627,50.299087849609435
B4_M02,B4_E,B4,Consensus + Uncertainty,338,located,5.650147486575813,-101.67526976986804,51.42031688016872
B4_M02,B4_E,B4,Consensus + Uncertainty,339,located,5.309887106571574,-102.77180458316325,51.73922173583311
B4_M02,B4_E,B4,Consensus + Uncertainty,340,located,6.058570286839281,-102.53946354837224,51.92565316634104
B4_M02,B4_E,B4,Consensus + Uncertainty,341,located,5.307398184790866,-101.56278109711117,53.923829901770006
B4_M02,B4_E,B4,Consensus + Uncertainty,342,located,6.903605820022283,-101.94078561384242,51.70398942044379
B4_M02,B4_E,B4,Consensus + Uncertainty,343,located,7.431111664274172,-103.38233284091426,49.56429250012089
B4_M02,B4_E,B4,Consensus + Uncertainty,344,located,7.157252272683754,-100.50227539259193,51.08234385644622
B4_M02,B4_E,B4,Consensus + Uncertainty,345,located,6.2023177344055584,-102.1071827721997,50.560543961552945
B4_M02,B4_E,B4,Consensus + Uncertainty,346,located,4.711307245680948,-102.0987506599445,51.21915536685882
B4_M02,B4_E,B4,Consensus + Uncertainty,347,located,5.539347288757752,-102.33641659932414,48.06746104586928
B4_M02,B4_E,B4,Consensus + Uncertainty,348,located,6.361723152898935,-101.68252000463727,50.859581650830954
B4_M02,B4_E,B4,Consensus + Uncertainty,349,located,4.715373448224802,-101.97787417972587,53.56230125826495
B4_M02,B4_E,B4,Consensus + Uncertainty,350,located,5.90169098559739,-101.81357083558262,53.10982184452891
B4_M02,B4_E,B4,Consensus + Uncertainty,351,located,6.0282156958457875,-102.22417605602533,50.72999012110721
B4_M02,B4_E,B4,Consensus + Uncertainty,352,located,6.297213269644318,-103.07398894058656,50.831207018386166
B4_M02,B4_E,B4,Consensus + Uncertainty,353,located,8.026677706335924,-102.07963725222646,49.61716228970463
B4_M02,B4_E,B4,Consensus + Uncertainty,354,located,6.499650313989876,-102.87144786480073,51.68884213087893
B4_M02,B4_E,B4,Consensus + Uncertainty,355,located,5.584901224912828,-102.69286322720986,49.165870344844066
B4_M02,B4_E,B4,Consensus + Uncertainty,356,located,6.078481998238469,-101.40434255355001,49.25011245943005
B4_M02,B4_E,B4,Consensus + Uncertainty,357,located,6.096197942041444,-103.4068082432942,53.82903794050021
B4_M02,B4_E,B4,Consensus + Uncertainty,358,located,5.0899921786036275,-101.80925031552138,51.336216772833964
B4_M02,B4_E,B4,Consensus + Uncertainty,359,located,6.468931254573155,-102.35472061708991,53.432832055404276
B4_M02,B4_E,B4,Consensus + Uncertainty,360,located,7.4728244510345645,-103.49525243411522,50.25412739848682
B4_M02,B4_E,B4,Consensus + Uncertainty,361,located,5.935540256194373,-102.50492853446121,50.52818018537872
B4_M02,B4_E,B4,Consensus + Uncertainty,362,located,6.12470362284754,-101.93325804252343,50.23566032359574
B4_M02,B4_E,B4,Consensus + Uncertainty,363,located,6.280439824629565,-102.34193800677403,49.029027054193534
B4_M02,B4_E,B4,Consensus + Uncertainty,364,located,5.690828461053394,-103.19475311080701,49.103837772666985
B4_M02,B4_E,B4,Consensus + Uncertainty,365,located,6.091653290368724,-102.95090480037658,49.11793070214455
B4_M02,B4_E,B4,Consensus + Uncertainty,366,located,6.385860848703677,-103.07701405964056,50.0502011520904
B4_M02,B4_E,B4,Consensus + Uncertainty,367,located,7.656936011651764,-103.20508310450757,48.27773825876698
B4_M02,B4_E,B4,Consensus + Uncertainty,368,located,5.718696087837682,-102.02554180038561,49.743005784124186
B4_M02,B4_E,B4,Consensus + Uncertainty,369,located,6.254782408462253,-101.70333236302352,51.37983488508449
B4_M02,B4_E,B4,Consensus + Uncertainty,370,located,6.1189438967711585,-101.54404339217247,50.92595651636013
B4_M02,B4_E,B4,Consensus + Uncertainty,371,located,6.5773101194566905,-102.25110634574685,51.778255947426835
B4_M02,B4_E,B4,Consensus + Uncertainty,372,located,6.214630276233431,-102.30444193932806,54.11374342473403
B4_M02,B4_E,B4,Consensus + Uncertainty,373,located,6.293605512577847,-101.73396685018989,48.4652605662156
B4_M02,B4_E,B4,Consensus + Uncertainty,374,located,5.749825285948788,-102.18605232716936,49.42767925436458
B4_M02,B4_E,B4,Consensus + Uncertainty,375,located,5.7449280950138055,-101.79731912111282,51.21332772684579
B4_M02,B4_E,B4,Consensus + Uncertainty,376,located,6.081275492966075,-103.59413739727698,53.38365596981324
B4_M02,B4_E,B4,Consensus + Uncertainty,377,located,5.96071652267586,-100.84564988066536,51.05459395257143
B4_M02,B4_E,B4,Consensus + Uncertainty,378,located,5.225976696495295,-102.5015442378866,51.10809727908585
B4_M02,B4_E,B4,Consensus + Uncertainty,379,located,7.596103944685199,-102.9254297186368,51.52295517311431
B4_M02,B4_E,B4,Consensus + Uncertainty,380,located,5.555778795972774,-102.61832165748336,50.1817441133339
B4_M02,B4_E,B4,Consensus + Uncertainty,381,located,5.364428562476713,-101.26606181943208,50.95529106601633
B4_M02,B4_E,B4,Consensus + Uncertainty,382,located,6.62320401466247,-102.40860215466594,51.30780301200272
B4_M02,B4_E,B4,Consensus + Uncertainty,383,located,6.3527175838329475,-101.20475572525365,52.36983368482721
B4_M02,B4_E,B4,Consensus + Uncertainty,384,located,7.4807123045703765,-104.34669303528234,50.04430909901317
B4_M02,B4_E,B4,Consensus + Uncertainty,385,located,6.622256533625812,-103.26515451170202,52.42160656572827
B4_M02,B4_E,B4,Consensus + Uncertainty,386,located,5.983063351891829,-103.38993797356864,51.95144240868312
B4_M02,B4_E,B4,Consensus + Uncertainty,387,located,7.582335188058112,-102.74291840884771,50.218038628280475
B4_M02,B4_E,B4,Consensus + Uncertainty,388,located,6.753900475620912,-101.63800595765298,51.95019066105549
B4_M02,B4_E,B4,Consensus + Uncertainty,389,located,6.842893836035186,-103.14604954075483,49.75061756627192
B4_M02,B4_E,B4,Consensus + Uncertainty,390,located,7.059967285381009,-101.90782361161035,52.26566806420707
B4_M02,B4_E,B4,Consensus + Uncertainty,391,located,6.435110425980845,-103.55572779652408,50.84898012422821
B4_M02,B4_E,B4,Consensus + Uncertainty,392,located,7.295286900101284,-104.00125742789919,54.3702110171071
B4_M02,B4_E,B4,Consensus + Uncertainty,393,located,6.095527017025742,-102.80734924265829,53.02040557768067
B4_M02,B4_E,B4,Consensus + Uncertainty,394,located,8.278041874615097,-103.71088676524903,50.41076047071744
B4_M02,B4_E,B4,Consensus + Uncertainty,395,located,7.941374173229725,-101.57008975900794,49.583174493872214
B4_M02,B4_E,B4,Consensus + Uncertainty,396,located,5.438292907156395,-102.1677358177067,49.78989357623643
B4_M02,B4_E,B4,Consensus + Uncertainty,397,located,5.986859021771557,-103.40883339643733,50.03650690673493
B4_M02,B4_E,B4,Consensus + Uncertainty,398,located,7.9905913478862,-103.37905447581754,50.86416391854001
B4_M02,B4_E,B4,Consensus + Uncertainty,399,located,6.1302654013186055,-103.41607035005045,51.71502807174876
B4_M02,B4_W,B4,M0,0,located,-20.009539565906334,-95.82877832244843,50.97287744916499
B4_M02,B4_W,B4,M0,1,located,-18.19337259276986,-94.43868225488698,51.1843996791355
B4_M02,B4_W,B4,M0,2,located,-20.10274761411799,-95.0281489905488,49.483272987774114
B4_M02,B4_W,B4,M0,3,located,-18.974400987422413,-95.9087566713367,52.00308682940204
B4_M02,B4_W,B4,M0,4,located,-18.761714084133605,-94.27500124456057,49.972643351791646
B4_M02,B4_W,B4,M0,5,located,-23.274924279252236,-96.06001527747483,47.18418769433766
B4_M02,B4_W,B4,M0,6,located,-20.830855101538457,-94.7885037318377,48.18192195398644
B4_M02,B4_W,B4,M0,7,located,-20.02236285252681,-96.50629812923518,49.9007487775461
B4_M02,B4_W,B4,M0,8,located,-19.747062467960728,-96.20491156458507,51.3108977249554
B4_M02,B4_W,B4,M0,9,located,-19.845655191733982,-94.61796908054629,48.326519964248426
B4_M02,B4_W,B4,M0,10,located,-19.146876036118506,-94.33671793501001,49.126850214770116
B4_M02,B4_W,B4,M0,11,located,-21.90073511297339,-96.29876709487736,49.13976916442091
B4_M02,B4_W,B4,M0,12,located,-20.07979259445913,-96.51305494035176,50.71847464482858
B4_M02,B4_W,B4,M0,13,located,-19.340426701521416,-96.9676481107721,48.71675846722368
B4_M02,B4_W,B4,M0,14,located,-18.2035283248058,-94.95928995991656,50.637985454663045
B4_M02,B4_W,B4,M0,15,located,-19.50956093483965,-95.95688852896137,51.338874414173226
B4_M02,B4_W,B4,M0,16,located,-18.32717349284391,-96.04148204745482,50.649771823834584
B4_M02,B4_W,B4,M0,17,located,-20.890078960789282,-95.00462285749117,47.38854264748458
B4_M02,B4_W,B4,M0,18,located,-20.243882797296692,-94.87195122932775,49.05402263678659
B4_M02,B4_W,B4,M0,19,located,-21.217047644376308,-93.96128036723226,48.501772462225
B4_M02,B4_W,B4,M0,20,located,-17.70014208069773,-96.03551113639689,51.030104970340396
B4_M02,B4_W,B4,M0,21,located,-20.7610100690995,-95.57917706763709,51.3384623760295
B4_M02,B4_W,B4,M0,22,located,-20.715574102561256,-95.42653715148776,47.59716832109941
B4_M02,B4_W,B4,M0,23,located,-19.455396883788218,-95.92449294808901,51.571001585240474
B4_M02,B4_W,B4,M0,24,located,-19.232772105600894,-95.40958888043569,50.64294207396945
B4_M02,B4_W,B4,M0,25,located,-18.79682786324716,-95.04171830674491,51.66339748267534
B4_M02,B4_W,B4,M0,26,located,-19.098201835438164,-95.57620233114517,51.234098893309124
B4_M02,B4_W,B4,M0,27,located,-18.53838581018272,-94.9442716029148,51.19260061465903
B4_M02,B4_W,B4,M0,28,located,-20.683378270311163,-95.12574100632096,48.661084970278566
B4_M02,B4_W,B4,M0,29,located,-19.664071376539734,-95.12503428622156,48.93674193344381
B4_M02,B4_W,B4,M0,30,located,-20.767518154688975,-95.22913947449905,48.61742249963641
B4_M02,B4_W,B4,M0,31,located,-19.463331541797576,-94.19109620850796,50.116618802887714
B4_M02,B4_W,B4,M0,32,located,-19.847617576398285,-96.50559075986155,46.46408981353445
B4_M02,B4_W,B4,M0,33,located,-19.719389909369912,-95.72413793537572,49.05107773988475
B4_M02,B4_W,B4,M0,34,located,-18.892413546006377,-96.02150833586838,49.73978176736011
B4_M02,B4_W,B4,M0,35,located,-19.711666686828913,-95.81153691760579,51.562749335147345
B4_M02,B4_W,B4,M0,36,located,-19.080025720937456,-95.82329084907715,49.238409093287544
B4_M02,B4_W,B4,M0,37,located,-20.312882764015633,-96.11611175478993,49.59739188132958
B4_M02,B4_W,B4,M0,38,located,-20.44428617909131,-95.02369253223378,48.359031687055264
B4_M02,B4_W,B4,M0,39,located,-19.26166848182038,-95.92381713382021,49.98087881484028
B4_M02,B4_W,B4,M0,40,located,-20.459686962562344,-95.19838703366224,51.176478743916796
B4_M02,B4_W,B4,M0,41,located,-18.917289663209292,-95.89809719056294,48.19165225919254
B4_M02,B4_W,B4,M0,42,located,-20.89688726169382,-95.31376100627233,49.12023832629902
B4_M02,B4_W,B4,M0,43,located,-20.847852818067622,-95.02852992782225,52.013905382798505
B4_M02,B4_W,B4,M0,44,located,-19.234699138140037,-95.8774507300032,49.31021705776415
B4_M02,B4_W,B4,M0,45,located,-20.460526229045126,-94.99879837831585,47.927055409384586
B4_M02,B4_W,B4,M0,46,located,-19.37521794235508,-95.59753325952994,47.68569626686776
B4_M02,B4_W,B4,M0,47,located,-19.85569582621167,-94.69466597897197,47.67365674062916
B4_M02,B4_W,B4,M0,48,located,-21.466371317204622,-94.77042057842627,47.78701350789615
B4_M02,B4_W,B4,M0,49,located,-21.69004532585029,-95.11996583668838,49.594788864337715
B4_M02,B4_W,B4,M0,50,located,-19.928474808161678,-95.71765983674584,50.62905248796019
B4_M02,B4_W,B4,M0,51,located,-21.403553296584427,-94.68519082052816,48.58503581470917
B4_M02,B4_W,B4,M0,52,located,-21.1273581287109,-95.31463121960846,48.87168036211395
B4_M02,B4_W,B4,M0,53,located,-19.976430588463614,-95.70057607875943,47.689240941356175
B4_M02,B4_W,B4,M0,54,located,-20.389089158953773,-96.36504801314624,49.321014637142845
B4_M02,B4_W,B4,M0,55,located,-18.712856803560868,-95.2997329284735,51.94976440990168
B4_M02,B4_W,B4,M0,56,located,-18.545776898145252,-96.24974036874679,51.59344270699964
B4_M02,B4_W,B4,M0,57,located,-19.22324038255548,-96.53948495912508,49.558127854955394
B4_M02,B4_W,B4,M0,58,located,-19.50659522035565,-96.93472112615981,51.384767368619194
B4_M02,B4_W,B4,M0,59,located,-19.6462722675577,-96.9636101590005,51.417357996770384
B4_M02,B4_W,B4,M0,60,located,-21.2972395364275,-95.96553558959559,47.773386020787335
B4_M02,B4_W,B4,M0,61,located,-20.47862526230247,-95.38411851107138,49.82330162460951
B4_M02,B4_W,B4,M0,62,located,-22.75593522223988,-93.78355146669651,47.73931189054638
B4_M02,B4_W,B4,M0,63,located,-18.525593966289986,-95.60878612241939,51.3332572645027
B4_M02,B4_W,B4,M0,64,located,-19.527455038153295,-95.30062647475978,51.28589992638979
B4_M02,B4_W,B4,M0,65,located,-20.22223042065837,-96.432802234924,48.74959149643458
B4_M02,B4_W,B4,M0,66,located,-19.277267400376775,-95.43370995958149,48.585664846693405
B4_M02,B4_W,B4,M0,67,located,-20.99693251541715,-95.55066709952229,49.99945335625869
B4_M02,B4_W,B4,M0,68,located,-19.21588338826939,-95.64579219024432,52.14797455466266
B4_M02,B4_W,B4,M0,69,located,-18.958755053621296,-95.2359158510721,46.752964790260044
B4_M02,B4_W,B4,M0,70,located,-19.529248875194885,-95.77768501109614,49.945636393809885
B4_M02,B4_W,B4,M0,71,located,-18.454092195514704,-95.83776750517549,51.93621910570405
B4_M02,B4_W,B4,M0,72,located,-21.539689779808757,-95.43925126769328,47.770192227221635
B4_M02,B4_W,B4,M0,73,located,-20.26925511055771,-95.86845333412766,49.186776467228846
B4_M02,B4_W,B4,M0,74,located,-18.482597504233865,-94.95885341270068,50.98093541618132
B4_M02,B4_W,B4,M0,75,located,-20.06475697429573,-94.79328901155543,52.01453608874234
B4_M02,B4_W,B4,M0,76,located,-23.468318466517328,-95.13490415343085,46.06342607551165
B4_M02,B4_W,B4,M0,77,located,-18.199843922701547,-95.6073108879735,51.21628139849924
B4_M02,B4_W,B4,M0,78,located,-19.35698935339655,-95.40610749163596,51.99485749511183
B4_M02,B4_W,B4,M0,79,located,-19.625483599654686,-95.80304056405252,49.50450863534057
B4_M02,B4_W,B4,M0,80,located,-18.6967188263315,-95.19019399180192,49.60156042461288
B4_M02,B4_W,B4,M0,81,located,-19.05708997624375,-95.20454870450756,49.76458430335066
B4_M02,B4_W,B4,M0,82,located,-21.33053586926227,-95.3533947186674,46.95829705460206
B4_M02,B4_W,B4,M0,83,located,-19.125711460356495,-95.71855755847561,49.73993414028603
B4_M02,B4_W,B4,M0,84,located,-18.077002047237194,-95.38083375044829,52.070445837614805
B4_M02,B4_W,B4,M0,85,located,-19.47452301480453,-95.77681471766371,50.540571041519385
B4_M02,B4_W,B4,M0,86,located,-21.454711418383795,-96.35978390711018,49.425213760712495
B4_M02,B4_W,B4,M0,87,located,-21.42662561301347,-95.73464213595922,47.95616078031072
B4_M02,B4_W,B4,M0,88,located,-20.286581962570622,-95.07507043809213,46.99836800449668
B4_M02,B4_W,B4,M0,89,located,-18.84713377773359,-95.95703640773559,49.48038716263256
B4_M02,B4_W,B4,M0,90,located,-21.39093089195036,-95.76160195203082,48.058714257048145
B4_M02,B4_W,B4,M0,91,located,-19.214234526177503,-96.50019468618763,49.213703038892966
B4_M02,B4_W,B4,M0,92,located,-17.740494257579986,-95.71672841478778,49.631670560355175
B4_M02,B4_W,B4,M0,93,located,-18.65825052883093,-95.39369007705457,52.14974617389094
B4_M02,B4_W,B4,M0,94,located,-20.543465182876144,-95.53087648110028,48.19443425073601
B4_M02,B4_W,B4,M0,95,located,-19.69636378409655,-94.3393999569502,49.357905598671344
B4_M02,B4_W,B4,M0,96,located,-20.707626942699864,-95.34887425700101,49.347884553969386
B4_M02,B4_W,B4,M0,97,located,-18.37077851722686,-95.37252019717847,50.71192311504105
B4_M02,B4_W,B4,M0,98,located,-20.797964216144347,-95.50569186617108,48.415447519621026
B4_M02,B4_W,B4,M0,99,located,-18.68532747494323,-95.76283716803134,51.54693304829846
B4_M02,B4_W,B4,M0,100,located,-18.590553029025642,-95.87607641217623,49.92498020264831
B4_M02,B4_W,B4,M0,101,located,-19.784519513409503,-95.37966947875175,50.93919626699312
B4_M02,B4_W,B4,M0,102,located,-19.676153840111066,-96.11183047601757,48.64186334766737
B4_M02,B4_W,B4,M0,103,located,-19.776859133521008,-95.80921218084711,51.09674517622977
B4_M02,B4_W,B4,M0,104,located,-21.327002703620813,-96.39420944595386,50.704687410004915
B4_M02,B4_W,B4,M0,105,located,-20.446663687066735,-95.64016093740584,46.42899243343161
B4_M02,B4_W,B4,M0,106,located,-19.467734413150914,-96.36996831067944,48.04604761658733
B4_M02,B4_W,B4,M0,107,located,-18.32183713666835,-95.8034344940995,50.21034799989751
B4_M02,B4_W,B4,M0,108,located,-18.388576809457433,-95.31684324342632,52.27789033086984
B4_M02,B4_W,B4,M0,109,located,-20.363972936393786,-95.75514169733964,49.24998655702371
B4_M02,B4_W,B4,M0,110,located,-20.00860896373961,-96.49426292666801,51.08507102822951
B4_M02,B4_W,B4,M0,111,located,-18.820136968359744,-95.46047374667481,49.62543411451723
B4_M02,B4_W,B4,M0,112,located,-21.031692677701365,-95.2268748244686,49.075068738692956
B4_M02,B4_W,B4,M0,113,located,-18.70536017288194,-96.02961558190421,48.29245427282755
B4_M02,B4_W,B4,M0,114,located,-20.409855650227218,-95.60506690183885,50.99489006312654
B4_M02,B4_W,B4,M0,115,located,-20.445911609303877,-96.14579917457087,50.07392859204993
B4_M02,B4_W,B4,M0,116,located,-19.497286706545207,-96.16451758386802,49.08362046391805
B4_M02,B4_W,B4,M0,117,located,-19.55956167450563,-94.40522380893395,46.95309562103422
B4_M02,B4_W,B4,M0,118,located,-20.65881918568252,-96.1733039719804,50.80495391126349
B4_M02,B4_W,B4,M0,119,located,-17.056646885534505,-96.37946788707336,51.86550126989879
B4_M02,B4_W,B4,M0,120,located,-20.40247782838164,-96.02869073227458,48.84972939886132
B4_M02,B4_W,B4,M0,121,located,-19.595025103100472,-95.24417664822303,50.958580037824056
B4_M02,B4_W,B4,M0,122,located,-19.440117757729336,-95.86569424748205,50.27306483859234
B4_M02,B4_W,B4,M0,123,located,-19.014181832165757,-96.42240433247675,51.17118723705681
B4_M02,B4_W,B4,M0,124,located,-20.669065403927775,-94.77194137245277,51.40998937815915
B4_M02,B4_W,B4,M0,125,located,-20.20202987336605,-95.81722590155624,46.8228707940909
B4_M02,B4_W,B4,M0,126,located,-20.995507802309284,-95.39801042643002,46.70711143664216
B4_M02,B4_W,B4,M0,127,located,-20.47643207180306,-94.75208160559093,48.558869893268444
B4_M02,B4_W,B4,M0,128,located,-18.810787766137004,-96.09967489897056,50.63064392771762
B4_M02,B4_W,B4,M0,129,located,-20.359854495681084,-95.6856918065381,47.94724155371995
B4_M02,B4_W,B4,M0,130,located,-19.832507452645377,-95.2306756823946,51.17987495359375
B4_M02,B4_W,B4,M0,131,located,-19.36177231242375,-95.84646899447063,49.378043238116256
B4_M02,B4_W,B4,M0,132,located,-18.196109092296282,-96.22521346692082,50.66452869093306
B4_M02,B4_W,B4,M0,133,located,-18.528414203262823,-95.93192137467352,50.58859967656837
B4_M02,B4_W,B4,M0,134,located,-18.26429531857449,-96.56508929328534,50.47475666532488
B4_M02,B4_W,B4,M0,135,located,-17.955497313419134,-95.69842512644057,52.92474024897358
B4_M02,B4_W,B4,M0,136,located,-19.518340578665267,-95.69204248695335,48.092026871809566
B4_M02,B4_W,B4,M0,137,located,-21.410546380696555,-95.58608202380535,47.96545701353803
B4_M02,B4_W,B4,M0,138,located,-18.467209333963538,-95.80056050331814,49.32365445388529
B4_M02,B4_W,B4,M0,139,located,-19.69773839709719,-94.95950558381651,50.14831210566518
B4_M02,B4_W,B4,M0,140,located,-20.046353012559553,-95.42015228320652,51.522000020940766
B4_M02,B4_W,B4,M0,141,located,-18.026646428383057,-94.99492583669667,52.2958417523923
B4_M02,B4_W,B4,M0,142,located,-18.007909518187198,-95.79111679627039,51.703190966872235
B4_M02,B4_W,B4,M0,143,located,-20.800569905802885,-96.04207662374303,51.52351865917878
B4_M02,B4_W,B4,M0,144,located,-17.85823401027126,-96.39871725438599,52.060285224524506
B4_M02,B4_W,B4,M0,145,located,-19.904751016779596,-94.49038048733505,47.81770308773895
B4_M02,B4_W,B4,M0,146,located,-18.109845235528844,-96.12056740609555,50.96976504124619
B4_M02,B4_W,B4,M0,147,located,-19.78580803280224,-95.63746208231649,50.24738707030187
B4_M02,B4_W,B4,M0,148,located,-19.72766609530056,-95.30185150760542,49.883374097129625
B4_M02,B4_W,B4,M0,149,located,-21.45357958825516,-95.22818596178993,47.13356616468292
B4_M02,B4_W,B4,M0,150,located,-20.521451512161118,-96.21822283670906,49.04966451648985
B4_M02,B4_W,B4,M0,151,located,-21.453104109034157,-95.74726311155194,47.99384644147648
B4_M02,B4_W,B4,M0,152,located,-18.152601315576998,-94.4057509581892,51.94043256139643
B4_M02,B4_W,B4,M0,153,located,-18.77182765882032,-95.2722482156598,52.69542443452006
B4_M02,B4_W,B4,M0,154,located,-19.336360076098092,-95.10958791659613,51.75575773900944
B4_M02,B4_W,B4,M0,155,located,-20.31998713066145,-96.50935739298939,47.72690473277572
B4_M02,B4_W,B4,M0,156,located,-20.487121755423484,-95.646030031218,51.82496742851697
B4_M02,B4_W,B4,M0,157,located,-20.1036413584308,-95.65279691699104,51.12783223941306
B4_M02,B4_W,B4,M0,158,located,-19.194827488010393,-95.84151234655596,49.555190332825504
B4_M02,B4_W,B4,M0,159,located,-21.381355652322924,-95.26719227587398,49.72616336782087
B4_M02,B4_W,B4,M0,160,located,-19.487067669325956,-95.26882159883225,49.00008492154141
B4_M02,B4_W,B4,M0,161,located,-20.426698980150473,-94.6671441023788,49.48525669417968
B4_M02,B4_W,B4,M0,162,located,-17.793736145565305,-94.58887107981371,50.761738716226205
B4_M02,B4_W,B4,M0,163,located,-20.41652969596148,-95.55247934089724,49.57676379626438
B4_M02,B4_W,B4,M0,164,located,-19.96060325835746,-94.61248489299763,48.76278164762227
B4_M02,B4_W,B4,M0,165,located,-18.184425573504846,-95.62252628228877,50.088090403821
B4_M02,B4_W,B4,M0,166,located,-18.72735635274088,-96.28014140013752,50.339334652407636
B4_M02,B4_W,B4,M0,167,located,-20.521913153522917,-95.50282533064768,47.45905517101299
B4_M02,B4_W,B4,M0,168,located,-19.034619283625293,-95.26136607500081,51.30272417679516
B4_M02,B4_W,B4,M0,169,located,-20.746333179136368,-95.23833271191776,49.81085614838006
B4_M02,B4_W,B4,M0,170,located,-18.28431820769194,-95.04491100093936,50.0835535612273
B4_M02,B4_W,B4,M0,171,located,-18.883305369199288,-95.60460874089281,51.01123854906744
B4_M02,B4_W,B4,M0,172,located,-17.662530043069403,-96.20155229373026,51.26777421666111
B4_M02,B4_W,B4,M0,173,located,-20.667969376650447,-96.28303236219459,50.464647960441724
B4_M02,B4_W,B4,M0,174,located,-16.935640035112343,-95.10305308743187,51.07517916305873
B4_M02,B4_W,B4,M0,175,located,-20.01203903961623,-95.70527809236418,51.50931374427751
B4_M02,B4_W,B4,M0,176,located,-20.162709137043326,-95.55426486637462,49.414718030077374
B4_M02,B4_W,B4,M0,177,located,-22.10211122094068,-94.76054434469839,48.97000388367475
B4_M02,B4_W,B4,M0,178,located,-20.232996594115924,-94.83304048926139,51.028280392858775
B4_M02,B4_W,B4,M0,179,located,-22.59021508709665,-95.10231568058512,48.20022807891823
B4_M02,B4_W,B4,M0,180,located,-21.47519586401221,-95.41397725737227,48.732398517768004
B4_M02,B4_W,B4,M0,181,located,-17.713600353063853,-95.63937058920425,51.90226474874072
B4_M02,B4_W,B4,M0,182,located,-22.99003537098239,-95.79970923157421,48.92755160550125
B4_M02,B4_W,B4,M0,183,located,-18.77040103533011,-96.520448748434,49.09643351252053
B4_M02,B4_W,B4,M0,184,located,-21.38984573225292,-95.72950766110299,48.23978083242251
B4_M02,B4_W,B4,M0,185,located,-21.177836146068476,-96.53065200884066,47.35234960355089
B4_M02,B4_W,B4,M0,186,located,-21.47790067378513,-94.85945839312109,47.97132733122138
B4_M02,B4_W,B4,M0,187,located,-19.21027671429155,-96.05639875505341,49.48376551765036
B4_M02,B4_W,B4,M0,188,located,-17.676311176910694,-95.02022985596895,51.44944926921229
B4_M02,B4_W,B4,M0,189,located,-20.776479543227286,-95.3511254976296,49.636563962175835
B4_M02,B4_W,B4,M0,190,located,-20.68700713361155,-95.7297659265339,46.32882104453587
B4_M02,B4_W,B4,M0,191,located,-19.009418539898103,-96.48094396219588,50.388921474822034
B4_M02,B4_W,B4,M0,192,located,-19.575328260740317,-94.54703209881625,51.82295510460265
B4_M02,B4_W,B4,M0,193,located,-19.790516463633182,-96.60682202497696,49.203290686712634
B4_M02,B4_W,B4,M0,194,located,-21.49864706116268,-95.79641440347599,48.29407282594664
B4_M02,B4_W,B4,M0,195,located,-19.224949644411662,-96.34946931420609,46.43429857339121
B4_M02,B4_W,B4,M0,196,located,-18.259573728899998,-95.30659471636058,50.2405509381736
B4_M02,B4_W,B4,M0,197,located,-18.458130855449898,-96.09123478505424,49.67200042994835
B4_M02,B4_W,B4,M0,198,located,-18.315412550946547,-95.56417824063354,48.02000599522398
B4_M02,B4_W,B4,M0,199,located,-19.5780143049311,-96.10165325591878,49.369180373112
B4_M02,B4_W,B4,M0,200,located,-19.73655944214578,-95.91360899703292,48.92909789279557
B4_M02,B4_W,B4,M0,201,located,-20.505679528662316,-95.94030648172586,51.5710848473067
B4_M02,B4_W,B4,M0,202,located,-19.329607830759702,-95.44439621581526,52.05238065182722
B4_M02,B4_W,B4,M0,203,located,-20.069286727482453,-95.28985006705574,48.65520020470606
B4_M02,B4_W,B4,M0,204,located,-20.032411848422807,-96.37171442939191,48.593386637420046
B4_M02,B4_W,B4,M0,205,located,-19.916141666246585,-94.45209332463408,51.052199648893755
B4_M02,B4_W,B4,M0,206,located,-20.855725200080318,-95.83141320410773,51.37000260287089
B4_M02,B4_W,B4,M0,207,located,-17.475813050835487,-96.0555893768607,51.83218231684464
B4_M02,B4_W,B4,M0,208,located,-20.151086148659797,-95.48042642002582,48.83546348772638
B4_M02,B4_W,B4,M0,209,located,-17.953192958703717,-95.84454986541866,49.889621337705556
B4_M02,B4_W,B4,M0,210,located,-20.825144157104987,-94.04649962009518,50.145005593422255
B4_M02,B4_W,B4,M0,211,located,-20.446483050574145,-95.7892353761269,49.15240988046872
B4_M02,B4_W,B4,M0,212,located,-19.016365753636386,-96.04309528952282,49.20230255375975
B4_M02,B4_W,B4,M0,213,located,-18.223009093335953,-95.6358331959098,51.80624607027579
B4_M02,B4_W,B4,M0,214,located,-21.711104672248958,-95.04961119167076,48.511786733756345
B4_M02,B4_W,B4,M0,215,located,-20.214604187849588,-95.49147142874139,50.214109176998626
B4_M02,B4_W,B4,M0,216,located,-18.73839567085401,-96.09953900432367,48.89537683441174
B4_M02,B4_W,B4,M0,217,located,-19.328909744838153,-94.98344598512294,49.67361141674302
B4_M02,B4_W,B4,M0,218,located,-18.412406242278333,-96.49039931581835,53.07154668279413
B4_M02,B4_W,B4,M0,219,located,-19.2673082771062,-94.4009250081659,48.86314380794862
B4_M02,B4_W,B4,M0,220,located,-19.367631347191455,-95.43738542956449,49.07482351871419
B4_M02,B4_W,B4,M0,221,located,-20.103815994103837,-94.18872774306337,50.81382513407538
B4_M02,B4_W,B4,M0,222,located,-20.466092246240475,-95.58302533707956,48.8914648718598
B4_M02,B4_W,B4,M0,223,located,-20.109570447093663,-96.43581518167562,49.290715230337035
B4_M02,B4_W,B4,M0,224,located,-19.48178704828416,-94.83393661843633,50.61490056147976
B4_M02,B4_W,B4,M0,225,located,-20.617982603918158,-94.70863785798076,48.01269569528116
B4_M02,B4_W,B4,M0,226,located,-19.18851746989518,-96.19298257767878,50.96402979203067
B4_M02,B4_W,B4,M0,227,located,-19.832722303036523,-95.02754016592706,47.129603941544275
B4_M02,B4_W,B4,M0,228,located,-17.804190789221334,-95.8221783550947,50.46750205978622
B4_M02,B4_W,B4,M0,229,located,-18.959498857831978,-95.80317957218712,48.10899139487375
B4_M02,B4_W,B4,M0,230,located,-17.57402999324409,-95.60974335384,50.817111092355695
B4_M02,B4_W,B4,M0,231,located,-20.045638357963522,-95.13672968348567,50.171013112449835
B4_M02,B4_W,B4,M0,232,located,-19.900903108301808,-95.49435947336238,48.410054149792764
B4_M02,B4_W,B4,M0,233,located,-18.748960209693003,-96.97119340035583,51.78313688066015
B4_M02,B4_W,B4,M0,234,located,-20.123025309392943,-95.29621522130859,52.39008985124967
B4_M02,B4_W,B4,M0,235,located,-19.650005807669725,-94.46403182006127,48.24111041628249
B4_M02,B4_W,B4,M0,236,located,-19.85464051665448,-95.19357501357564,51.143620539179594
B4_M02,B4_W,B4,M0,237,located,-19.710830813671034,-94.57047028369863,49.406430954199735
B4_M02,B4_W,B4,M0,238,located,-21.552742572731496,-95.19761940623374,47.654183653531035
B4_M02,B4_W,B4,M0,239,located,-18.54001875705177,-96.17539999160374,50.331666888225136
B4_M02,B4_W,B4,M0,240,located,-18.792349394889982,-96.63300821535076,48.84610225602604
B4_M02,B4_W,B4,M0,241,located,-18.52044020937141,-95.94103082085175,50.04543455207246
B4_M02,B4_W,B4,M0,242,located,-18.912336637051002,-94.97733857152264,52.66903412050241
B4_M02,B4_W,B4,M0,243,located,-18.670770511616855,-95.83373804230581,48.45605988124989
B4_M02,B4_W,B4,M0,244,located,-22.075517680798757,-96.14332678945576,47.47187397304924
B4_M02,B4_W,B4,M0,245,located,-19.369017550440844,-96.77111226646997,51.2569788897427
B4_M02,B4_W,B4,M0,246,located,-21.054591634226203,-94.84619195591073,49.369060410134786
B4_M02,B4_W,B4,M0,247,located,-20.46954495547748,-95.55538784377981,50.277580426065114
B4_M02,B4_W,B4,M0,248,located,-19.345875291699905,-95.9539496549837,50.142719850852345
B4_M02,B4_W,B4,M0,249,located,-20.383428477027927,-95.885509742436,48.712705961565135
B4_M02,B4_W,B4,M0,250,located,-20.0926187794407,-94.14369055654677,49.816251075282835
B4_M02,B4_W,B4,M0,251,located,-19.30473707257706,-95.15606047723605,49.89320319598568
B4_M02,B4_W,B4,M0,252,located,-19.210284971578133,-96.26712574364437,50.18592227763238
B4_M02,B4_W,B4,M0,253,located,-18.056227951236465,-96.93372387092356,50.837946809633294
B4_M02,B4_W,B4,M0,254,located,-20.755801118311506,-96.0035718286544,48.461921767505586
B4_M02,B4_W,B4,M0,255,located,-20.076072294517918,-95.12174646223434,50.077106607302696
B4_M02,B4_W,B4,M0,256,located,-19.781025195890123,-95.07857736711563,48.894185955631286
B4_M02,B4_W,B4,M0,257,located,-18.520197141170883,-96.00386872417536,49.02705821626958
B4_M02,B4_W,B4,M0,258,located,-18.68160404091106,-96.46408572663341,48.81997464328669
B4_M02,B4_W,B4,M0,259,located,-20.580473337285035,-97.07490125851442,48.20785722626587
B4_M02,B4_W,B4,M0,260,located,-20.3333404233903,-96.5594683869131,48.68407140707653
B4_M02,B4_W,B4,M0,261,located,-20.673893928927463,-95.2517127108463,51.56793818893761
B4_M02,B4_W,B4,M0,262,located,-20.738738480698732,-95.49987341701649,49.67497018187531
B4_M02,B4_W,B4,M0,263,located,-19.491016324180052,-95.38037185468897,51.5505015218655
B4_M02,B4_W,B4,M0,264,located,-19.4237589475893,-94.88707155426235,50.7376709125864
B4_M02,B4_W,B4,M0,265,located,-19.649318084674743,-95.45758428610104,49.13169355197406
B4_M02,B4_W,B4,M0,266,located,-20.11967158723863,-95.56912235678314,49.77787633198596
B4_M02,B4_W,B4,M0,267,located,-19.514484927131978,-94.57278439964806,50.25136563344109
B4_M02,B4_W,B4,M0,268,located,-18.884402162299633,-95.53242863006528,48.7605684959244
B4_M02,B4_W,B4,M0,269,located,-18.728360734678713,-94.6700121911026,51.01813728515355
B4_M02,B4_W,B4,M0,270,located,-18.541140963891586,-95.03247792198914,49.329793737370416
B4_M02,B4_W,B4,M0,271,located,-20.5962629577242,-95.68397060854738,47.99045976140744
B4_M02,B4_W,B4,M0,272,located,-18.320873290620806,-94.76238049907198,48.601313718541064
B4_M02,B4_W,B4,M0,273,located,-18.635290073441926,-96.69851146738625,52.25197172181085
B4_M02,B4_W,B4,M0,274,located,-21.581792399251487,-95.36878081767196,49.47306806129999
B4_M02,B4_W,B4,M0,275,located,-18.75521342953357,-95.20666694870374,51.754982133264356
B4_M02,B4_W,B4,M0,276,located,-19.214361776369785,-94.52743676657397,49.810268802671224
B4_M02,B4_W,B4,M0,277,located,-18.802542851293204,-95.9703719162178,50.15021640573504
B4_M02,B4_W,B4,M0,278,located,-19.845632599436218,-95.52252634441072,50.82548571563472
B4_M02,B4_W,B4,M0,279,located,-20.667535656529207,-94.69946133167332,47.325444334659
B4_M02,B4_W,B4,M0,280,located,-17.350915472441933,-95.02373977421114,51.77770833750315
B4_M02,B4_W,B4,M0,281,located,-19.853145866880645,-94.50436565928048,48.21017621263413
B4_M02,B4_W,B4,M0,282,located,-19.6500442316452,-95.74871493169758,50.120609098350364
B4_M02,B4_W,B4,M0,283,located,-20.97962939905839,-94.81750309588196,51.97387235908638
B4_M02,B4_W,B4,M0,284,located,-22.110023702606526,-95.00555338882583,48.888508433116506
B4_M02,B4_W,B4,M0,285,located,-18.948382339570017,-97.57354232875983,49.57844313775182
B4_M02,B4_W,B4,M0,286,located,-20.747943397747463,-96.2631464194296,48.840287993674444
B4_M02,B4_W,B4,M0,287,located,-20.79088452482095,-95.35869318645584,46.92561409459113
B4_M02,B4_W,B4,M0,288,located,-19.57755182823797,-96.92600899700787,48.52062969612611
B4_M02,B4_W,B4,M0,289,located,-20.713971648553155,-95.44904050725995,46.77757003380769
B4_M02,B4_W,B4,M0,290,located,-17.60634692398304,-95.57161796815765,51.17966011811417
B4_M02,B4_W,B4,M0,291,located,-19.373575682219563,-95.86620189491879,47.949770703708154
B4_M02,B4_W,B4,M0,292,located,-21.66396733320819,-95.45218592833834,49.219191519777304
B4_M02,B4_W,B4,M0,293,located,-18.83262102607427,-96.03744259947219,50.40616078608801
B4_M02,B4_W,B4,M0,294,located,-21.93577427071901,-94.64175913797649,48.57641574201955
B4_M02,B4_W,B4,M0,295,located,-19.90561315598745,-96.26040388315204,47.49958929546469
B4_M02,B4_W,B4,M0,296,located,-20.30498812428269,-95.22188916816415,49.020884375134386
B4_M02,B4_W,B4,M0,297,located,-20.542716835654353,-95.7450353784725,50.524899443272126
B4_M02,B4_W,B4,M0,298,located,-19.45177605884214,-96.22761457969094,50.594837423247874
B4_M02,B4_W,B4,M0,299,located,-19.639894853224803,-95.42041586690004,49.251986122408525
B4_M02,B4_W,B4,M0,300,located,-18.6361935546167,-95.43247929112582,49.58916758981815
B4_M02,B4_W,B4,M0,301,located,-21.042332121968876,-96.19680382053303,49.16468123292104
B4_M02,B4_W,B4,M0,302,located,-19.66516369013594,-94.84229987097002,51.98676415889215
B4_M02,B4_W,B4,M0,303,located,-21.38240585430381,-95.21605376513509,50.514302165053635
B4_M02,B4_W,B4,M0,304,located,-19.59771124980443,-94.99916617647159,53.18776919332609
B4_M02,B4_W,B4,M0,305,located,-19.141761051788215,-95.59920028686348,51.752393637522374
B4_M02,B4_W,B4,M0,306,located,-21.190847449793367,-94.72578564912729,49.73699214306347
B4_M02,B4_W,B4,M0,307,located,-19.52099466533276,-96.65766177040467,49.263902096551995
B4_M02,B4_W,B4,M0,308,located,-21.54080688169303,-94.10125506217523,47.541656329341045
B4_M02,B4_W,B4,M0,309,located,-20.013487469161483,-95.30575558439426,51.29819509374479
B4_M02,B4_W,B4,M0,310,located,-18.722662460162333,-95.48190522025534,51.87078636328256
B4_M02,B4_W,B4,M0,311,located,-18.812554673073514,-95.41761831937445,51.92819359853436
B4_M02,B4_W,B4,M0,312,located,-18.684643052630232,-95.17397293523322,50.46772987340222
B4_M02,B4_W,B4,M0,313,located,-20.38739941353468,-94.99283128830811,50.77267993260479
B4_M02,B4_W,B4,M0,314,located,-20.18563964326024,-96.42000362008758,47.18209899456191
B4_M02,B4_W,B4,M0,315,located,-18.765916589887098,-95.44262689290227,50.34206211321207
B4_M02,B4_W,B4,M0,316,located,-21.432431387256422,-96.65838678953193,49.60011507824867
B4_M02,B4_W,B4,M0,317,located,-21.501303489181925,-95.94710119825706,48.063589911722126
B4_M02,B4_W,B4,M0,318,located,-19.92121405525749,-95.55241045190904,51.58423630219974
B4_M02,B4_W,B4,M0,319,located,-20.916571158031502,-95.9738850180419,51.26222744968272
B4_M02,B4_W,B4,M0,320,located,-20.04511497558296,-95.72694873102017,49.90404349016364
B4_M02,B4_W,B4,M0,321,located,-19.94094188970229,-95.46438495582478,50.54874541420195
B4_M02,B4_W,B4,M0,322,located,-17.83823980415631,-94.80812308693413,52.0200025956569
B4_M02,B4_W,B4,M0,323,located,-19.64931273829241,-95.96885022311392,48.070987142207805
B4_M02,B4_W,B4,M0,324,located,-20.303463740532397,-94.46538809783473,51.351837149858504
B4_M02,B4_W,B4,M0,325,located,-19.883749168857097,-95.63593540933547,50.68166209480237
B4_M02,B4_W,B4,M0,326,located,-21.100106973954343,-95.93508704036375,47.82458199680853
B4_M02,B4_W,B4,M0,327,located,-20.947364360851463,-96.08288978899458,48.96202440557989
B4_M02,B4_W,B4,M0,328,located,-18.546746108753023,-96.61048785198108,51.76471003807335
B4_M02,B4_W,B4,M0,329,located,-22.45402473165375,-96.79312650560514,48.725983440832
B4_M02,B4_W,B4,M0,330,located,-21.81816486551994,-96.23293037060364,48.42807590566788
B4_M02,B4_W,B4,M0,331,located,-18.859925032355243,-94.96078278299738,48.23547318500158
B4_M02,B4_W,B4,M0,332,located,-19.17276215238359,-95.77293372397943,51.796017205878215
B4_M02,B4_W,B4,M0,333,located,-20.319590206562033,-94.75945204595743,49.929442549947794
B4_M02,B4_W,B4,M0,334,located,-18.211274594160457,-95.1267524030293,52.278299939294136
B4_M02,B4_W,B4,M0,335,located,-19.754848022287284,-95.72192285326489,49.235416609276065
B4_M02,B4_W,B4,M0,336,located,-20.36042701788826,-95.06639828567745,47.55877009334498
B4_M02,B4_W,B4,M0,337,located,-20.291068686248106,-95.8445546926587,49.91420551473102
B4_M02,B4_W,B4,M0,338,located,-18.103885149433125,-95.31412501140544,50.864540670216854
B4_M02,B4_W,B4,M0,339,located,-18.282307317224607,-95.8606666957543,50.429251605525316
B4_M02,B4_W,B4,M0,340,located,-17.593114724806416,-95.76343688275709,50.32573516946057
B4_M02,B4_W,B4,M0,341,located,-20.91947581765324,-94.63182481676081,49.096057894160865
B4_M02,B4_W,B4,M0,342,located,-20.66290554085948,-96.29891905442344,48.47513553742031
B4_M02,B4_W,B4,M0,343,located,-19.344081598105973,-95.0274810511778,50.94267147247436
B4_M02,B4_W,B4,M0,344,located,-19.21733636597879,-94.24863808546371,49.22205964802271
B4_M02,B4_W,B4,M0,345,located,-19.081968579098678,-95.4646768974607,49.87464006680021
B4_M02,B4_W,B4,M0,346,located,-20.45866309119909,-95.17554062603968,51.12695717079912
B4_M02,B4_W,B4,M0,347,located,-21.51368011324882,-94.66001176667046,47.362429192822916
B4_M02,B4_W,B4,M0,348,located,-21.41020125147795,-96.67620060483804,49.42165715674118
B4_M02,B4_W,B4,M0,349,located,-17.827433627939076,-95.28964341361323,51.139168092739865
B4_M02,B4_W,B4,M0,350,located,-19.40672849258929,-95.15590982225754,49.29014390462108
B4_M02,B4_W,B4,M0,351,located,-19.44363443256687,-95.60833296297574,49.29199277938676
B4_M02,B4_W,B4,M0,352,located,-21.02603335269611,-96.30601902835336,49.61216415321261
B4_M02,B4_W,B4,M0,353,located,-20.456195300240168,-96.18385971543542,51.50636235957251
B4_M02,B4_W,B4,M0,354,located,-18.241537903869332,-96.04377983127675,49.67612959337811
B4_M02,B4_W,B4,M0,355,located,-18.59722726419297,-95.82219408803512,50.61023509208739
B4_M02,B4_W,B4,M0,356,located,-19.549666509347322,-96.89660950456346,47.42904062498725
B4_M02,B4_W,B4,M0,357,located,-20.152662221611855,-95.16048201289051,51.565050568600846
B4_M02,B4_W,B4,M0,358,located,-19.609369344219996,-96.1227401371143,51.82065518476152
B4_M02,B4_W,B4,M0,359,located,-17.430829272775032,-95.4530996023993,51.802393431804106
B4_M02,B4_W,B4,M0,360,located,-19.722498236302453,-95.24459368278958,51.57514638831532
B4_M02,B4_W,B4,M0,361,located,-20.173138091968838,-96.08131435489567,48.662146740322
B4_M02,B4_W,B4,M0,362,located,-20.622018913787873,-95.90390620090446,50.079071807219016
B4_M02,B4_W,B4,M0,363,located,-18.843742562751913,-96.3931235574519,48.78609669029808
B4_M02,B4_W,B4,M0,364,located,-19.48405078887448,-95.49660416196127,48.49293108412371
B4_M02,B4_W,B4,M0,365,located,-17.825116161882836,-95.57522828161208,51.892079160146174
B4_M02,B4_W,B4,M0,366,located,-19.19403173455876,-95.70123568192481,51.40255918635527
B4_M02,B4_W,B4,M0,367,located,-17.397088254668038,-96.03927770643409,51.49833559245834
B4_M02,B4_W,B4,M0,368,located,-19.71867338436499,-95.4314182795946,50.440152199414975
B4_M02,B4_W,B4,M0,369,located,-19.229364554198366,-96.81812306647151,51.52734193398466
B4_M02,B4_W,B4,M0,370,located,-19.035188287169756,-96.2384372208687,49.692405427071414
B4_M02,B4_W,B4,M0,371,located,-19.14370417774044,-95.40339190703035,51.2686347195482
B4_M02,B4_W,B4,M0,372,located,-21.958900607650822,-94.75621151444686,46.98190113056467
B4_M02,B4_W,B4,M0,373,located,-22.16255609526385,-95.20431414482982,47.368594011379514
B4_M02,B4_W,B4,M0,374,located,-19.474984674859922,-95.57679271626091,46.87860393405586
B4_M02,B4_W,B4,M0,375,located,-20.850755680678045,-95.33959046802534,48.71790102246207
B4_M02,B4_W,B4,M0,376,located,-20.851837096172588,-96.47071339226096,50.63397949375215
B4_M02,B4_W,B4,M0,377,located,-18.282711301385113,-96.30200107566111,49.49104390457788
B4_M02,B4_W,B4,M0,378,located,-20.258424191733667,-95.15383792964857,50.189737408088675
B4_M02,B4_W,B4,M0,379,located,-20.1381564286579,-93.76320269026982,49.53908734104266
B4_M02,B4_W,B4,M0,380,located,-19.0346209436801,-95.98885214356022,49.93003786703764
B4_M02,B4_W,B4,M0,381,located,-19.515326339904547,-95.14201961892309,50.03554810796567
B4_M02,B4_W,B4,M0,382,located,-18.843236761715463,-95.7749602714323,50.440428410190144
B4_M02,B4_W,B4,M0,383,located,-18.20920621362605,-94.72242311863266,50.93357207552293
B4_M02,B4_W,B4,M0,384,located,-19.61601818784704,-94.67870779177761,50.883938349372926
B4_M02,B4_W,B4,M0,385,located,-18.014885932483644,-95.1663368940283,51.34650544483941
B4_M02,B4_W,B4,M0,386,located,-21.062044044594003,-96.20075663409195,51.58233433605631
B4_M02,B4_W,B4,M0,387,located,-22.071296113748346,-95.7117300537452,46.91000221466747
B4_M02,B4_W,B4,M0,388,located,-20.151729375001224,-95.33032619787522,50.491808114548554
B4_M02,B4_W,B4,M0,389,located,-17.926151381626514,-95.77984272453989,52.78994091369806
B4_M02,B4_W,B4,M0,390,located,-20.163829356544685,-96.66891488727896,48.77055967340473
B4_M02,B4_W,B4,M0,391,located,-20.619008872624732,-96.18129324343855,49.66234039363674
B4_M02,B4_W,B4,M0,392,located,-19.00467725950764,-95.75004609279071,47.58005190882576
B4_M02,B4_W,B4,M0,393,located,-20.941618466511713,-94.85040670610708,47.70795533769895
B4_M02,B4_W,B4,M0,394,located,-20.217153912201255,-96.02709438733888,49.79104067673983
B4_M02,B4_W,B4,M0,395,located,-20.79939382971522,-95.81769622572446,50.010547566742886
B4_M02,B4_W,B4,M0,396,located,-19.94104056568621,-95.29460849642837,50.89753862260552
B4_M02,B4_W,B4,M0,397,located,-18.64497642052791,-95.93662444989366,51.51302686396915
B4_M02,B4_W,B4,M0,398,located,-20.0641736599586,-95.11776393035889,50.110609417620495
B4_M02,B4_W,B4,M0,399,located,-20.675522994980778,-95.06686949274734,49.55728121587698
B4_M02,B4_W,B4,Consensus + Uncertainty,0,located,-18.96563443488057,-97.69919783724185,53.772741728129546
B4_M02,B4_W,B4,Consensus + Uncertainty,1,located,-19.701306077810173,-96.86506589509277,53.80718100454605
B4_M02,B4_W,B4,Consensus + Uncertainty,2,located,-20.561007069635266,-96.68678035478143,50.86126735118035
B4_M02,B4_W,B4,Consensus + Uncertainty,3,located,-20.106957285396458,-97.22999728977881,55.171647440452425
B4_M02,B4_W,B4,Consensus + Uncertainty,4,located,-19.92553914252274,-97.81763006758534,50.450568301629716
B4_M02,B4_W,B4,Consensus + Uncertainty,5,located,-18.08376391550288,-97.53429232626154,54.62757879441087
B4_M02,B4_W,B4,Consensus + Uncertainty,6,located,-19.380315081057308,-96.26722179755514,52.706101641009916
B4_M02,B4_W,B4,Consensus + Uncertainty,7,located,-20.690727001895382,-96.78283382791614,52.9556356102702
B4_M02,B4_W,B4,Consensus + Uncertainty,8,located,-20.274559715412515,-96.52611256091001,51.67115870855032
B4_M02,B4_W,B4,Consensus + Uncertainty,9,located,-19.471760109666295,-97.33006509982327,52.718946973450024
B4_M02,B4_W,B4,Consensus + Uncertainty,10,located,-22.032031733322608,-95.30092245645554,51.99088743762853
B4_M02,B4_W,B4,Consensus + Uncertainty,11,located,-21.260128714893437,-96.01067857783758,53.24390266697543
B4_M02,B4_W,B4,Consensus + Uncertainty,12,located,-21.880640732336435,-97.20880793522379,51.42792205774807
B4_M02,B4_W,B4,Consensus + Uncertainty,13,located,-18.995719664882174,-96.9068268525751,51.74009133184277
B4_M02,B4_W,B4,Consensus + Uncertainty,14,located,-18.83454044641384,-97.1363130257628,55.175329308505525
B4_M02,B4_W,B4,Consensus + Uncertainty,15,located,-20.129185103350423,-98.06290050211739,49.663049935449855
B4_M02,B4_W,B4,Consensus + Uncertainty,16,located,-21.7922029127442,-96.27304254779499,48.20632341445716
B4_M02,B4_W,B4,Consensus + Uncertainty,17,located,-20.292037364527477,-98.56898531893712,52.966813054877996
B4_M02,B4_W,B4,Consensus + Uncertainty,18,located,-20.33733480568506,-96.77496943803959,55.4473003266975
B4_M02,B4_W,B4,Consensus + Uncertainty,19,located,-20.197182455185196,-97.37611967272619,53.93514822066471
B4_M02,B4_W,B4,Consensus + Uncertainty,20,located,-17.732944546493957,-97.38983553831591,53.6285412156174
B4_M02,B4_W,B4,Consensus + Uncertainty,21,located,-18.972217007155127,-97.1576086837328,55.24650554660667
B4_M02,B4_W,B4,Consensus + Uncertainty,22,located,-20.264572057546943,-96.9917139410156,53.69270226108099
B4_M02,B4_W,B4,Consensus + Uncertainty,23,located,-21.090983829039388,-97.62866544643106,52.548560644347816
B4_M02,B4_W,B4,Consensus + Uncertainty,24,located,-20.750484901251614,-95.67174679947637,55.14950827952073
B4_M02,B4_W,B4,Consensus + Uncertainty,25,located,-18.939835447582528,-96.72242490420169,51.638413811677005
B4_M02,B4_W,B4,Consensus + Uncertainty,26,located,-20.814899807787626,-97.64834737477607,53.21244160264428
B4_M02,B4_W,B4,Consensus + Uncertainty,27,located,-19.516762456240528,-96.99112865717194,53.248180303576845
B4_M02,B4_W,B4,Consensus + Uncertainty,28,located,-20.56184562347235,-97.79223270730472,52.40777601699492
B4_M02,B4_W,B4,Consensus + Uncertainty,29,located,-18.696509501941225,-97.78198530927,54.295260406259985
B4_M02,B4_W,B4,Consensus + Uncertainty,30,located,-20.22993574680945,-98.31877576283082,53.57533659521347
B4_M02,B4_W,B4,Consensus + Uncertainty,31,located,-20.502017711828977,-96.6204037378566,54.4252045632556
B4_M02,B4_W,B4,Consensus + Uncertainty,32,located,-18.727229298770375,-97.85649263858106,55.60858576484374
B4_M02,B4_W,B4,Consensus + Uncertainty,33,located,-20.376156328940194,-98.16564026752631,54.163633109028765
B4_M02,B4_W,B4,Consensus + Uncertainty,34,located,-19.716330486953577,-96.17547629451269,51.71080019265978
B4_M02,B4_W,B4,Consensus + Uncertainty,35,located,-19.670316609329983,-96.45953414093637,51.13817830414864
B4_M02,B4_W,B4,Consensus + Uncertainty,36,located,-20.305427637631276,-96.71751637523238,50.93475048717933
B4_M02,B4_W,B4,Consensus + Uncertainty,37,located,-17.66801410030529,-98.61517426739836,54.06645407929861
B4_M02,B4_W,B4,Consensus + Uncertainty,38,located,-18.5712937573673,-97.45548564319323,52.37868423215095
B4_M02,B4_W,B4,Consensus + Uncertainty,39,located,-18.750771055509162,-96.53207611742961,52.13387296946991
B4_M02,B4_W,B4,Consensus + Uncertainty,40,located,-20.326755410409955,-97.89425737626718,53.95685390254058
B4_M02,B4_W,B4,Consensus + Uncertainty,41,located,-22.98514761520448,-95.97429448902882,53.71269165570564
B4_M02,B4_W,B4,Consensus + Uncertainty,42,located,-20.253998947667288,-97.55204132157806,52.06274447066255
B4_M02,B4_W,B4,Consensus + Uncertainty,43,located,-18.282014427357446,-97.30379557050297,51.48638421709228
B4_M02,B4_W,B4,Consensus + Uncertainty,44,located,-21.75946160978036,-97.08785218234276,51.4376945228817
B4_M02,B4_W,B4,Consensus + Uncertainty,45,located,-18.830323062760346,-98.09176025360563,54.15853968596572
B4_M02,B4_W,B4,Consensus + Uncertainty,46,located,-21.758818361305583,-96.39048751715617,55.200734932316514
B4_M02,B4_W,B4,Consensus + Uncertainty,47,located,-19.18872657020472,-96.75963565965712,53.345104345885886
B4_M02,B4_W,B4,Consensus + Uncertainty,48,located,-19.090550266033976,-97.26013246183065,51.7333827452838
B4_M02,B4_W,B4,Consensus + Uncertainty,49,located,-18.544309298816827,-95.98752353568162,53.651949033115194
B4_M02,B4_W,B4,Consensus + Uncertainty,50,located,-19.17513292816113,-97.24824198547266,52.20101235783122
B4_M02,B4_W,B4,Consensus + Uncertainty,51,located,-21.473555295484125,-96.9961559591391,52.487052626289255
B4_M02,B4_W,B4,Consensus + Uncertainty,52,located,-20.611425014198836,-96.91423872788809,54.63224166270537
B4_M02,B4_W,B4,Consensus + Uncertainty,53,located,-18.693945547342473,-96.90079010554797,53.410504118996094
B4_M02,B4_W,B4,Consensus + Uncertainty,54,located,-19.270508569184358,-96.136533986639,55.49400180663518
B4_M02,B4_W,B4,Consensus + Uncertainty,55,located,-21.128173187891385,-96.00522848490161,51.87128070348487
B4_M02,B4_W,B4,Consensus + Uncertainty,56,located,-20.002045335020778,-98.02822680186834,55.26783363479177
B4_M02,B4_W,B4,Consensus + Uncertainty,57,located,-18.02644330217325,-97.76869714721374,54.50831032314962
B4_M02,B4_W,B4,Consensus + Uncertainty,58,located,-19.89168150615688,-96.20560595068257,55.108320296072854
B4_M02,B4_W,B4,Consensus + Uncertainty,59,located,-18.73540969346648,-96.76277350753647,52.74089564588434
B4_M02,B4_W,B4,Consensus + Uncertainty,60,located,-19.343056889491503,-97.91725420449445,53.55490514405995
B4_M02,B4_W,B4,Consensus + Uncertainty,61,located,-18.99800753130946,-97.12135903683406,52.46561939449617
B4_M02,B4_W,B4,Consensus + Uncertainty,62,located,-19.93537066080057,-96.59525865783789,47.37496793132146
B4_M02,B4_W,B4,Consensus + Uncertainty,63,located,-23.692390505751117,-97.12810198331074,51.83656906162486
B4_M02,B4_W,B4,Consensus + Uncertainty,64,located,-19.92821394333541,-97.21840775668879,52.16688740061194
B4_M02,B4_W,B4,Consensus + Uncertainty,65,located,-19.53948438393083,-98.85665137619291,53.77749047860492
B4_M02,B4_W,B4,Consensus + Uncertainty,66,located,-18.49916528358013,-97.60241792247491,50.956726808903056
B4_M02,B4_W,B4,Consensus + Uncertainty,67,located,-21.41842681825332,-95.8742007813872,51.98168313840082
B4_M02,B4_W,B4,Consensus + Uncertainty,68,located,-20.266674375634935,-96.92956426747668,52.090550042361535
B4_M02,B4_W,B4,Consensus + Uncertainty,69,located,-20.439719078449645,-96.03163898991711,53.83044056436202
B4_M02,B4_W,B4,Consensus + Uncertainty,70,located,-21.440845057339896,-96.8824425149341,52.21058398002909
B4_M02,B4_W,B4,Consensus + Uncertainty,71,located,-19.019889521153566,-96.82229018419626,52.521070141530465
B4_M02,B4_W,B4,Consensus + Uncertainty,72,located,-20.66231835067956,-95.76257947903427,52.77022802006904
B4_M02,B4_W,B4,Consensus + Uncertainty,73,located,-21.463023863241688,-95.98304249491284,52.179358420174545
B4_M02,B4_W,B4,Consensus + Uncertainty,74,located,-20.14181691209932,-97.89617829765055,55.19738557312362
B4_M02,B4_W,B4,Consensus + Uncertainty,75,located,-19.750224443586582,-95.78326056248063,54.07531484250663
B4_M02,B4_W,B4,Consensus + Uncertainty,76,located,-21.339818680990234,-96.12994242044687,51.82561946660639
B4_M02,B4_W,B4,Consensus + Uncertainty,77,located,-20.030529561703496,-98.331255112617,52.2768043306205
B4_M02,B4_W,B4,Consensus + Uncertainty,78,located,-18.778540933918364,-97.50806303031172,53.518791958733026
B4_M02,B4_W,B4,Consensus + Uncertainty,79,located,-19.97208715500821,-97.96129134153193,52.1900131424981
B4_M02,B4_W,B4,Consensus + Uncertainty,80,located,-20.103857893499235,-97.4041915216858,53.89226521451574
B4_M02,B4_W,B4,Consensus + Uncertainty,81,located,-20.47000519280741,-97.06790250882624,51.3712850220876
B4_M02,B4_W,B4,Consensus + Uncertainty,82,located,-18.52518064488985,-97.54907963220143,56.21110727870591
B4_M02,B4_W,B4,Consensus + Uncertainty,83,located,-21.529250818234388,-96.68861564333392,52.45900327444377
B4_M02,B4_W,B4,Consensus + Uncertainty,84,located,-19.657714325229996,-97.5190266652788,53.0723893039457
B4_M02,B4_W,B4,Consensus + Uncertainty,85,located,-21.856037437843494,-97.77819892699749,51.96010052793202
B4_M02,B4_W,B4,Consensus + Uncertainty,86,located,-18.63121646569971,-97.88318873172005,53.44732359413138
B4_M02,B4_W,B4,Consensus + Uncertainty,87,located,-18.049259982544992,-96.34064768710626,54.73000204227078
B4_M02,B4_W,B4,Consensus + Uncertainty,88,located,-19.170998310988736,-97.0531248884787,55.695427416948036
B4_M02,B4_W,B4,Consensus + Uncertainty,89,located,-20.2788416817658,-97.34567993885622,53.48802500745931
B4_M02,B4_W,B4,Consensus + Uncertainty,90,located,-19.450051304315018,-97.94156540644174,52.753933648187896
B4_M02,B4_W,B4,Consensus + Uncertainty,91,located,-18.3029255728422,-98.40664483177876,56.02739715294681
B4_M02,B4_W,B4,Consensus + Uncertainty,92,located,-20.783868820434954,-99.02977561868502,53.750328496228924
B4_M02,B4_W,B4,Consensus + Uncertainty,93,located,-20.456439402910675,-97.51289056415928,53.23125897154636
B4_M02,B4_W,B4,Consensus + Uncertainty,94,located,-19.222010116991335,-97.33223022890196,54.37868629689392
B4_M02,B4_W,B4,Consensus + Uncertainty,95,located,-22.137345390836924,-98.35308312844542,51.480693929883095
B4_M02,B4_W,B4,Consensus + Uncertainty,96,located,-21.87321902838182,-94.13827834789589,52.425049833483875
B4_M02,B4_W,B4,Consensus + Uncertainty,97,located,-18.654945819363217,-97.14141124409429,53.23181854126848
B4_M02,B4_W,B4,Consensus + Uncertainty,98,located,-23.063089404268826,-98.47166233720802,50.78497554675524
B4_M02,B4_W,B4,Consensus + Uncertainty,99,located,-19.048809679039195,-97.76050617569989,53.71075319242474
B4_M02,B4_W,B4,Consensus + Uncertainty,100,located,-19.201531952574598,-98.68762984962518,53.467462219952345
B4_M02,B4_W,B4,Consensus + Uncertainty,101,located,-19.81949223368159,-96.2710297890246,54.9888689394018
B4_M02,B4_W,B4,Consensus + Uncertainty,102,located,-19.723592925009658,-96.94066700488783,54.85061582648121
B4_M02,B4_W,B4,Consensus + Uncertainty,103,located,-22.302959239516003,-96.21344599700465,54.28063886164458
B4_M02,B4_W,B4,Consensus + Uncertainty,104,located,-21.104325531252087,-96.4546935611517,50.99086265252883
B4_M02,B4_W,B4,Consensus + Uncertainty,105,located,-20.657230692779773,-97.95838592852954,52.0978624444101
B4_M02,B4_W,B4,Consensus + Uncertainty,106,located,-19.832631984378853,-98.59708520635415,52.286311207838914
B4_M02,B4_W,B4,Consensus + Uncertainty,107,located,-22.613922813307905,-96.56956333377222,51.409321157917525
B4_M02,B4_W,B4,Consensus + Uncertainty,108,located,-19.830998263952193,-96.27034081725756,50.778629171542235
B4_M02,B4_W,B4,Consensus + Uncertainty,109,located,-20.248339692112438,-96.96738864080265,51.969409477383074
B4_M02,B4_W,B4,Consensus + Uncertainty,110,located,-21.277953085248285,-98.1098192034634,52.883416978436166
B4_M02,B4_W,B4,Consensus + Uncertainty,111,located,-21.131477561466294,-97.62858638777276,51.232455806596775
B4_M02,B4_W,B4,Consensus + Uncertainty,112,located,-19.990644493166677,-97.97587301982365,51.03650578887534
B4_M02,B4_W,B4,Consensus + Uncertainty,113,located,-20.274640817870733,-97.33923069994317,51.6247848361997
B4_M02,B4_W,B4,Consensus + Uncertainty,114,located,-17.23345769196055,-97.50048621233476,53.60388156536158
B4_M02,B4_W,B4,Consensus + Uncertainty,115,located,-21.53762310610081,-100.03125365127183,54.341366100184246
B4_M02,B4_W,B4,Consensus + Uncertainty,116,located,-19.159997121472617,-97.06510551610599,53.604133475289856
B4_M02,B4_W,B4,Consensus + Uncertainty,117,located,-19.54867183560495,-97.93841352380892,53.43423612686976
B4_M02,B4_W,B4,Consensus + Uncertainty,118,located,-20.56677163888663,-97.11783836840728,52.549049806017265
B4_M02,B4_W,B4,Consensus + Uncertainty,119,located,-18.117071177357182,-97.38280167810734,55.16981456945809
B4_M02,B4_W,B4,Consensus + Uncertainty,120,located,-18.656805315869644,-95.58611242345368,51.95753764949891
B4_M02,B4_W,B4,Consensus + Uncertainty,121,located,-19.593167822534724,-97.01598820017477,54.17897380804175
B4_M02,B4_W,B4,Consensus + Uncertainty,122,located,-18.76707465138336,-99.04143814931463,51.210754097241036
B4_M02,B4_W,B4,Consensus + Uncertainty,123,located,-19.217703333621078,-97.069915905837,52.10182658447717
B4_M02,B4_W,B4,Consensus + Uncertainty,124,located,-19.47796298316858,-97.58462784561848,51.187956876989226
B4_M02,B4_W,B4,Consensus + Uncertainty,125,located,-19.477776696934583,-97.29081162317122,53.213456631417344
B4_M02,B4_W,B4,Consensus + Uncertainty,126,located,-18.579931276218822,-97.47798605632916,54.075382977722825
B4_M02,B4_W,B4,Consensus + Uncertainty,127,located,-19.89847356724368,-97.06392242946028,53.70521245002131
B4_M02,B4_W,B4,Consensus + Uncertainty,128,located,-20.22947363723248,-97.88557827444815,52.94801677651521
B4_M02,B4_W,B4,Consensus + Uncertainty,129,located,-19.388820235523447,-95.83617124719551,50.234326900192116
B4_M02,B4_W,B4,Consensus + Uncertainty,130,located,-24.97273923496149,-97.20325348898861,51.160009430181205
B4_M02,B4_W,B4,Consensus + Uncertainty,131,located,-19.423573294426497,-97.78112910348554,52.6647363812983
B4_M02,B4_W,B4,Consensus + Uncertainty,132,located,-19.16372004267109,-97.63680808106298,54.42137214264466
B4_M02,B4_W,B4,Consensus + Uncertainty,133,located,-18.72338327566615,-97.58646315631628,55.00567608281242
B4_M02,B4_W,B4,Consensus + Uncertainty,134,located,-21.727135961844738,-95.81282972053951,53.080455383820244
B4_M02,B4_W,B4,Consensus + Uncertainty,135,located,-17.879709423685583,-97.86953375220517,54.05993846826253
B4_M02,B4_W,B4,Consensus + Uncertainty,136,located,-20.69646372739873,-96.81998749363792,51.031991912817475
B4_M02,B4_W,B4,Consensus + Uncertainty,137,located,-21.669211813803784,-98.01482918827301,52.03011745224944
B4_M02,B4_W,B4,Consensus + Uncertainty,138,located,-18.147345590683457,-96.60637979666797,56.406220176958925
B4_M02,B4_W,B4,Consensus + Uncertainty,139,located,-20.27089272284989,-97.2248051043857,52.066296584432706
B4_M02,B4_W,B4,Consensus + Uncertainty,140,located,-21.42057878879896,-95.45717561326943,53.35090126964124
B4_M02,B4_W,B4,Consensus + Uncertainty,141,located,-20.116111388224457,-96.6647645140906,53.34252811459732
B4_M02,B4_W,B4,Consensus + Uncertainty,142,located,-20.12771315381778,-97.42482809010207,53.23264055796862
B4_M02,B4_W,B4,Consensus + Uncertainty,143,located,-18.50551190023618,-98.63256672361986,55.60328247333316
B4_M02,B4_W,B4,Consensus + Uncertainty,144,located,-20.14036971806854,-98.29837910853121,52.535534768757536
B4_M02,B4_W,B4,Consensus + Uncertainty,145,located,-19.43807829265168,-99.25255130897395,56.02864284314216
B4_M02,B4_W,B4,Consensus + Uncertainty,146,located,-17.542142451862407,-97.74212101582891,54.576491375410036
B4_M02,B4_W,B4,Consensus + Uncertainty,147,located,-19.852101682315386,-97.3962468507681,52.25734070247869
B4_M02,B4_W,B4,Consensus + Uncertainty,148,located,-20.168708910595836,-96.3612591934221,52.80423544178515
B4_M02,B4_W,B4,Consensus + Uncertainty,149,located,-17.64325281683236,-98.27925710944598,54.13225253678673
B4_M02,B4_W,B4,Consensus + Uncertainty,150,located,-16.25901755457537,-97.17430848949486,55.289772449869325
B4_M02,B4_W,B4,Consensus + Uncertainty,151,located,-19.077047739699008,-96.59641281798106,55.91021872972365
B4_M02,B4_W,B4,Consensus + Uncertainty,152,located,-19.166794491839703,-98.2893452546616,52.48390439438991
B4_M02,B4_W,B4,Consensus + Uncertainty,153,located,-20.738050592177615,-96.68493332990127,52.414207478663016
B4_M02,B4_W,B4,Consensus + Uncertainty,154,located,-21.950903801674677,-95.62263820041088,52.41225310625335
B4_M02,B4_W,B4,Consensus + Uncertainty,155,located,-20.496146844292237,-96.82400905748851,53.695561672294225
B4_M02,B4_W,B4,Consensus + Uncertainty,156,located,-21.37646021153104,-95.92862036644391,52.599979809892766
B4_M02,B4_W,B4,Consensus + Uncertainty,157,located,-20.665410244088193,-96.82172523938472,54.22701966320062
B4_M02,B4_W,B4,Consensus + Uncertainty,158,located,-18.752235173957363,-96.4581932106329,53.82186219790566
B4_M02,B4_W,B4,Consensus + Uncertainty,159,located,-21.8751043802641,-97.04235198332191,50.64618741274962
B4_M02,B4_W,B4,Consensus + Uncertainty,160,located,-20.088632072858264,-97.79210854714657,52.62545344619975
B4_M02,B4_W,B4,Consensus + Uncertainty,161,located,-22.032990298162126,-95.94578832094568,54.095563820288795
B4_M02,B4_W,B4,Consensus + Uncertainty,162,located,-19.033185273272345,-97.4379257783104,52.351671025226075
B4_M02,B4_W,B4,Consensus + Uncertainty,163,located,-18.70153942832969,-96.8581436596597,53.397646421843824
B4_M02,B4_W,B4,Consensus + Uncertainty,164,located,-20.138475768994315,-97.23066821048872,51.79575612373812
B4_M02,B4_W,B4,Consensus + Uncertainty,165,located,-19.778712117480755,-98.10796183649502,53.07996716957441
B4_M02,B4_W,B4,Consensus + Uncertainty,166,located,-18.379346627364946,-97.80620634505516,52.57798682340874
B4_M02,B4_W,B4,Consensus + Uncertainty,167,located,-22.08221316150786,-96.61001825498222,51.11971770785079
B4_M02,B4_W,B4,Consensus + Uncertainty,168,located,-19.842615186487503,-97.45964764026951,52.549167356100305
B4_M02,B4_W,B4,Consensus + Uncertainty,169,located,-20.111408297459125,-98.08521649859216,55.86859668293576
B4_M02,B4_W,B4,Consensus + Uncertainty,170,located,-21.58452211491967,-97.69352672156175,51.31551327027751
B4_M02,B4_W,B4,Consensus + Uncertainty,171,located,-24.298839315005065,-95.02241839607461,51.201807998834994
B4_M02,B4_W,B4,Consensus + Uncertainty,172,located,-19.79766602007469,-98.11546094827234,53.139831484422054
B4_M02,B4_W,B4,Consensus + Uncertainty,173,located,-19.53202430404302,-97.150032228132,51.421970977349424
B4_M02,B4_W,B4,Consensus + Uncertainty,174,located,-22.299847381488945,-96.21080552814573,52.356869061868764
B4_M02,B4_W,B4,Consensus + Uncertainty,175,located,-19.664160707182603,-97.24114797498493,55.38625191967949
B4_M02,B4_W,B4,Consensus + Uncertainty,176,located,-21.395898307817212,-96.35114663975806,50.503965291855614
B4_M02,B4_W,B4,Consensus + Uncertainty,177,located,-19.189862270958894,-97.54762703794144,51.73321694649954
B4_M02,B4_W,B4,Consensus + Uncertainty,178,located,-19.48407055206611,-98.16644009470602,53.303753495963605
B4_M02,B4_W,B4,Consensus + Uncertainty,179,located,-19.97211977661528,-97.45265564281773,51.8710244106142
B4_M02,B4_W,B4,Consensus + Uncertainty,180,located,-22.102680110847018,-97.48044441734392,51.06241127639193
B4_M02,B4_W,B4,Consensus + Uncertainty,181,located,-21.97652933104728,-95.37631583538781,53.93233964213076
B4_M02,B4_W,B4,Consensus + Uncertainty,182,reject,,,
B4_M02,B4_W,B4,Consensus + Uncertainty,183,located,-17.776994821681882,-96.65752929454803,55.20772967047788
B4_M02,B4_W,B4,Consensus + Uncertainty,184,located,-17.38343033899853,-96.5597604889337,52.87635594275573
B4_M02,B4_W,B4,Consensus + Uncertainty,185,located,-19.79611395659496,-94.44759178092902,44.405096408281196
B4_M02,B4_W,B4,Consensus + Uncertainty,186,located,-20.362156588860774,-97.22839332339267,54.56647712108691
B4_M02,B4_W,B4,Consensus + Uncertainty,187,located,-19.827736365891226,-95.92592853518612,50.68265115303495
B4_M02,B4_W,B4,Consensus + Uncertainty,188,located,-19.58495935883168,-97.82387313906722,55.181753675226126
B4_M02,B4_W,B4,Consensus + Uncertainty,189,located,-20.374037158303125,-97.54365856428487,54.93589702198439
B4_M02,B4_W,B4,Consensus + Uncertainty,190,located,-22.413679149072447,-98.3744939159396,48.583403328386744
B4_M02,B4_W,B4,Consensus + Uncertainty,191,located,-21.260935549063905,-97.24838388258749,52.40530686290785
B4_M02,B4_W,B4,Consensus + Uncertainty,192,located,-19.752769941249305,-95.41341527992684,53.346469599963825
B4_M02,B4_W,B4,Consensus + Uncertainty,193,located,-20.524866599018097,-97.70446867721368,51.27243203777403
B4_M02,B4_W,B4,Consensus + Uncertainty,194,located,-20.66088099184941,-97.86829350310204,55.60463432972068
B4_M02,B4_W,B4,Consensus + Uncertainty,195,located,-20.317930312808322,-96.80471405189941,52.64103521085578
B4_M02,B4_W,B4,Consensus + Uncertainty,196,located,-20.42543053535723,-95.246209680329,52.35680128142821
B4_M02,B4_W,B4,Consensus + Uncertainty,197,located,-21.209785834439124,-97.47580699818893,51.79363359745074
B4_M02,B4_W,B4,Consensus + Uncertainty,198,located,-20.06492738475756,-96.56338559275653,53.253972449669824
B4_M02,B4_W,B4,Consensus + Uncertainty,199,located,-19.95426382354743,-96.42304317948569,50.39930199990367
B4_M02,B4_W,B4,Consensus + Uncertainty,200,located,-19.384645623711098,-97.28649679501635,55.272805085611516
B4_M02,B4_W,B4,Consensus + Uncertainty,201,located,-20.7600835811986,-95.83090178440636,52.94513891949878
B4_M02,B4_W,B4,Consensus + Uncertainty,202,located,-20.76315501095575,-97.69214531718308,52.02985871447164
B4_M02,B4_W,B4,Consensus + Uncertainty,203,located,-18.891910658487358,-97.15684817047345,53.82656087751512
B4_M02,B4_W,B4,Consensus + Uncertainty,204,located,-21.098565087599486,-96.67261773306315,51.88891460677117
B4_M02,B4_W,B4,Consensus + Uncertainty,205,located,-17.923955688208366,-97.94178135033923,55.44263869547771
B4_M02,B4_W,B4,Consensus + Uncertainty,206,located,-21.572940998517254,-95.72126858379295,52.16220507094263
B4_M02,B4_W,B4,Consensus + Uncertainty,207,located,-20.24469654286112,-96.53272920418168,52.93679808769628
B4_M02,B4_W,B4,Consensus + Uncertainty,208,located,-19.556361513210437,-96.72395575247918,51.98745125107061
B4_M02,B4_W,B4,Consensus + Uncertainty,209,located,-20.138386955275305,-95.16488215098117,52.30575131634413
B4_M02,B4_W,B4,Consensus + Uncertainty,210,located,-18.626488184185842,-97.70181438911389,54.6871498985424
B4_M02,B4_W,B4,Consensus + Uncertainty,211,located,-16.91220074882912,-96.87026419516151,53.892231109423804
B4_M02,B4_W,B4,Consensus + Uncertainty,212,located,-16.9644310828945,-96.01947975748699,53.14286082906999
B4_M02,B4_W,B4,Consensus + Uncertainty,213,located,-20.024027575144874,-97.78882880333202,53.58397687575176
B4_M02,B4_W,B4,Consensus + Uncertainty,214,located,-20.337204877658564,-97.44119797161429,54.009869663642974
B4_M02,B4_W,B4,Consensus + Uncertainty,215,located,-19.562604756262925,-97.15358556270475,54.14324789101186
B4_M02,B4_W,B4,Consensus + Uncertainty,216,located,-20.665086438508922,-98.1497996693644,52.96253171952954
B4_M02,B4_W,B4,Consensus + Uncertainty,217,located,-21.0314055780274,-98.18866841715088,53.844182944286594
B4_M02,B4_W,B4,Consensus + Uncertainty,218,located,-18.786614916771956,-98.92218255194561,53.90405709137939
B4_M02,B4_W,B4,Consensus + Uncertainty,219,located,-19.20142684368195,-97.15525554743019,54.23947851948992
B4_M02,B4_W,B4,Consensus + Uncertainty,220,located,-21.489685308641974,-98.85195207750094,52.73900987701987
B4_M02,B4_W,B4,Consensus + Uncertainty,221,located,-19.963496245443608,-96.90459584513029,52.678272689086704
B4_M02,B4_W,B4,Consensus + Uncertainty,222,located,-18.160200931555806,-97.60338269877755,53.831280500109045
B4_M02,B4_W,B4,Consensus + Uncertainty,223,located,-18.8303979787884,-97.31838105518617,53.87347407995554
B4_M02,B4_W,B4,Consensus + Uncertainty,224,located,-19.119839523343003,-96.85000894194654,55.4491776612654
B4_M02,B4_W,B4,Consensus + Uncertainty,225,located,-17.916787486438267,-97.25994475459646,55.18858240861904
B4_M02,B4_W,B4,Consensus + Uncertainty,226,located,-19.435373941245736,-99.22899733367892,53.990265343397574
B4_M02,B4_W,B4,Consensus + Uncertainty,227,located,-18.971083256344652,-96.83944981946743,51.10002680863536
B4_M02,B4_W,B4,Consensus + Uncertainty,228,located,-19.452519460941687,-97.48221922542187,52.48033396137984
B4_M02,B4_W,B4,Consensus + Uncertainty,229,located,-21.077993660719443,-96.68059736841172,53.686325645230475
B4_M02,B4_W,B4,Consensus + Uncertainty,230,located,-21.759517284485025,-97.5355401420852,51.03334805819356
B4_M02,B4_W,B4,Consensus + Uncertainty,231,located,-20.56613625935953,-97.47459346676493,52.65709534118656
B4_M02,B4_W,B4,Consensus + Uncertainty,232,located,-18.295824035655542,-97.81520479688831,52.594294767851544
B4_M02,B4_W,B4,Consensus + Uncertainty,233,located,-19.954217268942497,-97.51360810203941,54.61954985211466
B4_M02,B4_W,B4,Consensus + Uncertainty,234,located,-19.248714261973983,-98.26013451934965,55.791194505250814
B4_M02,B4_W,B4,Consensus + Uncertainty,235,located,-20.555090882315298,-95.306806354935,53.36686793847234
B4_M02,B4_W,B4,Consensus + Uncertainty,236,located,-18.91214913988528,-97.2510459842305,53.83316576659422
B4_M02,B4_W,B4,Consensus + Uncertainty,237,located,-19.21977279220066,-97.39278664250081,53.729595252253915
B4_M02,B4_W,B4,Consensus + Uncertainty,238,located,-20.849844635521908,-95.22444641363091,54.020973954361935
B4_M02,B4_W,B4,Consensus + Uncertainty,239,located,-21.328850948886053,-95.42779425214837,52.908508840159435
B4_M02,B4_W,B4,Consensus + Uncertainty,240,located,-20.920844443063647,-97.44160013650578,52.65682283373739
B4_M02,B4_W,B4,Consensus + Uncertainty,241,located,-21.057636901410085,-97.80266172595617,53.51897772430173
B4_M02,B4_W,B4,Consensus + Uncertainty,242,located,-18.749390641227908,-96.72288190883474,54.94544472861696
B4_M02,B4_W,B4,Consensus + Uncertainty,243,located,-19.072482465785523,-96.45124910899784,54.22813873767384
B4_M02,B4_W,B4,Consensus + Uncertainty,244,located,-18.259468005378654,-97.66264770728924,52.15470975685637
B4_M02,B4_W,B4,Consensus + Uncertainty,245,located,-18.636947211874016,-99.27142637852951,54.29314132776676
B4_M02,B4_W,B4,Consensus + Uncertainty,246,located,-20.294877431322895,-97.37260940923298,52.25339177056206
B4_M02,B4_W,B4,Consensus + Uncertainty,247,located,-19.289188585004222,-97.55922478893355,50.2679546009132
B4_M02,B4_W,B4,Consensus + Uncertainty,248,located,-20.194963429864742,-96.60841953692362,51.585915583113184
B4_M02,B4_W,B4,Consensus + Uncertainty,249,located,-20.279801937545923,-96.27147493749288,51.76219269793963
B4_M02,B4_W,B4,Consensus + Uncertainty,250,located,-19.781248533668812,-94.88626821690546,52.271170712646345
B4_M02,B4_W,B4,Consensus + Uncertainty,251,located,-20.2256339370886,-97.43996531229531,53.99993963941164
B4_M02,B4_W,B4,Consensus + Uncertainty,252,reject,,,
B4_M02,B4_W,B4,Consensus + Uncertainty,253,located,-18.913275217620637,-95.92926632394527,53.203054301103606
B4_M02,B4_W,B4,Consensus + Uncertainty,254,located,-20.046060148734764,-97.83325193448462,50.67324591432265
B4_M02,B4_W,B4,Consensus + Uncertainty,255,located,-18.952749018477242,-97.36836292737362,52.418257298488335
B4_M02,B4_W,B4,Consensus + Uncertainty,256,located,-20.176104991266467,-94.51526894603944,51.71028057581812
B4_M02,B4_W,B4,Consensus + Uncertainty,257,located,-18.015306530279926,-96.64782632086792,54.8835644999419
B4_M02,B4_W,B4,Consensus + Uncertainty,258,located,-20.743551602996565,-98.20413044588372,52.9907627188869
B4_M02,B4_W,B4,Consensus + Uncertainty,259,located,-19.554528549695195,-96.15681924096683,55.498292751115656
B4_M02,B4_W,B4,Consensus + Uncertainty,260,located,-22.035334508549212,-96.37650958124111,48.22768128878024
B4_M02,B4_W,B4,Consensus + Uncertainty,261,located,-20.72877409879359,-98.42025871709893,53.36221777398211
B4_M02,B4_W,B4,Consensus + Uncertainty,262,located,-19.319054122603593,-96.55246218983305,54.554176678099275
B4_M02,B4_W,B4,Consensus + Uncertainty,263,located,-19.451280562702685,-98.0185341557483,53.309209814443776
B4_M02,B4_W,B4,Consensus + Uncertainty,264,located,-20.77014455134784,-96.72454950041829,52.40084631874177
B4_M02,B4_W,B4,Consensus + Uncertainty,265,located,-18.62070747194709,-96.63053135537112,51.52659899241028
B4_M02,B4_W,B4,Consensus + Uncertainty,266,located,-22.809129498696553,-97.08317430280769,52.48896633351791
B4_M02,B4_W,B4,Consensus + Uncertainty,267,located,-20.324556193265455,-97.8352379515634,52.1780698544022
B4_M02,B4_W,B4,Consensus + Uncertainty,268,located,-19.696392212091045,-96.55740978144892,56.00005129558441
B4_M02,B4_W,B4,Consensus + Uncertainty,269,located,-20.279193384256118,-96.55768658525221,53.570873317940936
B4_M02,B4_W,B4,Consensus + Uncertainty,270,located,-20.88126290252328,-97.02182409692234,52.98670694560874
B4_M02,B4_W,B4,Consensus + Uncertainty,271,located,-20.86805666719603,-97.54304799692359,51.754856975337056
B4_M02,B4_W,B4,Consensus + Uncertainty,272,located,-21.456549032408265,-98.4994402242168,55.46376821103949
B4_M02,B4_W,B4,Consensus + Uncertainty,273,located,-18.2996146965772,-99.17153764861146,55.920756547312344
B4_M02,B4_W,B4,Consensus + Uncertainty,274,located,-20.111248398773448,-97.36315820717367,52.35339084631324
B4_M02,B4_W,B4,Consensus + Uncertainty,275,located,-18.77888448197827,-96.79600674299311,52.361188266922845
B4_M02,B4_W,B4,Consensus + Uncertainty,276,located,-19.407691854224336,-96.97538723944787,53.38259080549235
B4_M02,B4_W,B4,Consensus + Uncertainty,277,located,-17.063445101298527,-96.47560723368875,54.716532717348215
B4_M02,B4_W,B4,Consensus + Uncertainty,278,located,-20.010646244743228,-97.70733655739502,51.55151077014463
B4_M02,B4_W,B4,Consensus + Uncertainty,279,located,-19.94583446138485,-98.05592872285003,55.06201796763026
B4_M02,B4_W,B4,Consensus + Uncertainty,280,located,-18.19844720973363,-95.98113111519257,55.54538214968254
B4_M02,B4_W,B4,Consensus + Uncertainty,281,located,-20.17991458612547,-97.63218166006851,54.64323624627212
B4_M02,B4_W,B4,Consensus + Uncertainty,282,located,-21.064699918924127,-97.83844535386974,52.586354185665016
B4_M02,B4_W,B4,Consensus + Uncertainty,283,located,-18.8999523268175,-98.02090624773362,56.49408809552928
B4_M02,B4_W,B4,Consensus + Uncertainty,284,located,-19.588994603925556,-97.74101969646873,52.89848007235661
B4_M02,B4_W,B4,Consensus + Uncertainty,285,located,-17.09465315249858,-97.02508571608115,54.096863026120886
B4_M02,B4_W,B4,Consensus + Uncertainty,286,located,-21.216374794704862,-96.73918211999217,51.17813004946348
B4_M02,B4_W,B4,Consensus + Uncertainty,287,located,-20.470160229162488,-97.35125956180472,53.93282606224813
B4_M02,B4_W,B4,Consensus + Uncertainty,288,located,-18.87352483729812,-96.99655268347138,53.06152052750719
B4_M02,B4_W,B4,Consensus + Uncertainty,289,located,-21.78766478873389,-97.97255060057678,51.00980190975894
B4_M02,B4_W,B4,Consensus + Uncertainty,290,located,-20.64076530273071,-98.16597099669208,51.33068140418334
B4_M02,B4_W,B4,Consensus + Uncertainty,291,located,-20.37782894596453,-97.45218960861476,52.61996598000826
B4_M02,B4_W,B4,Consensus + Uncertainty,292,located,-17.24455879423234,-97.90751585020628,55.72680304333972
B4_M02,B4_W,B4,Consensus + Uncertainty,293,located,-21.6732900975257,-98.12105991457733,49.800831968494705
B4_M02,B4_W,B4,Consensus + Uncertainty,294,located,-19.577677444190314,-96.86102555940819,51.27115868766534
B4_M02,B4_W,B4,Consensus + Uncertainty,295,located,-19.39626219142478,-97.9153958191448,54.38891624129197
B4_M02,B4_W,B4,Consensus + Uncertainty,296,located,-19.84876137453591,-96.25768766241549,55.35436260273333
B4_M02,B4_W,B4,Consensus + Uncertainty,297,located,-19.778446249327796,-96.88836406362178,52.75570739735749
B4_M02,B4_W,B4,Consensus + Uncertainty,298,located,-21.041666879814773,-97.84311997041813,54.332687356264486
B4_M02,B4_W,B4,Consensus + Uncertainty,299,located,-19.460730029247625,-96.96139116373548,55.13570774468051
B4_M02,B4_W,B4,Consensus + Uncertainty,300,located,-20.721990322472696,-97.06308344497101,54.167827196063016
B4_M02,B4_W,B4,Consensus + Uncertainty,301,located,-22.023681208933382,-95.55552657005906,53.25426257342905
B4_M02,B4_W,B4,Consensus + Uncertainty,302,located,-19.735583669010662,-95.8474369740553,54.25748076718538
B4_M02,B4_W,B4,Consensus + Uncertainty,303,located,-19.375922425195643,-95.50024645624458,53.142415765047815
B4_M02,B4_W,B4,Consensus + Uncertainty,304,located,-18.777498368337444,-97.83867480992355,54.332648592030765
B4_M02,B4_W,B4,Consensus + Uncertainty,305,located,-22.68956573462982,-97.13329290358483,50.945482855226025
B4_M02,B4_W,B4,Consensus + Uncertainty,306,located,-21.044743541047062,-97.08672144738205,49.45424994599261
B4_M02,B4_W,B4,Consensus + Uncertainty,307,located,-20.859584121743012,-95.97172980001093,51.8691425520866
B4_M02,B4_W,B4,Consensus + Uncertainty,308,located,-19.777949933593586,-96.23951704251549,52.37445085258913
B4_M02,B4_W,B4,Consensus + Uncertainty,309,located,-20.973457832928673,-96.33203367206967,51.31203309255432
B4_M02,B4_W,B4,Consensus + Uncertainty,310,located,-21.0568717850679,-96.16171118881905,51.56926014424635
B4_M02,B4_W,B4,Consensus + Uncertainty,311,located,-20.639599668883353,-96.11720637074886,53.04561553294934
B4_M02,B4_W,B4,Consensus + Uncertainty,312,located,-16.85333209325235,-97.13113305113737,54.293065326057715
B4_M02,B4_W,B4,Consensus + Uncertainty,313,located,-20.145611135625437,-98.37454660942488,51.24413253358715
B4_M02,B4_W,B4,Consensus + Uncertainty,314,located,-19.05975203572006,-97.1513851566375,54.42491231406432
B4_M02,B4_W,B4,Consensus + Uncertainty,315,located,-21.197965607498478,-97.17407437530096,54.0081240811108
B4_M02,B4_W,B4,Consensus + Uncertainty,316,located,-21.041914590719436,-98.31569242163643,51.889449663116864
B4_M02,B4_W,B4,Consensus + Uncertainty,317,located,-19.033286579373314,-97.77707292758276,51.28360176071581
B4_M02,B4_W,B4,Consensus + Uncertainty,318,located,-19.91291886537223,-97.76638704959483,54.704571253338116
B4_M02,B4_W,B4,Consensus + Uncertainty,319,located,-17.46011860954555,-97.18838190636684,55.87403889844245
B4_M02,B4_W,B4,Consensus + Uncertainty,320,located,-19.995787384994397,-96.50090816312319,53.80547144334442
B4_M02,B4_W,B4,Consensus + Uncertainty,321,located,-19.30822515890779,-97.22803283262195,54.23760136721797
B4_M02,B4_W,B4,Consensus + Uncertainty,322,located,-19.690896118339545,-97.43996875922755,51.547449289557996
B4_M02,B4_W,B4,Consensus + Uncertainty,323,located,-21.261770658728047,-97.39727581255437,52.86998609300382
B4_M02,B4_W,B4,Consensus + Uncertainty,324,located,-18.200599530239067,-97.15502413065153,52.080261767949125
B4_M02,B4_W,B4,Consensus + Uncertainty,325,located,-20.055382291137775,-97.54159645250009,53.978049082762
B4_M02,B4_W,B4,Consensus + Uncertainty,326,located,-18.46876665434776,-97.16028918650039,54.700243308958626
B4_M02,B4_W,B4,Consensus + Uncertainty,327,located,-20.262400998586838,-96.94426036014934,51.19759911952362
B4_M02,B4_W,B4,Consensus + Uncertainty,328,located,-21.747159231486478,-95.73344277713478,53.58375652871478
B4_M02,B4_W,B4,Consensus + Uncertainty,329,located,-21.626370030711332,-97.99438774500852,52.08385840838715
B4_M02,B4_W,B4,Consensus + Uncertainty,330,located,-21.173724244781827,-96.39303685920169,46.741144325360594
B4_M02,B4_W,B4,Consensus + Uncertainty,331,located,-17.93069549602321,-95.98185131400795,53.60313895916643
B4_M02,B4_W,B4,Consensus + Uncertainty,332,located,-22.371638579663866,-98.00100389749333,51.261743363915826
B4_M02,B4_W,B4,Consensus + Uncertainty,333,located,-19.651550968709312,-97.09927241960247,52.54701179279536
B4_M02,B4_W,B4,Consensus + Uncertainty,334,located,-18.56022044247891,-96.54550892070186,53.393261555082454
B4_M02,B4_W,B4,Consensus + Uncertainty,335,located,-21.324283714703235,-96.99893481147782,52.42051660794609
B4_M02,B4_W,B4,Consensus + Uncertainty,336,located,-20.31142301987637,-97.34521882541195,51.92820823312525
B4_M02,B4_W,B4,Consensus + Uncertainty,337,located,-21.106102456305305,-97.42980341245573,51.50621786796758
B4_M02,B4_W,B4,Consensus + Uncertainty,338,located,-20.665358525838368,-97.09129315930848,52.863284950253494
B4_M02,B4_W,B4,Consensus + Uncertainty,339,located,-19.139773694203956,-97.05642090685515,53.88684026117216
B4_M02,B4_W,B4,Consensus + Uncertainty,340,located,-19.065749761550155,-96.1696003987077,54.819035356410396
B4_M02,B4_W,B4,Consensus + Uncertainty,341,located,-20.933956328066945,-96.19076821431716,50.61449645275927
B4_M02,B4_W,B4,Consensus + Uncertainty,342,located,-19.519198821615372,-97.30537189200199,51.430646851892114
B4_M02,B4_W,B4,Consensus + Uncertainty,343,located,-20.268325354107002,-97.40724700142947,56.09044407265427
B4_M02,B4_W,B4,Consensus + Uncertainty,344,located,-19.2984916945852,-97.94453154157254,53.94490685885755
B4_M02,B4_W,B4,Consensus + Uncertainty,345,located,-19.888119152199447,-95.156693920784,55.44540945249419
B4_M02,B4_W,B4,Consensus + Uncertainty,346,located,-22.256581334661874,-96.89922874667047,50.901297890337275
B4_M02,B4_W,B4,Consensus + Uncertainty,347,located,-24.26029108497373,-95.91441195343648,40.14662539104932
B4_M02,B4_W,B4,Consensus + Uncertainty,348,located,-19.82755891542927,-97.81929775011679,54.43120081494454
B4_M02,B4_W,B4,Consensus + Uncertainty,349,located,-20.528220939945648,-97.53265824364605,50.90972077940207
B4_M02,B4_W,B4,Consensus + Uncertainty,350,located,-21.004078598274962,-95.8856188752837,51.8847561455081
B4_M02,B4_W,B4,Consensus + Uncertainty,351,located,-22.49652347534346,-96.7162573092556,53.480045162354976
B4_M02,B4_W,B4,Consensus + Uncertainty,352,located,-22.142097825414062,-96.94412292830728,52.12908085549546
B4_M02,B4_W,B4,Consensus + Uncertainty,353,located,-21.999085674525496,-97.11351687459846,51.66048702769499
B4_M02,B4_W,B4,Consensus + Uncertainty,354,located,-21.318602871797953,-95.03022075089596,51.49868500024735
B4_M02,B4_W,B4,Consensus + Uncertainty,355,located,-18.75830567890792,-97.11625500898144,52.71062620745622
B4_M02,B4_W,B4,Consensus + Uncertainty,356,located,-20.257462117053848,-96.91239670679559,49.95912875070647
B4_M02,B4_W,B4,Consensus + Uncertainty,357,located,-17.973716161099258,-97.82738662778841,51.859615596269286
B4_M02,B4_W,B4,Consensus + Uncertainty,358,located,-19.923445682207518,-97.25958650719431,50.58656936695936
B4_M02,B4_W,B4,Consensus + Uncertainty,359,located,-18.720448887919297,-96.66806029119458,52.7600701698023
B4_M02,B4_W,B4,Consensus + Uncertainty,360,located,-22.188153780689927,-96.51761292551117,52.80911807481826
B4_M02,B4_W,B4,Consensus + Uncertainty,361,located,-21.3431542315243,-98.20528353413481,53.42070797496374
B4_M02,B4_W,B4,Consensus + Uncertainty,362,located,-18.792920062021597,-97.03530373306451,55.415630432962345
B4_M02,B4_W,B4,Consensus + Uncertainty,363,located,-19.616585978697497,-97.35183824025603,52.84292336688197
B4_M02,B4_W,B4,Consensus + Uncertainty,364,located,-19.160594629026882,-97.03545787247548,55.75656689739765
B4_M02,B4_W,B4,Consensus + Uncertainty,365,located,-20.370761033330044,-96.3521675363301,51.29675662827829
B4_M02,B4_W,B4,Consensus + Uncertainty,366,located,-19.764620332741096,-97.33929591290567,51.01164438707256
B4_M02,B4_W,B4,Consensus + Uncertainty,367,located,-21.307318316196035,-96.9146514261193,53.09270500567288
B4_M02,B4_W,B4,Consensus + Uncertainty,368,located,-20.221709866783456,-97.875681340149,54.6616082710026
B4_M02,B4_W,B4,Consensus + Uncertainty,369,located,-18.69577828211538,-97.27619450122421,57.04122275098596
B4_M02,B4_W,B4,Consensus + Uncertainty,370,located,-19.927733168253308,-97.1175126662236,50.38123649926054
B4_M02,B4_W,B4,Consensus + Uncertainty,371,located,-19.425123598702015,-96.65703589270933,51.65353340946166
B4_M02,B4_W,B4,Consensus + Uncertainty,372,located,-15.809961128692056,-98.79924573774825,54.47872142886311
B4_M02,B4_W,B4,Consensus + Uncertainty,373,located,-21.735041604102918,-95.53317973787541,53.34731806836099
B4_M02,B4_W,B4,Consensus + Uncertainty,374,located,-19.170690436707215,-97.56359020376503,53.85653594605089
B4_M02,B4_W,B4,Consensus + Uncertainty,375,located,-19.01333413320282,-97.49637905367403,53.98316835175342
B4_M02,B4_W,B4,Consensus + Uncertainty,376,located,-22.03039300833213,-97.09298467538612,51.72251369771193
B4_M02,B4_W,B4,Consensus + Uncertainty,377,located,-22.7312064576359,-99.03042020025113,53.22901125284994
B4_M02,B4_W,B4,Consensus + Uncertainty,378,located,-19.393499527709398,-95.85264800137348,54.86193718181698
B4_M02,B4_W,B4,Consensus + Uncertainty,379,located,-19.671827503677772,-96.59297916723564,52.266240983579685
B4_M02,B4_W,B4,Consensus + Uncertainty,380,located,-20.43295840220152,-97.31077508025344,50.44742155709521
B4_M02,B4_W,B4,Consensus + Uncertainty,381,located,-20.71097953172884,-95.90756964413379,54.96488694260525
B4_M02,B4_W,B4,Consensus + Uncertainty,382,located,-19.47777637961855,-97.12231800452878,51.103138873110616
B4_M02,B4_W,B4,Consensus + Uncertainty,383,located,-18.805697271075,-97.10927689977818,55.22536851468345
B4_M02,B4_W,B4,Consensus + Uncertainty,384,located,-18.14667125970407,-97.06513288702052,51.466563366380925
B4_M02,B4_W,B4,Consensus + Uncertainty,385,located,-19.199108835684278,-96.25148629436055,52.57299119587167
B4_M02,B4_W,B4,Consensus + Uncertainty,386,located,-18.40891302304207,-97.589592156353,53.71081438992618
B4_M02,B4_W,B4,Consensus + Uncertainty,387,located,-16.418011319657275,-97.8653395628262,55.83822959249438
B4_M02,B4_W,B4,Consensus + Uncertainty,388,located,-18.36201372047875,-98.45103777600296,54.70211645155131
B4_M02,B4_W,B4,Consensus + Uncertainty,389,located,-22.778732769326652,-96.18098548511729,52.16877474937155
B4_M02,B4_W,B4,Consensus + Uncertainty,390,located,-19.72809566762633,-97.58352250362532,51.88456219914833
B4_M02,B4_W,B4,Consensus + Uncertainty,391,located,-18.934175385590333,-97.07784332495237,54.317270314714364
B4_M02,B4_W,B4,Consensus + Uncertainty,392,located,-22.51032125147915,-97.81550596333693,54.91348610053726
B4_M02,B4_W,B4,Consensus + Uncertainty,393,located,-18.5531456342574,-95.75517883717424,53.15431758815811
B4_M02,B4_W,B4,Consensus + Uncertainty,394,located,-21.833443692032375,-95.45380380057391,54.509729161005744
B4_M02,B4_W,B4,Consensus + Uncertainty,395,located,-19.572265928762793,-97.99998531321697,51.303990732255876
B4_M02,B4_W,B4,Consensus + Uncertainty,396,located,-21.22199829557993,-96.06894682781025,52.995129556628555
B4_M02,B4_W,B4,Consensus + Uncertainty,397,located,-20.77067391209774,-97.41322969928919,53.37480555804491
B4_M02,B4_W,B4,Consensus + Uncertainty,398,located,-17.562704153353604,-96.9091999612652,53.69387907824908
B4_M02,B4_W,B4,Consensus + Uncertainty,399,located,-20.693504634460812,-97.37953711016583,52.16454353845303
