sample_id,batch,event_id,clip_id,session,drone,video_V,video_T,pts_or_offset,timestamp,camera_mode,focal,zoom,gimbal_yaw,gimbal_pitch,gps_lat,gps_lon,state_truth,V_source_visible,T_source_visible,V_point_x,V_point_y,T_point_x,T_point_y,physical_source_id,same_source_confidence,reference_type,reference_lat,reference_lon,truth_origin,truth_detail,review_sheet
B3_10m07_D02_pts_v2:00:p0,B3,B3_DJI_20260908100606_0001,B3_10m07_D02_pts_v2,DJI_202609080957_005,uav-02,@raw/03_第三批_20260908_1006_多火点/01_正式视频/无人机02_1581F7K3C267500D2DQD/DJI_202609080957_005/DJI_20260908100606_0001_V.MP4,@raw/03_第三批_20260908_1006_多火点/01_正式视频/无人机02_1581F7K3C267500D2DQD/DJI_202609080957_005/DJI_20260908100606_0001_T.MP4,53.0196,,,,,,,,,active_fire,yes,yes,383.2894762351573,239.99997657642083,247.10516988735662,295.5272577233948,,reviewer_same_source,none,,,existing_manual,B3_10m07_D02_pts_v2:00; source point order=0; local reviewer label=F1; V/T association follows reviewer order; cross-UAV physical ID unverified; no independently linked LRF,@recovery/video_clips/B3_10m07_D02_pts_v2/V/000001.jpg
B3_10m07_D02_pts_v2:00:p1,B3,B3_DJI_20260908100606_0001,B3_10m07_D02_pts_v2,DJI_202609080957_005,uav-02,@raw/03_第三批_20260908_1006_多火点/01_正式视频/无人机02_1581F7K3C267500D2DQD/DJI_202609080957_005/DJI_20260908100606_0001_V.MP4,@raw/03_第三批_20260908_1006_多火点/01_正式视频/无人机02_1581F7K3C267500D2DQD/DJI_202609080957_005/DJI_20260908100606_0001_T.MP4,53.0196,,,,,,,,,active_fire,yes,yes,1409.6052785874076,879.4736465214592,891.842020083001,693.6864457737543,,reviewer_same_source,none,,,existing_manual,B3_10m07_D02_pts_v2:00; source point order=1; local reviewer label=F1; V/T association follows reviewer order; cross-UAV physical ID unverified; no independently linked LRF,@recovery/video_clips/B3_10m07_D02_pts_v2/V/000001.jpg
B3_10m07_D02_pts_v2:01:p0,B3,B3_DJI_20260908100606_0001,B3_10m07_D02_pts_v2,DJI_202609080957_005,uav-02,@raw/03_第三批_20260908_1006_多火点/01_正式视频/无人机02_1581F7K3C267500D2DQD/DJI_202609080957_005/DJI_20260908100606_0001_V.MP4,@raw/03_第三批_20260908_1006_多火点/01_正式视频/无人机02_1581F7K3C267500D2DQD/DJI_202609080957_005/DJI_20260908100606_0001_T.MP4,56.423,,,,,,,,,active_fire,yes,yes,375.3947392939861,215.52630495826978,239.2104329461855,289.73777338131106,,reviewer_same_source,none,,,existing_manual,B3_10m07_D02_pts_v2:01; source point order=0; local reviewer label=F1; V/T association follows reviewer order; cross-UAV physical ID unverified; no independently linked LRF,@recovery/video_clips/B3_10m07_D02_pts_v2/V/000018.jpg
B3_10m07_D02_pts_v2:01:p1,B3,B3_DJI_20260908100606_0001,B3_10m07_D02_pts_v2,DJI_202609080957_005,uav-02,@raw/03_第三批_20260908_1006_多火点/01_正式视频/无人机02_1581F7K3C267500D2DQD/DJI_202609080957_005/DJI_20260908100606_0001_V.MP4,@raw/03_第三批_20260908_1006_多火点/01_正式视频/无人机02_1581F7K3C267500D2DQD/DJI_202609080957_005/DJI_20260908100606_0001_T.MP4,56.423,,,,,,,,,active_fire,yes,yes,1399.7368574109437,874.7368165682783,899.7367570241722,696.3180332160504,,reviewer_same_source,none,,,existing_manual,B3_10m07_D02_pts_v2:01; source point order=1; local reviewer label=F1; V/T association follows reviewer order; cross-UAV physical ID unverified; no independently linked LRF,@recovery/video_clips/B3_10m07_D02_pts_v2/V/000018.jpg
B3_10m07_D02_pts_v2:02:p0,B3,B3_DJI_20260908100606_0001,B3_10m07_D02_pts_v2,DJI_202609080957_005,uav-02,@raw/03_第三批_20260908_1006_多火点/01_正式视频/无人机02_1581F7K3C267500D2DQD/DJI_202609080957_005/DJI_20260908100606_0001_V.MP4,@raw/03_第三批_20260908_1006_多火点/01_正式视频/无人机02_1581F7K3C267500D2DQD/DJI_202609080957_005/DJI_20260908100606_0001_T.MP4,59.6262,,,,,,,,,active_fire,yes,yes,379.3421077645717,211.57893662527573,249.73674886774702,288.421979660163,,reviewer_same_source,none,,,existing_manual,B3_10m07_D02_pts_v2:02; source point order=0; local reviewer label=F1; V/T association follows reviewer order; cross-UAV physical ID unverified; no independently linked LRF,@recovery/video_clips/B3_10m07_D02_pts_v2/V/000034.jpg
B3_10m07_D02_pts_v2:02:p1,B3,B3_DJI_20260908100606_0001,B3_10m07_D02_pts_v2,DJI_202609080957_005,uav-02,@raw/03_第三批_20260908_1006_多火点/01_正式视频/无人机02_1581F7K3C267500D2DQD/DJI_202609080957_005/DJI_20260908100606_0001_V.MP4,@raw/03_第三批_20260908_1006_多火点/01_正式视频/无人机02_1581F7K3C267500D2DQD/DJI_202609080957_005/DJI_20260908100606_0001_T.MP4,59.6262,,,,,,,,,active_fire,yes,yes,1403.6842258815293,874.7368165682783,903.6841254947578,693.6864457737543,,reviewer_same_source,none,,,existing_manual,B3_10m07_D02_pts_v2:02; source point order=1; local reviewer label=F1; V/T association follows reviewer order; cross-UAV physical ID unverified; no independently linked LRF,@recovery/video_clips/B3_10m07_D02_pts_v2/V/000034.jpg
B3_10m07_D02_pts_v2:03:p0,B3,B3_DJI_20260908100606_0001,B3_10m07_D02_pts_v2,DJI_202609080957_005,uav-02,@raw/03_第三批_20260908_1006_多火点/01_正式视频/无人机02_1581F7K3C267500D2DQD/DJI_202609080957_005/DJI_20260908100606_0001_V.MP4,@raw/03_第三批_20260908_1006_多火点/01_正式视频/无人机02_1581F7K3C267500D2DQD/DJI_202609080957_005/DJI_20260908100606_0001_T.MP4,63.0296,,,,,,,,,active_fire,yes,yes,373.4210550586933,208.4210299124683,247.10516988735662,278.4219393484705,,reviewer_same_source,none,,,existing_manual,B3_10m07_D02_pts_v2:03; source point order=0; local reviewer label=F1; V/T association follows reviewer order; cross-UAV physical ID unverified; no independently linked LRF,@recovery/video_clips/B3_10m07_D02_pts_v2/V/000051.jpg
B3_10m07_D02_pts_v2:03:p1,B3,B3_DJI_20260908100606_0001,B3_10m07_D02_pts_v2,DJI_202609080957_005,uav-02,@raw/03_第三批_20260908_1006_多火点/01_正式视频/无人机02_1581F7K3C267500D2DQD/DJI_202609080957_005/DJI_20260908100606_0001_V.MP4,@raw/03_第三批_20260908_1006_多火点/01_正式视频/无人机02_1581F7K3C267500D2DQD/DJI_202609080957_005/DJI_20260908100606_0001_T.MP4,63.0296,,,,,,,,,active_fire,yes,yes,1413.5526470579932,865.6578573559798,903.6841254947578,700.7917238369861,,reviewer_same_source,none,,,existing_manual,B3_10m07_D02_pts_v2:03; source point order=1; local reviewer label=F1; V/T association follows reviewer order; cross-UAV physical ID unverified; no independently linked LRF,@recovery/video_clips/B3_10m07_D02_pts_v2/V/000051.jpg
B3_10m07_D02_pts_v2:04:p0,B3,B3_DJI_20260908100606_0001,B3_10m07_D02_pts_v2,DJI_202609080957_005,uav-02,@raw/03_第三批_20260908_1006_多火点/01_正式视频/无人机02_1581F7K3C267500D2DQD/DJI_202609080957_005/DJI_20260908100606_0001_V.MP4,@raw/03_第三批_20260908_1006_多火点/01_正式视频/无人机02_1581F7K3C267500D2DQD/DJI_202609080957_005/DJI_20260908100606_0001_T.MP4,66.2328,,,,,,,,,active_fire,yes,yes,367.50000235281493,212.36839824546237,247.10516988735662,285.0009079542106,,reviewer_same_source,none,,,existing_manual,B3_10m07_D02_pts_v2:04; source point order=0; local reviewer label=F1; V/T association follows reviewer order; cross-UAV physical ID unverified; no independently linked LRF,@recovery/video_clips/B3_10m07_D02_pts_v2/V/000067.jpg
B3_10m07_D02_pts_v2:04:p1,B3,B3_DJI_20260908100606_0001,B3_10m07_D02_pts_v2,DJI_202609080957_005,uav-02,@raw/03_第三批_20260908_1006_多火点/01_正式视频/无人机02_1581F7K3C267500D2DQD/DJI_202609080957_005/DJI_20260908100606_0001_V.MP4,@raw/03_第三批_20260908_1006_多火点/01_正式视频/无人机02_1581F7K3C267500D2DQD/DJI_202609080957_005/DJI_20260908100606_0001_T.MP4,66.2328,,,,,,,,,active_fire,yes,yes,1399.7368574109437,883.4210148544531,904.999914984953,702.1075175581341,,reviewer_same_source,none,,,existing_manual,B3_10m07_D02_pts_v2:04; source point order=1; local reviewer label=F1; V/T association follows reviewer order; cross-UAV physical ID unverified; no independently linked LRF,@recovery/video_clips/B3_10m07_D02_pts_v2/V/000067.jpg
B3_10m07_D02_pts_v2:05:p0,B3,B3_DJI_20260908100606_0001,B3_10m07_D02_pts_v2,DJI_202609080957_005,uav-02,@raw/03_第三批_20260908_1006_多火点/01_正式视频/无人机02_1581F7K3C267500D2DQD/DJI_202609080957_005/DJI_20260908100606_0001_V.MP4,@raw/03_第三批_20260908_1006_多火点/01_正式视频/无人机02_1581F7K3C267500D2DQD/DJI_202609080957_005/DJI_20260908100606_0001_T.MP4,69.6362,,,,,,,,,active_fire,yes,yes,369.47368658810774,200.52629324648018,247.10516988735662,282.36932051191457,,reviewer_same_source,none,,,existing_manual,B3_10m07_D02_pts_v2:05; source point order=0; local reviewer label=F1; V/T association follows reviewer order; cross-UAV physical ID unverified; no independently linked LRF,@recovery/video_clips/B3_10m07_D02_pts_v2/V/000084.jpg
B3_10m07_D02_pts_v2:05:p1,B3,B3_DJI_20260908100606_0001,B3_10m07_D02_pts_v2,DJI_202609080957_005,uav-02,@raw/03_第三批_20260908_1006_多火点/01_正式视频/无人机02_1581F7K3C267500D2DQD/DJI_202609080957_005/DJI_20260908100606_0001_V.MP4,@raw/03_第三批_20260908_1006_多火点/01_正式视频/无人机02_1581F7K3C267500D2DQD/DJI_202609080957_005/DJI_20260908100606_0001_T.MP4,69.6362,,,,,,,,,active_fire,yes,yes,1411.5789628227003,867.6315415224769,899.7367570241722,696.8443426735421,,reviewer_same_source,none,,,existing_manual,B3_10m07_D02_pts_v2:05; source point order=1; local reviewer label=F1; V/T association follows reviewer order; cross-UAV physical ID unverified; no independently linked LRF,@recovery/video_clips/B3_10m07_D02_pts_v2/V/000084.jpg
B3_10m07_D02_pts_v2:06:p0,B3,B3_DJI_20260908100606_0001,B3_10m07_D02_pts_v2,DJI_202609080957_005,uav-02,@raw/03_第三批_20260908_1006_多火点/01_正式视频/无人机02_1581F7K3C267500D2DQD/DJI_202609080957_005/DJI_20260908100606_0001_V.MP4,@raw/03_第三批_20260908_1006_多火点/01_正式视频/无人机02_1581F7K3C267500D2DQD/DJI_202609080957_005/DJI_20260908100606_0001_T.MP4,72.8394,,,,,,,,,active_fire,yes,yes,369.47368658810774,202.49997741297722,251.05253835794224,287.63249539650667,,reviewer_same_source,none,,,existing_manual,B3_10m07_D02_pts_v2:06; source point order=0; local reviewer label=F1; V/T association follows reviewer order; cross-UAV physical ID unverified; no independently linked LRF,@recovery/video_clips/B3_10m07_D02_pts_v2/V/000100.jpg
B3_10m07_D02_pts_v2:06:p1,B3,B3_DJI_20260908100606_0001,B3_10m07_D02_pts_v2,DJI_202609080957_005,uav-02,@raw/03_第三批_20260908_1006_多火点/01_正式视频/无人机02_1581F7K3C267500D2DQD/DJI_202609080957_005/DJI_20260908100606_0001_V.MP4,@raw/03_第三批_20260908_1006_多火点/01_正式视频/无人机02_1581F7K3C267500D2DQD/DJI_202609080957_005/DJI_20260908100606_0001_T.MP4,72.8394,,,,,,,,,active_fire,yes,yes,1399.7368574109437,871.5789098554709,898.420967533977,703.4233112792822,,reviewer_same_source,none,,,existing_manual,B3_10m07_D02_pts_v2:06; source point order=1; local reviewer label=F1; V/T association follows reviewer order; cross-UAV physical ID unverified; no independently linked LRF,@recovery/video_clips/B3_10m07_D02_pts_v2/V/000100.jpg
B3_10m07_D02_pts_v2:07:p0,B3,B3_DJI_20260908100606_0001,B3_10m07_D02_pts_v2,DJI_202609080957_005,uav-02,@raw/03_第三批_20260908_1006_多火点/01_正式视频/无人机02_1581F7K3C267500D2DQD/DJI_202609080957_005/DJI_20260908100606_0001_V.MP4,@raw/03_第三批_20260908_1006_多火点/01_正式视频/无人机02_1581F7K3C267500D2DQD/DJI_202609080957_005/DJI_20260908100606_0001_T.MP4,76.2428,,,,,,,,,active_fire,yes,yes,377.3684235292789,210.39471407896536,251.05253835794224,286.3167016753587,,reviewer_same_source,none,,,existing_manual,B3_10m07_D02_pts_v2:07; source point order=0; local reviewer label=F1; V/T association follows reviewer order; cross-UAV physical ID unverified; no independently linked LRF,@recovery/video_clips/B3_10m07_D02_pts_v2/V/000117.jpg
B3_10m07_D02_pts_v2:07:p1,B3,B3_DJI_20260908100606_0001,B3_10m07_D02_pts_v2,DJI_202609080957_005,uav-02,@raw/03_第三批_20260908_1006_多火点/01_正式视频/无人机02_1581F7K3C267500D2DQD/DJI_202609080957_005/DJI_20260908100606_0001_V.MP4,@raw/03_第三批_20260908_1006_多火点/01_正式视频/无人机02_1581F7K3C267500D2DQD/DJI_202609080957_005/DJI_20260908100606_0001_T.MP4,76.2428,,,,,,,,,active_fire,yes,yes,1403.6842258815293,865.6578573559798,903.6841254947578,699.4759301158381,,reviewer_same_source,none,,,existing_manual,B3_10m07_D02_pts_v2:07; source point order=1; local reviewer label=F1; V/T association follows reviewer order; cross-UAV physical ID unverified; no independently linked LRF,@recovery/video_clips/B3_10m07_D02_pts_v2/V/000117.jpg
B3_10m07_D02_pts_v2:08:p0,B3,B3_DJI_20260908100606_0001,B3_10m07_D02_pts_v2,DJI_202609080957_005,uav-02,@raw/03_第三批_20260908_1006_多火点/01_正式视频/无人机02_1581F7K3C267500D2DQD/DJI_202609080957_005/DJI_20260908100606_0001_V.MP4,@raw/03_第三批_20260908_1006_多火点/01_正式视频/无人机02_1581F7K3C267500D2DQD/DJI_202609080957_005/DJI_20260908100606_0001_T.MP4,79.446,,,,,,,,,active_fire,yes,yes,371.44737082340055,208.4210299124683,251.05253835794224,291.5798765599507,,reviewer_same_source,none,,,existing_manual,B3_10m07_D02_pts_v2:08; source point order=0; local reviewer label=F1; V/T association follows reviewer order; cross-UAV physical ID unverified; no independently linked LRF,@recovery/video_clips/B3_10m07_D02_pts_v2/V/000133.jpg
B3_10m07_D02_pts_v2:08:p1,B3,B3_DJI_20260908100606_0001,B3_10m07_D02_pts_v2,DJI_202609080957_005,uav-02,@raw/03_第三批_20260908_1006_多火点/01_正式视频/无人机02_1581F7K3C267500D2DQD/DJI_202609080957_005/DJI_20260908100606_0001_V.MP4,@raw/03_第三批_20260908_1006_多火点/01_正式视频/无人机02_1581F7K3C267500D2DQD/DJI_202609080957_005/DJI_20260908100606_0001_T.MP4,79.446,,,,,,,,,active_fire,yes,yes,1403.6842258815293,879.4736465214592,898.420967533977,702.1075175581341,,reviewer_same_source,none,,,existing_manual,B3_10m07_D02_pts_v2:08; source point order=1; local reviewer label=F1; V/T association follows reviewer order; cross-UAV physical ID unverified; no independently linked LRF,@recovery/video_clips/B3_10m07_D02_pts_v2/V/000133.jpg
B3_10m07_D02_pts_v2:09:p0,B3,B3_DJI_20260908100606_0001,B3_10m07_D02_pts_v2,DJI_202609080957_005,uav-02,@raw/03_第三批_20260908_1006_多火点/01_正式视频/无人机02_1581F7K3C267500D2DQD/DJI_202609080957_005/DJI_20260908100606_0001_V.MP4,@raw/03_第三批_20260908_1006_多火点/01_正式视频/无人机02_1581F7K3C267500D2DQD/DJI_202609080957_005/DJI_20260908100606_0001_T.MP4,82.8494,,,,,,,,,active_fire,yes,yes,381.3157919998645,216.31576657845645,256.315696318723,302.1062263291349,,reviewer_same_source,none,,,existing_manual,B3_10m07_D02_pts_v2:09; source point order=0; local reviewer label=F1; V/T association follows reviewer order; cross-UAV physical ID unverified; no independently linked LRF,@recovery/video_clips/B3_10m07_D02_pts_v2/V/000150.jpg
B3_10m07_D02_pts_v2:09:p1,B3,B3_DJI_20260908100606_0001,B3_10m07_D02_pts_v2,DJI_202609080957_005,uav-02,@raw/03_第三批_20260908_1006_多火点/01_正式视频/无人机02_1581F7K3C267500D2DQD/DJI_202609080957_005/DJI_20260908100606_0001_V.MP4,@raw/03_第三批_20260908_1006_多火点/01_正式视频/无人机02_1581F7K3C267500D2DQD/DJI_202609080957_005/DJI_20260908100606_0001_T.MP4,82.8494,,,,,,,,,active_fire,yes,yes,1395.789488940358,879.4736465214592,894.4735990633915,702.1075175581341,,reviewer_same_source,none,,,existing_manual,B3_10m07_D02_pts_v2:09; source point order=1; local reviewer label=F1; V/T association follows reviewer order; cross-UAV physical ID unverified; no independently linked LRF,@recovery/video_clips/B3_10m07_D02_pts_v2/V/000150.jpg
multiple_boxes_0_DJI_202609081039_006_pts_v2:00:p0,B4,B4_DJI_20260908105258_0002,multiple_boxes_0_DJI_202609081039_006_pts_v2,DJI_202609081039_006,uav-09,@raw/04_第四批_20260908_1053_多火点与余热点/01_正式视频/无人机09_1581F7K3C24CS00AX535/DJI_202609081039_006/DJI_20260908105258_0002_V.MP4,@raw/04_第四批_20260908_1053_多火点与余热点/01_正式视频/无人机09_1581F7K3C24CS00AX535/DJI_202609081039_006/DJI_20260908105258_0002_T.MP4,55.0216,,,,,,,,,active_fire,yes,yes,452.3684244704049,824.2104898595421,308.94727592653066,670.5284682505816,,reviewer_same_source,none,,,existing_manual,multiple_boxes_0_DJI_202609081039_006_pts_v2:00; source point order=0; local reviewer label=F1; V/T association follows reviewer order; cross-UAV physical ID unverified; no independently linked LRF,@recovery/video_clips/multiple_boxes_0_DJI_202609081039_006_pts_v2/V/000001.jpg
multiple_boxes_0_DJI_202609081039_006_pts_v2:00:p1,B4,B4_DJI_20260908105258_0002,multiple_boxes_0_DJI_202609081039_006_pts_v2,DJI_202609081039_006,uav-09,@raw/04_第四批_20260908_1053_多火点与余热点/01_正式视频/无人机09_1581F7K3C24CS00AX535/DJI_202609081039_006/DJI_20260908105258_0002_V.MP4,@raw/04_第四批_20260908_1053_多火点与余热点/01_正式视频/无人机09_1581F7K3C24CS00AX535/DJI_202609081039_006/DJI_20260908105258_0002_T.MP4,55.0216,,,,,,,,,active_fire,yes,yes,1642.5000183519567,366.31576323223084,1035.263074514277,379.7380558768683,,reviewer_same_source,none,,,existing_manual,multiple_boxes_0_DJI_202609081039_006_pts_v2:00; source point order=1; local reviewer label=F1; V/T association follows reviewer order; cross-UAV physical ID unverified; no independently linked LRF,@recovery/video_clips/multiple_boxes_0_DJI_202609081039_006_pts_v2/V/000001.jpg
multiple_boxes_0_DJI_202609081039_006_pts_v2:01:p0,B4,B4_DJI_20260908105258_0002,multiple_boxes_0_DJI_202609081039_006_pts_v2,DJI_202609081039_006,uav-09,@raw/04_第四批_20260908_1053_多火点与余热点/01_正式视频/无人机09_1581F7K3C24CS00AX535/DJI_202609081039_006/DJI_20260908105258_0002_V.MP4,@raw/04_第四批_20260908_1053_多火点与余热点/01_正式视频/无人机09_1581F7K3C24CS00AX535/DJI_202609081039_006/DJI_20260908105258_0002_T.MP4,58.2248,,,,,,,,,active_fire,yes,yes,1648.421071057835,368.2894473987279,1026.0525480829106,381.05384959801637,,reviewer_same_source,none,,,existing_manual,multiple_boxes_0_DJI_202609081039_006_pts_v2:01; source point order=0; local reviewer label=F1; V/T association follows reviewer order; cross-UAV physical ID unverified; no independently linked LRF,@recovery/video_clips/multiple_boxes_0_DJI_202609081039_006_pts_v2/V/000017.jpg
multiple_boxes_0_DJI_202609081039_006_pts_v2:01:p1,B4,B4_DJI_20260908105258_0002,multiple_boxes_0_DJI_202609081039_006_pts_v2,DJI_202609081039_006,uav-09,@raw/04_第四批_20260908_1053_多火点与余热点/01_正式视频/无人机09_1581F7K3C24CS00AX535/DJI_202609081039_006/DJI_20260908105258_0002_V.MP4,@raw/04_第四批_20260908_1053_多火点与余热点/01_正式视频/无人机09_1581F7K3C24CS00AX535/DJI_202609081039_006/DJI_20260908105258_0002_T.MP4,58.2248,,,,,,,,,active_fire,yes,yes,454.3421087056977,834.0789106920273,307.6314864363355,675.7916431351737,,reviewer_same_source,none,,,existing_manual,multiple_boxes_0_DJI_202609081039_006_pts_v2:01; source point order=1; local reviewer label=F1; V/T association follows reviewer order; cross-UAV physical ID unverified; no independently linked LRF,@recovery/video_clips/multiple_boxes_0_DJI_202609081039_006_pts_v2/V/000017.jpg
multiple_boxes_0_DJI_202609081039_006_pts_v2:02:p0,B4,B4_DJI_20260908105258_0002,multiple_boxes_0_DJI_202609081039_006_pts_v2,DJI_202609081039_006,uav-09,@raw/04_第四批_20260908_1053_多火点与余热点/01_正式视频/无人机09_1581F7K3C24CS00AX535/DJI_202609081039_006/DJI_20260908105258_0002_V.MP4,@raw/04_第四批_20260908_1053_多火点与余热点/01_正式视频/无人机09_1581F7K3C24CS00AX535/DJI_202609081039_006/DJI_20260908105258_0002_T.MP4,61.428,,,,,,,,,active_fire,yes,yes,450.3947402351121,830.1315423590332,303.6841179657499,669.2126745294336,,reviewer_same_source,none,,,existing_manual,multiple_boxes_0_DJI_202609081039_006_pts_v2:02; source point order=0; local reviewer label=F1; V/T association follows reviewer order; cross-UAV physical ID unverified; no independently linked LRF,@recovery/video_clips/multiple_boxes_0_DJI_202609081039_006_pts_v2/V/000033.jpg
multiple_boxes_0_DJI_202609081039_006_pts_v2:02:p1,B4,B4_DJI_20260908105258_0002,multiple_boxes_0_DJI_202609081039_006_pts_v2,DJI_202609081039_006,uav-09,@raw/04_第四批_20260908_1053_多火点与余热点/01_正式视频/无人机09_1581F7K3C24CS00AX535/DJI_202609081039_006/DJI_20260908105258_0002_V.MP4,@raw/04_第四批_20260908_1053_多火点与余热点/01_正式视频/无人机09_1581F7K3C24CS00AX535/DJI_202609081039_006/DJI_20260908105258_0002_T.MP4,61.428,,,,,,,,,active_fire,yes,yes,1634.6052814107857,352.49997406675163,1022.1051796123252,386.3170244826085,,reviewer_same_source,none,,,existing_manual,multiple_boxes_0_DJI_202609081039_006_pts_v2:02; source point order=1; local reviewer label=F1; V/T association follows reviewer order; cross-UAV physical ID unverified; no independently linked LRF,@recovery/video_clips/multiple_boxes_0_DJI_202609081039_006_pts_v2/V/000033.jpg
multiple_boxes_0_DJI_202609081039_006_pts_v2:03:p0,B4,B4_DJI_20260908105258_0002,multiple_boxes_0_DJI_202609081039_006_pts_v2,DJI_202609081039_006,uav-09,@raw/04_第四批_20260908_1053_多火点与余热点/01_正式视频/无人机09_1581F7K3C24CS00AX535/DJI_202609081039_006/DJI_20260908105258_0002_V.MP4,@raw/04_第四批_20260908_1053_多火点与余热点/01_正式视频/无人机09_1581F7K3C24CS00AX535/DJI_202609081039_006/DJI_20260908105258_0002_T.MP4,64.431,,,,,,,,,active_fire,yes,yes,436.5789505880626,843.9473315245125,295.78938102457874,678.4232305774697,,reviewer_same_source,none,,,existing_manual,multiple_boxes_0_DJI_202609081039_006_pts_v2:03; source point order=0; local reviewer label=F1; V/T association follows reviewer order; cross-UAV physical ID unverified; no independently linked LRF,@recovery/video_clips/multiple_boxes_0_DJI_202609081039_006_pts_v2/V/000048.jpg
multiple_boxes_0_DJI_202609081039_006_pts_v2:03:p1,B4,B4_DJI_20260908105258_0002,multiple_boxes_0_DJI_202609081039_006_pts_v2,DJI_202609081039_006,uav-09,@raw/04_第四批_20260908_1053_多火点与余热点/01_正式视频/无人机09_1581F7K3C24CS00AX535/DJI_202609081039_006/DJI_20260908105258_0002_V.MP4,@raw/04_第四批_20260908_1053_多火点与余热点/01_正式视频/无人机09_1581F7K3C24CS00AX535/DJI_202609081039_006/DJI_20260908105258_0002_T.MP4,64.431,,,,,,,,,active_fire,yes,yes,1644.4737025872494,362.36839489923676,1015.5262321613492,396.8433742517926,,reviewer_same_source,none,,,existing_manual,multiple_boxes_0_DJI_202609081039_006_pts_v2:03; source point order=1; local reviewer label=F1; V/T association follows reviewer order; cross-UAV physical ID unverified; no independently linked LRF,@recovery/video_clips/multiple_boxes_0_DJI_202609081039_006_pts_v2/V/000048.jpg
multiple_boxes_0_DJI_202609081039_006_pts_v2:04:p0,B4,B4_DJI_20260908105258_0002,multiple_boxes_0_DJI_202609081039_006_pts_v2,DJI_202609081039_006,uav-09,@raw/04_第四批_20260908_1053_多火点与余热点/01_正式视频/无人机09_1581F7K3C24CS00AX535/DJI_202609081039_006/DJI_20260908105258_0002_V.MP4,@raw/04_第四批_20260908_1053_多火点与余热点/01_正式视频/无人机09_1581F7K3C24CS00AX535/DJI_202609081039_006/DJI_20260908105258_0002_T.MP4,67.6342,,,,,,,,,active_fire,yes,yes,430.6578978821842,843.9473315245125,295.78938102457874,673.1600556928776,,reviewer_same_source,none,,,existing_manual,multiple_boxes_0_DJI_202609081039_006_pts_v2:04; source point order=0; local reviewer label=F1; V/T association follows reviewer order; cross-UAV physical ID unverified; no independently linked LRF,@recovery/video_clips/multiple_boxes_0_DJI_202609081039_006_pts_v2/V/000064.jpg
multiple_boxes_0_DJI_202609081039_006_pts_v2:04:p1,B4,B4_DJI_20260908105258_0002,multiple_boxes_0_DJI_202609081039_006_pts_v2,DJI_202609081039_006,uav-09,@raw/04_第四批_20260908_1053_多火点与余热点/01_正式视频/无人机09_1581F7K3C24CS00AX535/DJI_202609081039_006/DJI_20260908105258_0002_V.MP4,@raw/04_第四批_20260908_1053_多火点与余热点/01_正式视频/无人机09_1581F7K3C24CS00AX535/DJI_202609081039_006/DJI_20260908105258_0002_T.MP4,67.6342,,,,,,,,,active_fire,yes,yes,1652.3684395284206,358.42102656624274,1031.3157060436915,399.4749616940887,,reviewer_same_source,none,,,existing_manual,multiple_boxes_0_DJI_202609081039_006_pts_v2:04; source point order=1; local reviewer label=F1; V/T association follows reviewer order; cross-UAV physical ID unverified; no independently linked LRF,@recovery/video_clips/multiple_boxes_0_DJI_202609081039_006_pts_v2/V/000064.jpg
multiple_boxes_0_DJI_202609081039_006_pts_v2:05:p0,B4,B4_DJI_20260908105258_0002,multiple_boxes_0_DJI_202609081039_006_pts_v2,DJI_202609081039_006,uav-09,@raw/04_第四批_20260908_1053_多火点与余热点/01_正式视频/无人机09_1581F7K3C24CS00AX535/DJI_202609081039_006/DJI_20260908105258_0002_V.MP4,@raw/04_第四批_20260908_1053_多火点与余热点/01_正式视频/无人机09_1581F7K3C24CS00AX535/DJI_202609081039_006/DJI_20260908105258_0002_T.MP4,70.8374,,,,,,,,,active_fire,yes,yes,422.76316094101304,847.8946998575066,297.10517051477393,683.6864054620618,,reviewer_same_source,none,,,existing_manual,multiple_boxes_0_DJI_202609081039_006_pts_v2:05; source point order=0; local reviewer label=F1; V/T association follows reviewer order; cross-UAV physical ID unverified; no independently linked LRF,@recovery/video_clips/multiple_boxes_0_DJI_202609081039_006_pts_v2/V/000080.jpg
multiple_boxes_0_DJI_202609081039_006_pts_v2:05:p1,B4,B4_DJI_20260908105258_0002,multiple_boxes_0_DJI_202609081039_006_pts_v2,DJI_202609081039_006,uav-09,@raw/04_第四批_20260908_1053_多火点与余热点/01_正式视频/无人机09_1581F7K3C24CS00AX535/DJI_202609081039_006/DJI_20260908105258_0002_V.MP4,@raw/04_第四批_20260908_1053_多火点与余热点/01_正式视频/无人机09_1581F7K3C24CS00AX535/DJI_202609081039_006/DJI_20260908105258_0002_T.MP4,70.8374,,,,,,,,,active_fire,yes,yes,1638.552649881371,366.31576323223084,1024.7367585927154,398.1591679729407,,reviewer_same_source,none,,,existing_manual,multiple_boxes_0_DJI_202609081039_006_pts_v2:05; source point order=1; local reviewer label=F1; V/T association follows reviewer order; cross-UAV physical ID unverified; no independently linked LRF,@recovery/video_clips/multiple_boxes_0_DJI_202609081039_006_pts_v2/V/000080.jpg
multiple_boxes_0_DJI_202609081039_006_pts_v2:06:p0,B4,B4_DJI_20260908105258_0002,multiple_boxes_0_DJI_202609081039_006_pts_v2,DJI_202609081039_006,uav-09,@raw/04_第四批_20260908_1053_多火点与余热点/01_正式视频/无人机09_1581F7K3C24CS00AX535/DJI_202609081039_006/DJI_20260908105258_0002_V.MP4,@raw/04_第四批_20260908_1053_多火点与余热点/01_正式视频/无人机09_1581F7K3C24CS00AX535/DJI_202609081039_006/DJI_20260908105258_0002_T.MP4,74.0406,,,,,,,,,active_fire,yes,yes,420.78947670572023,855.7894365234947,298.4209600049692,686.3179929043579,,reviewer_same_source,none,,,existing_manual,multiple_boxes_0_DJI_202609081039_006_pts_v2:06; source point order=0; local reviewer label=F1; V/T association follows reviewer order; cross-UAV physical ID unverified; no independently linked LRF,@recovery/video_clips/multiple_boxes_0_DJI_202609081039_006_pts_v2/V/000096.jpg
multiple_boxes_0_DJI_202609081039_006_pts_v2:06:p1,B4,B4_DJI_20260908105258_0002,multiple_boxes_0_DJI_202609081039_006_pts_v2,DJI_202609081039_006,uav-09,@raw/04_第四批_20260908_1053_多火点与余热点/01_正式视频/无人机09_1581F7K3C24CS00AX535/DJI_202609081039_006/DJI_20260908105258_0002_V.MP4,@raw/04_第四批_20260908_1053_多火点与余热点/01_正式视频/无人机09_1581F7K3C24CS00AX535/DJI_202609081039_006/DJI_20260908105258_0002_T.MP4,74.0406,,,,,,,,,active_fire,yes,yes,1668.1579134107628,352.49997406675163,1045.7893904358386,391.5801993672005,,reviewer_same_source,none,,,existing_manual,multiple_boxes_0_DJI_202609081039_006_pts_v2:06; source point order=1; local reviewer label=F1; V/T association follows reviewer order; cross-UAV physical ID unverified; no independently linked LRF,@recovery/video_clips/multiple_boxes_0_DJI_202609081039_006_pts_v2/V/000096.jpg
multiple_boxes_0_DJI_202609081039_006_pts_v2:07:p0,B4,B4_DJI_20260908105258_0002,multiple_boxes_0_DJI_202609081039_006_pts_v2,DJI_202609081039_006,uav-09,@raw/04_第四批_20260908_1053_多火点与余热点/01_正式视频/无人机09_1581F7K3C24CS00AX535/DJI_202609081039_006/DJI_20260908105258_0002_V.MP4,@raw/04_第四批_20260908_1053_多火点与余热点/01_正式视频/无人机09_1581F7K3C24CS00AX535/DJI_202609081039_006/DJI_20260908105258_0002_T.MP4,77.0436,,,,,,,,,active_fire,yes,yes,397.1052658822068,855.7894365234947,281.31569663243164,690.2653740678019,,reviewer_same_source,none,,,existing_manual,multiple_boxes_0_DJI_202609081039_006_pts_v2:07; source point order=0; local reviewer label=F1; V/T association follows reviewer order; cross-UAV physical ID unverified; no independently linked LRF,@recovery/video_clips/multiple_boxes_0_DJI_202609081039_006_pts_v2/V/000111.jpg
multiple_boxes_0_DJI_202609081039_006_pts_v2:07:p1,B4,B4_DJI_20260908105258_0002,multiple_boxes_0_DJI_202609081039_006_pts_v2,DJI_202609081039_006,uav-09,@raw/04_第四批_20260908_1053_多火点与余热点/01_正式视频/无人机09_1581F7K3C24CS00AX535/DJI_202609081039_006/DJI_20260908105258_0002_V.MP4,@raw/04_第四批_20260908_1053_多火点与余热点/01_正式视频/无人机09_1581F7K3C24CS00AX535/DJI_202609081039_006/DJI_20260908105258_0002_T.MP4,77.0436,,,,,,,,,active_fire,yes,yes,1660.2631764695918,356.4473423997457,1035.263074514277,386.3170244826085,,reviewer_same_source,none,,,existing_manual,multiple_boxes_0_DJI_202609081039_006_pts_v2:07; source point order=1; local reviewer label=F1; V/T association follows reviewer order; cross-UAV physical ID unverified; no independently linked LRF,@recovery/video_clips/multiple_boxes_0_DJI_202609081039_006_pts_v2/V/000111.jpg
multiple_boxes_0_DJI_202609081039_006_pts_v2:08:p0,B4,B4_DJI_20260908105258_0002,multiple_boxes_0_DJI_202609081039_006_pts_v2,DJI_202609081039_006,uav-09,@raw/04_第四批_20260908_1053_多火点与余热点/01_正式视频/无人机09_1581F7K3C24CS00AX535/DJI_202609081039_006/DJI_20260908105258_0002_V.MP4,@raw/04_第四批_20260908_1053_多火点与余热点/01_正式视频/无人机09_1581F7K3C24CS00AX535/DJI_202609081039_006/DJI_20260908105258_0002_T.MP4,80.2468,,,,,,,,,active_fire,yes,yes,426.7105294115986,839.9999631915184,297.10517051477393,696.8443426735421,,reviewer_same_source,none,,,existing_manual,multiple_boxes_0_DJI_202609081039_006_pts_v2:08; source point order=0; local reviewer label=F1; V/T association follows reviewer order; cross-UAV physical ID unverified; no independently linked LRF,@recovery/video_clips/multiple_boxes_0_DJI_202609081039_006_pts_v2/V/000127.jpg
multiple_boxes_0_DJI_202609081039_006_pts_v2:08:p1,B4,B4_DJI_20260908105258_0002,multiple_boxes_0_DJI_202609081039_006_pts_v2,DJI_202609081039_006,uav-09,@raw/04_第四批_20260908_1053_多火点与余热点/01_正式视频/无人机09_1581F7K3C24CS00AX535/DJI_202609081039_006/DJI_20260908105258_0002_V.MP4,@raw/04_第四批_20260908_1053_多火点与余热点/01_正式视频/无人机09_1581F7K3C24CS00AX535/DJI_202609081039_006/DJI_20260908105258_0002_T.MP4,80.2468,,,,,,,,,active_fire,yes,yes,1656.3158079990062,350.5262899002546,1036.5788640044723,388.94861192490447,,reviewer_same_source,none,,,existing_manual,multiple_boxes_0_DJI_202609081039_006_pts_v2:08; source point order=1; local reviewer label=F1; V/T association follows reviewer order; cross-UAV physical ID unverified; no independently linked LRF,@recovery/video_clips/multiple_boxes_0_DJI_202609081039_006_pts_v2/V/000127.jpg
multiple_boxes_0_DJI_202609081039_006_pts_v2:09:p0,B4,B4_DJI_20260908105258_0002,multiple_boxes_0_DJI_202609081039_006_pts_v2,DJI_202609081039_006,uav-09,@raw/04_第四批_20260908_1053_多火点与余热点/01_正式视频/无人机09_1581F7K3C24CS00AX535/DJI_202609081039_006/DJI_20260908105258_0002_V.MP4,@raw/04_第四批_20260908_1053_多火点与余热点/01_正式视频/无人机09_1581F7K3C24CS00AX535/DJI_202609081039_006/DJI_20260908105258_0002_T.MP4,83.45,,,,,,,,,active_fire,yes,yes,405.00000282337794,855.7894365234947,291.8420125539932,690.2653740678019,,reviewer_same_source,none,,,existing_manual,multiple_boxes_0_DJI_202609081039_006_pts_v2:09; source point order=0; local reviewer label=F1; V/T association follows reviewer order; cross-UAV physical ID unverified; no independently linked LRF,@recovery/video_clips/multiple_boxes_0_DJI_202609081039_006_pts_v2/V/000143.jpg
multiple_boxes_0_DJI_202609081039_006_pts_v2:09:p1,B4,B4_DJI_20260908105258_0002,multiple_boxes_0_DJI_202609081039_006_pts_v2,DJI_202609081039_006,uav-09,@raw/04_第四批_20260908_1053_多火点与余热点/01_正式视频/无人机09_1581F7K3C24CS00AX535/DJI_202609081039_006/DJI_20260908105258_0002_V.MP4,@raw/04_第四批_20260908_1053_多火点与余热点/01_正式视频/无人机09_1581F7K3C24CS00AX535/DJI_202609081039_006/DJI_20260908105258_0002_T.MP4,83.45,,,,,,,,,active_fire,yes,yes,1654.3421237637133,358.42102656624274,1035.263074514277,387.63281820375647,,reviewer_same_source,none,,,existing_manual,multiple_boxes_0_DJI_202609081039_006_pts_v2:09; source point order=1; local reviewer label=F1; V/T association follows reviewer order; cross-UAV physical ID unverified; no independently linked LRF,@recovery/video_clips/multiple_boxes_0_DJI_202609081039_006_pts_v2/V/000143.jpg
paired_negative_0_DJI_202609081039_006_pts_v2:00:p0,B4,B4_DJI_20260908105258_0002,paired_negative_0_DJI_202609081039_006_pts_v2,DJI_202609081039_006,uav-09,@raw/04_第四批_20260908_1053_多火点与余热点/01_正式视频/无人机09_1581F7K3C24CS00AX535/DJI_202609081039_006/DJI_20260908105258_0002_V.MP4,@raw/04_第四批_20260908_1053_多火点与余热点/01_正式视频/无人机09_1581F7K3C24CS00AX535/DJI_202609081039_006/DJI_20260908105258_0002_T.MP4,0.0,,,,,,,,,hot_background,no,no,,,,,,uncertain,none,,,existing_manual,paired_negative_0_DJI_202609081039_006_pts_v2:00; source point order=0; local reviewer label=; V/T association follows reviewer order; cross-UAV physical ID unverified; no independently linked LRF,@recovery/video_clips/paired_negative_0_DJI_202609081039_006_pts_v2/V/000001.jpg
paired_negative_0_DJI_202609081039_006_pts_v2:01:p0,B4,B4_DJI_20260908105258_0002,paired_negative_0_DJI_202609081039_006_pts_v2,DJI_202609081039_006,uav-09,@raw/04_第四批_20260908_1053_多火点与余热点/01_正式视频/无人机09_1581F7K3C24CS00AX535/DJI_202609081039_006/DJI_20260908105258_0002_V.MP4,@raw/04_第四批_20260908_1053_多火点与余热点/01_正式视频/无人机09_1581F7K3C24CS00AX535/DJI_202609081039_006/DJI_20260908105258_0002_T.MP4,3.4034,,,,,,,,,hot_background,no,no,,,,,,uncertain,none,,,existing_manual,paired_negative_0_DJI_202609081039_006_pts_v2:01; source point order=0; local reviewer label=; V/T association follows reviewer order; cross-UAV physical ID unverified; no independently linked LRF,@recovery/video_clips/paired_negative_0_DJI_202609081039_006_pts_v2/V/000018.jpg
paired_negative_0_DJI_202609081039_006_pts_v2:02:p0,B4,B4_DJI_20260908105258_0002,paired_negative_0_DJI_202609081039_006_pts_v2,DJI_202609081039_006,uav-09,@raw/04_第四批_20260908_1053_多火点与余热点/01_正式视频/无人机09_1581F7K3C24CS00AX535/DJI_202609081039_006/DJI_20260908105258_0002_V.MP4,@raw/04_第四批_20260908_1053_多火点与余热点/01_正式视频/无人机09_1581F7K3C24CS00AX535/DJI_202609081039_006/DJI_20260908105258_0002_T.MP4,6.6066,,,,,,,,,hot_background,no,no,,,,,,uncertain,none,,,existing_manual,paired_negative_0_DJI_202609081039_006_pts_v2:02; source point order=0; local reviewer label=; V/T association follows reviewer order; cross-UAV physical ID unverified; no independently linked LRF,@recovery/video_clips/paired_negative_0_DJI_202609081039_006_pts_v2/V/000034.jpg
paired_negative_0_DJI_202609081039_006_pts_v2:03:p0,B4,B4_DJI_20260908105258_0002,paired_negative_0_DJI_202609081039_006_pts_v2,DJI_202609081039_006,uav-09,@raw/04_第四批_20260908_1053_多火点与余热点/01_正式视频/无人机09_1581F7K3C24CS00AX535/DJI_202609081039_006/DJI_20260908105258_0002_V.MP4,@raw/04_第四批_20260908_1053_多火点与余热点/01_正式视频/无人机09_1581F7K3C24CS00AX535/DJI_202609081039_006/DJI_20260908105258_0002_T.MP4,10.01,,,,,,,,,hot_background,no,no,,,,,,uncertain,none,,,existing_manual,paired_negative_0_DJI_202609081039_006_pts_v2:03; source point order=0; local reviewer label=; V/T association follows reviewer order; cross-UAV physical ID unverified; no independently linked LRF,@recovery/video_clips/paired_negative_0_DJI_202609081039_006_pts_v2/V/000051.jpg
paired_negative_0_DJI_202609081039_006_pts_v2:04:p0,B4,B4_DJI_20260908105258_0002,paired_negative_0_DJI_202609081039_006_pts_v2,DJI_202609081039_006,uav-09,@raw/04_第四批_20260908_1053_多火点与余热点/01_正式视频/无人机09_1581F7K3C24CS00AX535/DJI_202609081039_006/DJI_20260908105258_0002_V.MP4,@raw/04_第四批_20260908_1053_多火点与余热点/01_正式视频/无人机09_1581F7K3C24CS00AX535/DJI_202609081039_006/DJI_20260908105258_0002_T.MP4,13.2132,,,,,,,,,hot_background,no,no,,,,,,uncertain,none,,,existing_manual,paired_negative_0_DJI_202609081039_006_pts_v2:04; source point order=0; local reviewer label=; V/T association follows reviewer order; cross-UAV physical ID unverified; no independently linked LRF,@recovery/video_clips/paired_negative_0_DJI_202609081039_006_pts_v2/V/000067.jpg
paired_negative_0_DJI_202609081039_006_pts_v2:05:p0,B4,B4_DJI_20260908105258_0002,paired_negative_0_DJI_202609081039_006_pts_v2,DJI_202609081039_006,uav-09,@raw/04_第四批_20260908_1053_多火点与余热点/01_正式视频/无人机09_1581F7K3C24CS00AX535/DJI_202609081039_006/DJI_20260908105258_0002_V.MP4,@raw/04_第四批_20260908_1053_多火点与余热点/01_正式视频/无人机09_1581F7K3C24CS00AX535/DJI_202609081039_006/DJI_20260908105258_0002_T.MP4,16.6166,,,,,,,,,hot_background,no,no,,,,,,uncertain,none,,,existing_manual,paired_negative_0_DJI_202609081039_006_pts_v2:05; source point order=0; local reviewer label=; V/T association follows reviewer order; cross-UAV physical ID unverified; no independently linked LRF,@recovery/video_clips/paired_negative_0_DJI_202609081039_006_pts_v2/V/000084.jpg
paired_negative_0_DJI_202609081039_006_pts_v2:06:p0,B4,B4_DJI_20260908105258_0002,paired_negative_0_DJI_202609081039_006_pts_v2,DJI_202609081039_006,uav-09,@raw/04_第四批_20260908_1053_多火点与余热点/01_正式视频/无人机09_1581F7K3C24CS00AX535/DJI_202609081039_006/DJI_20260908105258_0002_V.MP4,@raw/04_第四批_20260908_1053_多火点与余热点/01_正式视频/无人机09_1581F7K3C24CS00AX535/DJI_202609081039_006/DJI_20260908105258_0002_T.MP4,19.8198,,,,,,,,,active_fire,yes,yes,1640.5263341166637,407.7631307286685,1032.6314955338867,396.8433742517926,,reviewer_same_source,none,,,existing_manual,paired_negative_0_DJI_202609081039_006_pts_v2:06; source point order=0; local reviewer label=F1; V/T association follows reviewer order; cross-UAV physical ID unverified; no independently linked LRF,@recovery/video_clips/paired_negative_0_DJI_202609081039_006_pts_v2/V/000100.jpg
paired_negative_0_DJI_202609081039_006_pts_v2:07:p0,B4,B4_DJI_20260908105258_0002,paired_negative_0_DJI_202609081039_006_pts_v2,DJI_202609081039_006,uav-09,@raw/04_第四批_20260908_1053_多火点与余热点/01_正式视频/无人机09_1581F7K3C24CS00AX535/DJI_202609081039_006/DJI_20260908105258_0002_V.MP4,@raw/04_第四批_20260908_1053_多火点与余热点/01_正式视频/无人机09_1581F7K3C24CS00AX535/DJI_202609081039_006/DJI_20260908105258_0002_T.MP4,23.2232,,,,,,,,,active_fire,yes,yes,1638.552649881371,388.0262890636982,1032.6314955338867,388.94861192490447,,reviewer_same_source,none,,,existing_manual,paired_negative_0_DJI_202609081039_006_pts_v2:07; source point order=0; local reviewer label=F1; V/T association follows reviewer order; cross-UAV physical ID unverified; no independently linked LRF,@recovery/video_clips/paired_negative_0_DJI_202609081039_006_pts_v2/V/000117.jpg
paired_negative_0_DJI_202609081039_006_pts_v2:08:p0,B4,B4_DJI_20260908105258_0002,paired_negative_0_DJI_202609081039_006_pts_v2,DJI_202609081039_006,uav-09,@raw/04_第四批_20260908_1053_多火点与余热点/01_正式视频/无人机09_1581F7K3C24CS00AX535/DJI_202609081039_006/DJI_20260908105258_0002_V.MP4,@raw/04_第四批_20260908_1053_多火点与余热点/01_正式视频/无人机09_1581F7K3C24CS00AX535/DJI_202609081039_006/DJI_20260908105258_0002_T.MP4,26.4264,,,,,,,,,active_fire,yes,yes,1648.421071057835,366.31576323223084,1040.526232475058,382.36964331916437,,reviewer_same_source,none,,,existing_manual,paired_negative_0_DJI_202609081039_006_pts_v2:08; source point order=0; local reviewer label=F1; V/T association follows reviewer order; cross-UAV physical ID unverified; no independently linked LRF,@recovery/video_clips/paired_negative_0_DJI_202609081039_006_pts_v2/V/000133.jpg
paired_negative_0_DJI_202609081039_006_pts_v2:09:p0,B4,B4_DJI_20260908105258_0002,paired_negative_0_DJI_202609081039_006_pts_v2,DJI_202609081039_006,uav-09,@raw/04_第四批_20260908_1053_多火点与余热点/01_正式视频/无人机09_1581F7K3C24CS00AX535/DJI_202609081039_006/DJI_20260908105258_0002_V.MP4,@raw/04_第四批_20260908_1053_多火点与余热点/01_正式视频/无人机09_1581F7K3C24CS00AX535/DJI_202609081039_006/DJI_20260908105258_0002_T.MP4,29.8298,,,,,,,,,active_fire,yes,yes,1638.552649881371,360.3947107327397,1044.4736009456435,386.3170244826085,,reviewer_same_source,none,,,existing_manual,paired_negative_0_DJI_202609081039_006_pts_v2:09; source point order=0; local reviewer label=F1; V/T association follows reviewer order; cross-UAV physical ID unverified; no independently linked LRF,@recovery/video_clips/paired_negative_0_DJI_202609081039_006_pts_v2/V/000150.jpg
visible_flame_0_DJI_202609081039_006_pts_v2:00:p0,B4,B4_DJI_20260908105258_0002,visible_flame_0_DJI_202609081039_006_pts_v2,DJI_202609081039_006,uav-09,@raw/04_第四批_20260908_1053_多火点与余热点/01_正式视频/无人机09_1581F7K3C24CS00AX535/DJI_202609081039_006/DJI_20260908105258_0002_V.MP4,@raw/04_第四批_20260908_1053_多火点与余热点/01_正式视频/无人机09_1581F7K3C24CS00AX535/DJI_202609081039_006/DJI_20260908105258_0002_T.MP4,15.015,,,,,,,,,hot_background,no,no,,,,,,uncertain,none,,,existing_manual,visible_flame_0_DJI_202609081039_006_pts_v2:00; source point order=0; local reviewer label=; V/T association follows reviewer order; cross-UAV physical ID unverified; no independently linked LRF,@recovery/video_clips/visible_flame_0_DJI_202609081039_006_pts_v2/V/000001.jpg
visible_flame_0_DJI_202609081039_006_pts_v2:01:p0,B4,B4_DJI_20260908105258_0002,visible_flame_0_DJI_202609081039_006_pts_v2,DJI_202609081039_006,uav-09,@raw/04_第四批_20260908_1053_多火点与余热点/01_正式视频/无人机09_1581F7K3C24CS00AX535/DJI_202609081039_006/DJI_20260908105258_0002_V.MP4,@raw/04_第四批_20260908_1053_多火点与余热点/01_正式视频/无人机09_1581F7K3C24CS00AX535/DJI_202609081039_006/DJI_20260908105258_0002_T.MP4,18.4184,,,,,,,,,hot_background,no,no,,,,,,uncertain,none,,,existing_manual,visible_flame_0_DJI_202609081039_006_pts_v2:01; source point order=0; local reviewer label=; V/T association follows reviewer order; cross-UAV physical ID unverified; no independently linked LRF,@recovery/video_clips/visible_flame_0_DJI_202609081039_006_pts_v2/V/000018.jpg
visible_flame_0_DJI_202609081039_006_pts_v2:02:p0,B4,B4_DJI_20260908105258_0002,visible_flame_0_DJI_202609081039_006_pts_v2,DJI_202609081039_006,uav-09,@raw/04_第四批_20260908_1053_多火点与余热点/01_正式视频/无人机09_1581F7K3C24CS00AX535/DJI_202609081039_006/DJI_20260908105258_0002_V.MP4,@raw/04_第四批_20260908_1053_多火点与余热点/01_正式视频/无人机09_1581F7K3C24CS00AX535/DJI_202609081039_006/DJI_20260908105258_0002_T.MP4,21.6216,,,,,,,,,active_fire,yes,yes,1636.5789656460784,382.10523656420713,1032.6314955338867,394.2117868094966,,reviewer_same_source,none,,,existing_manual,visible_flame_0_DJI_202609081039_006_pts_v2:02; source point order=0; local reviewer label=F1; V/T association follows reviewer order; cross-UAV physical ID unverified; no independently linked LRF,@recovery/video_clips/visible_flame_0_DJI_202609081039_006_pts_v2/V/000034.jpg
visible_flame_0_DJI_202609081039_006_pts_v2:03:p0,B4,B4_DJI_20260908105258_0002,visible_flame_0_DJI_202609081039_006_pts_v2,DJI_202609081039_006,uav-09,@raw/04_第四批_20260908_1053_多火点与余热点/01_正式视频/无人机09_1581F7K3C24CS00AX535/DJI_202609081039_006/DJI_20260908105258_0002_V.MP4,@raw/04_第四批_20260908_1053_多火点与余热点/01_正式视频/无人机09_1581F7K3C24CS00AX535/DJI_202609081039_006/DJI_20260908105258_0002_T.MP4,25.025,,,,,,,,,active_fire,yes,yes,1650.3947552931277,378.157868231213,1039.2104429848628,402.10654913638473,,reviewer_same_source,none,,,existing_manual,visible_flame_0_DJI_202609081039_006_pts_v2:03; source point order=0; local reviewer label=F1; V/T association follows reviewer order; cross-UAV physical ID unverified; no independently linked LRF,@recovery/video_clips/visible_flame_0_DJI_202609081039_006_pts_v2/V/000051.jpg
visible_flame_0_DJI_202609081039_006_pts_v2:04:p0,B4,B4_DJI_20260908105258_0002,visible_flame_0_DJI_202609081039_006_pts_v2,DJI_202609081039_006,uav-09,@raw/04_第四批_20260908_1053_多火点与余热点/01_正式视频/无人机09_1581F7K3C24CS00AX535/DJI_202609081039_006/DJI_20260908105258_0002_V.MP4,@raw/04_第四批_20260908_1053_多火点与余热点/01_正式视频/无人机09_1581F7K3C24CS00AX535/DJI_202609081039_006/DJI_20260908105258_0002_T.MP4,28.2282,,,,,,,,,active_fire,yes,yes,1646.447386822542,374.210499898219,1047.1051799260338,392.8959930883486,,reviewer_same_source,none,,,existing_manual,visible_flame_0_DJI_202609081039_006_pts_v2:04; source point order=0; local reviewer label=F1; V/T association follows reviewer order; cross-UAV physical ID unverified; no independently linked LRF,@recovery/video_clips/visible_flame_0_DJI_202609081039_006_pts_v2/V/000067.jpg
visible_flame_0_DJI_202609081039_006_pts_v2:05:p0,B4,B4_DJI_20260908105258_0002,visible_flame_0_DJI_202609081039_006_pts_v2,DJI_202609081039_006,uav-09,@raw/04_第四批_20260908_1053_多火点与余热点/01_正式视频/无人机09_1581F7K3C24CS00AX535/DJI_202609081039_006/DJI_20260908105258_0002_V.MP4,@raw/04_第四批_20260908_1053_多火点与余热点/01_正式视频/无人机09_1581F7K3C24CS00AX535/DJI_202609081039_006/DJI_20260908105258_0002_T.MP4,31.6316,,,,,,,,,active_fire,yes,yes,1644.4737025872494,374.210499898219,1022.1051796123252,375.79067471342427,,reviewer_same_source,none,,,existing_manual,visible_flame_0_DJI_202609081039_006_pts_v2:05; source point order=0; local reviewer label=F1; V/T association follows reviewer order; cross-UAV physical ID unverified; no independently linked LRF,@recovery/video_clips/visible_flame_0_DJI_202609081039_006_pts_v2/V/000084.jpg
visible_flame_0_DJI_202609081039_006_pts_v2:06:p0,B4,B4_DJI_20260908105258_0002,visible_flame_0_DJI_202609081039_006_pts_v2,DJI_202609081039_006,uav-09,@raw/04_第四批_20260908_1053_多火点与余热点/01_正式视频/无人机09_1581F7K3C24CS00AX535/DJI_202609081039_006/DJI_20260908105258_0002_V.MP4,@raw/04_第四批_20260908_1053_多火点与余热点/01_正式视频/无人机09_1581F7K3C24CS00AX535/DJI_202609081039_006/DJI_20260908105258_0002_T.MP4,34.8348,,,,,,,,,active_fire,yes,yes,1634.6052814107857,382.10523656420713,1027.368337573106,403.4223428575327,,reviewer_same_source,none,,,existing_manual,visible_flame_0_DJI_202609081039_006_pts_v2:06; source point order=0; local reviewer label=F1; V/T association follows reviewer order; cross-UAV physical ID unverified; no independently linked LRF,@recovery/video_clips/visible_flame_0_DJI_202609081039_006_pts_v2/V/000100.jpg
visible_flame_0_DJI_202609081039_006_pts_v2:07:p0,B4,B4_DJI_20260908105258_0002,visible_flame_0_DJI_202609081039_006_pts_v2,DJI_202609081039_006,uav-09,@raw/04_第四批_20260908_1053_多火点与余热点/01_正式视频/无人机09_1581F7K3C24CS00AX535/DJI_202609081039_006/DJI_20260908105258_0002_V.MP4,@raw/04_第四批_20260908_1053_多火点与余热点/01_正式视频/无人机09_1581F7K3C24CS00AX535/DJI_202609081039_006/DJI_20260908105258_0002_T.MP4,38.2382,,,,,,,,,active_fire,yes,yes,1644.4737025872494,382.10523656420713,1048.420969416229,392.8959930883486,,reviewer_same_source,none,,,existing_manual,visible_flame_0_DJI_202609081039_006_pts_v2:07; source point order=0; local reviewer label=F1; V/T association follows reviewer order; cross-UAV physical ID unverified; no independently linked LRF,@recovery/video_clips/visible_flame_0_DJI_202609081039_006_pts_v2/V/000117.jpg
visible_flame_0_DJI_202609081039_006_pts_v2:08:p0,B4,B4_DJI_20260908105258_0002,visible_flame_0_DJI_202609081039_006_pts_v2,DJI_202609081039_006,uav-09,@raw/04_第四批_20260908_1053_多火点与余热点/01_正式视频/无人机09_1581F7K3C24CS00AX535/DJI_202609081039_006/DJI_20260908105258_0002_V.MP4,@raw/04_第四批_20260908_1053_多火点与余热点/01_正式视频/无人机09_1581F7K3C24CS00AX535/DJI_202609081039_006/DJI_20260908105258_0002_T.MP4,41.4414,,,,,,,,,active_fire,yes,yes,1626.7105444696144,395.9210257296863,1032.6314955338867,396.8433742517926,,reviewer_same_source,none,,,existing_manual,visible_flame_0_DJI_202609081039_006_pts_v2:08; source point order=0; local reviewer label=F1; V/T association follows reviewer order; cross-UAV physical ID unverified; no independently linked LRF,@recovery/video_clips/visible_flame_0_DJI_202609081039_006_pts_v2/V/000133.jpg
visible_flame_0_DJI_202609081039_006_pts_v2:09:p0,B4,B4_DJI_20260908105258_0002,visible_flame_0_DJI_202609081039_006_pts_v2,DJI_202609081039_006,uav-09,@raw/04_第四批_20260908_1053_多火点与余热点/01_正式视频/无人机09_1581F7K3C24CS00AX535/DJI_202609081039_006/DJI_20260908105258_0002_V.MP4,@raw/04_第四批_20260908_1053_多火点与余热点/01_正式视频/无人机09_1581F7K3C24CS00AX535/DJI_202609081039_006/DJI_20260908105258_0002_T.MP4,44.8448,,,,,,,,,active_fire,yes,yes,1624.7368602343215,389.9999732301952,1029.9999165534964,406.0539302998288,,reviewer_same_source,none,,,existing_manual,visible_flame_0_DJI_202609081039_006_pts_v2:09; source point order=0; local reviewer label=F1; V/T association follows reviewer order; cross-UAV physical ID unverified; no independently linked LRF,@recovery/video_clips/visible_flame_0_DJI_202609081039_006_pts_v2/V/000150.jpg
visible_smoke_only_0_DJI_202609081039_006_pts_v2:00:p0,B4,B4_DJI_20260908105258_0002,visible_smoke_only_0_DJI_202609081039_006_pts_v2,DJI_202609081039_006,uav-09,@raw/04_第四批_20260908_1053_多火点与余热点/01_正式视频/无人机09_1581F7K3C24CS00AX535/DJI_202609081039_006/DJI_20260908105258_0002_V.MP4,@raw/04_第四批_20260908_1053_多火点与余热点/01_正式视频/无人机09_1581F7K3C24CS00AX535/DJI_202609081039_006/DJI_20260908105258_0002_T.MP4,535.001,,,,,,,,,residual_heat,yes,yes,422.76316094101304,841.9736473580155,290.526223063798,681.0548180197658,,reviewer_same_source,none,,,existing_manual,visible_smoke_only_0_DJI_202609081039_006_pts_v2:00; source point order=0; local reviewer label=F1; V/T association follows reviewer order; cross-UAV physical ID unverified; no independently linked LRF,@recovery/video_clips/visible_smoke_only_0_DJI_202609081039_006_pts_v2/V/000001.jpg
visible_smoke_only_0_DJI_202609081039_006_pts_v2:00:p1,B4,B4_DJI_20260908105258_0002,visible_smoke_only_0_DJI_202609081039_006_pts_v2,DJI_202609081039_006,uav-09,@raw/04_第四批_20260908_1053_多火点与余热点/01_正式视频/无人机09_1581F7K3C24CS00AX535/DJI_202609081039_006/DJI_20260908105258_0002_V.MP4,@raw/04_第四批_20260908_1053_多火点与余热点/01_正式视频/无人机09_1581F7K3C24CS00AX535/DJI_202609081039_006/DJI_20260908105258_0002_T.MP4,535.001,,,,,,,,,residual_heat,yes,yes,1658.289492234299,364.34207906573386,1037.8946534946674,375.79067471342427,,reviewer_same_source,none,,,existing_manual,visible_smoke_only_0_DJI_202609081039_006_pts_v2:00; source point order=1; local reviewer label=F1; V/T association follows reviewer order; cross-UAV physical ID unverified; no independently linked LRF,@recovery/video_clips/visible_smoke_only_0_DJI_202609081039_006_pts_v2/V/000001.jpg
visible_smoke_only_0_DJI_202609081039_006_pts_v2:00:p2,B4,B4_DJI_20260908105258_0002,visible_smoke_only_0_DJI_202609081039_006_pts_v2,DJI_202609081039_006,uav-09,@raw/04_第四批_20260908_1053_多火点与余热点/01_正式视频/无人机09_1581F7K3C24CS00AX535/DJI_202609081039_006/DJI_20260908105258_0002_V.MP4,@raw/04_第四批_20260908_1053_多火点与余热点/01_正式视频/无人机09_1581F7K3C24CS00AX535/DJI_202609081039_006/DJI_20260908105258_0002_T.MP4,535.001,,,,,,,,,residual_heat,yes,yes,1510.2631745873398,200.52629324648018,954.9999156123703,281.05352679076657,,reviewer_same_source,none,,,existing_manual,visible_smoke_only_0_DJI_202609081039_006_pts_v2:00; source point order=2; local reviewer label=F1; V/T association follows reviewer order; cross-UAV physical ID unverified; no independently linked LRF,@recovery/video_clips/visible_smoke_only_0_DJI_202609081039_006_pts_v2/V/000001.jpg
visible_smoke_only_0_DJI_202609081039_006_pts_v2:01:p0,B4,B4_DJI_20260908105258_0002,visible_smoke_only_0_DJI_202609081039_006_pts_v2,DJI_202609081039_006,uav-09,@raw/04_第四批_20260908_1053_多火点与余热点/01_正式视频/无人机09_1581F7K3C24CS00AX535/DJI_202609081039_006/DJI_20260908105258_0002_V.MP4,@raw/04_第四批_20260908_1053_多火点与余热点/01_正式视频/无人机09_1581F7K3C24CS00AX535/DJI_202609081039_006/DJI_20260908105258_0002_T.MP4,538.405,,,,,,,,,residual_heat,yes,yes,428.6842136468914,836.0525948585243,287.89464408340757,685.0021991832098,,reviewer_same_source,none,,,existing_manual,visible_smoke_only_0_DJI_202609081039_006_pts_v2:01; source point order=0; local reviewer label=F1; V/T association follows reviewer order; cross-UAV physical ID unverified; no independently linked LRF,@recovery/video_clips/visible_smoke_only_0_DJI_202609081039_006_pts_v2/V/000018.jpg
visible_smoke_only_0_DJI_202609081039_006_pts_v2:01:p1,B4,B4_DJI_20260908105258_0002,visible_smoke_only_0_DJI_202609081039_006_pts_v2,DJI_202609081039_006,uav-09,@raw/04_第四批_20260908_1053_多火点与余热点/01_正式视频/无人机09_1581F7K3C24CS00AX535/DJI_202609081039_006/DJI_20260908105258_0002_V.MP4,@raw/04_第四批_20260908_1053_多火点与余热点/01_正式视频/无人机09_1581F7K3C24CS00AX535/DJI_202609081039_006/DJI_20260908105258_0002_T.MP4,538.405,,,,,,,,,residual_heat,yes,yes,1668.1579134107628,397.8947098961834,1056.3157063574001,377.10646843457226,,reviewer_same_source,none,,,existing_manual,visible_smoke_only_0_DJI_202609081039_006_pts_v2:01; source point order=1; local reviewer label=F1; V/T association follows reviewer order; cross-UAV physical ID unverified; no independently linked LRF,@recovery/video_clips/visible_smoke_only_0_DJI_202609081039_006_pts_v2/V/000018.jpg
visible_smoke_only_0_DJI_202609081039_006_pts_v2:01:p2,B4,B4_DJI_20260908105258_0002,visible_smoke_only_0_DJI_202609081039_006_pts_v2,DJI_202609081039_006,uav-09,@raw/04_第四批_20260908_1053_多火点与余热点/01_正式视频/无人机09_1581F7K3C24CS00AX535/DJI_202609081039_006/DJI_20260908105258_0002_V.MP4,@raw/04_第四批_20260908_1053_多火点与余热点/01_正式视频/无人机09_1581F7K3C24CS00AX535/DJI_202609081039_006/DJI_20260908105258_0002_T.MP4,538.405,,,,,,,,,residual_heat,yes,yes,1510.2631745873398,192.63155658049206,948.4209681613943,286.3167016753587,,reviewer_same_source,none,,,existing_manual,visible_smoke_only_0_DJI_202609081039_006_pts_v2:01; source point order=2; local reviewer label=F1; V/T association follows reviewer order; cross-UAV physical ID unverified; no independently linked LRF,@recovery/video_clips/visible_smoke_only_0_DJI_202609081039_006_pts_v2/V/000018.jpg
visible_smoke_only_0_DJI_202609081039_006_pts_v2:02:p0,B4,B4_DJI_20260908105258_0002,visible_smoke_only_0_DJI_202609081039_006_pts_v2,DJI_202609081039_006,uav-09,@raw/04_第四批_20260908_1053_多火点与余热点/01_正式视频/无人机09_1581F7K3C24CS00AX535/DJI_202609081039_006/DJI_20260908105258_0002_V.MP4,@raw/04_第四批_20260908_1053_多火点与余热点/01_正式视频/无人机09_1581F7K3C24CS00AX535/DJI_202609081039_006/DJI_20260908105258_0002_T.MP4,541.608,,,,,,,,,residual_heat,yes,no,422.76316094101304,839.9999631915184,,,,reviewer_same_source,none,,,existing_manual,visible_smoke_only_0_DJI_202609081039_006_pts_v2:02; source point order=0; local reviewer label=F1; V/T association follows reviewer order; cross-UAV physical ID unverified; no independently linked LRF,@recovery/video_clips/visible_smoke_only_0_DJI_202609081039_006_pts_v2/V/000034.jpg
visible_smoke_only_0_DJI_202609081039_006_pts_v2:02:p1,B4,B4_DJI_20260908105258_0002,visible_smoke_only_0_DJI_202609081039_006_pts_v2,DJI_202609081039_006,uav-09,@raw/04_第四批_20260908_1053_多火点与余热点/01_正式视频/无人机09_1581F7K3C24CS00AX535/DJI_202609081039_006/DJI_20260908105258_0002_V.MP4,@raw/04_第四批_20260908_1053_多火点与余热点/01_正式视频/无人机09_1581F7K3C24CS00AX535/DJI_202609081039_006/DJI_20260908105258_0002_T.MP4,541.608,,,,,,,,,residual_heat,yes,no,1658.289492234299,364.34207906573386,,,,reviewer_same_source,none,,,existing_manual,visible_smoke_only_0_DJI_202609081039_006_pts_v2:02; source point order=1; local reviewer label=F1; V/T association follows reviewer order; cross-UAV physical ID unverified; no independently linked LRF,@recovery/video_clips/visible_smoke_only_0_DJI_202609081039_006_pts_v2/V/000034.jpg
visible_smoke_only_0_DJI_202609081039_006_pts_v2:03:p0,B4,B4_DJI_20260908105258_0002,visible_smoke_only_0_DJI_202609081039_006_pts_v2,DJI_202609081039_006,uav-09,@raw/04_第四批_20260908_1053_多火点与余热点/01_正式视频/无人机09_1581F7K3C24CS00AX535/DJI_202609081039_006/DJI_20260908105258_0002_V.MP4,@raw/04_第四批_20260908_1053_多火点与余热点/01_正式视频/无人机09_1581F7K3C24CS00AX535/DJI_202609081039_006/DJI_20260908105258_0002_T.MP4,545.011,,,,,,,,,residual_heat,yes,yes,424.73684517630585,843.9473315245125,285.2630651030172,686.3179929043579,,reviewer_same_source,none,,,existing_manual,visible_smoke_only_0_DJI_202609081039_006_pts_v2:03; source point order=0; local reviewer label=F1; V/T association follows reviewer order; cross-UAV physical ID unverified; no independently linked LRF,@recovery/video_clips/visible_smoke_only_0_DJI_202609081039_006_pts_v2/V/000051.jpg
visible_smoke_only_0_DJI_202609081039_006_pts_v2:03:p1,B4,B4_DJI_20260908105258_0002,visible_smoke_only_0_DJI_202609081039_006_pts_v2,DJI_202609081039_006,uav-09,@raw/04_第四批_20260908_1053_多火点与余热点/01_正式视频/无人机09_1581F7K3C24CS00AX535/DJI_202609081039_006/DJI_20260908105258_0002_V.MP4,@raw/04_第四批_20260908_1053_多火点与余热点/01_正式视频/无人机09_1581F7K3C24CS00AX535/DJI_202609081039_006/DJI_20260908105258_0002_T.MP4,545.011,,,,,,,,,residual_heat,yes,yes,1646.447386822542,374.210499898219,1045.7893904358386,381.05384959801637,,reviewer_same_source,none,,,existing_manual,visible_smoke_only_0_DJI_202609081039_006_pts_v2:03; source point order=1; local reviewer label=F1; V/T association follows reviewer order; cross-UAV physical ID unverified; no independently linked LRF,@recovery/video_clips/visible_smoke_only_0_DJI_202609081039_006_pts_v2/V/000051.jpg
visible_smoke_only_0_DJI_202609081039_006_pts_v2:04:p0,B4,B4_DJI_20260908105258_0002,visible_smoke_only_0_DJI_202609081039_006_pts_v2,DJI_202609081039_006,uav-09,@raw/04_第四批_20260908_1053_多火点与余热点/01_正式视频/无人机09_1581F7K3C24CS00AX535/DJI_202609081039_006/DJI_20260908105258_0002_V.MP4,@raw/04_第四批_20260908_1053_多火点与余热点/01_正式视频/无人机09_1581F7K3C24CS00AX535/DJI_202609081039_006/DJI_20260908105258_0002_T.MP4,548.214,,,,,,,,,residual_heat,yes,yes,416.8421082351347,849.8683840240036,282.6314861226268,683.6864054620618,,reviewer_same_source,none,,,existing_manual,visible_smoke_only_0_DJI_202609081039_006_pts_v2:04; source point order=0; local reviewer label=F1; V/T association follows reviewer order; cross-UAV physical ID unverified; no independently linked LRF,@recovery/video_clips/visible_smoke_only_0_DJI_202609081039_006_pts_v2/V/000067.jpg
visible_smoke_only_0_DJI_202609081039_006_pts_v2:04:p1,B4,B4_DJI_20260908105258_0002,visible_smoke_only_0_DJI_202609081039_006_pts_v2,DJI_202609081039_006,uav-09,@raw/04_第四批_20260908_1053_多火点与余热点/01_正式视频/无人机09_1581F7K3C24CS00AX535/DJI_202609081039_006/DJI_20260908105258_0002_V.MP4,@raw/04_第四批_20260908_1053_多火点与余热点/01_正式视频/无人机09_1581F7K3C24CS00AX535/DJI_202609081039_006/DJI_20260908105258_0002_T.MP4,548.214,,,,,,,,,residual_heat,yes,yes,1652.3684395284206,376.184184064716,1048.420969416229,381.05384959801637,,reviewer_same_source,none,,,existing_manual,visible_smoke_only_0_DJI_202609081039_006_pts_v2:04; source point order=1; local reviewer label=F1; V/T association follows reviewer order; cross-UAV physical ID unverified; no independently linked LRF,@recovery/video_clips/visible_smoke_only_0_DJI_202609081039_006_pts_v2/V/000067.jpg
visible_smoke_only_0_DJI_202609081039_006_pts_v2:05:p0,B4,B4_DJI_20260908105258_0002,visible_smoke_only_0_DJI_202609081039_006_pts_v2,DJI_202609081039_006,uav-09,@raw/04_第四批_20260908_1053_多火点与余热点/01_正式视频/无人机09_1581F7K3C24CS00AX535/DJI_202609081039_006/DJI_20260908105258_0002_V.MP4,@raw/04_第四批_20260908_1053_多火点与余热点/01_正式视频/无人机09_1581F7K3C24CS00AX535/DJI_202609081039_006/DJI_20260908105258_0002_T.MP4,551.618,,,,,,,,,residual_heat,yes,yes,420.78947670572023,845.9210156910095,289.2104335736028,683.6864054620618,,reviewer_same_source,none,,,existing_manual,visible_smoke_only_0_DJI_202609081039_006_pts_v2:05; source point order=0; local reviewer label=F1; V/T association follows reviewer order; cross-UAV physical ID unverified; no independently linked LRF,@recovery/video_clips/visible_smoke_only_0_DJI_202609081039_006_pts_v2/V/000084.jpg
visible_smoke_only_0_DJI_202609081039_006_pts_v2:05:p1,B4,B4_DJI_20260908105258_0002,visible_smoke_only_0_DJI_202609081039_006_pts_v2,DJI_202609081039_006,uav-09,@raw/04_第四批_20260908_1053_多火点与余热点/01_正式视频/无人机09_1581F7K3C24CS00AX535/DJI_202609081039_006/DJI_20260908105258_0002_V.MP4,@raw/04_第四批_20260908_1053_多火点与余热点/01_正式视频/无人机09_1581F7K3C24CS00AX535/DJI_202609081039_006/DJI_20260908105258_0002_T.MP4,551.618,,,,,,,,,residual_heat,yes,yes,1646.447386822542,366.31576323223084,1045.7893904358386,377.10646843457226,,reviewer_same_source,none,,,existing_manual,visible_smoke_only_0_DJI_202609081039_006_pts_v2:05; source point order=1; local reviewer label=F1; V/T association follows reviewer order; cross-UAV physical ID unverified; no independently linked LRF,@recovery/video_clips/visible_smoke_only_0_DJI_202609081039_006_pts_v2/V/000084.jpg
visible_smoke_only_0_DJI_202609081039_006_pts_v2:06:p0,B4,B4_DJI_20260908105258_0002,visible_smoke_only_0_DJI_202609081039_006_pts_v2,DJI_202609081039_006,uav-09,@raw/04_第四批_20260908_1053_多火点与余热点/01_正式视频/无人机09_1581F7K3C24CS00AX535/DJI_202609081039_006/DJI_20260908105258_0002_V.MP4,@raw/04_第四批_20260908_1053_多火点与余热点/01_正式视频/无人机09_1581F7K3C24CS00AX535/DJI_202609081039_006/DJI_20260908105258_0002_T.MP4,554.821,,,,,,,,,residual_heat,yes,yes,420.78947670572023,851.8420681905006,289.2104335736028,686.3179929043579,,reviewer_same_source,none,,,existing_manual,visible_smoke_only_0_DJI_202609081039_006_pts_v2:06; source point order=0; local reviewer label=F1; V/T association follows reviewer order; cross-UAV physical ID unverified; no independently linked LRF,@recovery/video_clips/visible_smoke_only_0_DJI_202609081039_006_pts_v2/V/000100.jpg
visible_smoke_only_0_DJI_202609081039_006_pts_v2:06:p1,B4,B4_DJI_20260908105258_0002,visible_smoke_only_0_DJI_202609081039_006_pts_v2,DJI_202609081039_006,uav-09,@raw/04_第四批_20260908_1053_多火点与余热点/01_正式视频/无人机09_1581F7K3C24CS00AX535/DJI_202609081039_006/DJI_20260908105258_0002_V.MP4,@raw/04_第四批_20260908_1053_多火点与余热点/01_正式视频/无人机09_1581F7K3C24CS00AX535/DJI_202609081039_006/DJI_20260908105258_0002_T.MP4,554.821,,,,,,,,,residual_heat,yes,yes,1668.1579134107628,380.13155239771004,1051.0525483966194,381.05384959801637,,reviewer_same_source,none,,,existing_manual,visible_smoke_only_0_DJI_202609081039_006_pts_v2:06; source point order=1; local reviewer label=F1; V/T association follows reviewer order; cross-UAV physical ID unverified; no independently linked LRF,@recovery/video_clips/visible_smoke_only_0_DJI_202609081039_006_pts_v2/V/000100.jpg
visible_smoke_only_0_DJI_202609081039_006_pts_v2:07:p0,B4,B4_DJI_20260908105258_0002,visible_smoke_only_0_DJI_202609081039_006_pts_v2,DJI_202609081039_006,uav-09,@raw/04_第四批_20260908_1053_多火点与余热点/01_正式视频/无人机09_1581F7K3C24CS00AX535/DJI_202609081039_006/DJI_20260908105258_0002_V.MP4,@raw/04_第四批_20260908_1053_多火点与余热点/01_正式视频/无人机09_1581F7K3C24CS00AX535/DJI_202609081039_006/DJI_20260908105258_0002_T.MP4,558.224,,,,,,,,,residual_heat,yes,yes,420.78947670572023,849.8683840240036,289.2104335736028,682.3706117409138,,reviewer_same_source,none,,,existing_manual,visible_smoke_only_0_DJI_202609081039_006_pts_v2:07; source point order=0; local reviewer label=F1; V/T association follows reviewer order; cross-UAV physical ID unverified; no independently linked LRF,@recovery/video_clips/visible_smoke_only_0_DJI_202609081039_006_pts_v2/V/000117.jpg
visible_smoke_only_0_DJI_202609081039_006_pts_v2:07:p1,B4,B4_DJI_20260908105258_0002,visible_smoke_only_0_DJI_202609081039_006_pts_v2,DJI_202609081039_006,uav-09,@raw/04_第四批_20260908_1053_多火点与余热点/01_正式视频/无人机09_1581F7K3C24CS00AX535/DJI_202609081039_006/DJI_20260908105258_0002_V.MP4,@raw/04_第四批_20260908_1053_多火点与余热点/01_正式视频/无人机09_1581F7K3C24CS00AX535/DJI_202609081039_006/DJI_20260908105258_0002_T.MP4,558.224,,,,,,,,,residual_heat,yes,yes,1652.3684395284206,362.36839489923676,1041.842021965253,379.7380558768683,,reviewer_same_source,none,,,existing_manual,visible_smoke_only_0_DJI_202609081039_006_pts_v2:07; source point order=1; local reviewer label=F1; V/T association follows reviewer order; cross-UAV physical ID unverified; no independently linked LRF,@recovery/video_clips/visible_smoke_only_0_DJI_202609081039_006_pts_v2/V/000117.jpg
visible_smoke_only_0_DJI_202609081039_006_pts_v2:08:p0,B4,B4_DJI_20260908105258_0002,visible_smoke_only_0_DJI_202609081039_006_pts_v2,DJI_202609081039_006,uav-09,@raw/04_第四批_20260908_1053_多火点与余热点/01_正式视频/无人机09_1581F7K3C24CS00AX535/DJI_202609081039_006/DJI_20260908105258_0002_V.MP4,@raw/04_第四批_20260908_1053_多火点与余热点/01_正式视频/无人机09_1581F7K3C24CS00AX535/DJI_202609081039_006/DJI_20260908105258_0002_T.MP4,561.428,,,,,,,,,residual_heat,yes,yes,424.73684517630585,855.7894365234947,291.8420125539932,683.6864054620618,,reviewer_same_source,none,,,existing_manual,visible_smoke_only_0_DJI_202609081039_006_pts_v2:08; source point order=0; local reviewer label=F1; V/T association follows reviewer order; cross-UAV physical ID unverified; no independently linked LRF,@recovery/video_clips/visible_smoke_only_0_DJI_202609081039_006_pts_v2/V/000133.jpg
visible_smoke_only_0_DJI_202609081039_006_pts_v2:08:p1,B4,B4_DJI_20260908105258_0002,visible_smoke_only_0_DJI_202609081039_006_pts_v2,DJI_202609081039_006,uav-09,@raw/04_第四批_20260908_1053_多火点与余热点/01_正式视频/无人机09_1581F7K3C24CS00AX535/DJI_202609081039_006/DJI_20260908105258_0002_V.MP4,@raw/04_第四批_20260908_1053_多火点与余热点/01_正式视频/无人机09_1581F7K3C24CS00AX535/DJI_202609081039_006/DJI_20260908105258_0002_T.MP4,561.428,,,,,,,,,residual_heat,yes,yes,1644.4737025872494,364.34207906573386,1032.6314955338867,371.84329354998016,,reviewer_same_source,none,,,existing_manual,visible_smoke_only_0_DJI_202609081039_006_pts_v2:08; source point order=1; local reviewer label=F1; V/T association follows reviewer order; cross-UAV physical ID unverified; no independently linked LRF,@recovery/video_clips/visible_smoke_only_0_DJI_202609081039_006_pts_v2/V/000133.jpg
visible_smoke_only_0_DJI_202609081039_006_pts_v2:09:p0,B4,B4_DJI_20260908105258_0002,visible_smoke_only_0_DJI_202609081039_006_pts_v2,DJI_202609081039_006,uav-09,@raw/04_第四批_20260908_1053_多火点与余热点/01_正式视频/无人机09_1581F7K3C24CS00AX535/DJI_202609081039_006/DJI_20260908105258_0002_V.MP4,@raw/04_第四批_20260908_1053_多火点与余热点/01_正式视频/无人机09_1581F7K3C24CS00AX535/DJI_202609081039_006/DJI_20260908105258_0002_T.MP4,564.831,,,,,,,,,residual_heat,yes,yes,436.5789505880626,845.9210156910095,290.526223063798,675.7916431351737,,reviewer_same_source,none,,,existing_manual,visible_smoke_only_0_DJI_202609081039_006_pts_v2:09; source point order=0; local reviewer label=F1; V/T association follows reviewer order; cross-UAV physical ID unverified; no independently linked LRF,@recovery/video_clips/visible_smoke_only_0_DJI_202609081039_006_pts_v2/V/000150.jpg
visible_smoke_only_0_DJI_202609081039_006_pts_v2:09:p1,B4,B4_DJI_20260908105258_0002,visible_smoke_only_0_DJI_202609081039_006_pts_v2,DJI_202609081039_006,uav-09,@raw/04_第四批_20260908_1053_多火点与余热点/01_正式视频/无人机09_1581F7K3C24CS00AX535/DJI_202609081039_006/DJI_20260908105258_0002_V.MP4,@raw/04_第四批_20260908_1053_多火点与余热点/01_正式视频/无人机09_1581F7K3C24CS00AX535/DJI_202609081039_006/DJI_20260908105258_0002_T.MP4,564.831,,,,,,,,,residual_heat,yes,yes,1605.0000178813937,338.6841849012724,1022.1051796123252,381.05384959801637,,reviewer_same_source,none,,,existing_manual,visible_smoke_only_0_DJI_202609081039_006_pts_v2:09; source point order=1; local reviewer label=F1; V/T association follows reviewer order; cross-UAV physical ID unverified; no independently linked LRF,@recovery/video_clips/visible_smoke_only_0_DJI_202609081039_006_pts_v2/V/000150.jpg
B3_manual_geometry_N_uav-02,B3,B3_three_UAV_manual_geometry,B3_three_UAV_manual_instant,DJI_202609080957_005,uav-02,@raw/03_第三批_20260908_1006_多火点/01_正式视频/无人机02_1581F7K3C267500D2DQD/DJI_202609080957_005/DJI_20260908100606_0001_V.MP4,@raw/03_第三批_20260908_1006_多火点/01_正式视频/无人机02_1581F7K3C267500D2DQD/DJI_202609080957_005/DJI_20260908100606_0001_T.MP4,53.0,,,,,,,,,active_fire,yes,uncertain,1395,895,,,B3_N,manual_cross_UAV,accepted_LRF_fire,31.2897849,120.4727221,existing_manual,manual 3-UAV geometry marks and accepted LRF; exact scene used in oracle decomposition,@project/results/direction_screen_20260928/colmap_B3_manual/images/uav-02/uav-02_manual.jpg
B3_manual_geometry_N_uav-04,B3,B3_three_UAV_manual_geometry,B3_three_UAV_manual_instant,DJI_202609080957_035,uav-04,@raw/03_第三批_20260908_1006_多火点/01_正式视频/无人机04_1581F7K33258900AP021/DJI_202609080957_035/DJI_20260908100549_0001_V.MP4,@raw/03_第三批_20260908_1006_多火点/01_正式视频/无人机04_1581F7K33258900AP021/DJI_202609080957_035/DJI_20260908100549_0001_T.MP4,71.0,,,,,,,,,active_fire,yes,uncertain,205,855,,,B3_N,manual_cross_UAV,accepted_LRF_fire,31.2897849,120.4727221,existing_manual,manual 3-UAV geometry marks and accepted LRF; exact scene used in oracle decomposition,@project/results/direction_screen_20260928/colmap_B3_manual/images/uav-04/uav-04_manual.jpg
B3_manual_geometry_N_uav-09,B3,B3_three_UAV_manual_geometry,B3_three_UAV_manual_instant,DJI_202609080957_004,uav-09,@raw/03_第三批_20260908_1006_多火点/01_正式视频/无人机09_1581F7K3C24CS00AX535/DJI_202609080957_004/DJI_20260908100604_0001_V.MP4,@raw/03_第三批_20260908_1006_多火点/01_正式视频/无人机09_1581F7K3C24CS00AX535/DJI_202609080957_004/DJI_20260908100604_0001_T.MP4,55.0,,,,,,,,,active_fire,yes,uncertain,375,420,,,B3_N,manual_cross_UAV,accepted_LRF_fire,31.2897849,120.4727221,existing_manual,manual 3-UAV geometry marks and accepted LRF; exact scene used in oracle decomposition,@project/results/direction_screen_20260928/colmap_B3_manual/images/uav-09/uav-09_manual.jpg
B3_manual_geometry_S_uav-02,B3,B3_three_UAV_manual_geometry,B3_three_UAV_manual_instant,DJI_202609080957_005,uav-02,@raw/03_第三批_20260908_1006_多火点/01_正式视频/无人机02_1581F7K3C267500D2DQD/DJI_202609080957_005/DJI_20260908100606_0001_V.MP4,@raw/03_第三批_20260908_1006_多火点/01_正式视频/无人机02_1581F7K3C267500D2DQD/DJI_202609080957_005/DJI_20260908100606_0001_T.MP4,53.0,,,,,,,,,active_fire,yes,uncertain,370,265,,,B3_S,manual_cross_UAV,accepted_LRF_fire,31.2896853,120.47275315,existing_manual,manual 3-UAV geometry marks and accepted LRF; exact scene used in oracle decomposition,@project/results/direction_screen_20260928/colmap_B3_manual/images/uav-02/uav-02_manual.jpg
B3_manual_geometry_S_uav-04,B3,B3_three_UAV_manual_geometry,B3_three_UAV_manual_instant,DJI_202609080957_035,uav-04,@raw/03_第三批_20260908_1006_多火点/01_正式视频/无人机04_1581F7K33258900AP021/DJI_202609080957_035/DJI_20260908100549_0001_V.MP4,@raw/03_第三批_20260908_1006_多火点/01_正式视频/无人机04_1581F7K33258900AP021/DJI_202609080957_035/DJI_20260908100549_0001_T.MP4,71.0,,,,,,,,,active_fire,yes,uncertain,1750,780,,,B3_S,manual_cross_UAV,accepted_LRF_fire,31.2896853,120.47275315,existing_manual,manual 3-UAV geometry marks and accepted LRF; exact scene used in oracle decomposition,@project/results/direction_screen_20260928/colmap_B3_manual/images/uav-04/uav-04_manual.jpg
B3_manual_geometry_S_uav-09,B3,B3_three_UAV_manual_geometry,B3_three_UAV_manual_instant,DJI_202609080957_004,uav-09,@raw/03_第三批_20260908_1006_多火点/01_正式视频/无人机09_1581F7K3C24CS00AX535/DJI_202609080957_004/DJI_20260908100604_0001_V.MP4,@raw/03_第三批_20260908_1006_多火点/01_正式视频/无人机09_1581F7K3C24CS00AX535/DJI_202609080957_004/DJI_20260908100604_0001_T.MP4,55.0,,,,,,,,,active_fire,yes,uncertain,1575,640,,,B3_S,manual_cross_UAV,accepted_LRF_fire,31.2896853,120.47275315,existing_manual,manual 3-UAV geometry marks and accepted LRF; exact scene used in oracle decomposition,@project/results/direction_screen_20260928/colmap_B3_manual/images/uav-09/uav-09_manual.jpg
B1_uav-02_DJI_20260907160153_0005_0045,B1,B1_DJI_20260907160153_0005,B1_uav-02_DJI_20260907160153_0005_0045,DJI_202609071534_003,uav-02,@raw/01_第一批_20260907_1602_单火点/01_正式视频/无人机02_1581F7K3C267500D2DQD/DJI_202609071534_003/DJI_20260907160153_0005_V.MP4,@raw/01_第一批_20260907_1602_单火点/01_正式视频/无人机02_1581F7K3C267500D2DQD/DJI_202609071534_003/DJI_20260907160153_0005_T.MP4,45,,,,,,,,,active_fire,yes,yes,,,,,,uncertain,none,,,new_manual_review,Visible flame across context,@project/results/direction_research_20260928/08_finalists_D_A_H/01_shared_benchmark/contact_sheets/B1_uav-02_DJI_20260907160153_0005_0045.jpg
B1_uav-02_DJI_20260907160153_0005_0120,B1,B1_DJI_20260907160153_0005,B1_uav-02_DJI_20260907160153_0005_0120,DJI_202609071534_003,uav-02,@raw/01_第一批_20260907_1602_单火点/01_正式视频/无人机02_1581F7K3C267500D2DQD/DJI_202609071534_003/DJI_20260907160153_0005_V.MP4,@raw/01_第一批_20260907_1602_单火点/01_正式视频/无人机02_1581F7K3C267500D2DQD/DJI_202609071534_003/DJI_20260907160153_0005_T.MP4,120,,,,,,,,,active_fire,yes,yes,,,,,,uncertain,none,,,new_manual_review,Visible flame across context,@project/results/direction_research_20260928/08_finalists_D_A_H/01_shared_benchmark/contact_sheets/B1_uav-02_DJI_20260907160153_0005_0120.jpg
B1_uav-02_DJI_20260907160153_0005_0240,B1,B1_DJI_20260907160153_0005,B1_uav-02_DJI_20260907160153_0005_0240,DJI_202609071534_003,uav-02,@raw/01_第一批_20260907_1602_单火点/01_正式视频/无人机02_1581F7K3C267500D2DQD/DJI_202609071534_003/DJI_20260907160153_0005_V.MP4,@raw/01_第一批_20260907_1602_单火点/01_正式视频/无人机02_1581F7K3C267500D2DQD/DJI_202609071534_003/DJI_20260907160153_0005_T.MP4,240,,,,,,,,,active_fire,yes,yes,,,,,,uncertain,none,,,new_manual_review,Visible flame across context,@project/results/direction_research_20260928/08_finalists_D_A_H/01_shared_benchmark/contact_sheets/B1_uav-02_DJI_20260907160153_0005_0240.jpg
B1_uav-02_DJI_20260907160153_0005_0360,B1,B1_DJI_20260907160153_0005,B1_uav-02_DJI_20260907160153_0005_0360,DJI_202609071534_003,uav-02,@raw/01_第一批_20260907_1602_单火点/01_正式视频/无人机02_1581F7K3C267500D2DQD/DJI_202609071534_003/DJI_20260907160153_0005_V.MP4,@raw/01_第一批_20260907_1602_单火点/01_正式视频/无人机02_1581F7K3C267500D2DQD/DJI_202609071534_003/DJI_20260907160153_0005_T.MP4,360,,,,,,,,,active_fire,yes,yes,,,,,,uncertain,none,,,new_manual_review,Visible flame across context,@project/results/direction_research_20260928/08_finalists_D_A_H/01_shared_benchmark/contact_sheets/B1_uav-02_DJI_20260907160153_0005_0360.jpg
B1_uav-02_DJI_20260907160153_0005_0480,B1,B1_DJI_20260907160153_0005,B1_uav-02_DJI_20260907160153_0005_0480,DJI_202609071534_003,uav-02,@raw/01_第一批_20260907_1602_单火点/01_正式视频/无人机02_1581F7K3C267500D2DQD/DJI_202609071534_003/DJI_20260907160153_0005_V.MP4,@raw/01_第一批_20260907_1602_单火点/01_正式视频/无人机02_1581F7K3C267500D2DQD/DJI_202609071534_003/DJI_20260907160153_0005_T.MP4,480,,,,,,,,,uncertain,uncertain,uncertain,,,,,,uncertain,none,,,unknown,Glowing red material/embers possible; active combustion versus residual unresolved,@project/results/direction_research_20260928/08_finalists_D_A_H/01_shared_benchmark/contact_sheets/B1_uav-02_DJI_20260907160153_0005_0480.jpg
B1_uav-02_DJI_20260907160153_0005_0600,B1,B1_DJI_20260907160153_0005,B1_uav-02_DJI_20260907160153_0005_0600,DJI_202609071534_003,uav-02,@raw/01_第一批_20260907_1602_单火点/01_正式视频/无人机02_1581F7K3C267500D2DQD/DJI_202609071534_003/DJI_20260907160153_0005_V.MP4,@raw/01_第一批_20260907_1602_单火点/01_正式视频/无人机02_1581F7K3C267500D2DQD/DJI_202609071534_003/DJI_20260907160153_0005_T.MP4,600,,,,,,,,,uncertain,uncertain,uncertain,,,,,,uncertain,none,,,unknown,Glowing red material/embers possible; active combustion versus residual unresolved,@project/results/direction_research_20260928/08_finalists_D_A_H/01_shared_benchmark/contact_sheets/B1_uav-02_DJI_20260907160153_0005_0600.jpg
B1_uav-09_DJI_20260907160202_0003_0045,B1,B1_DJI_20260907160202_0003,B1_uav-09_DJI_20260907160202_0003_0045,DJI_202609071543_001,uav-09,@raw/01_第一批_20260907_1602_单火点/01_正式视频/无人机09_1581F7K3C24CS00AX535/DJI_202609071543_001/DJI_20260907160202_0003_V.MP4,@raw/01_第一批_20260907_1602_单火点/01_正式视频/无人机09_1581F7K3C24CS00AX535/DJI_202609071543_001/DJI_20260907160202_0003_T.MP4,45,,,,,,,,,active_fire,yes,yes,,,,,,uncertain,none,,,new_manual_review,Visible flame across context,@project/results/direction_research_20260928/08_finalists_D_A_H/01_shared_benchmark/contact_sheets/B1_uav-09_DJI_20260907160202_0003_0045.jpg
B1_uav-09_DJI_20260907160202_0003_0120,B1,B1_DJI_20260907160202_0003,B1_uav-09_DJI_20260907160202_0003_0120,DJI_202609071543_001,uav-09,@raw/01_第一批_20260907_1602_单火点/01_正式视频/无人机09_1581F7K3C24CS00AX535/DJI_202609071543_001/DJI_20260907160202_0003_V.MP4,@raw/01_第一批_20260907_1602_单火点/01_正式视频/无人机09_1581F7K3C24CS00AX535/DJI_202609071543_001/DJI_20260907160202_0003_T.MP4,120,,,,,,,,,active_fire,yes,yes,,,,,,uncertain,none,,,new_manual_review,Visible flame across context,@project/results/direction_research_20260928/08_finalists_D_A_H/01_shared_benchmark/contact_sheets/B1_uav-09_DJI_20260907160202_0003_0120.jpg
B1_uav-09_DJI_20260907160202_0003_0240,B1,B1_DJI_20260907160202_0003,B1_uav-09_DJI_20260907160202_0003_0240,DJI_202609071543_001,uav-09,@raw/01_第一批_20260907_1602_单火点/01_正式视频/无人机09_1581F7K3C24CS00AX535/DJI_202609071543_001/DJI_20260907160202_0003_V.MP4,@raw/01_第一批_20260907_1602_单火点/01_正式视频/无人机09_1581F7K3C24CS00AX535/DJI_202609071543_001/DJI_20260907160202_0003_T.MP4,240,,,,,,,,,active_fire,yes,yes,,,,,,uncertain,none,,,new_manual_review,Visible flame across context,@project/results/direction_research_20260928/08_finalists_D_A_H/01_shared_benchmark/contact_sheets/B1_uav-09_DJI_20260907160202_0003_0240.jpg
B1_uav-09_DJI_20260907160202_0003_0360,B1,B1_DJI_20260907160202_0003,B1_uav-09_DJI_20260907160202_0003_0360,DJI_202609071543_001,uav-09,@raw/01_第一批_20260907_1602_单火点/01_正式视频/无人机09_1581F7K3C24CS00AX535/DJI_202609071543_001/DJI_20260907160202_0003_V.MP4,@raw/01_第一批_20260907_1602_单火点/01_正式视频/无人机09_1581F7K3C24CS00AX535/DJI_202609071543_001/DJI_20260907160202_0003_T.MP4,360,,,,,,,,,active_fire,yes,yes,,,,,,uncertain,none,,,new_manual_review,Visible flame across context,@project/results/direction_research_20260928/08_finalists_D_A_H/01_shared_benchmark/contact_sheets/B1_uav-09_DJI_20260907160202_0003_0360.jpg
B1_uav-09_DJI_20260907160202_0003_0480,B1,B1_DJI_20260907160202_0003,B1_uav-09_DJI_20260907160202_0003_0480,DJI_202609071543_001,uav-09,@raw/01_第一批_20260907_1602_单火点/01_正式视频/无人机09_1581F7K3C24CS00AX535/DJI_202609071543_001/DJI_20260907160202_0003_V.MP4,@raw/01_第一批_20260907_1602_单火点/01_正式视频/无人机09_1581F7K3C24CS00AX535/DJI_202609071543_001/DJI_20260907160202_0003_T.MP4,480,,,,,,,,,uncertain,uncertain,uncertain,,,,,,uncertain,none,,,unknown,Glowing red material/embers possible; active combustion versus residual unresolved,@project/results/direction_research_20260928/08_finalists_D_A_H/01_shared_benchmark/contact_sheets/B1_uav-09_DJI_20260907160202_0003_0480.jpg
B1_uav-09_DJI_20260907160202_0003_0600,B1,B1_DJI_20260907160202_0003,B1_uav-09_DJI_20260907160202_0003_0600,DJI_202609071543_001,uav-09,@raw/01_第一批_20260907_1602_单火点/01_正式视频/无人机09_1581F7K3C24CS00AX535/DJI_202609071543_001/DJI_20260907160202_0003_V.MP4,@raw/01_第一批_20260907_1602_单火点/01_正式视频/无人机09_1581F7K3C24CS00AX535/DJI_202609071543_001/DJI_20260907160202_0003_T.MP4,600,,,,,,,,,uncertain,uncertain,uncertain,,,,,,uncertain,none,,,unknown,Glowing red material/embers possible; active combustion versus residual unresolved,@project/results/direction_research_20260928/08_finalists_D_A_H/01_shared_benchmark/contact_sheets/B1_uav-09_DJI_20260907160202_0003_0600.jpg
B2_uav-02_DJI_20260908092422_0002_0045,B2,B2_DJI_20260908092422_0002,B2_uav-02_DJI_20260908092422_0002_0045,DJI_202609080909_004,uav-02,@raw/02_第二批_20260908_0924_单火点/01_正式视频/无人机02_1581F7K3C267500D2DQD/DJI_202609080909_004/DJI_20260908092422_0002_V.MP4,@raw/02_第二批_20260908_0924_单火点/01_正式视频/无人机02_1581F7K3C267500D2DQD/DJI_202609080909_004/DJI_20260908092422_0002_T.MP4,45,,,,,,,,,active_fire,yes,yes,,,,,,uncertain,none,,,new_manual_review,Visible flame across context,@project/results/direction_research_20260928/08_finalists_D_A_H/01_shared_benchmark/contact_sheets/B2_uav-02_DJI_20260908092422_0002_0045.jpg
B2_uav-02_DJI_20260908092422_0002_0120,B2,B2_DJI_20260908092422_0002,B2_uav-02_DJI_20260908092422_0002_0120,DJI_202609080909_004,uav-02,@raw/02_第二批_20260908_0924_单火点/01_正式视频/无人机02_1581F7K3C267500D2DQD/DJI_202609080909_004/DJI_20260908092422_0002_V.MP4,@raw/02_第二批_20260908_0924_单火点/01_正式视频/无人机02_1581F7K3C267500D2DQD/DJI_202609080909_004/DJI_20260908092422_0002_T.MP4,120,,,,,,,,,uncertain,uncertain,uncertain,,,,,,uncertain,none,,,unknown,"Smoke and thermal signal, visible flame obscured; current combustion uncertain",@project/results/direction_research_20260928/08_finalists_D_A_H/01_shared_benchmark/contact_sheets/B2_uav-02_DJI_20260908092422_0002_0120.jpg
B2_uav-02_DJI_20260908092422_0002_0240,B2,B2_DJI_20260908092422_0002,B2_uav-02_DJI_20260908092422_0002_0240,DJI_202609080909_004,uav-02,@raw/02_第二批_20260908_0924_单火点/01_正式视频/无人机02_1581F7K3C267500D2DQD/DJI_202609080909_004/DJI_20260908092422_0002_V.MP4,@raw/02_第二批_20260908_0924_单火点/01_正式视频/无人机02_1581F7K3C267500D2DQD/DJI_202609080909_004/DJI_20260908092422_0002_T.MP4,240,,,,,,,,,active_fire,yes,yes,,,,,,uncertain,none,,,new_manual_review,Visible flame across context,@project/results/direction_research_20260928/08_finalists_D_A_H/01_shared_benchmark/contact_sheets/B2_uav-02_DJI_20260908092422_0002_0240.jpg
B2_uav-02_DJI_20260908092422_0002_0360,B2,B2_DJI_20260908092422_0002,B2_uav-02_DJI_20260908092422_0002_0360,DJI_202609080909_004,uav-02,@raw/02_第二批_20260908_0924_单火点/01_正式视频/无人机02_1581F7K3C267500D2DQD/DJI_202609080909_004/DJI_20260908092422_0002_V.MP4,@raw/02_第二批_20260908_0924_单火点/01_正式视频/无人机02_1581F7K3C267500D2DQD/DJI_202609080909_004/DJI_20260908092422_0002_T.MP4,360,,,,,,,,,active_fire,yes,yes,,,,,,uncertain,none,,,new_manual_review,Visible flame across context,@project/results/direction_research_20260928/08_finalists_D_A_H/01_shared_benchmark/contact_sheets/B2_uav-02_DJI_20260908092422_0002_0360.jpg
B2_uav-02_DJI_20260908092422_0002_0480,B2,B2_DJI_20260908092422_0002,B2_uav-02_DJI_20260908092422_0002_0480,DJI_202609080909_004,uav-02,@raw/02_第二批_20260908_0924_单火点/01_正式视频/无人机02_1581F7K3C267500D2DQD/DJI_202609080909_004/DJI_20260908092422_0002_V.MP4,@raw/02_第二批_20260908_0924_单火点/01_正式视频/无人机02_1581F7K3C267500D2DQD/DJI_202609080909_004/DJI_20260908092422_0002_T.MP4,480,,,,,,,,,active_fire,yes,yes,,,,,,uncertain,none,,,new_manual_review,Visible flame across context,@project/results/direction_research_20260928/08_finalists_D_A_H/01_shared_benchmark/contact_sheets/B2_uav-02_DJI_20260908092422_0002_0480.jpg
B2_uav-02_DJI_20260908092422_0002_0600,B2,B2_DJI_20260908092422_0002,B2_uav-02_DJI_20260908092422_0002_0600,DJI_202609080909_004,uav-02,@raw/02_第二批_20260908_0924_单火点/01_正式视频/无人机02_1581F7K3C267500D2DQD/DJI_202609080909_004/DJI_20260908092422_0002_V.MP4,@raw/02_第二批_20260908_0924_单火点/01_正式视频/无人机02_1581F7K3C267500D2DQD/DJI_202609080909_004/DJI_20260908092422_0002_T.MP4,600,,,,,,,,,uncertain,uncertain,uncertain,,,,,,uncertain,none,,,unknown,Small red embers possible; combustion state uncertain,@project/results/direction_research_20260928/08_finalists_D_A_H/01_shared_benchmark/contact_sheets/B2_uav-02_DJI_20260908092422_0002_0600.jpg
B2_uav-09_DJI_20260908092435_0004_0045,B2,B2_DJI_20260908092435_0004,B2_uav-09_DJI_20260908092435_0004_0045,DJI_202609080915_003,uav-09,@raw/02_第二批_20260908_0924_单火点/01_正式视频/无人机09_1581F7K3C24CS00AX535/DJI_202609080915_003/DJI_20260908092435_0004_V.MP4,@raw/02_第二批_20260908_0924_单火点/01_正式视频/无人机09_1581F7K3C24CS00AX535/DJI_202609080915_003/DJI_20260908092435_0004_T.MP4,45,,,,,,,,,active_fire,yes,yes,,,,,,uncertain,none,,,new_manual_review,Visible flame across context,@project/results/direction_research_20260928/08_finalists_D_A_H/01_shared_benchmark/contact_sheets/B2_uav-09_DJI_20260908092435_0004_0045.jpg
B2_uav-09_DJI_20260908092435_0004_0120,B2,B2_DJI_20260908092435_0004,B2_uav-09_DJI_20260908092435_0004_0120,DJI_202609080915_003,uav-09,@raw/02_第二批_20260908_0924_单火点/01_正式视频/无人机09_1581F7K3C24CS00AX535/DJI_202609080915_003/DJI_20260908092435_0004_V.MP4,@raw/02_第二批_20260908_0924_单火点/01_正式视频/无人机09_1581F7K3C24CS00AX535/DJI_202609080915_003/DJI_20260908092435_0004_T.MP4,120,,,,,,,,,uncertain,uncertain,uncertain,,,,,,uncertain,none,,,unknown,"Smoke and thermal signal, visible flame obscured; current combustion uncertain",@project/results/direction_research_20260928/08_finalists_D_A_H/01_shared_benchmark/contact_sheets/B2_uav-09_DJI_20260908092435_0004_0120.jpg
B2_uav-09_DJI_20260908092435_0004_0240,B2,B2_DJI_20260908092435_0004,B2_uav-09_DJI_20260908092435_0004_0240,DJI_202609080915_003,uav-09,@raw/02_第二批_20260908_0924_单火点/01_正式视频/无人机09_1581F7K3C24CS00AX535/DJI_202609080915_003/DJI_20260908092435_0004_V.MP4,@raw/02_第二批_20260908_0924_单火点/01_正式视频/无人机09_1581F7K3C24CS00AX535/DJI_202609080915_003/DJI_20260908092435_0004_T.MP4,240,,,,,,,,,active_fire,yes,yes,,,,,,uncertain,none,,,new_manual_review,Visible flame across context,@project/results/direction_research_20260928/08_finalists_D_A_H/01_shared_benchmark/contact_sheets/B2_uav-09_DJI_20260908092435_0004_0240.jpg
B2_uav-09_DJI_20260908092435_0004_0360,B2,B2_DJI_20260908092435_0004,B2_uav-09_DJI_20260908092435_0004_0360,DJI_202609080915_003,uav-09,@raw/02_第二批_20260908_0924_单火点/01_正式视频/无人机09_1581F7K3C24CS00AX535/DJI_202609080915_003/DJI_20260908092435_0004_V.MP4,@raw/02_第二批_20260908_0924_单火点/01_正式视频/无人机09_1581F7K3C24CS00AX535/DJI_202609080915_003/DJI_20260908092435_0004_T.MP4,360,,,,,,,,,active_fire,yes,yes,,,,,,uncertain,none,,,new_manual_review,Visible flame across context,@project/results/direction_research_20260928/08_finalists_D_A_H/01_shared_benchmark/contact_sheets/B2_uav-09_DJI_20260908092435_0004_0360.jpg
B2_uav-09_DJI_20260908092435_0004_0480,B2,B2_DJI_20260908092435_0004,B2_uav-09_DJI_20260908092435_0004_0480,DJI_202609080915_003,uav-09,@raw/02_第二批_20260908_0924_单火点/01_正式视频/无人机09_1581F7K3C24CS00AX535/DJI_202609080915_003/DJI_20260908092435_0004_V.MP4,@raw/02_第二批_20260908_0924_单火点/01_正式视频/无人机09_1581F7K3C24CS00AX535/DJI_202609080915_003/DJI_20260908092435_0004_T.MP4,480,,,,,,,,,active_fire,yes,yes,,,,,,uncertain,none,,,new_manual_review,Visible flame across context,@project/results/direction_research_20260928/08_finalists_D_A_H/01_shared_benchmark/contact_sheets/B2_uav-09_DJI_20260908092435_0004_0480.jpg
B2_uav-09_DJI_20260908092435_0004_0600,B2,B2_DJI_20260908092435_0004,B2_uav-09_DJI_20260908092435_0004_0600,DJI_202609080915_003,uav-09,@raw/02_第二批_20260908_0924_单火点/01_正式视频/无人机09_1581F7K3C24CS00AX535/DJI_202609080915_003/DJI_20260908092435_0004_V.MP4,@raw/02_第二批_20260908_0924_单火点/01_正式视频/无人机09_1581F7K3C24CS00AX535/DJI_202609080915_003/DJI_20260908092435_0004_T.MP4,600,,,,,,,,,uncertain,uncertain,uncertain,,,,,,uncertain,none,,,unknown,Small red embers possible; combustion state uncertain,@project/results/direction_research_20260928/08_finalists_D_A_H/01_shared_benchmark/contact_sheets/B2_uav-09_DJI_20260908092435_0004_0600.jpg
B4_uav-02_DJI_20260908105306_0001_0045,B4,B4_DJI_20260908105306_0001,B4_uav-02_DJI_20260908105306_0001_0045,DJI_202609081040_006,uav-02,@raw/04_第四批_20260908_1053_多火点与余热点/01_正式视频/无人机02_1581F7K3C267500D2DQD/DJI_202609081040_006/DJI_20260908105306_0001_V.MP4,@raw/04_第四批_20260908_1053_多火点与余热点/01_正式视频/无人机02_1581F7K3C267500D2DQD/DJI_202609081040_006/DJI_20260908105306_0001_T.MP4,45,,,,,,,,,active_fire,yes,yes,,,,,,uncertain,none,,,new_manual_review,At least one visibly flaming source; two fire sites present,@project/results/direction_research_20260928/08_finalists_D_A_H/01_shared_benchmark/contact_sheets/B4_uav-02_DJI_20260908105306_0001_0045.jpg
B4_uav-02_DJI_20260908105306_0001_0120,B4,B4_DJI_20260908105306_0001,B4_uav-02_DJI_20260908105306_0001_0120,DJI_202609081040_006,uav-02,@raw/04_第四批_20260908_1053_多火点与余热点/01_正式视频/无人机02_1581F7K3C267500D2DQD/DJI_202609081040_006/DJI_20260908105306_0001_V.MP4,@raw/04_第四批_20260908_1053_多火点与余热点/01_正式视频/无人机02_1581F7K3C267500D2DQD/DJI_202609081040_006/DJI_20260908105306_0001_T.MP4,120,,,,,,,,,active_fire,yes,yes,,,,,,uncertain,none,,,new_manual_review,At least one visibly flaming source; two fire sites present,@project/results/direction_research_20260928/08_finalists_D_A_H/01_shared_benchmark/contact_sheets/B4_uav-02_DJI_20260908105306_0001_0120.jpg
B4_uav-02_DJI_20260908105306_0001_0240,B4,B4_DJI_20260908105306_0001,B4_uav-02_DJI_20260908105306_0001_0240,DJI_202609081040_006,uav-02,@raw/04_第四批_20260908_1053_多火点与余热点/01_正式视频/无人机02_1581F7K3C267500D2DQD/DJI_202609081040_006/DJI_20260908105306_0001_V.MP4,@raw/04_第四批_20260908_1053_多火点与余热点/01_正式视频/无人机02_1581F7K3C267500D2DQD/DJI_202609081040_006/DJI_20260908105306_0001_T.MP4,240,,,,,,,,,active_fire,yes,yes,,,,,,uncertain,none,,,new_manual_review,At least one visibly flaming source; two fire sites present,@project/results/direction_research_20260928/08_finalists_D_A_H/01_shared_benchmark/contact_sheets/B4_uav-02_DJI_20260908105306_0001_0240.jpg
B4_uav-02_DJI_20260908105306_0001_0360,B4,B4_DJI_20260908105306_0001,B4_uav-02_DJI_20260908105306_0001_0360,DJI_202609081040_006,uav-02,@raw/04_第四批_20260908_1053_多火点与余热点/01_正式视频/无人机02_1581F7K3C267500D2DQD/DJI_202609081040_006/DJI_20260908105306_0001_V.MP4,@raw/04_第四批_20260908_1053_多火点与余热点/01_正式视频/无人机02_1581F7K3C267500D2DQD/DJI_202609081040_006/DJI_20260908105306_0001_T.MP4,360,,,,,,,,,uncertain,uncertain,uncertain,,,,,,uncertain,none,,,unknown,No clear flame; smoke/embers or partly occluded source prevents residual claim,@project/results/direction_research_20260928/08_finalists_D_A_H/01_shared_benchmark/contact_sheets/B4_uav-02_DJI_20260908105306_0001_0360.jpg
B4_uav-02_DJI_20260908105306_0001_0480,B4,B4_DJI_20260908105306_0001,B4_uav-02_DJI_20260908105306_0001_0480,DJI_202609081040_006,uav-02,@raw/04_第四批_20260908_1053_多火点与余热点/01_正式视频/无人机02_1581F7K3C267500D2DQD/DJI_202609081040_006/DJI_20260908105306_0001_V.MP4,@raw/04_第四批_20260908_1053_多火点与余热点/01_正式视频/无人机02_1581F7K3C267500D2DQD/DJI_202609081040_006/DJI_20260908105306_0001_T.MP4,480,,,,,,,,,uncertain,uncertain,uncertain,,,,,,uncertain,none,,,unknown,No clear flame; smoke/embers or partly occluded source prevents residual claim,@project/results/direction_research_20260928/08_finalists_D_A_H/01_shared_benchmark/contact_sheets/B4_uav-02_DJI_20260908105306_0001_0480.jpg
B4_uav-02_DJI_20260908105306_0001_0600,B4,B4_DJI_20260908105306_0001,B4_uav-02_DJI_20260908105306_0001_0600,DJI_202609081040_006,uav-02,@raw/04_第四批_20260908_1053_多火点与余热点/01_正式视频/无人机02_1581F7K3C267500D2DQD/DJI_202609081040_006/DJI_20260908105306_0001_V.MP4,@raw/04_第四批_20260908_1053_多火点与余热点/01_正式视频/无人机02_1581F7K3C267500D2DQD/DJI_202609081040_006/DJI_20260908105306_0001_T.MP4,600,,,,,,,,,uncertain,uncertain,uncertain,,,,,,uncertain,none,,,unknown,State not identifiable from 3-frame ±3s visual context,@project/results/direction_research_20260928/08_finalists_D_A_H/01_shared_benchmark/contact_sheets/B4_uav-02_DJI_20260908105306_0001_0600.jpg
B4_uav-08_DJI_20260908105257_0001_0045,B4,B4_DJI_20260908105257_0001,B4_uav-08_DJI_20260908105257_0001_0045,DJI_202609081036_005,uav-08,@raw/04_第四批_20260908_1053_多火点与余热点/01_正式视频/无人机08_1581F7K3C256N00DCP1T/DJI_202609081036_005/DJI_20260908105257_0001_V.MP4,@raw/04_第四批_20260908_1053_多火点与余热点/01_正式视频/无人机08_1581F7K3C256N00DCP1T/DJI_202609081036_005/DJI_20260908105257_0001_T.MP4,45,,,,,,,,,uncertain,uncertain,uncertain,,,,,,uncertain,none,,,unknown,State not identifiable from 3-frame ±3s visual context,@project/results/direction_research_20260928/08_finalists_D_A_H/01_shared_benchmark/contact_sheets/B4_uav-08_DJI_20260908105257_0001_0045.jpg
B4_uav-08_DJI_20260908105257_0001_0120,B4,B4_DJI_20260908105257_0001,B4_uav-08_DJI_20260908105257_0001_0120,DJI_202609081036_005,uav-08,@raw/04_第四批_20260908_1053_多火点与余热点/01_正式视频/无人机08_1581F7K3C256N00DCP1T/DJI_202609081036_005/DJI_20260908105257_0001_V.MP4,@raw/04_第四批_20260908_1053_多火点与余热点/01_正式视频/无人机08_1581F7K3C256N00DCP1T/DJI_202609081036_005/DJI_20260908105257_0001_T.MP4,120,,,,,,,,,active_fire,yes,yes,,,,,,uncertain,none,,,new_manual_review,Flame at one visible source; other thermal source partly out of image,@project/results/direction_research_20260928/08_finalists_D_A_H/01_shared_benchmark/contact_sheets/B4_uav-08_DJI_20260908105257_0001_0120.jpg
B4_uav-08_DJI_20260908105257_0001_0240,B4,B4_DJI_20260908105257_0001,B4_uav-08_DJI_20260908105257_0001_0240,DJI_202609081036_005,uav-08,@raw/04_第四批_20260908_1053_多火点与余热点/01_正式视频/无人机08_1581F7K3C256N00DCP1T/DJI_202609081036_005/DJI_20260908105257_0001_V.MP4,@raw/04_第四批_20260908_1053_多火点与余热点/01_正式视频/无人机08_1581F7K3C256N00DCP1T/DJI_202609081036_005/DJI_20260908105257_0001_T.MP4,240,,,,,,,,,active_fire,yes,yes,,,,,,uncertain,none,,,new_manual_review,Flame at one visible source; other thermal source partly out of image,@project/results/direction_research_20260928/08_finalists_D_A_H/01_shared_benchmark/contact_sheets/B4_uav-08_DJI_20260908105257_0001_0240.jpg
B4_uav-08_DJI_20260908105257_0001_0360,B4,B4_DJI_20260908105257_0001,B4_uav-08_DJI_20260908105257_0001_0360,DJI_202609081036_005,uav-08,@raw/04_第四批_20260908_1053_多火点与余热点/01_正式视频/无人机08_1581F7K3C256N00DCP1T/DJI_202609081036_005/DJI_20260908105257_0001_V.MP4,@raw/04_第四批_20260908_1053_多火点与余热点/01_正式视频/无人机08_1581F7K3C256N00DCP1T/DJI_202609081036_005/DJI_20260908105257_0001_T.MP4,360,,,,,,,,,uncertain,uncertain,uncertain,,,,,,uncertain,none,,,unknown,State not identifiable from 3-frame ±3s visual context,@project/results/direction_research_20260928/08_finalists_D_A_H/01_shared_benchmark/contact_sheets/B4_uav-08_DJI_20260908105257_0001_0360.jpg
B4_uav-08_DJI_20260908105257_0001_0480,B4,B4_DJI_20260908105257_0001,B4_uav-08_DJI_20260908105257_0001_0480,DJI_202609081036_005,uav-08,@raw/04_第四批_20260908_1053_多火点与余热点/01_正式视频/无人机08_1581F7K3C256N00DCP1T/DJI_202609081036_005/DJI_20260908105257_0001_V.MP4,@raw/04_第四批_20260908_1053_多火点与余热点/01_正式视频/无人机08_1581F7K3C256N00DCP1T/DJI_202609081036_005/DJI_20260908105257_0001_T.MP4,480,,,,,,,,,uncertain,uncertain,uncertain,,,,,,uncertain,none,,,unknown,State not identifiable from 3-frame ±3s visual context,@project/results/direction_research_20260928/08_finalists_D_A_H/01_shared_benchmark/contact_sheets/B4_uav-08_DJI_20260908105257_0001_0480.jpg
B4_uav-08_DJI_20260908105257_0001_0600,B4,B4_DJI_20260908105257_0001,B4_uav-08_DJI_20260908105257_0001_0600,DJI_202609081036_005,uav-08,@raw/04_第四批_20260908_1053_多火点与余热点/01_正式视频/无人机08_1581F7K3C256N00DCP1T/DJI_202609081036_005/DJI_20260908105257_0001_V.MP4,@raw/04_第四批_20260908_1053_多火点与余热点/01_正式视频/无人机08_1581F7K3C256N00DCP1T/DJI_202609081036_005/DJI_20260908105257_0001_T.MP4,600,,,,,,,,,uncertain,uncertain,uncertain,,,,,,uncertain,none,,,unknown,State not identifiable from 3-frame ±3s visual context,@project/results/direction_research_20260928/08_finalists_D_A_H/01_shared_benchmark/contact_sheets/B4_uav-08_DJI_20260908105257_0001_0600.jpg
B4_uav-09_DJI_20260908105258_0002_0120,B4,B4_DJI_20260908105258_0002,B4_uav-09_DJI_20260908105258_0002_0120,DJI_202609081039_006,uav-09,@raw/04_第四批_20260908_1053_多火点与余热点/01_正式视频/无人机09_1581F7K3C24CS00AX535/DJI_202609081039_006/DJI_20260908105258_0002_V.MP4,@raw/04_第四批_20260908_1053_多火点与余热点/01_正式视频/无人机09_1581F7K3C24CS00AX535/DJI_202609081039_006/DJI_20260908105258_0002_T.MP4,120,,,,,,,,,active_fire,yes,yes,,,,,,uncertain,none,,,new_manual_review,At least one visibly flaming source; two fire sites present,@project/results/direction_research_20260928/08_finalists_D_A_H/01_shared_benchmark/contact_sheets/B4_uav-09_DJI_20260908105258_0002_0120.jpg
B4_uav-09_DJI_20260908105258_0002_0240,B4,B4_DJI_20260908105258_0002,B4_uav-09_DJI_20260908105258_0002_0240,DJI_202609081039_006,uav-09,@raw/04_第四批_20260908_1053_多火点与余热点/01_正式视频/无人机09_1581F7K3C24CS00AX535/DJI_202609081039_006/DJI_20260908105258_0002_V.MP4,@raw/04_第四批_20260908_1053_多火点与余热点/01_正式视频/无人机09_1581F7K3C24CS00AX535/DJI_202609081039_006/DJI_20260908105258_0002_T.MP4,240,,,,,,,,,active_fire,yes,yes,,,,,,uncertain,none,,,new_manual_review,At least one visibly flaming source; two fire sites present,@project/results/direction_research_20260928/08_finalists_D_A_H/01_shared_benchmark/contact_sheets/B4_uav-09_DJI_20260908105258_0002_0240.jpg
B4_uav-09_DJI_20260908105258_0002_0360,B4,B4_DJI_20260908105258_0002,B4_uav-09_DJI_20260908105258_0002_0360,DJI_202609081039_006,uav-09,@raw/04_第四批_20260908_1053_多火点与余热点/01_正式视频/无人机09_1581F7K3C24CS00AX535/DJI_202609081039_006/DJI_20260908105258_0002_V.MP4,@raw/04_第四批_20260908_1053_多火点与余热点/01_正式视频/无人机09_1581F7K3C24CS00AX535/DJI_202609081039_006/DJI_20260908105258_0002_T.MP4,360,,,,,,,,,active_fire,yes,yes,,,,,,uncertain,none,,,new_manual_review,Flame visible at upper-right source; lower-left site appears residual,@project/results/direction_research_20260928/08_finalists_D_A_H/01_shared_benchmark/contact_sheets/B4_uav-09_DJI_20260908105258_0002_0360.jpg
B4_uav-09_DJI_20260908105258_0002_0420,B4,B4_DJI_20260908105258_0002,B4_uav-09_DJI_20260908105258_0002_0420,DJI_202609081039_006,uav-09,@raw/04_第四批_20260908_1053_多火点与余热点/01_正式视频/无人机09_1581F7K3C24CS00AX535/DJI_202609081039_006/DJI_20260908105258_0002_V.MP4,@raw/04_第四批_20260908_1053_多火点与余热点/01_正式视频/无人机09_1581F7K3C24CS00AX535/DJI_202609081039_006/DJI_20260908105258_0002_T.MP4,420,,,,,,,,,active_fire,yes,yes,,,,,,uncertain,none,,,new_manual_review,Flame visible at upper-right source; lower-left site appears residual,@project/results/direction_research_20260928/08_finalists_D_A_H/01_shared_benchmark/contact_sheets/B4_uav-09_DJI_20260908105258_0002_0420.jpg
B4_uav-09_DJI_20260908105258_0002_0600,B4,B4_DJI_20260908105258_0002,B4_uav-09_DJI_20260908105258_0002_0600,DJI_202609081039_006,uav-09,@raw/04_第四批_20260908_1053_多火点与余热点/01_正式视频/无人机09_1581F7K3C24CS00AX535/DJI_202609081039_006/DJI_20260908105258_0002_V.MP4,@raw/04_第四批_20260908_1053_多火点与余热点/01_正式视频/无人机09_1581F7K3C24CS00AX535/DJI_202609081039_006/DJI_20260908105258_0002_T.MP4,600,,,,,,,,,uncertain,uncertain,uncertain,,,,,,uncertain,none,,,unknown,"Smoke from upper-right site, persistent lower-left thermal source; mixed state unresolved",@project/results/direction_research_20260928/08_finalists_D_A_H/01_shared_benchmark/contact_sheets/B4_uav-09_DJI_20260908105258_0002_0600.jpg
B1_uav-02_DJI_20260907160153_0005_0720,B1,B1_DJI_20260907160153_0005,B1_uav-02_DJI_20260907160153_0005_0720,DJI_202609071534_003,uav-02,@raw/01_第一批_20260907_1602_单火点/01_正式视频/无人机02_1581F7K3C267500D2DQD/DJI_202609071534_003/DJI_20260907160153_0005_V.MP4,@raw/01_第一批_20260907_1602_单火点/01_正式视频/无人机02_1581F7K3C267500D2DQD/DJI_202609071534_003/DJI_20260907160153_0005_T.MP4,720,,,,,,,,,uncertain,uncertain,uncertain,,,,,,uncertain,none,,,unknown,Glowing red material/embers possible; active combustion versus residual unresolved,@project/results/direction_research_20260928/08_finalists_D_A_H/01_shared_benchmark/contact_sheets/B1_uav-02_DJI_20260907160153_0005_0720.jpg
B1_uav-02_DJI_20260907160153_0005_0840,B1,B1_DJI_20260907160153_0005,B1_uav-02_DJI_20260907160153_0005_0840,DJI_202609071534_003,uav-02,@raw/01_第一批_20260907_1602_单火点/01_正式视频/无人机02_1581F7K3C267500D2DQD/DJI_202609071534_003/DJI_20260907160153_0005_V.MP4,@raw/01_第一批_20260907_1602_单火点/01_正式视频/无人机02_1581F7K3C267500D2DQD/DJI_202609071534_003/DJI_20260907160153_0005_T.MP4,840,,,,,,,,,uncertain,uncertain,uncertain,,,,,,uncertain,none,,,unknown,Glowing red material/embers possible; active combustion versus residual unresolved,@project/results/direction_research_20260928/08_finalists_D_A_H/01_shared_benchmark/contact_sheets/B1_uav-02_DJI_20260907160153_0005_0840.jpg
B1_uav-09_DJI_20260907160202_0003_0720,B1,B1_DJI_20260907160202_0003,B1_uav-09_DJI_20260907160202_0003_0720,DJI_202609071543_001,uav-09,@raw/01_第一批_20260907_1602_单火点/01_正式视频/无人机09_1581F7K3C24CS00AX535/DJI_202609071543_001/DJI_20260907160202_0003_V.MP4,@raw/01_第一批_20260907_1602_单火点/01_正式视频/无人机09_1581F7K3C24CS00AX535/DJI_202609071543_001/DJI_20260907160202_0003_T.MP4,720,,,,,,,,,uncertain,uncertain,uncertain,,,,,,uncertain,none,,,unknown,Glowing red material/embers possible; active combustion versus residual unresolved,@project/results/direction_research_20260928/08_finalists_D_A_H/01_shared_benchmark/contact_sheets/B1_uav-09_DJI_20260907160202_0003_0720.jpg
B1_uav-09_DJI_20260907160202_0003_0840,B1,B1_DJI_20260907160202_0003,B1_uav-09_DJI_20260907160202_0003_0840,DJI_202609071543_001,uav-09,@raw/01_第一批_20260907_1602_单火点/01_正式视频/无人机09_1581F7K3C24CS00AX535/DJI_202609071543_001/DJI_20260907160202_0003_V.MP4,@raw/01_第一批_20260907_1602_单火点/01_正式视频/无人机09_1581F7K3C24CS00AX535/DJI_202609071543_001/DJI_20260907160202_0003_T.MP4,840,,,,,,,,,uncertain,uncertain,uncertain,,,,,,uncertain,none,,,unknown,Glowing red material/embers possible; active combustion versus residual unresolved,@project/results/direction_research_20260928/08_finalists_D_A_H/01_shared_benchmark/contact_sheets/B1_uav-09_DJI_20260907160202_0003_0840.jpg
B2_uav-02_DJI_20260908092422_0002_0720,B2,B2_DJI_20260908092422_0002,B2_uav-02_DJI_20260908092422_0002_0720,DJI_202609080909_004,uav-02,@raw/02_第二批_20260908_0924_单火点/01_正式视频/无人机02_1581F7K3C267500D2DQD/DJI_202609080909_004/DJI_20260908092422_0002_V.MP4,@raw/02_第二批_20260908_0924_单火点/01_正式视频/无人机02_1581F7K3C267500D2DQD/DJI_202609080909_004/DJI_20260908092422_0002_T.MP4,720,,,,,,,,,uncertain,uncertain,uncertain,,,,,,uncertain,none,,,unknown,Small red embers possible; combustion state uncertain,@project/results/direction_research_20260928/08_finalists_D_A_H/01_shared_benchmark/contact_sheets/B2_uav-02_DJI_20260908092422_0002_0720.jpg
B2_uav-02_DJI_20260908092422_0002_0840,B2,B2_DJI_20260908092422_0002,B2_uav-02_DJI_20260908092422_0002_0840,DJI_202609080909_004,uav-02,@raw/02_第二批_20260908_0924_单火点/01_正式视频/无人机02_1581F7K3C267500D2DQD/DJI_202609080909_004/DJI_20260908092422_0002_V.MP4,@raw/02_第二批_20260908_0924_单火点/01_正式视频/无人机02_1581F7K3C267500D2DQD/DJI_202609080909_004/DJI_20260908092422_0002_T.MP4,840,,,,,,,,,residual_heat,uncertain,yes,,,,,,uncertain,none,,,new_manual_review,"Ash-white pile without visible flame/smoke over ±3s, persistent thermal hotspot",@project/results/direction_research_20260928/08_finalists_D_A_H/01_shared_benchmark/contact_sheets/B2_uav-02_DJI_20260908092422_0002_0840.jpg
B2_uav-02_DJI_20260908092422_0002_0960,B2,B2_DJI_20260908092422_0002,B2_uav-02_DJI_20260908092422_0002_0960,DJI_202609080909_004,uav-02,@raw/02_第二批_20260908_0924_单火点/01_正式视频/无人机02_1581F7K3C267500D2DQD/DJI_202609080909_004/DJI_20260908092422_0002_V.MP4,@raw/02_第二批_20260908_0924_单火点/01_正式视频/无人机02_1581F7K3C267500D2DQD/DJI_202609080909_004/DJI_20260908092422_0002_T.MP4,960,,,,,,,,,uncertain,uncertain,uncertain,,,,,,uncertain,none,,,unknown,State not identifiable from 3-frame ±3s visual context,@project/results/direction_research_20260928/08_finalists_D_A_H/01_shared_benchmark/contact_sheets/B2_uav-02_DJI_20260908092422_0002_0960.jpg
B2_uav-09_DJI_20260908092435_0004_0720,B2,B2_DJI_20260908092435_0004,B2_uav-09_DJI_20260908092435_0004_0720,DJI_202609080915_003,uav-09,@raw/02_第二批_20260908_0924_单火点/01_正式视频/无人机09_1581F7K3C24CS00AX535/DJI_202609080915_003/DJI_20260908092435_0004_V.MP4,@raw/02_第二批_20260908_0924_单火点/01_正式视频/无人机09_1581F7K3C24CS00AX535/DJI_202609080915_003/DJI_20260908092435_0004_T.MP4,720,,,,,,,,,uncertain,uncertain,uncertain,,,,,,uncertain,none,,,unknown,Small red embers possible; combustion state uncertain,@project/results/direction_research_20260928/08_finalists_D_A_H/01_shared_benchmark/contact_sheets/B2_uav-09_DJI_20260908092435_0004_0720.jpg
B2_uav-09_DJI_20260908092435_0004_0840,B2,B2_DJI_20260908092435_0004,B2_uav-09_DJI_20260908092435_0004_0840,DJI_202609080915_003,uav-09,@raw/02_第二批_20260908_0924_单火点/01_正式视频/无人机09_1581F7K3C24CS00AX535/DJI_202609080915_003/DJI_20260908092435_0004_V.MP4,@raw/02_第二批_20260908_0924_单火点/01_正式视频/无人机09_1581F7K3C24CS00AX535/DJI_202609080915_003/DJI_20260908092435_0004_T.MP4,840,,,,,,,,,residual_heat,uncertain,yes,,,,,,uncertain,none,,,new_manual_review,"Ash-white pile without visible flame/smoke over ±3s, persistent thermal hotspot",@project/results/direction_research_20260928/08_finalists_D_A_H/01_shared_benchmark/contact_sheets/B2_uav-09_DJI_20260908092435_0004_0840.jpg
B2_uav-09_DJI_20260908092435_0004_0960,B2,B2_DJI_20260908092435_0004,B2_uav-09_DJI_20260908092435_0004_0960,DJI_202609080915_003,uav-09,@raw/02_第二批_20260908_0924_单火点/01_正式视频/无人机09_1581F7K3C24CS00AX535/DJI_202609080915_003/DJI_20260908092435_0004_V.MP4,@raw/02_第二批_20260908_0924_单火点/01_正式视频/无人机09_1581F7K3C24CS00AX535/DJI_202609080915_003/DJI_20260908092435_0004_T.MP4,960,,,,,,,,,residual_heat,uncertain,yes,,,,,,uncertain,none,,,new_manual_review,"Ash-white pile without visible flame/smoke over ±3s, persistent thermal hotspot",@project/results/direction_research_20260928/08_finalists_D_A_H/01_shared_benchmark/contact_sheets/B2_uav-09_DJI_20260908092435_0004_0960.jpg
B4_uav-02_DJI_20260908105306_0001_0720,B4,B4_DJI_20260908105306_0001,B4_uav-02_DJI_20260908105306_0001_0720,DJI_202609081040_006,uav-02,@raw/04_第四批_20260908_1053_多火点与余热点/01_正式视频/无人机02_1581F7K3C267500D2DQD/DJI_202609081040_006/DJI_20260908105306_0001_V.MP4,@raw/04_第四批_20260908_1053_多火点与余热点/01_正式视频/无人机02_1581F7K3C267500D2DQD/DJI_202609081040_006/DJI_20260908105306_0001_T.MP4,720,,,,,,,,,uncertain,uncertain,uncertain,,,,,,uncertain,none,,,unknown,No clear flame; smoke/embers or partly occluded source prevents residual claim,@project/results/direction_research_20260928/08_finalists_D_A_H/01_shared_benchmark/contact_sheets/B4_uav-02_DJI_20260908105306_0001_0720.jpg
B4_uav-02_DJI_20260908105306_0001_0840,B4,B4_DJI_20260908105306_0001,B4_uav-02_DJI_20260908105306_0001_0840,DJI_202609081040_006,uav-02,@raw/04_第四批_20260908_1053_多火点与余热点/01_正式视频/无人机02_1581F7K3C267500D2DQD/DJI_202609081040_006/DJI_20260908105306_0001_V.MP4,@raw/04_第四批_20260908_1053_多火点与余热点/01_正式视频/无人机02_1581F7K3C267500D2DQD/DJI_202609081040_006/DJI_20260908105306_0001_T.MP4,840,,,,,,,,,uncertain,uncertain,uncertain,,,,,,uncertain,none,,,unknown,No clear flame; smoke/embers or partly occluded source prevents residual claim,@project/results/direction_research_20260928/08_finalists_D_A_H/01_shared_benchmark/contact_sheets/B4_uav-02_DJI_20260908105306_0001_0840.jpg
B4_uav-08_DJI_20260908105257_0001_0720,B4,B4_DJI_20260908105257_0001,B4_uav-08_DJI_20260908105257_0001_0720,DJI_202609081036_005,uav-08,@raw/04_第四批_20260908_1053_多火点与余热点/01_正式视频/无人机08_1581F7K3C256N00DCP1T/DJI_202609081036_005/DJI_20260908105257_0001_V.MP4,@raw/04_第四批_20260908_1053_多火点与余热点/01_正式视频/无人机08_1581F7K3C256N00DCP1T/DJI_202609081036_005/DJI_20260908105257_0001_T.MP4,720,,,,,,,,,uncertain,uncertain,uncertain,,,,,,uncertain,none,,,unknown,State not identifiable from 3-frame ±3s visual context,@project/results/direction_research_20260928/08_finalists_D_A_H/01_shared_benchmark/contact_sheets/B4_uav-08_DJI_20260908105257_0001_0720.jpg
B4_uav-08_DJI_20260908105257_0001_0840,B4,B4_DJI_20260908105257_0001,B4_uav-08_DJI_20260908105257_0001_0840,DJI_202609081036_005,uav-08,@raw/04_第四批_20260908_1053_多火点与余热点/01_正式视频/无人机08_1581F7K3C256N00DCP1T/DJI_202609081036_005/DJI_20260908105257_0001_V.MP4,@raw/04_第四批_20260908_1053_多火点与余热点/01_正式视频/无人机08_1581F7K3C256N00DCP1T/DJI_202609081036_005/DJI_20260908105257_0001_T.MP4,840,,,,,,,,,uncertain,uncertain,uncertain,,,,,,uncertain,none,,,unknown,State not identifiable from 3-frame ±3s visual context,@project/results/direction_research_20260928/08_finalists_D_A_H/01_shared_benchmark/contact_sheets/B4_uav-08_DJI_20260908105257_0001_0840.jpg
B4_uav-08_DJI_20260908105257_0001_0960,B4,B4_DJI_20260908105257_0001,B4_uav-08_DJI_20260908105257_0001_0960,DJI_202609081036_005,uav-08,@raw/04_第四批_20260908_1053_多火点与余热点/01_正式视频/无人机08_1581F7K3C256N00DCP1T/DJI_202609081036_005/DJI_20260908105257_0001_V.MP4,@raw/04_第四批_20260908_1053_多火点与余热点/01_正式视频/无人机08_1581F7K3C256N00DCP1T/DJI_202609081036_005/DJI_20260908105257_0001_T.MP4,960,,,,,,,,,uncertain,uncertain,uncertain,,,,,,uncertain,none,,,unknown,"Large road/ground thermal response with no visible fire; background heat candidate, camera view changed",@project/results/direction_research_20260928/08_finalists_D_A_H/01_shared_benchmark/contact_sheets/B4_uav-08_DJI_20260908105257_0001_0960.jpg
B4_uav-09_DJI_20260908105258_0002_0720,B4,B4_DJI_20260908105258_0002,B4_uav-09_DJI_20260908105258_0002_0720,DJI_202609081039_006,uav-09,@raw/04_第四批_20260908_1053_多火点与余热点/01_正式视频/无人机09_1581F7K3C24CS00AX535/DJI_202609081039_006/DJI_20260908105258_0002_V.MP4,@raw/04_第四批_20260908_1053_多火点与余热点/01_正式视频/无人机09_1581F7K3C24CS00AX535/DJI_202609081039_006/DJI_20260908105258_0002_T.MP4,720,,,,,,,,,uncertain,uncertain,uncertain,,,,,,uncertain,none,,,unknown,"Smoke from upper-right site, persistent lower-left thermal source; mixed state unresolved",@project/results/direction_research_20260928/08_finalists_D_A_H/01_shared_benchmark/contact_sheets/B4_uav-09_DJI_20260908105258_0002_0720.jpg
B4_uav-09_DJI_20260908105258_0002_0780,B4,B4_DJI_20260908105258_0002,B4_uav-09_DJI_20260908105258_0002_0780,DJI_202609081039_006,uav-09,@raw/04_第四批_20260908_1053_多火点与余热点/01_正式视频/无人机09_1581F7K3C24CS00AX535/DJI_202609081039_006/DJI_20260908105258_0002_V.MP4,@raw/04_第四批_20260908_1053_多火点与余热点/01_正式视频/无人机09_1581F7K3C24CS00AX535/DJI_202609081039_006/DJI_20260908105258_0002_T.MP4,780,,,,,,,,,uncertain,uncertain,uncertain,,,,,,uncertain,none,,,unknown,"Smoke from upper-right site, persistent lower-left thermal source; mixed state unresolved",@project/results/direction_research_20260928/08_finalists_D_A_H/01_shared_benchmark/contact_sheets/B4_uav-09_DJI_20260908105258_0002_0780.jpg
B4_uav-09_DJI_20260908105258_0002_0840,B4,B4_DJI_20260908105258_0002,B4_uav-09_DJI_20260908105258_0002_0840,DJI_202609081039_006,uav-09,@raw/04_第四批_20260908_1053_多火点与余热点/01_正式视频/无人机09_1581F7K3C24CS00AX535/DJI_202609081039_006/DJI_20260908105258_0002_V.MP4,@raw/04_第四批_20260908_1053_多火点与余热点/01_正式视频/无人机09_1581F7K3C24CS00AX535/DJI_202609081039_006/DJI_20260908105258_0002_T.MP4,840,,,,,,,,,uncertain,uncertain,uncertain,,,,,,uncertain,none,,,unknown,"Smoke from upper-right site, persistent lower-left thermal source; mixed state unresolved",@project/results/direction_research_20260928/08_finalists_D_A_H/01_shared_benchmark/contact_sheets/B4_uav-09_DJI_20260908105258_0002_0840.jpg
