moment_id,batch,physical_source_id,support_uav_count,support_uavs,horizontal_error_to_LRF_site_m,ray_residual_m,condition,parallax_min_deg,reference_type,source_point_type,caveat
B1_M03,B1,B1_woodpile,2,uav-01|uav-02,0.13546373390202604,0.858037094533721,5.041586184281201,52.89342919702702,B1_F1 accepted LRF site,flame_base_proxy,single physical event per batch; proxy differs from surveyed point; do not infer population absolute accuracy
B1_M03,B1,B1_woodpile,2,uav-01|uav-04,7.213967400933814,0.44906404181665316,150.30375256233617,9.357298195454593,B1_F1 accepted LRF site,flame_base_proxy,single physical event per batch; proxy differs from surveyed point; do not infer population absolute accuracy
B1_M03,B1,B1_woodpile,2,uav-01|uav-06,1.801643062715098,0.573362480896701,2.268038780293235,83.21287338101692,B1_F1 accepted LRF site,flame_base_proxy,single physical event per batch; proxy differs from surveyed point; do not infer population absolute accuracy
B1_M03,B1,B1_woodpile,2,uav-01|uav-07,1.1250269799198807,0.18340354833713002,19.05033169689151,26.489649682349857,B1_F1 accepted LRF site,flame_base_proxy,single physical event per batch; proxy differs from surveyed point; do not infer population absolute accuracy
B1_M03,B1,B1_woodpile,2,uav-01|uav-08,2.3439187501584353,0.4229718072722992,4.5737343942601285,55.75584759446137,B1_F1 accepted LRF site,flame_base_proxy,single physical event per batch; proxy differs from surveyed point; do not infer population absolute accuracy
B1_M03,B1,B1_woodpile,2,uav-01|uav-09,1.8224880906816796,0.40088779359036186,2.9230769218413455,71.59151984687857,B1_F1 accepted LRF site,flame_base_proxy,single physical event per batch; proxy differs from surveyed point; do not infer population absolute accuracy
B1_M03,B1,B1_woodpile,2,uav-02|uav-04,0.9811724286606657,0.14950361041343171,5.163672447881268,52.216551975002645,B1_F1 accepted LRF site,flame_base_proxy,single physical event per batch; proxy differs from surveyed point; do not infer population absolute accuracy
B1_M03,B1,B1_woodpile,2,uav-02|uav-06,2.7579536923585075,0.49034516329609645,4.9426171453572465,53.4619799368116,B1_F1 accepted LRF site,flame_base_proxy,single physical event per batch; proxy differs from surveyed point; do not infer population absolute accuracy
B1_M03,B1,B1_woodpile,2,uav-02|uav-07,0.24218563925849207,1.0559972319705122,2.566865952795981,77.24164155961799,B1_F1 accepted LRF site,flame_base_proxy,single physical event per batch; proxy differs from surveyed point; do not infer population absolute accuracy
B1_M03,B1,B1_woodpile,2,uav-02|uav-08,2.2741281154480393,0.6167341080291207,2.8881602103018076,72.09030457239182,B1_F1 accepted LRF site,flame_base_proxy,single physical event per batch; proxy differs from surveyed point; do not infer population absolute accuracy
B1_M03,B1,B1_woodpile,2,uav-02|uav-09,2.240665929022557,0.5801130939588777,4.544031154417236,55.95373340480246,B1_F1 accepted LRF site,flame_base_proxy,single physical event per batch; proxy differs from surveyed point; do not infer population absolute accuracy
B1_M03,B1,B1_woodpile,2,uav-04|uav-06,2.0797411140637108,0.29900219870331957,2.453146050024344,79.3551701041499,B1_F1 accepted LRF site,flame_base_proxy,single physical event per batch; proxy differs from surveyed point; do not infer population absolute accuracy
B1_M03,B1,B1_woodpile,2,uav-04|uav-07,1.1110478030536814,0.9444342639450636,12.708264367257419,32.58194877054701,B1_F1 accepted LRF site,flame_base_proxy,single physical event per batch; proxy differs from surveyed point; do not infer population absolute accuracy
B1_M03,B1,B1_woodpile,2,uav-04|uav-08,2.3411161903885787,0.18460181919785237,4.098044810425571,59.205367901659436,B1_F1 accepted LRF site,flame_base_proxy,single physical event per batch; proxy differs from surveyed point; do not infer population absolute accuracy
B1_M03,B1,B1_woodpile,2,uav-04|uav-09,1.9474900926225909,0.22578340956047288,2.7446979919629353,74.25702866927867,B1_F1 accepted LRF site,flame_base_proxy,single physical event per batch; proxy differs from surveyed point; do not infer population absolute accuracy
B1_M03,B1,B1_woodpile,2,uav-06|uav-07,1.6087328323830832,0.22659258461848122,3.005901378108779,70.44921967105135,B1_F1 accepted LRF site,flame_base_proxy,single physical event per batch; proxy differs from surveyed point; do not infer population absolute accuracy
B1_M03,B1,B1_woodpile,2,uav-06|uav-08,1.9853181364711951,0.3526098092786354,5.875856645131323,48.728789259065,B1_F1 accepted LRF site,flame_base_proxy,single physical event per batch; proxy differs from surveyed point; do not infer population absolute accuracy
B1_M03,B1,B1_woodpile,2,uav-06|uav-09,1.5059894611942726,0.013574547792425597,8.271264380251674,40.69431808831686,B1_F1 accepted LRF site,flame_base_proxy,single physical event per batch; proxy differs from surveyed point; do not infer population absolute accuracy
B1_M03,B1,B1_woodpile,2,uav-07|uav-08,2.410242153391279,0.3634006571876552,14.238725448233712,30.73525208098742,B1_F1 accepted LRF site,flame_base_proxy,single physical event per batch; proxy differs from surveyed point; do not infer population absolute accuracy
B1_M03,B1,B1_woodpile,2,uav-07|uav-09,1.5829410604523864,0.40640233953281757,6.31434188414692,46.901023044506736,B1_F1 accepted LRF site,flame_base_proxy,single physical event per batch; proxy differs from surveyed point; do not infer population absolute accuracy
B1_M03,B1,B1_woodpile,2,uav-08|uav-09,2.2935554613608375,0.03783032970906558,50.57739144943204,16.16650073363868,B1_F1 accepted LRF site,flame_base_proxy,single physical event per batch; proxy differs from surveyed point; do not infer population absolute accuracy
B1_M03,B1,B1_woodpile,3,uav-01|uav-02|uav-04,0.426025490348574,0.6711008853854299,5.795716006047365,9.357298195454593,B1_F1 accepted LRF site,flame_base_proxy,single physical event per batch; proxy differs from surveyed point; do not infer population absolute accuracy
B1_M03,B1,B1_woodpile,3,uav-01|uav-02|uav-06,1.3659230173838108,1.1543241516980862,2.4050487187957645,52.89342919702702,B1_F1 accepted LRF site,flame_base_proxy,single physical event per batch; proxy differs from surveyed point; do not infer population absolute accuracy
B1_M03,B1,B1_woodpile,3,uav-01|uav-02|uav-07,0.4501051432000108,0.8355533647055994,3.6828358844552227,26.489649682349857,B1_F1 accepted LRF site,flame_base_proxy,single physical event per batch; proxy differs from surveyed point; do not infer population absolute accuracy
B1_M03,B1,B1_woodpile,3,uav-01|uav-02|uav-08,1.5974995412229211,1.1298680894769513,2.277995981968055,52.89342919702702,B1_F1 accepted LRF site,flame_base_proxy,single physical event per batch; proxy differs from surveyed point; do not infer population absolute accuracy
B1_M03,B1,B1_woodpile,3,uav-01|uav-02|uav-09,1.359179571280705,1.017322367703779,2.271418060013294,52.89342919702702,B1_F1 accepted LRF site,flame_base_proxy,single physical event per batch; proxy differs from surveyed point; do not infer population absolute accuracy
B1_M03,B1,B1_woodpile,3,uav-01|uav-04|uav-06,1.9740346668586397,0.6205588447014072,3.085329712280646,9.357298195454593,B1_F1 accepted LRF site,flame_base_proxy,single physical event per batch; proxy differs from surveyed point; do not infer population absolute accuracy
B1_M03,B1,B1_woodpile,3,uav-01|uav-04|uav-07,1.217594053463094,0.785404811058184,16.401791703533743,9.357298195454593,B1_F1 accepted LRF site,flame_base_proxy,single physical event per batch; proxy differs from surveyed point; do not infer population absolute accuracy
B1_M03,B1,B1_woodpile,3,uav-01|uav-04|uav-08,2.3851865204285283,0.5818173017004662,4.976631419862685,9.357298195454593,B1_F1 accepted LRF site,flame_base_proxy,single physical event per batch; proxy differs from surveyed point; do not infer population absolute accuracy
B1_M03,B1,B1_woodpile,3,uav-01|uav-04|uav-09,1.910582410133246,0.6328393181970162,3.466845214778694,9.357298195454593,B1_F1 accepted LRF site,flame_base_proxy,single physical event per batch; proxy differs from surveyed point; do not infer population absolute accuracy
B1_M03,B1,B1_woodpile,3,uav-01|uav-06|uav-07,1.7091291953397914,0.5888717336023125,2.9189710114892815,26.489649682349857,B1_F1 accepted LRF site,flame_base_proxy,single physical event per batch; proxy differs from surveyed point; do not infer population absolute accuracy
B1_M03,B1,B1_woodpile,3,uav-01|uav-06|uav-08,2.0286449764164596,0.595366575991305,2.620944526015164,48.728789259065,B1_F1 accepted LRF site,flame_base_proxy,single physical event per batch; proxy differs from surveyed point; do not infer population absolute accuracy
B1_M03,B1,B1_woodpile,3,uav-01|uav-06|uav-09,1.7342876238429952,0.4891824696623935,2.4607857940130606,40.69431808831686,B1_F1 accepted LRF site,flame_base_proxy,single physical event per batch; proxy differs from surveyed point; do not infer population absolute accuracy
B1_M03,B1,B1_woodpile,3,uav-01|uav-07|uav-08,2.095078382165505,0.6665275865477355,6.702372703666543,26.489649682349857,B1_F1 accepted LRF site,flame_base_proxy,single physical event per batch; proxy differs from surveyed point; do not infer population absolute accuracy
B1_M03,B1,B1_woodpile,3,uav-01|uav-07|uav-09,1.660609038968222,0.5668477929247832,4.2151133184423095,26.489649682349857,B1_F1 accepted LRF site,flame_base_proxy,single physical event per batch; proxy differs from surveyed point; do not infer population absolute accuracy
B1_M03,B1,B1_woodpile,3,uav-01|uav-08|uav-09,2.0338664755191584,0.4172731543679154,4.096777827847116,16.16650073363868,B1_F1 accepted LRF site,flame_base_proxy,single physical event per batch; proxy differs from surveyed point; do not infer population absolute accuracy
B1_M03,B1,B1_woodpile,3,uav-02|uav-04|uav-06,1.9269045061386296,0.6754607000191096,2.393785451779113,52.216551975002645,B1_F1 accepted LRF site,flame_base_proxy,single physical event per batch; proxy differs from surveyed point; do not infer population absolute accuracy
B1_M03,B1,B1_woodpile,3,uav-02|uav-04|uav-07,0.43891333721049103,0.8027503571899025,3.481026602835184,32.58194877054701,B1_F1 accepted LRF site,flame_base_proxy,single physical event per batch; proxy differs from surveyed point; do not infer population absolute accuracy
B1_M03,B1,B1_woodpile,3,uav-02|uav-04|uav-08,1.888372446000134,0.7314942833240935,2.2207140402525196,52.216551975002645,B1_F1 accepted LRF site,flame_base_proxy,single physical event per batch; proxy differs from surveyed point; do not infer population absolute accuracy
B1_M03,B1,B1_woodpile,3,uav-02|uav-04|uav-09,1.721605807732989,0.6753776409895962,2.3006550002171116,52.216551975002645,B1_F1 accepted LRF site,flame_base_proxy,single physical event per batch; proxy differs from surveyed point; do not infer population absolute accuracy
B1_M03,B1,B1_woodpile,3,uav-02|uav-06|uav-07,1.065897822290687,1.2479543230083323,2.006541851367389,53.4619799368116,B1_F1 accepted LRF site,flame_base_proxy,single physical event per batch; proxy differs from surveyed point; do not infer population absolute accuracy
B1_M03,B1,B1_woodpile,3,uav-02|uav-06|uav-08,2.254176675742956,0.7571112301110879,2.909681420743589,48.728789259065,B1_F1 accepted LRF site,flame_base_proxy,single physical event per batch; proxy differs from surveyed point; do not infer population absolute accuracy
B1_M03,B1,B1_woodpile,3,uav-02|uav-06|uav-09,2.132980824445383,0.7588457223458543,3.832143396030018,40.69431808831686,B1_F1 accepted LRF site,flame_base_proxy,single physical event per batch; proxy differs from surveyed point; do not infer population absolute accuracy
B1_M03,B1,B1_woodpile,3,uav-02|uav-07|uav-08,1.317693325783554,1.2339456651771366,2.6411579861587096,30.73525208098742,B1_F1 accepted LRF site,flame_base_proxy,single physical event per batch; proxy differs from surveyed point; do not infer population absolute accuracy
B1_M03,B1,B1_woodpile,3,uav-02|uav-07|uav-09,1.1065068745825102,1.214613854898319,2.4646267110595317,46.901023044506736,B1_F1 accepted LRF site,flame_base_proxy,single physical event per batch; proxy differs from surveyed point; do not infer population absolute accuracy
B1_M03,B1,B1_woodpile,3,uav-02|uav-08|uav-09,2.2480362129957316,0.4360262621248258,4.064663100893199,16.16650073363868,B1_F1 accepted LRF site,flame_base_proxy,single physical event per batch; proxy differs from surveyed point; do not infer population absolute accuracy
B1_M03,B1,B1_woodpile,3,uav-04|uav-06|uav-07,1.6837309228686335,0.991447947169005,2.8037328464055693,32.58194877054701,B1_F1 accepted LRF site,flame_base_proxy,single physical event per batch; proxy differs from surveyed point; do not infer population absolute accuracy
B1_M03,B1,B1_woodpile,3,uav-04|uav-06|uav-08,2.162066873437036,0.39436129536788794,2.572604358360788,48.728789259065,B1_F1 accepted LRF site,flame_base_proxy,single physical event per batch; proxy differs from surveyed point; do not infer population absolute accuracy
B1_M03,B1,B1_woodpile,3,uav-04|uav-06|uav-09,1.9379095037274305,0.3958511741011599,2.4610592825712114,40.69431808831686,B1_F1 accepted LRF site,flame_base_proxy,single physical event per batch; proxy differs from surveyed point; do not infer population absolute accuracy
B1_M03,B1,B1_woodpile,3,uav-04|uav-07|uav-08,2.028393747702431,0.8600450266190705,5.793487320272777,30.73525208098742,B1_F1 accepted LRF site,flame_base_proxy,single physical event per batch; proxy differs from surveyed point; do not infer population absolute accuracy
B1_M03,B1,B1_woodpile,3,uav-04|uav-07|uav-09,1.6358869712016728,0.8851869119388568,3.8312308802835324,32.58194877054701,B1_F1 accepted LRF site,flame_base_proxy,single physical event per batch; proxy differs from surveyed point; do not infer population absolute accuracy
B1_M03,B1,B1_woodpile,3,uav-04|uav-08|uav-09,2.1137890235341454,0.25566508070996413,3.8182419304009985,16.16650073363868,B1_F1 accepted LRF site,flame_base_proxy,single physical event per batch; proxy differs from surveyed point; do not infer population absolute accuracy
B1_M03,B1,B1_woodpile,3,uav-06|uav-07|uav-08,1.8262810915740066,0.5080836556867818,3.9706209160082535,30.73525208098742,B1_F1 accepted LRF site,flame_base_proxy,single physical event per batch; proxy differs from surveyed point; do not infer population absolute accuracy
B1_M03,B1,B1_woodpile,3,uav-06|uav-07|uav-09,1.515636821393515,0.3810534173329445,3.5902759818115113,40.69431808831686,B1_F1 accepted LRF site,flame_base_proxy,single physical event per batch; proxy differs from surveyed point; do not infer population absolute accuracy
B1_M03,B1,B1_woodpile,3,uav-06|uav-08|uav-09,1.8575157299143643,0.29261825339358816,7.289635595050161,16.16650073363868,B1_F1 accepted LRF site,flame_base_proxy,single physical event per batch; proxy differs from surveyed point; do not infer population absolute accuracy
B1_M03,B1,B1_woodpile,3,uav-07|uav-08|uav-09,1.8436256478743411,0.5554565634672661,9.200674522606477,16.16650073363868,B1_F1 accepted LRF site,flame_base_proxy,single physical event per batch; proxy differs from surveyed point; do not infer population absolute accuracy
B1_M03,B1,B1_woodpile,4,uav-01|uav-02|uav-04|uav-06,1.482256516374312,0.9791210267982546,2.596276231292417,9.357298195454593,B1_F1 accepted LRF site,flame_base_proxy,single physical event per batch; proxy differs from surveyed point; do not infer population absolute accuracy
B1_M03,B1,B1_woodpile,4,uav-01|uav-02|uav-04|uav-07,0.40982357371210265,0.9540152835518212,4.627367158292606,9.357298195454593,B1_F1 accepted LRF site,flame_base_proxy,single physical event per batch; proxy differs from surveyed point; do not infer population absolute accuracy
B1_M03,B1,B1_woodpile,4,uav-01|uav-02|uav-04|uav-08,1.614192800467201,0.9289393547352354,2.9537900492479356,9.357298195454593,B1_F1 accepted LRF site,flame_base_proxy,single physical event per batch; proxy differs from surveyed point; do not infer population absolute accuracy
B1_M03,B1,B1_woodpile,4,uav-01|uav-02|uav-04|uav-09,1.4154282010598378,0.8385779383712064,2.6304639909107257,9.357298195454593,B1_F1 accepted LRF site,flame_base_proxy,single physical event per batch; proxy differs from surveyed point; do not infer population absolute accuracy
B1_M03,B1,B1_woodpile,4,uav-01|uav-02|uav-06|uav-07,1.0649388801003203,1.046467586548743,2.0909632882890863,26.489649682349857,B1_F1 accepted LRF site,flame_base_proxy,single physical event per batch; proxy differs from surveyed point; do not infer population absolute accuracy
B1_M03,B1,B1_woodpile,4,uav-01|uav-02|uav-06|uav-08,1.7586517254062388,0.9751409701948551,1.9357767920671112,48.728789259065,B1_F1 accepted LRF site,flame_base_proxy,single physical event per batch; proxy differs from surveyed point; do not infer population absolute accuracy
B1_M03,B1,B1_woodpile,4,uav-01|uav-02|uav-06|uav-09,1.5695138009935483,0.9548548731569975,2.188408242428358,40.69431808831686,B1_F1 accepted LRF site,flame_base_proxy,single physical event per batch; proxy differs from surveyed point; do not infer population absolute accuracy
B1_M03,B1,B1_woodpile,4,uav-01|uav-02|uav-07|uav-08,1.2589416569614273,1.1027740983930372,2.8864023093221367,26.489649682349857,B1_F1 accepted LRF site,flame_base_proxy,single physical event per batch; proxy differs from surveyed point; do not infer population absolute accuracy
B1_M03,B1,B1_woodpile,4,uav-01|uav-02|uav-07|uav-09,1.0838757367356011,0.9374221801227491,2.4044806121349898,26.489649682349857,B1_F1 accepted LRF site,flame_base_proxy,single physical event per batch; proxy differs from surveyed point; do not infer population absolute accuracy
B1_M03,B1,B1_woodpile,4,uav-01|uav-02|uav-08|uav-09,1.7595034053665866,0.8466203983098282,2.420566988371667,16.16650073363868,B1_F1 accepted LRF site,flame_base_proxy,single physical event per batch; proxy differs from surveyed point; do not infer population absolute accuracy
B1_M03,B1,B1_woodpile,4,uav-01|uav-04|uav-06|uav-07,1.7475425107181772,0.7691098127229696,3.463011425089292,9.357298195454593,B1_F1 accepted LRF site,flame_base_proxy,single physical event per batch; proxy differs from surveyed point; do not infer population absolute accuracy
B1_M03,B1,B1_woodpile,4,uav-01|uav-04|uav-06|uav-08,2.1192291199979056,0.6132068329730553,2.628890444260642,9.357298195454593,B1_F1 accepted LRF site,flame_base_proxy,single physical event per batch; proxy differs from surveyed point; do not infer population absolute accuracy
B1_M03,B1,B1_woodpile,4,uav-01|uav-04|uav-06|uav-09,1.877316560998662,0.6123611384809449,2.260686015868071,9.357298195454593,B1_F1 accepted LRF site,flame_base_proxy,single physical event per batch; proxy differs from surveyed point; do not infer population absolute accuracy
B1_M03,B1,B1_woodpile,4,uav-01|uav-04|uav-07|uav-08,2.0519133690035316,0.7130073878042632,6.1011666937350295,9.357298195454593,B1_F1 accepted LRF site,flame_base_proxy,single physical event per batch; proxy differs from surveyed point; do not infer population absolute accuracy
B1_M03,B1,B1_woodpile,4,uav-01|uav-04|uav-07|uav-09,1.6768454082395068,0.7145332348784793,4.290149630805393,9.357298195454593,B1_F1 accepted LRF site,flame_base_proxy,single physical event per batch; proxy differs from surveyed point; do not infer population absolute accuracy
B1_M03,B1,B1_woodpile,4,uav-01|uav-04|uav-08|uav-09,2.0822586784008212,0.4247185086776618,3.365437268733096,9.357298195454593,B1_F1 accepted LRF site,flame_base_proxy,single physical event per batch; proxy differs from surveyed point; do not infer population absolute accuracy
B1_M03,B1,B1_woodpile,4,uav-01|uav-06|uav-07|uav-08,1.9105183236439323,0.6693274919793136,3.13459625527987,26.489649682349857,B1_F1 accepted LRF site,flame_base_proxy,single physical event per batch; proxy differs from surveyed point; do not infer population absolute accuracy
B1_M03,B1,B1_woodpile,4,uav-01|uav-06|uav-07|uav-09,1.6610590529229292,0.5114363353144553,2.667321983363996,26.489649682349857,B1_F1 accepted LRF site,flame_base_proxy,single physical event per batch; proxy differs from surveyed point; do not infer population absolute accuracy
B1_M03,B1,B1_woodpile,4,uav-01|uav-06|uav-08|uav-09,1.9149026617668732,0.4811922296990253,3.072885630047787,16.16650073363868,B1_F1 accepted LRF site,flame_base_proxy,single physical event per batch; proxy differs from surveyed point; do not infer population absolute accuracy
B1_M03,B1,B1_woodpile,4,uav-01|uav-07|uav-08|uav-09,1.8936544841468732,0.6011724961767846,4.771402717816752,16.16650073363868,B1_F1 accepted LRF site,flame_base_proxy,single physical event per batch; proxy differs from surveyed point; do not infer population absolute accuracy
B1_M03,B1,B1_woodpile,4,uav-02|uav-04|uav-06|uav-07,1.2575908498077426,1.0571377169107061,2.037175672123919,32.58194877054701,B1_F1 accepted LRF site,flame_base_proxy,single physical event per batch; proxy differs from surveyed point; do not infer population absolute accuracy
B1_M03,B1,B1_woodpile,4,uav-02|uav-04|uav-06|uav-08,2.0359789693215316,0.7356798165937084,1.9292320092622754,48.728789259065,B1_F1 accepted LRF site,flame_base_proxy,single physical event per batch; proxy differs from surveyed point; do not infer population absolute accuracy
B1_M03,B1,B1_woodpile,4,uav-02|uav-04|uav-06|uav-09,1.9037107196663183,0.7084906098981721,2.1900594251556154,40.69431808831686,B1_F1 accepted LRF site,flame_base_proxy,single physical event per batch; proxy differs from surveyed point; do not infer population absolute accuracy
B1_M03,B1,B1_woodpile,4,uav-02|uav-04|uav-07|uav-08,1.374376700311125,1.0368641358669395,2.729270788295581,30.73525208098742,B1_F1 accepted LRF site,flame_base_proxy,single physical event per batch; proxy differs from surveyed point; do not infer population absolute accuracy
B1_M03,B1,B1_woodpile,4,uav-02|uav-04|uav-07|uav-09,1.2109960106327302,0.9326151362877917,2.2966841728059695,32.58194877054701,B1_F1 accepted LRF site,flame_base_proxy,single physical event per batch; proxy differs from surveyed point; do not infer population absolute accuracy
B1_M03,B1,B1_woodpile,4,uav-02|uav-04|uav-08|uav-09,1.960926820142259,0.5399101587703725,2.354588043459486,16.16650073363868,B1_F1 accepted LRF site,flame_base_proxy,single physical event per batch; proxy differs from surveyed point; do not infer population absolute accuracy
B1_M03,B1,B1_woodpile,4,uav-02|uav-06|uav-07|uav-08,1.517215577381876,1.104467571793776,2.300854993798828,30.73525208098742,B1_F1 accepted LRF site,flame_base_proxy,single physical event per batch; proxy differs from surveyed point; do not infer population absolute accuracy
B1_M03,B1,B1_woodpile,4,uav-02|uav-06|uav-07|uav-09,1.3220763949470853,1.0317564920475173,2.4277046592693523,40.69431808831686,B1_F1 accepted LRF site,flame_base_proxy,single physical event per batch; proxy differs from surveyed point; do not infer population absolute accuracy
B1_M03,B1,B1_woodpile,4,uav-02|uav-06|uav-08|uav-09,2.1191078222192807,0.7598585620912988,3.552654213955105,16.16650073363868,B1_F1 accepted LRF site,flame_base_proxy,single physical event per batch; proxy differs from surveyed point; do not infer population absolute accuracy
B1_M03,B1,B1_woodpile,4,uav-02|uav-07|uav-08|uav-09,1.5376434340145344,1.052559978009281,3.239599079529472,16.16650073363868,B1_F1 accepted LRF site,flame_base_proxy,single physical event per batch; proxy differs from surveyed point; do not infer population absolute accuracy
B1_M03,B1,B1_woodpile,4,uav-04|uav-06|uav-07|uav-08,1.9142761643047514,0.6854898361899567,2.9787870239640255,30.73525208098742,B1_F1 accepted LRF site,flame_base_proxy,single physical event per batch; proxy differs from surveyed point; do not infer population absolute accuracy
B1_M03,B1,B1_woodpile,4,uav-04|uav-06|uav-07|uav-09,1.681318052504152,0.7013971557573612,2.5730090714323084,32.58194877054701,B1_F1 accepted LRF site,flame_base_proxy,single physical event per batch; proxy differs from surveyed point; do not infer population absolute accuracy
B1_M03,B1,B1_woodpile,4,uav-04|uav-06|uav-08|uav-09,2.0444766640253587,0.36366012253690205,2.9918479410757497,16.16650073363868,B1_F1 accepted LRF site,flame_base_proxy,single physical event per batch; proxy differs from surveyed point; do not infer population absolute accuracy
B1_M03,B1,B1_woodpile,4,uav-04|uav-07|uav-08|uav-09,1.8864256610509325,0.6329587331119904,4.39471953867092,16.16650073363868,B1_F1 accepted LRF site,flame_base_proxy,single physical event per batch; proxy differs from surveyed point; do not infer population absolute accuracy
B1_M03,B1,B1_woodpile,4,uav-06|uav-07|uav-08|uav-09,1.7201112925152517,0.4662555152162031,4.600907928835402,16.16650073363868,B1_F1 accepted LRF site,flame_base_proxy,single physical event per batch; proxy differs from surveyed point; do not infer population absolute accuracy
B1_M03,B1,B1_woodpile,5,uav-01|uav-02|uav-04|uav-06|uav-07,1.1958651351532268,1.046330230470884,2.5767793738434968,9.357298195454593,B1_F1 accepted LRF site,flame_base_proxy,single physical event per batch; proxy differs from surveyed point; do not infer population absolute accuracy
B1_M03,B1,B1_woodpile,5,uav-01|uav-02|uav-04|uav-06|uav-08,1.7929872604143922,0.7570636279007109,2.040031827830327,9.357298195454593,B1_F1 accepted LRF site,flame_base_proxy,single physical event per batch; proxy differs from surveyed point; do not infer population absolute accuracy
B1_M03,B1,B1_woodpile,5,uav-01|uav-02|uav-04|uav-06|uav-09,1.6392249015672273,0.7982488371230783,1.8940592220860615,9.357298195454593,B1_F1 accepted LRF site,flame_base_proxy,single physical event per batch; proxy differs from surveyed point; do not infer population absolute accuracy
B1_M03,B1,B1_woodpile,5,uav-01|uav-02|uav-04|uav-07|uav-08,1.3205756737361551,0.9898294969557152,3.3136699068244964,9.357298195454593,B1_F1 accepted LRF site,flame_base_proxy,single physical event per batch; proxy differs from surveyed point; do not infer population absolute accuracy
B1_M03,B1,B1_woodpile,5,uav-01|uav-02|uav-04|uav-07|uav-09,1.162578105911716,0.7866702463329437,2.833464711783023,9.357298195454593,B1_F1 accepted LRF site,flame_base_proxy,single physical event per batch; proxy differs from surveyed point; do not infer population absolute accuracy
B1_M03,B1,B1_woodpile,5,uav-01|uav-02|uav-04|uav-08|uav-09,1.7557938900285002,0.569639806038665,2.308104437930877,9.357298195454593,B1_F1 accepted LRF site,flame_base_proxy,single physical event per batch; proxy differs from surveyed point; do not infer population absolute accuracy
B1_M03,B1,B1_woodpile,5,uav-01|uav-02|uav-06|uav-07|uav-08,1.47534780761117,0.8406656693339075,2.131643645224735,26.489649682349857,B1_F1 accepted LRF site,flame_base_proxy,single physical event per batch; proxy differs from surveyed point; do not infer population absolute accuracy
B1_M03,B1,B1_woodpile,5,uav-01|uav-02|uav-06|uav-07|uav-09,1.311002747878323,0.8897871532584756,1.970888286115524,26.489649682349857,B1_F1 accepted LRF site,flame_base_proxy,single physical event per batch; proxy differs from surveyed point; do not infer population absolute accuracy
B1_M03,B1,B1_woodpile,5,uav-01|uav-02|uav-06|uav-08|uav-09,1.7921547085536502,0.7940713535796733,2.3531356656706484,16.16650073363868,B1_F1 accepted LRF site,flame_base_proxy,single physical event per batch; proxy differs from surveyed point; do not infer population absolute accuracy
B1_M03,B1,B1_woodpile,5,uav-01|uav-02|uav-07|uav-08|uav-09,1.4782998822431221,0.8589794802170981,2.7175318652035716,16.16650073363868,B1_F1 accepted LRF site,flame_base_proxy,single physical event per batch; proxy differs from surveyed point; do not infer population absolute accuracy
B1_M03,B1,B1_woodpile,5,uav-01|uav-04|uav-06|uav-07|uav-08,1.948693124164632,0.6156249949958491,3.1411959083933065,9.357298195454593,B1_F1 accepted LRF site,flame_base_proxy,single physical event per batch; proxy differs from surveyed point; do not infer population absolute accuracy
B1_M03,B1,B1_woodpile,5,uav-01|uav-04|uav-06|uav-07|uav-09,1.7285785297539427,0.6198946132443177,2.6770721365132437,9.357298195454593,B1_F1 accepted LRF site,flame_base_proxy,single physical event per batch; proxy differs from surveyed point; do not infer population absolute accuracy
B1_M03,B1,B1_woodpile,5,uav-01|uav-04|uav-06|uav-08|uav-09,2.004557888189518,0.5896051579882129,2.554813873165657,9.357298195454593,B1_F1 accepted LRF site,flame_base_proxy,single physical event per batch; proxy differs from surveyed point; do not infer population absolute accuracy
B1_M03,B1,B1_woodpile,5,uav-01|uav-04|uav-07|uav-08|uav-09,1.9100283082076783,0.5440303070985357,4.095436565207772,9.357298195454593,B1_F1 accepted LRF site,flame_base_proxy,single physical event per batch; proxy differs from surveyed point; do not infer population absolute accuracy
B1_M03,B1,B1_woodpile,5,uav-01|uav-06|uav-07|uav-08|uav-09,1.8180300888869303,0.6604897269886802,3.2146345108591996,16.16650073363868,B1_F1 accepted LRF site,flame_base_proxy,single physical event per batch; proxy differs from surveyed point; do not infer population absolute accuracy
B1_M03,B1,B1_woodpile,5,uav-02|uav-04|uav-06|uav-07|uav-08,1.598412865639591,0.7656189916155,2.075555353258531,30.73525208098742,B1_F1 accepted LRF site,flame_base_proxy,single physical event per batch; proxy differs from surveyed point; do not infer population absolute accuracy
B1_M03,B1,B1_woodpile,5,uav-02|uav-04|uav-06|uav-07|uav-09,1.451545363691427,0.8143801295085064,1.9389477911958781,32.58194877054701,B1_F1 accepted LRF site,flame_base_proxy,single physical event per batch; proxy differs from surveyed point; do not infer population absolute accuracy
B1_M03,B1,B1_woodpile,5,uav-02|uav-04|uav-06|uav-08|uav-09,1.999450662902078,0.6453829696862327,2.33024604477609,16.16650073363868,B1_F1 accepted LRF site,flame_base_proxy,single physical event per batch; proxy differs from surveyed point; do not infer population absolute accuracy
B1_M03,B1,B1_woodpile,5,uav-02|uav-04|uav-07|uav-08|uav-09,1.5699040755915392,0.739457595167376,2.602561327472475,16.16650073363868,B1_F1 accepted LRF site,flame_base_proxy,single physical event per batch; proxy differs from surveyed point; do not infer population absolute accuracy
B1_M03,B1,B1_woodpile,5,uav-02|uav-06|uav-07|uav-08|uav-09,1.5932928284231391,0.7182711264779689,2.84086384032638,16.16650073363868,B1_F1 accepted LRF site,flame_base_proxy,single physical event per batch; proxy differs from surveyed point; do not infer population absolute accuracy
B1_M03,B1,B1_woodpile,5,uav-04|uav-06|uav-07|uav-08|uav-09,1.8453546153086047,0.46890823468837534,3.084958909861508,16.16650073363868,B1_F1 accepted LRF site,flame_base_proxy,single physical event per batch; proxy differs from surveyed point; do not infer population absolute accuracy
B1_M03,B1,B1_woodpile,6,uav-01|uav-02|uav-04|uav-06|uav-07|uav-08,1.5466549995954673,0.8573474815465937,2.3444326324738296,9.357298195454593,B1_F1 accepted LRF site,flame_base_proxy,single physical event per batch; proxy differs from surveyed point; do not infer population absolute accuracy
B1_M03,B1,B1_woodpile,6,uav-01|uav-02|uav-04|uav-06|uav-07|uav-09,1.4056380605741279,0.8712476205957754,2.1144319589114366,9.357298195454593,B1_F1 accepted LRF site,flame_base_proxy,single physical event per batch; proxy differs from surveyed point; do not infer population absolute accuracy
B1_M03,B1,B1_woodpile,6,uav-01|uav-02|uav-04|uav-06|uav-08|uav-09,1.8211729904101894,0.6631959280295441,2.018308595655308,9.357298195454593,B1_F1 accepted LRF site,flame_base_proxy,single physical event per batch; proxy differs from surveyed point; do not infer population absolute accuracy
B1_M03,B1,B1_woodpile,6,uav-01|uav-02|uav-04|uav-07|uav-08|uav-09,1.5212527285716029,0.8148509584477881,2.733526731869795,9.357298195454593,B1_F1 accepted LRF site,flame_base_proxy,single physical event per batch; proxy differs from surveyed point; do not infer population absolute accuracy
B1_M03,B1,B1_woodpile,6,uav-01|uav-02|uav-06|uav-07|uav-08|uav-09,1.5597706389329535,0.7731568987207672,2.345164049966233,16.16650073363868,B1_F1 accepted LRF site,flame_base_proxy,single physical event per batch; proxy differs from surveyed point; do not infer population absolute accuracy
B1_M03,B1,B1_woodpile,6,uav-01|uav-04|uav-06|uav-07|uav-08|uav-09,1.8739684155169898,0.6097299809053751,2.898173823658838,9.357298195454593,B1_F1 accepted LRF site,flame_base_proxy,single physical event per batch; proxy differs from surveyed point; do not infer population absolute accuracy
B1_M03,B1,B1_woodpile,6,uav-02|uav-04|uav-06|uav-07|uav-08|uav-09,1.6617359952847133,0.7096389784566248,2.2943628177305126,16.16650073363868,B1_F1 accepted LRF site,flame_base_proxy,single physical event per batch; proxy differs from surveyed point; do not infer population absolute accuracy
B1_M03,B1,B1_woodpile,7,uav-01|uav-02|uav-04|uav-06|uav-07|uav-08|uav-09,1.619259285095012,0.7905391214069022,2.250748377142046,9.357298195454593,B1_F1 accepted LRF site,flame_base_proxy,single physical event per batch; proxy differs from surveyed point; do not infer population absolute accuracy
B3_M02,B3,B3_N,2,uav-01|uav-02,13.934433062503977,1.6218719151624605,3.414615198050916,65.52586204622071,B3_N accepted LRF site; disputed absolute case,flame_base_proxy,single physical event per batch; proxy differs from surveyed point; do not infer population absolute accuracy
B3_M02,B3,B3_N,2,uav-01|uav-03,9.223493268198466,1.4305520638173714,3.747015254502575,62.20937911163763,B3_N accepted LRF site; disputed absolute case,flame_base_proxy,single physical event per batch; proxy differs from surveyed point; do not infer population absolute accuracy
B3_M02,B3,B3_N,2,uav-01|uav-04,11.548839012872223,1.2130056940728302,3.7126970838558497,62.528453610756145,B3_N accepted LRF site; disputed absolute case,flame_base_proxy,single physical event per batch; proxy differs from surveyed point; do not infer population absolute accuracy
B3_M02,B3,B3_N,2,uav-01|uav-05,13.371683340382802,2.2526026433939927,2.1025553401289914,87.20420170767969,B3_N accepted LRF site; disputed absolute case,flame_base_proxy,single physical event per batch; proxy differs from surveyed point; do not infer population absolute accuracy
B3_M02,B3,B3_N,2,uav-01|uav-07,19.01571870951191,1.6479802062513955,9.545831493084615,37.76919150411423,B3_N accepted LRF site; disputed absolute case,flame_base_proxy,single physical event per batch; proxy differs from surveyed point; do not infer population absolute accuracy
B3_M02,B3,B3_N,2,uav-01|uav-09,11.839365962848692,0.7080842200263382,2.983224669193083,70.756440534888,B3_N accepted LRF site; disputed absolute case,flame_base_proxy,single physical event per batch; proxy differs from surveyed point; do not infer population absolute accuracy
B3_M02,B3,B3_N,2,uav-02|uav-03,14.718013208535451,1.466580814866452,3.234692824486218,67.56077298306427,B3_N accepted LRF site; disputed absolute case,flame_base_proxy,single physical event per batch; proxy differs from surveyed point; do not infer population absolute accuracy
B3_M02,B3,B3_N,2,uav-02|uav-04,13.657691143717305,1.4133730941168554,2.7732167769651097,73.81045669119342,B3_N accepted LRF site; disputed absolute case,flame_base_proxy,single physical event per batch; proxy differs from surveyed point; do not infer population absolute accuracy
B3_M02,B3,B3_N,2,uav-02|uav-05,15.310994144692673,0.2710229746547801,21.59767939504943,24.85185869108956,B3_N accepted LRF site; disputed absolute case,flame_base_proxy,single physical event per batch; proxy differs from surveyed point; do not infer population absolute accuracy
B3_M02,B3,B3_N,2,uav-02|uav-07,15.768636781674669,0.588989900394302,4.788847027691105,54.38308864737444,B3_N accepted LRF site; disputed absolute case,flame_base_proxy,single physical event per batch; proxy differs from surveyed point; do not infer population absolute accuracy
B3_M02,B3,B3_N,2,uav-02|uav-09,14.295338350744512,0.8829521142764218,4.848615989742728,54.01940944912862,B3_N accepted LRF site; disputed absolute case,flame_base_proxy,single physical event per batch; proxy differs from surveyed point; do not infer population absolute accuracy
B3_M02,B3,B3_N,2,uav-03|uav-04,13.089734075885454,1.4076319669664772,3.2900673741934576,66.9141642415883,B3_N accepted LRF site; disputed absolute case,flame_base_proxy,single physical event per batch; proxy differs from surveyed point; do not infer population absolute accuracy
B3_M02,B3,B3_N,2,uav-03|uav-05,14.655023770725697,0.8929758766279714,3.690241635651976,62.73993558731735,B3_N accepted LRF site; disputed absolute case,flame_base_proxy,single physical event per batch; proxy differs from surveyed point; do not infer population absolute accuracy
B3_M02,B3,B3_N,2,uav-03|uav-07,16.55752484098937,1.9724814228955583,2.3411750314907205,81.62055483867456,B3_N accepted LRF site; disputed absolute case,flame_base_proxy,single physical event per batch; proxy differs from surveyed point; do not infer population absolute accuracy
B3_M02,B3,B3_N,2,uav-03|uav-09,14.092750618075478,1.59471304782157,5.832525231584653,48.92127760397132,B3_N accepted LRF site; disputed absolute case,flame_base_proxy,single physical event per batch; proxy differs from surveyed point; do not infer population absolute accuracy
B3_M02,B3,B3_N,2,uav-04|uav-05,13.823271603280734,1.5688529921792003,2.1637038447542336,85.66090752617204,B3_N accepted LRF site; disputed absolute case,flame_base_proxy,single physical event per batch; proxy differs from surveyed point; do not infer population absolute accuracy
B3_M02,B3,B3_N,2,uav-04|uav-07,14.51033661904594,1.9975409575367462,15.63400444990694,29.2994790541912,B3_N accepted LRF site; disputed absolute case,flame_base_proxy,single physical event per batch; proxy differs from surveyed point; do not infer population absolute accuracy
B3_M02,B3,B3_N,2,uav-04|uav-09,12.386308491178006,0.3612564394649279,21.882910753689902,24.686792144611537,B3_N accepted LRF site; disputed absolute case,flame_base_proxy,single physical event per batch; proxy differs from surveyed point; do not infer population absolute accuracy
B3_M02,B3,B3_N,2,uav-05|uav-07,16.212241380219158,0.2637147451143965,2.478007268861471,78.8779343763479,B3_N accepted LRF site; disputed absolute case,flame_base_proxy,single physical event per batch; proxy differs from surveyed point; do not infer population absolute accuracy
B3_M02,B3,B3_N,2,uav-05|uav-09,14.501544001220513,1.075457678355685,2.958743536235249,71.09273417919333,B3_N accepted LRF site; disputed absolute case,flame_base_proxy,single physical event per batch; proxy differs from surveyed point; do not infer population absolute accuracy
B3_M02,B3,B3_N,2,uav-07|uav-09,15.798314302134166,0.5849037636112047,12.273733202102472,33.170053307257234,B3_N accepted LRF site; disputed absolute case,flame_base_proxy,single physical event per batch; proxy differs from surveyed point; do not infer population absolute accuracy
B3_M02,B3,B3_N,3,uav-01|uav-02|uav-03,12.862772129430759,2.3461345315203994,1.858136268040665,62.20937911163763,B3_N accepted LRF site; disputed absolute case,flame_base_proxy,single physical event per batch; proxy differs from surveyed point; do not infer population absolute accuracy
B3_M02,B3,B3_N,3,uav-01|uav-02|uav-04,12.84253610168283,1.9729313997415916,2.03852567094472,62.528453610756145,B3_N accepted LRF site; disputed absolute case,flame_base_proxy,single physical event per batch; proxy differs from surveyed point; do not infer population absolute accuracy
B3_M02,B3,B3_N,3,uav-01|uav-02|uav-05,13.976616727059609,1.9527649690518132,3.030035172396204,24.85185869108956,B3_N accepted LRF site; disputed absolute case,flame_base_proxy,single physical event per batch; proxy differs from surveyed point; do not infer population absolute accuracy
B3_M02,B3,B3_N,3,uav-01|uav-02|uav-07,15.189869815567874,2.72518159531459,3.5451778775165135,37.76919150411423,B3_N accepted LRF site; disputed absolute case,flame_base_proxy,single physical event per batch; proxy differs from surveyed point; do not infer population absolute accuracy
B3_M02,B3,B3_N,3,uav-01|uav-02|uav-09,13.049127694617928,1.6700651430895108,2.3544770664374273,54.01940944912862,B3_N accepted LRF site; disputed absolute case,flame_base_proxy,single physical event per batch; proxy differs from surveyed point; do not infer population absolute accuracy
B3_M02,B3,B3_N,3,uav-01|uav-03|uav-04,11.102256435094905,2.021939632056374,1.9058951238008748,62.20937911163763,B3_N accepted LRF site; disputed absolute case,flame_base_proxy,single physical event per batch; proxy differs from surveyed point; do not infer population absolute accuracy
B3_M02,B3,B3_N,3,uav-01|uav-03|uav-05,12.688180430738662,2.119386408335058,1.9545630198415187,62.20937911163763,B3_N accepted LRF site; disputed absolute case,flame_base_proxy,single physical event per batch; proxy differs from surveyed point; do not infer population absolute accuracy
B3_M02,B3,B3_N,3,uav-01|uav-03|uav-07,14.021153952600725,3.389735697767297,2.6179059261178272,37.76919150411423,B3_N accepted LRF site; disputed absolute case,flame_base_proxy,single physical event per batch; proxy differs from surveyed point; do not infer population absolute accuracy
B3_M02,B3,B3_N,3,uav-01|uav-03|uav-09,11.310724300979105,1.9973316316875227,2.2558112199262865,48.92127760397132,B3_N accepted LRF site; disputed absolute case,flame_base_proxy,single physical event per batch; proxy differs from surveyed point; do not infer population absolute accuracy
B3_M02,B3,B3_N,3,uav-01|uav-04|uav-05,12.784005916216415,2.3464552572641226,1.6109896537156427,62.528453610756145,B3_N accepted LRF site; disputed absolute case,flame_base_proxy,single physical event per batch; proxy differs from surveyed point; do not infer population absolute accuracy
B3_M02,B3,B3_N,3,uav-01|uav-04|uav-07,13.982426435827856,2.457482587032818,5.207119347865221,29.2994790541912,B3_N accepted LRF site; disputed absolute case,flame_base_proxy,single physical event per batch; proxy differs from surveyed point; do not infer population absolute accuracy
B3_M02,B3,B3_N,3,uav-01|uav-04|uav-09,11.850752338853765,1.150739039686309,3.5421551173168346,24.686792144611537,B3_N accepted LRF site; disputed absolute case,flame_base_proxy,single physical event per batch; proxy differs from surveyed point; do not infer population absolute accuracy
B3_M02,B3,B3_N,3,uav-01|uav-05|uav-07,15.022984797127302,2.5611988174555105,2.388395654468504,37.76919150411423,B3_N accepted LRF site; disputed absolute case,flame_base_proxy,single physical event per batch; proxy differs from surveyed point; do not infer population absolute accuracy
B3_M02,B3,B3_N,3,uav-01|uav-05|uav-09,13.022044458304157,2.2121330155745906,1.6119096266738395,70.756440534888,B3_N accepted LRF site; disputed absolute case,flame_base_proxy,single physical event per batch; proxy differs from surveyed point; do not infer population absolute accuracy
B3_M02,B3,B3_N,3,uav-01|uav-07|uav-09,14.126306088864522,2.3331730282826415,4.460064631527035,33.170053307257234,B3_N accepted LRF site; disputed absolute case,flame_base_proxy,single physical event per batch; proxy differs from surveyed point; do not infer population absolute accuracy
B3_M02,B3,B3_N,3,uav-02|uav-03|uav-04,13.783277354016908,1.796473950563706,1.8716164956454486,66.9141642415883,B3_N accepted LRF site; disputed absolute case,flame_base_proxy,single physical event per batch; proxy differs from surveyed point; do not infer population absolute accuracy
B3_M02,B3,B3_N,3,uav-02|uav-03|uav-05,14.814905057046428,1.344658336698459,3.6449904462733245,24.85185869108956,B3_N accepted LRF site; disputed absolute case,flame_base_proxy,single physical event per batch; proxy differs from surveyed point; do not infer population absolute accuracy
B3_M02,B3,B3_N,3,uav-02|uav-03|uav-07,15.788203532406047,1.7620290431386323,2.140053532925194,54.38308864737444,B3_N accepted LRF site; disputed absolute case,flame_base_proxy,single physical event per batch; proxy differs from surveyed point; do not infer population absolute accuracy
B3_M02,B3,B3_N,3,uav-02|uav-03|uav-09,14.30989211900648,1.4909701513269105,2.9891745210390708,48.92127760397132,B3_N accepted LRF site; disputed absolute case,flame_base_proxy,single physical event per batch; proxy differs from surveyed point; do not infer population absolute accuracy
B3_M02,B3,B3_N,3,uav-02|uav-04|uav-05,14.239418930575562,1.188705269578275,2.7793441059166764,24.85185869108956,B3_N accepted LRF site; disputed absolute case,flame_base_proxy,single physical event per batch; proxy differs from surveyed point; do not infer population absolute accuracy
B3_M02,B3,B3_N,3,uav-02|uav-04|uav-07,14.608878762940114,1.8801982854204558,3.622437516911969,29.2994790541912,B3_N accepted LRF site; disputed absolute case,flame_base_proxy,single physical event per batch; proxy differs from surveyed point; do not infer population absolute accuracy
B3_M02,B3,B3_N,3,uav-02|uav-04|uav-09,13.53452975665999,1.2788398101178702,3.815763816995979,24.686792144611537,B3_N accepted LRF site; disputed absolute case,flame_base_proxy,single physical event per batch; proxy differs from surveyed point; do not infer population absolute accuracy
B3_M02,B3,B3_N,3,uav-02|uav-05|uav-07,15.843719324421961,0.5829816984681636,3.6205625516814393,24.85185869108956,B3_N accepted LRF site; disputed absolute case,flame_base_proxy,single physical event per batch; proxy differs from surveyed point; do not infer population absolute accuracy
B3_M02,B3,B3_N,3,uav-02|uav-05|uav-09,14.701410972457776,0.8726007577928135,3.915631925337773,24.85185869108956,B3_N accepted LRF site; disputed absolute case,flame_base_proxy,single physical event per batch; proxy differs from surveyed point; do not infer population absolute accuracy
B3_M02,B3,B3_N,3,uav-02|uav-07|uav-09,15.136228242569517,1.143464372268215,4.335398366089543,33.170053307257234,B3_N accepted LRF site; disputed absolute case,flame_base_proxy,single physical event per batch; proxy differs from surveyed point; do not infer population absolute accuracy
B3_M02,B3,B3_N,3,uav-03|uav-04|uav-05,13.870748326762856,1.6141552656391427,1.8432032730792278,62.73993558731735,B3_N accepted LRF site; disputed absolute case,flame_base_proxy,single physical event per batch; proxy differs from surveyed point; do not infer population absolute accuracy
B3_M02,B3,B3_N,3,uav-03|uav-04|uav-07,14.735526046842025,2.201668525757692,2.957935531768569,29.2994790541912,B3_N accepted LRF site; disputed absolute case,flame_base_proxy,single physical event per batch; proxy differs from surveyed point; do not infer population absolute accuracy
B3_M02,B3,B3_N,3,uav-03|uav-04|uav-09,13.275123094956177,1.3505983425233494,4.406780085789491,24.686792144611537,B3_N accepted LRF site; disputed absolute case,flame_base_proxy,single physical event per batch; proxy differs from surveyed point; do not infer population absolute accuracy
B3_M02,B3,B3_N,3,uav-03|uav-05|uav-07,15.977956119993635,1.8760043372600126,1.7095196277126756,62.73993558731735,B3_N accepted LRF site; disputed absolute case,flame_base_proxy,single physical event per batch; proxy differs from surveyed point; do not infer population absolute accuracy
B3_M02,B3,B3_N,3,uav-03|uav-05|uav-09,14.435446433889869,1.6479502697850905,2.60710832260475,48.92127760397132,B3_N accepted LRF site; disputed absolute case,flame_base_proxy,single physical event per batch; proxy differs from surveyed point; do not infer population absolute accuracy
B3_M02,B3,B3_N,3,uav-03|uav-07|uav-09,15.575318534389892,1.8329078515033805,3.4752195258335656,33.170053307257234,B3_N accepted LRF site; disputed absolute case,flame_base_proxy,single physical event per batch; proxy differs from surveyed point; do not infer population absolute accuracy
B3_M02,B3,B3_N,3,uav-04|uav-05|uav-07,14.785339269726316,1.8137148442010609,2.599976923362723,29.2994790541912,B3_N accepted LRF site; disputed absolute case,flame_base_proxy,single physical event per batch; proxy differs from surveyed point; do not infer population absolute accuracy
B3_M02,B3,B3_N,3,uav-04|uav-05|uav-09,13.685834743680653,1.3884590416441815,2.829014095699291,24.686792144611537,B3_N accepted LRF site; disputed absolute case,flame_base_proxy,single physical event per batch; proxy differs from surveyed point; do not infer population absolute accuracy
B3_M02,B3,B3_N,3,uav-04|uav-07|uav-09,14.520490608801754,1.9371945276657305,11.44912210030646,24.686792144611537,B3_N accepted LRF site; disputed absolute case,flame_base_proxy,single physical event per batch; proxy differs from surveyed point; do not infer population absolute accuracy
B3_M02,B3,B3_N,3,uav-05|uav-07|uav-09,15.313135788290772,1.142748949490276,2.778190718505067,33.170053307257234,B3_N accepted LRF site; disputed absolute case,flame_base_proxy,single physical event per batch; proxy differs from surveyed point; do not infer population absolute accuracy
B3_M02,B3,B3_N,4,uav-01|uav-02|uav-03|uav-04,12.597897499762272,2.3516820349402012,1.5016986899692037,62.20937911163763,B3_N accepted LRF site; disputed absolute case,flame_base_proxy,single physical event per batch; proxy differs from surveyed point; do not infer population absolute accuracy
B3_M02,B3,B3_N,4,uav-01|uav-02|uav-03|uav-05,13.580696447753185,1.8506200408283415,2.0530379547476554,24.85185869108956,B3_N accepted LRF site; disputed absolute case,flame_base_proxy,single physical event per batch; proxy differs from surveyed point; do not infer population absolute accuracy
B3_M02,B3,B3_N,4,uav-01|uav-02|uav-03|uav-07,14.388032891928669,3.142188860278483,2.0251441523629086,37.76919150411423,B3_N accepted LRF site; disputed absolute case,flame_base_proxy,single physical event per batch; proxy differs from surveyed point; do not infer population absolute accuracy
B3_M02,B3,B3_N,4,uav-01|uav-02|uav-03|uav-09,12.79109533020888,2.2556250015817985,1.9173851437762228,48.92127760397132,B3_N accepted LRF site; disputed absolute case,flame_base_proxy,single physical event per batch; proxy differs from surveyed point; do not infer population absolute accuracy
B3_M02,B3,B3_N,4,uav-01|uav-02|uav-04|uav-05,13.414802022501279,2.054701843413649,1.83675785917664,24.85185869108956,B3_N accepted LRF site; disputed absolute case,flame_base_proxy,single physical event per batch; proxy differs from surveyed point; do not infer population absolute accuracy
B3_M02,B3,B3_N,4,uav-01|uav-02|uav-04|uav-07,13.999600487101095,2.5948212812843714,2.7970479073308363,29.2994790541912,B3_N accepted LRF site; disputed absolute case,flame_base_proxy,single physical event per batch; proxy differs from surveyed point; do not infer population absolute accuracy
B3_M02,B3,B3_N,4,uav-01|uav-02|uav-04|uav-09,12.722914836181564,1.7155111397047693,2.263272915052047,24.686792144611537,B3_N accepted LRF site; disputed absolute case,flame_base_proxy,single physical event per batch; proxy differs from surveyed point; do not infer population absolute accuracy
B3_M02,B3,B3_N,4,uav-01|uav-02|uav-05|uav-07,14.894521817456933,2.1830303958914614,2.5424385501861453,24.85185869108956,B3_N accepted LRF site; disputed absolute case,flame_base_proxy,single physical event per batch; proxy differs from surveyed point; do not infer population absolute accuracy
B3_M02,B3,B3_N,4,uav-01|uav-02|uav-05|uav-09,13.592288093529417,1.849410276733603,2.1219017883673654,24.85185869108956,B3_N accepted LRF site; disputed absolute case,flame_base_proxy,single physical event per batch; proxy differs from surveyed point; do not infer population absolute accuracy
B3_M02,B3,B3_N,4,uav-01|uav-02|uav-07|uav-09,14.20018446511998,2.3756962912853665,2.9274059029927937,33.170053307257234,B3_N accepted LRF site; disputed absolute case,flame_base_proxy,single physical event per batch; proxy differs from surveyed point; do not infer population absolute accuracy
B3_M02,B3,B3_N,4,uav-01|uav-03|uav-04|uav-05,12.586681854104743,2.1803698629725727,1.2990047889291882,62.20937911163763,B3_N accepted LRF site; disputed absolute case,flame_base_proxy,single physical event per batch; proxy differs from surveyed point; do not infer population absolute accuracy
B3_M02,B3,B3_N,4,uav-01|uav-03|uav-04|uav-07,13.231485484774408,3.0216335581641562,2.4644029059063564,29.2994790541912,B3_N accepted LRF site; disputed absolute case,flame_base_proxy,single physical event per batch; proxy differs from surveyed point; do not infer population absolute accuracy
B3_M02,B3,B3_N,4,uav-01|uav-03|uav-04|uav-09,11.677849843469806,1.6720816289297107,2.3944303374396028,24.686792144611537,B3_N accepted LRF site; disputed absolute case,flame_base_proxy,single physical event per batch; proxy differs from surveyed point; do not infer population absolute accuracy
B3_M02,B3,B3_N,4,uav-01|uav-03|uav-05|uav-07,14.410172864132822,2.9983280101630414,1.597390914526951,37.76919150411423,B3_N accepted LRF site; disputed absolute case,flame_base_proxy,single physical event per batch; proxy differs from surveyed point; do not infer population absolute accuracy
B3_M02,B3,B3_N,4,uav-01|uav-03|uav-05|uav-09,12.805557718811379,2.2183575915545393,1.6326323509299305,48.92127760397132,B3_N accepted LRF site; disputed absolute case,flame_base_proxy,single physical event per batch; proxy differs from surveyed point; do not infer population absolute accuracy
B3_M02,B3,B3_N,4,uav-01|uav-03|uav-07|uav-09,13.552963247230664,3.114126446315864,2.4425470955975985,33.170053307257234,B3_N accepted LRF site; disputed absolute case,flame_base_proxy,single physical event per batch; proxy differs from surveyed point; do not infer population absolute accuracy
B3_M02,B3,B3_N,4,uav-01|uav-04|uav-05|uav-07,14.005683223576407,2.57154148308866,2.2199956866979504,29.2994790541912,B3_N accepted LRF site; disputed absolute case,flame_base_proxy,single physical event per batch; proxy differs from surveyed point; do not infer population absolute accuracy
B3_M02,B3,B3_N,4,uav-01|uav-04|uav-05|uav-09,12.753146761757415,1.8455846391652289,1.8172125191252833,24.686792144611537,B3_N accepted LRF site; disputed absolute case,flame_base_proxy,single physical event per batch; proxy differs from surveyed point; do not infer population absolute accuracy
B3_M02,B3,B3_N,4,uav-01|uav-04|uav-07|uav-09,13.351746273770326,2.0218994283600953,4.551120839207378,24.686792144611537,B3_N accepted LRF site; disputed absolute case,flame_base_proxy,single physical event per batch; proxy differs from surveyed point; do not infer population absolute accuracy
B3_M02,B3,B3_N,4,uav-01|uav-05|uav-07|uav-09,14.231584564722374,2.4083072571214057,2.1487990380925495,33.170053307257234,B3_N accepted LRF site; disputed absolute case,flame_base_proxy,single physical event per batch; proxy differs from surveyed point; do not infer population absolute accuracy
B3_M02,B3,B3_N,4,uav-02|uav-03|uav-04|uav-05,14.18399367271448,1.6415838286194877,1.9872408658293252,24.85185869108956,B3_N accepted LRF site; disputed absolute case,flame_base_proxy,single physical event per batch; proxy differs from surveyed point; do not infer population absolute accuracy
B3_M02,B3,B3_N,4,uav-02|uav-03|uav-04|uav-07,14.719793036023155,2.3307870690049066,2.034337523906394,29.2994790541912,B3_N accepted LRF site; disputed absolute case,flame_base_proxy,single physical event per batch; proxy differs from surveyed point; do not infer population absolute accuracy
B3_M02,B3,B3_N,4,uav-02|uav-03|uav-04|uav-09,13.698066295432794,1.6185117375248543,2.531942191860001,24.686792144611537,B3_N accepted LRF site; disputed absolute case,flame_base_proxy,single physical event per batch; proxy differs from surveyed point; do not infer population absolute accuracy
B3_M02,B3,B3_N,4,uav-02|uav-03|uav-05|uav-07,15.66741840967877,1.4379048578684204,2.1252344868725284,24.85185869108956,B3_N accepted LRF site; disputed absolute case,flame_base_proxy,single physical event per batch; proxy differs from surveyed point; do not infer population absolute accuracy
B3_M02,B3,B3_N,4,uav-02|uav-03|uav-05|uav-09,14.5675796182164,1.448561584267257,2.6835215910221835,24.85185869108956,B3_N accepted LRF site; disputed absolute case,flame_base_proxy,single physical event per batch; proxy differs from surveyed point; do not infer population absolute accuracy
B3_M02,B3,B3_N,4,uav-02|uav-03|uav-07|uav-09,15.214807308832173,1.648066573145928,2.5812908137554835,33.170053307257234,B3_N accepted LRF site; disputed absolute case,flame_base_proxy,single physical event per batch; proxy differs from surveyed point; do not infer population absolute accuracy
B3_M02,B3,B3_N,4,uav-02|uav-04|uav-05|uav-07,14.874144146415055,1.28065490027911,2.483067774116389,24.85185869108956,B3_N accepted LRF site; disputed absolute case,flame_base_proxy,single physical event per batch; proxy differs from surveyed point; do not infer population absolute accuracy
B3_M02,B3,B3_N,4,uav-02|uav-04|uav-05|uav-09,14.03528835660408,1.2687199573521037,2.6486058080000654,24.686792144611537,B3_N accepted LRF site; disputed absolute case,flame_base_proxy,single physical event per batch; proxy differs from surveyed point; do not infer population absolute accuracy
B3_M02,B3,B3_N,4,uav-02|uav-04|uav-07|uav-09,14.385497807397646,1.5715745667171355,4.182065235824451,24.686792144611537,B3_N accepted LRF site; disputed absolute case,flame_base_proxy,single physical event per batch; proxy differs from surveyed point; do not infer population absolute accuracy
B3_M02,B3,B3_N,4,uav-02|uav-05|uav-07|uav-09,15.259862619754536,0.9710140250777215,3.02623212079516,24.85185869108956,B3_N accepted LRF site; disputed absolute case,flame_base_proxy,single physical event per batch; proxy differs from surveyed point; do not infer population absolute accuracy
B3_M02,B3,B3_N,4,uav-03|uav-04|uav-05|uav-07,14.828145016981768,2.3104731423993288,1.749493702611169,29.2994790541912,B3_N accepted LRF site; disputed absolute case,flame_base_proxy,single physical event per batch; proxy differs from surveyed point; do not infer population absolute accuracy
B3_M02,B3,B3_N,4,uav-03|uav-04|uav-05|uav-09,13.805832485118449,1.6543922182287523,2.3095405197606933,24.686792144611537,B3_N accepted LRF site; disputed absolute case,flame_base_proxy,single physical event per batch; proxy differs from surveyed point; do not infer population absolute accuracy
B3_M02,B3,B3_N,4,uav-03|uav-04|uav-07|uav-09,14.54772652846822,2.1799959639962783,3.8686202648799277,24.686792144611537,B3_N accepted LRF site; disputed absolute case,flame_base_proxy,single physical event per batch; proxy differs from surveyed point; do not infer population absolute accuracy
B3_M02,B3,B3_N,4,uav-03|uav-05|uav-07|uav-09,15.338085045914523,1.7791574302012192,2.0727808116521502,33.170053307257234,B3_N accepted LRF site; disputed absolute case,flame_base_proxy,single physical event per batch; proxy differs from surveyed point; do not infer population absolute accuracy
B3_M02,B3,B3_N,4,uav-04|uav-05|uav-07|uav-09,14.498034384840283,1.7143844000787842,3.1456668772935314,24.686792144611537,B3_N accepted LRF site; disputed absolute case,flame_base_proxy,single physical event per batch; proxy differs from surveyed point; do not infer population absolute accuracy
B3_M02,B3,B3_N,5,uav-01|uav-02|uav-03|uav-04|uav-05,13.25854224888101,2.1297690338400463,1.4362528747336591,24.85185869108956,B3_N accepted LRF site; disputed absolute case,flame_base_proxy,single physical event per batch; proxy differs from surveyed point; do not infer population absolute accuracy
B3_M02,B3,B3_N,5,uav-01|uav-02|uav-03|uav-04|uav-07,13.736141965648509,2.831081540557507,1.913484486137744,29.2994790541912,B3_N accepted LRF site; disputed absolute case,flame_base_proxy,single physical event per batch; proxy differs from surveyed point; do not infer population absolute accuracy
B3_M02,B3,B3_N,5,uav-01|uav-02|uav-03|uav-04|uav-09,12.643024716817893,2.2986275875854787,1.8908984013368642,24.686792144611537,B3_N accepted LRF site; disputed absolute case,flame_base_proxy,single physical event per batch; proxy differs from surveyed point; do not infer population absolute accuracy
B3_M02,B3,B3_N,5,uav-01|uav-02|uav-03|uav-05|uav-07,14.572502974255247,2.7725767053458306,1.7893837275340563,24.85185869108956,B3_N accepted LRF site; disputed absolute case,flame_base_proxy,single physical event per batch; proxy differs from surveyed point; do not infer population absolute accuracy
B3_M02,B3,B3_N,5,uav-01|uav-02|uav-03|uav-05|uav-09,13.433668589654104,1.851259669320347,1.8071070727908531,24.85185869108956,B3_N accepted LRF site; disputed absolute case,flame_base_proxy,single physical event per batch; proxy differs from surveyed point; do not infer population absolute accuracy
B3_M02,B3,B3_N,5,uav-01|uav-02|uav-03|uav-07|uav-09,13.97012600345363,2.9183667957119486,2.1357705888876257,33.170053307257234,B3_N accepted LRF site; disputed absolute case,flame_base_proxy,single physical event per batch; proxy differs from surveyed point; do not infer population absolute accuracy
B3_M02,B3,B3_N,5,uav-01|uav-02|uav-04|uav-05|uav-07,14.199453643764219,2.2028043432083315,2.1119156389867704,24.85185869108956,B3_N accepted LRF site; disputed absolute case,flame_base_proxy,single physical event per batch; proxy differs from surveyed point; do not infer population absolute accuracy
B3_M02,B3,B3_N,5,uav-01|uav-02|uav-04|uav-05|uav-09,13.270195260552718,1.7516232031866568,1.8829772176841966,24.686792144611537,B3_N accepted LRF site; disputed absolute case,flame_base_proxy,single physical event per batch; proxy differs from surveyed point; do not infer population absolute accuracy
B3_M02,B3,B3_N,5,uav-01|uav-02|uav-04|uav-07|uav-09,13.66186653112404,1.6900450196819723,2.8489723732042336,24.686792144611537,B3_N accepted LRF site; disputed absolute case,flame_base_proxy,single physical event per batch; proxy differs from surveyed point; do not infer population absolute accuracy
B3_M02,B3,B3_N,5,uav-01|uav-02|uav-05|uav-07|uav-09,14.385718965280917,1.6275613458215636,2.266437348131469,24.85185869108956,B3_N accepted LRF site; disputed absolute case,flame_base_proxy,single physical event per batch; proxy differs from surveyed point; do not infer population absolute accuracy
B3_M02,B3,B3_N,5,uav-01|uav-03|uav-04|uav-05|uav-07,13.776257619083259,2.6080504105756703,1.5952429194570432,29.2994790541912,B3_N accepted LRF site; disputed absolute case,flame_base_proxy,single physical event per batch; proxy differs from surveyed point; do not infer population absolute accuracy
B3_M02,B3,B3_N,5,uav-01|uav-03|uav-04|uav-05|uav-09,12.68559608377068,2.3688702947385827,1.6157781833043998,24.686792144611537,B3_N accepted LRF site; disputed absolute case,flame_base_proxy,single physical event per batch; proxy differs from surveyed point; do not infer population absolute accuracy
B3_M02,B3,B3_N,5,uav-01|uav-03|uav-04|uav-07|uav-09,13.15550118753592,2.8849335664380136,2.75135278505131,24.686792144611537,B3_N accepted LRF site; disputed absolute case,flame_base_proxy,single physical event per batch; proxy differs from surveyed point; do not infer population absolute accuracy
B3_M02,B3,B3_N,5,uav-01|uav-03|uav-05|uav-07|uav-09,14.030224442948256,2.7198808004183332,1.7121768093382495,33.170053307257234,B3_N accepted LRF site; disputed absolute case,flame_base_proxy,single physical event per batch; proxy differs from surveyed point; do not infer population absolute accuracy
B3_M02,B3,B3_N,5,uav-01|uav-04|uav-05|uav-07|uav-09,13.708906758643357,2.047638647758634,2.314625116920747,24.686792144611537,B3_N accepted LRF site; disputed absolute case,flame_base_proxy,single physical event per batch; proxy differs from surveyed point; do not infer population absolute accuracy
B3_M02,B3,B3_N,5,uav-02|uav-03|uav-04|uav-05|uav-07,14.85738530610918,2.339242736458358,1.8158612471264062,24.85185869108956,B3_N accepted LRF site; disputed absolute case,flame_base_proxy,single physical event per batch; proxy differs from surveyed point; do not infer population absolute accuracy
B3_M02,B3,B3_N,5,uav-02|uav-03|uav-04|uav-05|uav-09,14.053321402119865,1.4363623395907368,2.173965242837465,24.686792144611537,B3_N accepted LRF site; disputed absolute case,flame_base_proxy,single physical event per batch; proxy differs from surveyed point; do not infer population absolute accuracy
B3_M02,B3,B3_N,5,uav-02|uav-03|uav-04|uav-07|uav-09,14.50554155169343,2.0482377014588353,2.590012798123527,24.686792144611537,B3_N accepted LRF site; disputed absolute case,flame_base_proxy,single physical event per batch; proxy differs from surveyed point; do not infer population absolute accuracy
B3_M02,B3,B3_N,5,uav-02|uav-03|uav-05|uav-07|uav-09,15.222909022778895,1.6309644352574721,2.157619879305967,24.85185869108956,B3_N accepted LRF site; disputed absolute case,flame_base_proxy,single physical event per batch; proxy differs from surveyed point; do not infer population absolute accuracy
B3_M02,B3,B3_N,5,uav-02|uav-04|uav-05|uav-07|uav-09,14.608758082722614,1.1264282867334203,2.7527894753564612,24.686792144611537,B3_N accepted LRF site; disputed absolute case,flame_base_proxy,single physical event per batch; proxy differs from surveyed point; do not infer population absolute accuracy
B3_M02,B3,B3_N,5,uav-03|uav-04|uav-05|uav-07|uav-09,14.593373633772314,2.118554513735685,2.2605553961237645,24.686792144611537,B3_N accepted LRF site; disputed absolute case,flame_base_proxy,single physical event per batch; proxy differs from surveyed point; do not infer population absolute accuracy
B3_M02,B3,B3_N,6,uav-01|uav-02|uav-03|uav-04|uav-05|uav-07,14.051356347923669,2.416619936433438,1.5838308835238541,24.85185869108956,B3_N accepted LRF site; disputed absolute case,flame_base_proxy,single physical event per batch; proxy differs from surveyed point; do not infer population absolute accuracy
B3_M02,B3,B3_N,6,uav-01|uav-02|uav-03|uav-04|uav-05|uav-09,13.204684547831159,1.8702755312512935,1.575059523679004,24.686792144611537,B3_N accepted LRF site; disputed absolute case,flame_base_proxy,single physical event per batch; proxy differs from surveyed point; do not infer population absolute accuracy
B3_M02,B3,B3_N,6,uav-01|uav-02|uav-03|uav-04|uav-07|uav-09,13.574352790265012,2.2540256467057915,2.193921392967764,24.686792144611537,B3_N accepted LRF site; disputed absolute case,flame_base_proxy,single physical event per batch; proxy differs from surveyed point; do not infer population absolute accuracy
B3_M02,B3,B3_N,6,uav-01|uav-02|uav-03|uav-05|uav-07|uav-09,14.24986313190843,2.1786509019160656,1.8055580985617146,24.85185869108956,B3_N accepted LRF site; disputed absolute case,flame_base_proxy,single physical event per batch; proxy differs from surveyed point; do not infer population absolute accuracy
B3_M02,B3,B3_N,6,uav-01|uav-02|uav-04|uav-05|uav-07|uav-09,13.948229620483113,1.814115032958267,2.1949903885444937,24.686792144611537,B3_N accepted LRF site; disputed absolute case,flame_base_proxy,single physical event per batch; proxy differs from surveyed point; do not infer population absolute accuracy
B3_M02,B3,B3_N,6,uav-01|uav-03|uav-04|uav-05|uav-07|uav-09,13.629627357708157,2.197523048175175,1.865808495132597,24.686792144611537,B3_N accepted LRF site; disputed absolute case,flame_base_proxy,single physical event per batch; proxy differs from surveyed point; do not infer population absolute accuracy
B3_M02,B3,B3_N,6,uav-02|uav-03|uav-04|uav-05|uav-07|uav-09,14.639237657166259,1.6982961619041692,2.120202030364753,24.686792144611537,B3_N accepted LRF site; disputed absolute case,flame_base_proxy,single physical event per batch; proxy differs from surveyed point; do not infer population absolute accuracy
B3_M02,B3,B3_N,7,uav-01|uav-02|uav-03|uav-04|uav-05|uav-07|uav-09,13.88552768986677,1.867026894754606,1.7597615482843592,24.686792144611537,B3_N accepted LRF site; disputed absolute case,flame_base_proxy,single physical event per batch; proxy differs from surveyed point; do not infer population absolute accuracy
B3_M02,B3,B3_S,2,uav-01|uav-02,3.5969615969939253,1.7323836756184283,5.756629997150805,49.264008723387406,B3_S accepted LRF site,flame_base_proxy,single physical event per batch; proxy differs from surveyed point; do not infer population absolute accuracy
B3_M02,B3,B3_S,2,uav-01|uav-04,5.97311425771752,2.3958013634427386,7.942259246494559,41.56681668094729,B3_S accepted LRF site,flame_base_proxy,single physical event per batch; proxy differs from surveyed point; do not infer population absolute accuracy
B3_M02,B3,B3_S,2,uav-01|uav-05,2.3282482709390377,2.7202393164570635,2.9944927636517145,70.60327286872395,B3_S accepted LRF site,flame_base_proxy,single physical event per batch; proxy differs from surveyed point; do not infer population absolute accuracy
B3_M02,B3,B3_S,2,uav-01|uav-07,9.822728111080828,2.5353835278229133,12.448961771646426,32.92908425522893,B3_S accepted LRF site,flame_base_proxy,single physical event per batch; proxy differs from surveyed point; do not infer population absolute accuracy
B3_M02,B3,B3_S,2,uav-01|uav-08,0.3342307514262263,2.7103618009226382,3.266988783468476,67.18136045169571,B3_S accepted LRF site,flame_base_proxy,single physical event per batch; proxy differs from surveyed point; do not infer population absolute accuracy
B3_M02,B3,B3_S,2,uav-01|uav-09,3.0290322816910153,0.47747848423257805,3.9831921233166536,60.139488666292195,B3_S accepted LRF site,flame_base_proxy,single physical event per batch; proxy differs from surveyed point; do not infer population absolute accuracy
B3_M02,B3,B3_S,2,uav-02|uav-04,5.8306082727394974,0.5740014858071081,3.379922322809708,65.9037681871373,B3_S accepted LRF site,flame_base_proxy,single physical event per batch; proxy differs from surveyed point; do not infer population absolute accuracy
B3_M02,B3,B3_S,2,uav-02|uav-05,3.012888801734738,1.1988760597653687,20.852261243456663,25.299384481498073,B3_S accepted LRF site,flame_base_proxy,single physical event per batch; proxy differs from surveyed point; do not infer population absolute accuracy
B3_M02,B3,B3_S,2,uav-02|uav-07,3.450122634535028,2.759914149937506,6.4030286215494785,46.555799988462,B3_S accepted LRF site,flame_base_proxy,single physical event per batch; proxy differs from surveyed point; do not infer population absolute accuracy
B3_M02,B3,B3_S,2,uav-02|uav-08,3.49798540100331,1.230598749735909,3.5423672486471958,64.18888157756892,B3_S accepted LRF site,flame_base_proxy,single physical event per batch; proxy differs from surveyed point; do not infer population absolute accuracy
B3_M02,B3,B3_S,2,uav-02|uav-09,3.259959778044908,0.7076654753837553,4.465942339340151,56.484250468971425,B3_S accepted LRF site,flame_base_proxy,single physical event per batch; proxy differs from surveyed point; do not infer population absolute accuracy
B3_M02,B3,B3_S,2,uav-04|uav-05,3.6476106195706537,1.950485114105704,2.0336989696679773,89.05054920416114,B3_S accepted LRF site,flame_base_proxy,single physical event per batch; proxy differs from surveyed point; do not infer population absolute accuracy
B3_M02,B3,B3_S,2,uav-04|uav-07,3.2265618831078724,3.343675322016928,35.33822033712584,19.368685932526414,B3_S accepted LRF site,flame_base_proxy,single physical event per batch; proxy differs from surveyed point; do not infer population absolute accuracy
B3_M02,B3,B3_S,2,uav-04|uav-08,2.1160915127459883,4.172519650632779,3.9028370765672142,60.82017403599269,B3_S accepted LRF site,flame_base_proxy,single physical event per batch; proxy differs from surveyed point; do not infer population absolute accuracy
B3_M02,B3,B3_S,2,uav-04|uav-09,3.6985414353391515,2.2507915472667746,15.858660388608854,29.08659969178029,B3_S accepted LRF site,flame_base_proxy,single physical event per batch; proxy differs from surveyed point; do not infer population absolute accuracy
B3_M02,B3,B3_S,2,uav-05|uav-07,0.5842364050036671,1.4071158974553364,2.9159194428014774,71.69290660280824,B3_S accepted LRF site,flame_base_proxy,single physical event per batch; proxy differs from surveyed point; do not infer population absolute accuracy
B3_M02,B3,B3_S,2,uav-05|uav-08,4.702961952945012,0.22124413186760772,7.561342829799626,42.65079525354051,B3_S accepted LRF site,flame_base_proxy,single physical event per batch; proxy differs from surveyed point; do not infer population absolute accuracy
B3_M02,B3,B3_S,2,uav-05|uav-09,2.4256781673869883,0.5481618150663679,2.5876742599462563,76.87329801892339,B3_S accepted LRF site,flame_base_proxy,single physical event per batch; proxy differs from surveyed point; do not infer population absolute accuracy
B3_M02,B3,B3_S,2,uav-07|uav-08,4.607952719963887,0.8231359615472682,2.621072850779255,76.29318659770956,B3_S accepted LRF site,flame_base_proxy,single physical event per batch; proxy differs from surveyed point; do not infer population absolute accuracy
B3_M02,B3,B3_S,2,uav-07|uav-09,5.791418691564261,2.0209906344165045,18.070641288146003,27.211671450079937,B3_S accepted LRF site,flame_base_proxy,single physical event per batch; proxy differs from surveyed point; do not infer population absolute accuracy
B3_M02,B3,B3_S,2,uav-08|uav-09,1.214904662307877,2.2569533666525796,2.097885032098457,87.32567033380128,B3_S accepted LRF site,flame_base_proxy,single physical event per batch; proxy differs from surveyed point; do not infer population absolute accuracy
B3_M02,B3,B3_S,3,uav-01|uav-02|uav-04,5.568232713099938,2.169669319705181,3.591791751618012,41.56681668094729,B3_S accepted LRF site,flame_base_proxy,single physical event per batch; proxy differs from surveyed point; do not infer population absolute accuracy
B3_M02,B3,B3_S,3,uav-01|uav-02|uav-05,2.793965942063983,2.5662477743760794,4.1768178657692365,25.299384481498073,B3_S accepted LRF site,flame_base_proxy,single physical event per batch; proxy differs from surveyed point; do not infer population absolute accuracy
B3_M02,B3,B3_S,3,uav-01|uav-02|uav-07,1.4902568364918156,3.679976913938493,5.224975075201524,32.92908425522893,B3_S accepted LRF site,flame_base_proxy,single physical event per batch; proxy differs from surveyed point; do not infer population absolute accuracy
B3_M02,B3,B3_S,3,uav-01|uav-02|uav-08,1.771344167354072,2.754337049382641,2.22657192875869,49.264008723387406,B3_S accepted LRF site,flame_base_proxy,single physical event per batch; proxy differs from surveyed point; do not infer population absolute accuracy
B3_M02,B3,B3_S,3,uav-01|uav-02|uav-09,3.0114423196498423,1.8028557137460846,3.0828464309937775,49.264008723387406,B3_S accepted LRF site,flame_base_proxy,single physical event per batch; proxy differs from surveyed point; do not infer population absolute accuracy
B3_M02,B3,B3_S,3,uav-01|uav-04|uav-05,4.004326617970252,3.262113378979031,2.378866081106527,41.56681668094729,B3_S accepted LRF site,flame_base_proxy,single physical event per batch; proxy differs from surveyed point; do not infer population absolute accuracy
B3_M02,B3,B3_S,3,uav-01|uav-04|uav-07,3.267921665972032,3.929862196892128,9.53468030965194,19.368685932526414,B3_S accepted LRF site,flame_base_proxy,single physical event per batch; proxy differs from surveyed point; do not infer population absolute accuracy
B3_M02,B3,B3_S,3,uav-01|uav-04|uav-08,2.0613162099601228,4.407672314825584,3.057659232978578,41.56681668094729,B3_S accepted LRF site,flame_base_proxy,single physical event per batch; proxy differs from surveyed point; do not infer population absolute accuracy
B3_M02,B3,B3_S,3,uav-01|uav-04|uav-09,4.013167162202628,2.1344743866529803,5.098896176796038,29.08659969178029,B3_S accepted LRF site,flame_base_proxy,single physical event per batch; proxy differs from surveyed point; do not infer population absolute accuracy
B3_M02,B3,B3_S,3,uav-01|uav-05|uav-07,0.7943758233359939,4.042713807468319,2.9582173572781736,32.92908425522893,B3_S accepted LRF site,flame_base_proxy,single physical event per batch; proxy differs from surveyed point; do not infer population absolute accuracy
B3_M02,B3,B3_S,3,uav-01|uav-05|uav-08,1.592728562656699,2.1742112050303226,2.3744379643209195,42.65079525354051,B3_S accepted LRF site,flame_base_proxy,single physical event per batch; proxy differs from surveyed point; do not infer population absolute accuracy
B3_M02,B3,B3_S,3,uav-01|uav-05|uav-09,2.361623543689161,2.7403983006876014,1.9593068996090357,60.139488666292195,B3_S accepted LRF site,flame_base_proxy,single physical event per batch; proxy differs from surveyed point; do not infer population absolute accuracy
B3_M02,B3,B3_S,3,uav-01|uav-07|uav-08,3.4536048773784085,2.8503384261861955,2.942905654631287,32.92908425522893,B3_S accepted LRF site,flame_base_proxy,single physical event per batch; proxy differs from surveyed point; do not infer population absolute accuracy
B3_M02,B3,B3_S,3,uav-01|uav-07|uav-09,2.2665804817873916,2.747814871402762,5.959942167156302,27.211671450079937,B3_S accepted LRF site,flame_base_proxy,single physical event per batch; proxy differs from surveyed point; do not infer population absolute accuracy
B3_M02,B3,B3_S,3,uav-01|uav-08|uav-09,0.9658100347212363,2.294958006904558,1.9386669784461021,60.139488666292195,B3_S accepted LRF site,flame_base_proxy,single physical event per batch; proxy differs from surveyed point; do not infer population absolute accuracy
B3_M02,B3,B3_S,3,uav-02|uav-04|uav-05,4.099016845800095,1.771713054191766,2.956494299654762,25.299384481498073,B3_S accepted LRF site,flame_base_proxy,single physical event per batch; proxy differs from surveyed point; do not infer population absolute accuracy
B3_M02,B3,B3_S,3,uav-02|uav-04|uav-07,4.228228852988424,2.6182622588186124,4.861763113855911,19.368685932526414,B3_S accepted LRF site,flame_base_proxy,single physical event per batch; proxy differs from surveyed point; do not infer population absolute accuracy
B3_M02,B3,B3_S,3,uav-02|uav-04|uav-08,2.3080566550838557,4.347465395361217,1.9133749535030122,60.82017403599269,B3_S accepted LRF site,flame_base_proxy,single physical event per batch; proxy differs from surveyed point; do not infer population absolute accuracy
B3_M02,B3,B3_S,3,uav-02|uav-04|uav-09,4.291663231392034,2.305813477347951,3.8314074457037557,29.08659969178029,B3_S accepted LRF site,flame_base_proxy,single physical event per batch; proxy differs from surveyed point; do not infer population absolute accuracy
B3_M02,B3,B3_S,3,uav-02|uav-05|uav-07,2.188650724020225,2.8343945822741405,4.282787781618778,25.299384481498073,B3_S accepted LRF site,flame_base_proxy,single physical event per batch; proxy differs from surveyed point; do not infer population absolute accuracy
B3_M02,B3,B3_S,3,uav-02|uav-05|uav-08,3.7688343697260667,1.0513293966658175,4.966576027265291,25.299384481498073,B3_S accepted LRF site,flame_base_proxy,single physical event per batch; proxy differs from surveyed point; do not infer population absolute accuracy
B3_M02,B3,B3_S,3,uav-02|uav-05|uav-09,2.8537215535831364,1.2334313960344307,3.575559520194991,25.299384481498073,B3_S accepted LRF site,flame_base_proxy,single physical event per batch; proxy differs from surveyed point; do not infer population absolute accuracy
B3_M02,B3,B3_S,3,uav-02|uav-07|uav-08,0.62902387898799,3.579682385077582,2.296249418977625,46.555799988462,B3_S accepted LRF site,flame_base_proxy,single physical event per batch; proxy differs from surveyed point; do not infer population absolute accuracy
B3_M02,B3,B3_S,3,uav-02|uav-07|uav-09,2.8952194306268058,2.6404370668027224,5.091300957153188,27.211671450079937,B3_S accepted LRF site,flame_base_proxy,single physical event per batch; proxy differs from surveyed point; do not infer population absolute accuracy
B3_M02,B3,B3_S,3,uav-02|uav-08|uav-09,2.1335181344331673,2.1675771130806685,2.066880430372084,56.484250468971425,B3_S accepted LRF site,flame_base_proxy,single physical event per batch; proxy differs from surveyed point; do not infer population absolute accuracy
B3_M02,B3,B3_S,3,uav-04|uav-05|uav-07,2.2063813062647117,3.1752893597641556,2.968096596787973,19.368685932526414,B3_S accepted LRF site,flame_base_proxy,single physical event per batch; proxy differs from surveyed point; do not infer population absolute accuracy
B3_M02,B3,B3_S,3,uav-04|uav-05|uav-08,1.237984198571074,4.290052942517011,2.590197090450299,42.65079525354051,B3_S accepted LRF site,flame_base_proxy,single physical event per batch; proxy differs from surveyed point; do not infer population absolute accuracy
B3_M02,B3,B3_S,3,uav-04|uav-05|uav-09,3.1023275964857095,1.8843148084496582,2.640406602444755,29.08659969178029,B3_S accepted LRF site,flame_base_proxy,single physical event per batch; proxy differs from surveyed point; do not infer population absolute accuracy
B3_M02,B3,B3_S,3,uav-04|uav-07|uav-08,2.856921545387528,3.3908246047476576,3.5932853719600373,19.368685932526414,B3_S accepted LRF site,flame_base_proxy,single physical event per batch; proxy differs from surveyed point; do not infer population absolute accuracy
B3_M02,B3,B3_S,3,uav-04|uav-07|uav-09,3.4976935734017087,3.4605648312739303,15.079418893214166,19.368685932526414,B3_S accepted LRF site,flame_base_proxy,single physical event per batch; proxy differs from surveyed point; do not infer population absolute accuracy
B3_M02,B3,B3_S,3,uav-04|uav-08|uav-09,1.6216986479428865,4.279623901977192,3.04539239361899,29.08659969178029,B3_S accepted LRF site,flame_base_proxy,single physical event per batch; proxy differs from surveyed point; do not infer population absolute accuracy
B3_M02,B3,B3_S,3,uav-05|uav-07|uav-08,1.3153954318234735,2.645767468283096,2.304930781236348,42.65079525354051,B3_S accepted LRF site,flame_base_proxy,single physical event per batch; proxy differs from surveyed point; do not infer population absolute accuracy
B3_M02,B3,B3_S,3,uav-05|uav-07|uav-09,1.613305004609559,2.322071575214346,2.988326055044695,27.211671450079937,B3_S accepted LRF site,flame_base_proxy,single physical event per batch; proxy differs from surveyed point; do not infer population absolute accuracy
B3_M02,B3,B3_S,3,uav-05|uav-08|uav-09,2.017787703610967,2.2203683743797114,2.241005749098528,42.65079525354051,B3_S accepted LRF site,flame_base_proxy,single physical event per batch; proxy differs from surveyed point; do not infer population absolute accuracy
B3_M02,B3,B3_S,3,uav-07|uav-08|uav-09,1.0137235409167196,2.8063444032011535,2.726757112461625,27.211671450079937,B3_S accepted LRF site,flame_base_proxy,single physical event per batch; proxy differs from surveyed point; do not infer population absolute accuracy
B3_M02,B3,B3_S,4,uav-01|uav-02|uav-04|uav-05,4.149029826400211,2.8291069149395924,2.652400518172243,25.299384481498073,B3_S accepted LRF site,flame_base_proxy,single physical event per batch; proxy differs from surveyed point; do not infer population absolute accuracy
B3_M02,B3,B3_S,4,uav-01|uav-02|uav-04|uav-07,3.4292714868318614,3.4379525937762168,4.522644000964766,19.368685932526414,B3_S accepted LRF site,flame_base_proxy,single physical event per batch; proxy differs from surveyed point; do not infer population absolute accuracy
B3_M02,B3,B3_S,4,uav-01|uav-02|uav-04|uav-08,2.593303114402443,3.653360767584094,2.207047495017846,41.56681668094729,B3_S accepted LRF site,flame_base_proxy,single physical event per batch; proxy differs from surveyed point; do not infer population absolute accuracy
B3_M02,B3,B3_S,4,uav-01|uav-02|uav-04|uav-09,4.128628399425722,2.360578174709454,3.169818772774901,29.08659969178029,B3_S accepted LRF site,flame_base_proxy,single physical event per batch; proxy differs from surveyed point; do not infer population absolute accuracy
B3_M02,B3,B3_S,4,uav-01|uav-02|uav-05|uav-07,1.8345276219435975,3.3538439441348116,3.444366544508326,25.299384481498073,B3_S accepted LRF site,flame_base_proxy,single physical event per batch; proxy differs from surveyed point; do not infer population absolute accuracy
B3_M02,B3,B3_S,4,uav-01|uav-02|uav-05|uav-08,2.198126062424201,2.205071939004291,2.686800384021186,25.299384481498073,B3_S accepted LRF site,flame_base_proxy,single physical event per batch; proxy differs from surveyed point; do not infer population absolute accuracy
B3_M02,B3,B3_S,4,uav-01|uav-02|uav-05|uav-09,2.741377052870315,1.8141385723995767,2.554095763139827,25.299384481498073,B3_S accepted LRF site,flame_base_proxy,single physical event per batch; proxy differs from surveyed point; do not infer population absolute accuracy
B3_M02,B3,B3_S,4,uav-01|uav-02|uav-07|uav-08,0.1781314117852493,3.6598907772130413,2.50825920697931,32.92908425522893,B3_S accepted LRF site,flame_base_proxy,single physical event per batch; proxy differs from surveyed point; do not infer population absolute accuracy
B3_M02,B3,B3_S,4,uav-01|uav-02|uav-07|uav-09,1.8007888617036412,3.0274131657864807,3.9116421447883347,27.211671450079937,B3_S accepted LRF site,flame_base_proxy,single physical event per batch; proxy differs from surveyed point; do not infer population absolute accuracy
B3_M02,B3,B3_S,4,uav-01|uav-02|uav-08|uav-09,1.7735950089073858,2.2689676315809226,1.8685242658415284,49.264008723387406,B3_S accepted LRF site,flame_base_proxy,single physical event per batch; proxy differs from surveyed point; do not infer population absolute accuracy
B3_M02,B3,B3_S,4,uav-01|uav-04|uav-05|uav-07,2.416175441257472,3.8009229146031362,3.062650187176736,19.368685932526414,B3_S accepted LRF site,flame_base_proxy,single physical event per batch; proxy differs from surveyed point; do not infer population absolute accuracy
B3_M02,B3,B3_S,4,uav-01|uav-04|uav-05|uav-08,1.8604572586018626,3.8256359156619286,2.008303442663698,41.56681668094729,B3_S accepted LRF site,flame_base_proxy,single physical event per batch; proxy differs from surveyed point; do not infer population absolute accuracy
B3_M02,B3,B3_S,4,uav-01|uav-04|uav-05|uav-09,3.34985057059166,3.0583519547382716,2.3176826794369414,29.08659969178029,B3_S accepted LRF site,flame_base_proxy,single physical event per batch; proxy differs from surveyed point; do not infer population absolute accuracy
B3_M02,B3,B3_S,4,uav-01|uav-04|uav-07|uav-08,2.4399486075657997,3.9234551194542537,3.409975720481066,19.368685932526414,B3_S accepted LRF site,flame_base_proxy,single physical event per batch; proxy differs from surveyed point; do not infer population absolute accuracy
B3_M02,B3,B3_S,4,uav-01|uav-04|uav-07|uav-09,2.6124812278701826,3.4849716264378143,6.6809948971328605,19.368685932526414,B3_S accepted LRF site,flame_base_proxy,single physical event per batch; proxy differs from surveyed point; do not infer population absolute accuracy
B3_M02,B3,B3_S,4,uav-01|uav-04|uav-08|uav-09,2.166176947869636,3.470458986317084,2.571747399617167,29.08659969178029,B3_S accepted LRF site,flame_base_proxy,single physical event per batch; proxy differs from surveyed point; do not infer population absolute accuracy
B3_M02,B3,B3_S,4,uav-01|uav-05|uav-07|uav-08,0.6477460430282687,3.488495710834579,1.9645963510816356,32.92908425522893,B3_S accepted LRF site,flame_base_proxy,single physical event per batch; proxy differs from surveyed point; do not infer population absolute accuracy
B3_M02,B3,B3_S,4,uav-01|uav-05|uav-07|uav-09,1.2305520552278408,3.1312107570158623,2.6040432431400222,27.211671450079937,B3_S accepted LRF site,flame_base_proxy,single physical event per batch; proxy differs from surveyed point; do not infer population absolute accuracy
B3_M02,B3,B3_S,4,uav-01|uav-05|uav-08|uav-09,1.4371522065643956,2.5873373949748784,1.5398169853714365,42.65079525354051,B3_S accepted LRF site,flame_base_proxy,single physical event per batch; proxy differs from surveyed point; do not infer population absolute accuracy
B3_M02,B3,B3_S,4,uav-01|uav-07|uav-08|uav-09,1.2980023251157176,3.24475214594647,2.5622838729069306,27.211671450079937,B3_S accepted LRF site,flame_base_proxy,single physical event per batch; proxy differs from surveyed point; do not infer population absolute accuracy
B3_M02,B3,B3_S,4,uav-02|uav-04|uav-05|uav-07,3.080331463997438,2.536435489771387,3.0051281249130977,19.368685932526414,B3_S accepted LRF site,flame_base_proxy,single physical event per batch; proxy differs from surveyed point; do not infer population absolute accuracy
B3_M02,B3,B3_S,4,uav-02|uav-04|uav-05|uav-08,2.191894529629825,3.1467523954295333,2.4122529963975925,25.299384481498073,B3_S accepted LRF site,flame_base_proxy,single physical event per batch; proxy differs from surveyed point; do not infer population absolute accuracy
B3_M02,B3,B3_S,4,uav-02|uav-04|uav-05|uav-09,3.516118919577539,1.8940364769823006,2.6097131726820826,25.299384481498073,B3_S accepted LRF site,flame_base_proxy,single physical event per batch; proxy differs from surveyed point; do not infer population absolute accuracy
B3_M02,B3,B3_S,4,uav-02|uav-04|uav-07|uav-08,1.1015969515831017,3.9901954090502367,2.466774812278577,19.368685932526414,B3_S accepted LRF site,flame_base_proxy,single physical event per batch; proxy differs from surveyed point; do not infer population absolute accuracy
B3_M02,B3,B3_S,4,uav-02|uav-04|uav-07|uav-09,3.559963418646948,2.6803527662500786,4.924802464846326,19.368685932526414,B3_S accepted LRF site,flame_base_proxy,single physical event per batch; proxy differs from surveyed point; do not infer population absolute accuracy
B3_M02,B3,B3_S,4,uav-02|uav-04|uav-08|uav-09,2.342144997456153,3.0256649152674946,2.139744279077393,29.08659969178029,B3_S accepted LRF site,flame_base_proxy,single physical event per batch; proxy differs from surveyed point; do not infer population absolute accuracy
B3_M02,B3,B3_S,4,uav-02|uav-05|uav-07|uav-08,0.9082424941716334,3.3569687391651035,2.711471019938426,25.299384481498073,B3_S accepted LRF site,flame_base_proxy,single physical event per batch; proxy differs from surveyed point; do not infer population absolute accuracy
B3_M02,B3,B3_S,4,uav-02|uav-05|uav-07|uav-09,2.2497107522710826,2.1573148330415335,3.2707081669922253,25.299384481498073,B3_S accepted LRF site,flame_base_proxy,single physical event per batch; proxy differs from surveyed point; do not infer population absolute accuracy
B3_M02,B3,B3_S,4,uav-02|uav-05|uav-08|uav-09,2.3834153743494504,1.924421586043488,2.499453955913231,25.299384481498073,B3_S accepted LRF site,flame_base_proxy,single physical event per batch; proxy differs from surveyed point; do not infer population absolute accuracy
B3_M02,B3,B3_S,4,uav-02|uav-07|uav-08|uav-09,0.8443358774718088,3.236774039551855,2.365662550954683,27.211671450079937,B3_S accepted LRF site,flame_base_proxy,single physical event per batch; proxy differs from surveyed point; do not infer population absolute accuracy
B3_M02,B3,B3_S,4,uav-04|uav-05|uav-07|uav-08,0.8410417334399235,3.387408892755606,2.13835801049807,19.368685932526414,B3_S accepted LRF site,flame_base_proxy,single physical event per batch; proxy differs from surveyed point; do not infer population absolute accuracy
B3_M02,B3,B3_S,4,uav-04|uav-05|uav-07|uav-09,2.2663584205466845,2.935690608896569,3.375656060519316,19.368685932526414,B3_S accepted LRF site,flame_base_proxy,single physical event per batch; proxy differs from surveyed point; do not infer population absolute accuracy
B3_M02,B3,B3_S,4,uav-04|uav-05|uav-08|uav-09,1.6671930168461122,2.8296743865523,1.9355102867772047,29.08659969178029,B3_S accepted LRF site,flame_base_proxy,single physical event per batch; proxy differs from surveyed point; do not infer population absolute accuracy
B3_M02,B3,B3_S,4,uav-04|uav-07|uav-08|uav-09,1.073632468395976,3.5828948712253763,3.5917099356842486,19.368685932526414,B3_S accepted LRF site,flame_base_proxy,single physical event per batch; proxy differs from surveyed point; do not infer population absolute accuracy
B3_M02,B3,B3_S,4,uav-05|uav-07|uav-08|uav-09,0.6623520011795689,2.902250569971684,1.9010679361736673,27.211671450079937,B3_S accepted LRF site,flame_base_proxy,single physical event per batch; proxy differs from surveyed point; do not infer population absolute accuracy
B3_M02,B3,B3_S,5,uav-01|uav-02|uav-04|uav-05|uav-07,3.0012536254628444,2.7948082334686783,2.980636554119499,19.368685932526414,B3_S accepted LRF site,flame_base_proxy,single physical event per batch; proxy differs from surveyed point; do not infer population absolute accuracy
B3_M02,B3,B3_S,5,uav-01|uav-02|uav-04|uav-05|uav-08,2.4108105157636124,3.332267427309202,1.977380998865829,25.299384481498073,B3_S accepted LRF site,flame_base_proxy,single physical event per batch; proxy differs from surveyed point; do not infer population absolute accuracy
B3_M02,B3,B3_S,5,uav-01|uav-02|uav-04|uav-05|uav-09,3.5675326743039455,2.727671244971299,2.395063160019463,25.299384481498073,B3_S accepted LRF site,flame_base_proxy,single physical event per batch; proxy differs from surveyed point; do not infer population absolute accuracy
B3_M02,B3,B3_S,5,uav-01|uav-02|uav-04|uav-07|uav-08,1.4328371057727702,4.146503124345705,2.6658431780202974,19.368685932526414,B3_S accepted LRF site,flame_base_proxy,single physical event per batch; proxy differs from surveyed point; do not infer population absolute accuracy
B3_M02,B3,B3_S,5,uav-01|uav-02|uav-04|uav-07|uav-09,2.943929544818641,3.0679278169928312,4.038847144674498,19.368685932526414,B3_S accepted LRF site,flame_base_proxy,single physical event per batch; proxy differs from surveyed point; do not infer population absolute accuracy
B3_M02,B3,B3_S,5,uav-01|uav-02|uav-04|uav-08|uav-09,2.4951743614936577,2.7497695650974205,2.122229343307727,29.08659969178029,B3_S accepted LRF site,flame_base_proxy,single physical event per batch; proxy differs from surveyed point; do not infer population absolute accuracy
B3_M02,B3,B3_S,5,uav-01|uav-02|uav-05|uav-07|uav-08,0.7137504858632091,2.9250474762046568,2.3216288130224245,25.299384481498073,B3_S accepted LRF site,flame_base_proxy,single physical event per batch; proxy differs from surveyed point; do not infer population absolute accuracy
B3_M02,B3,B3_S,5,uav-01|uav-02|uav-05|uav-07|uav-09,1.9551343907083114,2.0868744054544437,2.8256451126637407,25.299384481498073,B3_S accepted LRF site,flame_base_proxy,single physical event per batch; proxy differs from surveyed point; do not infer population absolute accuracy
B3_M02,B3,B3_S,5,uav-01|uav-02|uav-05|uav-08|uav-09,1.9915125838532273,2.1211000759039345,1.9645415904042929,25.299384481498073,B3_S accepted LRF site,flame_base_proxy,single physical event per batch; proxy differs from surveyed point; do not infer population absolute accuracy
B3_M02,B3,B3_S,5,uav-01|uav-02|uav-07|uav-08|uav-09,0.6421568918180683,3.0793176602639436,2.3260632001606822,27.211671450079937,B3_S accepted LRF site,flame_base_proxy,single physical event per batch; proxy differs from surveyed point; do not infer population absolute accuracy
B3_M02,B3,B3_S,5,uav-01|uav-04|uav-05|uav-07|uav-08,1.1183104974557572,3.973263337550582,2.2398877712687093,19.368685932526414,B3_S accepted LRF site,flame_base_proxy,single physical event per batch; proxy differs from surveyed point; do not infer population absolute accuracy
B3_M02,B3,B3_S,5,uav-01|uav-04|uav-05|uav-07|uav-09,2.296213767781317,3.3690056813010196,2.977302353328094,19.368685932526414,B3_S accepted LRF site,flame_base_proxy,single physical event per batch; proxy differs from surveyed point; do not infer population absolute accuracy
B3_M02,B3,B3_S,5,uav-01|uav-04|uav-05|uav-08|uav-09,1.9836736770439511,3.304931103694664,1.832809243587794,29.08659969178029,B3_S accepted LRF site,flame_base_proxy,single physical event per batch; proxy differs from surveyed point; do not infer population absolute accuracy
B3_M02,B3,B3_S,5,uav-01|uav-04|uav-07|uav-08|uav-09,1.6834659633129876,3.970030200900737,3.1418311825849856,19.368685932526414,B3_S accepted LRF site,flame_base_proxy,single physical event per batch; proxy differs from surveyed point; do not infer population absolute accuracy
B3_M02,B3,B3_S,5,uav-01|uav-05|uav-07|uav-08|uav-09,0.23463704894894125,2.8591719727396336,1.8930320836506338,27.211671450079937,B3_S accepted LRF site,flame_base_proxy,single physical event per batch; proxy differs from surveyed point; do not infer population absolute accuracy
B3_M02,B3,B3_S,5,uav-02|uav-04|uav-05|uav-07|uav-08,1.2890192386799875,3.6490102774458615,2.1139904239626457,19.368685932526414,B3_S accepted LRF site,flame_base_proxy,single physical event per batch; proxy differs from surveyed point; do not infer population absolute accuracy
B3_M02,B3,B3_S,5,uav-02|uav-04|uav-05|uav-07|uav-09,2.863532885108375,2.1905986450307338,3.0411616173564924,19.368685932526414,B3_S accepted LRF site,flame_base_proxy,single physical event per batch; proxy differs from surveyed point; do not infer population absolute accuracy
B3_M02,B3,B3_S,5,uav-02|uav-04|uav-05|uav-08|uav-09,2.276561795105932,1.6849181377637072,1.9537833472888972,25.299384481498073,B3_S accepted LRF site,flame_base_proxy,single physical event per batch; proxy differs from surveyed point; do not infer population absolute accuracy
B3_M02,B3,B3_S,5,uav-02|uav-04|uav-07|uav-08|uav-09,1.4356622909993344,4.1282620197995525,2.6791259072894165,19.368685932526414,B3_S accepted LRF site,flame_base_proxy,single physical event per batch; proxy differs from surveyed point; do not infer population absolute accuracy
B3_M02,B3,B3_S,5,uav-02|uav-05|uav-07|uav-08|uav-09,1.2355609735147233,3.051932326436683,2.236552486913426,25.299384481498073,B3_S accepted LRF site,flame_base_proxy,single physical event per batch; proxy differs from surveyed point; do not infer population absolute accuracy
B3_M02,B3,B3_S,5,uav-04|uav-05|uav-07|uav-08|uav-09,0.8511884641986368,3.4223647277638194,2.272636474215013,19.368685932526414,B3_S accepted LRF site,flame_base_proxy,single physical event per batch; proxy differs from surveyed point; do not infer population absolute accuracy
B3_M02,B3,B3_S,6,uav-01|uav-02|uav-04|uav-05|uav-07|uav-08,1.5218766508508768,4.307207681843709,2.1843362798461072,19.368685932526414,B3_S accepted LRF site,flame_base_proxy,single physical event per batch; proxy differs from surveyed point; do not infer population absolute accuracy
B3_M02,B3,B3_S,6,uav-01|uav-02|uav-04|uav-05|uav-07|uav-09,2.75940029577575,2.527961963915377,2.835755831088861,19.368685932526414,B3_S accepted LRF site,flame_base_proxy,single physical event per batch; proxy differs from surveyed point; do not infer population absolute accuracy
B3_M02,B3,B3_S,6,uav-01|uav-02|uav-04|uav-05|uav-08|uav-09,2.386213281934763,2.7984317200939097,1.8573081086156595,25.299384481498073,B3_S accepted LRF site,flame_base_proxy,single physical event per batch; proxy differs from surveyed point; do not infer population absolute accuracy
B3_M02,B3,B3_S,6,uav-01|uav-02|uav-04|uav-07|uav-08|uav-09,1.6087899310082336,4.024499647519791,2.5985362129120873,19.368685932526414,B3_S accepted LRF site,flame_base_proxy,single physical event per batch; proxy differs from surveyed point; do not infer population absolute accuracy
B3_M02,B3,B3_S,6,uav-01|uav-02|uav-05|uav-07|uav-08|uav-09,1.058220186606631,2.9125256177132854,2.0847859656523755,25.299384481498073,B3_S accepted LRF site,flame_base_proxy,single physical event per batch; proxy differs from surveyed point; do not infer population absolute accuracy
B3_M02,B3,B3_S,6,uav-01|uav-04|uav-05|uav-07|uav-08|uav-09,1.2292436536542843,4.158465607163851,2.2153532917484027,19.368685932526414,B3_S accepted LRF site,flame_base_proxy,single physical event per batch; proxy differs from surveyed point; do not infer population absolute accuracy
B3_M02,B3,B3_S,6,uav-02|uav-04|uav-05|uav-07|uav-08|uav-09,1.5641514642582077,3.3697559773492936,2.1774479843853154,19.368685932526414,B3_S accepted LRF site,flame_base_proxy,single physical event per batch; proxy differs from surveyed point; do not infer population absolute accuracy
B3_M02,B3,B3_S,7,uav-01|uav-02|uav-04|uav-05|uav-07|uav-08|uav-09,1.6754894549154244,4.214113559143862,2.1631771533439204,19.368685932526414,B3_S accepted LRF site,flame_base_proxy,single physical event per batch; proxy differs from surveyed point; do not infer population absolute accuracy
