path,batch,uav,camera_serial,lens_class,key,value,source
@raw/01_第一批_20260907_1602_单火点/02_激光打点与定位验证/01_事后打点候选/无人机03_1581F7K3C255900D76E8/DJI_202609071638_003/DJI_20260907164024_0001_V.JPG,B1,uav-03,53HFMAW0M7X8D6,Wide,XMP-rdf:About,DJI Meta Data,exiftool
@raw/01_第一批_20260907_1602_单火点/02_激光打点与定位验证/01_事后打点候选/无人机03_1581F7K3C255900D76E8/DJI_202609071638_003/DJI_20260907164024_0001_V.JPG,B1,uav-03,53HFMAW0M7X8D6,Wide,XMP-xmp:ModifyDate,2026:09:07 16:40:24+08:00,exiftool
@raw/01_第一批_20260907_1602_单火点/02_激光打点与定位验证/01_事后打点候选/无人机03_1581F7K3C255900D76E8/DJI_202609071638_003/DJI_20260907164024_0001_V.JPG,B1,uav-03,53HFMAW0M7X8D6,Wide,XMP-xmp:CreateDate,2026:09:07 16:40:24+08:00,exiftool
@raw/01_第一批_20260907_1602_单火点/02_激光打点与定位验证/01_事后打点候选/无人机03_1581F7K3C255900D76E8/DJI_202609071638_003/DJI_20260907164024_0001_V.JPG,B1,uav-03,53HFMAW0M7X8D6,Wide,XMP-tiff:Make,DJI,exiftool
@raw/01_第一批_20260907_1602_单火点/02_激光打点与定位验证/01_事后打点候选/无人机03_1581F7K3C255900D76E8/DJI_202609071638_003/DJI_20260907164024_0001_V.JPG,B1,uav-03,53HFMAW0M7X8D6,Wide,XMP-tiff:Model,M4T,exiftool
@raw/01_第一批_20260907_1602_单火点/02_激光打点与定位验证/01_事后打点候选/无人机03_1581F7K3C255900D76E8/DJI_202609071638_003/DJI_20260907164024_0001_V.JPG,B1,uav-03,53HFMAW0M7X8D6,Wide,XMP-dc:Format,image/jpeg,exiftool
@raw/01_第一批_20260907_1602_单火点/02_激光打点与定位验证/01_事后打点候选/无人机03_1581F7K3C255900D76E8/DJI_202609071638_003/DJI_20260907164024_0001_V.JPG,B1,uav-03,53HFMAW0M7X8D6,Wide,XMP-drone-dji:Version,1.6,exiftool
@raw/01_第一批_20260907_1602_单火点/02_激光打点与定位验证/01_事后打点候选/无人机03_1581F7K3C255900D76E8/DJI_202609071638_003/DJI_20260907164024_0001_V.JPG,B1,uav-03,53HFMAW0M7X8D6,Wide,XMP-drone-dji:ImageSource,WideCamera,exiftool
@raw/01_第一批_20260907_1602_单火点/02_激光打点与定位验证/01_事后打点候选/无人机03_1581F7K3C255900D76E8/DJI_202609071638_003/DJI_20260907164024_0001_V.JPG,B1,uav-03,53HFMAW0M7X8D6,Wide,XMP-drone-dji:GpsStatus,RTK,exiftool
@raw/01_第一批_20260907_1602_单火点/02_激光打点与定位验证/01_事后打点候选/无人机03_1581F7K3C255900D76E8/DJI_202609071638_003/DJI_20260907164024_0001_V.JPG,B1,uav-03,53HFMAW0M7X8D6,Wide,XMP-drone-dji:AltitudeType,RtkAlt,exiftool
@raw/01_第一批_20260907_1602_单火点/02_激光打点与定位验证/01_事后打点候选/无人机03_1581F7K3C255900D76E8/DJI_202609071638_003/DJI_20260907164024_0001_V.JPG,B1,uav-03,53HFMAW0M7X8D6,Wide,XMP-drone-dji:GPSLatitude,+31.289222239,exiftool
@raw/01_第一批_20260907_1602_单火点/02_激光打点与定位验证/01_事后打点候选/无人机03_1581F7K3C255900D76E8/DJI_202609071638_003/DJI_20260907164024_0001_V.JPG,B1,uav-03,53HFMAW0M7X8D6,Wide,XMP-drone-dji:GPSLongitude,+120.472834646,exiftool
@raw/01_第一批_20260907_1602_单火点/02_激光打点与定位验证/01_事后打点候选/无人机03_1581F7K3C255900D76E8/DJI_202609071638_003/DJI_20260907164024_0001_V.JPG,B1,uav-03,53HFMAW0M7X8D6,Wide,XMP-drone-dji:AbsoluteAltitude,+55.208,exiftool
@raw/01_第一批_20260907_1602_单火点/02_激光打点与定位验证/01_事后打点候选/无人机03_1581F7K3C255900D76E8/DJI_202609071638_003/DJI_20260907164024_0001_V.JPG,B1,uav-03,53HFMAW0M7X8D6,Wide,XMP-drone-dji:RelativeAltitude,+7.256,exiftool
@raw/01_第一批_20260907_1602_单火点/02_激光打点与定位验证/01_事后打点候选/无人机03_1581F7K3C255900D76E8/DJI_202609071638_003/DJI_20260907164024_0001_V.JPG,B1,uav-03,53HFMAW0M7X8D6,Wide,XMP-drone-dji:GimbalRollDegree,+0.00,exiftool
@raw/01_第一批_20260907_1602_单火点/02_激光打点与定位验证/01_事后打点候选/无人机03_1581F7K3C255900D76E8/DJI_202609071638_003/DJI_20260907164024_0001_V.JPG,B1,uav-03,53HFMAW0M7X8D6,Wide,XMP-drone-dji:GimbalYawDegree,-142.8,exiftool
@raw/01_第一批_20260907_1602_单火点/02_激光打点与定位验证/01_事后打点候选/无人机03_1581F7K3C255900D76E8/DJI_202609071638_003/DJI_20260907164024_0001_V.JPG,B1,uav-03,53HFMAW0M7X8D6,Wide,XMP-drone-dji:GimbalPitchDegree,-31.2,exiftool
@raw/01_第一批_20260907_1602_单火点/02_激光打点与定位验证/01_事后打点候选/无人机03_1581F7K3C255900D76E8/DJI_202609071638_003/DJI_20260907164024_0001_V.JPG,B1,uav-03,53HFMAW0M7X8D6,Wide,XMP-drone-dji:FlightRollDegree,+2.60,exiftool
@raw/01_第一批_20260907_1602_单火点/02_激光打点与定位验证/01_事后打点候选/无人机03_1581F7K3C255900D76E8/DJI_202609071638_003/DJI_20260907164024_0001_V.JPG,B1,uav-03,53HFMAW0M7X8D6,Wide,XMP-drone-dji:FlightYawDegree,-142.5,exiftool
@raw/01_第一批_20260907_1602_单火点/02_激光打点与定位验证/01_事后打点候选/无人机03_1581F7K3C255900D76E8/DJI_202609071638_003/DJI_20260907164024_0001_V.JPG,B1,uav-03,53HFMAW0M7X8D6,Wide,XMP-drone-dji:FlightPitchDegree,-1.3,exiftool
@raw/01_第一批_20260907_1602_单火点/02_激光打点与定位验证/01_事后打点候选/无人机03_1581F7K3C255900D76E8/DJI_202609071638_003/DJI_20260907164024_0001_V.JPG,B1,uav-03,53HFMAW0M7X8D6,Wide,XMP-drone-dji:FlightXSpeed,0.0,exiftool
@raw/01_第一批_20260907_1602_单火点/02_激光打点与定位验证/01_事后打点候选/无人机03_1581F7K3C255900D76E8/DJI_202609071638_003/DJI_20260907164024_0001_V.JPG,B1,uav-03,53HFMAW0M7X8D6,Wide,XMP-drone-dji:FlightYSpeed,0.0,exiftool
@raw/01_第一批_20260907_1602_单火点/02_激光打点与定位验证/01_事后打点候选/无人机03_1581F7K3C255900D76E8/DJI_202609071638_003/DJI_20260907164024_0001_V.JPG,B1,uav-03,53HFMAW0M7X8D6,Wide,XMP-drone-dji:FlightZSpeed,0.0,exiftool
@raw/01_第一批_20260907_1602_单火点/02_激光打点与定位验证/01_事后打点候选/无人机03_1581F7K3C255900D76E8/DJI_202609071638_003/DJI_20260907164024_0001_V.JPG,B1,uav-03,53HFMAW0M7X8D6,Wide,XMP-drone-dji:CamReverse,0,exiftool
@raw/01_第一批_20260907_1602_单火点/02_激光打点与定位验证/01_事后打点候选/无人机03_1581F7K3C255900D76E8/DJI_202609071638_003/DJI_20260907164024_0001_V.JPG,B1,uav-03,53HFMAW0M7X8D6,Wide,XMP-drone-dji:GimbalReverse,0,exiftool
@raw/01_第一批_20260907_1602_单火点/02_激光打点与定位验证/01_事后打点候选/无人机03_1581F7K3C255900D76E8/DJI_202609071638_003/DJI_20260907164024_0001_V.JPG,B1,uav-03,53HFMAW0M7X8D6,Wide,XMP-drone-dji:SensorTemperature,42.0,exiftool
@raw/01_第一批_20260907_1602_单火点/02_激光打点与定位验证/01_事后打点候选/无人机03_1581F7K3C255900D76E8/DJI_202609071638_003/DJI_20260907164024_0001_V.JPG,B1,uav-03,53HFMAW0M7X8D6,Wide,XMP-drone-dji:ProductName,DJI Matrice 4T,exiftool
@raw/01_第一批_20260907_1602_单火点/02_激光打点与定位验证/01_事后打点候选/无人机03_1581F7K3C255900D76E8/DJI_202609071638_003/DJI_20260907164024_0001_V.JPG,B1,uav-03,53HFMAW0M7X8D6,Wide,XMP-drone-dji:SelfData,,exiftool
@raw/01_第一批_20260907_1602_单火点/02_激光打点与定位验证/01_事后打点候选/无人机03_1581F7K3C255900D76E8/DJI_202609071638_003/DJI_20260907164024_0001_V.JPG,B1,uav-03,53HFMAW0M7X8D6,Wide,XMP-drone-dji:RtkFlag,16,exiftool
@raw/01_第一批_20260907_1602_单火点/02_激光打点与定位验证/01_事后打点候选/无人机03_1581F7K3C255900D76E8/DJI_202609071638_003/DJI_20260907164024_0001_V.JPG,B1,uav-03,53HFMAW0M7X8D6,Wide,XMP-drone-dji:RtkStdLon,0.07873,exiftool
@raw/01_第一批_20260907_1602_单火点/02_激光打点与定位验证/01_事后打点候选/无人机03_1581F7K3C255900D76E8/DJI_202609071638_003/DJI_20260907164024_0001_V.JPG,B1,uav-03,53HFMAW0M7X8D6,Wide,XMP-drone-dji:RtkStdLat,0.08162,exiftool
@raw/01_第一批_20260907_1602_单火点/02_激光打点与定位验证/01_事后打点候选/无人机03_1581F7K3C255900D76E8/DJI_202609071638_003/DJI_20260907164024_0001_V.JPG,B1,uav-03,53HFMAW0M7X8D6,Wide,XMP-drone-dji:RtkStdHgt,0.13951,exiftool
@raw/01_第一批_20260907_1602_单火点/02_激光打点与定位验证/01_事后打点候选/无人机03_1581F7K3C255900D76E8/DJI_202609071638_003/DJI_20260907164024_0001_V.JPG,B1,uav-03,53HFMAW0M7X8D6,Wide,XMP-drone-dji:RtkDiffAge,0.0,exiftool
@raw/01_第一批_20260907_1602_单火点/02_激光打点与定位验证/01_事后打点候选/无人机03_1581F7K3C255900D76E8/DJI_202609071638_003/DJI_20260907164024_0001_V.JPG,B1,uav-03,53HFMAW0M7X8D6,Wide,XMP-drone-dji:SurveyingMode,1,exiftool
@raw/01_第一批_20260907_1602_单火点/02_激光打点与定位验证/01_事后打点候选/无人机03_1581F7K3C255900D76E8/DJI_202609071638_003/DJI_20260907164024_0001_V.JPG,B1,uav-03,53HFMAW0M7X8D6,Wide,XMP-drone-dji:UTCAtExposure,2026:09:07 08:40:44.588192,exiftool
@raw/01_第一批_20260907_1602_单火点/02_激光打点与定位验证/01_事后打点候选/无人机03_1581F7K3C255900D76E8/DJI_202609071638_003/DJI_20260907164024_0001_V.JPG,B1,uav-03,53HFMAW0M7X8D6,Wide,XMP-drone-dji:ShutterType,Electronic,exiftool
@raw/01_第一批_20260907_1602_单火点/02_激光打点与定位验证/01_事后打点候选/无人机03_1581F7K3C255900D76E8/DJI_202609071638_003/DJI_20260907164024_0001_V.JPG,B1,uav-03,53HFMAW0M7X8D6,Wide,XMP-drone-dji:CameraSerialNumber,53HFMAW0M7X8D6,exiftool
@raw/01_第一批_20260907_1602_单火点/02_激光打点与定位验证/01_事后打点候选/无人机03_1581F7K3C255900D76E8/DJI_202609071638_003/DJI_20260907164024_0001_V.JPG,B1,uav-03,53HFMAW0M7X8D6,Wide,XMP-drone-dji:DroneModel,M4T,exiftool
@raw/01_第一批_20260907_1602_单火点/02_激光打点与定位验证/01_事后打点候选/无人机03_1581F7K3C255900D76E8/DJI_202609071638_003/DJI_20260907164024_0001_V.JPG,B1,uav-03,53HFMAW0M7X8D6,Wide,XMP-drone-dji:DroneSerialNumber,1581F7K3C255900D76E8,exiftool
@raw/01_第一批_20260907_1602_单火点/02_激光打点与定位验证/01_事后打点候选/无人机03_1581F7K3C255900D76E8/DJI_202609071638_003/DJI_20260907164024_0001_V.JPG,B1,uav-03,53HFMAW0M7X8D6,Wide,XMP-drone-dji:LRFStatus,Normal,exiftool
@raw/01_第一批_20260907_1602_单火点/02_激光打点与定位验证/01_事后打点候选/无人机03_1581F7K3C255900D76E8/DJI_202609071638_003/DJI_20260907164024_0001_V.JPG,B1,uav-03,53HFMAW0M7X8D6,Wide,XMP-drone-dji:LRFTargetDistance,15.362,exiftool
@raw/01_第一批_20260907_1602_单火点/02_激光打点与定位验证/01_事后打点候选/无人机03_1581F7K3C255900D76E8/DJI_202609071638_003/DJI_20260907164024_0001_V.JPG,B1,uav-03,53HFMAW0M7X8D6,Wide,XMP-drone-dji:LRFTargetLon,120.4727503,exiftool
@raw/01_第一批_20260907_1602_单火点/02_激光打点与定位验证/01_事后打点候选/无人机03_1581F7K3C255900D76E8/DJI_202609071638_003/DJI_20260907164024_0001_V.JPG,B1,uav-03,53HFMAW0M7X8D6,Wide,XMP-drone-dji:LRFTargetLat,31.2891375,exiftool
@raw/01_第一批_20260907_1602_单火点/02_激光打点与定位验证/01_事后打点候选/无人机03_1581F7K3C255900D76E8/DJI_202609071638_003/DJI_20260907164024_0001_V.JPG,B1,uav-03,53HFMAW0M7X8D6,Wide,XMP-drone-dji:LRFTargetAlt,-0.684,exiftool
@raw/01_第一批_20260907_1602_单火点/02_激光打点与定位验证/01_事后打点候选/无人机03_1581F7K3C255900D76E8/DJI_202609071638_003/DJI_20260907164024_0001_V.JPG,B1,uav-03,53HFMAW0M7X8D6,Wide,XMP-drone-dji:LRFTargetAbsAlt,50.9,exiftool
@raw/01_第一批_20260907_1602_单火点/02_激光打点与定位验证/01_事后打点候选/无人机03_1581F7K3C255900D76E8/DJI_202609071638_003/DJI_20260907164024_0001_V.JPG,B1,uav-03,53HFMAW0M7X8D6,Wide,XMP-drone-dji:WhiteBalanceCCT,4577,exiftool
@raw/01_第一批_20260907_1602_单火点/02_激光打点与定位验证/01_事后打点候选/无人机03_1581F7K3C255900D76E8/DJI_202609071638_003/DJI_20260907164024_0001_V.JPG,B1,uav-03,53HFMAW0M7X8D6,Wide,XMP-drone-dji:SensorFPS,29.97,exiftool
@raw/01_第一批_20260907_1602_单火点/02_激光打点与定位验证/01_事后打点候选/无人机03_1581F7K3C255900D76E8/DJI_202609071638_003/DJI_20260907164024_0001_V.JPG,B1,uav-03,53HFMAW0M7X8D6,Wide,XMP-drone-dji:LensPosition,35,exiftool
@raw/01_第一批_20260907_1602_单火点/02_激光打点与定位验证/01_事后打点候选/无人机03_1581F7K3C255900D76E8/DJI_202609071638_003/DJI_20260907164024_0001_V.JPG,B1,uav-03,53HFMAW0M7X8D6,Wide,XMP-drone-dji:LensInfinitePosition,35,exiftool
@raw/01_第一批_20260907_1602_单火点/02_激光打点与定位验证/01_事后打点候选/无人机03_1581F7K3C255900D76E8/DJI_202609071638_003/DJI_20260907164024_0001_V.JPG,B1,uav-03,53HFMAW0M7X8D6,Wide,XMP-drone-dji:LensTemperature,42.2,exiftool
@raw/01_第一批_20260907_1602_单火点/02_激光打点与定位验证/01_事后打点候选/无人机03_1581F7K3C255900D76E8/DJI_202609071638_003/DJI_20260907164024_0001_V.JPG,B1,uav-03,53HFMAW0M7X8D6,Wide,XMP-Camera:FileType,single,exiftool
@raw/01_第一批_20260907_1602_单火点/02_激光打点与定位验证/01_事后打点候选/无人机03_1581F7K3C255900D76E8/DJI_202609071638_003/DJI_20260907164024_0001_V.JPG,B1,uav-03,53HFMAW0M7X8D6,Wide,XMP-crs:Version,7.0,exiftool
@raw/01_第一批_20260907_1602_单火点/02_激光打点与定位验证/01_事后打点候选/无人机03_1581F7K3C255900D76E8/DJI_202609071638_003/DJI_20260907164024_0001_V.JPG,B1,uav-03,53HFMAW0M7X8D6,Wide,XMP-crs:HasSettings,False,exiftool
@raw/01_第一批_20260907_1602_单火点/02_激光打点与定位验证/01_事后打点候选/无人机03_1581F7K3C255900D76E8/DJI_202609071638_003/DJI_20260907164024_0001_V.JPG,B1,uav-03,53HFMAW0M7X8D6,Wide,XMP-crs:HasCrop,False,exiftool
@raw/01_第一批_20260907_1602_单火点/02_激光打点与定位验证/01_事后打点候选/无人机03_1581F7K3C255900D76E8/DJI_202609071638_003/DJI_20260907164024_0001_V.JPG,B1,uav-03,53HFMAW0M7X8D6,Wide,XMP-crs:AlreadyApplied,False,exiftool
@raw/01_第一批_20260907_1602_单火点/02_激光打点与定位验证/01_事后打点候选/无人机03_1581F7K3C255900D76E8/DJI_202609071638_003/DJI_20260907164024_0001_V.JPG,B1,uav-03,53HFMAW0M7X8D6,Wide,XML_ATTR:{http://www.w3.org/1999/02/22-rdf-syntax-ns#}about,DJI Meta Data,raw_xmp_xml
@raw/01_第一批_20260907_1602_单火点/02_激光打点与定位验证/01_事后打点候选/无人机03_1581F7K3C255900D76E8/DJI_202609071638_003/DJI_20260907164024_0001_V.JPG,B1,uav-03,53HFMAW0M7X8D6,Wide,XML_ATTR:{http://ns.adobe.com/xap/1.0/}ModifyDate,2026-09-07T16:40:24+08:00,raw_xmp_xml
@raw/01_第一批_20260907_1602_单火点/02_激光打点与定位验证/01_事后打点候选/无人机03_1581F7K3C255900D76E8/DJI_202609071638_003/DJI_20260907164024_0001_V.JPG,B1,uav-03,53HFMAW0M7X8D6,Wide,XML_ATTR:{http://ns.adobe.com/xap/1.0/}CreateDate,2026-09-07T16:40:24+08:00,raw_xmp_xml
@raw/01_第一批_20260907_1602_单火点/02_激光打点与定位验证/01_事后打点候选/无人机03_1581F7K3C255900D76E8/DJI_202609071638_003/DJI_20260907164024_0001_V.JPG,B1,uav-03,53HFMAW0M7X8D6,Wide,XML_ATTR:{http://ns.adobe.com/tiff/1.0/}Make,DJI,raw_xmp_xml
@raw/01_第一批_20260907_1602_单火点/02_激光打点与定位验证/01_事后打点候选/无人机03_1581F7K3C255900D76E8/DJI_202609071638_003/DJI_20260907164024_0001_V.JPG,B1,uav-03,53HFMAW0M7X8D6,Wide,XML_ATTR:{http://ns.adobe.com/tiff/1.0/}Model,M4T,raw_xmp_xml
@raw/01_第一批_20260907_1602_单火点/02_激光打点与定位验证/01_事后打点候选/无人机03_1581F7K3C255900D76E8/DJI_202609071638_003/DJI_20260907164024_0001_V.JPG,B1,uav-03,53HFMAW0M7X8D6,Wide,XML_ATTR:{http://purl.org/dc/elements/1.1/}format,image/jpeg,raw_xmp_xml
@raw/01_第一批_20260907_1602_单火点/02_激光打点与定位验证/01_事后打点候选/无人机03_1581F7K3C255900D76E8/DJI_202609071638_003/DJI_20260907164024_0001_V.JPG,B1,uav-03,53HFMAW0M7X8D6,Wide,XML_ATTR:{http://www.dji.com/drone-dji/1.0/}Version,1.6,raw_xmp_xml
@raw/01_第一批_20260907_1602_单火点/02_激光打点与定位验证/01_事后打点候选/无人机03_1581F7K3C255900D76E8/DJI_202609071638_003/DJI_20260907164024_0001_V.JPG,B1,uav-03,53HFMAW0M7X8D6,Wide,XML_ATTR:{http://www.dji.com/drone-dji/1.0/}ImageSource,WideCamera,raw_xmp_xml
@raw/01_第一批_20260907_1602_单火点/02_激光打点与定位验证/01_事后打点候选/无人机03_1581F7K3C255900D76E8/DJI_202609071638_003/DJI_20260907164024_0001_V.JPG,B1,uav-03,53HFMAW0M7X8D6,Wide,XML_ATTR:{http://www.dji.com/drone-dji/1.0/}GpsStatus,RTK,raw_xmp_xml
@raw/01_第一批_20260907_1602_单火点/02_激光打点与定位验证/01_事后打点候选/无人机03_1581F7K3C255900D76E8/DJI_202609071638_003/DJI_20260907164024_0001_V.JPG,B1,uav-03,53HFMAW0M7X8D6,Wide,XML_ATTR:{http://www.dji.com/drone-dji/1.0/}AltitudeType,RtkAlt,raw_xmp_xml
@raw/01_第一批_20260907_1602_单火点/02_激光打点与定位验证/01_事后打点候选/无人机03_1581F7K3C255900D76E8/DJI_202609071638_003/DJI_20260907164024_0001_V.JPG,B1,uav-03,53HFMAW0M7X8D6,Wide,XML_ATTR:{http://www.dji.com/drone-dji/1.0/}GpsLatitude,+31.289222239,raw_xmp_xml
@raw/01_第一批_20260907_1602_单火点/02_激光打点与定位验证/01_事后打点候选/无人机03_1581F7K3C255900D76E8/DJI_202609071638_003/DJI_20260907164024_0001_V.JPG,B1,uav-03,53HFMAW0M7X8D6,Wide,XML_ATTR:{http://www.dji.com/drone-dji/1.0/}GpsLongitude,+120.472834646,raw_xmp_xml
@raw/01_第一批_20260907_1602_单火点/02_激光打点与定位验证/01_事后打点候选/无人机03_1581F7K3C255900D76E8/DJI_202609071638_003/DJI_20260907164024_0001_V.JPG,B1,uav-03,53HFMAW0M7X8D6,Wide,XML_ATTR:{http://www.dji.com/drone-dji/1.0/}AbsoluteAltitude,+55.208,raw_xmp_xml
@raw/01_第一批_20260907_1602_单火点/02_激光打点与定位验证/01_事后打点候选/无人机03_1581F7K3C255900D76E8/DJI_202609071638_003/DJI_20260907164024_0001_V.JPG,B1,uav-03,53HFMAW0M7X8D6,Wide,XML_ATTR:{http://www.dji.com/drone-dji/1.0/}RelativeAltitude,+7.256,raw_xmp_xml
@raw/01_第一批_20260907_1602_单火点/02_激光打点与定位验证/01_事后打点候选/无人机03_1581F7K3C255900D76E8/DJI_202609071638_003/DJI_20260907164024_0001_V.JPG,B1,uav-03,53HFMAW0M7X8D6,Wide,XML_ATTR:{http://www.dji.com/drone-dji/1.0/}GimbalRollDegree,+0.00,raw_xmp_xml
@raw/01_第一批_20260907_1602_单火点/02_激光打点与定位验证/01_事后打点候选/无人机03_1581F7K3C255900D76E8/DJI_202609071638_003/DJI_20260907164024_0001_V.JPG,B1,uav-03,53HFMAW0M7X8D6,Wide,XML_ATTR:{http://www.dji.com/drone-dji/1.0/}GimbalYawDegree,-142.80,raw_xmp_xml
@raw/01_第一批_20260907_1602_单火点/02_激光打点与定位验证/01_事后打点候选/无人机03_1581F7K3C255900D76E8/DJI_202609071638_003/DJI_20260907164024_0001_V.JPG,B1,uav-03,53HFMAW0M7X8D6,Wide,XML_ATTR:{http://www.dji.com/drone-dji/1.0/}GimbalPitchDegree,-31.20,raw_xmp_xml
@raw/01_第一批_20260907_1602_单火点/02_激光打点与定位验证/01_事后打点候选/无人机03_1581F7K3C255900D76E8/DJI_202609071638_003/DJI_20260907164024_0001_V.JPG,B1,uav-03,53HFMAW0M7X8D6,Wide,XML_ATTR:{http://www.dji.com/drone-dji/1.0/}FlightRollDegree,+2.60,raw_xmp_xml
@raw/01_第一批_20260907_1602_单火点/02_激光打点与定位验证/01_事后打点候选/无人机03_1581F7K3C255900D76E8/DJI_202609071638_003/DJI_20260907164024_0001_V.JPG,B1,uav-03,53HFMAW0M7X8D6,Wide,XML_ATTR:{http://www.dji.com/drone-dji/1.0/}FlightYawDegree,-142.50,raw_xmp_xml
@raw/01_第一批_20260907_1602_单火点/02_激光打点与定位验证/01_事后打点候选/无人机03_1581F7K3C255900D76E8/DJI_202609071638_003/DJI_20260907164024_0001_V.JPG,B1,uav-03,53HFMAW0M7X8D6,Wide,XML_ATTR:{http://www.dji.com/drone-dji/1.0/}FlightPitchDegree,-1.30,raw_xmp_xml
@raw/01_第一批_20260907_1602_单火点/02_激光打点与定位验证/01_事后打点候选/无人机03_1581F7K3C255900D76E8/DJI_202609071638_003/DJI_20260907164024_0001_V.JPG,B1,uav-03,53HFMAW0M7X8D6,Wide,XML_ATTR:{http://www.dji.com/drone-dji/1.0/}FlightXSpeed,0.0,raw_xmp_xml
@raw/01_第一批_20260907_1602_单火点/02_激光打点与定位验证/01_事后打点候选/无人机03_1581F7K3C255900D76E8/DJI_202609071638_003/DJI_20260907164024_0001_V.JPG,B1,uav-03,53HFMAW0M7X8D6,Wide,XML_ATTR:{http://www.dji.com/drone-dji/1.0/}FlightYSpeed,0.0,raw_xmp_xml
@raw/01_第一批_20260907_1602_单火点/02_激光打点与定位验证/01_事后打点候选/无人机03_1581F7K3C255900D76E8/DJI_202609071638_003/DJI_20260907164024_0001_V.JPG,B1,uav-03,53HFMAW0M7X8D6,Wide,XML_ATTR:{http://www.dji.com/drone-dji/1.0/}FlightZSpeed,0.0,raw_xmp_xml
@raw/01_第一批_20260907_1602_单火点/02_激光打点与定位验证/01_事后打点候选/无人机03_1581F7K3C255900D76E8/DJI_202609071638_003/DJI_20260907164024_0001_V.JPG,B1,uav-03,53HFMAW0M7X8D6,Wide,XML_ATTR:{http://www.dji.com/drone-dji/1.0/}CamReverse,0,raw_xmp_xml
@raw/01_第一批_20260907_1602_单火点/02_激光打点与定位验证/01_事后打点候选/无人机03_1581F7K3C255900D76E8/DJI_202609071638_003/DJI_20260907164024_0001_V.JPG,B1,uav-03,53HFMAW0M7X8D6,Wide,XML_ATTR:{http://www.dji.com/drone-dji/1.0/}GimbalReverse,0,raw_xmp_xml
@raw/01_第一批_20260907_1602_单火点/02_激光打点与定位验证/01_事后打点候选/无人机03_1581F7K3C255900D76E8/DJI_202609071638_003/DJI_20260907164024_0001_V.JPG,B1,uav-03,53HFMAW0M7X8D6,Wide,XML_ATTR:{http://www.dji.com/drone-dji/1.0/}SensorTemperature,42.0,raw_xmp_xml
@raw/01_第一批_20260907_1602_单火点/02_激光打点与定位验证/01_事后打点候选/无人机03_1581F7K3C255900D76E8/DJI_202609071638_003/DJI_20260907164024_0001_V.JPG,B1,uav-03,53HFMAW0M7X8D6,Wide,XML_ATTR:{http://www.dji.com/drone-dji/1.0/}ProductName,DJI Matrice 4T,raw_xmp_xml
@raw/01_第一批_20260907_1602_单火点/02_激光打点与定位验证/01_事后打点候选/无人机03_1581F7K3C255900D76E8/DJI_202609071638_003/DJI_20260907164024_0001_V.JPG,B1,uav-03,53HFMAW0M7X8D6,Wide,XML_ATTR:{http://www.dji.com/drone-dji/1.0/}SelfData,,raw_xmp_xml
@raw/01_第一批_20260907_1602_单火点/02_激光打点与定位验证/01_事后打点候选/无人机03_1581F7K3C255900D76E8/DJI_202609071638_003/DJI_20260907164024_0001_V.JPG,B1,uav-03,53HFMAW0M7X8D6,Wide,XML_ATTR:{http://www.dji.com/drone-dji/1.0/}RtkFlag,16,raw_xmp_xml
@raw/01_第一批_20260907_1602_单火点/02_激光打点与定位验证/01_事后打点候选/无人机03_1581F7K3C255900D76E8/DJI_202609071638_003/DJI_20260907164024_0001_V.JPG,B1,uav-03,53HFMAW0M7X8D6,Wide,XML_ATTR:{http://www.dji.com/drone-dji/1.0/}RtkStdLon,0.07873,raw_xmp_xml
@raw/01_第一批_20260907_1602_单火点/02_激光打点与定位验证/01_事后打点候选/无人机03_1581F7K3C255900D76E8/DJI_202609071638_003/DJI_20260907164024_0001_V.JPG,B1,uav-03,53HFMAW0M7X8D6,Wide,XML_ATTR:{http://www.dji.com/drone-dji/1.0/}RtkStdLat,0.08162,raw_xmp_xml
@raw/01_第一批_20260907_1602_单火点/02_激光打点与定位验证/01_事后打点候选/无人机03_1581F7K3C255900D76E8/DJI_202609071638_003/DJI_20260907164024_0001_V.JPG,B1,uav-03,53HFMAW0M7X8D6,Wide,XML_ATTR:{http://www.dji.com/drone-dji/1.0/}RtkStdHgt,0.13951,raw_xmp_xml
@raw/01_第一批_20260907_1602_单火点/02_激光打点与定位验证/01_事后打点候选/无人机03_1581F7K3C255900D76E8/DJI_202609071638_003/DJI_20260907164024_0001_V.JPG,B1,uav-03,53HFMAW0M7X8D6,Wide,XML_ATTR:{http://www.dji.com/drone-dji/1.0/}RtkDiffAge,0.00000,raw_xmp_xml
@raw/01_第一批_20260907_1602_单火点/02_激光打点与定位验证/01_事后打点候选/无人机03_1581F7K3C255900D76E8/DJI_202609071638_003/DJI_20260907164024_0001_V.JPG,B1,uav-03,53HFMAW0M7X8D6,Wide,XML_ATTR:{http://www.dji.com/drone-dji/1.0/}SurveyingMode,1,raw_xmp_xml
@raw/01_第一批_20260907_1602_单火点/02_激光打点与定位验证/01_事后打点候选/无人机03_1581F7K3C255900D76E8/DJI_202609071638_003/DJI_20260907164024_0001_V.JPG,B1,uav-03,53HFMAW0M7X8D6,Wide,XML_ATTR:{http://www.dji.com/drone-dji/1.0/}UTCAtExposure,2026-09-07T08:40:44.588192,raw_xmp_xml
@raw/01_第一批_20260907_1602_单火点/02_激光打点与定位验证/01_事后打点候选/无人机03_1581F7K3C255900D76E8/DJI_202609071638_003/DJI_20260907164024_0001_V.JPG,B1,uav-03,53HFMAW0M7X8D6,Wide,XML_ATTR:{http://www.dji.com/drone-dji/1.0/}ShutterType,Electronic,raw_xmp_xml
@raw/01_第一批_20260907_1602_单火点/02_激光打点与定位验证/01_事后打点候选/无人机03_1581F7K3C255900D76E8/DJI_202609071638_003/DJI_20260907164024_0001_V.JPG,B1,uav-03,53HFMAW0M7X8D6,Wide,XML_ATTR:{http://www.dji.com/drone-dji/1.0/}CameraSerialNumber,53HFMAW0M7X8D6,raw_xmp_xml
@raw/01_第一批_20260907_1602_单火点/02_激光打点与定位验证/01_事后打点候选/无人机03_1581F7K3C255900D76E8/DJI_202609071638_003/DJI_20260907164024_0001_V.JPG,B1,uav-03,53HFMAW0M7X8D6,Wide,XML_ATTR:{http://www.dji.com/drone-dji/1.0/}DroneModel,M4T,raw_xmp_xml
@raw/01_第一批_20260907_1602_单火点/02_激光打点与定位验证/01_事后打点候选/无人机03_1581F7K3C255900D76E8/DJI_202609071638_003/DJI_20260907164024_0001_V.JPG,B1,uav-03,53HFMAW0M7X8D6,Wide,XML_ATTR:{http://www.dji.com/drone-dji/1.0/}DroneSerialNumber,1581F7K3C255900D76E8,raw_xmp_xml
@raw/01_第一批_20260907_1602_单火点/02_激光打点与定位验证/01_事后打点候选/无人机03_1581F7K3C255900D76E8/DJI_202609071638_003/DJI_20260907164024_0001_V.JPG,B1,uav-03,53HFMAW0M7X8D6,Wide,XML_ATTR:{http://www.dji.com/drone-dji/1.0/}LRFStatus,Normal,raw_xmp_xml
@raw/01_第一批_20260907_1602_单火点/02_激光打点与定位验证/01_事后打点候选/无人机03_1581F7K3C255900D76E8/DJI_202609071638_003/DJI_20260907164024_0001_V.JPG,B1,uav-03,53HFMAW0M7X8D6,Wide,XML_ATTR:{http://www.dji.com/drone-dji/1.0/}LRFTargetDistance,15.362,raw_xmp_xml
@raw/01_第一批_20260907_1602_单火点/02_激光打点与定位验证/01_事后打点候选/无人机03_1581F7K3C255900D76E8/DJI_202609071638_003/DJI_20260907164024_0001_V.JPG,B1,uav-03,53HFMAW0M7X8D6,Wide,XML_ATTR:{http://www.dji.com/drone-dji/1.0/}LRFTargetLon,120.4727503,raw_xmp_xml
@raw/01_第一批_20260907_1602_单火点/02_激光打点与定位验证/01_事后打点候选/无人机03_1581F7K3C255900D76E8/DJI_202609071638_003/DJI_20260907164024_0001_V.JPG,B1,uav-03,53HFMAW0M7X8D6,Wide,XML_ATTR:{http://www.dji.com/drone-dji/1.0/}LRFTargetLat,31.2891375,raw_xmp_xml
@raw/01_第一批_20260907_1602_单火点/02_激光打点与定位验证/01_事后打点候选/无人机03_1581F7K3C255900D76E8/DJI_202609071638_003/DJI_20260907164024_0001_V.JPG,B1,uav-03,53HFMAW0M7X8D6,Wide,XML_ATTR:{http://www.dji.com/drone-dji/1.0/}LRFTargetAlt,-0.684,raw_xmp_xml
@raw/01_第一批_20260907_1602_单火点/02_激光打点与定位验证/01_事后打点候选/无人机03_1581F7K3C255900D76E8/DJI_202609071638_003/DJI_20260907164024_0001_V.JPG,B1,uav-03,53HFMAW0M7X8D6,Wide,XML_ATTR:{http://www.dji.com/drone-dji/1.0/}LRFTargetAbsAlt,50.900,raw_xmp_xml
@raw/01_第一批_20260907_1602_单火点/02_激光打点与定位验证/01_事后打点候选/无人机03_1581F7K3C255900D76E8/DJI_202609071638_003/DJI_20260907164024_0001_V.JPG,B1,uav-03,53HFMAW0M7X8D6,Wide,XML_ATTR:{http://www.dji.com/drone-dji/1.0/}WhiteBalanceCCT,4577,raw_xmp_xml
@raw/01_第一批_20260907_1602_单火点/02_激光打点与定位验证/01_事后打点候选/无人机03_1581F7K3C255900D76E8/DJI_202609071638_003/DJI_20260907164024_0001_V.JPG,B1,uav-03,53HFMAW0M7X8D6,Wide,XML_ATTR:{http://www.dji.com/drone-dji/1.0/}SensorFPS,2997/100,raw_xmp_xml
@raw/01_第一批_20260907_1602_单火点/02_激光打点与定位验证/01_事后打点候选/无人机03_1581F7K3C255900D76E8/DJI_202609071638_003/DJI_20260907164024_0001_V.JPG,B1,uav-03,53HFMAW0M7X8D6,Wide,XML_ATTR:{http://www.dji.com/drone-dji/1.0/}LensPosition,35,raw_xmp_xml
@raw/01_第一批_20260907_1602_单火点/02_激光打点与定位验证/01_事后打点候选/无人机03_1581F7K3C255900D76E8/DJI_202609071638_003/DJI_20260907164024_0001_V.JPG,B1,uav-03,53HFMAW0M7X8D6,Wide,XML_ATTR:{http://www.dji.com/drone-dji/1.0/}LensInfinitePosition,35,raw_xmp_xml
@raw/01_第一批_20260907_1602_单火点/02_激光打点与定位验证/01_事后打点候选/无人机03_1581F7K3C255900D76E8/DJI_202609071638_003/DJI_20260907164024_0001_V.JPG,B1,uav-03,53HFMAW0M7X8D6,Wide,XML_ATTR:{http://www.dji.com/drone-dji/1.0/}LensTemperature,42.200000,raw_xmp_xml
@raw/01_第一批_20260907_1602_单火点/02_激光打点与定位验证/01_事后打点候选/无人机03_1581F7K3C255900D76E8/DJI_202609071638_003/DJI_20260907164024_0001_V.JPG,B1,uav-03,53HFMAW0M7X8D6,Wide,XML_ATTR:{http://pix4d.com/camera/1.0}FileType,single,raw_xmp_xml
@raw/01_第一批_20260907_1602_单火点/02_激光打点与定位验证/01_事后打点候选/无人机03_1581F7K3C255900D76E8/DJI_202609071638_003/DJI_20260907164024_0001_V.JPG,B1,uav-03,53HFMAW0M7X8D6,Wide,XML_ATTR:{http://ns.adobe.com/camera-raw-settings/1.0/}Version,7.0,raw_xmp_xml
@raw/01_第一批_20260907_1602_单火点/02_激光打点与定位验证/01_事后打点候选/无人机03_1581F7K3C255900D76E8/DJI_202609071638_003/DJI_20260907164024_0001_V.JPG,B1,uav-03,53HFMAW0M7X8D6,Wide,XML_ATTR:{http://ns.adobe.com/camera-raw-settings/1.0/}HasSettings,False,raw_xmp_xml
@raw/01_第一批_20260907_1602_单火点/02_激光打点与定位验证/01_事后打点候选/无人机03_1581F7K3C255900D76E8/DJI_202609071638_003/DJI_20260907164024_0001_V.JPG,B1,uav-03,53HFMAW0M7X8D6,Wide,XML_ATTR:{http://ns.adobe.com/camera-raw-settings/1.0/}HasCrop,False,raw_xmp_xml
@raw/01_第一批_20260907_1602_单火点/02_激光打点与定位验证/01_事后打点候选/无人机03_1581F7K3C255900D76E8/DJI_202609071638_003/DJI_20260907164024_0001_V.JPG,B1,uav-03,53HFMAW0M7X8D6,Wide,XML_ATTR:{http://ns.adobe.com/camera-raw-settings/1.0/}AlreadyApplied,False,raw_xmp_xml
@raw/01_第一批_20260907_1602_单火点/02_激光打点与定位验证/01_事后打点候选/无人机03_1581F7K3C255900D76E8/DJI_202609071638_003/DJI_20260907164026_0003_V.JPG,B1,uav-03,53HFMAW0M7X8D6,Wide,XMP-rdf:About,DJI Meta Data,exiftool
@raw/01_第一批_20260907_1602_单火点/02_激光打点与定位验证/01_事后打点候选/无人机03_1581F7K3C255900D76E8/DJI_202609071638_003/DJI_20260907164026_0003_V.JPG,B1,uav-03,53HFMAW0M7X8D6,Wide,XMP-xmp:ModifyDate,2026:09:07 16:40:26+08:00,exiftool
@raw/01_第一批_20260907_1602_单火点/02_激光打点与定位验证/01_事后打点候选/无人机03_1581F7K3C255900D76E8/DJI_202609071638_003/DJI_20260907164026_0003_V.JPG,B1,uav-03,53HFMAW0M7X8D6,Wide,XMP-xmp:CreateDate,2026:09:07 16:40:26+08:00,exiftool
@raw/01_第一批_20260907_1602_单火点/02_激光打点与定位验证/01_事后打点候选/无人机03_1581F7K3C255900D76E8/DJI_202609071638_003/DJI_20260907164026_0003_V.JPG,B1,uav-03,53HFMAW0M7X8D6,Wide,XMP-tiff:Make,DJI,exiftool
@raw/01_第一批_20260907_1602_单火点/02_激光打点与定位验证/01_事后打点候选/无人机03_1581F7K3C255900D76E8/DJI_202609071638_003/DJI_20260907164026_0003_V.JPG,B1,uav-03,53HFMAW0M7X8D6,Wide,XMP-tiff:Model,M4T,exiftool
@raw/01_第一批_20260907_1602_单火点/02_激光打点与定位验证/01_事后打点候选/无人机03_1581F7K3C255900D76E8/DJI_202609071638_003/DJI_20260907164026_0003_V.JPG,B1,uav-03,53HFMAW0M7X8D6,Wide,XMP-dc:Format,image/jpeg,exiftool
@raw/01_第一批_20260907_1602_单火点/02_激光打点与定位验证/01_事后打点候选/无人机03_1581F7K3C255900D76E8/DJI_202609071638_003/DJI_20260907164026_0003_V.JPG,B1,uav-03,53HFMAW0M7X8D6,Wide,XMP-drone-dji:Version,1.6,exiftool
@raw/01_第一批_20260907_1602_单火点/02_激光打点与定位验证/01_事后打点候选/无人机03_1581F7K3C255900D76E8/DJI_202609071638_003/DJI_20260907164026_0003_V.JPG,B1,uav-03,53HFMAW0M7X8D6,Wide,XMP-drone-dji:ImageSource,WideCamera,exiftool
@raw/01_第一批_20260907_1602_单火点/02_激光打点与定位验证/01_事后打点候选/无人机03_1581F7K3C255900D76E8/DJI_202609071638_003/DJI_20260907164026_0003_V.JPG,B1,uav-03,53HFMAW0M7X8D6,Wide,XMP-drone-dji:GpsStatus,RTK,exiftool
@raw/01_第一批_20260907_1602_单火点/02_激光打点与定位验证/01_事后打点候选/无人机03_1581F7K3C255900D76E8/DJI_202609071638_003/DJI_20260907164026_0003_V.JPG,B1,uav-03,53HFMAW0M7X8D6,Wide,XMP-drone-dji:AltitudeType,RtkAlt,exiftool
@raw/01_第一批_20260907_1602_单火点/02_激光打点与定位验证/01_事后打点候选/无人机03_1581F7K3C255900D76E8/DJI_202609071638_003/DJI_20260907164026_0003_V.JPG,B1,uav-03,53HFMAW0M7X8D6,Wide,XMP-drone-dji:GPSLatitude,+31.289222399,exiftool
@raw/01_第一批_20260907_1602_单火点/02_激光打点与定位验证/01_事后打点候选/无人机03_1581F7K3C255900D76E8/DJI_202609071638_003/DJI_20260907164026_0003_V.JPG,B1,uav-03,53HFMAW0M7X8D6,Wide,XMP-drone-dji:GPSLongitude,+120.472834311,exiftool
@raw/01_第一批_20260907_1602_单火点/02_激光打点与定位验证/01_事后打点候选/无人机03_1581F7K3C255900D76E8/DJI_202609071638_003/DJI_20260907164026_0003_V.JPG,B1,uav-03,53HFMAW0M7X8D6,Wide,XMP-drone-dji:AbsoluteAltitude,+55.196,exiftool
@raw/01_第一批_20260907_1602_单火点/02_激光打点与定位验证/01_事后打点候选/无人机03_1581F7K3C255900D76E8/DJI_202609071638_003/DJI_20260907164026_0003_V.JPG,B1,uav-03,53HFMAW0M7X8D6,Wide,XMP-drone-dji:RelativeAltitude,+7.253,exiftool
@raw/01_第一批_20260907_1602_单火点/02_激光打点与定位验证/01_事后打点候选/无人机03_1581F7K3C255900D76E8/DJI_202609071638_003/DJI_20260907164026_0003_V.JPG,B1,uav-03,53HFMAW0M7X8D6,Wide,XMP-drone-dji:GimbalRollDegree,+0.00,exiftool
@raw/01_第一批_20260907_1602_单火点/02_激光打点与定位验证/01_事后打点候选/无人机03_1581F7K3C255900D76E8/DJI_202609071638_003/DJI_20260907164026_0003_V.JPG,B1,uav-03,53HFMAW0M7X8D6,Wide,XMP-drone-dji:GimbalYawDegree,-142.8,exiftool
@raw/01_第一批_20260907_1602_单火点/02_激光打点与定位验证/01_事后打点候选/无人机03_1581F7K3C255900D76E8/DJI_202609071638_003/DJI_20260907164026_0003_V.JPG,B1,uav-03,53HFMAW0M7X8D6,Wide,XMP-drone-dji:GimbalPitchDegree,-31.2,exiftool
@raw/01_第一批_20260907_1602_单火点/02_激光打点与定位验证/01_事后打点候选/无人机03_1581F7K3C255900D76E8/DJI_202609071638_003/DJI_20260907164026_0003_V.JPG,B1,uav-03,53HFMAW0M7X8D6,Wide,XMP-drone-dji:FlightRollDegree,+1.60,exiftool
@raw/01_第一批_20260907_1602_单火点/02_激光打点与定位验证/01_事后打点候选/无人机03_1581F7K3C255900D76E8/DJI_202609071638_003/DJI_20260907164026_0003_V.JPG,B1,uav-03,53HFMAW0M7X8D6,Wide,XMP-drone-dji:FlightYawDegree,-142.5,exiftool
@raw/01_第一批_20260907_1602_单火点/02_激光打点与定位验证/01_事后打点候选/无人机03_1581F7K3C255900D76E8/DJI_202609071638_003/DJI_20260907164026_0003_V.JPG,B1,uav-03,53HFMAW0M7X8D6,Wide,XMP-drone-dji:FlightPitchDegree,-0.9,exiftool
@raw/01_第一批_20260907_1602_单火点/02_激光打点与定位验证/01_事后打点候选/无人机03_1581F7K3C255900D76E8/DJI_202609071638_003/DJI_20260907164026_0003_V.JPG,B1,uav-03,53HFMAW0M7X8D6,Wide,XMP-drone-dji:FlightXSpeed,0.0,exiftool
@raw/01_第一批_20260907_1602_单火点/02_激光打点与定位验证/01_事后打点候选/无人机03_1581F7K3C255900D76E8/DJI_202609071638_003/DJI_20260907164026_0003_V.JPG,B1,uav-03,53HFMAW0M7X8D6,Wide,XMP-drone-dji:FlightYSpeed,0.0,exiftool
@raw/01_第一批_20260907_1602_单火点/02_激光打点与定位验证/01_事后打点候选/无人机03_1581F7K3C255900D76E8/DJI_202609071638_003/DJI_20260907164026_0003_V.JPG,B1,uav-03,53HFMAW0M7X8D6,Wide,XMP-drone-dji:FlightZSpeed,0.0,exiftool
@raw/01_第一批_20260907_1602_单火点/02_激光打点与定位验证/01_事后打点候选/无人机03_1581F7K3C255900D76E8/DJI_202609071638_003/DJI_20260907164026_0003_V.JPG,B1,uav-03,53HFMAW0M7X8D6,Wide,XMP-drone-dji:CamReverse,0,exiftool
@raw/01_第一批_20260907_1602_单火点/02_激光打点与定位验证/01_事后打点候选/无人机03_1581F7K3C255900D76E8/DJI_202609071638_003/DJI_20260907164026_0003_V.JPG,B1,uav-03,53HFMAW0M7X8D6,Wide,XMP-drone-dji:GimbalReverse,0,exiftool
@raw/01_第一批_20260907_1602_单火点/02_激光打点与定位验证/01_事后打点候选/无人机03_1581F7K3C255900D76E8/DJI_202609071638_003/DJI_20260907164026_0003_V.JPG,B1,uav-03,53HFMAW0M7X8D6,Wide,XMP-drone-dji:SensorTemperature,42.0,exiftool
@raw/01_第一批_20260907_1602_单火点/02_激光打点与定位验证/01_事后打点候选/无人机03_1581F7K3C255900D76E8/DJI_202609071638_003/DJI_20260907164026_0003_V.JPG,B1,uav-03,53HFMAW0M7X8D6,Wide,XMP-drone-dji:ProductName,DJI Matrice 4T,exiftool
@raw/01_第一批_20260907_1602_单火点/02_激光打点与定位验证/01_事后打点候选/无人机03_1581F7K3C255900D76E8/DJI_202609071638_003/DJI_20260907164026_0003_V.JPG,B1,uav-03,53HFMAW0M7X8D6,Wide,XMP-drone-dji:SelfData,,exiftool
@raw/01_第一批_20260907_1602_单火点/02_激光打点与定位验证/01_事后打点候选/无人机03_1581F7K3C255900D76E8/DJI_202609071638_003/DJI_20260907164026_0003_V.JPG,B1,uav-03,53HFMAW0M7X8D6,Wide,XMP-drone-dji:RtkFlag,16,exiftool
@raw/01_第一批_20260907_1602_单火点/02_激光打点与定位验证/01_事后打点候选/无人机03_1581F7K3C255900D76E8/DJI_202609071638_003/DJI_20260907164026_0003_V.JPG,B1,uav-03,53HFMAW0M7X8D6,Wide,XMP-drone-dji:RtkStdLon,0.07875,exiftool
@raw/01_第一批_20260907_1602_单火点/02_激光打点与定位验证/01_事后打点候选/无人机03_1581F7K3C255900D76E8/DJI_202609071638_003/DJI_20260907164026_0003_V.JPG,B1,uav-03,53HFMAW0M7X8D6,Wide,XMP-drone-dji:RtkStdLat,0.08163,exiftool
@raw/01_第一批_20260907_1602_单火点/02_激光打点与定位验证/01_事后打点候选/无人机03_1581F7K3C255900D76E8/DJI_202609071638_003/DJI_20260907164026_0003_V.JPG,B1,uav-03,53HFMAW0M7X8D6,Wide,XMP-drone-dji:RtkStdHgt,0.13949,exiftool
@raw/01_第一批_20260907_1602_单火点/02_激光打点与定位验证/01_事后打点候选/无人机03_1581F7K3C255900D76E8/DJI_202609071638_003/DJI_20260907164026_0003_V.JPG,B1,uav-03,53HFMAW0M7X8D6,Wide,XMP-drone-dji:RtkDiffAge,0.0,exiftool
@raw/01_第一批_20260907_1602_单火点/02_激光打点与定位验证/01_事后打点候选/无人机03_1581F7K3C255900D76E8/DJI_202609071638_003/DJI_20260907164026_0003_V.JPG,B1,uav-03,53HFMAW0M7X8D6,Wide,XMP-drone-dji:SurveyingMode,1,exiftool
@raw/01_第一批_20260907_1602_单火点/02_激光打点与定位验证/01_事后打点候选/无人机03_1581F7K3C255900D76E8/DJI_202609071638_003/DJI_20260907164026_0003_V.JPG,B1,uav-03,53HFMAW0M7X8D6,Wide,XMP-drone-dji:UTCAtExposure,2026:09:07 08:40:46.542266,exiftool
@raw/01_第一批_20260907_1602_单火点/02_激光打点与定位验证/01_事后打点候选/无人机03_1581F7K3C255900D76E8/DJI_202609071638_003/DJI_20260907164026_0003_V.JPG,B1,uav-03,53HFMAW0M7X8D6,Wide,XMP-drone-dji:ShutterType,Electronic,exiftool
@raw/01_第一批_20260907_1602_单火点/02_激光打点与定位验证/01_事后打点候选/无人机03_1581F7K3C255900D76E8/DJI_202609071638_003/DJI_20260907164026_0003_V.JPG,B1,uav-03,53HFMAW0M7X8D6,Wide,XMP-drone-dji:CameraSerialNumber,53HFMAW0M7X8D6,exiftool
@raw/01_第一批_20260907_1602_单火点/02_激光打点与定位验证/01_事后打点候选/无人机03_1581F7K3C255900D76E8/DJI_202609071638_003/DJI_20260907164026_0003_V.JPG,B1,uav-03,53HFMAW0M7X8D6,Wide,XMP-drone-dji:DroneModel,M4T,exiftool
@raw/01_第一批_20260907_1602_单火点/02_激光打点与定位验证/01_事后打点候选/无人机03_1581F7K3C255900D76E8/DJI_202609071638_003/DJI_20260907164026_0003_V.JPG,B1,uav-03,53HFMAW0M7X8D6,Wide,XMP-drone-dji:DroneSerialNumber,1581F7K3C255900D76E8,exiftool
@raw/01_第一批_20260907_1602_单火点/02_激光打点与定位验证/01_事后打点候选/无人机03_1581F7K3C255900D76E8/DJI_202609071638_003/DJI_20260907164026_0003_V.JPG,B1,uav-03,53HFMAW0M7X8D6,Wide,XMP-drone-dji:LRFStatus,Normal,exiftool
@raw/01_第一批_20260907_1602_单火点/02_激光打点与定位验证/01_事后打点候选/无人机03_1581F7K3C255900D76E8/DJI_202609071638_003/DJI_20260907164026_0003_V.JPG,B1,uav-03,53HFMAW0M7X8D6,Wide,XMP-drone-dji:LRFTargetDistance,15.352,exiftool
@raw/01_第一批_20260907_1602_单火点/02_激光打点与定位验证/01_事后打点候选/无人机03_1581F7K3C255900D76E8/DJI_202609071638_003/DJI_20260907164026_0003_V.JPG,B1,uav-03,53HFMAW0M7X8D6,Wide,XMP-drone-dji:LRFTargetLon,120.4727499,exiftool
@raw/01_第一批_20260907_1602_单火点/02_激光打点与定位验证/01_事后打点候选/无人机03_1581F7K3C255900D76E8/DJI_202609071638_003/DJI_20260907164026_0003_V.JPG,B1,uav-03,53HFMAW0M7X8D6,Wide,XMP-drone-dji:LRFTargetLat,31.2891376,exiftool
@raw/01_第一批_20260907_1602_单火点/02_激光打点与定位验证/01_事后打点候选/无人机03_1581F7K3C255900D76E8/DJI_202609071638_003/DJI_20260907164026_0003_V.JPG,B1,uav-03,53HFMAW0M7X8D6,Wide,XMP-drone-dji:LRFTargetAlt,-0.684,exiftool
@raw/01_第一批_20260907_1602_单火点/02_激光打点与定位验证/01_事后打点候选/无人机03_1581F7K3C255900D76E8/DJI_202609071638_003/DJI_20260907164026_0003_V.JPG,B1,uav-03,53HFMAW0M7X8D6,Wide,XMP-drone-dji:LRFTargetAbsAlt,50.9,exiftool
@raw/01_第一批_20260907_1602_单火点/02_激光打点与定位验证/01_事后打点候选/无人机03_1581F7K3C255900D76E8/DJI_202609071638_003/DJI_20260907164026_0003_V.JPG,B1,uav-03,53HFMAW0M7X8D6,Wide,XMP-drone-dji:WhiteBalanceCCT,4578,exiftool
@raw/01_第一批_20260907_1602_单火点/02_激光打点与定位验证/01_事后打点候选/无人机03_1581F7K3C255900D76E8/DJI_202609071638_003/DJI_20260907164026_0003_V.JPG,B1,uav-03,53HFMAW0M7X8D6,Wide,XMP-drone-dji:SensorFPS,29.97,exiftool
@raw/01_第一批_20260907_1602_单火点/02_激光打点与定位验证/01_事后打点候选/无人机03_1581F7K3C255900D76E8/DJI_202609071638_003/DJI_20260907164026_0003_V.JPG,B1,uav-03,53HFMAW0M7X8D6,Wide,XMP-drone-dji:LensPosition,35,exiftool
@raw/01_第一批_20260907_1602_单火点/02_激光打点与定位验证/01_事后打点候选/无人机03_1581F7K3C255900D76E8/DJI_202609071638_003/DJI_20260907164026_0003_V.JPG,B1,uav-03,53HFMAW0M7X8D6,Wide,XMP-drone-dji:LensInfinitePosition,35,exiftool
@raw/01_第一批_20260907_1602_单火点/02_激光打点与定位验证/01_事后打点候选/无人机03_1581F7K3C255900D76E8/DJI_202609071638_003/DJI_20260907164026_0003_V.JPG,B1,uav-03,53HFMAW0M7X8D6,Wide,XMP-drone-dji:LensTemperature,42.2,exiftool
@raw/01_第一批_20260907_1602_单火点/02_激光打点与定位验证/01_事后打点候选/无人机03_1581F7K3C255900D76E8/DJI_202609071638_003/DJI_20260907164026_0003_V.JPG,B1,uav-03,53HFMAW0M7X8D6,Wide,XMP-Camera:FileType,single,exiftool
@raw/01_第一批_20260907_1602_单火点/02_激光打点与定位验证/01_事后打点候选/无人机03_1581F7K3C255900D76E8/DJI_202609071638_003/DJI_20260907164026_0003_V.JPG,B1,uav-03,53HFMAW0M7X8D6,Wide,XMP-crs:Version,7.0,exiftool
@raw/01_第一批_20260907_1602_单火点/02_激光打点与定位验证/01_事后打点候选/无人机03_1581F7K3C255900D76E8/DJI_202609071638_003/DJI_20260907164026_0003_V.JPG,B1,uav-03,53HFMAW0M7X8D6,Wide,XMP-crs:HasSettings,False,exiftool
@raw/01_第一批_20260907_1602_单火点/02_激光打点与定位验证/01_事后打点候选/无人机03_1581F7K3C255900D76E8/DJI_202609071638_003/DJI_20260907164026_0003_V.JPG,B1,uav-03,53HFMAW0M7X8D6,Wide,XMP-crs:HasCrop,False,exiftool
@raw/01_第一批_20260907_1602_单火点/02_激光打点与定位验证/01_事后打点候选/无人机03_1581F7K3C255900D76E8/DJI_202609071638_003/DJI_20260907164026_0003_V.JPG,B1,uav-03,53HFMAW0M7X8D6,Wide,XMP-crs:AlreadyApplied,False,exiftool
@raw/01_第一批_20260907_1602_单火点/02_激光打点与定位验证/01_事后打点候选/无人机03_1581F7K3C255900D76E8/DJI_202609071638_003/DJI_20260907164026_0003_V.JPG,B1,uav-03,53HFMAW0M7X8D6,Wide,XML_ATTR:{http://www.w3.org/1999/02/22-rdf-syntax-ns#}about,DJI Meta Data,raw_xmp_xml
@raw/01_第一批_20260907_1602_单火点/02_激光打点与定位验证/01_事后打点候选/无人机03_1581F7K3C255900D76E8/DJI_202609071638_003/DJI_20260907164026_0003_V.JPG,B1,uav-03,53HFMAW0M7X8D6,Wide,XML_ATTR:{http://ns.adobe.com/xap/1.0/}ModifyDate,2026-09-07T16:40:26+08:00,raw_xmp_xml
@raw/01_第一批_20260907_1602_单火点/02_激光打点与定位验证/01_事后打点候选/无人机03_1581F7K3C255900D76E8/DJI_202609071638_003/DJI_20260907164026_0003_V.JPG,B1,uav-03,53HFMAW0M7X8D6,Wide,XML_ATTR:{http://ns.adobe.com/xap/1.0/}CreateDate,2026-09-07T16:40:26+08:00,raw_xmp_xml
@raw/01_第一批_20260907_1602_单火点/02_激光打点与定位验证/01_事后打点候选/无人机03_1581F7K3C255900D76E8/DJI_202609071638_003/DJI_20260907164026_0003_V.JPG,B1,uav-03,53HFMAW0M7X8D6,Wide,XML_ATTR:{http://ns.adobe.com/tiff/1.0/}Make,DJI,raw_xmp_xml
@raw/01_第一批_20260907_1602_单火点/02_激光打点与定位验证/01_事后打点候选/无人机03_1581F7K3C255900D76E8/DJI_202609071638_003/DJI_20260907164026_0003_V.JPG,B1,uav-03,53HFMAW0M7X8D6,Wide,XML_ATTR:{http://ns.adobe.com/tiff/1.0/}Model,M4T,raw_xmp_xml
@raw/01_第一批_20260907_1602_单火点/02_激光打点与定位验证/01_事后打点候选/无人机03_1581F7K3C255900D76E8/DJI_202609071638_003/DJI_20260907164026_0003_V.JPG,B1,uav-03,53HFMAW0M7X8D6,Wide,XML_ATTR:{http://purl.org/dc/elements/1.1/}format,image/jpeg,raw_xmp_xml
@raw/01_第一批_20260907_1602_单火点/02_激光打点与定位验证/01_事后打点候选/无人机03_1581F7K3C255900D76E8/DJI_202609071638_003/DJI_20260907164026_0003_V.JPG,B1,uav-03,53HFMAW0M7X8D6,Wide,XML_ATTR:{http://www.dji.com/drone-dji/1.0/}Version,1.6,raw_xmp_xml
@raw/01_第一批_20260907_1602_单火点/02_激光打点与定位验证/01_事后打点候选/无人机03_1581F7K3C255900D76E8/DJI_202609071638_003/DJI_20260907164026_0003_V.JPG,B1,uav-03,53HFMAW0M7X8D6,Wide,XML_ATTR:{http://www.dji.com/drone-dji/1.0/}ImageSource,WideCamera,raw_xmp_xml
@raw/01_第一批_20260907_1602_单火点/02_激光打点与定位验证/01_事后打点候选/无人机03_1581F7K3C255900D76E8/DJI_202609071638_003/DJI_20260907164026_0003_V.JPG,B1,uav-03,53HFMAW0M7X8D6,Wide,XML_ATTR:{http://www.dji.com/drone-dji/1.0/}GpsStatus,RTK,raw_xmp_xml
@raw/01_第一批_20260907_1602_单火点/02_激光打点与定位验证/01_事后打点候选/无人机03_1581F7K3C255900D76E8/DJI_202609071638_003/DJI_20260907164026_0003_V.JPG,B1,uav-03,53HFMAW0M7X8D6,Wide,XML_ATTR:{http://www.dji.com/drone-dji/1.0/}AltitudeType,RtkAlt,raw_xmp_xml
@raw/01_第一批_20260907_1602_单火点/02_激光打点与定位验证/01_事后打点候选/无人机03_1581F7K3C255900D76E8/DJI_202609071638_003/DJI_20260907164026_0003_V.JPG,B1,uav-03,53HFMAW0M7X8D6,Wide,XML_ATTR:{http://www.dji.com/drone-dji/1.0/}GpsLatitude,+31.289222399,raw_xmp_xml
@raw/01_第一批_20260907_1602_单火点/02_激光打点与定位验证/01_事后打点候选/无人机03_1581F7K3C255900D76E8/DJI_202609071638_003/DJI_20260907164026_0003_V.JPG,B1,uav-03,53HFMAW0M7X8D6,Wide,XML_ATTR:{http://www.dji.com/drone-dji/1.0/}GpsLongitude,+120.472834311,raw_xmp_xml
@raw/01_第一批_20260907_1602_单火点/02_激光打点与定位验证/01_事后打点候选/无人机03_1581F7K3C255900D76E8/DJI_202609071638_003/DJI_20260907164026_0003_V.JPG,B1,uav-03,53HFMAW0M7X8D6,Wide,XML_ATTR:{http://www.dji.com/drone-dji/1.0/}AbsoluteAltitude,+55.196,raw_xmp_xml
@raw/01_第一批_20260907_1602_单火点/02_激光打点与定位验证/01_事后打点候选/无人机03_1581F7K3C255900D76E8/DJI_202609071638_003/DJI_20260907164026_0003_V.JPG,B1,uav-03,53HFMAW0M7X8D6,Wide,XML_ATTR:{http://www.dji.com/drone-dji/1.0/}RelativeAltitude,+7.253,raw_xmp_xml
@raw/01_第一批_20260907_1602_单火点/02_激光打点与定位验证/01_事后打点候选/无人机03_1581F7K3C255900D76E8/DJI_202609071638_003/DJI_20260907164026_0003_V.JPG,B1,uav-03,53HFMAW0M7X8D6,Wide,XML_ATTR:{http://www.dji.com/drone-dji/1.0/}GimbalRollDegree,+0.00,raw_xmp_xml
@raw/01_第一批_20260907_1602_单火点/02_激光打点与定位验证/01_事后打点候选/无人机03_1581F7K3C255900D76E8/DJI_202609071638_003/DJI_20260907164026_0003_V.JPG,B1,uav-03,53HFMAW0M7X8D6,Wide,XML_ATTR:{http://www.dji.com/drone-dji/1.0/}GimbalYawDegree,-142.80,raw_xmp_xml
@raw/01_第一批_20260907_1602_单火点/02_激光打点与定位验证/01_事后打点候选/无人机03_1581F7K3C255900D76E8/DJI_202609071638_003/DJI_20260907164026_0003_V.JPG,B1,uav-03,53HFMAW0M7X8D6,Wide,XML_ATTR:{http://www.dji.com/drone-dji/1.0/}GimbalPitchDegree,-31.20,raw_xmp_xml
@raw/01_第一批_20260907_1602_单火点/02_激光打点与定位验证/01_事后打点候选/无人机03_1581F7K3C255900D76E8/DJI_202609071638_003/DJI_20260907164026_0003_V.JPG,B1,uav-03,53HFMAW0M7X8D6,Wide,XML_ATTR:{http://www.dji.com/drone-dji/1.0/}FlightRollDegree,+1.60,raw_xmp_xml
@raw/01_第一批_20260907_1602_单火点/02_激光打点与定位验证/01_事后打点候选/无人机03_1581F7K3C255900D76E8/DJI_202609071638_003/DJI_20260907164026_0003_V.JPG,B1,uav-03,53HFMAW0M7X8D6,Wide,XML_ATTR:{http://www.dji.com/drone-dji/1.0/}FlightYawDegree,-142.50,raw_xmp_xml
@raw/01_第一批_20260907_1602_单火点/02_激光打点与定位验证/01_事后打点候选/无人机03_1581F7K3C255900D76E8/DJI_202609071638_003/DJI_20260907164026_0003_V.JPG,B1,uav-03,53HFMAW0M7X8D6,Wide,XML_ATTR:{http://www.dji.com/drone-dji/1.0/}FlightPitchDegree,-0.90,raw_xmp_xml
@raw/01_第一批_20260907_1602_单火点/02_激光打点与定位验证/01_事后打点候选/无人机03_1581F7K3C255900D76E8/DJI_202609071638_003/DJI_20260907164026_0003_V.JPG,B1,uav-03,53HFMAW0M7X8D6,Wide,XML_ATTR:{http://www.dji.com/drone-dji/1.0/}FlightXSpeed,0.0,raw_xmp_xml
@raw/01_第一批_20260907_1602_单火点/02_激光打点与定位验证/01_事后打点候选/无人机03_1581F7K3C255900D76E8/DJI_202609071638_003/DJI_20260907164026_0003_V.JPG,B1,uav-03,53HFMAW0M7X8D6,Wide,XML_ATTR:{http://www.dji.com/drone-dji/1.0/}FlightYSpeed,0.0,raw_xmp_xml
@raw/01_第一批_20260907_1602_单火点/02_激光打点与定位验证/01_事后打点候选/无人机03_1581F7K3C255900D76E8/DJI_202609071638_003/DJI_20260907164026_0003_V.JPG,B1,uav-03,53HFMAW0M7X8D6,Wide,XML_ATTR:{http://www.dji.com/drone-dji/1.0/}FlightZSpeed,0.0,raw_xmp_xml
@raw/01_第一批_20260907_1602_单火点/02_激光打点与定位验证/01_事后打点候选/无人机03_1581F7K3C255900D76E8/DJI_202609071638_003/DJI_20260907164026_0003_V.JPG,B1,uav-03,53HFMAW0M7X8D6,Wide,XML_ATTR:{http://www.dji.com/drone-dji/1.0/}CamReverse,0,raw_xmp_xml
@raw/01_第一批_20260907_1602_单火点/02_激光打点与定位验证/01_事后打点候选/无人机03_1581F7K3C255900D76E8/DJI_202609071638_003/DJI_20260907164026_0003_V.JPG,B1,uav-03,53HFMAW0M7X8D6,Wide,XML_ATTR:{http://www.dji.com/drone-dji/1.0/}GimbalReverse,0,raw_xmp_xml
@raw/01_第一批_20260907_1602_单火点/02_激光打点与定位验证/01_事后打点候选/无人机03_1581F7K3C255900D76E8/DJI_202609071638_003/DJI_20260907164026_0003_V.JPG,B1,uav-03,53HFMAW0M7X8D6,Wide,XML_ATTR:{http://www.dji.com/drone-dji/1.0/}SensorTemperature,42.0,raw_xmp_xml
@raw/01_第一批_20260907_1602_单火点/02_激光打点与定位验证/01_事后打点候选/无人机03_1581F7K3C255900D76E8/DJI_202609071638_003/DJI_20260907164026_0003_V.JPG,B1,uav-03,53HFMAW0M7X8D6,Wide,XML_ATTR:{http://www.dji.com/drone-dji/1.0/}ProductName,DJI Matrice 4T,raw_xmp_xml
@raw/01_第一批_20260907_1602_单火点/02_激光打点与定位验证/01_事后打点候选/无人机03_1581F7K3C255900D76E8/DJI_202609071638_003/DJI_20260907164026_0003_V.JPG,B1,uav-03,53HFMAW0M7X8D6,Wide,XML_ATTR:{http://www.dji.com/drone-dji/1.0/}SelfData,,raw_xmp_xml
@raw/01_第一批_20260907_1602_单火点/02_激光打点与定位验证/01_事后打点候选/无人机03_1581F7K3C255900D76E8/DJI_202609071638_003/DJI_20260907164026_0003_V.JPG,B1,uav-03,53HFMAW0M7X8D6,Wide,XML_ATTR:{http://www.dji.com/drone-dji/1.0/}RtkFlag,16,raw_xmp_xml
@raw/01_第一批_20260907_1602_单火点/02_激光打点与定位验证/01_事后打点候选/无人机03_1581F7K3C255900D76E8/DJI_202609071638_003/DJI_20260907164026_0003_V.JPG,B1,uav-03,53HFMAW0M7X8D6,Wide,XML_ATTR:{http://www.dji.com/drone-dji/1.0/}RtkStdLon,0.07875,raw_xmp_xml
@raw/01_第一批_20260907_1602_单火点/02_激光打点与定位验证/01_事后打点候选/无人机03_1581F7K3C255900D76E8/DJI_202609071638_003/DJI_20260907164026_0003_V.JPG,B1,uav-03,53HFMAW0M7X8D6,Wide,XML_ATTR:{http://www.dji.com/drone-dji/1.0/}RtkStdLat,0.08163,raw_xmp_xml
@raw/01_第一批_20260907_1602_单火点/02_激光打点与定位验证/01_事后打点候选/无人机03_1581F7K3C255900D76E8/DJI_202609071638_003/DJI_20260907164026_0003_V.JPG,B1,uav-03,53HFMAW0M7X8D6,Wide,XML_ATTR:{http://www.dji.com/drone-dji/1.0/}RtkStdHgt,0.13949,raw_xmp_xml
@raw/01_第一批_20260907_1602_单火点/02_激光打点与定位验证/01_事后打点候选/无人机03_1581F7K3C255900D76E8/DJI_202609071638_003/DJI_20260907164026_0003_V.JPG,B1,uav-03,53HFMAW0M7X8D6,Wide,XML_ATTR:{http://www.dji.com/drone-dji/1.0/}RtkDiffAge,0.00000,raw_xmp_xml
@raw/01_第一批_20260907_1602_单火点/02_激光打点与定位验证/01_事后打点候选/无人机03_1581F7K3C255900D76E8/DJI_202609071638_003/DJI_20260907164026_0003_V.JPG,B1,uav-03,53HFMAW0M7X8D6,Wide,XML_ATTR:{http://www.dji.com/drone-dji/1.0/}SurveyingMode,1,raw_xmp_xml
@raw/01_第一批_20260907_1602_单火点/02_激光打点与定位验证/01_事后打点候选/无人机03_1581F7K3C255900D76E8/DJI_202609071638_003/DJI_20260907164026_0003_V.JPG,B1,uav-03,53HFMAW0M7X8D6,Wide,XML_ATTR:{http://www.dji.com/drone-dji/1.0/}UTCAtExposure,2026-09-07T08:40:46.542266,raw_xmp_xml
@raw/01_第一批_20260907_1602_单火点/02_激光打点与定位验证/01_事后打点候选/无人机03_1581F7K3C255900D76E8/DJI_202609071638_003/DJI_20260907164026_0003_V.JPG,B1,uav-03,53HFMAW0M7X8D6,Wide,XML_ATTR:{http://www.dji.com/drone-dji/1.0/}ShutterType,Electronic,raw_xmp_xml
@raw/01_第一批_20260907_1602_单火点/02_激光打点与定位验证/01_事后打点候选/无人机03_1581F7K3C255900D76E8/DJI_202609071638_003/DJI_20260907164026_0003_V.JPG,B1,uav-03,53HFMAW0M7X8D6,Wide,XML_ATTR:{http://www.dji.com/drone-dji/1.0/}CameraSerialNumber,53HFMAW0M7X8D6,raw_xmp_xml
@raw/01_第一批_20260907_1602_单火点/02_激光打点与定位验证/01_事后打点候选/无人机03_1581F7K3C255900D76E8/DJI_202609071638_003/DJI_20260907164026_0003_V.JPG,B1,uav-03,53HFMAW0M7X8D6,Wide,XML_ATTR:{http://www.dji.com/drone-dji/1.0/}DroneModel,M4T,raw_xmp_xml
@raw/01_第一批_20260907_1602_单火点/02_激光打点与定位验证/01_事后打点候选/无人机03_1581F7K3C255900D76E8/DJI_202609071638_003/DJI_20260907164026_0003_V.JPG,B1,uav-03,53HFMAW0M7X8D6,Wide,XML_ATTR:{http://www.dji.com/drone-dji/1.0/}DroneSerialNumber,1581F7K3C255900D76E8,raw_xmp_xml
@raw/01_第一批_20260907_1602_单火点/02_激光打点与定位验证/01_事后打点候选/无人机03_1581F7K3C255900D76E8/DJI_202609071638_003/DJI_20260907164026_0003_V.JPG,B1,uav-03,53HFMAW0M7X8D6,Wide,XML_ATTR:{http://www.dji.com/drone-dji/1.0/}LRFStatus,Normal,raw_xmp_xml
@raw/01_第一批_20260907_1602_单火点/02_激光打点与定位验证/01_事后打点候选/无人机03_1581F7K3C255900D76E8/DJI_202609071638_003/DJI_20260907164026_0003_V.JPG,B1,uav-03,53HFMAW0M7X8D6,Wide,XML_ATTR:{http://www.dji.com/drone-dji/1.0/}LRFTargetDistance,15.352,raw_xmp_xml
@raw/01_第一批_20260907_1602_单火点/02_激光打点与定位验证/01_事后打点候选/无人机03_1581F7K3C255900D76E8/DJI_202609071638_003/DJI_20260907164026_0003_V.JPG,B1,uav-03,53HFMAW0M7X8D6,Wide,XML_ATTR:{http://www.dji.com/drone-dji/1.0/}LRFTargetLon,120.4727499,raw_xmp_xml
@raw/01_第一批_20260907_1602_单火点/02_激光打点与定位验证/01_事后打点候选/无人机03_1581F7K3C255900D76E8/DJI_202609071638_003/DJI_20260907164026_0003_V.JPG,B1,uav-03,53HFMAW0M7X8D6,Wide,XML_ATTR:{http://www.dji.com/drone-dji/1.0/}LRFTargetLat,31.2891376,raw_xmp_xml
@raw/01_第一批_20260907_1602_单火点/02_激光打点与定位验证/01_事后打点候选/无人机03_1581F7K3C255900D76E8/DJI_202609071638_003/DJI_20260907164026_0003_V.JPG,B1,uav-03,53HFMAW0M7X8D6,Wide,XML_ATTR:{http://www.dji.com/drone-dji/1.0/}LRFTargetAlt,-0.684,raw_xmp_xml
@raw/01_第一批_20260907_1602_单火点/02_激光打点与定位验证/01_事后打点候选/无人机03_1581F7K3C255900D76E8/DJI_202609071638_003/DJI_20260907164026_0003_V.JPG,B1,uav-03,53HFMAW0M7X8D6,Wide,XML_ATTR:{http://www.dji.com/drone-dji/1.0/}LRFTargetAbsAlt,50.900,raw_xmp_xml
@raw/01_第一批_20260907_1602_单火点/02_激光打点与定位验证/01_事后打点候选/无人机03_1581F7K3C255900D76E8/DJI_202609071638_003/DJI_20260907164026_0003_V.JPG,B1,uav-03,53HFMAW0M7X8D6,Wide,XML_ATTR:{http://www.dji.com/drone-dji/1.0/}WhiteBalanceCCT,4578,raw_xmp_xml
@raw/01_第一批_20260907_1602_单火点/02_激光打点与定位验证/01_事后打点候选/无人机03_1581F7K3C255900D76E8/DJI_202609071638_003/DJI_20260907164026_0003_V.JPG,B1,uav-03,53HFMAW0M7X8D6,Wide,XML_ATTR:{http://www.dji.com/drone-dji/1.0/}SensorFPS,2997/100,raw_xmp_xml
@raw/01_第一批_20260907_1602_单火点/02_激光打点与定位验证/01_事后打点候选/无人机03_1581F7K3C255900D76E8/DJI_202609071638_003/DJI_20260907164026_0003_V.JPG,B1,uav-03,53HFMAW0M7X8D6,Wide,XML_ATTR:{http://www.dji.com/drone-dji/1.0/}LensPosition,35,raw_xmp_xml
@raw/01_第一批_20260907_1602_单火点/02_激光打点与定位验证/01_事后打点候选/无人机03_1581F7K3C255900D76E8/DJI_202609071638_003/DJI_20260907164026_0003_V.JPG,B1,uav-03,53HFMAW0M7X8D6,Wide,XML_ATTR:{http://www.dji.com/drone-dji/1.0/}LensInfinitePosition,35,raw_xmp_xml
@raw/01_第一批_20260907_1602_单火点/02_激光打点与定位验证/01_事后打点候选/无人机03_1581F7K3C255900D76E8/DJI_202609071638_003/DJI_20260907164026_0003_V.JPG,B1,uav-03,53HFMAW0M7X8D6,Wide,XML_ATTR:{http://www.dji.com/drone-dji/1.0/}LensTemperature,42.200000,raw_xmp_xml
@raw/01_第一批_20260907_1602_单火点/02_激光打点与定位验证/01_事后打点候选/无人机03_1581F7K3C255900D76E8/DJI_202609071638_003/DJI_20260907164026_0003_V.JPG,B1,uav-03,53HFMAW0M7X8D6,Wide,XML_ATTR:{http://pix4d.com/camera/1.0}FileType,single,raw_xmp_xml
@raw/01_第一批_20260907_1602_单火点/02_激光打点与定位验证/01_事后打点候选/无人机03_1581F7K3C255900D76E8/DJI_202609071638_003/DJI_20260907164026_0003_V.JPG,B1,uav-03,53HFMAW0M7X8D6,Wide,XML_ATTR:{http://ns.adobe.com/camera-raw-settings/1.0/}Version,7.0,raw_xmp_xml
@raw/01_第一批_20260907_1602_单火点/02_激光打点与定位验证/01_事后打点候选/无人机03_1581F7K3C255900D76E8/DJI_202609071638_003/DJI_20260907164026_0003_V.JPG,B1,uav-03,53HFMAW0M7X8D6,Wide,XML_ATTR:{http://ns.adobe.com/camera-raw-settings/1.0/}HasSettings,False,raw_xmp_xml
@raw/01_第一批_20260907_1602_单火点/02_激光打点与定位验证/01_事后打点候选/无人机03_1581F7K3C255900D76E8/DJI_202609071638_003/DJI_20260907164026_0003_V.JPG,B1,uav-03,53HFMAW0M7X8D6,Wide,XML_ATTR:{http://ns.adobe.com/camera-raw-settings/1.0/}HasCrop,False,raw_xmp_xml
@raw/01_第一批_20260907_1602_单火点/02_激光打点与定位验证/01_事后打点候选/无人机03_1581F7K3C255900D76E8/DJI_202609071638_003/DJI_20260907164026_0003_V.JPG,B1,uav-03,53HFMAW0M7X8D6,Wide,XML_ATTR:{http://ns.adobe.com/camera-raw-settings/1.0/}AlreadyApplied,False,raw_xmp_xml
@raw/01_第一批_20260907_1602_单火点/02_激光打点与定位验证/01_事后打点候选/无人机03_1581F7K3C255900D76E8/DJI_202609071638_003/DJI_20260907164100_0004_V.JPG,B1,uav-03,53HFMAW0M7X8D6,Wide,XMP-rdf:About,DJI Meta Data,exiftool
@raw/01_第一批_20260907_1602_单火点/02_激光打点与定位验证/01_事后打点候选/无人机03_1581F7K3C255900D76E8/DJI_202609071638_003/DJI_20260907164100_0004_V.JPG,B1,uav-03,53HFMAW0M7X8D6,Wide,XMP-xmp:ModifyDate,2026:09:07 16:41:00+08:00,exiftool
@raw/01_第一批_20260907_1602_单火点/02_激光打点与定位验证/01_事后打点候选/无人机03_1581F7K3C255900D76E8/DJI_202609071638_003/DJI_20260907164100_0004_V.JPG,B1,uav-03,53HFMAW0M7X8D6,Wide,XMP-xmp:CreateDate,2026:09:07 16:41:00+08:00,exiftool
@raw/01_第一批_20260907_1602_单火点/02_激光打点与定位验证/01_事后打点候选/无人机03_1581F7K3C255900D76E8/DJI_202609071638_003/DJI_20260907164100_0004_V.JPG,B1,uav-03,53HFMAW0M7X8D6,Wide,XMP-tiff:Make,DJI,exiftool
@raw/01_第一批_20260907_1602_单火点/02_激光打点与定位验证/01_事后打点候选/无人机03_1581F7K3C255900D76E8/DJI_202609071638_003/DJI_20260907164100_0004_V.JPG,B1,uav-03,53HFMAW0M7X8D6,Wide,XMP-tiff:Model,M4T,exiftool
@raw/01_第一批_20260907_1602_单火点/02_激光打点与定位验证/01_事后打点候选/无人机03_1581F7K3C255900D76E8/DJI_202609071638_003/DJI_20260907164100_0004_V.JPG,B1,uav-03,53HFMAW0M7X8D6,Wide,XMP-dc:Format,image/jpeg,exiftool
@raw/01_第一批_20260907_1602_单火点/02_激光打点与定位验证/01_事后打点候选/无人机03_1581F7K3C255900D76E8/DJI_202609071638_003/DJI_20260907164100_0004_V.JPG,B1,uav-03,53HFMAW0M7X8D6,Wide,XMP-drone-dji:Version,1.6,exiftool
@raw/01_第一批_20260907_1602_单火点/02_激光打点与定位验证/01_事后打点候选/无人机03_1581F7K3C255900D76E8/DJI_202609071638_003/DJI_20260907164100_0004_V.JPG,B1,uav-03,53HFMAW0M7X8D6,Wide,XMP-drone-dji:ImageSource,WideCamera,exiftool
@raw/01_第一批_20260907_1602_单火点/02_激光打点与定位验证/01_事后打点候选/无人机03_1581F7K3C255900D76E8/DJI_202609071638_003/DJI_20260907164100_0004_V.JPG,B1,uav-03,53HFMAW0M7X8D6,Wide,XMP-drone-dji:GpsStatus,RTK,exiftool
@raw/01_第一批_20260907_1602_单火点/02_激光打点与定位验证/01_事后打点候选/无人机03_1581F7K3C255900D76E8/DJI_202609071638_003/DJI_20260907164100_0004_V.JPG,B1,uav-03,53HFMAW0M7X8D6,Wide,XMP-drone-dji:AltitudeType,RtkAlt,exiftool
@raw/01_第一批_20260907_1602_单火点/02_激光打点与定位验证/01_事后打点候选/无人机03_1581F7K3C255900D76E8/DJI_202609071638_003/DJI_20260907164100_0004_V.JPG,B1,uav-03,53HFMAW0M7X8D6,Wide,XMP-drone-dji:GPSLatitude,+31.289236076,exiftool
@raw/01_第一批_20260907_1602_单火点/02_激光打点与定位验证/01_事后打点候选/无人机03_1581F7K3C255900D76E8/DJI_202609071638_003/DJI_20260907164100_0004_V.JPG,B1,uav-03,53HFMAW0M7X8D6,Wide,XMP-drone-dji:GPSLongitude,+120.472746498,exiftool
@raw/01_第一批_20260907_1602_单火点/02_激光打点与定位验证/01_事后打点候选/无人机03_1581F7K3C255900D76E8/DJI_202609071638_003/DJI_20260907164100_0004_V.JPG,B1,uav-03,53HFMAW0M7X8D6,Wide,XMP-drone-dji:AbsoluteAltitude,+54.933,exiftool
@raw/01_第一批_20260907_1602_单火点/02_激光打点与定位验证/01_事后打点候选/无人机03_1581F7K3C255900D76E8/DJI_202609071638_003/DJI_20260907164100_0004_V.JPG,B1,uav-03,53HFMAW0M7X8D6,Wide,XMP-drone-dji:RelativeAltitude,+7.322,exiftool
@raw/01_第一批_20260907_1602_单火点/02_激光打点与定位验证/01_事后打点候选/无人机03_1581F7K3C255900D76E8/DJI_202609071638_003/DJI_20260907164100_0004_V.JPG,B1,uav-03,53HFMAW0M7X8D6,Wide,XMP-drone-dji:GimbalRollDegree,+0.00,exiftool
@raw/01_第一批_20260907_1602_单火点/02_激光打点与定位验证/01_事后打点候选/无人机03_1581F7K3C255900D76E8/DJI_202609071638_003/DJI_20260907164100_0004_V.JPG,B1,uav-03,53HFMAW0M7X8D6,Wide,XMP-drone-dji:GimbalYawDegree,+177.00,exiftool
@raw/01_第一批_20260907_1602_单火点/02_激光打点与定位验证/01_事后打点候选/无人机03_1581F7K3C255900D76E8/DJI_202609071638_003/DJI_20260907164100_0004_V.JPG,B1,uav-03,53HFMAW0M7X8D6,Wide,XMP-drone-dji:GimbalPitchDegree,-33.8,exiftool
@raw/01_第一批_20260907_1602_单火点/02_激光打点与定位验证/01_事后打点候选/无人机03_1581F7K3C255900D76E8/DJI_202609071638_003/DJI_20260907164100_0004_V.JPG,B1,uav-03,53HFMAW0M7X8D6,Wide,XMP-drone-dji:FlightRollDegree,+3.90,exiftool
@raw/01_第一批_20260907_1602_单火点/02_激光打点与定位验证/01_事后打点候选/无人机03_1581F7K3C255900D76E8/DJI_202609071638_003/DJI_20260907164100_0004_V.JPG,B1,uav-03,53HFMAW0M7X8D6,Wide,XMP-drone-dji:FlightYawDegree,+177.40,exiftool
@raw/01_第一批_20260907_1602_单火点/02_激光打点与定位验证/01_事后打点候选/无人机03_1581F7K3C255900D76E8/DJI_202609071638_003/DJI_20260907164100_0004_V.JPG,B1,uav-03,53HFMAW0M7X8D6,Wide,XMP-drone-dji:FlightPitchDegree,+1.10,exiftool
@raw/01_第一批_20260907_1602_单火点/02_激光打点与定位验证/01_事后打点候选/无人机03_1581F7K3C255900D76E8/DJI_202609071638_003/DJI_20260907164100_0004_V.JPG,B1,uav-03,53HFMAW0M7X8D6,Wide,XMP-drone-dji:FlightXSpeed,0.0,exiftool
@raw/01_第一批_20260907_1602_单火点/02_激光打点与定位验证/01_事后打点候选/无人机03_1581F7K3C255900D76E8/DJI_202609071638_003/DJI_20260907164100_0004_V.JPG,B1,uav-03,53HFMAW0M7X8D6,Wide,XMP-drone-dji:FlightYSpeed,-0.1,exiftool
@raw/01_第一批_20260907_1602_单火点/02_激光打点与定位验证/01_事后打点候选/无人机03_1581F7K3C255900D76E8/DJI_202609071638_003/DJI_20260907164100_0004_V.JPG,B1,uav-03,53HFMAW0M7X8D6,Wide,XMP-drone-dji:FlightZSpeed,0.0,exiftool
@raw/01_第一批_20260907_1602_单火点/02_激光打点与定位验证/01_事后打点候选/无人机03_1581F7K3C255900D76E8/DJI_202609071638_003/DJI_20260907164100_0004_V.JPG,B1,uav-03,53HFMAW0M7X8D6,Wide,XMP-drone-dji:CamReverse,0,exiftool
@raw/01_第一批_20260907_1602_单火点/02_激光打点与定位验证/01_事后打点候选/无人机03_1581F7K3C255900D76E8/DJI_202609071638_003/DJI_20260907164100_0004_V.JPG,B1,uav-03,53HFMAW0M7X8D6,Wide,XMP-drone-dji:GimbalReverse,0,exiftool
@raw/01_第一批_20260907_1602_单火点/02_激光打点与定位验证/01_事后打点候选/无人机03_1581F7K3C255900D76E8/DJI_202609071638_003/DJI_20260907164100_0004_V.JPG,B1,uav-03,53HFMAW0M7X8D6,Wide,XMP-drone-dji:SensorTemperature,42.0,exiftool
@raw/01_第一批_20260907_1602_单火点/02_激光打点与定位验证/01_事后打点候选/无人机03_1581F7K3C255900D76E8/DJI_202609071638_003/DJI_20260907164100_0004_V.JPG,B1,uav-03,53HFMAW0M7X8D6,Wide,XMP-drone-dji:ProductName,DJI Matrice 4T,exiftool
@raw/01_第一批_20260907_1602_单火点/02_激光打点与定位验证/01_事后打点候选/无人机03_1581F7K3C255900D76E8/DJI_202609071638_003/DJI_20260907164100_0004_V.JPG,B1,uav-03,53HFMAW0M7X8D6,Wide,XMP-drone-dji:SelfData,,exiftool
@raw/01_第一批_20260907_1602_单火点/02_激光打点与定位验证/01_事后打点候选/无人机03_1581F7K3C255900D76E8/DJI_202609071638_003/DJI_20260907164100_0004_V.JPG,B1,uav-03,53HFMAW0M7X8D6,Wide,XMP-drone-dji:RtkFlag,16,exiftool
@raw/01_第一批_20260907_1602_单火点/02_激光打点与定位验证/01_事后打点候选/无人机03_1581F7K3C255900D76E8/DJI_202609071638_003/DJI_20260907164100_0004_V.JPG,B1,uav-03,53HFMAW0M7X8D6,Wide,XMP-drone-dji:RtkStdLon,0.07868,exiftool
@raw/01_第一批_20260907_1602_单火点/02_激光打点与定位验证/01_事后打点候选/无人机03_1581F7K3C255900D76E8/DJI_202609071638_003/DJI_20260907164100_0004_V.JPG,B1,uav-03,53HFMAW0M7X8D6,Wide,XMP-drone-dji:RtkStdLat,0.08155,exiftool
@raw/01_第一批_20260907_1602_单火点/02_激光打点与定位验证/01_事后打点候选/无人机03_1581F7K3C255900D76E8/DJI_202609071638_003/DJI_20260907164100_0004_V.JPG,B1,uav-03,53HFMAW0M7X8D6,Wide,XMP-drone-dji:RtkStdHgt,0.13874,exiftool
@raw/01_第一批_20260907_1602_单火点/02_激光打点与定位验证/01_事后打点候选/无人机03_1581F7K3C255900D76E8/DJI_202609071638_003/DJI_20260907164100_0004_V.JPG,B1,uav-03,53HFMAW0M7X8D6,Wide,XMP-drone-dji:RtkDiffAge,0.0,exiftool
@raw/01_第一批_20260907_1602_单火点/02_激光打点与定位验证/01_事后打点候选/无人机03_1581F7K3C255900D76E8/DJI_202609071638_003/DJI_20260907164100_0004_V.JPG,B1,uav-03,53HFMAW0M7X8D6,Wide,XMP-drone-dji:SurveyingMode,1,exiftool
@raw/01_第一批_20260907_1602_单火点/02_激光打点与定位验证/01_事后打点候选/无人机03_1581F7K3C255900D76E8/DJI_202609071638_003/DJI_20260907164100_0004_V.JPG,B1,uav-03,53HFMAW0M7X8D6,Wide,XMP-drone-dji:UTCAtExposure,2026:09:07 08:41:20.964295,exiftool
@raw/01_第一批_20260907_1602_单火点/02_激光打点与定位验证/01_事后打点候选/无人机03_1581F7K3C255900D76E8/DJI_202609071638_003/DJI_20260907164100_0004_V.JPG,B1,uav-03,53HFMAW0M7X8D6,Wide,XMP-drone-dji:ShutterType,Electronic,exiftool
@raw/01_第一批_20260907_1602_单火点/02_激光打点与定位验证/01_事后打点候选/无人机03_1581F7K3C255900D76E8/DJI_202609071638_003/DJI_20260907164100_0004_V.JPG,B1,uav-03,53HFMAW0M7X8D6,Wide,XMP-drone-dji:CameraSerialNumber,53HFMAW0M7X8D6,exiftool
@raw/01_第一批_20260907_1602_单火点/02_激光打点与定位验证/01_事后打点候选/无人机03_1581F7K3C255900D76E8/DJI_202609071638_003/DJI_20260907164100_0004_V.JPG,B1,uav-03,53HFMAW0M7X8D6,Wide,XMP-drone-dji:DroneModel,M4T,exiftool
@raw/01_第一批_20260907_1602_单火点/02_激光打点与定位验证/01_事后打点候选/无人机03_1581F7K3C255900D76E8/DJI_202609071638_003/DJI_20260907164100_0004_V.JPG,B1,uav-03,53HFMAW0M7X8D6,Wide,XMP-drone-dji:DroneSerialNumber,1581F7K3C255900D76E8,exiftool
@raw/01_第一批_20260907_1602_单火点/02_激光打点与定位验证/01_事后打点候选/无人机03_1581F7K3C255900D76E8/DJI_202609071638_003/DJI_20260907164100_0004_V.JPG,B1,uav-03,53HFMAW0M7X8D6,Wide,XMP-drone-dji:LRFStatus,Normal,exiftool
@raw/01_第一批_20260907_1602_单火点/02_激光打点与定位验证/01_事后打点候选/无人机03_1581F7K3C255900D76E8/DJI_202609071638_003/DJI_20260907164100_0004_V.JPG,B1,uav-03,53HFMAW0M7X8D6,Wide,XMP-drone-dji:LRFTargetDistance,14.134,exiftool
@raw/01_第一批_20260907_1602_单火点/02_激光打点与定位验证/01_事后打点候选/无人机03_1581F7K3C255900D76E8/DJI_202609071638_003/DJI_20260907164100_0004_V.JPG,B1,uav-03,53HFMAW0M7X8D6,Wide,XMP-drone-dji:LRFTargetLon,120.4727465,exiftool
@raw/01_第一批_20260907_1602_单火点/02_激光打点与定位验证/01_事后打点候选/无人机03_1581F7K3C255900D76E8/DJI_202609071638_003/DJI_20260907164100_0004_V.JPG,B1,uav-03,53HFMAW0M7X8D6,Wide,XMP-drone-dji:LRFTargetLat,31.2891386,exiftool
@raw/01_第一批_20260907_1602_单火点/02_激光打点与定位验证/01_事后打点候选/无人机03_1581F7K3C255900D76E8/DJI_202609071638_003/DJI_20260907164100_0004_V.JPG,B1,uav-03,53HFMAW0M7X8D6,Wide,XMP-drone-dji:LRFTargetAlt,-0.584,exiftool
@raw/01_第一批_20260907_1602_单火点/02_激光打点与定位验证/01_事后打点候选/无人机03_1581F7K3C255900D76E8/DJI_202609071638_003/DJI_20260907164100_0004_V.JPG,B1,uav-03,53HFMAW0M7X8D6,Wide,XMP-drone-dji:LRFTargetAbsAlt,51.0,exiftool
@raw/01_第一批_20260907_1602_单火点/02_激光打点与定位验证/01_事后打点候选/无人机03_1581F7K3C255900D76E8/DJI_202609071638_003/DJI_20260907164100_0004_V.JPG,B1,uav-03,53HFMAW0M7X8D6,Wide,XMP-drone-dji:WhiteBalanceCCT,4549,exiftool
@raw/01_第一批_20260907_1602_单火点/02_激光打点与定位验证/01_事后打点候选/无人机03_1581F7K3C255900D76E8/DJI_202609071638_003/DJI_20260907164100_0004_V.JPG,B1,uav-03,53HFMAW0M7X8D6,Wide,XMP-drone-dji:SensorFPS,29.97,exiftool
@raw/01_第一批_20260907_1602_单火点/02_激光打点与定位验证/01_事后打点候选/无人机03_1581F7K3C255900D76E8/DJI_202609071638_003/DJI_20260907164100_0004_V.JPG,B1,uav-03,53HFMAW0M7X8D6,Wide,XMP-drone-dji:LensPosition,35,exiftool
@raw/01_第一批_20260907_1602_单火点/02_激光打点与定位验证/01_事后打点候选/无人机03_1581F7K3C255900D76E8/DJI_202609071638_003/DJI_20260907164100_0004_V.JPG,B1,uav-03,53HFMAW0M7X8D6,Wide,XMP-drone-dji:LensInfinitePosition,35,exiftool
@raw/01_第一批_20260907_1602_单火点/02_激光打点与定位验证/01_事后打点候选/无人机03_1581F7K3C255900D76E8/DJI_202609071638_003/DJI_20260907164100_0004_V.JPG,B1,uav-03,53HFMAW0M7X8D6,Wide,XMP-drone-dji:LensTemperature,42.2,exiftool
@raw/01_第一批_20260907_1602_单火点/02_激光打点与定位验证/01_事后打点候选/无人机03_1581F7K3C255900D76E8/DJI_202609071638_003/DJI_20260907164100_0004_V.JPG,B1,uav-03,53HFMAW0M7X8D6,Wide,XMP-Camera:FileType,single,exiftool
@raw/01_第一批_20260907_1602_单火点/02_激光打点与定位验证/01_事后打点候选/无人机03_1581F7K3C255900D76E8/DJI_202609071638_003/DJI_20260907164100_0004_V.JPG,B1,uav-03,53HFMAW0M7X8D6,Wide,XMP-crs:Version,7.0,exiftool
@raw/01_第一批_20260907_1602_单火点/02_激光打点与定位验证/01_事后打点候选/无人机03_1581F7K3C255900D76E8/DJI_202609071638_003/DJI_20260907164100_0004_V.JPG,B1,uav-03,53HFMAW0M7X8D6,Wide,XMP-crs:HasSettings,False,exiftool
@raw/01_第一批_20260907_1602_单火点/02_激光打点与定位验证/01_事后打点候选/无人机03_1581F7K3C255900D76E8/DJI_202609071638_003/DJI_20260907164100_0004_V.JPG,B1,uav-03,53HFMAW0M7X8D6,Wide,XMP-crs:HasCrop,False,exiftool
@raw/01_第一批_20260907_1602_单火点/02_激光打点与定位验证/01_事后打点候选/无人机03_1581F7K3C255900D76E8/DJI_202609071638_003/DJI_20260907164100_0004_V.JPG,B1,uav-03,53HFMAW0M7X8D6,Wide,XMP-crs:AlreadyApplied,False,exiftool
@raw/01_第一批_20260907_1602_单火点/02_激光打点与定位验证/01_事后打点候选/无人机03_1581F7K3C255900D76E8/DJI_202609071638_003/DJI_20260907164100_0004_V.JPG,B1,uav-03,53HFMAW0M7X8D6,Wide,XML_ATTR:{http://www.w3.org/1999/02/22-rdf-syntax-ns#}about,DJI Meta Data,raw_xmp_xml
@raw/01_第一批_20260907_1602_单火点/02_激光打点与定位验证/01_事后打点候选/无人机03_1581F7K3C255900D76E8/DJI_202609071638_003/DJI_20260907164100_0004_V.JPG,B1,uav-03,53HFMAW0M7X8D6,Wide,XML_ATTR:{http://ns.adobe.com/xap/1.0/}ModifyDate,2026-09-07T16:41:00+08:00,raw_xmp_xml
@raw/01_第一批_20260907_1602_单火点/02_激光打点与定位验证/01_事后打点候选/无人机03_1581F7K3C255900D76E8/DJI_202609071638_003/DJI_20260907164100_0004_V.JPG,B1,uav-03,53HFMAW0M7X8D6,Wide,XML_ATTR:{http://ns.adobe.com/xap/1.0/}CreateDate,2026-09-07T16:41:00+08:00,raw_xmp_xml
@raw/01_第一批_20260907_1602_单火点/02_激光打点与定位验证/01_事后打点候选/无人机03_1581F7K3C255900D76E8/DJI_202609071638_003/DJI_20260907164100_0004_V.JPG,B1,uav-03,53HFMAW0M7X8D6,Wide,XML_ATTR:{http://ns.adobe.com/tiff/1.0/}Make,DJI,raw_xmp_xml
@raw/01_第一批_20260907_1602_单火点/02_激光打点与定位验证/01_事后打点候选/无人机03_1581F7K3C255900D76E8/DJI_202609071638_003/DJI_20260907164100_0004_V.JPG,B1,uav-03,53HFMAW0M7X8D6,Wide,XML_ATTR:{http://ns.adobe.com/tiff/1.0/}Model,M4T,raw_xmp_xml
@raw/01_第一批_20260907_1602_单火点/02_激光打点与定位验证/01_事后打点候选/无人机03_1581F7K3C255900D76E8/DJI_202609071638_003/DJI_20260907164100_0004_V.JPG,B1,uav-03,53HFMAW0M7X8D6,Wide,XML_ATTR:{http://purl.org/dc/elements/1.1/}format,image/jpeg,raw_xmp_xml
@raw/01_第一批_20260907_1602_单火点/02_激光打点与定位验证/01_事后打点候选/无人机03_1581F7K3C255900D76E8/DJI_202609071638_003/DJI_20260907164100_0004_V.JPG,B1,uav-03,53HFMAW0M7X8D6,Wide,XML_ATTR:{http://www.dji.com/drone-dji/1.0/}Version,1.6,raw_xmp_xml
@raw/01_第一批_20260907_1602_单火点/02_激光打点与定位验证/01_事后打点候选/无人机03_1581F7K3C255900D76E8/DJI_202609071638_003/DJI_20260907164100_0004_V.JPG,B1,uav-03,53HFMAW0M7X8D6,Wide,XML_ATTR:{http://www.dji.com/drone-dji/1.0/}ImageSource,WideCamera,raw_xmp_xml
@raw/01_第一批_20260907_1602_单火点/02_激光打点与定位验证/01_事后打点候选/无人机03_1581F7K3C255900D76E8/DJI_202609071638_003/DJI_20260907164100_0004_V.JPG,B1,uav-03,53HFMAW0M7X8D6,Wide,XML_ATTR:{http://www.dji.com/drone-dji/1.0/}GpsStatus,RTK,raw_xmp_xml
@raw/01_第一批_20260907_1602_单火点/02_激光打点与定位验证/01_事后打点候选/无人机03_1581F7K3C255900D76E8/DJI_202609071638_003/DJI_20260907164100_0004_V.JPG,B1,uav-03,53HFMAW0M7X8D6,Wide,XML_ATTR:{http://www.dji.com/drone-dji/1.0/}AltitudeType,RtkAlt,raw_xmp_xml
@raw/01_第一批_20260907_1602_单火点/02_激光打点与定位验证/01_事后打点候选/无人机03_1581F7K3C255900D76E8/DJI_202609071638_003/DJI_20260907164100_0004_V.JPG,B1,uav-03,53HFMAW0M7X8D6,Wide,XML_ATTR:{http://www.dji.com/drone-dji/1.0/}GpsLatitude,+31.289236076,raw_xmp_xml
@raw/01_第一批_20260907_1602_单火点/02_激光打点与定位验证/01_事后打点候选/无人机03_1581F7K3C255900D76E8/DJI_202609071638_003/DJI_20260907164100_0004_V.JPG,B1,uav-03,53HFMAW0M7X8D6,Wide,XML_ATTR:{http://www.dji.com/drone-dji/1.0/}GpsLongitude,+120.472746498,raw_xmp_xml
@raw/01_第一批_20260907_1602_单火点/02_激光打点与定位验证/01_事后打点候选/无人机03_1581F7K3C255900D76E8/DJI_202609071638_003/DJI_20260907164100_0004_V.JPG,B1,uav-03,53HFMAW0M7X8D6,Wide,XML_ATTR:{http://www.dji.com/drone-dji/1.0/}AbsoluteAltitude,+54.933,raw_xmp_xml
@raw/01_第一批_20260907_1602_单火点/02_激光打点与定位验证/01_事后打点候选/无人机03_1581F7K3C255900D76E8/DJI_202609071638_003/DJI_20260907164100_0004_V.JPG,B1,uav-03,53HFMAW0M7X8D6,Wide,XML_ATTR:{http://www.dji.com/drone-dji/1.0/}RelativeAltitude,+7.322,raw_xmp_xml
@raw/01_第一批_20260907_1602_单火点/02_激光打点与定位验证/01_事后打点候选/无人机03_1581F7K3C255900D76E8/DJI_202609071638_003/DJI_20260907164100_0004_V.JPG,B1,uav-03,53HFMAW0M7X8D6,Wide,XML_ATTR:{http://www.dji.com/drone-dji/1.0/}GimbalRollDegree,+0.00,raw_xmp_xml
@raw/01_第一批_20260907_1602_单火点/02_激光打点与定位验证/01_事后打点候选/无人机03_1581F7K3C255900D76E8/DJI_202609071638_003/DJI_20260907164100_0004_V.JPG,B1,uav-03,53HFMAW0M7X8D6,Wide,XML_ATTR:{http://www.dji.com/drone-dji/1.0/}GimbalYawDegree,+177.00,raw_xmp_xml
@raw/01_第一批_20260907_1602_单火点/02_激光打点与定位验证/01_事后打点候选/无人机03_1581F7K3C255900D76E8/DJI_202609071638_003/DJI_20260907164100_0004_V.JPG,B1,uav-03,53HFMAW0M7X8D6,Wide,XML_ATTR:{http://www.dji.com/drone-dji/1.0/}GimbalPitchDegree,-33.80,raw_xmp_xml
@raw/01_第一批_20260907_1602_单火点/02_激光打点与定位验证/01_事后打点候选/无人机03_1581F7K3C255900D76E8/DJI_202609071638_003/DJI_20260907164100_0004_V.JPG,B1,uav-03,53HFMAW0M7X8D6,Wide,XML_ATTR:{http://www.dji.com/drone-dji/1.0/}FlightRollDegree,+3.90,raw_xmp_xml
@raw/01_第一批_20260907_1602_单火点/02_激光打点与定位验证/01_事后打点候选/无人机03_1581F7K3C255900D76E8/DJI_202609071638_003/DJI_20260907164100_0004_V.JPG,B1,uav-03,53HFMAW0M7X8D6,Wide,XML_ATTR:{http://www.dji.com/drone-dji/1.0/}FlightYawDegree,+177.40,raw_xmp_xml
@raw/01_第一批_20260907_1602_单火点/02_激光打点与定位验证/01_事后打点候选/无人机03_1581F7K3C255900D76E8/DJI_202609071638_003/DJI_20260907164100_0004_V.JPG,B1,uav-03,53HFMAW0M7X8D6,Wide,XML_ATTR:{http://www.dji.com/drone-dji/1.0/}FlightPitchDegree,+1.10,raw_xmp_xml
@raw/01_第一批_20260907_1602_单火点/02_激光打点与定位验证/01_事后打点候选/无人机03_1581F7K3C255900D76E8/DJI_202609071638_003/DJI_20260907164100_0004_V.JPG,B1,uav-03,53HFMAW0M7X8D6,Wide,XML_ATTR:{http://www.dji.com/drone-dji/1.0/}FlightXSpeed,0.0,raw_xmp_xml
@raw/01_第一批_20260907_1602_单火点/02_激光打点与定位验证/01_事后打点候选/无人机03_1581F7K3C255900D76E8/DJI_202609071638_003/DJI_20260907164100_0004_V.JPG,B1,uav-03,53HFMAW0M7X8D6,Wide,XML_ATTR:{http://www.dji.com/drone-dji/1.0/}FlightYSpeed,-0.1,raw_xmp_xml
@raw/01_第一批_20260907_1602_单火点/02_激光打点与定位验证/01_事后打点候选/无人机03_1581F7K3C255900D76E8/DJI_202609071638_003/DJI_20260907164100_0004_V.JPG,B1,uav-03,53HFMAW0M7X8D6,Wide,XML_ATTR:{http://www.dji.com/drone-dji/1.0/}FlightZSpeed,0.0,raw_xmp_xml
@raw/01_第一批_20260907_1602_单火点/02_激光打点与定位验证/01_事后打点候选/无人机03_1581F7K3C255900D76E8/DJI_202609071638_003/DJI_20260907164100_0004_V.JPG,B1,uav-03,53HFMAW0M7X8D6,Wide,XML_ATTR:{http://www.dji.com/drone-dji/1.0/}CamReverse,0,raw_xmp_xml
@raw/01_第一批_20260907_1602_单火点/02_激光打点与定位验证/01_事后打点候选/无人机03_1581F7K3C255900D76E8/DJI_202609071638_003/DJI_20260907164100_0004_V.JPG,B1,uav-03,53HFMAW0M7X8D6,Wide,XML_ATTR:{http://www.dji.com/drone-dji/1.0/}GimbalReverse,0,raw_xmp_xml
@raw/01_第一批_20260907_1602_单火点/02_激光打点与定位验证/01_事后打点候选/无人机03_1581F7K3C255900D76E8/DJI_202609071638_003/DJI_20260907164100_0004_V.JPG,B1,uav-03,53HFMAW0M7X8D6,Wide,XML_ATTR:{http://www.dji.com/drone-dji/1.0/}SensorTemperature,42.0,raw_xmp_xml
@raw/01_第一批_20260907_1602_单火点/02_激光打点与定位验证/01_事后打点候选/无人机03_1581F7K3C255900D76E8/DJI_202609071638_003/DJI_20260907164100_0004_V.JPG,B1,uav-03,53HFMAW0M7X8D6,Wide,XML_ATTR:{http://www.dji.com/drone-dji/1.0/}ProductName,DJI Matrice 4T,raw_xmp_xml
@raw/01_第一批_20260907_1602_单火点/02_激光打点与定位验证/01_事后打点候选/无人机03_1581F7K3C255900D76E8/DJI_202609071638_003/DJI_20260907164100_0004_V.JPG,B1,uav-03,53HFMAW0M7X8D6,Wide,XML_ATTR:{http://www.dji.com/drone-dji/1.0/}SelfData,,raw_xmp_xml
@raw/01_第一批_20260907_1602_单火点/02_激光打点与定位验证/01_事后打点候选/无人机03_1581F7K3C255900D76E8/DJI_202609071638_003/DJI_20260907164100_0004_V.JPG,B1,uav-03,53HFMAW0M7X8D6,Wide,XML_ATTR:{http://www.dji.com/drone-dji/1.0/}RtkFlag,16,raw_xmp_xml
@raw/01_第一批_20260907_1602_单火点/02_激光打点与定位验证/01_事后打点候选/无人机03_1581F7K3C255900D76E8/DJI_202609071638_003/DJI_20260907164100_0004_V.JPG,B1,uav-03,53HFMAW0M7X8D6,Wide,XML_ATTR:{http://www.dji.com/drone-dji/1.0/}RtkStdLon,0.07868,raw_xmp_xml
@raw/01_第一批_20260907_1602_单火点/02_激光打点与定位验证/01_事后打点候选/无人机03_1581F7K3C255900D76E8/DJI_202609071638_003/DJI_20260907164100_0004_V.JPG,B1,uav-03,53HFMAW0M7X8D6,Wide,XML_ATTR:{http://www.dji.com/drone-dji/1.0/}RtkStdLat,0.08155,raw_xmp_xml
@raw/01_第一批_20260907_1602_单火点/02_激光打点与定位验证/01_事后打点候选/无人机03_1581F7K3C255900D76E8/DJI_202609071638_003/DJI_20260907164100_0004_V.JPG,B1,uav-03,53HFMAW0M7X8D6,Wide,XML_ATTR:{http://www.dji.com/drone-dji/1.0/}RtkStdHgt,0.13874,raw_xmp_xml
@raw/01_第一批_20260907_1602_单火点/02_激光打点与定位验证/01_事后打点候选/无人机03_1581F7K3C255900D76E8/DJI_202609071638_003/DJI_20260907164100_0004_V.JPG,B1,uav-03,53HFMAW0M7X8D6,Wide,XML_ATTR:{http://www.dji.com/drone-dji/1.0/}RtkDiffAge,0.00000,raw_xmp_xml
@raw/01_第一批_20260907_1602_单火点/02_激光打点与定位验证/01_事后打点候选/无人机03_1581F7K3C255900D76E8/DJI_202609071638_003/DJI_20260907164100_0004_V.JPG,B1,uav-03,53HFMAW0M7X8D6,Wide,XML_ATTR:{http://www.dji.com/drone-dji/1.0/}SurveyingMode,1,raw_xmp_xml
@raw/01_第一批_20260907_1602_单火点/02_激光打点与定位验证/01_事后打点候选/无人机03_1581F7K3C255900D76E8/DJI_202609071638_003/DJI_20260907164100_0004_V.JPG,B1,uav-03,53HFMAW0M7X8D6,Wide,XML_ATTR:{http://www.dji.com/drone-dji/1.0/}UTCAtExposure,2026-09-07T08:41:20.964295,raw_xmp_xml
@raw/01_第一批_20260907_1602_单火点/02_激光打点与定位验证/01_事后打点候选/无人机03_1581F7K3C255900D76E8/DJI_202609071638_003/DJI_20260907164100_0004_V.JPG,B1,uav-03,53HFMAW0M7X8D6,Wide,XML_ATTR:{http://www.dji.com/drone-dji/1.0/}ShutterType,Electronic,raw_xmp_xml
@raw/01_第一批_20260907_1602_单火点/02_激光打点与定位验证/01_事后打点候选/无人机03_1581F7K3C255900D76E8/DJI_202609071638_003/DJI_20260907164100_0004_V.JPG,B1,uav-03,53HFMAW0M7X8D6,Wide,XML_ATTR:{http://www.dji.com/drone-dji/1.0/}CameraSerialNumber,53HFMAW0M7X8D6,raw_xmp_xml
@raw/01_第一批_20260907_1602_单火点/02_激光打点与定位验证/01_事后打点候选/无人机03_1581F7K3C255900D76E8/DJI_202609071638_003/DJI_20260907164100_0004_V.JPG,B1,uav-03,53HFMAW0M7X8D6,Wide,XML_ATTR:{http://www.dji.com/drone-dji/1.0/}DroneModel,M4T,raw_xmp_xml
@raw/01_第一批_20260907_1602_单火点/02_激光打点与定位验证/01_事后打点候选/无人机03_1581F7K3C255900D76E8/DJI_202609071638_003/DJI_20260907164100_0004_V.JPG,B1,uav-03,53HFMAW0M7X8D6,Wide,XML_ATTR:{http://www.dji.com/drone-dji/1.0/}DroneSerialNumber,1581F7K3C255900D76E8,raw_xmp_xml
@raw/01_第一批_20260907_1602_单火点/02_激光打点与定位验证/01_事后打点候选/无人机03_1581F7K3C255900D76E8/DJI_202609071638_003/DJI_20260907164100_0004_V.JPG,B1,uav-03,53HFMAW0M7X8D6,Wide,XML_ATTR:{http://www.dji.com/drone-dji/1.0/}LRFStatus,Normal,raw_xmp_xml
@raw/01_第一批_20260907_1602_单火点/02_激光打点与定位验证/01_事后打点候选/无人机03_1581F7K3C255900D76E8/DJI_202609071638_003/DJI_20260907164100_0004_V.JPG,B1,uav-03,53HFMAW0M7X8D6,Wide,XML_ATTR:{http://www.dji.com/drone-dji/1.0/}LRFTargetDistance,14.134,raw_xmp_xml
@raw/01_第一批_20260907_1602_单火点/02_激光打点与定位验证/01_事后打点候选/无人机03_1581F7K3C255900D76E8/DJI_202609071638_003/DJI_20260907164100_0004_V.JPG,B1,uav-03,53HFMAW0M7X8D6,Wide,XML_ATTR:{http://www.dji.com/drone-dji/1.0/}LRFTargetLon,120.4727465,raw_xmp_xml
@raw/01_第一批_20260907_1602_单火点/02_激光打点与定位验证/01_事后打点候选/无人机03_1581F7K3C255900D76E8/DJI_202609071638_003/DJI_20260907164100_0004_V.JPG,B1,uav-03,53HFMAW0M7X8D6,Wide,XML_ATTR:{http://www.dji.com/drone-dji/1.0/}LRFTargetLat,31.2891386,raw_xmp_xml
@raw/01_第一批_20260907_1602_单火点/02_激光打点与定位验证/01_事后打点候选/无人机03_1581F7K3C255900D76E8/DJI_202609071638_003/DJI_20260907164100_0004_V.JPG,B1,uav-03,53HFMAW0M7X8D6,Wide,XML_ATTR:{http://www.dji.com/drone-dji/1.0/}LRFTargetAlt,-0.584,raw_xmp_xml
@raw/01_第一批_20260907_1602_单火点/02_激光打点与定位验证/01_事后打点候选/无人机03_1581F7K3C255900D76E8/DJI_202609071638_003/DJI_20260907164100_0004_V.JPG,B1,uav-03,53HFMAW0M7X8D6,Wide,XML_ATTR:{http://www.dji.com/drone-dji/1.0/}LRFTargetAbsAlt,51.000,raw_xmp_xml
@raw/01_第一批_20260907_1602_单火点/02_激光打点与定位验证/01_事后打点候选/无人机03_1581F7K3C255900D76E8/DJI_202609071638_003/DJI_20260907164100_0004_V.JPG,B1,uav-03,53HFMAW0M7X8D6,Wide,XML_ATTR:{http://www.dji.com/drone-dji/1.0/}WhiteBalanceCCT,4549,raw_xmp_xml
@raw/01_第一批_20260907_1602_单火点/02_激光打点与定位验证/01_事后打点候选/无人机03_1581F7K3C255900D76E8/DJI_202609071638_003/DJI_20260907164100_0004_V.JPG,B1,uav-03,53HFMAW0M7X8D6,Wide,XML_ATTR:{http://www.dji.com/drone-dji/1.0/}SensorFPS,2997/100,raw_xmp_xml
@raw/01_第一批_20260907_1602_单火点/02_激光打点与定位验证/01_事后打点候选/无人机03_1581F7K3C255900D76E8/DJI_202609071638_003/DJI_20260907164100_0004_V.JPG,B1,uav-03,53HFMAW0M7X8D6,Wide,XML_ATTR:{http://www.dji.com/drone-dji/1.0/}LensPosition,35,raw_xmp_xml
@raw/01_第一批_20260907_1602_单火点/02_激光打点与定位验证/01_事后打点候选/无人机03_1581F7K3C255900D76E8/DJI_202609071638_003/DJI_20260907164100_0004_V.JPG,B1,uav-03,53HFMAW0M7X8D6,Wide,XML_ATTR:{http://www.dji.com/drone-dji/1.0/}LensInfinitePosition,35,raw_xmp_xml
@raw/01_第一批_20260907_1602_单火点/02_激光打点与定位验证/01_事后打点候选/无人机03_1581F7K3C255900D76E8/DJI_202609071638_003/DJI_20260907164100_0004_V.JPG,B1,uav-03,53HFMAW0M7X8D6,Wide,XML_ATTR:{http://www.dji.com/drone-dji/1.0/}LensTemperature,42.200000,raw_xmp_xml
@raw/01_第一批_20260907_1602_单火点/02_激光打点与定位验证/01_事后打点候选/无人机03_1581F7K3C255900D76E8/DJI_202609071638_003/DJI_20260907164100_0004_V.JPG,B1,uav-03,53HFMAW0M7X8D6,Wide,XML_ATTR:{http://pix4d.com/camera/1.0}FileType,single,raw_xmp_xml
@raw/01_第一批_20260907_1602_单火点/02_激光打点与定位验证/01_事后打点候选/无人机03_1581F7K3C255900D76E8/DJI_202609071638_003/DJI_20260907164100_0004_V.JPG,B1,uav-03,53HFMAW0M7X8D6,Wide,XML_ATTR:{http://ns.adobe.com/camera-raw-settings/1.0/}Version,7.0,raw_xmp_xml
@raw/01_第一批_20260907_1602_单火点/02_激光打点与定位验证/01_事后打点候选/无人机03_1581F7K3C255900D76E8/DJI_202609071638_003/DJI_20260907164100_0004_V.JPG,B1,uav-03,53HFMAW0M7X8D6,Wide,XML_ATTR:{http://ns.adobe.com/camera-raw-settings/1.0/}HasSettings,False,raw_xmp_xml
@raw/01_第一批_20260907_1602_单火点/02_激光打点与定位验证/01_事后打点候选/无人机03_1581F7K3C255900D76E8/DJI_202609071638_003/DJI_20260907164100_0004_V.JPG,B1,uav-03,53HFMAW0M7X8D6,Wide,XML_ATTR:{http://ns.adobe.com/camera-raw-settings/1.0/}HasCrop,False,raw_xmp_xml
@raw/01_第一批_20260907_1602_单火点/02_激光打点与定位验证/01_事后打点候选/无人机03_1581F7K3C255900D76E8/DJI_202609071638_003/DJI_20260907164100_0004_V.JPG,B1,uav-03,53HFMAW0M7X8D6,Wide,XML_ATTR:{http://ns.adobe.com/camera-raw-settings/1.0/}AlreadyApplied,False,raw_xmp_xml
@raw/01_第一批_20260907_1602_单火点/02_激光打点与定位验证/01_事后打点候选/无人机03_1581F7K3C255900D76E8/DJI_202609071638_003/DJI_20260907164142_0005_V.JPG,B1,uav-03,53HFMAW0M7X8D6,Wide,XMP-rdf:About,DJI Meta Data,exiftool
@raw/01_第一批_20260907_1602_单火点/02_激光打点与定位验证/01_事后打点候选/无人机03_1581F7K3C255900D76E8/DJI_202609071638_003/DJI_20260907164142_0005_V.JPG,B1,uav-03,53HFMAW0M7X8D6,Wide,XMP-xmp:ModifyDate,2026:09:07 16:41:42+08:00,exiftool
@raw/01_第一批_20260907_1602_单火点/02_激光打点与定位验证/01_事后打点候选/无人机03_1581F7K3C255900D76E8/DJI_202609071638_003/DJI_20260907164142_0005_V.JPG,B1,uav-03,53HFMAW0M7X8D6,Wide,XMP-xmp:CreateDate,2026:09:07 16:41:42+08:00,exiftool
@raw/01_第一批_20260907_1602_单火点/02_激光打点与定位验证/01_事后打点候选/无人机03_1581F7K3C255900D76E8/DJI_202609071638_003/DJI_20260907164142_0005_V.JPG,B1,uav-03,53HFMAW0M7X8D6,Wide,XMP-tiff:Make,DJI,exiftool
@raw/01_第一批_20260907_1602_单火点/02_激光打点与定位验证/01_事后打点候选/无人机03_1581F7K3C255900D76E8/DJI_202609071638_003/DJI_20260907164142_0005_V.JPG,B1,uav-03,53HFMAW0M7X8D6,Wide,XMP-tiff:Model,M4T,exiftool
@raw/01_第一批_20260907_1602_单火点/02_激光打点与定位验证/01_事后打点候选/无人机03_1581F7K3C255900D76E8/DJI_202609071638_003/DJI_20260907164142_0005_V.JPG,B1,uav-03,53HFMAW0M7X8D6,Wide,XMP-dc:Format,image/jpeg,exiftool
@raw/01_第一批_20260907_1602_单火点/02_激光打点与定位验证/01_事后打点候选/无人机03_1581F7K3C255900D76E8/DJI_202609071638_003/DJI_20260907164142_0005_V.JPG,B1,uav-03,53HFMAW0M7X8D6,Wide,XMP-drone-dji:Version,1.6,exiftool
@raw/01_第一批_20260907_1602_单火点/02_激光打点与定位验证/01_事后打点候选/无人机03_1581F7K3C255900D76E8/DJI_202609071638_003/DJI_20260907164142_0005_V.JPG,B1,uav-03,53HFMAW0M7X8D6,Wide,XMP-drone-dji:ImageSource,WideCamera,exiftool
@raw/01_第一批_20260907_1602_单火点/02_激光打点与定位验证/01_事后打点候选/无人机03_1581F7K3C255900D76E8/DJI_202609071638_003/DJI_20260907164142_0005_V.JPG,B1,uav-03,53HFMAW0M7X8D6,Wide,XMP-drone-dji:GpsStatus,RTK,exiftool
@raw/01_第一批_20260907_1602_单火点/02_激光打点与定位验证/01_事后打点候选/无人机03_1581F7K3C255900D76E8/DJI_202609071638_003/DJI_20260907164142_0005_V.JPG,B1,uav-03,53HFMAW0M7X8D6,Wide,XMP-drone-dji:AltitudeType,RtkAlt,exiftool
@raw/01_第一批_20260907_1602_单火点/02_激光打点与定位验证/01_事后打点候选/无人机03_1581F7K3C255900D76E8/DJI_202609071638_003/DJI_20260907164142_0005_V.JPG,B1,uav-03,53HFMAW0M7X8D6,Wide,XMP-drone-dji:GPSLatitude,+31.289176452,exiftool
@raw/01_第一批_20260907_1602_单火点/02_激光打点与定位验证/01_事后打点候选/无人机03_1581F7K3C255900D76E8/DJI_202609071638_003/DJI_20260907164142_0005_V.JPG,B1,uav-03,53HFMAW0M7X8D6,Wide,XMP-drone-dji:GPSLongitude,+120.472680596,exiftool
@raw/01_第一批_20260907_1602_单火点/02_激光打点与定位验证/01_事后打点候选/无人机03_1581F7K3C255900D76E8/DJI_202609071638_003/DJI_20260907164142_0005_V.JPG,B1,uav-03,53HFMAW0M7X8D6,Wide,XMP-drone-dji:AbsoluteAltitude,+57.851,exiftool
@raw/01_第一批_20260907_1602_单火点/02_激光打点与定位验证/01_事后打点候选/无人机03_1581F7K3C255900D76E8/DJI_202609071638_003/DJI_20260907164142_0005_V.JPG,B1,uav-03,53HFMAW0M7X8D6,Wide,XMP-drone-dji:RelativeAltitude,+10.317,exiftool
@raw/01_第一批_20260907_1602_单火点/02_激光打点与定位验证/01_事后打点候选/无人机03_1581F7K3C255900D76E8/DJI_202609071638_003/DJI_20260907164142_0005_V.JPG,B1,uav-03,53HFMAW0M7X8D6,Wide,XMP-drone-dji:GimbalRollDegree,+0.00,exiftool
@raw/01_第一批_20260907_1602_单火点/02_激光打点与定位验证/01_事后打点候选/无人机03_1581F7K3C255900D76E8/DJI_202609071638_003/DJI_20260907164142_0005_V.JPG,B1,uav-03,53HFMAW0M7X8D6,Wide,XMP-drone-dji:GimbalYawDegree,+125.80,exiftool
@raw/01_第一批_20260907_1602_单火点/02_激光打点与定位验证/01_事后打点候选/无人机03_1581F7K3C255900D76E8/DJI_202609071638_003/DJI_20260907164142_0005_V.JPG,B1,uav-03,53HFMAW0M7X8D6,Wide,XMP-drone-dji:GimbalPitchDegree,-50.5,exiftool
@raw/01_第一批_20260907_1602_单火点/02_激光打点与定位验证/01_事后打点候选/无人机03_1581F7K3C255900D76E8/DJI_202609071638_003/DJI_20260907164142_0005_V.JPG,B1,uav-03,53HFMAW0M7X8D6,Wide,XMP-drone-dji:FlightRollDegree,+0.80,exiftool
@raw/01_第一批_20260907_1602_单火点/02_激光打点与定位验证/01_事后打点候选/无人机03_1581F7K3C255900D76E8/DJI_202609071638_003/DJI_20260907164142_0005_V.JPG,B1,uav-03,53HFMAW0M7X8D6,Wide,XMP-drone-dji:FlightYawDegree,+125.50,exiftool
@raw/01_第一批_20260907_1602_单火点/02_激光打点与定位验证/01_事后打点候选/无人机03_1581F7K3C255900D76E8/DJI_202609071638_003/DJI_20260907164142_0005_V.JPG,B1,uav-03,53HFMAW0M7X8D6,Wide,XMP-drone-dji:FlightPitchDegree,+1.40,exiftool
@raw/01_第一批_20260907_1602_单火点/02_激光打点与定位验证/01_事后打点候选/无人机03_1581F7K3C255900D76E8/DJI_202609071638_003/DJI_20260907164142_0005_V.JPG,B1,uav-03,53HFMAW0M7X8D6,Wide,XMP-drone-dji:FlightXSpeed,0.0,exiftool
@raw/01_第一批_20260907_1602_单火点/02_激光打点与定位验证/01_事后打点候选/无人机03_1581F7K3C255900D76E8/DJI_202609071638_003/DJI_20260907164142_0005_V.JPG,B1,uav-03,53HFMAW0M7X8D6,Wide,XMP-drone-dji:FlightYSpeed,0.0,exiftool
@raw/01_第一批_20260907_1602_单火点/02_激光打点与定位验证/01_事后打点候选/无人机03_1581F7K3C255900D76E8/DJI_202609071638_003/DJI_20260907164142_0005_V.JPG,B1,uav-03,53HFMAW0M7X8D6,Wide,XMP-drone-dji:FlightZSpeed,0.0,exiftool
@raw/01_第一批_20260907_1602_单火点/02_激光打点与定位验证/01_事后打点候选/无人机03_1581F7K3C255900D76E8/DJI_202609071638_003/DJI_20260907164142_0005_V.JPG,B1,uav-03,53HFMAW0M7X8D6,Wide,XMP-drone-dji:CamReverse,0,exiftool
@raw/01_第一批_20260907_1602_单火点/02_激光打点与定位验证/01_事后打点候选/无人机03_1581F7K3C255900D76E8/DJI_202609071638_003/DJI_20260907164142_0005_V.JPG,B1,uav-03,53HFMAW0M7X8D6,Wide,XMP-drone-dji:GimbalReverse,0,exiftool
@raw/01_第一批_20260907_1602_单火点/02_激光打点与定位验证/01_事后打点候选/无人机03_1581F7K3C255900D76E8/DJI_202609071638_003/DJI_20260907164142_0005_V.JPG,B1,uav-03,53HFMAW0M7X8D6,Wide,XMP-drone-dji:SensorTemperature,41.0,exiftool
@raw/01_第一批_20260907_1602_单火点/02_激光打点与定位验证/01_事后打点候选/无人机03_1581F7K3C255900D76E8/DJI_202609071638_003/DJI_20260907164142_0005_V.JPG,B1,uav-03,53HFMAW0M7X8D6,Wide,XMP-drone-dji:ProductName,DJI Matrice 4T,exiftool
@raw/01_第一批_20260907_1602_单火点/02_激光打点与定位验证/01_事后打点候选/无人机03_1581F7K3C255900D76E8/DJI_202609071638_003/DJI_20260907164142_0005_V.JPG,B1,uav-03,53HFMAW0M7X8D6,Wide,XMP-drone-dji:SelfData,,exiftool
@raw/01_第一批_20260907_1602_单火点/02_激光打点与定位验证/01_事后打点候选/无人机03_1581F7K3C255900D76E8/DJI_202609071638_003/DJI_20260907164142_0005_V.JPG,B1,uav-03,53HFMAW0M7X8D6,Wide,XMP-drone-dji:RtkFlag,16,exiftool
@raw/01_第一批_20260907_1602_单火点/02_激光打点与定位验证/01_事后打点候选/无人机03_1581F7K3C255900D76E8/DJI_202609071638_003/DJI_20260907164142_0005_V.JPG,B1,uav-03,53HFMAW0M7X8D6,Wide,XMP-drone-dji:RtkStdLon,0.07869,exiftool
@raw/01_第一批_20260907_1602_单火点/02_激光打点与定位验证/01_事后打点候选/无人机03_1581F7K3C255900D76E8/DJI_202609071638_003/DJI_20260907164142_0005_V.JPG,B1,uav-03,53HFMAW0M7X8D6,Wide,XMP-drone-dji:RtkStdLat,0.08149,exiftool
@raw/01_第一批_20260907_1602_单火点/02_激光打点与定位验证/01_事后打点候选/无人机03_1581F7K3C255900D76E8/DJI_202609071638_003/DJI_20260907164142_0005_V.JPG,B1,uav-03,53HFMAW0M7X8D6,Wide,XMP-drone-dji:RtkStdHgt,0.13855,exiftool
@raw/01_第一批_20260907_1602_单火点/02_激光打点与定位验证/01_事后打点候选/无人机03_1581F7K3C255900D76E8/DJI_202609071638_003/DJI_20260907164142_0005_V.JPG,B1,uav-03,53HFMAW0M7X8D6,Wide,XMP-drone-dji:RtkDiffAge,0.0,exiftool
@raw/01_第一批_20260907_1602_单火点/02_激光打点与定位验证/01_事后打点候选/无人机03_1581F7K3C255900D76E8/DJI_202609071638_003/DJI_20260907164142_0005_V.JPG,B1,uav-03,53HFMAW0M7X8D6,Wide,XMP-drone-dji:SurveyingMode,1,exiftool
@raw/01_第一批_20260907_1602_单火点/02_激光打点与定位验证/01_事后打点候选/无人机03_1581F7K3C255900D76E8/DJI_202609071638_003/DJI_20260907164142_0005_V.JPG,B1,uav-03,53HFMAW0M7X8D6,Wide,XMP-drone-dji:UTCAtExposure,2026:09:07 08:42:02.995450,exiftool
@raw/01_第一批_20260907_1602_单火点/02_激光打点与定位验证/01_事后打点候选/无人机03_1581F7K3C255900D76E8/DJI_202609071638_003/DJI_20260907164142_0005_V.JPG,B1,uav-03,53HFMAW0M7X8D6,Wide,XMP-drone-dji:ShutterType,Electronic,exiftool
@raw/01_第一批_20260907_1602_单火点/02_激光打点与定位验证/01_事后打点候选/无人机03_1581F7K3C255900D76E8/DJI_202609071638_003/DJI_20260907164142_0005_V.JPG,B1,uav-03,53HFMAW0M7X8D6,Wide,XMP-drone-dji:CameraSerialNumber,53HFMAW0M7X8D6,exiftool
@raw/01_第一批_20260907_1602_单火点/02_激光打点与定位验证/01_事后打点候选/无人机03_1581F7K3C255900D76E8/DJI_202609071638_003/DJI_20260907164142_0005_V.JPG,B1,uav-03,53HFMAW0M7X8D6,Wide,XMP-drone-dji:DroneModel,M4T,exiftool
@raw/01_第一批_20260907_1602_单火点/02_激光打点与定位验证/01_事后打点候选/无人机03_1581F7K3C255900D76E8/DJI_202609071638_003/DJI_20260907164142_0005_V.JPG,B1,uav-03,53HFMAW0M7X8D6,Wide,XMP-drone-dji:DroneSerialNumber,1581F7K3C255900D76E8,exiftool
@raw/01_第一批_20260907_1602_单火点/02_激光打点与定位验证/01_事后打点候选/无人机03_1581F7K3C255900D76E8/DJI_202609071638_003/DJI_20260907164142_0005_V.JPG,B1,uav-03,53HFMAW0M7X8D6,Wide,XMP-drone-dji:LRFStatus,Normal,exiftool
@raw/01_第一批_20260907_1602_单火点/02_激光打点与定位验证/01_事后打点候选/无人机03_1581F7K3C255900D76E8/DJI_202609071638_003/DJI_20260907164142_0005_V.JPG,B1,uav-03,53HFMAW0M7X8D6,Wide,XMP-drone-dji:LRFTargetDistance,14.066,exiftool
@raw/01_第一批_20260907_1602_单火点/02_激光打点与定位验证/01_事后打点候选/无人机03_1581F7K3C255900D76E8/DJI_202609071638_003/DJI_20260907164142_0005_V.JPG,B1,uav-03,53HFMAW0M7X8D6,Wide,XMP-drone-dji:LRFTargetLon,120.4727498,exiftool
@raw/01_第一批_20260907_1602_单火点/02_激光打点与定位验证/01_事后打点候选/无人机03_1581F7K3C255900D76E8/DJI_202609071638_003/DJI_20260907164142_0005_V.JPG,B1,uav-03,53HFMAW0M7X8D6,Wide,XMP-drone-dji:LRFTargetLat,31.2891356,exiftool
@raw/01_第一批_20260907_1602_单火点/02_激光打点与定位验证/01_事后打点候选/无人机03_1581F7K3C255900D76E8/DJI_202609071638_003/DJI_20260907164142_0005_V.JPG,B1,uav-03,53HFMAW0M7X8D6,Wide,XMP-drone-dji:LRFTargetAlt,-0.584,exiftool
@raw/01_第一批_20260907_1602_单火点/02_激光打点与定位验证/01_事后打点候选/无人机03_1581F7K3C255900D76E8/DJI_202609071638_003/DJI_20260907164142_0005_V.JPG,B1,uav-03,53HFMAW0M7X8D6,Wide,XMP-drone-dji:LRFTargetAbsAlt,51.0,exiftool
@raw/01_第一批_20260907_1602_单火点/02_激光打点与定位验证/01_事后打点候选/无人机03_1581F7K3C255900D76E8/DJI_202609071638_003/DJI_20260907164142_0005_V.JPG,B1,uav-03,53HFMAW0M7X8D6,Wide,XMP-drone-dji:WhiteBalanceCCT,4459,exiftool
@raw/01_第一批_20260907_1602_单火点/02_激光打点与定位验证/01_事后打点候选/无人机03_1581F7K3C255900D76E8/DJI_202609071638_003/DJI_20260907164142_0005_V.JPG,B1,uav-03,53HFMAW0M7X8D6,Wide,XMP-drone-dji:SensorFPS,29.97,exiftool
@raw/01_第一批_20260907_1602_单火点/02_激光打点与定位验证/01_事后打点候选/无人机03_1581F7K3C255900D76E8/DJI_202609071638_003/DJI_20260907164142_0005_V.JPG,B1,uav-03,53HFMAW0M7X8D6,Wide,XMP-drone-dji:LensPosition,36,exiftool
@raw/01_第一批_20260907_1602_单火点/02_激光打点与定位验证/01_事后打点候选/无人机03_1581F7K3C255900D76E8/DJI_202609071638_003/DJI_20260907164142_0005_V.JPG,B1,uav-03,53HFMAW0M7X8D6,Wide,XMP-drone-dji:LensInfinitePosition,35,exiftool
@raw/01_第一批_20260907_1602_单火点/02_激光打点与定位验证/01_事后打点候选/无人机03_1581F7K3C255900D76E8/DJI_202609071638_003/DJI_20260907164142_0005_V.JPG,B1,uav-03,53HFMAW0M7X8D6,Wide,XMP-drone-dji:LensTemperature,42.1,exiftool
@raw/01_第一批_20260907_1602_单火点/02_激光打点与定位验证/01_事后打点候选/无人机03_1581F7K3C255900D76E8/DJI_202609071638_003/DJI_20260907164142_0005_V.JPG,B1,uav-03,53HFMAW0M7X8D6,Wide,XMP-Camera:FileType,single,exiftool
@raw/01_第一批_20260907_1602_单火点/02_激光打点与定位验证/01_事后打点候选/无人机03_1581F7K3C255900D76E8/DJI_202609071638_003/DJI_20260907164142_0005_V.JPG,B1,uav-03,53HFMAW0M7X8D6,Wide,XMP-crs:Version,7.0,exiftool
@raw/01_第一批_20260907_1602_单火点/02_激光打点与定位验证/01_事后打点候选/无人机03_1581F7K3C255900D76E8/DJI_202609071638_003/DJI_20260907164142_0005_V.JPG,B1,uav-03,53HFMAW0M7X8D6,Wide,XMP-crs:HasSettings,False,exiftool
@raw/01_第一批_20260907_1602_单火点/02_激光打点与定位验证/01_事后打点候选/无人机03_1581F7K3C255900D76E8/DJI_202609071638_003/DJI_20260907164142_0005_V.JPG,B1,uav-03,53HFMAW0M7X8D6,Wide,XMP-crs:HasCrop,False,exiftool
@raw/01_第一批_20260907_1602_单火点/02_激光打点与定位验证/01_事后打点候选/无人机03_1581F7K3C255900D76E8/DJI_202609071638_003/DJI_20260907164142_0005_V.JPG,B1,uav-03,53HFMAW0M7X8D6,Wide,XMP-crs:AlreadyApplied,False,exiftool
@raw/01_第一批_20260907_1602_单火点/02_激光打点与定位验证/01_事后打点候选/无人机03_1581F7K3C255900D76E8/DJI_202609071638_003/DJI_20260907164142_0005_V.JPG,B1,uav-03,53HFMAW0M7X8D6,Wide,XML_ATTR:{http://www.w3.org/1999/02/22-rdf-syntax-ns#}about,DJI Meta Data,raw_xmp_xml
@raw/01_第一批_20260907_1602_单火点/02_激光打点与定位验证/01_事后打点候选/无人机03_1581F7K3C255900D76E8/DJI_202609071638_003/DJI_20260907164142_0005_V.JPG,B1,uav-03,53HFMAW0M7X8D6,Wide,XML_ATTR:{http://ns.adobe.com/xap/1.0/}ModifyDate,2026-09-07T16:41:42+08:00,raw_xmp_xml
@raw/01_第一批_20260907_1602_单火点/02_激光打点与定位验证/01_事后打点候选/无人机03_1581F7K3C255900D76E8/DJI_202609071638_003/DJI_20260907164142_0005_V.JPG,B1,uav-03,53HFMAW0M7X8D6,Wide,XML_ATTR:{http://ns.adobe.com/xap/1.0/}CreateDate,2026-09-07T16:41:42+08:00,raw_xmp_xml
@raw/01_第一批_20260907_1602_单火点/02_激光打点与定位验证/01_事后打点候选/无人机03_1581F7K3C255900D76E8/DJI_202609071638_003/DJI_20260907164142_0005_V.JPG,B1,uav-03,53HFMAW0M7X8D6,Wide,XML_ATTR:{http://ns.adobe.com/tiff/1.0/}Make,DJI,raw_xmp_xml
@raw/01_第一批_20260907_1602_单火点/02_激光打点与定位验证/01_事后打点候选/无人机03_1581F7K3C255900D76E8/DJI_202609071638_003/DJI_20260907164142_0005_V.JPG,B1,uav-03,53HFMAW0M7X8D6,Wide,XML_ATTR:{http://ns.adobe.com/tiff/1.0/}Model,M4T,raw_xmp_xml
@raw/01_第一批_20260907_1602_单火点/02_激光打点与定位验证/01_事后打点候选/无人机03_1581F7K3C255900D76E8/DJI_202609071638_003/DJI_20260907164142_0005_V.JPG,B1,uav-03,53HFMAW0M7X8D6,Wide,XML_ATTR:{http://purl.org/dc/elements/1.1/}format,image/jpeg,raw_xmp_xml
@raw/01_第一批_20260907_1602_单火点/02_激光打点与定位验证/01_事后打点候选/无人机03_1581F7K3C255900D76E8/DJI_202609071638_003/DJI_20260907164142_0005_V.JPG,B1,uav-03,53HFMAW0M7X8D6,Wide,XML_ATTR:{http://www.dji.com/drone-dji/1.0/}Version,1.6,raw_xmp_xml
@raw/01_第一批_20260907_1602_单火点/02_激光打点与定位验证/01_事后打点候选/无人机03_1581F7K3C255900D76E8/DJI_202609071638_003/DJI_20260907164142_0005_V.JPG,B1,uav-03,53HFMAW0M7X8D6,Wide,XML_ATTR:{http://www.dji.com/drone-dji/1.0/}ImageSource,WideCamera,raw_xmp_xml
@raw/01_第一批_20260907_1602_单火点/02_激光打点与定位验证/01_事后打点候选/无人机03_1581F7K3C255900D76E8/DJI_202609071638_003/DJI_20260907164142_0005_V.JPG,B1,uav-03,53HFMAW0M7X8D6,Wide,XML_ATTR:{http://www.dji.com/drone-dji/1.0/}GpsStatus,RTK,raw_xmp_xml
@raw/01_第一批_20260907_1602_单火点/02_激光打点与定位验证/01_事后打点候选/无人机03_1581F7K3C255900D76E8/DJI_202609071638_003/DJI_20260907164142_0005_V.JPG,B1,uav-03,53HFMAW0M7X8D6,Wide,XML_ATTR:{http://www.dji.com/drone-dji/1.0/}AltitudeType,RtkAlt,raw_xmp_xml
@raw/01_第一批_20260907_1602_单火点/02_激光打点与定位验证/01_事后打点候选/无人机03_1581F7K3C255900D76E8/DJI_202609071638_003/DJI_20260907164142_0005_V.JPG,B1,uav-03,53HFMAW0M7X8D6,Wide,XML_ATTR:{http://www.dji.com/drone-dji/1.0/}GpsLatitude,+31.289176452,raw_xmp_xml
@raw/01_第一批_20260907_1602_单火点/02_激光打点与定位验证/01_事后打点候选/无人机03_1581F7K3C255900D76E8/DJI_202609071638_003/DJI_20260907164142_0005_V.JPG,B1,uav-03,53HFMAW0M7X8D6,Wide,XML_ATTR:{http://www.dji.com/drone-dji/1.0/}GpsLongitude,+120.472680596,raw_xmp_xml
@raw/01_第一批_20260907_1602_单火点/02_激光打点与定位验证/01_事后打点候选/无人机03_1581F7K3C255900D76E8/DJI_202609071638_003/DJI_20260907164142_0005_V.JPG,B1,uav-03,53HFMAW0M7X8D6,Wide,XML_ATTR:{http://www.dji.com/drone-dji/1.0/}AbsoluteAltitude,+57.851,raw_xmp_xml
@raw/01_第一批_20260907_1602_单火点/02_激光打点与定位验证/01_事后打点候选/无人机03_1581F7K3C255900D76E8/DJI_202609071638_003/DJI_20260907164142_0005_V.JPG,B1,uav-03,53HFMAW0M7X8D6,Wide,XML_ATTR:{http://www.dji.com/drone-dji/1.0/}RelativeAltitude,+10.317,raw_xmp_xml
@raw/01_第一批_20260907_1602_单火点/02_激光打点与定位验证/01_事后打点候选/无人机03_1581F7K3C255900D76E8/DJI_202609071638_003/DJI_20260907164142_0005_V.JPG,B1,uav-03,53HFMAW0M7X8D6,Wide,XML_ATTR:{http://www.dji.com/drone-dji/1.0/}GimbalRollDegree,+0.00,raw_xmp_xml
@raw/01_第一批_20260907_1602_单火点/02_激光打点与定位验证/01_事后打点候选/无人机03_1581F7K3C255900D76E8/DJI_202609071638_003/DJI_20260907164142_0005_V.JPG,B1,uav-03,53HFMAW0M7X8D6,Wide,XML_ATTR:{http://www.dji.com/drone-dji/1.0/}GimbalYawDegree,+125.80,raw_xmp_xml
@raw/01_第一批_20260907_1602_单火点/02_激光打点与定位验证/01_事后打点候选/无人机03_1581F7K3C255900D76E8/DJI_202609071638_003/DJI_20260907164142_0005_V.JPG,B1,uav-03,53HFMAW0M7X8D6,Wide,XML_ATTR:{http://www.dji.com/drone-dji/1.0/}GimbalPitchDegree,-50.50,raw_xmp_xml
@raw/01_第一批_20260907_1602_单火点/02_激光打点与定位验证/01_事后打点候选/无人机03_1581F7K3C255900D76E8/DJI_202609071638_003/DJI_20260907164142_0005_V.JPG,B1,uav-03,53HFMAW0M7X8D6,Wide,XML_ATTR:{http://www.dji.com/drone-dji/1.0/}FlightRollDegree,+0.80,raw_xmp_xml
@raw/01_第一批_20260907_1602_单火点/02_激光打点与定位验证/01_事后打点候选/无人机03_1581F7K3C255900D76E8/DJI_202609071638_003/DJI_20260907164142_0005_V.JPG,B1,uav-03,53HFMAW0M7X8D6,Wide,XML_ATTR:{http://www.dji.com/drone-dji/1.0/}FlightYawDegree,+125.50,raw_xmp_xml
@raw/01_第一批_20260907_1602_单火点/02_激光打点与定位验证/01_事后打点候选/无人机03_1581F7K3C255900D76E8/DJI_202609071638_003/DJI_20260907164142_0005_V.JPG,B1,uav-03,53HFMAW0M7X8D6,Wide,XML_ATTR:{http://www.dji.com/drone-dji/1.0/}FlightPitchDegree,+1.40,raw_xmp_xml
@raw/01_第一批_20260907_1602_单火点/02_激光打点与定位验证/01_事后打点候选/无人机03_1581F7K3C255900D76E8/DJI_202609071638_003/DJI_20260907164142_0005_V.JPG,B1,uav-03,53HFMAW0M7X8D6,Wide,XML_ATTR:{http://www.dji.com/drone-dji/1.0/}FlightXSpeed,0.0,raw_xmp_xml
@raw/01_第一批_20260907_1602_单火点/02_激光打点与定位验证/01_事后打点候选/无人机03_1581F7K3C255900D76E8/DJI_202609071638_003/DJI_20260907164142_0005_V.JPG,B1,uav-03,53HFMAW0M7X8D6,Wide,XML_ATTR:{http://www.dji.com/drone-dji/1.0/}FlightYSpeed,0.0,raw_xmp_xml
@raw/01_第一批_20260907_1602_单火点/02_激光打点与定位验证/01_事后打点候选/无人机03_1581F7K3C255900D76E8/DJI_202609071638_003/DJI_20260907164142_0005_V.JPG,B1,uav-03,53HFMAW0M7X8D6,Wide,XML_ATTR:{http://www.dji.com/drone-dji/1.0/}FlightZSpeed,0.0,raw_xmp_xml
@raw/01_第一批_20260907_1602_单火点/02_激光打点与定位验证/01_事后打点候选/无人机03_1581F7K3C255900D76E8/DJI_202609071638_003/DJI_20260907164142_0005_V.JPG,B1,uav-03,53HFMAW0M7X8D6,Wide,XML_ATTR:{http://www.dji.com/drone-dji/1.0/}CamReverse,0,raw_xmp_xml
@raw/01_第一批_20260907_1602_单火点/02_激光打点与定位验证/01_事后打点候选/无人机03_1581F7K3C255900D76E8/DJI_202609071638_003/DJI_20260907164142_0005_V.JPG,B1,uav-03,53HFMAW0M7X8D6,Wide,XML_ATTR:{http://www.dji.com/drone-dji/1.0/}GimbalReverse,0,raw_xmp_xml
@raw/01_第一批_20260907_1602_单火点/02_激光打点与定位验证/01_事后打点候选/无人机03_1581F7K3C255900D76E8/DJI_202609071638_003/DJI_20260907164142_0005_V.JPG,B1,uav-03,53HFMAW0M7X8D6,Wide,XML_ATTR:{http://www.dji.com/drone-dji/1.0/}SensorTemperature,41.0,raw_xmp_xml
@raw/01_第一批_20260907_1602_单火点/02_激光打点与定位验证/01_事后打点候选/无人机03_1581F7K3C255900D76E8/DJI_202609071638_003/DJI_20260907164142_0005_V.JPG,B1,uav-03,53HFMAW0M7X8D6,Wide,XML_ATTR:{http://www.dji.com/drone-dji/1.0/}ProductName,DJI Matrice 4T,raw_xmp_xml
@raw/01_第一批_20260907_1602_单火点/02_激光打点与定位验证/01_事后打点候选/无人机03_1581F7K3C255900D76E8/DJI_202609071638_003/DJI_20260907164142_0005_V.JPG,B1,uav-03,53HFMAW0M7X8D6,Wide,XML_ATTR:{http://www.dji.com/drone-dji/1.0/}SelfData,,raw_xmp_xml
@raw/01_第一批_20260907_1602_单火点/02_激光打点与定位验证/01_事后打点候选/无人机03_1581F7K3C255900D76E8/DJI_202609071638_003/DJI_20260907164142_0005_V.JPG,B1,uav-03,53HFMAW0M7X8D6,Wide,XML_ATTR:{http://www.dji.com/drone-dji/1.0/}RtkFlag,16,raw_xmp_xml
@raw/01_第一批_20260907_1602_单火点/02_激光打点与定位验证/01_事后打点候选/无人机03_1581F7K3C255900D76E8/DJI_202609071638_003/DJI_20260907164142_0005_V.JPG,B1,uav-03,53HFMAW0M7X8D6,Wide,XML_ATTR:{http://www.dji.com/drone-dji/1.0/}RtkStdLon,0.07869,raw_xmp_xml
@raw/01_第一批_20260907_1602_单火点/02_激光打点与定位验证/01_事后打点候选/无人机03_1581F7K3C255900D76E8/DJI_202609071638_003/DJI_20260907164142_0005_V.JPG,B1,uav-03,53HFMAW0M7X8D6,Wide,XML_ATTR:{http://www.dji.com/drone-dji/1.0/}RtkStdLat,0.08149,raw_xmp_xml
@raw/01_第一批_20260907_1602_单火点/02_激光打点与定位验证/01_事后打点候选/无人机03_1581F7K3C255900D76E8/DJI_202609071638_003/DJI_20260907164142_0005_V.JPG,B1,uav-03,53HFMAW0M7X8D6,Wide,XML_ATTR:{http://www.dji.com/drone-dji/1.0/}RtkStdHgt,0.13855,raw_xmp_xml
@raw/01_第一批_20260907_1602_单火点/02_激光打点与定位验证/01_事后打点候选/无人机03_1581F7K3C255900D76E8/DJI_202609071638_003/DJI_20260907164142_0005_V.JPG,B1,uav-03,53HFMAW0M7X8D6,Wide,XML_ATTR:{http://www.dji.com/drone-dji/1.0/}RtkDiffAge,0.00000,raw_xmp_xml
@raw/01_第一批_20260907_1602_单火点/02_激光打点与定位验证/01_事后打点候选/无人机03_1581F7K3C255900D76E8/DJI_202609071638_003/DJI_20260907164142_0005_V.JPG,B1,uav-03,53HFMAW0M7X8D6,Wide,XML_ATTR:{http://www.dji.com/drone-dji/1.0/}SurveyingMode,1,raw_xmp_xml
@raw/01_第一批_20260907_1602_单火点/02_激光打点与定位验证/01_事后打点候选/无人机03_1581F7K3C255900D76E8/DJI_202609071638_003/DJI_20260907164142_0005_V.JPG,B1,uav-03,53HFMAW0M7X8D6,Wide,XML_ATTR:{http://www.dji.com/drone-dji/1.0/}UTCAtExposure,2026-09-07T08:42:02.995450,raw_xmp_xml
@raw/01_第一批_20260907_1602_单火点/02_激光打点与定位验证/01_事后打点候选/无人机03_1581F7K3C255900D76E8/DJI_202609071638_003/DJI_20260907164142_0005_V.JPG,B1,uav-03,53HFMAW0M7X8D6,Wide,XML_ATTR:{http://www.dji.com/drone-dji/1.0/}ShutterType,Electronic,raw_xmp_xml
@raw/01_第一批_20260907_1602_单火点/02_激光打点与定位验证/01_事后打点候选/无人机03_1581F7K3C255900D76E8/DJI_202609071638_003/DJI_20260907164142_0005_V.JPG,B1,uav-03,53HFMAW0M7X8D6,Wide,XML_ATTR:{http://www.dji.com/drone-dji/1.0/}CameraSerialNumber,53HFMAW0M7X8D6,raw_xmp_xml
@raw/01_第一批_20260907_1602_单火点/02_激光打点与定位验证/01_事后打点候选/无人机03_1581F7K3C255900D76E8/DJI_202609071638_003/DJI_20260907164142_0005_V.JPG,B1,uav-03,53HFMAW0M7X8D6,Wide,XML_ATTR:{http://www.dji.com/drone-dji/1.0/}DroneModel,M4T,raw_xmp_xml
@raw/01_第一批_20260907_1602_单火点/02_激光打点与定位验证/01_事后打点候选/无人机03_1581F7K3C255900D76E8/DJI_202609071638_003/DJI_20260907164142_0005_V.JPG,B1,uav-03,53HFMAW0M7X8D6,Wide,XML_ATTR:{http://www.dji.com/drone-dji/1.0/}DroneSerialNumber,1581F7K3C255900D76E8,raw_xmp_xml
@raw/01_第一批_20260907_1602_单火点/02_激光打点与定位验证/01_事后打点候选/无人机03_1581F7K3C255900D76E8/DJI_202609071638_003/DJI_20260907164142_0005_V.JPG,B1,uav-03,53HFMAW0M7X8D6,Wide,XML_ATTR:{http://www.dji.com/drone-dji/1.0/}LRFStatus,Normal,raw_xmp_xml
@raw/01_第一批_20260907_1602_单火点/02_激光打点与定位验证/01_事后打点候选/无人机03_1581F7K3C255900D76E8/DJI_202609071638_003/DJI_20260907164142_0005_V.JPG,B1,uav-03,53HFMAW0M7X8D6,Wide,XML_ATTR:{http://www.dji.com/drone-dji/1.0/}LRFTargetDistance,14.066,raw_xmp_xml
@raw/01_第一批_20260907_1602_单火点/02_激光打点与定位验证/01_事后打点候选/无人机03_1581F7K3C255900D76E8/DJI_202609071638_003/DJI_20260907164142_0005_V.JPG,B1,uav-03,53HFMAW0M7X8D6,Wide,XML_ATTR:{http://www.dji.com/drone-dji/1.0/}LRFTargetLon,120.4727498,raw_xmp_xml
@raw/01_第一批_20260907_1602_单火点/02_激光打点与定位验证/01_事后打点候选/无人机03_1581F7K3C255900D76E8/DJI_202609071638_003/DJI_20260907164142_0005_V.JPG,B1,uav-03,53HFMAW0M7X8D6,Wide,XML_ATTR:{http://www.dji.com/drone-dji/1.0/}LRFTargetLat,31.2891356,raw_xmp_xml
@raw/01_第一批_20260907_1602_单火点/02_激光打点与定位验证/01_事后打点候选/无人机03_1581F7K3C255900D76E8/DJI_202609071638_003/DJI_20260907164142_0005_V.JPG,B1,uav-03,53HFMAW0M7X8D6,Wide,XML_ATTR:{http://www.dji.com/drone-dji/1.0/}LRFTargetAlt,-0.584,raw_xmp_xml
@raw/01_第一批_20260907_1602_单火点/02_激光打点与定位验证/01_事后打点候选/无人机03_1581F7K3C255900D76E8/DJI_202609071638_003/DJI_20260907164142_0005_V.JPG,B1,uav-03,53HFMAW0M7X8D6,Wide,XML_ATTR:{http://www.dji.com/drone-dji/1.0/}LRFTargetAbsAlt,51.000,raw_xmp_xml
@raw/01_第一批_20260907_1602_单火点/02_激光打点与定位验证/01_事后打点候选/无人机03_1581F7K3C255900D76E8/DJI_202609071638_003/DJI_20260907164142_0005_V.JPG,B1,uav-03,53HFMAW0M7X8D6,Wide,XML_ATTR:{http://www.dji.com/drone-dji/1.0/}WhiteBalanceCCT,4459,raw_xmp_xml
@raw/01_第一批_20260907_1602_单火点/02_激光打点与定位验证/01_事后打点候选/无人机03_1581F7K3C255900D76E8/DJI_202609071638_003/DJI_20260907164142_0005_V.JPG,B1,uav-03,53HFMAW0M7X8D6,Wide,XML_ATTR:{http://www.dji.com/drone-dji/1.0/}SensorFPS,2997/100,raw_xmp_xml
@raw/01_第一批_20260907_1602_单火点/02_激光打点与定位验证/01_事后打点候选/无人机03_1581F7K3C255900D76E8/DJI_202609071638_003/DJI_20260907164142_0005_V.JPG,B1,uav-03,53HFMAW0M7X8D6,Wide,XML_ATTR:{http://www.dji.com/drone-dji/1.0/}LensPosition,36,raw_xmp_xml
@raw/01_第一批_20260907_1602_单火点/02_激光打点与定位验证/01_事后打点候选/无人机03_1581F7K3C255900D76E8/DJI_202609071638_003/DJI_20260907164142_0005_V.JPG,B1,uav-03,53HFMAW0M7X8D6,Wide,XML_ATTR:{http://www.dji.com/drone-dji/1.0/}LensInfinitePosition,35,raw_xmp_xml
@raw/01_第一批_20260907_1602_单火点/02_激光打点与定位验证/01_事后打点候选/无人机03_1581F7K3C255900D76E8/DJI_202609071638_003/DJI_20260907164142_0005_V.JPG,B1,uav-03,53HFMAW0M7X8D6,Wide,XML_ATTR:{http://www.dji.com/drone-dji/1.0/}LensTemperature,42.100000,raw_xmp_xml
@raw/01_第一批_20260907_1602_单火点/02_激光打点与定位验证/01_事后打点候选/无人机03_1581F7K3C255900D76E8/DJI_202609071638_003/DJI_20260907164142_0005_V.JPG,B1,uav-03,53HFMAW0M7X8D6,Wide,XML_ATTR:{http://pix4d.com/camera/1.0}FileType,single,raw_xmp_xml
@raw/01_第一批_20260907_1602_单火点/02_激光打点与定位验证/01_事后打点候选/无人机03_1581F7K3C255900D76E8/DJI_202609071638_003/DJI_20260907164142_0005_V.JPG,B1,uav-03,53HFMAW0M7X8D6,Wide,XML_ATTR:{http://ns.adobe.com/camera-raw-settings/1.0/}Version,7.0,raw_xmp_xml
@raw/01_第一批_20260907_1602_单火点/02_激光打点与定位验证/01_事后打点候选/无人机03_1581F7K3C255900D76E8/DJI_202609071638_003/DJI_20260907164142_0005_V.JPG,B1,uav-03,53HFMAW0M7X8D6,Wide,XML_ATTR:{http://ns.adobe.com/camera-raw-settings/1.0/}HasSettings,False,raw_xmp_xml
@raw/01_第一批_20260907_1602_单火点/02_激光打点与定位验证/01_事后打点候选/无人机03_1581F7K3C255900D76E8/DJI_202609071638_003/DJI_20260907164142_0005_V.JPG,B1,uav-03,53HFMAW0M7X8D6,Wide,XML_ATTR:{http://ns.adobe.com/camera-raw-settings/1.0/}HasCrop,False,raw_xmp_xml
@raw/01_第一批_20260907_1602_单火点/02_激光打点与定位验证/01_事后打点候选/无人机03_1581F7K3C255900D76E8/DJI_202609071638_003/DJI_20260907164142_0005_V.JPG,B1,uav-03,53HFMAW0M7X8D6,Wide,XML_ATTR:{http://ns.adobe.com/camera-raw-settings/1.0/}AlreadyApplied,False,raw_xmp_xml
@raw/01_第一批_20260907_1602_单火点/02_激光打点与定位验证/01_事后打点候选/无人机03_1581F7K3C255900D76E8/DJI_202609071638_003/DJI_20260907164233_0006_V.JPG,B1,uav-03,53HFMAW0M7X8D6,Wide,XMP-rdf:About,DJI Meta Data,exiftool
@raw/01_第一批_20260907_1602_单火点/02_激光打点与定位验证/01_事后打点候选/无人机03_1581F7K3C255900D76E8/DJI_202609071638_003/DJI_20260907164233_0006_V.JPG,B1,uav-03,53HFMAW0M7X8D6,Wide,XMP-xmp:ModifyDate,2026:09:07 16:42:33+08:00,exiftool
@raw/01_第一批_20260907_1602_单火点/02_激光打点与定位验证/01_事后打点候选/无人机03_1581F7K3C255900D76E8/DJI_202609071638_003/DJI_20260907164233_0006_V.JPG,B1,uav-03,53HFMAW0M7X8D6,Wide,XMP-xmp:CreateDate,2026:09:07 16:42:33+08:00,exiftool
@raw/01_第一批_20260907_1602_单火点/02_激光打点与定位验证/01_事后打点候选/无人机03_1581F7K3C255900D76E8/DJI_202609071638_003/DJI_20260907164233_0006_V.JPG,B1,uav-03,53HFMAW0M7X8D6,Wide,XMP-tiff:Make,DJI,exiftool
@raw/01_第一批_20260907_1602_单火点/02_激光打点与定位验证/01_事后打点候选/无人机03_1581F7K3C255900D76E8/DJI_202609071638_003/DJI_20260907164233_0006_V.JPG,B1,uav-03,53HFMAW0M7X8D6,Wide,XMP-tiff:Model,M4T,exiftool
@raw/01_第一批_20260907_1602_单火点/02_激光打点与定位验证/01_事后打点候选/无人机03_1581F7K3C255900D76E8/DJI_202609071638_003/DJI_20260907164233_0006_V.JPG,B1,uav-03,53HFMAW0M7X8D6,Wide,XMP-dc:Format,image/jpeg,exiftool
@raw/01_第一批_20260907_1602_单火点/02_激光打点与定位验证/01_事后打点候选/无人机03_1581F7K3C255900D76E8/DJI_202609071638_003/DJI_20260907164233_0006_V.JPG,B1,uav-03,53HFMAW0M7X8D6,Wide,XMP-drone-dji:Version,1.6,exiftool
@raw/01_第一批_20260907_1602_单火点/02_激光打点与定位验证/01_事后打点候选/无人机03_1581F7K3C255900D76E8/DJI_202609071638_003/DJI_20260907164233_0006_V.JPG,B1,uav-03,53HFMAW0M7X8D6,Wide,XMP-drone-dji:ImageSource,WideCamera,exiftool
@raw/01_第一批_20260907_1602_单火点/02_激光打点与定位验证/01_事后打点候选/无人机03_1581F7K3C255900D76E8/DJI_202609071638_003/DJI_20260907164233_0006_V.JPG,B1,uav-03,53HFMAW0M7X8D6,Wide,XMP-drone-dji:GpsStatus,RTK,exiftool
@raw/01_第一批_20260907_1602_单火点/02_激光打点与定位验证/01_事后打点候选/无人机03_1581F7K3C255900D76E8/DJI_202609071638_003/DJI_20260907164233_0006_V.JPG,B1,uav-03,53HFMAW0M7X8D6,Wide,XMP-drone-dji:AltitudeType,RtkAlt,exiftool
@raw/01_第一批_20260907_1602_单火点/02_激光打点与定位验证/01_事后打点候选/无人机03_1581F7K3C255900D76E8/DJI_202609071638_003/DJI_20260907164233_0006_V.JPG,B1,uav-03,53HFMAW0M7X8D6,Wide,XMP-drone-dji:GPSLatitude,+31.289130036,exiftool
@raw/01_第一批_20260907_1602_单火点/02_激光打点与定位验证/01_事后打点候选/无人机03_1581F7K3C255900D76E8/DJI_202609071638_003/DJI_20260907164233_0006_V.JPG,B1,uav-03,53HFMAW0M7X8D6,Wide,XMP-drone-dji:GPSLongitude,+120.472774857,exiftool
@raw/01_第一批_20260907_1602_单火点/02_激光打点与定位验证/01_事后打点候选/无人机03_1581F7K3C255900D76E8/DJI_202609071638_003/DJI_20260907164233_0006_V.JPG,B1,uav-03,53HFMAW0M7X8D6,Wide,XMP-drone-dji:AbsoluteAltitude,+60.824,exiftool
@raw/01_第一批_20260907_1602_单火点/02_激光打点与定位验证/01_事后打点候选/无人机03_1581F7K3C255900D76E8/DJI_202609071638_003/DJI_20260907164233_0006_V.JPG,B1,uav-03,53HFMAW0M7X8D6,Wide,XMP-drone-dji:RelativeAltitude,+13.249,exiftool
@raw/01_第一批_20260907_1602_单火点/02_激光打点与定位验证/01_事后打点候选/无人机03_1581F7K3C255900D76E8/DJI_202609071638_003/DJI_20260907164233_0006_V.JPG,B1,uav-03,53HFMAW0M7X8D6,Wide,XMP-drone-dji:GimbalRollDegree,+180.00,exiftool
@raw/01_第一批_20260907_1602_单火点/02_激光打点与定位验证/01_事后打点候选/无人机03_1581F7K3C255900D76E8/DJI_202609071638_003/DJI_20260907164233_0006_V.JPG,B1,uav-03,53HFMAW0M7X8D6,Wide,XMP-drone-dji:GimbalYawDegree,-54.2,exiftool
@raw/01_第一批_20260907_1602_单火点/02_激光打点与定位验证/01_事后打点候选/无人机03_1581F7K3C255900D76E8/DJI_202609071638_003/DJI_20260907164233_0006_V.JPG,B1,uav-03,53HFMAW0M7X8D6,Wide,XMP-drone-dji:GimbalPitchDegree,-90.0,exiftool
@raw/01_第一批_20260907_1602_单火点/02_激光打点与定位验证/01_事后打点候选/无人机03_1581F7K3C255900D76E8/DJI_202609071638_003/DJI_20260907164233_0006_V.JPG,B1,uav-03,53HFMAW0M7X8D6,Wide,XMP-drone-dji:FlightRollDegree,+0.80,exiftool
@raw/01_第一批_20260907_1602_单火点/02_激光打点与定位验证/01_事后打点候选/无人机03_1581F7K3C255900D76E8/DJI_202609071638_003/DJI_20260907164233_0006_V.JPG,B1,uav-03,53HFMAW0M7X8D6,Wide,XMP-drone-dji:FlightYawDegree,+125.80,exiftool
@raw/01_第一批_20260907_1602_单火点/02_激光打点与定位验证/01_事后打点候选/无人机03_1581F7K3C255900D76E8/DJI_202609071638_003/DJI_20260907164233_0006_V.JPG,B1,uav-03,53HFMAW0M7X8D6,Wide,XMP-drone-dji:FlightPitchDegree,+2.70,exiftool
@raw/01_第一批_20260907_1602_单火点/02_激光打点与定位验证/01_事后打点候选/无人机03_1581F7K3C255900D76E8/DJI_202609071638_003/DJI_20260907164233_0006_V.JPG,B1,uav-03,53HFMAW0M7X8D6,Wide,XMP-drone-dji:FlightXSpeed,-0.1,exiftool
@raw/01_第一批_20260907_1602_单火点/02_激光打点与定位验证/01_事后打点候选/无人机03_1581F7K3C255900D76E8/DJI_202609071638_003/DJI_20260907164233_0006_V.JPG,B1,uav-03,53HFMAW0M7X8D6,Wide,XMP-drone-dji:FlightYSpeed,0.0,exiftool
@raw/01_第一批_20260907_1602_单火点/02_激光打点与定位验证/01_事后打点候选/无人机03_1581F7K3C255900D76E8/DJI_202609071638_003/DJI_20260907164233_0006_V.JPG,B1,uav-03,53HFMAW0M7X8D6,Wide,XMP-drone-dji:FlightZSpeed,0.0,exiftool
@raw/01_第一批_20260907_1602_单火点/02_激光打点与定位验证/01_事后打点候选/无人机03_1581F7K3C255900D76E8/DJI_202609071638_003/DJI_20260907164233_0006_V.JPG,B1,uav-03,53HFMAW0M7X8D6,Wide,XMP-drone-dji:CamReverse,0,exiftool
@raw/01_第一批_20260907_1602_单火点/02_激光打点与定位验证/01_事后打点候选/无人机03_1581F7K3C255900D76E8/DJI_202609071638_003/DJI_20260907164233_0006_V.JPG,B1,uav-03,53HFMAW0M7X8D6,Wide,XMP-drone-dji:GimbalReverse,0,exiftool
@raw/01_第一批_20260907_1602_单火点/02_激光打点与定位验证/01_事后打点候选/无人机03_1581F7K3C255900D76E8/DJI_202609071638_003/DJI_20260907164233_0006_V.JPG,B1,uav-03,53HFMAW0M7X8D6,Wide,XMP-drone-dji:SensorTemperature,41.0,exiftool
@raw/01_第一批_20260907_1602_单火点/02_激光打点与定位验证/01_事后打点候选/无人机03_1581F7K3C255900D76E8/DJI_202609071638_003/DJI_20260907164233_0006_V.JPG,B1,uav-03,53HFMAW0M7X8D6,Wide,XMP-drone-dji:ProductName,DJI Matrice 4T,exiftool
@raw/01_第一批_20260907_1602_单火点/02_激光打点与定位验证/01_事后打点候选/无人机03_1581F7K3C255900D76E8/DJI_202609071638_003/DJI_20260907164233_0006_V.JPG,B1,uav-03,53HFMAW0M7X8D6,Wide,XMP-drone-dji:SelfData,,exiftool
@raw/01_第一批_20260907_1602_单火点/02_激光打点与定位验证/01_事后打点候选/无人机03_1581F7K3C255900D76E8/DJI_202609071638_003/DJI_20260907164233_0006_V.JPG,B1,uav-03,53HFMAW0M7X8D6,Wide,XMP-drone-dji:RtkFlag,16,exiftool
@raw/01_第一批_20260907_1602_单火点/02_激光打点与定位验证/01_事后打点候选/无人机03_1581F7K3C255900D76E8/DJI_202609071638_003/DJI_20260907164233_0006_V.JPG,B1,uav-03,53HFMAW0M7X8D6,Wide,XMP-drone-dji:RtkStdLon,0.07858,exiftool
@raw/01_第一批_20260907_1602_单火点/02_激光打点与定位验证/01_事后打点候选/无人机03_1581F7K3C255900D76E8/DJI_202609071638_003/DJI_20260907164233_0006_V.JPG,B1,uav-03,53HFMAW0M7X8D6,Wide,XMP-drone-dji:RtkStdLat,0.08146,exiftool
@raw/01_第一批_20260907_1602_单火点/02_激光打点与定位验证/01_事后打点候选/无人机03_1581F7K3C255900D76E8/DJI_202609071638_003/DJI_20260907164233_0006_V.JPG,B1,uav-03,53HFMAW0M7X8D6,Wide,XMP-drone-dji:RtkStdHgt,0.13859,exiftool
@raw/01_第一批_20260907_1602_单火点/02_激光打点与定位验证/01_事后打点候选/无人机03_1581F7K3C255900D76E8/DJI_202609071638_003/DJI_20260907164233_0006_V.JPG,B1,uav-03,53HFMAW0M7X8D6,Wide,XMP-drone-dji:RtkDiffAge,0.0,exiftool
@raw/01_第一批_20260907_1602_单火点/02_激光打点与定位验证/01_事后打点候选/无人机03_1581F7K3C255900D76E8/DJI_202609071638_003/DJI_20260907164233_0006_V.JPG,B1,uav-03,53HFMAW0M7X8D6,Wide,XMP-drone-dji:SurveyingMode,1,exiftool
@raw/01_第一批_20260907_1602_单火点/02_激光打点与定位验证/01_事后打点候选/无人机03_1581F7K3C255900D76E8/DJI_202609071638_003/DJI_20260907164233_0006_V.JPG,B1,uav-03,53HFMAW0M7X8D6,Wide,XMP-drone-dji:UTCAtExposure,2026:09:07 08:42:53.721384,exiftool
@raw/01_第一批_20260907_1602_单火点/02_激光打点与定位验证/01_事后打点候选/无人机03_1581F7K3C255900D76E8/DJI_202609071638_003/DJI_20260907164233_0006_V.JPG,B1,uav-03,53HFMAW0M7X8D6,Wide,XMP-drone-dji:ShutterType,Electronic,exiftool
@raw/01_第一批_20260907_1602_单火点/02_激光打点与定位验证/01_事后打点候选/无人机03_1581F7K3C255900D76E8/DJI_202609071638_003/DJI_20260907164233_0006_V.JPG,B1,uav-03,53HFMAW0M7X8D6,Wide,XMP-drone-dji:CameraSerialNumber,53HFMAW0M7X8D6,exiftool
@raw/01_第一批_20260907_1602_单火点/02_激光打点与定位验证/01_事后打点候选/无人机03_1581F7K3C255900D76E8/DJI_202609071638_003/DJI_20260907164233_0006_V.JPG,B1,uav-03,53HFMAW0M7X8D6,Wide,XMP-drone-dji:DroneModel,M4T,exiftool
@raw/01_第一批_20260907_1602_单火点/02_激光打点与定位验证/01_事后打点候选/无人机03_1581F7K3C255900D76E8/DJI_202609071638_003/DJI_20260907164233_0006_V.JPG,B1,uav-03,53HFMAW0M7X8D6,Wide,XMP-drone-dji:DroneSerialNumber,1581F7K3C255900D76E8,exiftool
@raw/01_第一批_20260907_1602_单火点/02_激光打点与定位验证/01_事后打点候选/无人机03_1581F7K3C255900D76E8/DJI_202609071638_003/DJI_20260907164233_0006_V.JPG,B1,uav-03,53HFMAW0M7X8D6,Wide,XMP-drone-dji:LRFStatus,Normal,exiftool
@raw/01_第一批_20260907_1602_单火点/02_激光打点与定位验证/01_事后打点候选/无人机03_1581F7K3C255900D76E8/DJI_202609071638_003/DJI_20260907164233_0006_V.JPG,B1,uav-03,53HFMAW0M7X8D6,Wide,XMP-drone-dji:LRFTargetDistance,13.395,exiftool
@raw/01_第一批_20260907_1602_单火点/02_激光打点与定位验证/01_事后打点候选/无人机03_1581F7K3C255900D76E8/DJI_202609071638_003/DJI_20260907164233_0006_V.JPG,B1,uav-03,53HFMAW0M7X8D6,Wide,XMP-drone-dji:LRFTargetLon,120.4727689,exiftool
@raw/01_第一批_20260907_1602_单火点/02_激光打点与定位验证/01_事后打点候选/无人机03_1581F7K3C255900D76E8/DJI_202609071638_003/DJI_20260907164233_0006_V.JPG,B1,uav-03,53HFMAW0M7X8D6,Wide,XMP-drone-dji:LRFTargetLat,31.289137,exiftool
@raw/01_第一批_20260907_1602_单火点/02_激光打点与定位验证/01_事后打点候选/无人机03_1581F7K3C255900D76E8/DJI_202609071638_003/DJI_20260907164233_0006_V.JPG,B1,uav-03,53HFMAW0M7X8D6,Wide,XMP-drone-dji:LRFTargetAlt,-0.184,exiftool
@raw/01_第一批_20260907_1602_单火点/02_激光打点与定位验证/01_事后打点候选/无人机03_1581F7K3C255900D76E8/DJI_202609071638_003/DJI_20260907164233_0006_V.JPG,B1,uav-03,53HFMAW0M7X8D6,Wide,XMP-drone-dji:LRFTargetAbsAlt,51.4,exiftool
@raw/01_第一批_20260907_1602_单火点/02_激光打点与定位验证/01_事后打点候选/无人机03_1581F7K3C255900D76E8/DJI_202609071638_003/DJI_20260907164233_0006_V.JPG,B1,uav-03,53HFMAW0M7X8D6,Wide,XMP-drone-dji:WhiteBalanceCCT,4585,exiftool
@raw/01_第一批_20260907_1602_单火点/02_激光打点与定位验证/01_事后打点候选/无人机03_1581F7K3C255900D76E8/DJI_202609071638_003/DJI_20260907164233_0006_V.JPG,B1,uav-03,53HFMAW0M7X8D6,Wide,XMP-drone-dji:SensorFPS,29.97,exiftool
@raw/01_第一批_20260907_1602_单火点/02_激光打点与定位验证/01_事后打点候选/无人机03_1581F7K3C255900D76E8/DJI_202609071638_003/DJI_20260907164233_0006_V.JPG,B1,uav-03,53HFMAW0M7X8D6,Wide,XMP-drone-dji:LensPosition,37,exiftool
@raw/01_第一批_20260907_1602_单火点/02_激光打点与定位验证/01_事后打点候选/无人机03_1581F7K3C255900D76E8/DJI_202609071638_003/DJI_20260907164233_0006_V.JPG,B1,uav-03,53HFMAW0M7X8D6,Wide,XMP-drone-dji:LensInfinitePosition,35,exiftool
@raw/01_第一批_20260907_1602_单火点/02_激光打点与定位验证/01_事后打点候选/无人机03_1581F7K3C255900D76E8/DJI_202609071638_003/DJI_20260907164233_0006_V.JPG,B1,uav-03,53HFMAW0M7X8D6,Wide,XMP-drone-dji:LensTemperature,41.9,exiftool
@raw/01_第一批_20260907_1602_单火点/02_激光打点与定位验证/01_事后打点候选/无人机03_1581F7K3C255900D76E8/DJI_202609071638_003/DJI_20260907164233_0006_V.JPG,B1,uav-03,53HFMAW0M7X8D6,Wide,XMP-Camera:FileType,single,exiftool
@raw/01_第一批_20260907_1602_单火点/02_激光打点与定位验证/01_事后打点候选/无人机03_1581F7K3C255900D76E8/DJI_202609071638_003/DJI_20260907164233_0006_V.JPG,B1,uav-03,53HFMAW0M7X8D6,Wide,XMP-crs:Version,7.0,exiftool
@raw/01_第一批_20260907_1602_单火点/02_激光打点与定位验证/01_事后打点候选/无人机03_1581F7K3C255900D76E8/DJI_202609071638_003/DJI_20260907164233_0006_V.JPG,B1,uav-03,53HFMAW0M7X8D6,Wide,XMP-crs:HasSettings,False,exiftool
@raw/01_第一批_20260907_1602_单火点/02_激光打点与定位验证/01_事后打点候选/无人机03_1581F7K3C255900D76E8/DJI_202609071638_003/DJI_20260907164233_0006_V.JPG,B1,uav-03,53HFMAW0M7X8D6,Wide,XMP-crs:HasCrop,False,exiftool
@raw/01_第一批_20260907_1602_单火点/02_激光打点与定位验证/01_事后打点候选/无人机03_1581F7K3C255900D76E8/DJI_202609071638_003/DJI_20260907164233_0006_V.JPG,B1,uav-03,53HFMAW0M7X8D6,Wide,XMP-crs:AlreadyApplied,False,exiftool
@raw/01_第一批_20260907_1602_单火点/02_激光打点与定位验证/01_事后打点候选/无人机03_1581F7K3C255900D76E8/DJI_202609071638_003/DJI_20260907164233_0006_V.JPG,B1,uav-03,53HFMAW0M7X8D6,Wide,XML_ATTR:{http://www.w3.org/1999/02/22-rdf-syntax-ns#}about,DJI Meta Data,raw_xmp_xml
@raw/01_第一批_20260907_1602_单火点/02_激光打点与定位验证/01_事后打点候选/无人机03_1581F7K3C255900D76E8/DJI_202609071638_003/DJI_20260907164233_0006_V.JPG,B1,uav-03,53HFMAW0M7X8D6,Wide,XML_ATTR:{http://ns.adobe.com/xap/1.0/}ModifyDate,2026-09-07T16:42:33+08:00,raw_xmp_xml
@raw/01_第一批_20260907_1602_单火点/02_激光打点与定位验证/01_事后打点候选/无人机03_1581F7K3C255900D76E8/DJI_202609071638_003/DJI_20260907164233_0006_V.JPG,B1,uav-03,53HFMAW0M7X8D6,Wide,XML_ATTR:{http://ns.adobe.com/xap/1.0/}CreateDate,2026-09-07T16:42:33+08:00,raw_xmp_xml
@raw/01_第一批_20260907_1602_单火点/02_激光打点与定位验证/01_事后打点候选/无人机03_1581F7K3C255900D76E8/DJI_202609071638_003/DJI_20260907164233_0006_V.JPG,B1,uav-03,53HFMAW0M7X8D6,Wide,XML_ATTR:{http://ns.adobe.com/tiff/1.0/}Make,DJI,raw_xmp_xml
@raw/01_第一批_20260907_1602_单火点/02_激光打点与定位验证/01_事后打点候选/无人机03_1581F7K3C255900D76E8/DJI_202609071638_003/DJI_20260907164233_0006_V.JPG,B1,uav-03,53HFMAW0M7X8D6,Wide,XML_ATTR:{http://ns.adobe.com/tiff/1.0/}Model,M4T,raw_xmp_xml
@raw/01_第一批_20260907_1602_单火点/02_激光打点与定位验证/01_事后打点候选/无人机03_1581F7K3C255900D76E8/DJI_202609071638_003/DJI_20260907164233_0006_V.JPG,B1,uav-03,53HFMAW0M7X8D6,Wide,XML_ATTR:{http://purl.org/dc/elements/1.1/}format,image/jpeg,raw_xmp_xml
@raw/01_第一批_20260907_1602_单火点/02_激光打点与定位验证/01_事后打点候选/无人机03_1581F7K3C255900D76E8/DJI_202609071638_003/DJI_20260907164233_0006_V.JPG,B1,uav-03,53HFMAW0M7X8D6,Wide,XML_ATTR:{http://www.dji.com/drone-dji/1.0/}Version,1.6,raw_xmp_xml
@raw/01_第一批_20260907_1602_单火点/02_激光打点与定位验证/01_事后打点候选/无人机03_1581F7K3C255900D76E8/DJI_202609071638_003/DJI_20260907164233_0006_V.JPG,B1,uav-03,53HFMAW0M7X8D6,Wide,XML_ATTR:{http://www.dji.com/drone-dji/1.0/}ImageSource,WideCamera,raw_xmp_xml
@raw/01_第一批_20260907_1602_单火点/02_激光打点与定位验证/01_事后打点候选/无人机03_1581F7K3C255900D76E8/DJI_202609071638_003/DJI_20260907164233_0006_V.JPG,B1,uav-03,53HFMAW0M7X8D6,Wide,XML_ATTR:{http://www.dji.com/drone-dji/1.0/}GpsStatus,RTK,raw_xmp_xml
@raw/01_第一批_20260907_1602_单火点/02_激光打点与定位验证/01_事后打点候选/无人机03_1581F7K3C255900D76E8/DJI_202609071638_003/DJI_20260907164233_0006_V.JPG,B1,uav-03,53HFMAW0M7X8D6,Wide,XML_ATTR:{http://www.dji.com/drone-dji/1.0/}AltitudeType,RtkAlt,raw_xmp_xml
@raw/01_第一批_20260907_1602_单火点/02_激光打点与定位验证/01_事后打点候选/无人机03_1581F7K3C255900D76E8/DJI_202609071638_003/DJI_20260907164233_0006_V.JPG,B1,uav-03,53HFMAW0M7X8D6,Wide,XML_ATTR:{http://www.dji.com/drone-dji/1.0/}GpsLatitude,+31.289130036,raw_xmp_xml
@raw/01_第一批_20260907_1602_单火点/02_激光打点与定位验证/01_事后打点候选/无人机03_1581F7K3C255900D76E8/DJI_202609071638_003/DJI_20260907164233_0006_V.JPG,B1,uav-03,53HFMAW0M7X8D6,Wide,XML_ATTR:{http://www.dji.com/drone-dji/1.0/}GpsLongitude,+120.472774857,raw_xmp_xml
@raw/01_第一批_20260907_1602_单火点/02_激光打点与定位验证/01_事后打点候选/无人机03_1581F7K3C255900D76E8/DJI_202609071638_003/DJI_20260907164233_0006_V.JPG,B1,uav-03,53HFMAW0M7X8D6,Wide,XML_ATTR:{http://www.dji.com/drone-dji/1.0/}AbsoluteAltitude,+60.824,raw_xmp_xml
@raw/01_第一批_20260907_1602_单火点/02_激光打点与定位验证/01_事后打点候选/无人机03_1581F7K3C255900D76E8/DJI_202609071638_003/DJI_20260907164233_0006_V.JPG,B1,uav-03,53HFMAW0M7X8D6,Wide,XML_ATTR:{http://www.dji.com/drone-dji/1.0/}RelativeAltitude,+13.249,raw_xmp_xml
@raw/01_第一批_20260907_1602_单火点/02_激光打点与定位验证/01_事后打点候选/无人机03_1581F7K3C255900D76E8/DJI_202609071638_003/DJI_20260907164233_0006_V.JPG,B1,uav-03,53HFMAW0M7X8D6,Wide,XML_ATTR:{http://www.dji.com/drone-dji/1.0/}GimbalRollDegree,+180.00,raw_xmp_xml
@raw/01_第一批_20260907_1602_单火点/02_激光打点与定位验证/01_事后打点候选/无人机03_1581F7K3C255900D76E8/DJI_202609071638_003/DJI_20260907164233_0006_V.JPG,B1,uav-03,53HFMAW0M7X8D6,Wide,XML_ATTR:{http://www.dji.com/drone-dji/1.0/}GimbalYawDegree,-54.20,raw_xmp_xml
@raw/01_第一批_20260907_1602_单火点/02_激光打点与定位验证/01_事后打点候选/无人机03_1581F7K3C255900D76E8/DJI_202609071638_003/DJI_20260907164233_0006_V.JPG,B1,uav-03,53HFMAW0M7X8D6,Wide,XML_ATTR:{http://www.dji.com/drone-dji/1.0/}GimbalPitchDegree,-90.00,raw_xmp_xml
@raw/01_第一批_20260907_1602_单火点/02_激光打点与定位验证/01_事后打点候选/无人机03_1581F7K3C255900D76E8/DJI_202609071638_003/DJI_20260907164233_0006_V.JPG,B1,uav-03,53HFMAW0M7X8D6,Wide,XML_ATTR:{http://www.dji.com/drone-dji/1.0/}FlightRollDegree,+0.80,raw_xmp_xml
@raw/01_第一批_20260907_1602_单火点/02_激光打点与定位验证/01_事后打点候选/无人机03_1581F7K3C255900D76E8/DJI_202609071638_003/DJI_20260907164233_0006_V.JPG,B1,uav-03,53HFMAW0M7X8D6,Wide,XML_ATTR:{http://www.dji.com/drone-dji/1.0/}FlightYawDegree,+125.80,raw_xmp_xml
@raw/01_第一批_20260907_1602_单火点/02_激光打点与定位验证/01_事后打点候选/无人机03_1581F7K3C255900D76E8/DJI_202609071638_003/DJI_20260907164233_0006_V.JPG,B1,uav-03,53HFMAW0M7X8D6,Wide,XML_ATTR:{http://www.dji.com/drone-dji/1.0/}FlightPitchDegree,+2.70,raw_xmp_xml
@raw/01_第一批_20260907_1602_单火点/02_激光打点与定位验证/01_事后打点候选/无人机03_1581F7K3C255900D76E8/DJI_202609071638_003/DJI_20260907164233_0006_V.JPG,B1,uav-03,53HFMAW0M7X8D6,Wide,XML_ATTR:{http://www.dji.com/drone-dji/1.0/}FlightXSpeed,-0.1,raw_xmp_xml
@raw/01_第一批_20260907_1602_单火点/02_激光打点与定位验证/01_事后打点候选/无人机03_1581F7K3C255900D76E8/DJI_202609071638_003/DJI_20260907164233_0006_V.JPG,B1,uav-03,53HFMAW0M7X8D6,Wide,XML_ATTR:{http://www.dji.com/drone-dji/1.0/}FlightYSpeed,0.0,raw_xmp_xml
@raw/01_第一批_20260907_1602_单火点/02_激光打点与定位验证/01_事后打点候选/无人机03_1581F7K3C255900D76E8/DJI_202609071638_003/DJI_20260907164233_0006_V.JPG,B1,uav-03,53HFMAW0M7X8D6,Wide,XML_ATTR:{http://www.dji.com/drone-dji/1.0/}FlightZSpeed,0.0,raw_xmp_xml
@raw/01_第一批_20260907_1602_单火点/02_激光打点与定位验证/01_事后打点候选/无人机03_1581F7K3C255900D76E8/DJI_202609071638_003/DJI_20260907164233_0006_V.JPG,B1,uav-03,53HFMAW0M7X8D6,Wide,XML_ATTR:{http://www.dji.com/drone-dji/1.0/}CamReverse,0,raw_xmp_xml
@raw/01_第一批_20260907_1602_单火点/02_激光打点与定位验证/01_事后打点候选/无人机03_1581F7K3C255900D76E8/DJI_202609071638_003/DJI_20260907164233_0006_V.JPG,B1,uav-03,53HFMAW0M7X8D6,Wide,XML_ATTR:{http://www.dji.com/drone-dji/1.0/}GimbalReverse,0,raw_xmp_xml
@raw/01_第一批_20260907_1602_单火点/02_激光打点与定位验证/01_事后打点候选/无人机03_1581F7K3C255900D76E8/DJI_202609071638_003/DJI_20260907164233_0006_V.JPG,B1,uav-03,53HFMAW0M7X8D6,Wide,XML_ATTR:{http://www.dji.com/drone-dji/1.0/}SensorTemperature,41.0,raw_xmp_xml
@raw/01_第一批_20260907_1602_单火点/02_激光打点与定位验证/01_事后打点候选/无人机03_1581F7K3C255900D76E8/DJI_202609071638_003/DJI_20260907164233_0006_V.JPG,B1,uav-03,53HFMAW0M7X8D6,Wide,XML_ATTR:{http://www.dji.com/drone-dji/1.0/}ProductName,DJI Matrice 4T,raw_xmp_xml
@raw/01_第一批_20260907_1602_单火点/02_激光打点与定位验证/01_事后打点候选/无人机03_1581F7K3C255900D76E8/DJI_202609071638_003/DJI_20260907164233_0006_V.JPG,B1,uav-03,53HFMAW0M7X8D6,Wide,XML_ATTR:{http://www.dji.com/drone-dji/1.0/}SelfData,,raw_xmp_xml
@raw/01_第一批_20260907_1602_单火点/02_激光打点与定位验证/01_事后打点候选/无人机03_1581F7K3C255900D76E8/DJI_202609071638_003/DJI_20260907164233_0006_V.JPG,B1,uav-03,53HFMAW0M7X8D6,Wide,XML_ATTR:{http://www.dji.com/drone-dji/1.0/}RtkFlag,16,raw_xmp_xml
@raw/01_第一批_20260907_1602_单火点/02_激光打点与定位验证/01_事后打点候选/无人机03_1581F7K3C255900D76E8/DJI_202609071638_003/DJI_20260907164233_0006_V.JPG,B1,uav-03,53HFMAW0M7X8D6,Wide,XML_ATTR:{http://www.dji.com/drone-dji/1.0/}RtkStdLon,0.07858,raw_xmp_xml
@raw/01_第一批_20260907_1602_单火点/02_激光打点与定位验证/01_事后打点候选/无人机03_1581F7K3C255900D76E8/DJI_202609071638_003/DJI_20260907164233_0006_V.JPG,B1,uav-03,53HFMAW0M7X8D6,Wide,XML_ATTR:{http://www.dji.com/drone-dji/1.0/}RtkStdLat,0.08146,raw_xmp_xml
@raw/01_第一批_20260907_1602_单火点/02_激光打点与定位验证/01_事后打点候选/无人机03_1581F7K3C255900D76E8/DJI_202609071638_003/DJI_20260907164233_0006_V.JPG,B1,uav-03,53HFMAW0M7X8D6,Wide,XML_ATTR:{http://www.dji.com/drone-dji/1.0/}RtkStdHgt,0.13859,raw_xmp_xml
@raw/01_第一批_20260907_1602_单火点/02_激光打点与定位验证/01_事后打点候选/无人机03_1581F7K3C255900D76E8/DJI_202609071638_003/DJI_20260907164233_0006_V.JPG,B1,uav-03,53HFMAW0M7X8D6,Wide,XML_ATTR:{http://www.dji.com/drone-dji/1.0/}RtkDiffAge,0.00000,raw_xmp_xml
@raw/01_第一批_20260907_1602_单火点/02_激光打点与定位验证/01_事后打点候选/无人机03_1581F7K3C255900D76E8/DJI_202609071638_003/DJI_20260907164233_0006_V.JPG,B1,uav-03,53HFMAW0M7X8D6,Wide,XML_ATTR:{http://www.dji.com/drone-dji/1.0/}SurveyingMode,1,raw_xmp_xml
@raw/01_第一批_20260907_1602_单火点/02_激光打点与定位验证/01_事后打点候选/无人机03_1581F7K3C255900D76E8/DJI_202609071638_003/DJI_20260907164233_0006_V.JPG,B1,uav-03,53HFMAW0M7X8D6,Wide,XML_ATTR:{http://www.dji.com/drone-dji/1.0/}UTCAtExposure,2026-09-07T08:42:53.721384,raw_xmp_xml
@raw/01_第一批_20260907_1602_单火点/02_激光打点与定位验证/01_事后打点候选/无人机03_1581F7K3C255900D76E8/DJI_202609071638_003/DJI_20260907164233_0006_V.JPG,B1,uav-03,53HFMAW0M7X8D6,Wide,XML_ATTR:{http://www.dji.com/drone-dji/1.0/}ShutterType,Electronic,raw_xmp_xml
@raw/01_第一批_20260907_1602_单火点/02_激光打点与定位验证/01_事后打点候选/无人机03_1581F7K3C255900D76E8/DJI_202609071638_003/DJI_20260907164233_0006_V.JPG,B1,uav-03,53HFMAW0M7X8D6,Wide,XML_ATTR:{http://www.dji.com/drone-dji/1.0/}CameraSerialNumber,53HFMAW0M7X8D6,raw_xmp_xml
@raw/01_第一批_20260907_1602_单火点/02_激光打点与定位验证/01_事后打点候选/无人机03_1581F7K3C255900D76E8/DJI_202609071638_003/DJI_20260907164233_0006_V.JPG,B1,uav-03,53HFMAW0M7X8D6,Wide,XML_ATTR:{http://www.dji.com/drone-dji/1.0/}DroneModel,M4T,raw_xmp_xml
@raw/01_第一批_20260907_1602_单火点/02_激光打点与定位验证/01_事后打点候选/无人机03_1581F7K3C255900D76E8/DJI_202609071638_003/DJI_20260907164233_0006_V.JPG,B1,uav-03,53HFMAW0M7X8D6,Wide,XML_ATTR:{http://www.dji.com/drone-dji/1.0/}DroneSerialNumber,1581F7K3C255900D76E8,raw_xmp_xml
@raw/01_第一批_20260907_1602_单火点/02_激光打点与定位验证/01_事后打点候选/无人机03_1581F7K3C255900D76E8/DJI_202609071638_003/DJI_20260907164233_0006_V.JPG,B1,uav-03,53HFMAW0M7X8D6,Wide,XML_ATTR:{http://www.dji.com/drone-dji/1.0/}LRFStatus,Normal,raw_xmp_xml
@raw/01_第一批_20260907_1602_单火点/02_激光打点与定位验证/01_事后打点候选/无人机03_1581F7K3C255900D76E8/DJI_202609071638_003/DJI_20260907164233_0006_V.JPG,B1,uav-03,53HFMAW0M7X8D6,Wide,XML_ATTR:{http://www.dji.com/drone-dji/1.0/}LRFTargetDistance,13.395,raw_xmp_xml
@raw/01_第一批_20260907_1602_单火点/02_激光打点与定位验证/01_事后打点候选/无人机03_1581F7K3C255900D76E8/DJI_202609071638_003/DJI_20260907164233_0006_V.JPG,B1,uav-03,53HFMAW0M7X8D6,Wide,XML_ATTR:{http://www.dji.com/drone-dji/1.0/}LRFTargetLon,120.4727689,raw_xmp_xml
@raw/01_第一批_20260907_1602_单火点/02_激光打点与定位验证/01_事后打点候选/无人机03_1581F7K3C255900D76E8/DJI_202609071638_003/DJI_20260907164233_0006_V.JPG,B1,uav-03,53HFMAW0M7X8D6,Wide,XML_ATTR:{http://www.dji.com/drone-dji/1.0/}LRFTargetLat,31.2891370,raw_xmp_xml
@raw/01_第一批_20260907_1602_单火点/02_激光打点与定位验证/01_事后打点候选/无人机03_1581F7K3C255900D76E8/DJI_202609071638_003/DJI_20260907164233_0006_V.JPG,B1,uav-03,53HFMAW0M7X8D6,Wide,XML_ATTR:{http://www.dji.com/drone-dji/1.0/}LRFTargetAlt,-0.184,raw_xmp_xml
@raw/01_第一批_20260907_1602_单火点/02_激光打点与定位验证/01_事后打点候选/无人机03_1581F7K3C255900D76E8/DJI_202609071638_003/DJI_20260907164233_0006_V.JPG,B1,uav-03,53HFMAW0M7X8D6,Wide,XML_ATTR:{http://www.dji.com/drone-dji/1.0/}LRFTargetAbsAlt,51.400,raw_xmp_xml
@raw/01_第一批_20260907_1602_单火点/02_激光打点与定位验证/01_事后打点候选/无人机03_1581F7K3C255900D76E8/DJI_202609071638_003/DJI_20260907164233_0006_V.JPG,B1,uav-03,53HFMAW0M7X8D6,Wide,XML_ATTR:{http://www.dji.com/drone-dji/1.0/}WhiteBalanceCCT,4585,raw_xmp_xml
@raw/01_第一批_20260907_1602_单火点/02_激光打点与定位验证/01_事后打点候选/无人机03_1581F7K3C255900D76E8/DJI_202609071638_003/DJI_20260907164233_0006_V.JPG,B1,uav-03,53HFMAW0M7X8D6,Wide,XML_ATTR:{http://www.dji.com/drone-dji/1.0/}SensorFPS,2997/100,raw_xmp_xml
@raw/01_第一批_20260907_1602_单火点/02_激光打点与定位验证/01_事后打点候选/无人机03_1581F7K3C255900D76E8/DJI_202609071638_003/DJI_20260907164233_0006_V.JPG,B1,uav-03,53HFMAW0M7X8D6,Wide,XML_ATTR:{http://www.dji.com/drone-dji/1.0/}LensPosition,37,raw_xmp_xml
@raw/01_第一批_20260907_1602_单火点/02_激光打点与定位验证/01_事后打点候选/无人机03_1581F7K3C255900D76E8/DJI_202609071638_003/DJI_20260907164233_0006_V.JPG,B1,uav-03,53HFMAW0M7X8D6,Wide,XML_ATTR:{http://www.dji.com/drone-dji/1.0/}LensInfinitePosition,35,raw_xmp_xml
@raw/01_第一批_20260907_1602_单火点/02_激光打点与定位验证/01_事后打点候选/无人机03_1581F7K3C255900D76E8/DJI_202609071638_003/DJI_20260907164233_0006_V.JPG,B1,uav-03,53HFMAW0M7X8D6,Wide,XML_ATTR:{http://www.dji.com/drone-dji/1.0/}LensTemperature,41.900000,raw_xmp_xml
@raw/01_第一批_20260907_1602_单火点/02_激光打点与定位验证/01_事后打点候选/无人机03_1581F7K3C255900D76E8/DJI_202609071638_003/DJI_20260907164233_0006_V.JPG,B1,uav-03,53HFMAW0M7X8D6,Wide,XML_ATTR:{http://pix4d.com/camera/1.0}FileType,single,raw_xmp_xml
@raw/01_第一批_20260907_1602_单火点/02_激光打点与定位验证/01_事后打点候选/无人机03_1581F7K3C255900D76E8/DJI_202609071638_003/DJI_20260907164233_0006_V.JPG,B1,uav-03,53HFMAW0M7X8D6,Wide,XML_ATTR:{http://ns.adobe.com/camera-raw-settings/1.0/}Version,7.0,raw_xmp_xml
@raw/01_第一批_20260907_1602_单火点/02_激光打点与定位验证/01_事后打点候选/无人机03_1581F7K3C255900D76E8/DJI_202609071638_003/DJI_20260907164233_0006_V.JPG,B1,uav-03,53HFMAW0M7X8D6,Wide,XML_ATTR:{http://ns.adobe.com/camera-raw-settings/1.0/}HasSettings,False,raw_xmp_xml
@raw/01_第一批_20260907_1602_单火点/02_激光打点与定位验证/01_事后打点候选/无人机03_1581F7K3C255900D76E8/DJI_202609071638_003/DJI_20260907164233_0006_V.JPG,B1,uav-03,53HFMAW0M7X8D6,Wide,XML_ATTR:{http://ns.adobe.com/camera-raw-settings/1.0/}HasCrop,False,raw_xmp_xml
@raw/01_第一批_20260907_1602_单火点/02_激光打点与定位验证/01_事后打点候选/无人机03_1581F7K3C255900D76E8/DJI_202609071638_003/DJI_20260907164233_0006_V.JPG,B1,uav-03,53HFMAW0M7X8D6,Wide,XML_ATTR:{http://ns.adobe.com/camera-raw-settings/1.0/}AlreadyApplied,False,raw_xmp_xml
@raw/01_第一批_20260907_1602_单火点/02_激光打点与定位验证/01_事后打点候选/无人机03_1581F7K3C255900D76E8/DJI_202609071638_003/DJI_20260907164332_0007_V.JPG,B1,uav-03,53HFMAW0M7X8D6,Wide,XMP-rdf:About,DJI Meta Data,exiftool
@raw/01_第一批_20260907_1602_单火点/02_激光打点与定位验证/01_事后打点候选/无人机03_1581F7K3C255900D76E8/DJI_202609071638_003/DJI_20260907164332_0007_V.JPG,B1,uav-03,53HFMAW0M7X8D6,Wide,XMP-xmp:ModifyDate,2026:09:07 16:43:32+08:00,exiftool
@raw/01_第一批_20260907_1602_单火点/02_激光打点与定位验证/01_事后打点候选/无人机03_1581F7K3C255900D76E8/DJI_202609071638_003/DJI_20260907164332_0007_V.JPG,B1,uav-03,53HFMAW0M7X8D6,Wide,XMP-xmp:CreateDate,2026:09:07 16:43:32+08:00,exiftool
@raw/01_第一批_20260907_1602_单火点/02_激光打点与定位验证/01_事后打点候选/无人机03_1581F7K3C255900D76E8/DJI_202609071638_003/DJI_20260907164332_0007_V.JPG,B1,uav-03,53HFMAW0M7X8D6,Wide,XMP-tiff:Make,DJI,exiftool
@raw/01_第一批_20260907_1602_单火点/02_激光打点与定位验证/01_事后打点候选/无人机03_1581F7K3C255900D76E8/DJI_202609071638_003/DJI_20260907164332_0007_V.JPG,B1,uav-03,53HFMAW0M7X8D6,Wide,XMP-tiff:Model,M4T,exiftool
@raw/01_第一批_20260907_1602_单火点/02_激光打点与定位验证/01_事后打点候选/无人机03_1581F7K3C255900D76E8/DJI_202609071638_003/DJI_20260907164332_0007_V.JPG,B1,uav-03,53HFMAW0M7X8D6,Wide,XMP-dc:Format,image/jpeg,exiftool
@raw/01_第一批_20260907_1602_单火点/02_激光打点与定位验证/01_事后打点候选/无人机03_1581F7K3C255900D76E8/DJI_202609071638_003/DJI_20260907164332_0007_V.JPG,B1,uav-03,53HFMAW0M7X8D6,Wide,XMP-drone-dji:Version,1.6,exiftool
@raw/01_第一批_20260907_1602_单火点/02_激光打点与定位验证/01_事后打点候选/无人机03_1581F7K3C255900D76E8/DJI_202609071638_003/DJI_20260907164332_0007_V.JPG,B1,uav-03,53HFMAW0M7X8D6,Wide,XMP-drone-dji:ImageSource,WideCamera,exiftool
@raw/01_第一批_20260907_1602_单火点/02_激光打点与定位验证/01_事后打点候选/无人机03_1581F7K3C255900D76E8/DJI_202609071638_003/DJI_20260907164332_0007_V.JPG,B1,uav-03,53HFMAW0M7X8D6,Wide,XMP-drone-dji:GpsStatus,RTK,exiftool
@raw/01_第一批_20260907_1602_单火点/02_激光打点与定位验证/01_事后打点候选/无人机03_1581F7K3C255900D76E8/DJI_202609071638_003/DJI_20260907164332_0007_V.JPG,B1,uav-03,53HFMAW0M7X8D6,Wide,XMP-drone-dji:AltitudeType,RtkAlt,exiftool
@raw/01_第一批_20260907_1602_单火点/02_激光打点与定位验证/01_事后打点候选/无人机03_1581F7K3C255900D76E8/DJI_202609071638_003/DJI_20260907164332_0007_V.JPG,B1,uav-03,53HFMAW0M7X8D6,Wide,XMP-drone-dji:GPSLatitude,+31.289148197,exiftool
@raw/01_第一批_20260907_1602_单火点/02_激光打点与定位验证/01_事后打点候选/无人机03_1581F7K3C255900D76E8/DJI_202609071638_003/DJI_20260907164332_0007_V.JPG,B1,uav-03,53HFMAW0M7X8D6,Wide,XMP-drone-dji:GPSLongitude,+120.472764095,exiftool
@raw/01_第一批_20260907_1602_单火点/02_激光打点与定位验证/01_事后打点候选/无人机03_1581F7K3C255900D76E8/DJI_202609071638_003/DJI_20260907164332_0007_V.JPG,B1,uav-03,53HFMAW0M7X8D6,Wide,XMP-drone-dji:AbsoluteAltitude,+55.949,exiftool
@raw/01_第一批_20260907_1602_单火点/02_激光打点与定位验证/01_事后打点候选/无人机03_1581F7K3C255900D76E8/DJI_202609071638_003/DJI_20260907164332_0007_V.JPG,B1,uav-03,53HFMAW0M7X8D6,Wide,XMP-drone-dji:RelativeAltitude,+7.380,exiftool
@raw/01_第一批_20260907_1602_单火点/02_激光打点与定位验证/01_事后打点候选/无人机03_1581F7K3C255900D76E8/DJI_202609071638_003/DJI_20260907164332_0007_V.JPG,B1,uav-03,53HFMAW0M7X8D6,Wide,XMP-drone-dji:GimbalRollDegree,+180.00,exiftool
@raw/01_第一批_20260907_1602_单火点/02_激光打点与定位验证/01_事后打点候选/无人机03_1581F7K3C255900D76E8/DJI_202609071638_003/DJI_20260907164332_0007_V.JPG,B1,uav-03,53HFMAW0M7X8D6,Wide,XMP-drone-dji:GimbalYawDegree,-51.1,exiftool
@raw/01_第一批_20260907_1602_单火点/02_激光打点与定位验证/01_事后打点候选/无人机03_1581F7K3C255900D76E8/DJI_202609071638_003/DJI_20260907164332_0007_V.JPG,B1,uav-03,53HFMAW0M7X8D6,Wide,XMP-drone-dji:GimbalPitchDegree,-90.0,exiftool
@raw/01_第一批_20260907_1602_单火点/02_激光打点与定位验证/01_事后打点候选/无人机03_1581F7K3C255900D76E8/DJI_202609071638_003/DJI_20260907164332_0007_V.JPG,B1,uav-03,53HFMAW0M7X8D6,Wide,XMP-drone-dji:FlightRollDegree,+0.90,exiftool
@raw/01_第一批_20260907_1602_单火点/02_激光打点与定位验证/01_事后打点候选/无人机03_1581F7K3C255900D76E8/DJI_202609071638_003/DJI_20260907164332_0007_V.JPG,B1,uav-03,53HFMAW0M7X8D6,Wide,XMP-drone-dji:FlightYawDegree,+128.60,exiftool
@raw/01_第一批_20260907_1602_单火点/02_激光打点与定位验证/01_事后打点候选/无人机03_1581F7K3C255900D76E8/DJI_202609071638_003/DJI_20260907164332_0007_V.JPG,B1,uav-03,53HFMAW0M7X8D6,Wide,XMP-drone-dji:FlightPitchDegree,+2.10,exiftool
@raw/01_第一批_20260907_1602_单火点/02_激光打点与定位验证/01_事后打点候选/无人机03_1581F7K3C255900D76E8/DJI_202609071638_003/DJI_20260907164332_0007_V.JPG,B1,uav-03,53HFMAW0M7X8D6,Wide,XMP-drone-dji:FlightXSpeed,0.0,exiftool
@raw/01_第一批_20260907_1602_单火点/02_激光打点与定位验证/01_事后打点候选/无人机03_1581F7K3C255900D76E8/DJI_202609071638_003/DJI_20260907164332_0007_V.JPG,B1,uav-03,53HFMAW0M7X8D6,Wide,XMP-drone-dji:FlightYSpeed,0.0,exiftool
@raw/01_第一批_20260907_1602_单火点/02_激光打点与定位验证/01_事后打点候选/无人机03_1581F7K3C255900D76E8/DJI_202609071638_003/DJI_20260907164332_0007_V.JPG,B1,uav-03,53HFMAW0M7X8D6,Wide,XMP-drone-dji:FlightZSpeed,0.0,exiftool
@raw/01_第一批_20260907_1602_单火点/02_激光打点与定位验证/01_事后打点候选/无人机03_1581F7K3C255900D76E8/DJI_202609071638_003/DJI_20260907164332_0007_V.JPG,B1,uav-03,53HFMAW0M7X8D6,Wide,XMP-drone-dji:CamReverse,0,exiftool
@raw/01_第一批_20260907_1602_单火点/02_激光打点与定位验证/01_事后打点候选/无人机03_1581F7K3C255900D76E8/DJI_202609071638_003/DJI_20260907164332_0007_V.JPG,B1,uav-03,53HFMAW0M7X8D6,Wide,XMP-drone-dji:GimbalReverse,0,exiftool
@raw/01_第一批_20260907_1602_单火点/02_激光打点与定位验证/01_事后打点候选/无人机03_1581F7K3C255900D76E8/DJI_202609071638_003/DJI_20260907164332_0007_V.JPG,B1,uav-03,53HFMAW0M7X8D6,Wide,XMP-drone-dji:SensorTemperature,42.0,exiftool
@raw/01_第一批_20260907_1602_单火点/02_激光打点与定位验证/01_事后打点候选/无人机03_1581F7K3C255900D76E8/DJI_202609071638_003/DJI_20260907164332_0007_V.JPG,B1,uav-03,53HFMAW0M7X8D6,Wide,XMP-drone-dji:ProductName,DJI Matrice 4T,exiftool
@raw/01_第一批_20260907_1602_单火点/02_激光打点与定位验证/01_事后打点候选/无人机03_1581F7K3C255900D76E8/DJI_202609071638_003/DJI_20260907164332_0007_V.JPG,B1,uav-03,53HFMAW0M7X8D6,Wide,XMP-drone-dji:SelfData,,exiftool
@raw/01_第一批_20260907_1602_单火点/02_激光打点与定位验证/01_事后打点候选/无人机03_1581F7K3C255900D76E8/DJI_202609071638_003/DJI_20260907164332_0007_V.JPG,B1,uav-03,53HFMAW0M7X8D6,Wide,XMP-drone-dji:RtkFlag,16,exiftool
@raw/01_第一批_20260907_1602_单火点/02_激光打点与定位验证/01_事后打点候选/无人机03_1581F7K3C255900D76E8/DJI_202609071638_003/DJI_20260907164332_0007_V.JPG,B1,uav-03,53HFMAW0M7X8D6,Wide,XMP-drone-dji:RtkStdLon,0.07872,exiftool
@raw/01_第一批_20260907_1602_单火点/02_激光打点与定位验证/01_事后打点候选/无人机03_1581F7K3C255900D76E8/DJI_202609071638_003/DJI_20260907164332_0007_V.JPG,B1,uav-03,53HFMAW0M7X8D6,Wide,XMP-drone-dji:RtkStdLat,0.08147,exiftool
@raw/01_第一批_20260907_1602_单火点/02_激光打点与定位验证/01_事后打点候选/无人机03_1581F7K3C255900D76E8/DJI_202609071638_003/DJI_20260907164332_0007_V.JPG,B1,uav-03,53HFMAW0M7X8D6,Wide,XMP-drone-dji:RtkStdHgt,0.13867,exiftool
@raw/01_第一批_20260907_1602_单火点/02_激光打点与定位验证/01_事后打点候选/无人机03_1581F7K3C255900D76E8/DJI_202609071638_003/DJI_20260907164332_0007_V.JPG,B1,uav-03,53HFMAW0M7X8D6,Wide,XMP-drone-dji:RtkDiffAge,0.0,exiftool
@raw/01_第一批_20260907_1602_单火点/02_激光打点与定位验证/01_事后打点候选/无人机03_1581F7K3C255900D76E8/DJI_202609071638_003/DJI_20260907164332_0007_V.JPG,B1,uav-03,53HFMAW0M7X8D6,Wide,XMP-drone-dji:SurveyingMode,1,exiftool
@raw/01_第一批_20260907_1602_单火点/02_激光打点与定位验证/01_事后打点候选/无人机03_1581F7K3C255900D76E8/DJI_202609071638_003/DJI_20260907164332_0007_V.JPG,B1,uav-03,53HFMAW0M7X8D6,Wide,XMP-drone-dji:UTCAtExposure,2026:09:07 08:43:52.735382,exiftool
@raw/01_第一批_20260907_1602_单火点/02_激光打点与定位验证/01_事后打点候选/无人机03_1581F7K3C255900D76E8/DJI_202609071638_003/DJI_20260907164332_0007_V.JPG,B1,uav-03,53HFMAW0M7X8D6,Wide,XMP-drone-dji:ShutterType,Electronic,exiftool
@raw/01_第一批_20260907_1602_单火点/02_激光打点与定位验证/01_事后打点候选/无人机03_1581F7K3C255900D76E8/DJI_202609071638_003/DJI_20260907164332_0007_V.JPG,B1,uav-03,53HFMAW0M7X8D6,Wide,XMP-drone-dji:CameraSerialNumber,53HFMAW0M7X8D6,exiftool
@raw/01_第一批_20260907_1602_单火点/02_激光打点与定位验证/01_事后打点候选/无人机03_1581F7K3C255900D76E8/DJI_202609071638_003/DJI_20260907164332_0007_V.JPG,B1,uav-03,53HFMAW0M7X8D6,Wide,XMP-drone-dji:DroneModel,M4T,exiftool
@raw/01_第一批_20260907_1602_单火点/02_激光打点与定位验证/01_事后打点候选/无人机03_1581F7K3C255900D76E8/DJI_202609071638_003/DJI_20260907164332_0007_V.JPG,B1,uav-03,53HFMAW0M7X8D6,Wide,XMP-drone-dji:DroneSerialNumber,1581F7K3C255900D76E8,exiftool
@raw/01_第一批_20260907_1602_单火点/02_激光打点与定位验证/01_事后打点候选/无人机03_1581F7K3C255900D76E8/DJI_202609071638_003/DJI_20260907164332_0007_V.JPG,B1,uav-03,53HFMAW0M7X8D6,Wide,XMP-drone-dji:LRFStatus,Normal,exiftool
@raw/01_第一批_20260907_1602_单火点/02_激光打点与定位验证/01_事后打点候选/无人机03_1581F7K3C255900D76E8/DJI_202609071638_003/DJI_20260907164332_0007_V.JPG,B1,uav-03,53HFMAW0M7X8D6,Wide,XMP-drone-dji:LRFTargetDistance,7.557,exiftool
@raw/01_第一批_20260907_1602_单火点/02_激光打点与定位验证/01_事后打点候选/无人机03_1581F7K3C255900D76E8/DJI_202609071638_003/DJI_20260907164332_0007_V.JPG,B1,uav-03,53HFMAW0M7X8D6,Wide,XMP-drone-dji:LRFTargetLon,120.4727579,exiftool
@raw/01_第一批_20260907_1602_单火点/02_激光打点与定位验证/01_事后打点候选/无人机03_1581F7K3C255900D76E8/DJI_202609071638_003/DJI_20260907164332_0007_V.JPG,B1,uav-03,53HFMAW0M7X8D6,Wide,XMP-drone-dji:LRFTargetLat,31.2891525,exiftool
@raw/01_第一批_20260907_1602_单火点/02_激光打点与定位验证/01_事后打点候选/无人机03_1581F7K3C255900D76E8/DJI_202609071638_003/DJI_20260907164332_0007_V.JPG,B1,uav-03,53HFMAW0M7X8D6,Wide,XMP-drone-dji:LRFTargetAlt,-0.184,exiftool
@raw/01_第一批_20260907_1602_单火点/02_激光打点与定位验证/01_事后打点候选/无人机03_1581F7K3C255900D76E8/DJI_202609071638_003/DJI_20260907164332_0007_V.JPG,B1,uav-03,53HFMAW0M7X8D6,Wide,XMP-drone-dji:LRFTargetAbsAlt,51.4,exiftool
@raw/01_第一批_20260907_1602_单火点/02_激光打点与定位验证/01_事后打点候选/无人机03_1581F7K3C255900D76E8/DJI_202609071638_003/DJI_20260907164332_0007_V.JPG,B1,uav-03,53HFMAW0M7X8D6,Wide,XMP-drone-dji:WhiteBalanceCCT,4697,exiftool
@raw/01_第一批_20260907_1602_单火点/02_激光打点与定位验证/01_事后打点候选/无人机03_1581F7K3C255900D76E8/DJI_202609071638_003/DJI_20260907164332_0007_V.JPG,B1,uav-03,53HFMAW0M7X8D6,Wide,XMP-drone-dji:SensorFPS,29.97,exiftool
@raw/01_第一批_20260907_1602_单火点/02_激光打点与定位验证/01_事后打点候选/无人机03_1581F7K3C255900D76E8/DJI_202609071638_003/DJI_20260907164332_0007_V.JPG,B1,uav-03,53HFMAW0M7X8D6,Wide,XMP-drone-dji:LensPosition,36,exiftool
@raw/01_第一批_20260907_1602_单火点/02_激光打点与定位验证/01_事后打点候选/无人机03_1581F7K3C255900D76E8/DJI_202609071638_003/DJI_20260907164332_0007_V.JPG,B1,uav-03,53HFMAW0M7X8D6,Wide,XMP-drone-dji:LensInfinitePosition,35,exiftool
@raw/01_第一批_20260907_1602_单火点/02_激光打点与定位验证/01_事后打点候选/无人机03_1581F7K3C255900D76E8/DJI_202609071638_003/DJI_20260907164332_0007_V.JPG,B1,uav-03,53HFMAW0M7X8D6,Wide,XMP-drone-dji:LensTemperature,42.4,exiftool
@raw/01_第一批_20260907_1602_单火点/02_激光打点与定位验证/01_事后打点候选/无人机03_1581F7K3C255900D76E8/DJI_202609071638_003/DJI_20260907164332_0007_V.JPG,B1,uav-03,53HFMAW0M7X8D6,Wide,XMP-Camera:FileType,single,exiftool
@raw/01_第一批_20260907_1602_单火点/02_激光打点与定位验证/01_事后打点候选/无人机03_1581F7K3C255900D76E8/DJI_202609071638_003/DJI_20260907164332_0007_V.JPG,B1,uav-03,53HFMAW0M7X8D6,Wide,XMP-crs:Version,7.0,exiftool
@raw/01_第一批_20260907_1602_单火点/02_激光打点与定位验证/01_事后打点候选/无人机03_1581F7K3C255900D76E8/DJI_202609071638_003/DJI_20260907164332_0007_V.JPG,B1,uav-03,53HFMAW0M7X8D6,Wide,XMP-crs:HasSettings,False,exiftool
@raw/01_第一批_20260907_1602_单火点/02_激光打点与定位验证/01_事后打点候选/无人机03_1581F7K3C255900D76E8/DJI_202609071638_003/DJI_20260907164332_0007_V.JPG,B1,uav-03,53HFMAW0M7X8D6,Wide,XMP-crs:HasCrop,False,exiftool
@raw/01_第一批_20260907_1602_单火点/02_激光打点与定位验证/01_事后打点候选/无人机03_1581F7K3C255900D76E8/DJI_202609071638_003/DJI_20260907164332_0007_V.JPG,B1,uav-03,53HFMAW0M7X8D6,Wide,XMP-crs:AlreadyApplied,False,exiftool
@raw/01_第一批_20260907_1602_单火点/02_激光打点与定位验证/01_事后打点候选/无人机03_1581F7K3C255900D76E8/DJI_202609071638_003/DJI_20260907164332_0007_V.JPG,B1,uav-03,53HFMAW0M7X8D6,Wide,XML_ATTR:{http://www.w3.org/1999/02/22-rdf-syntax-ns#}about,DJI Meta Data,raw_xmp_xml
@raw/01_第一批_20260907_1602_单火点/02_激光打点与定位验证/01_事后打点候选/无人机03_1581F7K3C255900D76E8/DJI_202609071638_003/DJI_20260907164332_0007_V.JPG,B1,uav-03,53HFMAW0M7X8D6,Wide,XML_ATTR:{http://ns.adobe.com/xap/1.0/}ModifyDate,2026-09-07T16:43:32+08:00,raw_xmp_xml
@raw/01_第一批_20260907_1602_单火点/02_激光打点与定位验证/01_事后打点候选/无人机03_1581F7K3C255900D76E8/DJI_202609071638_003/DJI_20260907164332_0007_V.JPG,B1,uav-03,53HFMAW0M7X8D6,Wide,XML_ATTR:{http://ns.adobe.com/xap/1.0/}CreateDate,2026-09-07T16:43:32+08:00,raw_xmp_xml
@raw/01_第一批_20260907_1602_单火点/02_激光打点与定位验证/01_事后打点候选/无人机03_1581F7K3C255900D76E8/DJI_202609071638_003/DJI_20260907164332_0007_V.JPG,B1,uav-03,53HFMAW0M7X8D6,Wide,XML_ATTR:{http://ns.adobe.com/tiff/1.0/}Make,DJI,raw_xmp_xml
@raw/01_第一批_20260907_1602_单火点/02_激光打点与定位验证/01_事后打点候选/无人机03_1581F7K3C255900D76E8/DJI_202609071638_003/DJI_20260907164332_0007_V.JPG,B1,uav-03,53HFMAW0M7X8D6,Wide,XML_ATTR:{http://ns.adobe.com/tiff/1.0/}Model,M4T,raw_xmp_xml
@raw/01_第一批_20260907_1602_单火点/02_激光打点与定位验证/01_事后打点候选/无人机03_1581F7K3C255900D76E8/DJI_202609071638_003/DJI_20260907164332_0007_V.JPG,B1,uav-03,53HFMAW0M7X8D6,Wide,XML_ATTR:{http://purl.org/dc/elements/1.1/}format,image/jpeg,raw_xmp_xml
@raw/01_第一批_20260907_1602_单火点/02_激光打点与定位验证/01_事后打点候选/无人机03_1581F7K3C255900D76E8/DJI_202609071638_003/DJI_20260907164332_0007_V.JPG,B1,uav-03,53HFMAW0M7X8D6,Wide,XML_ATTR:{http://www.dji.com/drone-dji/1.0/}Version,1.6,raw_xmp_xml
@raw/01_第一批_20260907_1602_单火点/02_激光打点与定位验证/01_事后打点候选/无人机03_1581F7K3C255900D76E8/DJI_202609071638_003/DJI_20260907164332_0007_V.JPG,B1,uav-03,53HFMAW0M7X8D6,Wide,XML_ATTR:{http://www.dji.com/drone-dji/1.0/}ImageSource,WideCamera,raw_xmp_xml
@raw/01_第一批_20260907_1602_单火点/02_激光打点与定位验证/01_事后打点候选/无人机03_1581F7K3C255900D76E8/DJI_202609071638_003/DJI_20260907164332_0007_V.JPG,B1,uav-03,53HFMAW0M7X8D6,Wide,XML_ATTR:{http://www.dji.com/drone-dji/1.0/}GpsStatus,RTK,raw_xmp_xml
@raw/01_第一批_20260907_1602_单火点/02_激光打点与定位验证/01_事后打点候选/无人机03_1581F7K3C255900D76E8/DJI_202609071638_003/DJI_20260907164332_0007_V.JPG,B1,uav-03,53HFMAW0M7X8D6,Wide,XML_ATTR:{http://www.dji.com/drone-dji/1.0/}AltitudeType,RtkAlt,raw_xmp_xml
@raw/01_第一批_20260907_1602_单火点/02_激光打点与定位验证/01_事后打点候选/无人机03_1581F7K3C255900D76E8/DJI_202609071638_003/DJI_20260907164332_0007_V.JPG,B1,uav-03,53HFMAW0M7X8D6,Wide,XML_ATTR:{http://www.dji.com/drone-dji/1.0/}GpsLatitude,+31.289148197,raw_xmp_xml
@raw/01_第一批_20260907_1602_单火点/02_激光打点与定位验证/01_事后打点候选/无人机03_1581F7K3C255900D76E8/DJI_202609071638_003/DJI_20260907164332_0007_V.JPG,B1,uav-03,53HFMAW0M7X8D6,Wide,XML_ATTR:{http://www.dji.com/drone-dji/1.0/}GpsLongitude,+120.472764095,raw_xmp_xml
@raw/01_第一批_20260907_1602_单火点/02_激光打点与定位验证/01_事后打点候选/无人机03_1581F7K3C255900D76E8/DJI_202609071638_003/DJI_20260907164332_0007_V.JPG,B1,uav-03,53HFMAW0M7X8D6,Wide,XML_ATTR:{http://www.dji.com/drone-dji/1.0/}AbsoluteAltitude,+55.949,raw_xmp_xml
@raw/01_第一批_20260907_1602_单火点/02_激光打点与定位验证/01_事后打点候选/无人机03_1581F7K3C255900D76E8/DJI_202609071638_003/DJI_20260907164332_0007_V.JPG,B1,uav-03,53HFMAW0M7X8D6,Wide,XML_ATTR:{http://www.dji.com/drone-dji/1.0/}RelativeAltitude,+7.380,raw_xmp_xml
@raw/01_第一批_20260907_1602_单火点/02_激光打点与定位验证/01_事后打点候选/无人机03_1581F7K3C255900D76E8/DJI_202609071638_003/DJI_20260907164332_0007_V.JPG,B1,uav-03,53HFMAW0M7X8D6,Wide,XML_ATTR:{http://www.dji.com/drone-dji/1.0/}GimbalRollDegree,+180.00,raw_xmp_xml
@raw/01_第一批_20260907_1602_单火点/02_激光打点与定位验证/01_事后打点候选/无人机03_1581F7K3C255900D76E8/DJI_202609071638_003/DJI_20260907164332_0007_V.JPG,B1,uav-03,53HFMAW0M7X8D6,Wide,XML_ATTR:{http://www.dji.com/drone-dji/1.0/}GimbalYawDegree,-51.10,raw_xmp_xml
@raw/01_第一批_20260907_1602_单火点/02_激光打点与定位验证/01_事后打点候选/无人机03_1581F7K3C255900D76E8/DJI_202609071638_003/DJI_20260907164332_0007_V.JPG,B1,uav-03,53HFMAW0M7X8D6,Wide,XML_ATTR:{http://www.dji.com/drone-dji/1.0/}GimbalPitchDegree,-90.00,raw_xmp_xml
@raw/01_第一批_20260907_1602_单火点/02_激光打点与定位验证/01_事后打点候选/无人机03_1581F7K3C255900D76E8/DJI_202609071638_003/DJI_20260907164332_0007_V.JPG,B1,uav-03,53HFMAW0M7X8D6,Wide,XML_ATTR:{http://www.dji.com/drone-dji/1.0/}FlightRollDegree,+0.90,raw_xmp_xml
@raw/01_第一批_20260907_1602_单火点/02_激光打点与定位验证/01_事后打点候选/无人机03_1581F7K3C255900D76E8/DJI_202609071638_003/DJI_20260907164332_0007_V.JPG,B1,uav-03,53HFMAW0M7X8D6,Wide,XML_ATTR:{http://www.dji.com/drone-dji/1.0/}FlightYawDegree,+128.60,raw_xmp_xml
@raw/01_第一批_20260907_1602_单火点/02_激光打点与定位验证/01_事后打点候选/无人机03_1581F7K3C255900D76E8/DJI_202609071638_003/DJI_20260907164332_0007_V.JPG,B1,uav-03,53HFMAW0M7X8D6,Wide,XML_ATTR:{http://www.dji.com/drone-dji/1.0/}FlightPitchDegree,+2.10,raw_xmp_xml
@raw/01_第一批_20260907_1602_单火点/02_激光打点与定位验证/01_事后打点候选/无人机03_1581F7K3C255900D76E8/DJI_202609071638_003/DJI_20260907164332_0007_V.JPG,B1,uav-03,53HFMAW0M7X8D6,Wide,XML_ATTR:{http://www.dji.com/drone-dji/1.0/}FlightXSpeed,0.0,raw_xmp_xml
@raw/01_第一批_20260907_1602_单火点/02_激光打点与定位验证/01_事后打点候选/无人机03_1581F7K3C255900D76E8/DJI_202609071638_003/DJI_20260907164332_0007_V.JPG,B1,uav-03,53HFMAW0M7X8D6,Wide,XML_ATTR:{http://www.dji.com/drone-dji/1.0/}FlightYSpeed,0.0,raw_xmp_xml
@raw/01_第一批_20260907_1602_单火点/02_激光打点与定位验证/01_事后打点候选/无人机03_1581F7K3C255900D76E8/DJI_202609071638_003/DJI_20260907164332_0007_V.JPG,B1,uav-03,53HFMAW0M7X8D6,Wide,XML_ATTR:{http://www.dji.com/drone-dji/1.0/}FlightZSpeed,0.0,raw_xmp_xml
@raw/01_第一批_20260907_1602_单火点/02_激光打点与定位验证/01_事后打点候选/无人机03_1581F7K3C255900D76E8/DJI_202609071638_003/DJI_20260907164332_0007_V.JPG,B1,uav-03,53HFMAW0M7X8D6,Wide,XML_ATTR:{http://www.dji.com/drone-dji/1.0/}CamReverse,0,raw_xmp_xml
@raw/01_第一批_20260907_1602_单火点/02_激光打点与定位验证/01_事后打点候选/无人机03_1581F7K3C255900D76E8/DJI_202609071638_003/DJI_20260907164332_0007_V.JPG,B1,uav-03,53HFMAW0M7X8D6,Wide,XML_ATTR:{http://www.dji.com/drone-dji/1.0/}GimbalReverse,0,raw_xmp_xml
@raw/01_第一批_20260907_1602_单火点/02_激光打点与定位验证/01_事后打点候选/无人机03_1581F7K3C255900D76E8/DJI_202609071638_003/DJI_20260907164332_0007_V.JPG,B1,uav-03,53HFMAW0M7X8D6,Wide,XML_ATTR:{http://www.dji.com/drone-dji/1.0/}SensorTemperature,42.0,raw_xmp_xml
@raw/01_第一批_20260907_1602_单火点/02_激光打点与定位验证/01_事后打点候选/无人机03_1581F7K3C255900D76E8/DJI_202609071638_003/DJI_20260907164332_0007_V.JPG,B1,uav-03,53HFMAW0M7X8D6,Wide,XML_ATTR:{http://www.dji.com/drone-dji/1.0/}ProductName,DJI Matrice 4T,raw_xmp_xml
@raw/01_第一批_20260907_1602_单火点/02_激光打点与定位验证/01_事后打点候选/无人机03_1581F7K3C255900D76E8/DJI_202609071638_003/DJI_20260907164332_0007_V.JPG,B1,uav-03,53HFMAW0M7X8D6,Wide,XML_ATTR:{http://www.dji.com/drone-dji/1.0/}SelfData,,raw_xmp_xml
@raw/01_第一批_20260907_1602_单火点/02_激光打点与定位验证/01_事后打点候选/无人机03_1581F7K3C255900D76E8/DJI_202609071638_003/DJI_20260907164332_0007_V.JPG,B1,uav-03,53HFMAW0M7X8D6,Wide,XML_ATTR:{http://www.dji.com/drone-dji/1.0/}RtkFlag,16,raw_xmp_xml
@raw/01_第一批_20260907_1602_单火点/02_激光打点与定位验证/01_事后打点候选/无人机03_1581F7K3C255900D76E8/DJI_202609071638_003/DJI_20260907164332_0007_V.JPG,B1,uav-03,53HFMAW0M7X8D6,Wide,XML_ATTR:{http://www.dji.com/drone-dji/1.0/}RtkStdLon,0.07872,raw_xmp_xml
@raw/01_第一批_20260907_1602_单火点/02_激光打点与定位验证/01_事后打点候选/无人机03_1581F7K3C255900D76E8/DJI_202609071638_003/DJI_20260907164332_0007_V.JPG,B1,uav-03,53HFMAW0M7X8D6,Wide,XML_ATTR:{http://www.dji.com/drone-dji/1.0/}RtkStdLat,0.08147,raw_xmp_xml
@raw/01_第一批_20260907_1602_单火点/02_激光打点与定位验证/01_事后打点候选/无人机03_1581F7K3C255900D76E8/DJI_202609071638_003/DJI_20260907164332_0007_V.JPG,B1,uav-03,53HFMAW0M7X8D6,Wide,XML_ATTR:{http://www.dji.com/drone-dji/1.0/}RtkStdHgt,0.13867,raw_xmp_xml
@raw/01_第一批_20260907_1602_单火点/02_激光打点与定位验证/01_事后打点候选/无人机03_1581F7K3C255900D76E8/DJI_202609071638_003/DJI_20260907164332_0007_V.JPG,B1,uav-03,53HFMAW0M7X8D6,Wide,XML_ATTR:{http://www.dji.com/drone-dji/1.0/}RtkDiffAge,0.00000,raw_xmp_xml
@raw/01_第一批_20260907_1602_单火点/02_激光打点与定位验证/01_事后打点候选/无人机03_1581F7K3C255900D76E8/DJI_202609071638_003/DJI_20260907164332_0007_V.JPG,B1,uav-03,53HFMAW0M7X8D6,Wide,XML_ATTR:{http://www.dji.com/drone-dji/1.0/}SurveyingMode,1,raw_xmp_xml
@raw/01_第一批_20260907_1602_单火点/02_激光打点与定位验证/01_事后打点候选/无人机03_1581F7K3C255900D76E8/DJI_202609071638_003/DJI_20260907164332_0007_V.JPG,B1,uav-03,53HFMAW0M7X8D6,Wide,XML_ATTR:{http://www.dji.com/drone-dji/1.0/}UTCAtExposure,2026-09-07T08:43:52.735382,raw_xmp_xml
@raw/01_第一批_20260907_1602_单火点/02_激光打点与定位验证/01_事后打点候选/无人机03_1581F7K3C255900D76E8/DJI_202609071638_003/DJI_20260907164332_0007_V.JPG,B1,uav-03,53HFMAW0M7X8D6,Wide,XML_ATTR:{http://www.dji.com/drone-dji/1.0/}ShutterType,Electronic,raw_xmp_xml
@raw/01_第一批_20260907_1602_单火点/02_激光打点与定位验证/01_事后打点候选/无人机03_1581F7K3C255900D76E8/DJI_202609071638_003/DJI_20260907164332_0007_V.JPG,B1,uav-03,53HFMAW0M7X8D6,Wide,XML_ATTR:{http://www.dji.com/drone-dji/1.0/}CameraSerialNumber,53HFMAW0M7X8D6,raw_xmp_xml
@raw/01_第一批_20260907_1602_单火点/02_激光打点与定位验证/01_事后打点候选/无人机03_1581F7K3C255900D76E8/DJI_202609071638_003/DJI_20260907164332_0007_V.JPG,B1,uav-03,53HFMAW0M7X8D6,Wide,XML_ATTR:{http://www.dji.com/drone-dji/1.0/}DroneModel,M4T,raw_xmp_xml
@raw/01_第一批_20260907_1602_单火点/02_激光打点与定位验证/01_事后打点候选/无人机03_1581F7K3C255900D76E8/DJI_202609071638_003/DJI_20260907164332_0007_V.JPG,B1,uav-03,53HFMAW0M7X8D6,Wide,XML_ATTR:{http://www.dji.com/drone-dji/1.0/}DroneSerialNumber,1581F7K3C255900D76E8,raw_xmp_xml
@raw/01_第一批_20260907_1602_单火点/02_激光打点与定位验证/01_事后打点候选/无人机03_1581F7K3C255900D76E8/DJI_202609071638_003/DJI_20260907164332_0007_V.JPG,B1,uav-03,53HFMAW0M7X8D6,Wide,XML_ATTR:{http://www.dji.com/drone-dji/1.0/}LRFStatus,Normal,raw_xmp_xml
@raw/01_第一批_20260907_1602_单火点/02_激光打点与定位验证/01_事后打点候选/无人机03_1581F7K3C255900D76E8/DJI_202609071638_003/DJI_20260907164332_0007_V.JPG,B1,uav-03,53HFMAW0M7X8D6,Wide,XML_ATTR:{http://www.dji.com/drone-dji/1.0/}LRFTargetDistance,7.557,raw_xmp_xml
@raw/01_第一批_20260907_1602_单火点/02_激光打点与定位验证/01_事后打点候选/无人机03_1581F7K3C255900D76E8/DJI_202609071638_003/DJI_20260907164332_0007_V.JPG,B1,uav-03,53HFMAW0M7X8D6,Wide,XML_ATTR:{http://www.dji.com/drone-dji/1.0/}LRFTargetLon,120.4727579,raw_xmp_xml
@raw/01_第一批_20260907_1602_单火点/02_激光打点与定位验证/01_事后打点候选/无人机03_1581F7K3C255900D76E8/DJI_202609071638_003/DJI_20260907164332_0007_V.JPG,B1,uav-03,53HFMAW0M7X8D6,Wide,XML_ATTR:{http://www.dji.com/drone-dji/1.0/}LRFTargetLat,31.2891525,raw_xmp_xml
@raw/01_第一批_20260907_1602_单火点/02_激光打点与定位验证/01_事后打点候选/无人机03_1581F7K3C255900D76E8/DJI_202609071638_003/DJI_20260907164332_0007_V.JPG,B1,uav-03,53HFMAW0M7X8D6,Wide,XML_ATTR:{http://www.dji.com/drone-dji/1.0/}LRFTargetAlt,-0.184,raw_xmp_xml
@raw/01_第一批_20260907_1602_单火点/02_激光打点与定位验证/01_事后打点候选/无人机03_1581F7K3C255900D76E8/DJI_202609071638_003/DJI_20260907164332_0007_V.JPG,B1,uav-03,53HFMAW0M7X8D6,Wide,XML_ATTR:{http://www.dji.com/drone-dji/1.0/}LRFTargetAbsAlt,51.400,raw_xmp_xml
@raw/01_第一批_20260907_1602_单火点/02_激光打点与定位验证/01_事后打点候选/无人机03_1581F7K3C255900D76E8/DJI_202609071638_003/DJI_20260907164332_0007_V.JPG,B1,uav-03,53HFMAW0M7X8D6,Wide,XML_ATTR:{http://www.dji.com/drone-dji/1.0/}WhiteBalanceCCT,4697,raw_xmp_xml
@raw/01_第一批_20260907_1602_单火点/02_激光打点与定位验证/01_事后打点候选/无人机03_1581F7K3C255900D76E8/DJI_202609071638_003/DJI_20260907164332_0007_V.JPG,B1,uav-03,53HFMAW0M7X8D6,Wide,XML_ATTR:{http://www.dji.com/drone-dji/1.0/}SensorFPS,2997/100,raw_xmp_xml
@raw/01_第一批_20260907_1602_单火点/02_激光打点与定位验证/01_事后打点候选/无人机03_1581F7K3C255900D76E8/DJI_202609071638_003/DJI_20260907164332_0007_V.JPG,B1,uav-03,53HFMAW0M7X8D6,Wide,XML_ATTR:{http://www.dji.com/drone-dji/1.0/}LensPosition,36,raw_xmp_xml
@raw/01_第一批_20260907_1602_单火点/02_激光打点与定位验证/01_事后打点候选/无人机03_1581F7K3C255900D76E8/DJI_202609071638_003/DJI_20260907164332_0007_V.JPG,B1,uav-03,53HFMAW0M7X8D6,Wide,XML_ATTR:{http://www.dji.com/drone-dji/1.0/}LensInfinitePosition,35,raw_xmp_xml
@raw/01_第一批_20260907_1602_单火点/02_激光打点与定位验证/01_事后打点候选/无人机03_1581F7K3C255900D76E8/DJI_202609071638_003/DJI_20260907164332_0007_V.JPG,B1,uav-03,53HFMAW0M7X8D6,Wide,XML_ATTR:{http://www.dji.com/drone-dji/1.0/}LensTemperature,42.400000,raw_xmp_xml
@raw/01_第一批_20260907_1602_单火点/02_激光打点与定位验证/01_事后打点候选/无人机03_1581F7K3C255900D76E8/DJI_202609071638_003/DJI_20260907164332_0007_V.JPG,B1,uav-03,53HFMAW0M7X8D6,Wide,XML_ATTR:{http://pix4d.com/camera/1.0}FileType,single,raw_xmp_xml
@raw/01_第一批_20260907_1602_单火点/02_激光打点与定位验证/01_事后打点候选/无人机03_1581F7K3C255900D76E8/DJI_202609071638_003/DJI_20260907164332_0007_V.JPG,B1,uav-03,53HFMAW0M7X8D6,Wide,XML_ATTR:{http://ns.adobe.com/camera-raw-settings/1.0/}Version,7.0,raw_xmp_xml
@raw/01_第一批_20260907_1602_单火点/02_激光打点与定位验证/01_事后打点候选/无人机03_1581F7K3C255900D76E8/DJI_202609071638_003/DJI_20260907164332_0007_V.JPG,B1,uav-03,53HFMAW0M7X8D6,Wide,XML_ATTR:{http://ns.adobe.com/camera-raw-settings/1.0/}HasSettings,False,raw_xmp_xml
@raw/01_第一批_20260907_1602_单火点/02_激光打点与定位验证/01_事后打点候选/无人机03_1581F7K3C255900D76E8/DJI_202609071638_003/DJI_20260907164332_0007_V.JPG,B1,uav-03,53HFMAW0M7X8D6,Wide,XML_ATTR:{http://ns.adobe.com/camera-raw-settings/1.0/}HasCrop,False,raw_xmp_xml
@raw/01_第一批_20260907_1602_单火点/02_激光打点与定位验证/01_事后打点候选/无人机03_1581F7K3C255900D76E8/DJI_202609071638_003/DJI_20260907164332_0007_V.JPG,B1,uav-03,53HFMAW0M7X8D6,Wide,XML_ATTR:{http://ns.adobe.com/camera-raw-settings/1.0/}AlreadyApplied,False,raw_xmp_xml
@raw/01_第一批_20260907_1602_单火点/02_激光打点与定位验证/01_事后打点候选/无人机09_1581F7K3C24CS00AX535/DJI_202609071621_002/DJI_20260907163358_0001_V.JPG,B1,uav-09,53HFNBG0M7XACS,ZoomCamera,XMP-rdf:About,DJI Meta Data,exiftool
@raw/01_第一批_20260907_1602_单火点/02_激光打点与定位验证/01_事后打点候选/无人机09_1581F7K3C24CS00AX535/DJI_202609071621_002/DJI_20260907163358_0001_V.JPG,B1,uav-09,53HFNBG0M7XACS,ZoomCamera,XMP-xmp:ModifyDate,2026:09:07 16:33:58+08:00,exiftool
@raw/01_第一批_20260907_1602_单火点/02_激光打点与定位验证/01_事后打点候选/无人机09_1581F7K3C24CS00AX535/DJI_202609071621_002/DJI_20260907163358_0001_V.JPG,B1,uav-09,53HFNBG0M7XACS,ZoomCamera,XMP-xmp:CreateDate,2026:09:07 16:33:58+08:00,exiftool
@raw/01_第一批_20260907_1602_单火点/02_激光打点与定位验证/01_事后打点候选/无人机09_1581F7K3C24CS00AX535/DJI_202609071621_002/DJI_20260907163358_0001_V.JPG,B1,uav-09,53HFNBG0M7XACS,ZoomCamera,XMP-tiff:Make,DJI,exiftool
@raw/01_第一批_20260907_1602_单火点/02_激光打点与定位验证/01_事后打点候选/无人机09_1581F7K3C24CS00AX535/DJI_202609071621_002/DJI_20260907163358_0001_V.JPG,B1,uav-09,53HFNBG0M7XACS,ZoomCamera,XMP-tiff:Model,M4T,exiftool
@raw/01_第一批_20260907_1602_单火点/02_激光打点与定位验证/01_事后打点候选/无人机09_1581F7K3C24CS00AX535/DJI_202609071621_002/DJI_20260907163358_0001_V.JPG,B1,uav-09,53HFNBG0M7XACS,ZoomCamera,XMP-dc:Format,image/jpeg,exiftool
@raw/01_第一批_20260907_1602_单火点/02_激光打点与定位验证/01_事后打点候选/无人机09_1581F7K3C24CS00AX535/DJI_202609071621_002/DJI_20260907163358_0001_V.JPG,B1,uav-09,53HFNBG0M7XACS,ZoomCamera,XMP-drone-dji:Version,1.6,exiftool
@raw/01_第一批_20260907_1602_单火点/02_激光打点与定位验证/01_事后打点候选/无人机09_1581F7K3C24CS00AX535/DJI_202609071621_002/DJI_20260907163358_0001_V.JPG,B1,uav-09,53HFNBG0M7XACS,ZoomCamera,XMP-drone-dji:ImageSource,ZoomCamera,exiftool
@raw/01_第一批_20260907_1602_单火点/02_激光打点与定位验证/01_事后打点候选/无人机09_1581F7K3C24CS00AX535/DJI_202609071621_002/DJI_20260907163358_0001_V.JPG,B1,uav-09,53HFNBG0M7XACS,ZoomCamera,XMP-drone-dji:GpsStatus,Normal,exiftool
@raw/01_第一批_20260907_1602_单火点/02_激光打点与定位验证/01_事后打点候选/无人机09_1581F7K3C24CS00AX535/DJI_202609071621_002/DJI_20260907163358_0001_V.JPG,B1,uav-09,53HFNBG0M7XACS,ZoomCamera,XMP-drone-dji:AltitudeType,GpsFusionAlt,exiftool
@raw/01_第一批_20260907_1602_单火点/02_激光打点与定位验证/01_事后打点候选/无人机09_1581F7K3C24CS00AX535/DJI_202609071621_002/DJI_20260907163358_0001_V.JPG,B1,uav-09,53HFNBG0M7XACS,ZoomCamera,XMP-drone-dji:GPSLatitude,+31.289460005,exiftool
@raw/01_第一批_20260907_1602_单火点/02_激光打点与定位验证/01_事后打点候选/无人机09_1581F7K3C24CS00AX535/DJI_202609071621_002/DJI_20260907163358_0001_V.JPG,B1,uav-09,53HFNBG0M7XACS,ZoomCamera,XMP-drone-dji:GPSLongitude,+120.472882168,exiftool
@raw/01_第一批_20260907_1602_单火点/02_激光打点与定位验证/01_事后打点候选/无人机09_1581F7K3C24CS00AX535/DJI_202609071621_002/DJI_20260907163358_0001_V.JPG,B1,uav-09,53HFNBG0M7XACS,ZoomCamera,XMP-drone-dji:AbsoluteAltitude,+48.440,exiftool
@raw/01_第一批_20260907_1602_单火点/02_激光打点与定位验证/01_事后打点候选/无人机09_1581F7K3C24CS00AX535/DJI_202609071621_002/DJI_20260907163358_0001_V.JPG,B1,uav-09,53HFNBG0M7XACS,ZoomCamera,XMP-drone-dji:RelativeAltitude,-0.0,exiftool
@raw/01_第一批_20260907_1602_单火点/02_激光打点与定位验证/01_事后打点候选/无人机09_1581F7K3C24CS00AX535/DJI_202609071621_002/DJI_20260907163358_0001_V.JPG,B1,uav-09,53HFNBG0M7XACS,ZoomCamera,XMP-drone-dji:GimbalRollDegree,+0.00,exiftool
@raw/01_第一批_20260907_1602_单火点/02_激光打点与定位验证/01_事后打点候选/无人机09_1581F7K3C24CS00AX535/DJI_202609071621_002/DJI_20260907163358_0001_V.JPG,B1,uav-09,53HFNBG0M7XACS,ZoomCamera,XMP-drone-dji:GimbalYawDegree,+49.70,exiftool
@raw/01_第一批_20260907_1602_单火点/02_激光打点与定位验证/01_事后打点候选/无人机09_1581F7K3C24CS00AX535/DJI_202609071621_002/DJI_20260907163358_0001_V.JPG,B1,uav-09,53HFNBG0M7XACS,ZoomCamera,XMP-drone-dji:GimbalPitchDegree,+3.20,exiftool
@raw/01_第一批_20260907_1602_单火点/02_激光打点与定位验证/01_事后打点候选/无人机09_1581F7K3C24CS00AX535/DJI_202609071621_002/DJI_20260907163358_0001_V.JPG,B1,uav-09,53HFNBG0M7XACS,ZoomCamera,XMP-drone-dji:FlightRollDegree,-0.4,exiftool
@raw/01_第一批_20260907_1602_单火点/02_激光打点与定位验证/01_事后打点候选/无人机09_1581F7K3C24CS00AX535/DJI_202609071621_002/DJI_20260907163358_0001_V.JPG,B1,uav-09,53HFNBG0M7XACS,ZoomCamera,XMP-drone-dji:FlightYawDegree,+48.60,exiftool
@raw/01_第一批_20260907_1602_单火点/02_激光打点与定位验证/01_事后打点候选/无人机09_1581F7K3C24CS00AX535/DJI_202609071621_002/DJI_20260907163358_0001_V.JPG,B1,uav-09,53HFNBG0M7XACS,ZoomCamera,XMP-drone-dji:FlightPitchDegree,+12.90,exiftool
@raw/01_第一批_20260907_1602_单火点/02_激光打点与定位验证/01_事后打点候选/无人机09_1581F7K3C24CS00AX535/DJI_202609071621_002/DJI_20260907163358_0001_V.JPG,B1,uav-09,53HFNBG0M7XACS,ZoomCamera,XMP-drone-dji:FlightXSpeed,0.0,exiftool
@raw/01_第一批_20260907_1602_单火点/02_激光打点与定位验证/01_事后打点候选/无人机09_1581F7K3C24CS00AX535/DJI_202609071621_002/DJI_20260907163358_0001_V.JPG,B1,uav-09,53HFNBG0M7XACS,ZoomCamera,XMP-drone-dji:FlightYSpeed,0.0,exiftool
@raw/01_第一批_20260907_1602_单火点/02_激光打点与定位验证/01_事后打点候选/无人机09_1581F7K3C24CS00AX535/DJI_202609071621_002/DJI_20260907163358_0001_V.JPG,B1,uav-09,53HFNBG0M7XACS,ZoomCamera,XMP-drone-dji:FlightZSpeed,0.0,exiftool
@raw/01_第一批_20260907_1602_单火点/02_激光打点与定位验证/01_事后打点候选/无人机09_1581F7K3C24CS00AX535/DJI_202609071621_002/DJI_20260907163358_0001_V.JPG,B1,uav-09,53HFNBG0M7XACS,ZoomCamera,XMP-drone-dji:CamReverse,0,exiftool
@raw/01_第一批_20260907_1602_单火点/02_激光打点与定位验证/01_事后打点候选/无人机09_1581F7K3C24CS00AX535/DJI_202609071621_002/DJI_20260907163358_0001_V.JPG,B1,uav-09,53HFNBG0M7XACS,ZoomCamera,XMP-drone-dji:GimbalReverse,0,exiftool
@raw/01_第一批_20260907_1602_单火点/02_激光打点与定位验证/01_事后打点候选/无人机09_1581F7K3C24CS00AX535/DJI_202609071621_002/DJI_20260907163358_0001_V.JPG,B1,uav-09,53HFNBG0M7XACS,ZoomCamera,XMP-drone-dji:SensorTemperature,52.0,exiftool
@raw/01_第一批_20260907_1602_单火点/02_激光打点与定位验证/01_事后打点候选/无人机09_1581F7K3C24CS00AX535/DJI_202609071621_002/DJI_20260907163358_0001_V.JPG,B1,uav-09,53HFNBG0M7XACS,ZoomCamera,XMP-drone-dji:ProductName,DJI Matrice 4T,exiftool
@raw/01_第一批_20260907_1602_单火点/02_激光打点与定位验证/01_事后打点候选/无人机09_1581F7K3C24CS00AX535/DJI_202609071621_002/DJI_20260907163358_0001_V.JPG,B1,uav-09,53HFNBG0M7XACS,ZoomCamera,XMP-drone-dji:SelfData,,exiftool
@raw/01_第一批_20260907_1602_单火点/02_激光打点与定位验证/01_事后打点候选/无人机09_1581F7K3C24CS00AX535/DJI_202609071621_002/DJI_20260907163358_0001_V.JPG,B1,uav-09,53HFNBG0M7XACS,ZoomCamera,XMP-drone-dji:SurveyingMode,0,exiftool
@raw/01_第一批_20260907_1602_单火点/02_激光打点与定位验证/01_事后打点候选/无人机09_1581F7K3C24CS00AX535/DJI_202609071621_002/DJI_20260907163358_0001_V.JPG,B1,uav-09,53HFNBG0M7XACS,ZoomCamera,XMP-drone-dji:ShutterType,Electronic,exiftool
@raw/01_第一批_20260907_1602_单火点/02_激光打点与定位验证/01_事后打点候选/无人机09_1581F7K3C24CS00AX535/DJI_202609071621_002/DJI_20260907163358_0001_V.JPG,B1,uav-09,53HFNBG0M7XACS,ZoomCamera,XMP-drone-dji:CameraSerialNumber,53HFNBG0M7XACS,exiftool
@raw/01_第一批_20260907_1602_单火点/02_激光打点与定位验证/01_事后打点候选/无人机09_1581F7K3C24CS00AX535/DJI_202609071621_002/DJI_20260907163358_0001_V.JPG,B1,uav-09,53HFNBG0M7XACS,ZoomCamera,XMP-drone-dji:DroneModel,M4T,exiftool
@raw/01_第一批_20260907_1602_单火点/02_激光打点与定位验证/01_事后打点候选/无人机09_1581F7K3C24CS00AX535/DJI_202609071621_002/DJI_20260907163358_0001_V.JPG,B1,uav-09,53HFNBG0M7XACS,ZoomCamera,XMP-drone-dji:DroneSerialNumber,1581F7K3C24CS00AX535,exiftool
@raw/01_第一批_20260907_1602_单火点/02_激光打点与定位验证/01_事后打点候选/无人机09_1581F7K3C24CS00AX535/DJI_202609071621_002/DJI_20260907163358_0001_V.JPG,B1,uav-09,53HFNBG0M7XACS,ZoomCamera,XMP-drone-dji:LRFStatus,Normal,exiftool
@raw/01_第一批_20260907_1602_单火点/02_激光打点与定位验证/01_事后打点候选/无人机09_1581F7K3C24CS00AX535/DJI_202609071621_002/DJI_20260907163358_0001_V.JPG,B1,uav-09,53HFNBG0M7XACS,ZoomCamera,XMP-drone-dji:LRFTargetDistance,8.847,exiftool
@raw/01_第一批_20260907_1602_单火点/02_激光打点与定位验证/01_事后打点候选/无人机09_1581F7K3C24CS00AX535/DJI_202609071621_002/DJI_20260907163358_0001_V.JPG,B1,uav-09,53HFNBG0M7XACS,ZoomCamera,XMP-drone-dji:LRFTargetLon,120.4729531,exiftool
@raw/01_第一批_20260907_1602_单火点/02_激光打点与定位验证/01_事后打点候选/无人机09_1581F7K3C24CS00AX535/DJI_202609071621_002/DJI_20260907163358_0001_V.JPG,B1,uav-09,53HFNBG0M7XACS,ZoomCamera,XMP-drone-dji:LRFTargetLat,31.2895112,exiftool
@raw/01_第一批_20260907_1602_单火点/02_激光打点与定位验证/01_事后打点候选/无人机09_1581F7K3C24CS00AX535/DJI_202609071621_002/DJI_20260907163358_0001_V.JPG,B1,uav-09,53HFNBG0M7XACS,ZoomCamera,XMP-drone-dji:LRFTargetAlt,0.46,exiftool
@raw/01_第一批_20260907_1602_单火点/02_激光打点与定位验证/01_事后打点候选/无人机09_1581F7K3C24CS00AX535/DJI_202609071621_002/DJI_20260907163358_0001_V.JPG,B1,uav-09,53HFNBG0M7XACS,ZoomCamera,XMP-drone-dji:LRFTargetAbsAlt,48.9,exiftool
@raw/01_第一批_20260907_1602_单火点/02_激光打点与定位验证/01_事后打点候选/无人机09_1581F7K3C24CS00AX535/DJI_202609071621_002/DJI_20260907163358_0001_V.JPG,B1,uav-09,53HFNBG0M7XACS,ZoomCamera,XMP-drone-dji:WhiteBalanceCCT,5163,exiftool
@raw/01_第一批_20260907_1602_单火点/02_激光打点与定位验证/01_事后打点候选/无人机09_1581F7K3C24CS00AX535/DJI_202609071621_002/DJI_20260907163358_0001_V.JPG,B1,uav-09,53HFNBG0M7XACS,ZoomCamera,XMP-drone-dji:SensorFPS,29.97,exiftool
@raw/01_第一批_20260907_1602_单火点/02_激光打点与定位验证/01_事后打点候选/无人机09_1581F7K3C24CS00AX535/DJI_202609071621_002/DJI_20260907163358_0001_V.JPG,B1,uav-09,53HFNBG0M7XACS,ZoomCamera,XMP-drone-dji:LensPosition,43,exiftool
@raw/01_第一批_20260907_1602_单火点/02_激光打点与定位验证/01_事后打点候选/无人机09_1581F7K3C24CS00AX535/DJI_202609071621_002/DJI_20260907163358_0001_V.JPG,B1,uav-09,53HFNBG0M7XACS,ZoomCamera,XMP-drone-dji:LensInfinitePosition,35,exiftool
@raw/01_第一批_20260907_1602_单火点/02_激光打点与定位验证/01_事后打点候选/无人机09_1581F7K3C24CS00AX535/DJI_202609071621_002/DJI_20260907163358_0001_V.JPG,B1,uav-09,53HFNBG0M7XACS,ZoomCamera,XMP-drone-dji:LensTemperature,51.1,exiftool
@raw/01_第一批_20260907_1602_单火点/02_激光打点与定位验证/01_事后打点候选/无人机09_1581F7K3C24CS00AX535/DJI_202609071621_002/DJI_20260907163358_0001_V.JPG,B1,uav-09,53HFNBG0M7XACS,ZoomCamera,XMP-Camera:FileType,single,exiftool
@raw/01_第一批_20260907_1602_单火点/02_激光打点与定位验证/01_事后打点候选/无人机09_1581F7K3C24CS00AX535/DJI_202609071621_002/DJI_20260907163358_0001_V.JPG,B1,uav-09,53HFNBG0M7XACS,ZoomCamera,XMP-crs:Version,7.0,exiftool
@raw/01_第一批_20260907_1602_单火点/02_激光打点与定位验证/01_事后打点候选/无人机09_1581F7K3C24CS00AX535/DJI_202609071621_002/DJI_20260907163358_0001_V.JPG,B1,uav-09,53HFNBG0M7XACS,ZoomCamera,XMP-crs:HasSettings,False,exiftool
@raw/01_第一批_20260907_1602_单火点/02_激光打点与定位验证/01_事后打点候选/无人机09_1581F7K3C24CS00AX535/DJI_202609071621_002/DJI_20260907163358_0001_V.JPG,B1,uav-09,53HFNBG0M7XACS,ZoomCamera,XMP-crs:HasCrop,False,exiftool
@raw/01_第一批_20260907_1602_单火点/02_激光打点与定位验证/01_事后打点候选/无人机09_1581F7K3C24CS00AX535/DJI_202609071621_002/DJI_20260907163358_0001_V.JPG,B1,uav-09,53HFNBG0M7XACS,ZoomCamera,XMP-crs:AlreadyApplied,False,exiftool
@raw/01_第一批_20260907_1602_单火点/02_激光打点与定位验证/01_事后打点候选/无人机09_1581F7K3C24CS00AX535/DJI_202609071621_002/DJI_20260907163358_0001_V.JPG,B1,uav-09,53HFNBG0M7XACS,ZoomCamera,XML_ATTR:{http://www.w3.org/1999/02/22-rdf-syntax-ns#}about,DJI Meta Data,raw_xmp_xml
@raw/01_第一批_20260907_1602_单火点/02_激光打点与定位验证/01_事后打点候选/无人机09_1581F7K3C24CS00AX535/DJI_202609071621_002/DJI_20260907163358_0001_V.JPG,B1,uav-09,53HFNBG0M7XACS,ZoomCamera,XML_ATTR:{http://ns.adobe.com/xap/1.0/}ModifyDate,2026-09-07T16:33:58+08:00,raw_xmp_xml
@raw/01_第一批_20260907_1602_单火点/02_激光打点与定位验证/01_事后打点候选/无人机09_1581F7K3C24CS00AX535/DJI_202609071621_002/DJI_20260907163358_0001_V.JPG,B1,uav-09,53HFNBG0M7XACS,ZoomCamera,XML_ATTR:{http://ns.adobe.com/xap/1.0/}CreateDate,2026-09-07T16:33:58+08:00,raw_xmp_xml
@raw/01_第一批_20260907_1602_单火点/02_激光打点与定位验证/01_事后打点候选/无人机09_1581F7K3C24CS00AX535/DJI_202609071621_002/DJI_20260907163358_0001_V.JPG,B1,uav-09,53HFNBG0M7XACS,ZoomCamera,XML_ATTR:{http://ns.adobe.com/tiff/1.0/}Make,DJI,raw_xmp_xml
@raw/01_第一批_20260907_1602_单火点/02_激光打点与定位验证/01_事后打点候选/无人机09_1581F7K3C24CS00AX535/DJI_202609071621_002/DJI_20260907163358_0001_V.JPG,B1,uav-09,53HFNBG0M7XACS,ZoomCamera,XML_ATTR:{http://ns.adobe.com/tiff/1.0/}Model,M4T,raw_xmp_xml
@raw/01_第一批_20260907_1602_单火点/02_激光打点与定位验证/01_事后打点候选/无人机09_1581F7K3C24CS00AX535/DJI_202609071621_002/DJI_20260907163358_0001_V.JPG,B1,uav-09,53HFNBG0M7XACS,ZoomCamera,XML_ATTR:{http://purl.org/dc/elements/1.1/}format,image/jpeg,raw_xmp_xml
@raw/01_第一批_20260907_1602_单火点/02_激光打点与定位验证/01_事后打点候选/无人机09_1581F7K3C24CS00AX535/DJI_202609071621_002/DJI_20260907163358_0001_V.JPG,B1,uav-09,53HFNBG0M7XACS,ZoomCamera,XML_ATTR:{http://www.dji.com/drone-dji/1.0/}Version,1.6,raw_xmp_xml
@raw/01_第一批_20260907_1602_单火点/02_激光打点与定位验证/01_事后打点候选/无人机09_1581F7K3C24CS00AX535/DJI_202609071621_002/DJI_20260907163358_0001_V.JPG,B1,uav-09,53HFNBG0M7XACS,ZoomCamera,XML_ATTR:{http://www.dji.com/drone-dji/1.0/}ImageSource,ZoomCamera,raw_xmp_xml
@raw/01_第一批_20260907_1602_单火点/02_激光打点与定位验证/01_事后打点候选/无人机09_1581F7K3C24CS00AX535/DJI_202609071621_002/DJI_20260907163358_0001_V.JPG,B1,uav-09,53HFNBG0M7XACS,ZoomCamera,XML_ATTR:{http://www.dji.com/drone-dji/1.0/}GpsStatus,Normal,raw_xmp_xml
@raw/01_第一批_20260907_1602_单火点/02_激光打点与定位验证/01_事后打点候选/无人机09_1581F7K3C24CS00AX535/DJI_202609071621_002/DJI_20260907163358_0001_V.JPG,B1,uav-09,53HFNBG0M7XACS,ZoomCamera,XML_ATTR:{http://www.dji.com/drone-dji/1.0/}AltitudeType,GpsFusionAlt,raw_xmp_xml
@raw/01_第一批_20260907_1602_单火点/02_激光打点与定位验证/01_事后打点候选/无人机09_1581F7K3C24CS00AX535/DJI_202609071621_002/DJI_20260907163358_0001_V.JPG,B1,uav-09,53HFNBG0M7XACS,ZoomCamera,XML_ATTR:{http://www.dji.com/drone-dji/1.0/}GpsLatitude,+31.289460005,raw_xmp_xml
@raw/01_第一批_20260907_1602_单火点/02_激光打点与定位验证/01_事后打点候选/无人机09_1581F7K3C24CS00AX535/DJI_202609071621_002/DJI_20260907163358_0001_V.JPG,B1,uav-09,53HFNBG0M7XACS,ZoomCamera,XML_ATTR:{http://www.dji.com/drone-dji/1.0/}GpsLongitude,+120.472882168,raw_xmp_xml
@raw/01_第一批_20260907_1602_单火点/02_激光打点与定位验证/01_事后打点候选/无人机09_1581F7K3C24CS00AX535/DJI_202609071621_002/DJI_20260907163358_0001_V.JPG,B1,uav-09,53HFNBG0M7XACS,ZoomCamera,XML_ATTR:{http://www.dji.com/drone-dji/1.0/}AbsoluteAltitude,+48.440,raw_xmp_xml
@raw/01_第一批_20260907_1602_单火点/02_激光打点与定位验证/01_事后打点候选/无人机09_1581F7K3C24CS00AX535/DJI_202609071621_002/DJI_20260907163358_0001_V.JPG,B1,uav-09,53HFNBG0M7XACS,ZoomCamera,XML_ATTR:{http://www.dji.com/drone-dji/1.0/}RelativeAltitude,-0.000,raw_xmp_xml
@raw/01_第一批_20260907_1602_单火点/02_激光打点与定位验证/01_事后打点候选/无人机09_1581F7K3C24CS00AX535/DJI_202609071621_002/DJI_20260907163358_0001_V.JPG,B1,uav-09,53HFNBG0M7XACS,ZoomCamera,XML_ATTR:{http://www.dji.com/drone-dji/1.0/}GimbalRollDegree,+0.00,raw_xmp_xml
@raw/01_第一批_20260907_1602_单火点/02_激光打点与定位验证/01_事后打点候选/无人机09_1581F7K3C24CS00AX535/DJI_202609071621_002/DJI_20260907163358_0001_V.JPG,B1,uav-09,53HFNBG0M7XACS,ZoomCamera,XML_ATTR:{http://www.dji.com/drone-dji/1.0/}GimbalYawDegree,+49.70,raw_xmp_xml
@raw/01_第一批_20260907_1602_单火点/02_激光打点与定位验证/01_事后打点候选/无人机09_1581F7K3C24CS00AX535/DJI_202609071621_002/DJI_20260907163358_0001_V.JPG,B1,uav-09,53HFNBG0M7XACS,ZoomCamera,XML_ATTR:{http://www.dji.com/drone-dji/1.0/}GimbalPitchDegree,+3.20,raw_xmp_xml
@raw/01_第一批_20260907_1602_单火点/02_激光打点与定位验证/01_事后打点候选/无人机09_1581F7K3C24CS00AX535/DJI_202609071621_002/DJI_20260907163358_0001_V.JPG,B1,uav-09,53HFNBG0M7XACS,ZoomCamera,XML_ATTR:{http://www.dji.com/drone-dji/1.0/}FlightRollDegree,-0.40,raw_xmp_xml
@raw/01_第一批_20260907_1602_单火点/02_激光打点与定位验证/01_事后打点候选/无人机09_1581F7K3C24CS00AX535/DJI_202609071621_002/DJI_20260907163358_0001_V.JPG,B1,uav-09,53HFNBG0M7XACS,ZoomCamera,XML_ATTR:{http://www.dji.com/drone-dji/1.0/}FlightYawDegree,+48.60,raw_xmp_xml
@raw/01_第一批_20260907_1602_单火点/02_激光打点与定位验证/01_事后打点候选/无人机09_1581F7K3C24CS00AX535/DJI_202609071621_002/DJI_20260907163358_0001_V.JPG,B1,uav-09,53HFNBG0M7XACS,ZoomCamera,XML_ATTR:{http://www.dji.com/drone-dji/1.0/}FlightPitchDegree,+12.90,raw_xmp_xml
@raw/01_第一批_20260907_1602_单火点/02_激光打点与定位验证/01_事后打点候选/无人机09_1581F7K3C24CS00AX535/DJI_202609071621_002/DJI_20260907163358_0001_V.JPG,B1,uav-09,53HFNBG0M7XACS,ZoomCamera,XML_ATTR:{http://www.dji.com/drone-dji/1.0/}FlightXSpeed,0.0,raw_xmp_xml
@raw/01_第一批_20260907_1602_单火点/02_激光打点与定位验证/01_事后打点候选/无人机09_1581F7K3C24CS00AX535/DJI_202609071621_002/DJI_20260907163358_0001_V.JPG,B1,uav-09,53HFNBG0M7XACS,ZoomCamera,XML_ATTR:{http://www.dji.com/drone-dji/1.0/}FlightYSpeed,0.0,raw_xmp_xml
@raw/01_第一批_20260907_1602_单火点/02_激光打点与定位验证/01_事后打点候选/无人机09_1581F7K3C24CS00AX535/DJI_202609071621_002/DJI_20260907163358_0001_V.JPG,B1,uav-09,53HFNBG0M7XACS,ZoomCamera,XML_ATTR:{http://www.dji.com/drone-dji/1.0/}FlightZSpeed,0.0,raw_xmp_xml
@raw/01_第一批_20260907_1602_单火点/02_激光打点与定位验证/01_事后打点候选/无人机09_1581F7K3C24CS00AX535/DJI_202609071621_002/DJI_20260907163358_0001_V.JPG,B1,uav-09,53HFNBG0M7XACS,ZoomCamera,XML_ATTR:{http://www.dji.com/drone-dji/1.0/}CamReverse,0,raw_xmp_xml
@raw/01_第一批_20260907_1602_单火点/02_激光打点与定位验证/01_事后打点候选/无人机09_1581F7K3C24CS00AX535/DJI_202609071621_002/DJI_20260907163358_0001_V.JPG,B1,uav-09,53HFNBG0M7XACS,ZoomCamera,XML_ATTR:{http://www.dji.com/drone-dji/1.0/}GimbalReverse,0,raw_xmp_xml
@raw/01_第一批_20260907_1602_单火点/02_激光打点与定位验证/01_事后打点候选/无人机09_1581F7K3C24CS00AX535/DJI_202609071621_002/DJI_20260907163358_0001_V.JPG,B1,uav-09,53HFNBG0M7XACS,ZoomCamera,XML_ATTR:{http://www.dji.com/drone-dji/1.0/}SensorTemperature,52.0,raw_xmp_xml
@raw/01_第一批_20260907_1602_单火点/02_激光打点与定位验证/01_事后打点候选/无人机09_1581F7K3C24CS00AX535/DJI_202609071621_002/DJI_20260907163358_0001_V.JPG,B1,uav-09,53HFNBG0M7XACS,ZoomCamera,XML_ATTR:{http://www.dji.com/drone-dji/1.0/}ProductName,DJI Matrice 4T,raw_xmp_xml
@raw/01_第一批_20260907_1602_单火点/02_激光打点与定位验证/01_事后打点候选/无人机09_1581F7K3C24CS00AX535/DJI_202609071621_002/DJI_20260907163358_0001_V.JPG,B1,uav-09,53HFNBG0M7XACS,ZoomCamera,XML_ATTR:{http://www.dji.com/drone-dji/1.0/}SelfData,,raw_xmp_xml
@raw/01_第一批_20260907_1602_单火点/02_激光打点与定位验证/01_事后打点候选/无人机09_1581F7K3C24CS00AX535/DJI_202609071621_002/DJI_20260907163358_0001_V.JPG,B1,uav-09,53HFNBG0M7XACS,ZoomCamera,XML_ATTR:{http://www.dji.com/drone-dji/1.0/}SurveyingMode,0,raw_xmp_xml
@raw/01_第一批_20260907_1602_单火点/02_激光打点与定位验证/01_事后打点候选/无人机09_1581F7K3C24CS00AX535/DJI_202609071621_002/DJI_20260907163358_0001_V.JPG,B1,uav-09,53HFNBG0M7XACS,ZoomCamera,XML_ATTR:{http://www.dji.com/drone-dji/1.0/}ShutterType,Electronic,raw_xmp_xml
@raw/01_第一批_20260907_1602_单火点/02_激光打点与定位验证/01_事后打点候选/无人机09_1581F7K3C24CS00AX535/DJI_202609071621_002/DJI_20260907163358_0001_V.JPG,B1,uav-09,53HFNBG0M7XACS,ZoomCamera,XML_ATTR:{http://www.dji.com/drone-dji/1.0/}CameraSerialNumber,53HFNBG0M7XACS,raw_xmp_xml
@raw/01_第一批_20260907_1602_单火点/02_激光打点与定位验证/01_事后打点候选/无人机09_1581F7K3C24CS00AX535/DJI_202609071621_002/DJI_20260907163358_0001_V.JPG,B1,uav-09,53HFNBG0M7XACS,ZoomCamera,XML_ATTR:{http://www.dji.com/drone-dji/1.0/}DroneModel,M4T,raw_xmp_xml
@raw/01_第一批_20260907_1602_单火点/02_激光打点与定位验证/01_事后打点候选/无人机09_1581F7K3C24CS00AX535/DJI_202609071621_002/DJI_20260907163358_0001_V.JPG,B1,uav-09,53HFNBG0M7XACS,ZoomCamera,XML_ATTR:{http://www.dji.com/drone-dji/1.0/}DroneSerialNumber,1581F7K3C24CS00AX535,raw_xmp_xml
@raw/01_第一批_20260907_1602_单火点/02_激光打点与定位验证/01_事后打点候选/无人机09_1581F7K3C24CS00AX535/DJI_202609071621_002/DJI_20260907163358_0001_V.JPG,B1,uav-09,53HFNBG0M7XACS,ZoomCamera,XML_ATTR:{http://www.dji.com/drone-dji/1.0/}LRFStatus,Normal,raw_xmp_xml
@raw/01_第一批_20260907_1602_单火点/02_激光打点与定位验证/01_事后打点候选/无人机09_1581F7K3C24CS00AX535/DJI_202609071621_002/DJI_20260907163358_0001_V.JPG,B1,uav-09,53HFNBG0M7XACS,ZoomCamera,XML_ATTR:{http://www.dji.com/drone-dji/1.0/}LRFTargetDistance,8.847,raw_xmp_xml
@raw/01_第一批_20260907_1602_单火点/02_激光打点与定位验证/01_事后打点候选/无人机09_1581F7K3C24CS00AX535/DJI_202609071621_002/DJI_20260907163358_0001_V.JPG,B1,uav-09,53HFNBG0M7XACS,ZoomCamera,XML_ATTR:{http://www.dji.com/drone-dji/1.0/}LRFTargetLon,120.4729531,raw_xmp_xml
@raw/01_第一批_20260907_1602_单火点/02_激光打点与定位验证/01_事后打点候选/无人机09_1581F7K3C24CS00AX535/DJI_202609071621_002/DJI_20260907163358_0001_V.JPG,B1,uav-09,53HFNBG0M7XACS,ZoomCamera,XML_ATTR:{http://www.dji.com/drone-dji/1.0/}LRFTargetLat,31.2895112,raw_xmp_xml
@raw/01_第一批_20260907_1602_单火点/02_激光打点与定位验证/01_事后打点候选/无人机09_1581F7K3C24CS00AX535/DJI_202609071621_002/DJI_20260907163358_0001_V.JPG,B1,uav-09,53HFNBG0M7XACS,ZoomCamera,XML_ATTR:{http://www.dji.com/drone-dji/1.0/}LRFTargetAlt,0.460,raw_xmp_xml
@raw/01_第一批_20260907_1602_单火点/02_激光打点与定位验证/01_事后打点候选/无人机09_1581F7K3C24CS00AX535/DJI_202609071621_002/DJI_20260907163358_0001_V.JPG,B1,uav-09,53HFNBG0M7XACS,ZoomCamera,XML_ATTR:{http://www.dji.com/drone-dji/1.0/}LRFTargetAbsAlt,48.900,raw_xmp_xml
@raw/01_第一批_20260907_1602_单火点/02_激光打点与定位验证/01_事后打点候选/无人机09_1581F7K3C24CS00AX535/DJI_202609071621_002/DJI_20260907163358_0001_V.JPG,B1,uav-09,53HFNBG0M7XACS,ZoomCamera,XML_ATTR:{http://www.dji.com/drone-dji/1.0/}WhiteBalanceCCT,5163,raw_xmp_xml
@raw/01_第一批_20260907_1602_单火点/02_激光打点与定位验证/01_事后打点候选/无人机09_1581F7K3C24CS00AX535/DJI_202609071621_002/DJI_20260907163358_0001_V.JPG,B1,uav-09,53HFNBG0M7XACS,ZoomCamera,XML_ATTR:{http://www.dji.com/drone-dji/1.0/}SensorFPS,2997/100,raw_xmp_xml
@raw/01_第一批_20260907_1602_单火点/02_激光打点与定位验证/01_事后打点候选/无人机09_1581F7K3C24CS00AX535/DJI_202609071621_002/DJI_20260907163358_0001_V.JPG,B1,uav-09,53HFNBG0M7XACS,ZoomCamera,XML_ATTR:{http://www.dji.com/drone-dji/1.0/}LensPosition,43,raw_xmp_xml
@raw/01_第一批_20260907_1602_单火点/02_激光打点与定位验证/01_事后打点候选/无人机09_1581F7K3C24CS00AX535/DJI_202609071621_002/DJI_20260907163358_0001_V.JPG,B1,uav-09,53HFNBG0M7XACS,ZoomCamera,XML_ATTR:{http://www.dji.com/drone-dji/1.0/}LensInfinitePosition,35,raw_xmp_xml
@raw/01_第一批_20260907_1602_单火点/02_激光打点与定位验证/01_事后打点候选/无人机09_1581F7K3C24CS00AX535/DJI_202609071621_002/DJI_20260907163358_0001_V.JPG,B1,uav-09,53HFNBG0M7XACS,ZoomCamera,XML_ATTR:{http://www.dji.com/drone-dji/1.0/}LensTemperature,51.100000,raw_xmp_xml
@raw/01_第一批_20260907_1602_单火点/02_激光打点与定位验证/01_事后打点候选/无人机09_1581F7K3C24CS00AX535/DJI_202609071621_002/DJI_20260907163358_0001_V.JPG,B1,uav-09,53HFNBG0M7XACS,ZoomCamera,XML_ATTR:{http://pix4d.com/camera/1.0}FileType,single,raw_xmp_xml
@raw/01_第一批_20260907_1602_单火点/02_激光打点与定位验证/01_事后打点候选/无人机09_1581F7K3C24CS00AX535/DJI_202609071621_002/DJI_20260907163358_0001_V.JPG,B1,uav-09,53HFNBG0M7XACS,ZoomCamera,XML_ATTR:{http://ns.adobe.com/camera-raw-settings/1.0/}Version,7.0,raw_xmp_xml
@raw/01_第一批_20260907_1602_单火点/02_激光打点与定位验证/01_事后打点候选/无人机09_1581F7K3C24CS00AX535/DJI_202609071621_002/DJI_20260907163358_0001_V.JPG,B1,uav-09,53HFNBG0M7XACS,ZoomCamera,XML_ATTR:{http://ns.adobe.com/camera-raw-settings/1.0/}HasSettings,False,raw_xmp_xml
@raw/01_第一批_20260907_1602_单火点/02_激光打点与定位验证/01_事后打点候选/无人机09_1581F7K3C24CS00AX535/DJI_202609071621_002/DJI_20260907163358_0001_V.JPG,B1,uav-09,53HFNBG0M7XACS,ZoomCamera,XML_ATTR:{http://ns.adobe.com/camera-raw-settings/1.0/}HasCrop,False,raw_xmp_xml
@raw/01_第一批_20260907_1602_单火点/02_激光打点与定位验证/01_事后打点候选/无人机09_1581F7K3C24CS00AX535/DJI_202609071621_002/DJI_20260907163358_0001_V.JPG,B1,uav-09,53HFNBG0M7XACS,ZoomCamera,XML_ATTR:{http://ns.adobe.com/camera-raw-settings/1.0/}AlreadyApplied,False,raw_xmp_xml
@raw/01_第一批_20260907_1602_单火点/02_激光打点与定位验证/01_事后打点候选/无人机09_1581F7K3C24CS00AX535/DJI_202609071621_002/DJI_20260907163404_0002_V.JPG,B1,uav-09,53HFNBG0M7XACS,ZoomCamera,XMP-rdf:About,DJI Meta Data,exiftool
@raw/01_第一批_20260907_1602_单火点/02_激光打点与定位验证/01_事后打点候选/无人机09_1581F7K3C24CS00AX535/DJI_202609071621_002/DJI_20260907163404_0002_V.JPG,B1,uav-09,53HFNBG0M7XACS,ZoomCamera,XMP-xmp:ModifyDate,2026:09:07 16:34:04+08:00,exiftool
@raw/01_第一批_20260907_1602_单火点/02_激光打点与定位验证/01_事后打点候选/无人机09_1581F7K3C24CS00AX535/DJI_202609071621_002/DJI_20260907163404_0002_V.JPG,B1,uav-09,53HFNBG0M7XACS,ZoomCamera,XMP-xmp:CreateDate,2026:09:07 16:34:04+08:00,exiftool
@raw/01_第一批_20260907_1602_单火点/02_激光打点与定位验证/01_事后打点候选/无人机09_1581F7K3C24CS00AX535/DJI_202609071621_002/DJI_20260907163404_0002_V.JPG,B1,uav-09,53HFNBG0M7XACS,ZoomCamera,XMP-tiff:Make,DJI,exiftool
@raw/01_第一批_20260907_1602_单火点/02_激光打点与定位验证/01_事后打点候选/无人机09_1581F7K3C24CS00AX535/DJI_202609071621_002/DJI_20260907163404_0002_V.JPG,B1,uav-09,53HFNBG0M7XACS,ZoomCamera,XMP-tiff:Model,M4T,exiftool
@raw/01_第一批_20260907_1602_单火点/02_激光打点与定位验证/01_事后打点候选/无人机09_1581F7K3C24CS00AX535/DJI_202609071621_002/DJI_20260907163404_0002_V.JPG,B1,uav-09,53HFNBG0M7XACS,ZoomCamera,XMP-dc:Format,image/jpeg,exiftool
@raw/01_第一批_20260907_1602_单火点/02_激光打点与定位验证/01_事后打点候选/无人机09_1581F7K3C24CS00AX535/DJI_202609071621_002/DJI_20260907163404_0002_V.JPG,B1,uav-09,53HFNBG0M7XACS,ZoomCamera,XMP-drone-dji:Version,1.6,exiftool
@raw/01_第一批_20260907_1602_单火点/02_激光打点与定位验证/01_事后打点候选/无人机09_1581F7K3C24CS00AX535/DJI_202609071621_002/DJI_20260907163404_0002_V.JPG,B1,uav-09,53HFNBG0M7XACS,ZoomCamera,XMP-drone-dji:ImageSource,ZoomCamera,exiftool
@raw/01_第一批_20260907_1602_单火点/02_激光打点与定位验证/01_事后打点候选/无人机09_1581F7K3C24CS00AX535/DJI_202609071621_002/DJI_20260907163404_0002_V.JPG,B1,uav-09,53HFNBG0M7XACS,ZoomCamera,XMP-drone-dji:GpsStatus,Normal,exiftool
@raw/01_第一批_20260907_1602_单火点/02_激光打点与定位验证/01_事后打点候选/无人机09_1581F7K3C24CS00AX535/DJI_202609071621_002/DJI_20260907163404_0002_V.JPG,B1,uav-09,53HFNBG0M7XACS,ZoomCamera,XMP-drone-dji:AltitudeType,GpsFusionAlt,exiftool
@raw/01_第一批_20260907_1602_单火点/02_激光打点与定位验证/01_事后打点候选/无人机09_1581F7K3C24CS00AX535/DJI_202609071621_002/DJI_20260907163404_0002_V.JPG,B1,uav-09,53HFNBG0M7XACS,ZoomCamera,XMP-drone-dji:GPSLatitude,+31.289458970,exiftool
@raw/01_第一批_20260907_1602_单火点/02_激光打点与定位验证/01_事后打点候选/无人机09_1581F7K3C24CS00AX535/DJI_202609071621_002/DJI_20260907163404_0002_V.JPG,B1,uav-09,53HFNBG0M7XACS,ZoomCamera,XMP-drone-dji:GPSLongitude,+120.472884208,exiftool
@raw/01_第一批_20260907_1602_单火点/02_激光打点与定位验证/01_事后打点候选/无人机09_1581F7K3C24CS00AX535/DJI_202609071621_002/DJI_20260907163404_0002_V.JPG,B1,uav-09,53HFNBG0M7XACS,ZoomCamera,XMP-drone-dji:AbsoluteAltitude,+48.428,exiftool
@raw/01_第一批_20260907_1602_单火点/02_激光打点与定位验证/01_事后打点候选/无人机09_1581F7K3C24CS00AX535/DJI_202609071621_002/DJI_20260907163404_0002_V.JPG,B1,uav-09,53HFNBG0M7XACS,ZoomCamera,XMP-drone-dji:RelativeAltitude,-0.0,exiftool
@raw/01_第一批_20260907_1602_单火点/02_激光打点与定位验证/01_事后打点候选/无人机09_1581F7K3C24CS00AX535/DJI_202609071621_002/DJI_20260907163404_0002_V.JPG,B1,uav-09,53HFNBG0M7XACS,ZoomCamera,XMP-drone-dji:GimbalRollDegree,+0.00,exiftool
@raw/01_第一批_20260907_1602_单火点/02_激光打点与定位验证/01_事后打点候选/无人机09_1581F7K3C24CS00AX535/DJI_202609071621_002/DJI_20260907163404_0002_V.JPG,B1,uav-09,53HFNBG0M7XACS,ZoomCamera,XMP-drone-dji:GimbalYawDegree,+51.20,exiftool
@raw/01_第一批_20260907_1602_单火点/02_激光打点与定位验证/01_事后打点候选/无人机09_1581F7K3C24CS00AX535/DJI_202609071621_002/DJI_20260907163404_0002_V.JPG,B1,uav-09,53HFNBG0M7XACS,ZoomCamera,XMP-drone-dji:GimbalPitchDegree,+3.20,exiftool
@raw/01_第一批_20260907_1602_单火点/02_激光打点与定位验证/01_事后打点候选/无人机09_1581F7K3C24CS00AX535/DJI_202609071621_002/DJI_20260907163404_0002_V.JPG,B1,uav-09,53HFNBG0M7XACS,ZoomCamera,XMP-drone-dji:FlightRollDegree,-0.6,exiftool
@raw/01_第一批_20260907_1602_单火点/02_激光打点与定位验证/01_事后打点候选/无人机09_1581F7K3C24CS00AX535/DJI_202609071621_002/DJI_20260907163404_0002_V.JPG,B1,uav-09,53HFNBG0M7XACS,ZoomCamera,XMP-drone-dji:FlightYawDegree,+53.20,exiftool
@raw/01_第一批_20260907_1602_单火点/02_激光打点与定位验证/01_事后打点候选/无人机09_1581F7K3C24CS00AX535/DJI_202609071621_002/DJI_20260907163404_0002_V.JPG,B1,uav-09,53HFNBG0M7XACS,ZoomCamera,XMP-drone-dji:FlightPitchDegree,+19.10,exiftool
@raw/01_第一批_20260907_1602_单火点/02_激光打点与定位验证/01_事后打点候选/无人机09_1581F7K3C24CS00AX535/DJI_202609071621_002/DJI_20260907163404_0002_V.JPG,B1,uav-09,53HFNBG0M7XACS,ZoomCamera,XMP-drone-dji:FlightXSpeed,0.0,exiftool
@raw/01_第一批_20260907_1602_单火点/02_激光打点与定位验证/01_事后打点候选/无人机09_1581F7K3C24CS00AX535/DJI_202609071621_002/DJI_20260907163404_0002_V.JPG,B1,uav-09,53HFNBG0M7XACS,ZoomCamera,XMP-drone-dji:FlightYSpeed,0.0,exiftool
@raw/01_第一批_20260907_1602_单火点/02_激光打点与定位验证/01_事后打点候选/无人机09_1581F7K3C24CS00AX535/DJI_202609071621_002/DJI_20260907163404_0002_V.JPG,B1,uav-09,53HFNBG0M7XACS,ZoomCamera,XMP-drone-dji:FlightZSpeed,0.0,exiftool
@raw/01_第一批_20260907_1602_单火点/02_激光打点与定位验证/01_事后打点候选/无人机09_1581F7K3C24CS00AX535/DJI_202609071621_002/DJI_20260907163404_0002_V.JPG,B1,uav-09,53HFNBG0M7XACS,ZoomCamera,XMP-drone-dji:CamReverse,0,exiftool
@raw/01_第一批_20260907_1602_单火点/02_激光打点与定位验证/01_事后打点候选/无人机09_1581F7K3C24CS00AX535/DJI_202609071621_002/DJI_20260907163404_0002_V.JPG,B1,uav-09,53HFNBG0M7XACS,ZoomCamera,XMP-drone-dji:GimbalReverse,0,exiftool
@raw/01_第一批_20260907_1602_单火点/02_激光打点与定位验证/01_事后打点候选/无人机09_1581F7K3C24CS00AX535/DJI_202609071621_002/DJI_20260907163404_0002_V.JPG,B1,uav-09,53HFNBG0M7XACS,ZoomCamera,XMP-drone-dji:SensorTemperature,52.0,exiftool
@raw/01_第一批_20260907_1602_单火点/02_激光打点与定位验证/01_事后打点候选/无人机09_1581F7K3C24CS00AX535/DJI_202609071621_002/DJI_20260907163404_0002_V.JPG,B1,uav-09,53HFNBG0M7XACS,ZoomCamera,XMP-drone-dji:ProductName,DJI Matrice 4T,exiftool
@raw/01_第一批_20260907_1602_单火点/02_激光打点与定位验证/01_事后打点候选/无人机09_1581F7K3C24CS00AX535/DJI_202609071621_002/DJI_20260907163404_0002_V.JPG,B1,uav-09,53HFNBG0M7XACS,ZoomCamera,XMP-drone-dji:SelfData,,exiftool
@raw/01_第一批_20260907_1602_单火点/02_激光打点与定位验证/01_事后打点候选/无人机09_1581F7K3C24CS00AX535/DJI_202609071621_002/DJI_20260907163404_0002_V.JPG,B1,uav-09,53HFNBG0M7XACS,ZoomCamera,XMP-drone-dji:SurveyingMode,0,exiftool
@raw/01_第一批_20260907_1602_单火点/02_激光打点与定位验证/01_事后打点候选/无人机09_1581F7K3C24CS00AX535/DJI_202609071621_002/DJI_20260907163404_0002_V.JPG,B1,uav-09,53HFNBG0M7XACS,ZoomCamera,XMP-drone-dji:ShutterType,Electronic,exiftool
@raw/01_第一批_20260907_1602_单火点/02_激光打点与定位验证/01_事后打点候选/无人机09_1581F7K3C24CS00AX535/DJI_202609071621_002/DJI_20260907163404_0002_V.JPG,B1,uav-09,53HFNBG0M7XACS,ZoomCamera,XMP-drone-dji:CameraSerialNumber,53HFNBG0M7XACS,exiftool
@raw/01_第一批_20260907_1602_单火点/02_激光打点与定位验证/01_事后打点候选/无人机09_1581F7K3C24CS00AX535/DJI_202609071621_002/DJI_20260907163404_0002_V.JPG,B1,uav-09,53HFNBG0M7XACS,ZoomCamera,XMP-drone-dji:DroneModel,M4T,exiftool
@raw/01_第一批_20260907_1602_单火点/02_激光打点与定位验证/01_事后打点候选/无人机09_1581F7K3C24CS00AX535/DJI_202609071621_002/DJI_20260907163404_0002_V.JPG,B1,uav-09,53HFNBG0M7XACS,ZoomCamera,XMP-drone-dji:DroneSerialNumber,1581F7K3C24CS00AX535,exiftool
@raw/01_第一批_20260907_1602_单火点/02_激光打点与定位验证/01_事后打点候选/无人机09_1581F7K3C24CS00AX535/DJI_202609071621_002/DJI_20260907163404_0002_V.JPG,B1,uav-09,53HFNBG0M7XACS,ZoomCamera,XMP-drone-dji:LRFStatus,Normal,exiftool
@raw/01_第一批_20260907_1602_单火点/02_激光打点与定位验证/01_事后打点候选/无人机09_1581F7K3C24CS00AX535/DJI_202609071621_002/DJI_20260907163404_0002_V.JPG,B1,uav-09,53HFNBG0M7XACS,ZoomCamera,XMP-drone-dji:LRFTargetDistance,1.893,exiftool
@raw/01_第一批_20260907_1602_单火点/02_激光打点与定位验证/01_事后打点候选/无人机09_1581F7K3C24CS00AX535/DJI_202609071621_002/DJI_20260907163404_0002_V.JPG,B1,uav-09,53HFNBG0M7XACS,ZoomCamera,XMP-drone-dji:LRFTargetLon,120.4728998,exiftool
@raw/01_第一批_20260907_1602_单火点/02_激光打点与定位验证/01_事后打点候选/无人机09_1581F7K3C24CS00AX535/DJI_202609071621_002/DJI_20260907163404_0002_V.JPG,B1,uav-09,53HFNBG0M7XACS,ZoomCamera,XMP-drone-dji:LRFTargetLat,31.2894698,exiftool
@raw/01_第一批_20260907_1602_单火点/02_激光打点与定位验证/01_事后打点候选/无人机09_1581F7K3C24CS00AX535/DJI_202609071621_002/DJI_20260907163404_0002_V.JPG,B1,uav-09,53HFNBG0M7XACS,ZoomCamera,XMP-drone-dji:LRFTargetAlt,0.071,exiftool
@raw/01_第一批_20260907_1602_单火点/02_激光打点与定位验证/01_事后打点候选/无人机09_1581F7K3C24CS00AX535/DJI_202609071621_002/DJI_20260907163404_0002_V.JPG,B1,uav-09,53HFNBG0M7XACS,ZoomCamera,XMP-drone-dji:LRFTargetAbsAlt,48.5,exiftool
@raw/01_第一批_20260907_1602_单火点/02_激光打点与定位验证/01_事后打点候选/无人机09_1581F7K3C24CS00AX535/DJI_202609071621_002/DJI_20260907163404_0002_V.JPG,B1,uav-09,53HFNBG0M7XACS,ZoomCamera,XMP-drone-dji:WhiteBalanceCCT,5131,exiftool
@raw/01_第一批_20260907_1602_单火点/02_激光打点与定位验证/01_事后打点候选/无人机09_1581F7K3C24CS00AX535/DJI_202609071621_002/DJI_20260907163404_0002_V.JPG,B1,uav-09,53HFNBG0M7XACS,ZoomCamera,XMP-drone-dji:SensorFPS,29.97,exiftool
@raw/01_第一批_20260907_1602_单火点/02_激光打点与定位验证/01_事后打点候选/无人机09_1581F7K3C24CS00AX535/DJI_202609071621_002/DJI_20260907163404_0002_V.JPG,B1,uav-09,53HFNBG0M7XACS,ZoomCamera,XMP-drone-dji:LensPosition,44,exiftool
@raw/01_第一批_20260907_1602_单火点/02_激光打点与定位验证/01_事后打点候选/无人机09_1581F7K3C24CS00AX535/DJI_202609071621_002/DJI_20260907163404_0002_V.JPG,B1,uav-09,53HFNBG0M7XACS,ZoomCamera,XMP-drone-dji:LensInfinitePosition,35,exiftool
@raw/01_第一批_20260907_1602_单火点/02_激光打点与定位验证/01_事后打点候选/无人机09_1581F7K3C24CS00AX535/DJI_202609071621_002/DJI_20260907163404_0002_V.JPG,B1,uav-09,53HFNBG0M7XACS,ZoomCamera,XMP-drone-dji:LensTemperature,51.2,exiftool
@raw/01_第一批_20260907_1602_单火点/02_激光打点与定位验证/01_事后打点候选/无人机09_1581F7K3C24CS00AX535/DJI_202609071621_002/DJI_20260907163404_0002_V.JPG,B1,uav-09,53HFNBG0M7XACS,ZoomCamera,XMP-Camera:FileType,single,exiftool
@raw/01_第一批_20260907_1602_单火点/02_激光打点与定位验证/01_事后打点候选/无人机09_1581F7K3C24CS00AX535/DJI_202609071621_002/DJI_20260907163404_0002_V.JPG,B1,uav-09,53HFNBG0M7XACS,ZoomCamera,XMP-crs:Version,7.0,exiftool
@raw/01_第一批_20260907_1602_单火点/02_激光打点与定位验证/01_事后打点候选/无人机09_1581F7K3C24CS00AX535/DJI_202609071621_002/DJI_20260907163404_0002_V.JPG,B1,uav-09,53HFNBG0M7XACS,ZoomCamera,XMP-crs:HasSettings,False,exiftool
@raw/01_第一批_20260907_1602_单火点/02_激光打点与定位验证/01_事后打点候选/无人机09_1581F7K3C24CS00AX535/DJI_202609071621_002/DJI_20260907163404_0002_V.JPG,B1,uav-09,53HFNBG0M7XACS,ZoomCamera,XMP-crs:HasCrop,False,exiftool
@raw/01_第一批_20260907_1602_单火点/02_激光打点与定位验证/01_事后打点候选/无人机09_1581F7K3C24CS00AX535/DJI_202609071621_002/DJI_20260907163404_0002_V.JPG,B1,uav-09,53HFNBG0M7XACS,ZoomCamera,XMP-crs:AlreadyApplied,False,exiftool
@raw/01_第一批_20260907_1602_单火点/02_激光打点与定位验证/01_事后打点候选/无人机09_1581F7K3C24CS00AX535/DJI_202609071621_002/DJI_20260907163404_0002_V.JPG,B1,uav-09,53HFNBG0M7XACS,ZoomCamera,XML_ATTR:{http://www.w3.org/1999/02/22-rdf-syntax-ns#}about,DJI Meta Data,raw_xmp_xml
@raw/01_第一批_20260907_1602_单火点/02_激光打点与定位验证/01_事后打点候选/无人机09_1581F7K3C24CS00AX535/DJI_202609071621_002/DJI_20260907163404_0002_V.JPG,B1,uav-09,53HFNBG0M7XACS,ZoomCamera,XML_ATTR:{http://ns.adobe.com/xap/1.0/}ModifyDate,2026-09-07T16:34:04+08:00,raw_xmp_xml
@raw/01_第一批_20260907_1602_单火点/02_激光打点与定位验证/01_事后打点候选/无人机09_1581F7K3C24CS00AX535/DJI_202609071621_002/DJI_20260907163404_0002_V.JPG,B1,uav-09,53HFNBG0M7XACS,ZoomCamera,XML_ATTR:{http://ns.adobe.com/xap/1.0/}CreateDate,2026-09-07T16:34:04+08:00,raw_xmp_xml
@raw/01_第一批_20260907_1602_单火点/02_激光打点与定位验证/01_事后打点候选/无人机09_1581F7K3C24CS00AX535/DJI_202609071621_002/DJI_20260907163404_0002_V.JPG,B1,uav-09,53HFNBG0M7XACS,ZoomCamera,XML_ATTR:{http://ns.adobe.com/tiff/1.0/}Make,DJI,raw_xmp_xml
@raw/01_第一批_20260907_1602_单火点/02_激光打点与定位验证/01_事后打点候选/无人机09_1581F7K3C24CS00AX535/DJI_202609071621_002/DJI_20260907163404_0002_V.JPG,B1,uav-09,53HFNBG0M7XACS,ZoomCamera,XML_ATTR:{http://ns.adobe.com/tiff/1.0/}Model,M4T,raw_xmp_xml
@raw/01_第一批_20260907_1602_单火点/02_激光打点与定位验证/01_事后打点候选/无人机09_1581F7K3C24CS00AX535/DJI_202609071621_002/DJI_20260907163404_0002_V.JPG,B1,uav-09,53HFNBG0M7XACS,ZoomCamera,XML_ATTR:{http://purl.org/dc/elements/1.1/}format,image/jpeg,raw_xmp_xml
@raw/01_第一批_20260907_1602_单火点/02_激光打点与定位验证/01_事后打点候选/无人机09_1581F7K3C24CS00AX535/DJI_202609071621_002/DJI_20260907163404_0002_V.JPG,B1,uav-09,53HFNBG0M7XACS,ZoomCamera,XML_ATTR:{http://www.dji.com/drone-dji/1.0/}Version,1.6,raw_xmp_xml
@raw/01_第一批_20260907_1602_单火点/02_激光打点与定位验证/01_事后打点候选/无人机09_1581F7K3C24CS00AX535/DJI_202609071621_002/DJI_20260907163404_0002_V.JPG,B1,uav-09,53HFNBG0M7XACS,ZoomCamera,XML_ATTR:{http://www.dji.com/drone-dji/1.0/}ImageSource,ZoomCamera,raw_xmp_xml
@raw/01_第一批_20260907_1602_单火点/02_激光打点与定位验证/01_事后打点候选/无人机09_1581F7K3C24CS00AX535/DJI_202609071621_002/DJI_20260907163404_0002_V.JPG,B1,uav-09,53HFNBG0M7XACS,ZoomCamera,XML_ATTR:{http://www.dji.com/drone-dji/1.0/}GpsStatus,Normal,raw_xmp_xml
@raw/01_第一批_20260907_1602_单火点/02_激光打点与定位验证/01_事后打点候选/无人机09_1581F7K3C24CS00AX535/DJI_202609071621_002/DJI_20260907163404_0002_V.JPG,B1,uav-09,53HFNBG0M7XACS,ZoomCamera,XML_ATTR:{http://www.dji.com/drone-dji/1.0/}AltitudeType,GpsFusionAlt,raw_xmp_xml
@raw/01_第一批_20260907_1602_单火点/02_激光打点与定位验证/01_事后打点候选/无人机09_1581F7K3C24CS00AX535/DJI_202609071621_002/DJI_20260907163404_0002_V.JPG,B1,uav-09,53HFNBG0M7XACS,ZoomCamera,XML_ATTR:{http://www.dji.com/drone-dji/1.0/}GpsLatitude,+31.289458970,raw_xmp_xml
@raw/01_第一批_20260907_1602_单火点/02_激光打点与定位验证/01_事后打点候选/无人机09_1581F7K3C24CS00AX535/DJI_202609071621_002/DJI_20260907163404_0002_V.JPG,B1,uav-09,53HFNBG0M7XACS,ZoomCamera,XML_ATTR:{http://www.dji.com/drone-dji/1.0/}GpsLongitude,+120.472884208,raw_xmp_xml
@raw/01_第一批_20260907_1602_单火点/02_激光打点与定位验证/01_事后打点候选/无人机09_1581F7K3C24CS00AX535/DJI_202609071621_002/DJI_20260907163404_0002_V.JPG,B1,uav-09,53HFNBG0M7XACS,ZoomCamera,XML_ATTR:{http://www.dji.com/drone-dji/1.0/}AbsoluteAltitude,+48.428,raw_xmp_xml
@raw/01_第一批_20260907_1602_单火点/02_激光打点与定位验证/01_事后打点候选/无人机09_1581F7K3C24CS00AX535/DJI_202609071621_002/DJI_20260907163404_0002_V.JPG,B1,uav-09,53HFNBG0M7XACS,ZoomCamera,XML_ATTR:{http://www.dji.com/drone-dji/1.0/}RelativeAltitude,-0.000,raw_xmp_xml
@raw/01_第一批_20260907_1602_单火点/02_激光打点与定位验证/01_事后打点候选/无人机09_1581F7K3C24CS00AX535/DJI_202609071621_002/DJI_20260907163404_0002_V.JPG,B1,uav-09,53HFNBG0M7XACS,ZoomCamera,XML_ATTR:{http://www.dji.com/drone-dji/1.0/}GimbalRollDegree,+0.00,raw_xmp_xml
@raw/01_第一批_20260907_1602_单火点/02_激光打点与定位验证/01_事后打点候选/无人机09_1581F7K3C24CS00AX535/DJI_202609071621_002/DJI_20260907163404_0002_V.JPG,B1,uav-09,53HFNBG0M7XACS,ZoomCamera,XML_ATTR:{http://www.dji.com/drone-dji/1.0/}GimbalYawDegree,+51.20,raw_xmp_xml
@raw/01_第一批_20260907_1602_单火点/02_激光打点与定位验证/01_事后打点候选/无人机09_1581F7K3C24CS00AX535/DJI_202609071621_002/DJI_20260907163404_0002_V.JPG,B1,uav-09,53HFNBG0M7XACS,ZoomCamera,XML_ATTR:{http://www.dji.com/drone-dji/1.0/}GimbalPitchDegree,+3.20,raw_xmp_xml
@raw/01_第一批_20260907_1602_单火点/02_激光打点与定位验证/01_事后打点候选/无人机09_1581F7K3C24CS00AX535/DJI_202609071621_002/DJI_20260907163404_0002_V.JPG,B1,uav-09,53HFNBG0M7XACS,ZoomCamera,XML_ATTR:{http://www.dji.com/drone-dji/1.0/}FlightRollDegree,-0.60,raw_xmp_xml
@raw/01_第一批_20260907_1602_单火点/02_激光打点与定位验证/01_事后打点候选/无人机09_1581F7K3C24CS00AX535/DJI_202609071621_002/DJI_20260907163404_0002_V.JPG,B1,uav-09,53HFNBG0M7XACS,ZoomCamera,XML_ATTR:{http://www.dji.com/drone-dji/1.0/}FlightYawDegree,+53.20,raw_xmp_xml
@raw/01_第一批_20260907_1602_单火点/02_激光打点与定位验证/01_事后打点候选/无人机09_1581F7K3C24CS00AX535/DJI_202609071621_002/DJI_20260907163404_0002_V.JPG,B1,uav-09,53HFNBG0M7XACS,ZoomCamera,XML_ATTR:{http://www.dji.com/drone-dji/1.0/}FlightPitchDegree,+19.10,raw_xmp_xml
@raw/01_第一批_20260907_1602_单火点/02_激光打点与定位验证/01_事后打点候选/无人机09_1581F7K3C24CS00AX535/DJI_202609071621_002/DJI_20260907163404_0002_V.JPG,B1,uav-09,53HFNBG0M7XACS,ZoomCamera,XML_ATTR:{http://www.dji.com/drone-dji/1.0/}FlightXSpeed,0.0,raw_xmp_xml
@raw/01_第一批_20260907_1602_单火点/02_激光打点与定位验证/01_事后打点候选/无人机09_1581F7K3C24CS00AX535/DJI_202609071621_002/DJI_20260907163404_0002_V.JPG,B1,uav-09,53HFNBG0M7XACS,ZoomCamera,XML_ATTR:{http://www.dji.com/drone-dji/1.0/}FlightYSpeed,0.0,raw_xmp_xml
@raw/01_第一批_20260907_1602_单火点/02_激光打点与定位验证/01_事后打点候选/无人机09_1581F7K3C24CS00AX535/DJI_202609071621_002/DJI_20260907163404_0002_V.JPG,B1,uav-09,53HFNBG0M7XACS,ZoomCamera,XML_ATTR:{http://www.dji.com/drone-dji/1.0/}FlightZSpeed,0.0,raw_xmp_xml
@raw/01_第一批_20260907_1602_单火点/02_激光打点与定位验证/01_事后打点候选/无人机09_1581F7K3C24CS00AX535/DJI_202609071621_002/DJI_20260907163404_0002_V.JPG,B1,uav-09,53HFNBG0M7XACS,ZoomCamera,XML_ATTR:{http://www.dji.com/drone-dji/1.0/}CamReverse,0,raw_xmp_xml
@raw/01_第一批_20260907_1602_单火点/02_激光打点与定位验证/01_事后打点候选/无人机09_1581F7K3C24CS00AX535/DJI_202609071621_002/DJI_20260907163404_0002_V.JPG,B1,uav-09,53HFNBG0M7XACS,ZoomCamera,XML_ATTR:{http://www.dji.com/drone-dji/1.0/}GimbalReverse,0,raw_xmp_xml
@raw/01_第一批_20260907_1602_单火点/02_激光打点与定位验证/01_事后打点候选/无人机09_1581F7K3C24CS00AX535/DJI_202609071621_002/DJI_20260907163404_0002_V.JPG,B1,uav-09,53HFNBG0M7XACS,ZoomCamera,XML_ATTR:{http://www.dji.com/drone-dji/1.0/}SensorTemperature,52.0,raw_xmp_xml
@raw/01_第一批_20260907_1602_单火点/02_激光打点与定位验证/01_事后打点候选/无人机09_1581F7K3C24CS00AX535/DJI_202609071621_002/DJI_20260907163404_0002_V.JPG,B1,uav-09,53HFNBG0M7XACS,ZoomCamera,XML_ATTR:{http://www.dji.com/drone-dji/1.0/}ProductName,DJI Matrice 4T,raw_xmp_xml
@raw/01_第一批_20260907_1602_单火点/02_激光打点与定位验证/01_事后打点候选/无人机09_1581F7K3C24CS00AX535/DJI_202609071621_002/DJI_20260907163404_0002_V.JPG,B1,uav-09,53HFNBG0M7XACS,ZoomCamera,XML_ATTR:{http://www.dji.com/drone-dji/1.0/}SelfData,,raw_xmp_xml
@raw/01_第一批_20260907_1602_单火点/02_激光打点与定位验证/01_事后打点候选/无人机09_1581F7K3C24CS00AX535/DJI_202609071621_002/DJI_20260907163404_0002_V.JPG,B1,uav-09,53HFNBG0M7XACS,ZoomCamera,XML_ATTR:{http://www.dji.com/drone-dji/1.0/}SurveyingMode,0,raw_xmp_xml
@raw/01_第一批_20260907_1602_单火点/02_激光打点与定位验证/01_事后打点候选/无人机09_1581F7K3C24CS00AX535/DJI_202609071621_002/DJI_20260907163404_0002_V.JPG,B1,uav-09,53HFNBG0M7XACS,ZoomCamera,XML_ATTR:{http://www.dji.com/drone-dji/1.0/}ShutterType,Electronic,raw_xmp_xml
@raw/01_第一批_20260907_1602_单火点/02_激光打点与定位验证/01_事后打点候选/无人机09_1581F7K3C24CS00AX535/DJI_202609071621_002/DJI_20260907163404_0002_V.JPG,B1,uav-09,53HFNBG0M7XACS,ZoomCamera,XML_ATTR:{http://www.dji.com/drone-dji/1.0/}CameraSerialNumber,53HFNBG0M7XACS,raw_xmp_xml
@raw/01_第一批_20260907_1602_单火点/02_激光打点与定位验证/01_事后打点候选/无人机09_1581F7K3C24CS00AX535/DJI_202609071621_002/DJI_20260907163404_0002_V.JPG,B1,uav-09,53HFNBG0M7XACS,ZoomCamera,XML_ATTR:{http://www.dji.com/drone-dji/1.0/}DroneModel,M4T,raw_xmp_xml
@raw/01_第一批_20260907_1602_单火点/02_激光打点与定位验证/01_事后打点候选/无人机09_1581F7K3C24CS00AX535/DJI_202609071621_002/DJI_20260907163404_0002_V.JPG,B1,uav-09,53HFNBG0M7XACS,ZoomCamera,XML_ATTR:{http://www.dji.com/drone-dji/1.0/}DroneSerialNumber,1581F7K3C24CS00AX535,raw_xmp_xml
@raw/01_第一批_20260907_1602_单火点/02_激光打点与定位验证/01_事后打点候选/无人机09_1581F7K3C24CS00AX535/DJI_202609071621_002/DJI_20260907163404_0002_V.JPG,B1,uav-09,53HFNBG0M7XACS,ZoomCamera,XML_ATTR:{http://www.dji.com/drone-dji/1.0/}LRFStatus,Normal,raw_xmp_xml
@raw/01_第一批_20260907_1602_单火点/02_激光打点与定位验证/01_事后打点候选/无人机09_1581F7K3C24CS00AX535/DJI_202609071621_002/DJI_20260907163404_0002_V.JPG,B1,uav-09,53HFNBG0M7XACS,ZoomCamera,XML_ATTR:{http://www.dji.com/drone-dji/1.0/}LRFTargetDistance,1.893,raw_xmp_xml
@raw/01_第一批_20260907_1602_单火点/02_激光打点与定位验证/01_事后打点候选/无人机09_1581F7K3C24CS00AX535/DJI_202609071621_002/DJI_20260907163404_0002_V.JPG,B1,uav-09,53HFNBG0M7XACS,ZoomCamera,XML_ATTR:{http://www.dji.com/drone-dji/1.0/}LRFTargetLon,120.4728998,raw_xmp_xml
@raw/01_第一批_20260907_1602_单火点/02_激光打点与定位验证/01_事后打点候选/无人机09_1581F7K3C24CS00AX535/DJI_202609071621_002/DJI_20260907163404_0002_V.JPG,B1,uav-09,53HFNBG0M7XACS,ZoomCamera,XML_ATTR:{http://www.dji.com/drone-dji/1.0/}LRFTargetLat,31.2894698,raw_xmp_xml
@raw/01_第一批_20260907_1602_单火点/02_激光打点与定位验证/01_事后打点候选/无人机09_1581F7K3C24CS00AX535/DJI_202609071621_002/DJI_20260907163404_0002_V.JPG,B1,uav-09,53HFNBG0M7XACS,ZoomCamera,XML_ATTR:{http://www.dji.com/drone-dji/1.0/}LRFTargetAlt,0.071,raw_xmp_xml
@raw/01_第一批_20260907_1602_单火点/02_激光打点与定位验证/01_事后打点候选/无人机09_1581F7K3C24CS00AX535/DJI_202609071621_002/DJI_20260907163404_0002_V.JPG,B1,uav-09,53HFNBG0M7XACS,ZoomCamera,XML_ATTR:{http://www.dji.com/drone-dji/1.0/}LRFTargetAbsAlt,48.500,raw_xmp_xml
@raw/01_第一批_20260907_1602_单火点/02_激光打点与定位验证/01_事后打点候选/无人机09_1581F7K3C24CS00AX535/DJI_202609071621_002/DJI_20260907163404_0002_V.JPG,B1,uav-09,53HFNBG0M7XACS,ZoomCamera,XML_ATTR:{http://www.dji.com/drone-dji/1.0/}WhiteBalanceCCT,5131,raw_xmp_xml
@raw/01_第一批_20260907_1602_单火点/02_激光打点与定位验证/01_事后打点候选/无人机09_1581F7K3C24CS00AX535/DJI_202609071621_002/DJI_20260907163404_0002_V.JPG,B1,uav-09,53HFNBG0M7XACS,ZoomCamera,XML_ATTR:{http://www.dji.com/drone-dji/1.0/}SensorFPS,2997/100,raw_xmp_xml
@raw/01_第一批_20260907_1602_单火点/02_激光打点与定位验证/01_事后打点候选/无人机09_1581F7K3C24CS00AX535/DJI_202609071621_002/DJI_20260907163404_0002_V.JPG,B1,uav-09,53HFNBG0M7XACS,ZoomCamera,XML_ATTR:{http://www.dji.com/drone-dji/1.0/}LensPosition,44,raw_xmp_xml
@raw/01_第一批_20260907_1602_单火点/02_激光打点与定位验证/01_事后打点候选/无人机09_1581F7K3C24CS00AX535/DJI_202609071621_002/DJI_20260907163404_0002_V.JPG,B1,uav-09,53HFNBG0M7XACS,ZoomCamera,XML_ATTR:{http://www.dji.com/drone-dji/1.0/}LensInfinitePosition,35,raw_xmp_xml
@raw/01_第一批_20260907_1602_单火点/02_激光打点与定位验证/01_事后打点候选/无人机09_1581F7K3C24CS00AX535/DJI_202609071621_002/DJI_20260907163404_0002_V.JPG,B1,uav-09,53HFNBG0M7XACS,ZoomCamera,XML_ATTR:{http://www.dji.com/drone-dji/1.0/}LensTemperature,51.200000,raw_xmp_xml
@raw/01_第一批_20260907_1602_单火点/02_激光打点与定位验证/01_事后打点候选/无人机09_1581F7K3C24CS00AX535/DJI_202609071621_002/DJI_20260907163404_0002_V.JPG,B1,uav-09,53HFNBG0M7XACS,ZoomCamera,XML_ATTR:{http://pix4d.com/camera/1.0}FileType,single,raw_xmp_xml
@raw/01_第一批_20260907_1602_单火点/02_激光打点与定位验证/01_事后打点候选/无人机09_1581F7K3C24CS00AX535/DJI_202609071621_002/DJI_20260907163404_0002_V.JPG,B1,uav-09,53HFNBG0M7XACS,ZoomCamera,XML_ATTR:{http://ns.adobe.com/camera-raw-settings/1.0/}Version,7.0,raw_xmp_xml
@raw/01_第一批_20260907_1602_单火点/02_激光打点与定位验证/01_事后打点候选/无人机09_1581F7K3C24CS00AX535/DJI_202609071621_002/DJI_20260907163404_0002_V.JPG,B1,uav-09,53HFNBG0M7XACS,ZoomCamera,XML_ATTR:{http://ns.adobe.com/camera-raw-settings/1.0/}HasSettings,False,raw_xmp_xml
@raw/01_第一批_20260907_1602_单火点/02_激光打点与定位验证/01_事后打点候选/无人机09_1581F7K3C24CS00AX535/DJI_202609071621_002/DJI_20260907163404_0002_V.JPG,B1,uav-09,53HFNBG0M7XACS,ZoomCamera,XML_ATTR:{http://ns.adobe.com/camera-raw-settings/1.0/}HasCrop,False,raw_xmp_xml
@raw/01_第一批_20260907_1602_单火点/02_激光打点与定位验证/01_事后打点候选/无人机09_1581F7K3C24CS00AX535/DJI_202609071621_002/DJI_20260907163404_0002_V.JPG,B1,uav-09,53HFNBG0M7XACS,ZoomCamera,XML_ATTR:{http://ns.adobe.com/camera-raw-settings/1.0/}AlreadyApplied,False,raw_xmp_xml
@raw/01_第一批_20260907_1602_单火点/02_激光打点与定位验证/01_事后打点候选/无人机09_1581F7K3C24CS00AX535/DJI_202609071621_002/DJI_20260907163440_0003_V.JPG,B1,uav-09,53HFNBG0M7XACS,ZoomCamera,XMP-rdf:About,DJI Meta Data,exiftool
@raw/01_第一批_20260907_1602_单火点/02_激光打点与定位验证/01_事后打点候选/无人机09_1581F7K3C24CS00AX535/DJI_202609071621_002/DJI_20260907163440_0003_V.JPG,B1,uav-09,53HFNBG0M7XACS,ZoomCamera,XMP-xmp:ModifyDate,2026:09:07 16:34:40+08:00,exiftool
@raw/01_第一批_20260907_1602_单火点/02_激光打点与定位验证/01_事后打点候选/无人机09_1581F7K3C24CS00AX535/DJI_202609071621_002/DJI_20260907163440_0003_V.JPG,B1,uav-09,53HFNBG0M7XACS,ZoomCamera,XMP-xmp:CreateDate,2026:09:07 16:34:40+08:00,exiftool
@raw/01_第一批_20260907_1602_单火点/02_激光打点与定位验证/01_事后打点候选/无人机09_1581F7K3C24CS00AX535/DJI_202609071621_002/DJI_20260907163440_0003_V.JPG,B1,uav-09,53HFNBG0M7XACS,ZoomCamera,XMP-tiff:Make,DJI,exiftool
@raw/01_第一批_20260907_1602_单火点/02_激光打点与定位验证/01_事后打点候选/无人机09_1581F7K3C24CS00AX535/DJI_202609071621_002/DJI_20260907163440_0003_V.JPG,B1,uav-09,53HFNBG0M7XACS,ZoomCamera,XMP-tiff:Model,M4T,exiftool
@raw/01_第一批_20260907_1602_单火点/02_激光打点与定位验证/01_事后打点候选/无人机09_1581F7K3C24CS00AX535/DJI_202609071621_002/DJI_20260907163440_0003_V.JPG,B1,uav-09,53HFNBG0M7XACS,ZoomCamera,XMP-dc:Format,image/jpeg,exiftool
@raw/01_第一批_20260907_1602_单火点/02_激光打点与定位验证/01_事后打点候选/无人机09_1581F7K3C24CS00AX535/DJI_202609071621_002/DJI_20260907163440_0003_V.JPG,B1,uav-09,53HFNBG0M7XACS,ZoomCamera,XMP-drone-dji:Version,1.6,exiftool
@raw/01_第一批_20260907_1602_单火点/02_激光打点与定位验证/01_事后打点候选/无人机09_1581F7K3C24CS00AX535/DJI_202609071621_002/DJI_20260907163440_0003_V.JPG,B1,uav-09,53HFNBG0M7XACS,ZoomCamera,XMP-drone-dji:ImageSource,ZoomCamera,exiftool
@raw/01_第一批_20260907_1602_单火点/02_激光打点与定位验证/01_事后打点候选/无人机09_1581F7K3C24CS00AX535/DJI_202609071621_002/DJI_20260907163440_0003_V.JPG,B1,uav-09,53HFNBG0M7XACS,ZoomCamera,XMP-drone-dji:GpsStatus,Normal,exiftool
@raw/01_第一批_20260907_1602_单火点/02_激光打点与定位验证/01_事后打点候选/无人机09_1581F7K3C24CS00AX535/DJI_202609071621_002/DJI_20260907163440_0003_V.JPG,B1,uav-09,53HFNBG0M7XACS,ZoomCamera,XMP-drone-dji:AltitudeType,GpsFusionAlt,exiftool
@raw/01_第一批_20260907_1602_单火点/02_激光打点与定位验证/01_事后打点候选/无人机09_1581F7K3C24CS00AX535/DJI_202609071621_002/DJI_20260907163440_0003_V.JPG,B1,uav-09,53HFNBG0M7XACS,ZoomCamera,XMP-drone-dji:GPSLatitude,+31.289476007,exiftool
@raw/01_第一批_20260907_1602_单火点/02_激光打点与定位验证/01_事后打点候选/无人机09_1581F7K3C24CS00AX535/DJI_202609071621_002/DJI_20260907163440_0003_V.JPG,B1,uav-09,53HFNBG0M7XACS,ZoomCamera,XMP-drone-dji:GPSLongitude,+120.472893987,exiftool
@raw/01_第一批_20260907_1602_单火点/02_激光打点与定位验证/01_事后打点候选/无人机09_1581F7K3C24CS00AX535/DJI_202609071621_002/DJI_20260907163440_0003_V.JPG,B1,uav-09,53HFNBG0M7XACS,ZoomCamera,XMP-drone-dji:AbsoluteAltitude,+47.936,exiftool
@raw/01_第一批_20260907_1602_单火点/02_激光打点与定位验证/01_事后打点候选/无人机09_1581F7K3C24CS00AX535/DJI_202609071621_002/DJI_20260907163440_0003_V.JPG,B1,uav-09,53HFNBG0M7XACS,ZoomCamera,XMP-drone-dji:RelativeAltitude,+0.000,exiftool
@raw/01_第一批_20260907_1602_单火点/02_激光打点与定位验证/01_事后打点候选/无人机09_1581F7K3C24CS00AX535/DJI_202609071621_002/DJI_20260907163440_0003_V.JPG,B1,uav-09,53HFNBG0M7XACS,ZoomCamera,XMP-drone-dji:GimbalRollDegree,+0.00,exiftool
@raw/01_第一批_20260907_1602_单火点/02_激光打点与定位验证/01_事后打点候选/无人机09_1581F7K3C24CS00AX535/DJI_202609071621_002/DJI_20260907163440_0003_V.JPG,B1,uav-09,53HFNBG0M7XACS,ZoomCamera,XMP-drone-dji:GimbalYawDegree,-158.6,exiftool
@raw/01_第一批_20260907_1602_单火点/02_激光打点与定位验证/01_事后打点候选/无人机09_1581F7K3C24CS00AX535/DJI_202609071621_002/DJI_20260907163440_0003_V.JPG,B1,uav-09,53HFNBG0M7XACS,ZoomCamera,XMP-drone-dji:GimbalPitchDegree,+3.20,exiftool
@raw/01_第一批_20260907_1602_单火点/02_激光打点与定位验证/01_事后打点候选/无人机09_1581F7K3C24CS00AX535/DJI_202609071621_002/DJI_20260907163440_0003_V.JPG,B1,uav-09,53HFNBG0M7XACS,ZoomCamera,XMP-drone-dji:FlightRollDegree,-6.3,exiftool
@raw/01_第一批_20260907_1602_单火点/02_激光打点与定位验证/01_事后打点候选/无人机09_1581F7K3C24CS00AX535/DJI_202609071621_002/DJI_20260907163440_0003_V.JPG,B1,uav-09,53HFNBG0M7XACS,ZoomCamera,XMP-drone-dji:FlightYawDegree,-161.1,exiftool
@raw/01_第一批_20260907_1602_单火点/02_激光打点与定位验证/01_事后打点候选/无人机09_1581F7K3C24CS00AX535/DJI_202609071621_002/DJI_20260907163440_0003_V.JPG,B1,uav-09,53HFNBG0M7XACS,ZoomCamera,XMP-drone-dji:FlightPitchDegree,+13.30,exiftool
@raw/01_第一批_20260907_1602_单火点/02_激光打点与定位验证/01_事后打点候选/无人机09_1581F7K3C24CS00AX535/DJI_202609071621_002/DJI_20260907163440_0003_V.JPG,B1,uav-09,53HFNBG0M7XACS,ZoomCamera,XMP-drone-dji:FlightXSpeed,0.0,exiftool
@raw/01_第一批_20260907_1602_单火点/02_激光打点与定位验证/01_事后打点候选/无人机09_1581F7K3C24CS00AX535/DJI_202609071621_002/DJI_20260907163440_0003_V.JPG,B1,uav-09,53HFNBG0M7XACS,ZoomCamera,XMP-drone-dji:FlightYSpeed,0.0,exiftool
@raw/01_第一批_20260907_1602_单火点/02_激光打点与定位验证/01_事后打点候选/无人机09_1581F7K3C24CS00AX535/DJI_202609071621_002/DJI_20260907163440_0003_V.JPG,B1,uav-09,53HFNBG0M7XACS,ZoomCamera,XMP-drone-dji:FlightZSpeed,0.0,exiftool
@raw/01_第一批_20260907_1602_单火点/02_激光打点与定位验证/01_事后打点候选/无人机09_1581F7K3C24CS00AX535/DJI_202609071621_002/DJI_20260907163440_0003_V.JPG,B1,uav-09,53HFNBG0M7XACS,ZoomCamera,XMP-drone-dji:CamReverse,0,exiftool
@raw/01_第一批_20260907_1602_单火点/02_激光打点与定位验证/01_事后打点候选/无人机09_1581F7K3C24CS00AX535/DJI_202609071621_002/DJI_20260907163440_0003_V.JPG,B1,uav-09,53HFNBG0M7XACS,ZoomCamera,XMP-drone-dji:GimbalReverse,0,exiftool
@raw/01_第一批_20260907_1602_单火点/02_激光打点与定位验证/01_事后打点候选/无人机09_1581F7K3C24CS00AX535/DJI_202609071621_002/DJI_20260907163440_0003_V.JPG,B1,uav-09,53HFNBG0M7XACS,ZoomCamera,XMP-drone-dji:SensorTemperature,51.0,exiftool
@raw/01_第一批_20260907_1602_单火点/02_激光打点与定位验证/01_事后打点候选/无人机09_1581F7K3C24CS00AX535/DJI_202609071621_002/DJI_20260907163440_0003_V.JPG,B1,uav-09,53HFNBG0M7XACS,ZoomCamera,XMP-drone-dji:ProductName,DJI Matrice 4T,exiftool
@raw/01_第一批_20260907_1602_单火点/02_激光打点与定位验证/01_事后打点候选/无人机09_1581F7K3C24CS00AX535/DJI_202609071621_002/DJI_20260907163440_0003_V.JPG,B1,uav-09,53HFNBG0M7XACS,ZoomCamera,XMP-drone-dji:SelfData,,exiftool
@raw/01_第一批_20260907_1602_单火点/02_激光打点与定位验证/01_事后打点候选/无人机09_1581F7K3C24CS00AX535/DJI_202609071621_002/DJI_20260907163440_0003_V.JPG,B1,uav-09,53HFNBG0M7XACS,ZoomCamera,XMP-drone-dji:SurveyingMode,0,exiftool
@raw/01_第一批_20260907_1602_单火点/02_激光打点与定位验证/01_事后打点候选/无人机09_1581F7K3C24CS00AX535/DJI_202609071621_002/DJI_20260907163440_0003_V.JPG,B1,uav-09,53HFNBG0M7XACS,ZoomCamera,XMP-drone-dji:ShutterType,Electronic,exiftool
@raw/01_第一批_20260907_1602_单火点/02_激光打点与定位验证/01_事后打点候选/无人机09_1581F7K3C24CS00AX535/DJI_202609071621_002/DJI_20260907163440_0003_V.JPG,B1,uav-09,53HFNBG0M7XACS,ZoomCamera,XMP-drone-dji:CameraSerialNumber,53HFNBG0M7XACS,exiftool
@raw/01_第一批_20260907_1602_单火点/02_激光打点与定位验证/01_事后打点候选/无人机09_1581F7K3C24CS00AX535/DJI_202609071621_002/DJI_20260907163440_0003_V.JPG,B1,uav-09,53HFNBG0M7XACS,ZoomCamera,XMP-drone-dji:DroneModel,M4T,exiftool
@raw/01_第一批_20260907_1602_单火点/02_激光打点与定位验证/01_事后打点候选/无人机09_1581F7K3C24CS00AX535/DJI_202609071621_002/DJI_20260907163440_0003_V.JPG,B1,uav-09,53HFNBG0M7XACS,ZoomCamera,XMP-drone-dji:DroneSerialNumber,1581F7K3C24CS00AX535,exiftool
@raw/01_第一批_20260907_1602_单火点/02_激光打点与定位验证/01_事后打点候选/无人机09_1581F7K3C24CS00AX535/DJI_202609071621_002/DJI_20260907163440_0003_V.JPG,B1,uav-09,53HFNBG0M7XACS,ZoomCamera,XMP-drone-dji:LRFStatus,Normal,exiftool
@raw/01_第一批_20260907_1602_单火点/02_激光打点与定位验证/01_事后打点候选/无人机09_1581F7K3C24CS00AX535/DJI_202609071621_002/DJI_20260907163440_0003_V.JPG,B1,uav-09,53HFNBG0M7XACS,ZoomCamera,XMP-drone-dji:LRFTargetDistance,0.863,exiftool
@raw/01_第一批_20260907_1602_单火点/02_激光打点与定位验证/01_事后打点候选/无人机09_1581F7K3C24CS00AX535/DJI_202609071621_002/DJI_20260907163440_0003_V.JPG,B1,uav-09,53HFNBG0M7XACS,ZoomCamera,XMP-drone-dji:LRFTargetLon,120.4728907,exiftool
@raw/01_第一批_20260907_1602_单火点/02_激光打点与定位验证/01_事后打点候选/无人机09_1581F7K3C24CS00AX535/DJI_202609071621_002/DJI_20260907163440_0003_V.JPG,B1,uav-09,53HFNBG0M7XACS,ZoomCamera,XMP-drone-dji:LRFTargetLat,31.2894688,exiftool
@raw/01_第一批_20260907_1602_单火点/02_激光打点与定位验证/01_事后打点候选/无人机09_1581F7K3C24CS00AX535/DJI_202609071621_002/DJI_20260907163440_0003_V.JPG,B1,uav-09,53HFNBG0M7XACS,ZoomCamera,XMP-drone-dji:LRFTargetAlt,0.064,exiftool
@raw/01_第一批_20260907_1602_单火点/02_激光打点与定位验证/01_事后打点候选/无人机09_1581F7K3C24CS00AX535/DJI_202609071621_002/DJI_20260907163440_0003_V.JPG,B1,uav-09,53HFNBG0M7XACS,ZoomCamera,XMP-drone-dji:LRFTargetAbsAlt,48.0,exiftool
@raw/01_第一批_20260907_1602_单火点/02_激光打点与定位验证/01_事后打点候选/无人机09_1581F7K3C24CS00AX535/DJI_202609071621_002/DJI_20260907163440_0003_V.JPG,B1,uav-09,53HFNBG0M7XACS,ZoomCamera,XMP-drone-dji:WhiteBalanceCCT,5209,exiftool
@raw/01_第一批_20260907_1602_单火点/02_激光打点与定位验证/01_事后打点候选/无人机09_1581F7K3C24CS00AX535/DJI_202609071621_002/DJI_20260907163440_0003_V.JPG,B1,uav-09,53HFNBG0M7XACS,ZoomCamera,XMP-drone-dji:SensorFPS,29.97,exiftool
@raw/01_第一批_20260907_1602_单火点/02_激光打点与定位验证/01_事后打点候选/无人机09_1581F7K3C24CS00AX535/DJI_202609071621_002/DJI_20260907163440_0003_V.JPG,B1,uav-09,53HFNBG0M7XACS,ZoomCamera,XMP-drone-dji:LensPosition,49,exiftool
@raw/01_第一批_20260907_1602_单火点/02_激光打点与定位验证/01_事后打点候选/无人机09_1581F7K3C24CS00AX535/DJI_202609071621_002/DJI_20260907163440_0003_V.JPG,B1,uav-09,53HFNBG0M7XACS,ZoomCamera,XMP-drone-dji:LensInfinitePosition,35,exiftool
@raw/01_第一批_20260907_1602_单火点/02_激光打点与定位验证/01_事后打点候选/无人机09_1581F7K3C24CS00AX535/DJI_202609071621_002/DJI_20260907163440_0003_V.JPG,B1,uav-09,53HFNBG0M7XACS,ZoomCamera,XMP-drone-dji:LensTemperature,50.1,exiftool
@raw/01_第一批_20260907_1602_单火点/02_激光打点与定位验证/01_事后打点候选/无人机09_1581F7K3C24CS00AX535/DJI_202609071621_002/DJI_20260907163440_0003_V.JPG,B1,uav-09,53HFNBG0M7XACS,ZoomCamera,XMP-Camera:FileType,single,exiftool
@raw/01_第一批_20260907_1602_单火点/02_激光打点与定位验证/01_事后打点候选/无人机09_1581F7K3C24CS00AX535/DJI_202609071621_002/DJI_20260907163440_0003_V.JPG,B1,uav-09,53HFNBG0M7XACS,ZoomCamera,XMP-crs:Version,7.0,exiftool
@raw/01_第一批_20260907_1602_单火点/02_激光打点与定位验证/01_事后打点候选/无人机09_1581F7K3C24CS00AX535/DJI_202609071621_002/DJI_20260907163440_0003_V.JPG,B1,uav-09,53HFNBG0M7XACS,ZoomCamera,XMP-crs:HasSettings,False,exiftool
@raw/01_第一批_20260907_1602_单火点/02_激光打点与定位验证/01_事后打点候选/无人机09_1581F7K3C24CS00AX535/DJI_202609071621_002/DJI_20260907163440_0003_V.JPG,B1,uav-09,53HFNBG0M7XACS,ZoomCamera,XMP-crs:HasCrop,False,exiftool
@raw/01_第一批_20260907_1602_单火点/02_激光打点与定位验证/01_事后打点候选/无人机09_1581F7K3C24CS00AX535/DJI_202609071621_002/DJI_20260907163440_0003_V.JPG,B1,uav-09,53HFNBG0M7XACS,ZoomCamera,XMP-crs:AlreadyApplied,False,exiftool
@raw/01_第一批_20260907_1602_单火点/02_激光打点与定位验证/01_事后打点候选/无人机09_1581F7K3C24CS00AX535/DJI_202609071621_002/DJI_20260907163440_0003_V.JPG,B1,uav-09,53HFNBG0M7XACS,ZoomCamera,XML_ATTR:{http://www.w3.org/1999/02/22-rdf-syntax-ns#}about,DJI Meta Data,raw_xmp_xml
@raw/01_第一批_20260907_1602_单火点/02_激光打点与定位验证/01_事后打点候选/无人机09_1581F7K3C24CS00AX535/DJI_202609071621_002/DJI_20260907163440_0003_V.JPG,B1,uav-09,53HFNBG0M7XACS,ZoomCamera,XML_ATTR:{http://ns.adobe.com/xap/1.0/}ModifyDate,2026-09-07T16:34:40+08:00,raw_xmp_xml
@raw/01_第一批_20260907_1602_单火点/02_激光打点与定位验证/01_事后打点候选/无人机09_1581F7K3C24CS00AX535/DJI_202609071621_002/DJI_20260907163440_0003_V.JPG,B1,uav-09,53HFNBG0M7XACS,ZoomCamera,XML_ATTR:{http://ns.adobe.com/xap/1.0/}CreateDate,2026-09-07T16:34:40+08:00,raw_xmp_xml
@raw/01_第一批_20260907_1602_单火点/02_激光打点与定位验证/01_事后打点候选/无人机09_1581F7K3C24CS00AX535/DJI_202609071621_002/DJI_20260907163440_0003_V.JPG,B1,uav-09,53HFNBG0M7XACS,ZoomCamera,XML_ATTR:{http://ns.adobe.com/tiff/1.0/}Make,DJI,raw_xmp_xml
@raw/01_第一批_20260907_1602_单火点/02_激光打点与定位验证/01_事后打点候选/无人机09_1581F7K3C24CS00AX535/DJI_202609071621_002/DJI_20260907163440_0003_V.JPG,B1,uav-09,53HFNBG0M7XACS,ZoomCamera,XML_ATTR:{http://ns.adobe.com/tiff/1.0/}Model,M4T,raw_xmp_xml
@raw/01_第一批_20260907_1602_单火点/02_激光打点与定位验证/01_事后打点候选/无人机09_1581F7K3C24CS00AX535/DJI_202609071621_002/DJI_20260907163440_0003_V.JPG,B1,uav-09,53HFNBG0M7XACS,ZoomCamera,XML_ATTR:{http://purl.org/dc/elements/1.1/}format,image/jpeg,raw_xmp_xml
@raw/01_第一批_20260907_1602_单火点/02_激光打点与定位验证/01_事后打点候选/无人机09_1581F7K3C24CS00AX535/DJI_202609071621_002/DJI_20260907163440_0003_V.JPG,B1,uav-09,53HFNBG0M7XACS,ZoomCamera,XML_ATTR:{http://www.dji.com/drone-dji/1.0/}Version,1.6,raw_xmp_xml
@raw/01_第一批_20260907_1602_单火点/02_激光打点与定位验证/01_事后打点候选/无人机09_1581F7K3C24CS00AX535/DJI_202609071621_002/DJI_20260907163440_0003_V.JPG,B1,uav-09,53HFNBG0M7XACS,ZoomCamera,XML_ATTR:{http://www.dji.com/drone-dji/1.0/}ImageSource,ZoomCamera,raw_xmp_xml
@raw/01_第一批_20260907_1602_单火点/02_激光打点与定位验证/01_事后打点候选/无人机09_1581F7K3C24CS00AX535/DJI_202609071621_002/DJI_20260907163440_0003_V.JPG,B1,uav-09,53HFNBG0M7XACS,ZoomCamera,XML_ATTR:{http://www.dji.com/drone-dji/1.0/}GpsStatus,Normal,raw_xmp_xml
@raw/01_第一批_20260907_1602_单火点/02_激光打点与定位验证/01_事后打点候选/无人机09_1581F7K3C24CS00AX535/DJI_202609071621_002/DJI_20260907163440_0003_V.JPG,B1,uav-09,53HFNBG0M7XACS,ZoomCamera,XML_ATTR:{http://www.dji.com/drone-dji/1.0/}AltitudeType,GpsFusionAlt,raw_xmp_xml
@raw/01_第一批_20260907_1602_单火点/02_激光打点与定位验证/01_事后打点候选/无人机09_1581F7K3C24CS00AX535/DJI_202609071621_002/DJI_20260907163440_0003_V.JPG,B1,uav-09,53HFNBG0M7XACS,ZoomCamera,XML_ATTR:{http://www.dji.com/drone-dji/1.0/}GpsLatitude,+31.289476007,raw_xmp_xml
@raw/01_第一批_20260907_1602_单火点/02_激光打点与定位验证/01_事后打点候选/无人机09_1581F7K3C24CS00AX535/DJI_202609071621_002/DJI_20260907163440_0003_V.JPG,B1,uav-09,53HFNBG0M7XACS,ZoomCamera,XML_ATTR:{http://www.dji.com/drone-dji/1.0/}GpsLongitude,+120.472893987,raw_xmp_xml
@raw/01_第一批_20260907_1602_单火点/02_激光打点与定位验证/01_事后打点候选/无人机09_1581F7K3C24CS00AX535/DJI_202609071621_002/DJI_20260907163440_0003_V.JPG,B1,uav-09,53HFNBG0M7XACS,ZoomCamera,XML_ATTR:{http://www.dji.com/drone-dji/1.0/}AbsoluteAltitude,+47.936,raw_xmp_xml
@raw/01_第一批_20260907_1602_单火点/02_激光打点与定位验证/01_事后打点候选/无人机09_1581F7K3C24CS00AX535/DJI_202609071621_002/DJI_20260907163440_0003_V.JPG,B1,uav-09,53HFNBG0M7XACS,ZoomCamera,XML_ATTR:{http://www.dji.com/drone-dji/1.0/}RelativeAltitude,+0.000,raw_xmp_xml
@raw/01_第一批_20260907_1602_单火点/02_激光打点与定位验证/01_事后打点候选/无人机09_1581F7K3C24CS00AX535/DJI_202609071621_002/DJI_20260907163440_0003_V.JPG,B1,uav-09,53HFNBG0M7XACS,ZoomCamera,XML_ATTR:{http://www.dji.com/drone-dji/1.0/}GimbalRollDegree,+0.00,raw_xmp_xml
@raw/01_第一批_20260907_1602_单火点/02_激光打点与定位验证/01_事后打点候选/无人机09_1581F7K3C24CS00AX535/DJI_202609071621_002/DJI_20260907163440_0003_V.JPG,B1,uav-09,53HFNBG0M7XACS,ZoomCamera,XML_ATTR:{http://www.dji.com/drone-dji/1.0/}GimbalYawDegree,-158.60,raw_xmp_xml
@raw/01_第一批_20260907_1602_单火点/02_激光打点与定位验证/01_事后打点候选/无人机09_1581F7K3C24CS00AX535/DJI_202609071621_002/DJI_20260907163440_0003_V.JPG,B1,uav-09,53HFNBG0M7XACS,ZoomCamera,XML_ATTR:{http://www.dji.com/drone-dji/1.0/}GimbalPitchDegree,+3.20,raw_xmp_xml
@raw/01_第一批_20260907_1602_单火点/02_激光打点与定位验证/01_事后打点候选/无人机09_1581F7K3C24CS00AX535/DJI_202609071621_002/DJI_20260907163440_0003_V.JPG,B1,uav-09,53HFNBG0M7XACS,ZoomCamera,XML_ATTR:{http://www.dji.com/drone-dji/1.0/}FlightRollDegree,-6.30,raw_xmp_xml
@raw/01_第一批_20260907_1602_单火点/02_激光打点与定位验证/01_事后打点候选/无人机09_1581F7K3C24CS00AX535/DJI_202609071621_002/DJI_20260907163440_0003_V.JPG,B1,uav-09,53HFNBG0M7XACS,ZoomCamera,XML_ATTR:{http://www.dji.com/drone-dji/1.0/}FlightYawDegree,-161.10,raw_xmp_xml
@raw/01_第一批_20260907_1602_单火点/02_激光打点与定位验证/01_事后打点候选/无人机09_1581F7K3C24CS00AX535/DJI_202609071621_002/DJI_20260907163440_0003_V.JPG,B1,uav-09,53HFNBG0M7XACS,ZoomCamera,XML_ATTR:{http://www.dji.com/drone-dji/1.0/}FlightPitchDegree,+13.30,raw_xmp_xml
@raw/01_第一批_20260907_1602_单火点/02_激光打点与定位验证/01_事后打点候选/无人机09_1581F7K3C24CS00AX535/DJI_202609071621_002/DJI_20260907163440_0003_V.JPG,B1,uav-09,53HFNBG0M7XACS,ZoomCamera,XML_ATTR:{http://www.dji.com/drone-dji/1.0/}FlightXSpeed,0.0,raw_xmp_xml
@raw/01_第一批_20260907_1602_单火点/02_激光打点与定位验证/01_事后打点候选/无人机09_1581F7K3C24CS00AX535/DJI_202609071621_002/DJI_20260907163440_0003_V.JPG,B1,uav-09,53HFNBG0M7XACS,ZoomCamera,XML_ATTR:{http://www.dji.com/drone-dji/1.0/}FlightYSpeed,0.0,raw_xmp_xml
@raw/01_第一批_20260907_1602_单火点/02_激光打点与定位验证/01_事后打点候选/无人机09_1581F7K3C24CS00AX535/DJI_202609071621_002/DJI_20260907163440_0003_V.JPG,B1,uav-09,53HFNBG0M7XACS,ZoomCamera,XML_ATTR:{http://www.dji.com/drone-dji/1.0/}FlightZSpeed,0.0,raw_xmp_xml
@raw/01_第一批_20260907_1602_单火点/02_激光打点与定位验证/01_事后打点候选/无人机09_1581F7K3C24CS00AX535/DJI_202609071621_002/DJI_20260907163440_0003_V.JPG,B1,uav-09,53HFNBG0M7XACS,ZoomCamera,XML_ATTR:{http://www.dji.com/drone-dji/1.0/}CamReverse,0,raw_xmp_xml
@raw/01_第一批_20260907_1602_单火点/02_激光打点与定位验证/01_事后打点候选/无人机09_1581F7K3C24CS00AX535/DJI_202609071621_002/DJI_20260907163440_0003_V.JPG,B1,uav-09,53HFNBG0M7XACS,ZoomCamera,XML_ATTR:{http://www.dji.com/drone-dji/1.0/}GimbalReverse,0,raw_xmp_xml
@raw/01_第一批_20260907_1602_单火点/02_激光打点与定位验证/01_事后打点候选/无人机09_1581F7K3C24CS00AX535/DJI_202609071621_002/DJI_20260907163440_0003_V.JPG,B1,uav-09,53HFNBG0M7XACS,ZoomCamera,XML_ATTR:{http://www.dji.com/drone-dji/1.0/}SensorTemperature,51.0,raw_xmp_xml
@raw/01_第一批_20260907_1602_单火点/02_激光打点与定位验证/01_事后打点候选/无人机09_1581F7K3C24CS00AX535/DJI_202609071621_002/DJI_20260907163440_0003_V.JPG,B1,uav-09,53HFNBG0M7XACS,ZoomCamera,XML_ATTR:{http://www.dji.com/drone-dji/1.0/}ProductName,DJI Matrice 4T,raw_xmp_xml
@raw/01_第一批_20260907_1602_单火点/02_激光打点与定位验证/01_事后打点候选/无人机09_1581F7K3C24CS00AX535/DJI_202609071621_002/DJI_20260907163440_0003_V.JPG,B1,uav-09,53HFNBG0M7XACS,ZoomCamera,XML_ATTR:{http://www.dji.com/drone-dji/1.0/}SelfData,,raw_xmp_xml
@raw/01_第一批_20260907_1602_单火点/02_激光打点与定位验证/01_事后打点候选/无人机09_1581F7K3C24CS00AX535/DJI_202609071621_002/DJI_20260907163440_0003_V.JPG,B1,uav-09,53HFNBG0M7XACS,ZoomCamera,XML_ATTR:{http://www.dji.com/drone-dji/1.0/}SurveyingMode,0,raw_xmp_xml
@raw/01_第一批_20260907_1602_单火点/02_激光打点与定位验证/01_事后打点候选/无人机09_1581F7K3C24CS00AX535/DJI_202609071621_002/DJI_20260907163440_0003_V.JPG,B1,uav-09,53HFNBG0M7XACS,ZoomCamera,XML_ATTR:{http://www.dji.com/drone-dji/1.0/}ShutterType,Electronic,raw_xmp_xml
@raw/01_第一批_20260907_1602_单火点/02_激光打点与定位验证/01_事后打点候选/无人机09_1581F7K3C24CS00AX535/DJI_202609071621_002/DJI_20260907163440_0003_V.JPG,B1,uav-09,53HFNBG0M7XACS,ZoomCamera,XML_ATTR:{http://www.dji.com/drone-dji/1.0/}CameraSerialNumber,53HFNBG0M7XACS,raw_xmp_xml
@raw/01_第一批_20260907_1602_单火点/02_激光打点与定位验证/01_事后打点候选/无人机09_1581F7K3C24CS00AX535/DJI_202609071621_002/DJI_20260907163440_0003_V.JPG,B1,uav-09,53HFNBG0M7XACS,ZoomCamera,XML_ATTR:{http://www.dji.com/drone-dji/1.0/}DroneModel,M4T,raw_xmp_xml
@raw/01_第一批_20260907_1602_单火点/02_激光打点与定位验证/01_事后打点候选/无人机09_1581F7K3C24CS00AX535/DJI_202609071621_002/DJI_20260907163440_0003_V.JPG,B1,uav-09,53HFNBG0M7XACS,ZoomCamera,XML_ATTR:{http://www.dji.com/drone-dji/1.0/}DroneSerialNumber,1581F7K3C24CS00AX535,raw_xmp_xml
@raw/01_第一批_20260907_1602_单火点/02_激光打点与定位验证/01_事后打点候选/无人机09_1581F7K3C24CS00AX535/DJI_202609071621_002/DJI_20260907163440_0003_V.JPG,B1,uav-09,53HFNBG0M7XACS,ZoomCamera,XML_ATTR:{http://www.dji.com/drone-dji/1.0/}LRFStatus,Normal,raw_xmp_xml
@raw/01_第一批_20260907_1602_单火点/02_激光打点与定位验证/01_事后打点候选/无人机09_1581F7K3C24CS00AX535/DJI_202609071621_002/DJI_20260907163440_0003_V.JPG,B1,uav-09,53HFNBG0M7XACS,ZoomCamera,XML_ATTR:{http://www.dji.com/drone-dji/1.0/}LRFTargetDistance,0.863,raw_xmp_xml
@raw/01_第一批_20260907_1602_单火点/02_激光打点与定位验证/01_事后打点候选/无人机09_1581F7K3C24CS00AX535/DJI_202609071621_002/DJI_20260907163440_0003_V.JPG,B1,uav-09,53HFNBG0M7XACS,ZoomCamera,XML_ATTR:{http://www.dji.com/drone-dji/1.0/}LRFTargetLon,120.4728907,raw_xmp_xml
@raw/01_第一批_20260907_1602_单火点/02_激光打点与定位验证/01_事后打点候选/无人机09_1581F7K3C24CS00AX535/DJI_202609071621_002/DJI_20260907163440_0003_V.JPG,B1,uav-09,53HFNBG0M7XACS,ZoomCamera,XML_ATTR:{http://www.dji.com/drone-dji/1.0/}LRFTargetLat,31.2894688,raw_xmp_xml
@raw/01_第一批_20260907_1602_单火点/02_激光打点与定位验证/01_事后打点候选/无人机09_1581F7K3C24CS00AX535/DJI_202609071621_002/DJI_20260907163440_0003_V.JPG,B1,uav-09,53HFNBG0M7XACS,ZoomCamera,XML_ATTR:{http://www.dji.com/drone-dji/1.0/}LRFTargetAlt,0.064,raw_xmp_xml
@raw/01_第一批_20260907_1602_单火点/02_激光打点与定位验证/01_事后打点候选/无人机09_1581F7K3C24CS00AX535/DJI_202609071621_002/DJI_20260907163440_0003_V.JPG,B1,uav-09,53HFNBG0M7XACS,ZoomCamera,XML_ATTR:{http://www.dji.com/drone-dji/1.0/}LRFTargetAbsAlt,48.000,raw_xmp_xml
@raw/01_第一批_20260907_1602_单火点/02_激光打点与定位验证/01_事后打点候选/无人机09_1581F7K3C24CS00AX535/DJI_202609071621_002/DJI_20260907163440_0003_V.JPG,B1,uav-09,53HFNBG0M7XACS,ZoomCamera,XML_ATTR:{http://www.dji.com/drone-dji/1.0/}WhiteBalanceCCT,5209,raw_xmp_xml
@raw/01_第一批_20260907_1602_单火点/02_激光打点与定位验证/01_事后打点候选/无人机09_1581F7K3C24CS00AX535/DJI_202609071621_002/DJI_20260907163440_0003_V.JPG,B1,uav-09,53HFNBG0M7XACS,ZoomCamera,XML_ATTR:{http://www.dji.com/drone-dji/1.0/}SensorFPS,2997/100,raw_xmp_xml
@raw/01_第一批_20260907_1602_单火点/02_激光打点与定位验证/01_事后打点候选/无人机09_1581F7K3C24CS00AX535/DJI_202609071621_002/DJI_20260907163440_0003_V.JPG,B1,uav-09,53HFNBG0M7XACS,ZoomCamera,XML_ATTR:{http://www.dji.com/drone-dji/1.0/}LensPosition,49,raw_xmp_xml
@raw/01_第一批_20260907_1602_单火点/02_激光打点与定位验证/01_事后打点候选/无人机09_1581F7K3C24CS00AX535/DJI_202609071621_002/DJI_20260907163440_0003_V.JPG,B1,uav-09,53HFNBG0M7XACS,ZoomCamera,XML_ATTR:{http://www.dji.com/drone-dji/1.0/}LensInfinitePosition,35,raw_xmp_xml
@raw/01_第一批_20260907_1602_单火点/02_激光打点与定位验证/01_事后打点候选/无人机09_1581F7K3C24CS00AX535/DJI_202609071621_002/DJI_20260907163440_0003_V.JPG,B1,uav-09,53HFNBG0M7XACS,ZoomCamera,XML_ATTR:{http://www.dji.com/drone-dji/1.0/}LensTemperature,50.100000,raw_xmp_xml
@raw/01_第一批_20260907_1602_单火点/02_激光打点与定位验证/01_事后打点候选/无人机09_1581F7K3C24CS00AX535/DJI_202609071621_002/DJI_20260907163440_0003_V.JPG,B1,uav-09,53HFNBG0M7XACS,ZoomCamera,XML_ATTR:{http://pix4d.com/camera/1.0}FileType,single,raw_xmp_xml
@raw/01_第一批_20260907_1602_单火点/02_激光打点与定位验证/01_事后打点候选/无人机09_1581F7K3C24CS00AX535/DJI_202609071621_002/DJI_20260907163440_0003_V.JPG,B1,uav-09,53HFNBG0M7XACS,ZoomCamera,XML_ATTR:{http://ns.adobe.com/camera-raw-settings/1.0/}Version,7.0,raw_xmp_xml
@raw/01_第一批_20260907_1602_单火点/02_激光打点与定位验证/01_事后打点候选/无人机09_1581F7K3C24CS00AX535/DJI_202609071621_002/DJI_20260907163440_0003_V.JPG,B1,uav-09,53HFNBG0M7XACS,ZoomCamera,XML_ATTR:{http://ns.adobe.com/camera-raw-settings/1.0/}HasSettings,False,raw_xmp_xml
@raw/01_第一批_20260907_1602_单火点/02_激光打点与定位验证/01_事后打点候选/无人机09_1581F7K3C24CS00AX535/DJI_202609071621_002/DJI_20260907163440_0003_V.JPG,B1,uav-09,53HFNBG0M7XACS,ZoomCamera,XML_ATTR:{http://ns.adobe.com/camera-raw-settings/1.0/}HasCrop,False,raw_xmp_xml
@raw/01_第一批_20260907_1602_单火点/02_激光打点与定位验证/01_事后打点候选/无人机09_1581F7K3C24CS00AX535/DJI_202609071621_002/DJI_20260907163440_0003_V.JPG,B1,uav-09,53HFNBG0M7XACS,ZoomCamera,XML_ATTR:{http://ns.adobe.com/camera-raw-settings/1.0/}AlreadyApplied,False,raw_xmp_xml
@raw/02_第二批_20260908_0924_单火点/02_激光打点与定位验证/02_放火前打点/无人机09_1581F7K3C24CS00AX535/DJI_202609080915_003/DJI_20260908092258_0002_V.JPG,B2,uav-09,53HFNBG0M7XACS,ZoomCamera,XMP-rdf:About,DJI Meta Data,exiftool
@raw/02_第二批_20260908_0924_单火点/02_激光打点与定位验证/02_放火前打点/无人机09_1581F7K3C24CS00AX535/DJI_202609080915_003/DJI_20260908092258_0002_V.JPG,B2,uav-09,53HFNBG0M7XACS,ZoomCamera,XMP-xmp:ModifyDate,2026:09:08 09:22:58+08:00,exiftool
@raw/02_第二批_20260908_0924_单火点/02_激光打点与定位验证/02_放火前打点/无人机09_1581F7K3C24CS00AX535/DJI_202609080915_003/DJI_20260908092258_0002_V.JPG,B2,uav-09,53HFNBG0M7XACS,ZoomCamera,XMP-xmp:CreateDate,2026:09:08 09:22:58+08:00,exiftool
@raw/02_第二批_20260908_0924_单火点/02_激光打点与定位验证/02_放火前打点/无人机09_1581F7K3C24CS00AX535/DJI_202609080915_003/DJI_20260908092258_0002_V.JPG,B2,uav-09,53HFNBG0M7XACS,ZoomCamera,XMP-tiff:Make,DJI,exiftool
@raw/02_第二批_20260908_0924_单火点/02_激光打点与定位验证/02_放火前打点/无人机09_1581F7K3C24CS00AX535/DJI_202609080915_003/DJI_20260908092258_0002_V.JPG,B2,uav-09,53HFNBG0M7XACS,ZoomCamera,XMP-tiff:Model,M4T,exiftool
@raw/02_第二批_20260908_0924_单火点/02_激光打点与定位验证/02_放火前打点/无人机09_1581F7K3C24CS00AX535/DJI_202609080915_003/DJI_20260908092258_0002_V.JPG,B2,uav-09,53HFNBG0M7XACS,ZoomCamera,XMP-dc:Format,image/jpeg,exiftool
@raw/02_第二批_20260908_0924_单火点/02_激光打点与定位验证/02_放火前打点/无人机09_1581F7K3C24CS00AX535/DJI_202609080915_003/DJI_20260908092258_0002_V.JPG,B2,uav-09,53HFNBG0M7XACS,ZoomCamera,XMP-drone-dji:Version,1.6,exiftool
@raw/02_第二批_20260908_0924_单火点/02_激光打点与定位验证/02_放火前打点/无人机09_1581F7K3C24CS00AX535/DJI_202609080915_003/DJI_20260908092258_0002_V.JPG,B2,uav-09,53HFNBG0M7XACS,ZoomCamera,XMP-drone-dji:ImageSource,ZoomCamera,exiftool
@raw/02_第二批_20260908_0924_单火点/02_激光打点与定位验证/02_放火前打点/无人机09_1581F7K3C24CS00AX535/DJI_202609080915_003/DJI_20260908092258_0002_V.JPG,B2,uav-09,53HFNBG0M7XACS,ZoomCamera,XMP-drone-dji:GpsStatus,Normal,exiftool
@raw/02_第二批_20260908_0924_单火点/02_激光打点与定位验证/02_放火前打点/无人机09_1581F7K3C24CS00AX535/DJI_202609080915_003/DJI_20260908092258_0002_V.JPG,B2,uav-09,53HFNBG0M7XACS,ZoomCamera,XMP-drone-dji:AltitudeType,GpsFusionAlt,exiftool
@raw/02_第二批_20260908_0924_单火点/02_激光打点与定位验证/02_放火前打点/无人机09_1581F7K3C24CS00AX535/DJI_202609080915_003/DJI_20260908092258_0002_V.JPG,B2,uav-09,53HFNBG0M7XACS,ZoomCamera,XMP-drone-dji:GPSLatitude,+31.289369281,exiftool
@raw/02_第二批_20260908_0924_单火点/02_激光打点与定位验证/02_放火前打点/无人机09_1581F7K3C24CS00AX535/DJI_202609080915_003/DJI_20260908092258_0002_V.JPG,B2,uav-09,53HFNBG0M7XACS,ZoomCamera,XMP-drone-dji:GPSLongitude,+120.472646013,exiftool
@raw/02_第二批_20260908_0924_单火点/02_激光打点与定位验证/02_放火前打点/无人机09_1581F7K3C24CS00AX535/DJI_202609080915_003/DJI_20260908092258_0002_V.JPG,B2,uav-09,53HFNBG0M7XACS,ZoomCamera,XMP-drone-dji:AbsoluteAltitude,+80.059,exiftool
@raw/02_第二批_20260908_0924_单火点/02_激光打点与定位验证/02_放火前打点/无人机09_1581F7K3C24CS00AX535/DJI_202609080915_003/DJI_20260908092258_0002_V.JPG,B2,uav-09,53HFNBG0M7XACS,ZoomCamera,XMP-drone-dji:RelativeAltitude,+28.797,exiftool
@raw/02_第二批_20260908_0924_单火点/02_激光打点与定位验证/02_放火前打点/无人机09_1581F7K3C24CS00AX535/DJI_202609080915_003/DJI_20260908092258_0002_V.JPG,B2,uav-09,53HFNBG0M7XACS,ZoomCamera,XMP-drone-dji:GimbalRollDegree,+0.00,exiftool
@raw/02_第二批_20260908_0924_单火点/02_激光打点与定位验证/02_放火前打点/无人机09_1581F7K3C24CS00AX535/DJI_202609080915_003/DJI_20260908092258_0002_V.JPG,B2,uav-09,53HFNBG0M7XACS,ZoomCamera,XMP-drone-dji:GimbalYawDegree,+52.20,exiftool
@raw/02_第二批_20260908_0924_单火点/02_激光打点与定位验证/02_放火前打点/无人机09_1581F7K3C24CS00AX535/DJI_202609080915_003/DJI_20260908092258_0002_V.JPG,B2,uav-09,53HFNBG0M7XACS,ZoomCamera,XMP-drone-dji:GimbalPitchDegree,-54.6,exiftool
@raw/02_第二批_20260908_0924_单火点/02_激光打点与定位验证/02_放火前打点/无人机09_1581F7K3C24CS00AX535/DJI_202609080915_003/DJI_20260908092258_0002_V.JPG,B2,uav-09,53HFNBG0M7XACS,ZoomCamera,XMP-drone-dji:FlightRollDegree,-3.1,exiftool
@raw/02_第二批_20260908_0924_单火点/02_激光打点与定位验证/02_放火前打点/无人机09_1581F7K3C24CS00AX535/DJI_202609080915_003/DJI_20260908092258_0002_V.JPG,B2,uav-09,53HFNBG0M7XACS,ZoomCamera,XMP-drone-dji:FlightYawDegree,+51.40,exiftool
@raw/02_第二批_20260908_0924_单火点/02_激光打点与定位验证/02_放火前打点/无人机09_1581F7K3C24CS00AX535/DJI_202609080915_003/DJI_20260908092258_0002_V.JPG,B2,uav-09,53HFNBG0M7XACS,ZoomCamera,XMP-drone-dji:FlightPitchDegree,+0.10,exiftool
@raw/02_第二批_20260908_0924_单火点/02_激光打点与定位验证/02_放火前打点/无人机09_1581F7K3C24CS00AX535/DJI_202609080915_003/DJI_20260908092258_0002_V.JPG,B2,uav-09,53HFNBG0M7XACS,ZoomCamera,XMP-drone-dji:FlightXSpeed,0.0,exiftool
@raw/02_第二批_20260908_0924_单火点/02_激光打点与定位验证/02_放火前打点/无人机09_1581F7K3C24CS00AX535/DJI_202609080915_003/DJI_20260908092258_0002_V.JPG,B2,uav-09,53HFNBG0M7XACS,ZoomCamera,XMP-drone-dji:FlightYSpeed,0.0,exiftool
@raw/02_第二批_20260908_0924_单火点/02_激光打点与定位验证/02_放火前打点/无人机09_1581F7K3C24CS00AX535/DJI_202609080915_003/DJI_20260908092258_0002_V.JPG,B2,uav-09,53HFNBG0M7XACS,ZoomCamera,XMP-drone-dji:FlightZSpeed,0.0,exiftool
@raw/02_第二批_20260908_0924_单火点/02_激光打点与定位验证/02_放火前打点/无人机09_1581F7K3C24CS00AX535/DJI_202609080915_003/DJI_20260908092258_0002_V.JPG,B2,uav-09,53HFNBG0M7XACS,ZoomCamera,XMP-drone-dji:CamReverse,0,exiftool
@raw/02_第二批_20260908_0924_单火点/02_激光打点与定位验证/02_放火前打点/无人机09_1581F7K3C24CS00AX535/DJI_202609080915_003/DJI_20260908092258_0002_V.JPG,B2,uav-09,53HFNBG0M7XACS,ZoomCamera,XMP-drone-dji:GimbalReverse,0,exiftool
@raw/02_第二批_20260908_0924_单火点/02_激光打点与定位验证/02_放火前打点/无人机09_1581F7K3C24CS00AX535/DJI_202609080915_003/DJI_20260908092258_0002_V.JPG,B2,uav-09,53HFNBG0M7XACS,ZoomCamera,XMP-drone-dji:SensorTemperature,43.0,exiftool
@raw/02_第二批_20260908_0924_单火点/02_激光打点与定位验证/02_放火前打点/无人机09_1581F7K3C24CS00AX535/DJI_202609080915_003/DJI_20260908092258_0002_V.JPG,B2,uav-09,53HFNBG0M7XACS,ZoomCamera,XMP-drone-dji:ProductName,DJI Matrice 4T,exiftool
@raw/02_第二批_20260908_0924_单火点/02_激光打点与定位验证/02_放火前打点/无人机09_1581F7K3C24CS00AX535/DJI_202609080915_003/DJI_20260908092258_0002_V.JPG,B2,uav-09,53HFNBG0M7XACS,ZoomCamera,XMP-drone-dji:SelfData,,exiftool
@raw/02_第二批_20260908_0924_单火点/02_激光打点与定位验证/02_放火前打点/无人机09_1581F7K3C24CS00AX535/DJI_202609080915_003/DJI_20260908092258_0002_V.JPG,B2,uav-09,53HFNBG0M7XACS,ZoomCamera,XMP-drone-dji:SurveyingMode,0,exiftool
@raw/02_第二批_20260908_0924_单火点/02_激光打点与定位验证/02_放火前打点/无人机09_1581F7K3C24CS00AX535/DJI_202609080915_003/DJI_20260908092258_0002_V.JPG,B2,uav-09,53HFNBG0M7XACS,ZoomCamera,XMP-drone-dji:ShutterType,Electronic,exiftool
@raw/02_第二批_20260908_0924_单火点/02_激光打点与定位验证/02_放火前打点/无人机09_1581F7K3C24CS00AX535/DJI_202609080915_003/DJI_20260908092258_0002_V.JPG,B2,uav-09,53HFNBG0M7XACS,ZoomCamera,XMP-drone-dji:CameraSerialNumber,53HFNBG0M7XACS,exiftool
@raw/02_第二批_20260908_0924_单火点/02_激光打点与定位验证/02_放火前打点/无人机09_1581F7K3C24CS00AX535/DJI_202609080915_003/DJI_20260908092258_0002_V.JPG,B2,uav-09,53HFNBG0M7XACS,ZoomCamera,XMP-drone-dji:DroneModel,M4T,exiftool
@raw/02_第二批_20260908_0924_单火点/02_激光打点与定位验证/02_放火前打点/无人机09_1581F7K3C24CS00AX535/DJI_202609080915_003/DJI_20260908092258_0002_V.JPG,B2,uav-09,53HFNBG0M7XACS,ZoomCamera,XMP-drone-dji:DroneSerialNumber,1581F7K3C24CS00AX535,exiftool
@raw/02_第二批_20260908_0924_单火点/02_激光打点与定位验证/02_放火前打点/无人机09_1581F7K3C24CS00AX535/DJI_202609080915_003/DJI_20260908092258_0002_V.JPG,B2,uav-09,53HFNBG0M7XACS,ZoomCamera,XMP-drone-dji:LRFStatus,Normal,exiftool
@raw/02_第二批_20260908_0924_单火点/02_激光打点与定位验证/02_放火前打点/无人机09_1581F7K3C24CS00AX535/DJI_202609080915_003/DJI_20260908092258_0002_V.JPG,B2,uav-09,53HFNBG0M7XACS,ZoomCamera,XMP-drone-dji:LRFTargetDistance,32.753,exiftool
@raw/02_第二批_20260908_0924_单火点/02_激光打点与定位验证/02_放火前打点/无人机09_1581F7K3C24CS00AX535/DJI_202609080915_003/DJI_20260908092258_0002_V.JPG,B2,uav-09,53HFNBG0M7XACS,ZoomCamera,XMP-drone-dji:LRFTargetLon,120.4728032,exiftool
@raw/02_第二批_20260908_0924_单火点/02_激光打点与定位验证/02_放火前打点/无人机09_1581F7K3C24CS00AX535/DJI_202609080915_003/DJI_20260908092258_0002_V.JPG,B2,uav-09,53HFNBG0M7XACS,ZoomCamera,XMP-drone-dji:LRFTargetLat,31.2894738,exiftool
@raw/02_第二批_20260908_0924_单火点/02_激光打点与定位验证/02_放火前打点/无人机09_1581F7K3C24CS00AX535/DJI_202609080915_003/DJI_20260908092258_0002_V.JPG,B2,uav-09,53HFNBG0M7XACS,ZoomCamera,XMP-drone-dji:LRFTargetAlt,2.038,exiftool
@raw/02_第二批_20260908_0924_单火点/02_激光打点与定位验证/02_放火前打点/无人机09_1581F7K3C24CS00AX535/DJI_202609080915_003/DJI_20260908092258_0002_V.JPG,B2,uav-09,53HFNBG0M7XACS,ZoomCamera,XMP-drone-dji:LRFTargetAbsAlt,53.3,exiftool
@raw/02_第二批_20260908_0924_单火点/02_激光打点与定位验证/02_放火前打点/无人机09_1581F7K3C24CS00AX535/DJI_202609080915_003/DJI_20260908092258_0002_V.JPG,B2,uav-09,53HFNBG0M7XACS,ZoomCamera,XMP-drone-dji:WhiteBalanceCCT,4224,exiftool
@raw/02_第二批_20260908_0924_单火点/02_激光打点与定位验证/02_放火前打点/无人机09_1581F7K3C24CS00AX535/DJI_202609080915_003/DJI_20260908092258_0002_V.JPG,B2,uav-09,53HFNBG0M7XACS,ZoomCamera,XMP-drone-dji:SensorFPS,29.97,exiftool
@raw/02_第二批_20260908_0924_单火点/02_激光打点与定位验证/02_放火前打点/无人机09_1581F7K3C24CS00AX535/DJI_202609080915_003/DJI_20260908092258_0002_V.JPG,B2,uav-09,53HFNBG0M7XACS,ZoomCamera,XMP-drone-dji:LensPosition,30,exiftool
@raw/02_第二批_20260908_0924_单火点/02_激光打点与定位验证/02_放火前打点/无人机09_1581F7K3C24CS00AX535/DJI_202609080915_003/DJI_20260908092258_0002_V.JPG,B2,uav-09,53HFNBG0M7XACS,ZoomCamera,XMP-drone-dji:LensInfinitePosition,35,exiftool
@raw/02_第二批_20260908_0924_单火点/02_激光打点与定位验证/02_放火前打点/无人机09_1581F7K3C24CS00AX535/DJI_202609080915_003/DJI_20260908092258_0002_V.JPG,B2,uav-09,53HFNBG0M7XACS,ZoomCamera,XMP-drone-dji:LensTemperature,43.1,exiftool
@raw/02_第二批_20260908_0924_单火点/02_激光打点与定位验证/02_放火前打点/无人机09_1581F7K3C24CS00AX535/DJI_202609080915_003/DJI_20260908092258_0002_V.JPG,B2,uav-09,53HFNBG0M7XACS,ZoomCamera,XMP-Camera:FileType,single,exiftool
@raw/02_第二批_20260908_0924_单火点/02_激光打点与定位验证/02_放火前打点/无人机09_1581F7K3C24CS00AX535/DJI_202609080915_003/DJI_20260908092258_0002_V.JPG,B2,uav-09,53HFNBG0M7XACS,ZoomCamera,XMP-crs:Version,7.0,exiftool
@raw/02_第二批_20260908_0924_单火点/02_激光打点与定位验证/02_放火前打点/无人机09_1581F7K3C24CS00AX535/DJI_202609080915_003/DJI_20260908092258_0002_V.JPG,B2,uav-09,53HFNBG0M7XACS,ZoomCamera,XMP-crs:HasSettings,False,exiftool
@raw/02_第二批_20260908_0924_单火点/02_激光打点与定位验证/02_放火前打点/无人机09_1581F7K3C24CS00AX535/DJI_202609080915_003/DJI_20260908092258_0002_V.JPG,B2,uav-09,53HFNBG0M7XACS,ZoomCamera,XMP-crs:HasCrop,False,exiftool
@raw/02_第二批_20260908_0924_单火点/02_激光打点与定位验证/02_放火前打点/无人机09_1581F7K3C24CS00AX535/DJI_202609080915_003/DJI_20260908092258_0002_V.JPG,B2,uav-09,53HFNBG0M7XACS,ZoomCamera,XMP-crs:AlreadyApplied,False,exiftool
@raw/02_第二批_20260908_0924_单火点/02_激光打点与定位验证/02_放火前打点/无人机09_1581F7K3C24CS00AX535/DJI_202609080915_003/DJI_20260908092258_0002_V.JPG,B2,uav-09,53HFNBG0M7XACS,ZoomCamera,XML_ATTR:{http://www.w3.org/1999/02/22-rdf-syntax-ns#}about,DJI Meta Data,raw_xmp_xml
@raw/02_第二批_20260908_0924_单火点/02_激光打点与定位验证/02_放火前打点/无人机09_1581F7K3C24CS00AX535/DJI_202609080915_003/DJI_20260908092258_0002_V.JPG,B2,uav-09,53HFNBG0M7XACS,ZoomCamera,XML_ATTR:{http://ns.adobe.com/xap/1.0/}ModifyDate,2026-09-08T09:22:58+08:00,raw_xmp_xml
@raw/02_第二批_20260908_0924_单火点/02_激光打点与定位验证/02_放火前打点/无人机09_1581F7K3C24CS00AX535/DJI_202609080915_003/DJI_20260908092258_0002_V.JPG,B2,uav-09,53HFNBG0M7XACS,ZoomCamera,XML_ATTR:{http://ns.adobe.com/xap/1.0/}CreateDate,2026-09-08T09:22:58+08:00,raw_xmp_xml
@raw/02_第二批_20260908_0924_单火点/02_激光打点与定位验证/02_放火前打点/无人机09_1581F7K3C24CS00AX535/DJI_202609080915_003/DJI_20260908092258_0002_V.JPG,B2,uav-09,53HFNBG0M7XACS,ZoomCamera,XML_ATTR:{http://ns.adobe.com/tiff/1.0/}Make,DJI,raw_xmp_xml
@raw/02_第二批_20260908_0924_单火点/02_激光打点与定位验证/02_放火前打点/无人机09_1581F7K3C24CS00AX535/DJI_202609080915_003/DJI_20260908092258_0002_V.JPG,B2,uav-09,53HFNBG0M7XACS,ZoomCamera,XML_ATTR:{http://ns.adobe.com/tiff/1.0/}Model,M4T,raw_xmp_xml
@raw/02_第二批_20260908_0924_单火点/02_激光打点与定位验证/02_放火前打点/无人机09_1581F7K3C24CS00AX535/DJI_202609080915_003/DJI_20260908092258_0002_V.JPG,B2,uav-09,53HFNBG0M7XACS,ZoomCamera,XML_ATTR:{http://purl.org/dc/elements/1.1/}format,image/jpeg,raw_xmp_xml
@raw/02_第二批_20260908_0924_单火点/02_激光打点与定位验证/02_放火前打点/无人机09_1581F7K3C24CS00AX535/DJI_202609080915_003/DJI_20260908092258_0002_V.JPG,B2,uav-09,53HFNBG0M7XACS,ZoomCamera,XML_ATTR:{http://www.dji.com/drone-dji/1.0/}Version,1.6,raw_xmp_xml
@raw/02_第二批_20260908_0924_单火点/02_激光打点与定位验证/02_放火前打点/无人机09_1581F7K3C24CS00AX535/DJI_202609080915_003/DJI_20260908092258_0002_V.JPG,B2,uav-09,53HFNBG0M7XACS,ZoomCamera,XML_ATTR:{http://www.dji.com/drone-dji/1.0/}ImageSource,ZoomCamera,raw_xmp_xml
@raw/02_第二批_20260908_0924_单火点/02_激光打点与定位验证/02_放火前打点/无人机09_1581F7K3C24CS00AX535/DJI_202609080915_003/DJI_20260908092258_0002_V.JPG,B2,uav-09,53HFNBG0M7XACS,ZoomCamera,XML_ATTR:{http://www.dji.com/drone-dji/1.0/}GpsStatus,Normal,raw_xmp_xml
@raw/02_第二批_20260908_0924_单火点/02_激光打点与定位验证/02_放火前打点/无人机09_1581F7K3C24CS00AX535/DJI_202609080915_003/DJI_20260908092258_0002_V.JPG,B2,uav-09,53HFNBG0M7XACS,ZoomCamera,XML_ATTR:{http://www.dji.com/drone-dji/1.0/}AltitudeType,GpsFusionAlt,raw_xmp_xml
@raw/02_第二批_20260908_0924_单火点/02_激光打点与定位验证/02_放火前打点/无人机09_1581F7K3C24CS00AX535/DJI_202609080915_003/DJI_20260908092258_0002_V.JPG,B2,uav-09,53HFNBG0M7XACS,ZoomCamera,XML_ATTR:{http://www.dji.com/drone-dji/1.0/}GpsLatitude,+31.289369281,raw_xmp_xml
@raw/02_第二批_20260908_0924_单火点/02_激光打点与定位验证/02_放火前打点/无人机09_1581F7K3C24CS00AX535/DJI_202609080915_003/DJI_20260908092258_0002_V.JPG,B2,uav-09,53HFNBG0M7XACS,ZoomCamera,XML_ATTR:{http://www.dji.com/drone-dji/1.0/}GpsLongitude,+120.472646013,raw_xmp_xml
@raw/02_第二批_20260908_0924_单火点/02_激光打点与定位验证/02_放火前打点/无人机09_1581F7K3C24CS00AX535/DJI_202609080915_003/DJI_20260908092258_0002_V.JPG,B2,uav-09,53HFNBG0M7XACS,ZoomCamera,XML_ATTR:{http://www.dji.com/drone-dji/1.0/}AbsoluteAltitude,+80.059,raw_xmp_xml
@raw/02_第二批_20260908_0924_单火点/02_激光打点与定位验证/02_放火前打点/无人机09_1581F7K3C24CS00AX535/DJI_202609080915_003/DJI_20260908092258_0002_V.JPG,B2,uav-09,53HFNBG0M7XACS,ZoomCamera,XML_ATTR:{http://www.dji.com/drone-dji/1.0/}RelativeAltitude,+28.797,raw_xmp_xml
@raw/02_第二批_20260908_0924_单火点/02_激光打点与定位验证/02_放火前打点/无人机09_1581F7K3C24CS00AX535/DJI_202609080915_003/DJI_20260908092258_0002_V.JPG,B2,uav-09,53HFNBG0M7XACS,ZoomCamera,XML_ATTR:{http://www.dji.com/drone-dji/1.0/}GimbalRollDegree,+0.00,raw_xmp_xml
@raw/02_第二批_20260908_0924_单火点/02_激光打点与定位验证/02_放火前打点/无人机09_1581F7K3C24CS00AX535/DJI_202609080915_003/DJI_20260908092258_0002_V.JPG,B2,uav-09,53HFNBG0M7XACS,ZoomCamera,XML_ATTR:{http://www.dji.com/drone-dji/1.0/}GimbalYawDegree,+52.20,raw_xmp_xml
@raw/02_第二批_20260908_0924_单火点/02_激光打点与定位验证/02_放火前打点/无人机09_1581F7K3C24CS00AX535/DJI_202609080915_003/DJI_20260908092258_0002_V.JPG,B2,uav-09,53HFNBG0M7XACS,ZoomCamera,XML_ATTR:{http://www.dji.com/drone-dji/1.0/}GimbalPitchDegree,-54.60,raw_xmp_xml
@raw/02_第二批_20260908_0924_单火点/02_激光打点与定位验证/02_放火前打点/无人机09_1581F7K3C24CS00AX535/DJI_202609080915_003/DJI_20260908092258_0002_V.JPG,B2,uav-09,53HFNBG0M7XACS,ZoomCamera,XML_ATTR:{http://www.dji.com/drone-dji/1.0/}FlightRollDegree,-3.10,raw_xmp_xml
@raw/02_第二批_20260908_0924_单火点/02_激光打点与定位验证/02_放火前打点/无人机09_1581F7K3C24CS00AX535/DJI_202609080915_003/DJI_20260908092258_0002_V.JPG,B2,uav-09,53HFNBG0M7XACS,ZoomCamera,XML_ATTR:{http://www.dji.com/drone-dji/1.0/}FlightYawDegree,+51.40,raw_xmp_xml
@raw/02_第二批_20260908_0924_单火点/02_激光打点与定位验证/02_放火前打点/无人机09_1581F7K3C24CS00AX535/DJI_202609080915_003/DJI_20260908092258_0002_V.JPG,B2,uav-09,53HFNBG0M7XACS,ZoomCamera,XML_ATTR:{http://www.dji.com/drone-dji/1.0/}FlightPitchDegree,+0.10,raw_xmp_xml
@raw/02_第二批_20260908_0924_单火点/02_激光打点与定位验证/02_放火前打点/无人机09_1581F7K3C24CS00AX535/DJI_202609080915_003/DJI_20260908092258_0002_V.JPG,B2,uav-09,53HFNBG0M7XACS,ZoomCamera,XML_ATTR:{http://www.dji.com/drone-dji/1.0/}FlightXSpeed,0.0,raw_xmp_xml
@raw/02_第二批_20260908_0924_单火点/02_激光打点与定位验证/02_放火前打点/无人机09_1581F7K3C24CS00AX535/DJI_202609080915_003/DJI_20260908092258_0002_V.JPG,B2,uav-09,53HFNBG0M7XACS,ZoomCamera,XML_ATTR:{http://www.dji.com/drone-dji/1.0/}FlightYSpeed,0.0,raw_xmp_xml
@raw/02_第二批_20260908_0924_单火点/02_激光打点与定位验证/02_放火前打点/无人机09_1581F7K3C24CS00AX535/DJI_202609080915_003/DJI_20260908092258_0002_V.JPG,B2,uav-09,53HFNBG0M7XACS,ZoomCamera,XML_ATTR:{http://www.dji.com/drone-dji/1.0/}FlightZSpeed,0.0,raw_xmp_xml
@raw/02_第二批_20260908_0924_单火点/02_激光打点与定位验证/02_放火前打点/无人机09_1581F7K3C24CS00AX535/DJI_202609080915_003/DJI_20260908092258_0002_V.JPG,B2,uav-09,53HFNBG0M7XACS,ZoomCamera,XML_ATTR:{http://www.dji.com/drone-dji/1.0/}CamReverse,0,raw_xmp_xml
@raw/02_第二批_20260908_0924_单火点/02_激光打点与定位验证/02_放火前打点/无人机09_1581F7K3C24CS00AX535/DJI_202609080915_003/DJI_20260908092258_0002_V.JPG,B2,uav-09,53HFNBG0M7XACS,ZoomCamera,XML_ATTR:{http://www.dji.com/drone-dji/1.0/}GimbalReverse,0,raw_xmp_xml
@raw/02_第二批_20260908_0924_单火点/02_激光打点与定位验证/02_放火前打点/无人机09_1581F7K3C24CS00AX535/DJI_202609080915_003/DJI_20260908092258_0002_V.JPG,B2,uav-09,53HFNBG0M7XACS,ZoomCamera,XML_ATTR:{http://www.dji.com/drone-dji/1.0/}SensorTemperature,43.0,raw_xmp_xml
@raw/02_第二批_20260908_0924_单火点/02_激光打点与定位验证/02_放火前打点/无人机09_1581F7K3C24CS00AX535/DJI_202609080915_003/DJI_20260908092258_0002_V.JPG,B2,uav-09,53HFNBG0M7XACS,ZoomCamera,XML_ATTR:{http://www.dji.com/drone-dji/1.0/}ProductName,DJI Matrice 4T,raw_xmp_xml
@raw/02_第二批_20260908_0924_单火点/02_激光打点与定位验证/02_放火前打点/无人机09_1581F7K3C24CS00AX535/DJI_202609080915_003/DJI_20260908092258_0002_V.JPG,B2,uav-09,53HFNBG0M7XACS,ZoomCamera,XML_ATTR:{http://www.dji.com/drone-dji/1.0/}SelfData,,raw_xmp_xml
@raw/02_第二批_20260908_0924_单火点/02_激光打点与定位验证/02_放火前打点/无人机09_1581F7K3C24CS00AX535/DJI_202609080915_003/DJI_20260908092258_0002_V.JPG,B2,uav-09,53HFNBG0M7XACS,ZoomCamera,XML_ATTR:{http://www.dji.com/drone-dji/1.0/}SurveyingMode,0,raw_xmp_xml
@raw/02_第二批_20260908_0924_单火点/02_激光打点与定位验证/02_放火前打点/无人机09_1581F7K3C24CS00AX535/DJI_202609080915_003/DJI_20260908092258_0002_V.JPG,B2,uav-09,53HFNBG0M7XACS,ZoomCamera,XML_ATTR:{http://www.dji.com/drone-dji/1.0/}ShutterType,Electronic,raw_xmp_xml
@raw/02_第二批_20260908_0924_单火点/02_激光打点与定位验证/02_放火前打点/无人机09_1581F7K3C24CS00AX535/DJI_202609080915_003/DJI_20260908092258_0002_V.JPG,B2,uav-09,53HFNBG0M7XACS,ZoomCamera,XML_ATTR:{http://www.dji.com/drone-dji/1.0/}CameraSerialNumber,53HFNBG0M7XACS,raw_xmp_xml
@raw/02_第二批_20260908_0924_单火点/02_激光打点与定位验证/02_放火前打点/无人机09_1581F7K3C24CS00AX535/DJI_202609080915_003/DJI_20260908092258_0002_V.JPG,B2,uav-09,53HFNBG0M7XACS,ZoomCamera,XML_ATTR:{http://www.dji.com/drone-dji/1.0/}DroneModel,M4T,raw_xmp_xml
@raw/02_第二批_20260908_0924_单火点/02_激光打点与定位验证/02_放火前打点/无人机09_1581F7K3C24CS00AX535/DJI_202609080915_003/DJI_20260908092258_0002_V.JPG,B2,uav-09,53HFNBG0M7XACS,ZoomCamera,XML_ATTR:{http://www.dji.com/drone-dji/1.0/}DroneSerialNumber,1581F7K3C24CS00AX535,raw_xmp_xml
@raw/02_第二批_20260908_0924_单火点/02_激光打点与定位验证/02_放火前打点/无人机09_1581F7K3C24CS00AX535/DJI_202609080915_003/DJI_20260908092258_0002_V.JPG,B2,uav-09,53HFNBG0M7XACS,ZoomCamera,XML_ATTR:{http://www.dji.com/drone-dji/1.0/}LRFStatus,Normal,raw_xmp_xml
@raw/02_第二批_20260908_0924_单火点/02_激光打点与定位验证/02_放火前打点/无人机09_1581F7K3C24CS00AX535/DJI_202609080915_003/DJI_20260908092258_0002_V.JPG,B2,uav-09,53HFNBG0M7XACS,ZoomCamera,XML_ATTR:{http://www.dji.com/drone-dji/1.0/}LRFTargetDistance,32.753,raw_xmp_xml
@raw/02_第二批_20260908_0924_单火点/02_激光打点与定位验证/02_放火前打点/无人机09_1581F7K3C24CS00AX535/DJI_202609080915_003/DJI_20260908092258_0002_V.JPG,B2,uav-09,53HFNBG0M7XACS,ZoomCamera,XML_ATTR:{http://www.dji.com/drone-dji/1.0/}LRFTargetLon,120.4728032,raw_xmp_xml
@raw/02_第二批_20260908_0924_单火点/02_激光打点与定位验证/02_放火前打点/无人机09_1581F7K3C24CS00AX535/DJI_202609080915_003/DJI_20260908092258_0002_V.JPG,B2,uav-09,53HFNBG0M7XACS,ZoomCamera,XML_ATTR:{http://www.dji.com/drone-dji/1.0/}LRFTargetLat,31.2894738,raw_xmp_xml
@raw/02_第二批_20260908_0924_单火点/02_激光打点与定位验证/02_放火前打点/无人机09_1581F7K3C24CS00AX535/DJI_202609080915_003/DJI_20260908092258_0002_V.JPG,B2,uav-09,53HFNBG0M7XACS,ZoomCamera,XML_ATTR:{http://www.dji.com/drone-dji/1.0/}LRFTargetAlt,2.038,raw_xmp_xml
@raw/02_第二批_20260908_0924_单火点/02_激光打点与定位验证/02_放火前打点/无人机09_1581F7K3C24CS00AX535/DJI_202609080915_003/DJI_20260908092258_0002_V.JPG,B2,uav-09,53HFNBG0M7XACS,ZoomCamera,XML_ATTR:{http://www.dji.com/drone-dji/1.0/}LRFTargetAbsAlt,53.300,raw_xmp_xml
@raw/02_第二批_20260908_0924_单火点/02_激光打点与定位验证/02_放火前打点/无人机09_1581F7K3C24CS00AX535/DJI_202609080915_003/DJI_20260908092258_0002_V.JPG,B2,uav-09,53HFNBG0M7XACS,ZoomCamera,XML_ATTR:{http://www.dji.com/drone-dji/1.0/}WhiteBalanceCCT,4224,raw_xmp_xml
@raw/02_第二批_20260908_0924_单火点/02_激光打点与定位验证/02_放火前打点/无人机09_1581F7K3C24CS00AX535/DJI_202609080915_003/DJI_20260908092258_0002_V.JPG,B2,uav-09,53HFNBG0M7XACS,ZoomCamera,XML_ATTR:{http://www.dji.com/drone-dji/1.0/}SensorFPS,2997/100,raw_xmp_xml
@raw/02_第二批_20260908_0924_单火点/02_激光打点与定位验证/02_放火前打点/无人机09_1581F7K3C24CS00AX535/DJI_202609080915_003/DJI_20260908092258_0002_V.JPG,B2,uav-09,53HFNBG0M7XACS,ZoomCamera,XML_ATTR:{http://www.dji.com/drone-dji/1.0/}LensPosition,30,raw_xmp_xml
@raw/02_第二批_20260908_0924_单火点/02_激光打点与定位验证/02_放火前打点/无人机09_1581F7K3C24CS00AX535/DJI_202609080915_003/DJI_20260908092258_0002_V.JPG,B2,uav-09,53HFNBG0M7XACS,ZoomCamera,XML_ATTR:{http://www.dji.com/drone-dji/1.0/}LensInfinitePosition,35,raw_xmp_xml
@raw/02_第二批_20260908_0924_单火点/02_激光打点与定位验证/02_放火前打点/无人机09_1581F7K3C24CS00AX535/DJI_202609080915_003/DJI_20260908092258_0002_V.JPG,B2,uav-09,53HFNBG0M7XACS,ZoomCamera,XML_ATTR:{http://www.dji.com/drone-dji/1.0/}LensTemperature,43.100000,raw_xmp_xml
@raw/02_第二批_20260908_0924_单火点/02_激光打点与定位验证/02_放火前打点/无人机09_1581F7K3C24CS00AX535/DJI_202609080915_003/DJI_20260908092258_0002_V.JPG,B2,uav-09,53HFNBG0M7XACS,ZoomCamera,XML_ATTR:{http://pix4d.com/camera/1.0}FileType,single,raw_xmp_xml
@raw/02_第二批_20260908_0924_单火点/02_激光打点与定位验证/02_放火前打点/无人机09_1581F7K3C24CS00AX535/DJI_202609080915_003/DJI_20260908092258_0002_V.JPG,B2,uav-09,53HFNBG0M7XACS,ZoomCamera,XML_ATTR:{http://ns.adobe.com/camera-raw-settings/1.0/}Version,7.0,raw_xmp_xml
@raw/02_第二批_20260908_0924_单火点/02_激光打点与定位验证/02_放火前打点/无人机09_1581F7K3C24CS00AX535/DJI_202609080915_003/DJI_20260908092258_0002_V.JPG,B2,uav-09,53HFNBG0M7XACS,ZoomCamera,XML_ATTR:{http://ns.adobe.com/camera-raw-settings/1.0/}HasSettings,False,raw_xmp_xml
@raw/02_第二批_20260908_0924_单火点/02_激光打点与定位验证/02_放火前打点/无人机09_1581F7K3C24CS00AX535/DJI_202609080915_003/DJI_20260908092258_0002_V.JPG,B2,uav-09,53HFNBG0M7XACS,ZoomCamera,XML_ATTR:{http://ns.adobe.com/camera-raw-settings/1.0/}HasCrop,False,raw_xmp_xml
@raw/02_第二批_20260908_0924_单火点/02_激光打点与定位验证/02_放火前打点/无人机09_1581F7K3C24CS00AX535/DJI_202609080915_003/DJI_20260908092258_0002_V.JPG,B2,uav-09,53HFNBG0M7XACS,ZoomCamera,XML_ATTR:{http://ns.adobe.com/camera-raw-settings/1.0/}AlreadyApplied,False,raw_xmp_xml
@raw/03_第三批_20260908_1006_多火点/02_激光打点与定位验证/01_事后打点候选/无人机03_1581F7K3C255900D76E8/DJI_202609080957_005/DJI_20260908102028_0002_V.JPG,B3,uav-03,53HFMAW0M7X8D6,ZoomCamera,XMP-rdf:About,DJI Meta Data,exiftool
@raw/03_第三批_20260908_1006_多火点/02_激光打点与定位验证/01_事后打点候选/无人机03_1581F7K3C255900D76E8/DJI_202609080957_005/DJI_20260908102028_0002_V.JPG,B3,uav-03,53HFMAW0M7X8D6,ZoomCamera,XMP-xmp:ModifyDate,2026:09:08 10:20:28+08:00,exiftool
@raw/03_第三批_20260908_1006_多火点/02_激光打点与定位验证/01_事后打点候选/无人机03_1581F7K3C255900D76E8/DJI_202609080957_005/DJI_20260908102028_0002_V.JPG,B3,uav-03,53HFMAW0M7X8D6,ZoomCamera,XMP-xmp:CreateDate,2026:09:08 10:20:28+08:00,exiftool
@raw/03_第三批_20260908_1006_多火点/02_激光打点与定位验证/01_事后打点候选/无人机03_1581F7K3C255900D76E8/DJI_202609080957_005/DJI_20260908102028_0002_V.JPG,B3,uav-03,53HFMAW0M7X8D6,ZoomCamera,XMP-tiff:Make,DJI,exiftool
@raw/03_第三批_20260908_1006_多火点/02_激光打点与定位验证/01_事后打点候选/无人机03_1581F7K3C255900D76E8/DJI_202609080957_005/DJI_20260908102028_0002_V.JPG,B3,uav-03,53HFMAW0M7X8D6,ZoomCamera,XMP-tiff:Model,M4T,exiftool
@raw/03_第三批_20260908_1006_多火点/02_激光打点与定位验证/01_事后打点候选/无人机03_1581F7K3C255900D76E8/DJI_202609080957_005/DJI_20260908102028_0002_V.JPG,B3,uav-03,53HFMAW0M7X8D6,ZoomCamera,XMP-dc:Format,image/jpeg,exiftool
@raw/03_第三批_20260908_1006_多火点/02_激光打点与定位验证/01_事后打点候选/无人机03_1581F7K3C255900D76E8/DJI_202609080957_005/DJI_20260908102028_0002_V.JPG,B3,uav-03,53HFMAW0M7X8D6,ZoomCamera,XMP-drone-dji:Version,1.6,exiftool
@raw/03_第三批_20260908_1006_多火点/02_激光打点与定位验证/01_事后打点候选/无人机03_1581F7K3C255900D76E8/DJI_202609080957_005/DJI_20260908102028_0002_V.JPG,B3,uav-03,53HFMAW0M7X8D6,ZoomCamera,XMP-drone-dji:ImageSource,ZoomCamera,exiftool
@raw/03_第三批_20260908_1006_多火点/02_激光打点与定位验证/01_事后打点候选/无人机03_1581F7K3C255900D76E8/DJI_202609080957_005/DJI_20260908102028_0002_V.JPG,B3,uav-03,53HFMAW0M7X8D6,ZoomCamera,XMP-drone-dji:GpsStatus,Normal,exiftool
@raw/03_第三批_20260908_1006_多火点/02_激光打点与定位验证/01_事后打点候选/无人机03_1581F7K3C255900D76E8/DJI_202609080957_005/DJI_20260908102028_0002_V.JPG,B3,uav-03,53HFMAW0M7X8D6,ZoomCamera,XMP-drone-dji:AltitudeType,GpsFusionAlt,exiftool
@raw/03_第三批_20260908_1006_多火点/02_激光打点与定位验证/01_事后打点候选/无人机03_1581F7K3C255900D76E8/DJI_202609080957_005/DJI_20260908102028_0002_V.JPG,B3,uav-03,53HFMAW0M7X8D6,ZoomCamera,XMP-drone-dji:GPSLatitude,+31.289542124,exiftool
@raw/03_第三批_20260908_1006_多火点/02_激光打点与定位验证/01_事后打点候选/无人机03_1581F7K3C255900D76E8/DJI_202609080957_005/DJI_20260908102028_0002_V.JPG,B3,uav-03,53HFMAW0M7X8D6,ZoomCamera,XMP-drone-dji:GPSLongitude,+120.472810863,exiftool
@raw/03_第三批_20260908_1006_多火点/02_激光打点与定位验证/01_事后打点候选/无人机03_1581F7K3C255900D76E8/DJI_202609080957_005/DJI_20260908102028_0002_V.JPG,B3,uav-03,53HFMAW0M7X8D6,ZoomCamera,XMP-drone-dji:AbsoluteAltitude,+70.039,exiftool
@raw/03_第三批_20260908_1006_多火点/02_激光打点与定位验证/01_事后打点候选/无人机03_1581F7K3C255900D76E8/DJI_202609080957_005/DJI_20260908102028_0002_V.JPG,B3,uav-03,53HFMAW0M7X8D6,ZoomCamera,XMP-drone-dji:RelativeAltitude,+15.941,exiftool
@raw/03_第三批_20260908_1006_多火点/02_激光打点与定位验证/01_事后打点候选/无人机03_1581F7K3C255900D76E8/DJI_202609080957_005/DJI_20260908102028_0002_V.JPG,B3,uav-03,53HFMAW0M7X8D6,ZoomCamera,XMP-drone-dji:GimbalRollDegree,+0.00,exiftool
@raw/03_第三批_20260908_1006_多火点/02_激光打点与定位验证/01_事后打点候选/无人机03_1581F7K3C255900D76E8/DJI_202609080957_005/DJI_20260908102028_0002_V.JPG,B3,uav-03,53HFMAW0M7X8D6,ZoomCamera,XMP-drone-dji:GimbalYawDegree,-17.3,exiftool
@raw/03_第三批_20260908_1006_多火点/02_激光打点与定位验证/01_事后打点候选/无人机03_1581F7K3C255900D76E8/DJI_202609080957_005/DJI_20260908102028_0002_V.JPG,B3,uav-03,53HFMAW0M7X8D6,ZoomCamera,XMP-drone-dji:GimbalPitchDegree,-26.8,exiftool
@raw/03_第三批_20260908_1006_多火点/02_激光打点与定位验证/01_事后打点候选/无人机03_1581F7K3C255900D76E8/DJI_202609080957_005/DJI_20260908102028_0002_V.JPG,B3,uav-03,53HFMAW0M7X8D6,ZoomCamera,XMP-drone-dji:FlightRollDegree,-2.4,exiftool
@raw/03_第三批_20260908_1006_多火点/02_激光打点与定位验证/01_事后打点候选/无人机03_1581F7K3C255900D76E8/DJI_202609080957_005/DJI_20260908102028_0002_V.JPG,B3,uav-03,53HFMAW0M7X8D6,ZoomCamera,XMP-drone-dji:FlightYawDegree,-17.8,exiftool
@raw/03_第三批_20260908_1006_多火点/02_激光打点与定位验证/01_事后打点候选/无人机03_1581F7K3C255900D76E8/DJI_202609080957_005/DJI_20260908102028_0002_V.JPG,B3,uav-03,53HFMAW0M7X8D6,ZoomCamera,XMP-drone-dji:FlightPitchDegree,-1.9,exiftool
@raw/03_第三批_20260908_1006_多火点/02_激光打点与定位验证/01_事后打点候选/无人机03_1581F7K3C255900D76E8/DJI_202609080957_005/DJI_20260908102028_0002_V.JPG,B3,uav-03,53HFMAW0M7X8D6,ZoomCamera,XMP-drone-dji:FlightXSpeed,0.0,exiftool
@raw/03_第三批_20260908_1006_多火点/02_激光打点与定位验证/01_事后打点候选/无人机03_1581F7K3C255900D76E8/DJI_202609080957_005/DJI_20260908102028_0002_V.JPG,B3,uav-03,53HFMAW0M7X8D6,ZoomCamera,XMP-drone-dji:FlightYSpeed,0.0,exiftool
@raw/03_第三批_20260908_1006_多火点/02_激光打点与定位验证/01_事后打点候选/无人机03_1581F7K3C255900D76E8/DJI_202609080957_005/DJI_20260908102028_0002_V.JPG,B3,uav-03,53HFMAW0M7X8D6,ZoomCamera,XMP-drone-dji:FlightZSpeed,0.0,exiftool
@raw/03_第三批_20260908_1006_多火点/02_激光打点与定位验证/01_事后打点候选/无人机03_1581F7K3C255900D76E8/DJI_202609080957_005/DJI_20260908102028_0002_V.JPG,B3,uav-03,53HFMAW0M7X8D6,ZoomCamera,XMP-drone-dji:CamReverse,0,exiftool
@raw/03_第三批_20260908_1006_多火点/02_激光打点与定位验证/01_事后打点候选/无人机03_1581F7K3C255900D76E8/DJI_202609080957_005/DJI_20260908102028_0002_V.JPG,B3,uav-03,53HFMAW0M7X8D6,ZoomCamera,XMP-drone-dji:GimbalReverse,0,exiftool
@raw/03_第三批_20260908_1006_多火点/02_激光打点与定位验证/01_事后打点候选/无人机03_1581F7K3C255900D76E8/DJI_202609080957_005/DJI_20260908102028_0002_V.JPG,B3,uav-03,53HFMAW0M7X8D6,ZoomCamera,XMP-drone-dji:SensorTemperature,42.0,exiftool
@raw/03_第三批_20260908_1006_多火点/02_激光打点与定位验证/01_事后打点候选/无人机03_1581F7K3C255900D76E8/DJI_202609080957_005/DJI_20260908102028_0002_V.JPG,B3,uav-03,53HFMAW0M7X8D6,ZoomCamera,XMP-drone-dji:ProductName,DJI Matrice 4T,exiftool
@raw/03_第三批_20260908_1006_多火点/02_激光打点与定位验证/01_事后打点候选/无人机03_1581F7K3C255900D76E8/DJI_202609080957_005/DJI_20260908102028_0002_V.JPG,B3,uav-03,53HFMAW0M7X8D6,ZoomCamera,XMP-drone-dji:SelfData,,exiftool
@raw/03_第三批_20260908_1006_多火点/02_激光打点与定位验证/01_事后打点候选/无人机03_1581F7K3C255900D76E8/DJI_202609080957_005/DJI_20260908102028_0002_V.JPG,B3,uav-03,53HFMAW0M7X8D6,ZoomCamera,XMP-drone-dji:SurveyingMode,0,exiftool
@raw/03_第三批_20260908_1006_多火点/02_激光打点与定位验证/01_事后打点候选/无人机03_1581F7K3C255900D76E8/DJI_202609080957_005/DJI_20260908102028_0002_V.JPG,B3,uav-03,53HFMAW0M7X8D6,ZoomCamera,XMP-drone-dji:ShutterType,Electronic,exiftool
@raw/03_第三批_20260908_1006_多火点/02_激光打点与定位验证/01_事后打点候选/无人机03_1581F7K3C255900D76E8/DJI_202609080957_005/DJI_20260908102028_0002_V.JPG,B3,uav-03,53HFMAW0M7X8D6,ZoomCamera,XMP-drone-dji:CameraSerialNumber,53HFMAW0M7X8D6,exiftool
@raw/03_第三批_20260908_1006_多火点/02_激光打点与定位验证/01_事后打点候选/无人机03_1581F7K3C255900D76E8/DJI_202609080957_005/DJI_20260908102028_0002_V.JPG,B3,uav-03,53HFMAW0M7X8D6,ZoomCamera,XMP-drone-dji:DroneModel,M4T,exiftool
@raw/03_第三批_20260908_1006_多火点/02_激光打点与定位验证/01_事后打点候选/无人机03_1581F7K3C255900D76E8/DJI_202609080957_005/DJI_20260908102028_0002_V.JPG,B3,uav-03,53HFMAW0M7X8D6,ZoomCamera,XMP-drone-dji:DroneSerialNumber,1581F7K3C255900D76E8,exiftool
@raw/03_第三批_20260908_1006_多火点/02_激光打点与定位验证/01_事后打点候选/无人机03_1581F7K3C255900D76E8/DJI_202609080957_005/DJI_20260908102028_0002_V.JPG,B3,uav-03,53HFMAW0M7X8D6,ZoomCamera,XMP-drone-dji:LRFStatus,Normal,exiftool
@raw/03_第三批_20260908_1006_多火点/02_激光打点与定位验证/01_事后打点候选/无人机03_1581F7K3C255900D76E8/DJI_202609080957_005/DJI_20260908102028_0002_V.JPG,B3,uav-03,53HFMAW0M7X8D6,ZoomCamera,XMP-drone-dji:LRFTargetDistance,31.703,exiftool
@raw/03_第三批_20260908_1006_多火点/02_激光打点与定位验证/01_事后打点候选/无人机03_1581F7K3C255900D76E8/DJI_202609080957_005/DJI_20260908102028_0002_V.JPG,B3,uav-03,53HFMAW0M7X8D6,ZoomCamera,XMP-drone-dji:LRFTargetLon,120.4727222,exiftool
@raw/03_第三批_20260908_1006_多火点/02_激光打点与定位验证/01_事后打点候选/无人机03_1581F7K3C255900D76E8/DJI_202609080957_005/DJI_20260908102028_0002_V.JPG,B3,uav-03,53HFMAW0M7X8D6,ZoomCamera,XMP-drone-dji:LRFTargetLat,31.2897848,exiftool
@raw/03_第三批_20260908_1006_多火点/02_激光打点与定位验证/01_事后打点候选/无人机03_1581F7K3C255900D76E8/DJI_202609080957_005/DJI_20260908102028_0002_V.JPG,B3,uav-03,53HFMAW0M7X8D6,ZoomCamera,XMP-drone-dji:LRFTargetAlt,1.602,exiftool
@raw/03_第三批_20260908_1006_多火点/02_激光打点与定位验证/01_事后打点候选/无人机03_1581F7K3C255900D76E8/DJI_202609080957_005/DJI_20260908102028_0002_V.JPG,B3,uav-03,53HFMAW0M7X8D6,ZoomCamera,XMP-drone-dji:LRFTargetAbsAlt,55.7,exiftool
@raw/03_第三批_20260908_1006_多火点/02_激光打点与定位验证/01_事后打点候选/无人机03_1581F7K3C255900D76E8/DJI_202609080957_005/DJI_20260908102028_0002_V.JPG,B3,uav-03,53HFMAW0M7X8D6,ZoomCamera,XMP-drone-dji:WhiteBalanceCCT,4279,exiftool
@raw/03_第三批_20260908_1006_多火点/02_激光打点与定位验证/01_事后打点候选/无人机03_1581F7K3C255900D76E8/DJI_202609080957_005/DJI_20260908102028_0002_V.JPG,B3,uav-03,53HFMAW0M7X8D6,ZoomCamera,XMP-drone-dji:SensorFPS,29.97,exiftool
@raw/03_第三批_20260908_1006_多火点/02_激光打点与定位验证/01_事后打点候选/无人机03_1581F7K3C255900D76E8/DJI_202609080957_005/DJI_20260908102028_0002_V.JPG,B3,uav-03,53HFMAW0M7X8D6,ZoomCamera,XMP-drone-dji:LensPosition,36,exiftool
@raw/03_第三批_20260908_1006_多火点/02_激光打点与定位验证/01_事后打点候选/无人机03_1581F7K3C255900D76E8/DJI_202609080957_005/DJI_20260908102028_0002_V.JPG,B3,uav-03,53HFMAW0M7X8D6,ZoomCamera,XMP-drone-dji:LensInfinitePosition,35,exiftool
@raw/03_第三批_20260908_1006_多火点/02_激光打点与定位验证/01_事后打点候选/无人机03_1581F7K3C255900D76E8/DJI_202609080957_005/DJI_20260908102028_0002_V.JPG,B3,uav-03,53HFMAW0M7X8D6,ZoomCamera,XMP-drone-dji:LensTemperature,43.0,exiftool
@raw/03_第三批_20260908_1006_多火点/02_激光打点与定位验证/01_事后打点候选/无人机03_1581F7K3C255900D76E8/DJI_202609080957_005/DJI_20260908102028_0002_V.JPG,B3,uav-03,53HFMAW0M7X8D6,ZoomCamera,XMP-Camera:FileType,single,exiftool
@raw/03_第三批_20260908_1006_多火点/02_激光打点与定位验证/01_事后打点候选/无人机03_1581F7K3C255900D76E8/DJI_202609080957_005/DJI_20260908102028_0002_V.JPG,B3,uav-03,53HFMAW0M7X8D6,ZoomCamera,XMP-crs:Version,7.0,exiftool
@raw/03_第三批_20260908_1006_多火点/02_激光打点与定位验证/01_事后打点候选/无人机03_1581F7K3C255900D76E8/DJI_202609080957_005/DJI_20260908102028_0002_V.JPG,B3,uav-03,53HFMAW0M7X8D6,ZoomCamera,XMP-crs:HasSettings,False,exiftool
@raw/03_第三批_20260908_1006_多火点/02_激光打点与定位验证/01_事后打点候选/无人机03_1581F7K3C255900D76E8/DJI_202609080957_005/DJI_20260908102028_0002_V.JPG,B3,uav-03,53HFMAW0M7X8D6,ZoomCamera,XMP-crs:HasCrop,False,exiftool
@raw/03_第三批_20260908_1006_多火点/02_激光打点与定位验证/01_事后打点候选/无人机03_1581F7K3C255900D76E8/DJI_202609080957_005/DJI_20260908102028_0002_V.JPG,B3,uav-03,53HFMAW0M7X8D6,ZoomCamera,XMP-crs:AlreadyApplied,False,exiftool
@raw/03_第三批_20260908_1006_多火点/02_激光打点与定位验证/01_事后打点候选/无人机03_1581F7K3C255900D76E8/DJI_202609080957_005/DJI_20260908102028_0002_V.JPG,B3,uav-03,53HFMAW0M7X8D6,ZoomCamera,XML_ATTR:{http://www.w3.org/1999/02/22-rdf-syntax-ns#}about,DJI Meta Data,raw_xmp_xml
@raw/03_第三批_20260908_1006_多火点/02_激光打点与定位验证/01_事后打点候选/无人机03_1581F7K3C255900D76E8/DJI_202609080957_005/DJI_20260908102028_0002_V.JPG,B3,uav-03,53HFMAW0M7X8D6,ZoomCamera,XML_ATTR:{http://ns.adobe.com/xap/1.0/}ModifyDate,2026-09-08T10:20:28+08:00,raw_xmp_xml
@raw/03_第三批_20260908_1006_多火点/02_激光打点与定位验证/01_事后打点候选/无人机03_1581F7K3C255900D76E8/DJI_202609080957_005/DJI_20260908102028_0002_V.JPG,B3,uav-03,53HFMAW0M7X8D6,ZoomCamera,XML_ATTR:{http://ns.adobe.com/xap/1.0/}CreateDate,2026-09-08T10:20:28+08:00,raw_xmp_xml
@raw/03_第三批_20260908_1006_多火点/02_激光打点与定位验证/01_事后打点候选/无人机03_1581F7K3C255900D76E8/DJI_202609080957_005/DJI_20260908102028_0002_V.JPG,B3,uav-03,53HFMAW0M7X8D6,ZoomCamera,XML_ATTR:{http://ns.adobe.com/tiff/1.0/}Make,DJI,raw_xmp_xml
@raw/03_第三批_20260908_1006_多火点/02_激光打点与定位验证/01_事后打点候选/无人机03_1581F7K3C255900D76E8/DJI_202609080957_005/DJI_20260908102028_0002_V.JPG,B3,uav-03,53HFMAW0M7X8D6,ZoomCamera,XML_ATTR:{http://ns.adobe.com/tiff/1.0/}Model,M4T,raw_xmp_xml
@raw/03_第三批_20260908_1006_多火点/02_激光打点与定位验证/01_事后打点候选/无人机03_1581F7K3C255900D76E8/DJI_202609080957_005/DJI_20260908102028_0002_V.JPG,B3,uav-03,53HFMAW0M7X8D6,ZoomCamera,XML_ATTR:{http://purl.org/dc/elements/1.1/}format,image/jpeg,raw_xmp_xml
@raw/03_第三批_20260908_1006_多火点/02_激光打点与定位验证/01_事后打点候选/无人机03_1581F7K3C255900D76E8/DJI_202609080957_005/DJI_20260908102028_0002_V.JPG,B3,uav-03,53HFMAW0M7X8D6,ZoomCamera,XML_ATTR:{http://www.dji.com/drone-dji/1.0/}Version,1.6,raw_xmp_xml
@raw/03_第三批_20260908_1006_多火点/02_激光打点与定位验证/01_事后打点候选/无人机03_1581F7K3C255900D76E8/DJI_202609080957_005/DJI_20260908102028_0002_V.JPG,B3,uav-03,53HFMAW0M7X8D6,ZoomCamera,XML_ATTR:{http://www.dji.com/drone-dji/1.0/}ImageSource,ZoomCamera,raw_xmp_xml
@raw/03_第三批_20260908_1006_多火点/02_激光打点与定位验证/01_事后打点候选/无人机03_1581F7K3C255900D76E8/DJI_202609080957_005/DJI_20260908102028_0002_V.JPG,B3,uav-03,53HFMAW0M7X8D6,ZoomCamera,XML_ATTR:{http://www.dji.com/drone-dji/1.0/}GpsStatus,Normal,raw_xmp_xml
@raw/03_第三批_20260908_1006_多火点/02_激光打点与定位验证/01_事后打点候选/无人机03_1581F7K3C255900D76E8/DJI_202609080957_005/DJI_20260908102028_0002_V.JPG,B3,uav-03,53HFMAW0M7X8D6,ZoomCamera,XML_ATTR:{http://www.dji.com/drone-dji/1.0/}AltitudeType,GpsFusionAlt,raw_xmp_xml
@raw/03_第三批_20260908_1006_多火点/02_激光打点与定位验证/01_事后打点候选/无人机03_1581F7K3C255900D76E8/DJI_202609080957_005/DJI_20260908102028_0002_V.JPG,B3,uav-03,53HFMAW0M7X8D6,ZoomCamera,XML_ATTR:{http://www.dji.com/drone-dji/1.0/}GpsLatitude,+31.289542124,raw_xmp_xml
@raw/03_第三批_20260908_1006_多火点/02_激光打点与定位验证/01_事后打点候选/无人机03_1581F7K3C255900D76E8/DJI_202609080957_005/DJI_20260908102028_0002_V.JPG,B3,uav-03,53HFMAW0M7X8D6,ZoomCamera,XML_ATTR:{http://www.dji.com/drone-dji/1.0/}GpsLongitude,+120.472810863,raw_xmp_xml
@raw/03_第三批_20260908_1006_多火点/02_激光打点与定位验证/01_事后打点候选/无人机03_1581F7K3C255900D76E8/DJI_202609080957_005/DJI_20260908102028_0002_V.JPG,B3,uav-03,53HFMAW0M7X8D6,ZoomCamera,XML_ATTR:{http://www.dji.com/drone-dji/1.0/}AbsoluteAltitude,+70.039,raw_xmp_xml
@raw/03_第三批_20260908_1006_多火点/02_激光打点与定位验证/01_事后打点候选/无人机03_1581F7K3C255900D76E8/DJI_202609080957_005/DJI_20260908102028_0002_V.JPG,B3,uav-03,53HFMAW0M7X8D6,ZoomCamera,XML_ATTR:{http://www.dji.com/drone-dji/1.0/}RelativeAltitude,+15.941,raw_xmp_xml
@raw/03_第三批_20260908_1006_多火点/02_激光打点与定位验证/01_事后打点候选/无人机03_1581F7K3C255900D76E8/DJI_202609080957_005/DJI_20260908102028_0002_V.JPG,B3,uav-03,53HFMAW0M7X8D6,ZoomCamera,XML_ATTR:{http://www.dji.com/drone-dji/1.0/}GimbalRollDegree,+0.00,raw_xmp_xml
@raw/03_第三批_20260908_1006_多火点/02_激光打点与定位验证/01_事后打点候选/无人机03_1581F7K3C255900D76E8/DJI_202609080957_005/DJI_20260908102028_0002_V.JPG,B3,uav-03,53HFMAW0M7X8D6,ZoomCamera,XML_ATTR:{http://www.dji.com/drone-dji/1.0/}GimbalYawDegree,-17.30,raw_xmp_xml
@raw/03_第三批_20260908_1006_多火点/02_激光打点与定位验证/01_事后打点候选/无人机03_1581F7K3C255900D76E8/DJI_202609080957_005/DJI_20260908102028_0002_V.JPG,B3,uav-03,53HFMAW0M7X8D6,ZoomCamera,XML_ATTR:{http://www.dji.com/drone-dji/1.0/}GimbalPitchDegree,-26.80,raw_xmp_xml
@raw/03_第三批_20260908_1006_多火点/02_激光打点与定位验证/01_事后打点候选/无人机03_1581F7K3C255900D76E8/DJI_202609080957_005/DJI_20260908102028_0002_V.JPG,B3,uav-03,53HFMAW0M7X8D6,ZoomCamera,XML_ATTR:{http://www.dji.com/drone-dji/1.0/}FlightRollDegree,-2.40,raw_xmp_xml
@raw/03_第三批_20260908_1006_多火点/02_激光打点与定位验证/01_事后打点候选/无人机03_1581F7K3C255900D76E8/DJI_202609080957_005/DJI_20260908102028_0002_V.JPG,B3,uav-03,53HFMAW0M7X8D6,ZoomCamera,XML_ATTR:{http://www.dji.com/drone-dji/1.0/}FlightYawDegree,-17.80,raw_xmp_xml
@raw/03_第三批_20260908_1006_多火点/02_激光打点与定位验证/01_事后打点候选/无人机03_1581F7K3C255900D76E8/DJI_202609080957_005/DJI_20260908102028_0002_V.JPG,B3,uav-03,53HFMAW0M7X8D6,ZoomCamera,XML_ATTR:{http://www.dji.com/drone-dji/1.0/}FlightPitchDegree,-1.90,raw_xmp_xml
@raw/03_第三批_20260908_1006_多火点/02_激光打点与定位验证/01_事后打点候选/无人机03_1581F7K3C255900D76E8/DJI_202609080957_005/DJI_20260908102028_0002_V.JPG,B3,uav-03,53HFMAW0M7X8D6,ZoomCamera,XML_ATTR:{http://www.dji.com/drone-dji/1.0/}FlightXSpeed,0.0,raw_xmp_xml
@raw/03_第三批_20260908_1006_多火点/02_激光打点与定位验证/01_事后打点候选/无人机03_1581F7K3C255900D76E8/DJI_202609080957_005/DJI_20260908102028_0002_V.JPG,B3,uav-03,53HFMAW0M7X8D6,ZoomCamera,XML_ATTR:{http://www.dji.com/drone-dji/1.0/}FlightYSpeed,0.0,raw_xmp_xml
@raw/03_第三批_20260908_1006_多火点/02_激光打点与定位验证/01_事后打点候选/无人机03_1581F7K3C255900D76E8/DJI_202609080957_005/DJI_20260908102028_0002_V.JPG,B3,uav-03,53HFMAW0M7X8D6,ZoomCamera,XML_ATTR:{http://www.dji.com/drone-dji/1.0/}FlightZSpeed,0.0,raw_xmp_xml
@raw/03_第三批_20260908_1006_多火点/02_激光打点与定位验证/01_事后打点候选/无人机03_1581F7K3C255900D76E8/DJI_202609080957_005/DJI_20260908102028_0002_V.JPG,B3,uav-03,53HFMAW0M7X8D6,ZoomCamera,XML_ATTR:{http://www.dji.com/drone-dji/1.0/}CamReverse,0,raw_xmp_xml
@raw/03_第三批_20260908_1006_多火点/02_激光打点与定位验证/01_事后打点候选/无人机03_1581F7K3C255900D76E8/DJI_202609080957_005/DJI_20260908102028_0002_V.JPG,B3,uav-03,53HFMAW0M7X8D6,ZoomCamera,XML_ATTR:{http://www.dji.com/drone-dji/1.0/}GimbalReverse,0,raw_xmp_xml
@raw/03_第三批_20260908_1006_多火点/02_激光打点与定位验证/01_事后打点候选/无人机03_1581F7K3C255900D76E8/DJI_202609080957_005/DJI_20260908102028_0002_V.JPG,B3,uav-03,53HFMAW0M7X8D6,ZoomCamera,XML_ATTR:{http://www.dji.com/drone-dji/1.0/}SensorTemperature,42.0,raw_xmp_xml
@raw/03_第三批_20260908_1006_多火点/02_激光打点与定位验证/01_事后打点候选/无人机03_1581F7K3C255900D76E8/DJI_202609080957_005/DJI_20260908102028_0002_V.JPG,B3,uav-03,53HFMAW0M7X8D6,ZoomCamera,XML_ATTR:{http://www.dji.com/drone-dji/1.0/}ProductName,DJI Matrice 4T,raw_xmp_xml
@raw/03_第三批_20260908_1006_多火点/02_激光打点与定位验证/01_事后打点候选/无人机03_1581F7K3C255900D76E8/DJI_202609080957_005/DJI_20260908102028_0002_V.JPG,B3,uav-03,53HFMAW0M7X8D6,ZoomCamera,XML_ATTR:{http://www.dji.com/drone-dji/1.0/}SelfData,,raw_xmp_xml
@raw/03_第三批_20260908_1006_多火点/02_激光打点与定位验证/01_事后打点候选/无人机03_1581F7K3C255900D76E8/DJI_202609080957_005/DJI_20260908102028_0002_V.JPG,B3,uav-03,53HFMAW0M7X8D6,ZoomCamera,XML_ATTR:{http://www.dji.com/drone-dji/1.0/}SurveyingMode,0,raw_xmp_xml
@raw/03_第三批_20260908_1006_多火点/02_激光打点与定位验证/01_事后打点候选/无人机03_1581F7K3C255900D76E8/DJI_202609080957_005/DJI_20260908102028_0002_V.JPG,B3,uav-03,53HFMAW0M7X8D6,ZoomCamera,XML_ATTR:{http://www.dji.com/drone-dji/1.0/}ShutterType,Electronic,raw_xmp_xml
@raw/03_第三批_20260908_1006_多火点/02_激光打点与定位验证/01_事后打点候选/无人机03_1581F7K3C255900D76E8/DJI_202609080957_005/DJI_20260908102028_0002_V.JPG,B3,uav-03,53HFMAW0M7X8D6,ZoomCamera,XML_ATTR:{http://www.dji.com/drone-dji/1.0/}CameraSerialNumber,53HFMAW0M7X8D6,raw_xmp_xml
@raw/03_第三批_20260908_1006_多火点/02_激光打点与定位验证/01_事后打点候选/无人机03_1581F7K3C255900D76E8/DJI_202609080957_005/DJI_20260908102028_0002_V.JPG,B3,uav-03,53HFMAW0M7X8D6,ZoomCamera,XML_ATTR:{http://www.dji.com/drone-dji/1.0/}DroneModel,M4T,raw_xmp_xml
@raw/03_第三批_20260908_1006_多火点/02_激光打点与定位验证/01_事后打点候选/无人机03_1581F7K3C255900D76E8/DJI_202609080957_005/DJI_20260908102028_0002_V.JPG,B3,uav-03,53HFMAW0M7X8D6,ZoomCamera,XML_ATTR:{http://www.dji.com/drone-dji/1.0/}DroneSerialNumber,1581F7K3C255900D76E8,raw_xmp_xml
@raw/03_第三批_20260908_1006_多火点/02_激光打点与定位验证/01_事后打点候选/无人机03_1581F7K3C255900D76E8/DJI_202609080957_005/DJI_20260908102028_0002_V.JPG,B3,uav-03,53HFMAW0M7X8D6,ZoomCamera,XML_ATTR:{http://www.dji.com/drone-dji/1.0/}LRFStatus,Normal,raw_xmp_xml
@raw/03_第三批_20260908_1006_多火点/02_激光打点与定位验证/01_事后打点候选/无人机03_1581F7K3C255900D76E8/DJI_202609080957_005/DJI_20260908102028_0002_V.JPG,B3,uav-03,53HFMAW0M7X8D6,ZoomCamera,XML_ATTR:{http://www.dji.com/drone-dji/1.0/}LRFTargetDistance,31.703,raw_xmp_xml
@raw/03_第三批_20260908_1006_多火点/02_激光打点与定位验证/01_事后打点候选/无人机03_1581F7K3C255900D76E8/DJI_202609080957_005/DJI_20260908102028_0002_V.JPG,B3,uav-03,53HFMAW0M7X8D6,ZoomCamera,XML_ATTR:{http://www.dji.com/drone-dji/1.0/}LRFTargetLon,120.4727222,raw_xmp_xml
@raw/03_第三批_20260908_1006_多火点/02_激光打点与定位验证/01_事后打点候选/无人机03_1581F7K3C255900D76E8/DJI_202609080957_005/DJI_20260908102028_0002_V.JPG,B3,uav-03,53HFMAW0M7X8D6,ZoomCamera,XML_ATTR:{http://www.dji.com/drone-dji/1.0/}LRFTargetLat,31.2897848,raw_xmp_xml
@raw/03_第三批_20260908_1006_多火点/02_激光打点与定位验证/01_事后打点候选/无人机03_1581F7K3C255900D76E8/DJI_202609080957_005/DJI_20260908102028_0002_V.JPG,B3,uav-03,53HFMAW0M7X8D6,ZoomCamera,XML_ATTR:{http://www.dji.com/drone-dji/1.0/}LRFTargetAlt,1.602,raw_xmp_xml
@raw/03_第三批_20260908_1006_多火点/02_激光打点与定位验证/01_事后打点候选/无人机03_1581F7K3C255900D76E8/DJI_202609080957_005/DJI_20260908102028_0002_V.JPG,B3,uav-03,53HFMAW0M7X8D6,ZoomCamera,XML_ATTR:{http://www.dji.com/drone-dji/1.0/}LRFTargetAbsAlt,55.700,raw_xmp_xml
@raw/03_第三批_20260908_1006_多火点/02_激光打点与定位验证/01_事后打点候选/无人机03_1581F7K3C255900D76E8/DJI_202609080957_005/DJI_20260908102028_0002_V.JPG,B3,uav-03,53HFMAW0M7X8D6,ZoomCamera,XML_ATTR:{http://www.dji.com/drone-dji/1.0/}WhiteBalanceCCT,4279,raw_xmp_xml
@raw/03_第三批_20260908_1006_多火点/02_激光打点与定位验证/01_事后打点候选/无人机03_1581F7K3C255900D76E8/DJI_202609080957_005/DJI_20260908102028_0002_V.JPG,B3,uav-03,53HFMAW0M7X8D6,ZoomCamera,XML_ATTR:{http://www.dji.com/drone-dji/1.0/}SensorFPS,2997/100,raw_xmp_xml
@raw/03_第三批_20260908_1006_多火点/02_激光打点与定位验证/01_事后打点候选/无人机03_1581F7K3C255900D76E8/DJI_202609080957_005/DJI_20260908102028_0002_V.JPG,B3,uav-03,53HFMAW0M7X8D6,ZoomCamera,XML_ATTR:{http://www.dji.com/drone-dji/1.0/}LensPosition,36,raw_xmp_xml
@raw/03_第三批_20260908_1006_多火点/02_激光打点与定位验证/01_事后打点候选/无人机03_1581F7K3C255900D76E8/DJI_202609080957_005/DJI_20260908102028_0002_V.JPG,B3,uav-03,53HFMAW0M7X8D6,ZoomCamera,XML_ATTR:{http://www.dji.com/drone-dji/1.0/}LensInfinitePosition,35,raw_xmp_xml
@raw/03_第三批_20260908_1006_多火点/02_激光打点与定位验证/01_事后打点候选/无人机03_1581F7K3C255900D76E8/DJI_202609080957_005/DJI_20260908102028_0002_V.JPG,B3,uav-03,53HFMAW0M7X8D6,ZoomCamera,XML_ATTR:{http://www.dji.com/drone-dji/1.0/}LensTemperature,43.000000,raw_xmp_xml
@raw/03_第三批_20260908_1006_多火点/02_激光打点与定位验证/01_事后打点候选/无人机03_1581F7K3C255900D76E8/DJI_202609080957_005/DJI_20260908102028_0002_V.JPG,B3,uav-03,53HFMAW0M7X8D6,ZoomCamera,XML_ATTR:{http://pix4d.com/camera/1.0}FileType,single,raw_xmp_xml
@raw/03_第三批_20260908_1006_多火点/02_激光打点与定位验证/01_事后打点候选/无人机03_1581F7K3C255900D76E8/DJI_202609080957_005/DJI_20260908102028_0002_V.JPG,B3,uav-03,53HFMAW0M7X8D6,ZoomCamera,XML_ATTR:{http://ns.adobe.com/camera-raw-settings/1.0/}Version,7.0,raw_xmp_xml
@raw/03_第三批_20260908_1006_多火点/02_激光打点与定位验证/01_事后打点候选/无人机03_1581F7K3C255900D76E8/DJI_202609080957_005/DJI_20260908102028_0002_V.JPG,B3,uav-03,53HFMAW0M7X8D6,ZoomCamera,XML_ATTR:{http://ns.adobe.com/camera-raw-settings/1.0/}HasSettings,False,raw_xmp_xml
@raw/03_第三批_20260908_1006_多火点/02_激光打点与定位验证/01_事后打点候选/无人机03_1581F7K3C255900D76E8/DJI_202609080957_005/DJI_20260908102028_0002_V.JPG,B3,uav-03,53HFMAW0M7X8D6,ZoomCamera,XML_ATTR:{http://ns.adobe.com/camera-raw-settings/1.0/}HasCrop,False,raw_xmp_xml
@raw/03_第三批_20260908_1006_多火点/02_激光打点与定位验证/01_事后打点候选/无人机03_1581F7K3C255900D76E8/DJI_202609080957_005/DJI_20260908102028_0002_V.JPG,B3,uav-03,53HFMAW0M7X8D6,ZoomCamera,XML_ATTR:{http://ns.adobe.com/camera-raw-settings/1.0/}AlreadyApplied,False,raw_xmp_xml
@raw/03_第三批_20260908_1006_多火点/02_激光打点与定位验证/01_事后打点候选/无人机08_1581F7K3C256N00DCP1T/DJI_202609080958_004/DJI_20260908101936_0003_V.JPG,B3,uav-08,53HFN4G0M7X2GZ,Wide,XMP-rdf:About,DJI Meta Data,exiftool
@raw/03_第三批_20260908_1006_多火点/02_激光打点与定位验证/01_事后打点候选/无人机08_1581F7K3C256N00DCP1T/DJI_202609080958_004/DJI_20260908101936_0003_V.JPG,B3,uav-08,53HFN4G0M7X2GZ,Wide,XMP-xmp:ModifyDate,2026:09:08 10:19:36+08:00,exiftool
@raw/03_第三批_20260908_1006_多火点/02_激光打点与定位验证/01_事后打点候选/无人机08_1581F7K3C256N00DCP1T/DJI_202609080958_004/DJI_20260908101936_0003_V.JPG,B3,uav-08,53HFN4G0M7X2GZ,Wide,XMP-xmp:CreateDate,2026:09:08 10:19:36+08:00,exiftool
@raw/03_第三批_20260908_1006_多火点/02_激光打点与定位验证/01_事后打点候选/无人机08_1581F7K3C256N00DCP1T/DJI_202609080958_004/DJI_20260908101936_0003_V.JPG,B3,uav-08,53HFN4G0M7X2GZ,Wide,XMP-tiff:Make,DJI,exiftool
@raw/03_第三批_20260908_1006_多火点/02_激光打点与定位验证/01_事后打点候选/无人机08_1581F7K3C256N00DCP1T/DJI_202609080958_004/DJI_20260908101936_0003_V.JPG,B3,uav-08,53HFN4G0M7X2GZ,Wide,XMP-tiff:Model,M4T,exiftool
@raw/03_第三批_20260908_1006_多火点/02_激光打点与定位验证/01_事后打点候选/无人机08_1581F7K3C256N00DCP1T/DJI_202609080958_004/DJI_20260908101936_0003_V.JPG,B3,uav-08,53HFN4G0M7X2GZ,Wide,XMP-dc:Format,image/jpeg,exiftool
@raw/03_第三批_20260908_1006_多火点/02_激光打点与定位验证/01_事后打点候选/无人机08_1581F7K3C256N00DCP1T/DJI_202609080958_004/DJI_20260908101936_0003_V.JPG,B3,uav-08,53HFN4G0M7X2GZ,Wide,XMP-drone-dji:Version,1.6,exiftool
@raw/03_第三批_20260908_1006_多火点/02_激光打点与定位验证/01_事后打点候选/无人机08_1581F7K3C256N00DCP1T/DJI_202609080958_004/DJI_20260908101936_0003_V.JPG,B3,uav-08,53HFN4G0M7X2GZ,Wide,XMP-drone-dji:ImageSource,WideCamera,exiftool
@raw/03_第三批_20260908_1006_多火点/02_激光打点与定位验证/01_事后打点候选/无人机08_1581F7K3C256N00DCP1T/DJI_202609080958_004/DJI_20260908101936_0003_V.JPG,B3,uav-08,53HFN4G0M7X2GZ,Wide,XMP-drone-dji:GpsStatus,RTK,exiftool
@raw/03_第三批_20260908_1006_多火点/02_激光打点与定位验证/01_事后打点候选/无人机08_1581F7K3C256N00DCP1T/DJI_202609080958_004/DJI_20260908101936_0003_V.JPG,B3,uav-08,53HFN4G0M7X2GZ,Wide,XMP-drone-dji:AltitudeType,RtkAlt,exiftool
@raw/03_第三批_20260908_1006_多火点/02_激光打点与定位验证/01_事后打点候选/无人机08_1581F7K3C256N00DCP1T/DJI_202609080958_004/DJI_20260908101936_0003_V.JPG,B3,uav-08,53HFN4G0M7X2GZ,Wide,XMP-drone-dji:GPSLatitude,+31.289605126,exiftool
@raw/03_第三批_20260908_1006_多火点/02_激光打点与定位验证/01_事后打点候选/无人机08_1581F7K3C256N00DCP1T/DJI_202609080958_004/DJI_20260908101936_0003_V.JPG,B3,uav-08,53HFN4G0M7X2GZ,Wide,XMP-drone-dji:GPSLongitude,+120.472918865,exiftool
@raw/03_第三批_20260908_1006_多火点/02_激光打点与定位验证/01_事后打点候选/无人机08_1581F7K3C256N00DCP1T/DJI_202609080958_004/DJI_20260908101936_0003_V.JPG,B3,uav-08,53HFN4G0M7X2GZ,Wide,XMP-drone-dji:AbsoluteAltitude,+60.948,exiftool
@raw/03_第三批_20260908_1006_多火点/02_激光打点与定位验证/01_事后打点候选/无人机08_1581F7K3C256N00DCP1T/DJI_202609080958_004/DJI_20260908101936_0003_V.JPG,B3,uav-08,53HFN4G0M7X2GZ,Wide,XMP-drone-dji:RelativeAltitude,+15.820,exiftool
@raw/03_第三批_20260908_1006_多火点/02_激光打点与定位验证/01_事后打点候选/无人机08_1581F7K3C256N00DCP1T/DJI_202609080958_004/DJI_20260908101936_0003_V.JPG,B3,uav-08,53HFN4G0M7X2GZ,Wide,XMP-drone-dji:GimbalRollDegree,+0.00,exiftool
@raw/03_第三批_20260908_1006_多火点/02_激光打点与定位验证/01_事后打点候选/无人机08_1581F7K3C256N00DCP1T/DJI_202609080958_004/DJI_20260908101936_0003_V.JPG,B3,uav-08,53HFN4G0M7X2GZ,Wide,XMP-drone-dji:GimbalYawDegree,-61.8,exiftool
@raw/03_第三批_20260908_1006_多火点/02_激光打点与定位验证/01_事后打点候选/无人机08_1581F7K3C256N00DCP1T/DJI_202609080958_004/DJI_20260908101936_0003_V.JPG,B3,uav-08,53HFN4G0M7X2GZ,Wide,XMP-drone-dji:GimbalPitchDegree,-38.5,exiftool
@raw/03_第三批_20260908_1006_多火点/02_激光打点与定位验证/01_事后打点候选/无人机08_1581F7K3C256N00DCP1T/DJI_202609080958_004/DJI_20260908101936_0003_V.JPG,B3,uav-08,53HFN4G0M7X2GZ,Wide,XMP-drone-dji:FlightRollDegree,+3.00,exiftool
@raw/03_第三批_20260908_1006_多火点/02_激光打点与定位验证/01_事后打点候选/无人机08_1581F7K3C256N00DCP1T/DJI_202609080958_004/DJI_20260908101936_0003_V.JPG,B3,uav-08,53HFN4G0M7X2GZ,Wide,XMP-drone-dji:FlightYawDegree,-61.7,exiftool
@raw/03_第三批_20260908_1006_多火点/02_激光打点与定位验证/01_事后打点候选/无人机08_1581F7K3C256N00DCP1T/DJI_202609080958_004/DJI_20260908101936_0003_V.JPG,B3,uav-08,53HFN4G0M7X2GZ,Wide,XMP-drone-dji:FlightPitchDegree,-0.3,exiftool
@raw/03_第三批_20260908_1006_多火点/02_激光打点与定位验证/01_事后打点候选/无人机08_1581F7K3C256N00DCP1T/DJI_202609080958_004/DJI_20260908101936_0003_V.JPG,B3,uav-08,53HFN4G0M7X2GZ,Wide,XMP-drone-dji:FlightXSpeed,0.0,exiftool
@raw/03_第三批_20260908_1006_多火点/02_激光打点与定位验证/01_事后打点候选/无人机08_1581F7K3C256N00DCP1T/DJI_202609080958_004/DJI_20260908101936_0003_V.JPG,B3,uav-08,53HFN4G0M7X2GZ,Wide,XMP-drone-dji:FlightYSpeed,0.0,exiftool
@raw/03_第三批_20260908_1006_多火点/02_激光打点与定位验证/01_事后打点候选/无人机08_1581F7K3C256N00DCP1T/DJI_202609080958_004/DJI_20260908101936_0003_V.JPG,B3,uav-08,53HFN4G0M7X2GZ,Wide,XMP-drone-dji:FlightZSpeed,0.0,exiftool
@raw/03_第三批_20260908_1006_多火点/02_激光打点与定位验证/01_事后打点候选/无人机08_1581F7K3C256N00DCP1T/DJI_202609080958_004/DJI_20260908101936_0003_V.JPG,B3,uav-08,53HFN4G0M7X2GZ,Wide,XMP-drone-dji:CamReverse,0,exiftool
@raw/03_第三批_20260908_1006_多火点/02_激光打点与定位验证/01_事后打点候选/无人机08_1581F7K3C256N00DCP1T/DJI_202609080958_004/DJI_20260908101936_0003_V.JPG,B3,uav-08,53HFN4G0M7X2GZ,Wide,XMP-drone-dji:GimbalReverse,0,exiftool
@raw/03_第三批_20260908_1006_多火点/02_激光打点与定位验证/01_事后打点候选/无人机08_1581F7K3C256N00DCP1T/DJI_202609080958_004/DJI_20260908101936_0003_V.JPG,B3,uav-08,53HFN4G0M7X2GZ,Wide,XMP-drone-dji:SensorTemperature,43.0,exiftool
@raw/03_第三批_20260908_1006_多火点/02_激光打点与定位验证/01_事后打点候选/无人机08_1581F7K3C256N00DCP1T/DJI_202609080958_004/DJI_20260908101936_0003_V.JPG,B3,uav-08,53HFN4G0M7X2GZ,Wide,XMP-drone-dji:ProductName,DJI Matrice 4T,exiftool
@raw/03_第三批_20260908_1006_多火点/02_激光打点与定位验证/01_事后打点候选/无人机08_1581F7K3C256N00DCP1T/DJI_202609080958_004/DJI_20260908101936_0003_V.JPG,B3,uav-08,53HFN4G0M7X2GZ,Wide,XMP-drone-dji:SelfData,,exiftool
@raw/03_第三批_20260908_1006_多火点/02_激光打点与定位验证/01_事后打点候选/无人机08_1581F7K3C256N00DCP1T/DJI_202609080958_004/DJI_20260908101936_0003_V.JPG,B3,uav-08,53HFN4G0M7X2GZ,Wide,XMP-drone-dji:RtkFlag,16,exiftool
@raw/03_第三批_20260908_1006_多火点/02_激光打点与定位验证/01_事后打点候选/无人机08_1581F7K3C256N00DCP1T/DJI_202609080958_004/DJI_20260908101936_0003_V.JPG,B3,uav-08,53HFN4G0M7X2GZ,Wide,XMP-drone-dji:RtkStdLon,0.07472,exiftool
@raw/03_第三批_20260908_1006_多火点/02_激光打点与定位验证/01_事后打点候选/无人机08_1581F7K3C256N00DCP1T/DJI_202609080958_004/DJI_20260908101936_0003_V.JPG,B3,uav-08,53HFN4G0M7X2GZ,Wide,XMP-drone-dji:RtkStdLat,0.07978,exiftool
@raw/03_第三批_20260908_1006_多火点/02_激光打点与定位验证/01_事后打点候选/无人机08_1581F7K3C256N00DCP1T/DJI_202609080958_004/DJI_20260908101936_0003_V.JPG,B3,uav-08,53HFN4G0M7X2GZ,Wide,XMP-drone-dji:RtkStdHgt,0.1431,exiftool
@raw/03_第三批_20260908_1006_多火点/02_激光打点与定位验证/01_事后打点候选/无人机08_1581F7K3C256N00DCP1T/DJI_202609080958_004/DJI_20260908101936_0003_V.JPG,B3,uav-08,53HFN4G0M7X2GZ,Wide,XMP-drone-dji:RtkDiffAge,0.0,exiftool
@raw/03_第三批_20260908_1006_多火点/02_激光打点与定位验证/01_事后打点候选/无人机08_1581F7K3C256N00DCP1T/DJI_202609080958_004/DJI_20260908101936_0003_V.JPG,B3,uav-08,53HFN4G0M7X2GZ,Wide,XMP-drone-dji:SurveyingMode,1,exiftool
@raw/03_第三批_20260908_1006_多火点/02_激光打点与定位验证/01_事后打点候选/无人机08_1581F7K3C256N00DCP1T/DJI_202609080958_004/DJI_20260908101936_0003_V.JPG,B3,uav-08,53HFN4G0M7X2GZ,Wide,XMP-drone-dji:UTCAtExposure,2026:09:08 02:19:55.851125,exiftool
@raw/03_第三批_20260908_1006_多火点/02_激光打点与定位验证/01_事后打点候选/无人机08_1581F7K3C256N00DCP1T/DJI_202609080958_004/DJI_20260908101936_0003_V.JPG,B3,uav-08,53HFN4G0M7X2GZ,Wide,XMP-drone-dji:ShutterType,Electronic,exiftool
@raw/03_第三批_20260908_1006_多火点/02_激光打点与定位验证/01_事后打点候选/无人机08_1581F7K3C256N00DCP1T/DJI_202609080958_004/DJI_20260908101936_0003_V.JPG,B3,uav-08,53HFN4G0M7X2GZ,Wide,XMP-drone-dji:CameraSerialNumber,53HFN4G0M7X2GZ,exiftool
@raw/03_第三批_20260908_1006_多火点/02_激光打点与定位验证/01_事后打点候选/无人机08_1581F7K3C256N00DCP1T/DJI_202609080958_004/DJI_20260908101936_0003_V.JPG,B3,uav-08,53HFN4G0M7X2GZ,Wide,XMP-drone-dji:DroneModel,M4T,exiftool
@raw/03_第三批_20260908_1006_多火点/02_激光打点与定位验证/01_事后打点候选/无人机08_1581F7K3C256N00DCP1T/DJI_202609080958_004/DJI_20260908101936_0003_V.JPG,B3,uav-08,53HFN4G0M7X2GZ,Wide,XMP-drone-dji:DroneSerialNumber,1581F7K3C256N00DCP1T,exiftool
@raw/03_第三批_20260908_1006_多火点/02_激光打点与定位验证/01_事后打点候选/无人机08_1581F7K3C256N00DCP1T/DJI_202609080958_004/DJI_20260908101936_0003_V.JPG,B3,uav-08,53HFN4G0M7X2GZ,Wide,XMP-drone-dji:LRFStatus,Normal,exiftool
@raw/03_第三批_20260908_1006_多火点/02_激光打点与定位验证/01_事后打点候选/无人机08_1581F7K3C256N00DCP1T/DJI_202609080958_004/DJI_20260908101936_0003_V.JPG,B3,uav-08,53HFN4G0M7X2GZ,Wide,XMP-drone-dji:LRFTargetDistance,23.038,exiftool
@raw/03_第三批_20260908_1006_多火点/02_激光打点与定位验证/01_事后打点候选/无人机08_1581F7K3C256N00DCP1T/DJI_202609080958_004/DJI_20260908101936_0003_V.JPG,B3,uav-08,53HFN4G0M7X2GZ,Wide,XMP-drone-dji:LRFTargetLon,120.4727552,exiftool
@raw/03_第三批_20260908_1006_多火点/02_激光打点与定位验证/01_事后打点候选/无人机08_1581F7K3C256N00DCP1T/DJI_202609080958_004/DJI_20260908101936_0003_V.JPG,B3,uav-08,53HFN4G0M7X2GZ,Wide,XMP-drone-dji:LRFTargetLat,31.2896814,exiftool
@raw/03_第三批_20260908_1006_多火点/02_激光打点与定位验证/01_事后打点候选/无人机08_1581F7K3C256N00DCP1T/DJI_202609080958_004/DJI_20260908101936_0003_V.JPG,B3,uav-08,53HFN4G0M7X2GZ,Wide,XMP-drone-dji:LRFTargetAlt,1.508,exiftool
@raw/03_第三批_20260908_1006_多火点/02_激光打点与定位验证/01_事后打点候选/无人机08_1581F7K3C256N00DCP1T/DJI_202609080958_004/DJI_20260908101936_0003_V.JPG,B3,uav-08,53HFN4G0M7X2GZ,Wide,XMP-drone-dji:LRFTargetAbsAlt,55.1,exiftool
@raw/03_第三批_20260908_1006_多火点/02_激光打点与定位验证/01_事后打点候选/无人机08_1581F7K3C256N00DCP1T/DJI_202609080958_004/DJI_20260908101936_0003_V.JPG,B3,uav-08,53HFN4G0M7X2GZ,Wide,XMP-drone-dji:WhiteBalanceCCT,4217,exiftool
@raw/03_第三批_20260908_1006_多火点/02_激光打点与定位验证/01_事后打点候选/无人机08_1581F7K3C256N00DCP1T/DJI_202609080958_004/DJI_20260908101936_0003_V.JPG,B3,uav-08,53HFN4G0M7X2GZ,Wide,XMP-drone-dji:SensorFPS,29.97,exiftool
@raw/03_第三批_20260908_1006_多火点/02_激光打点与定位验证/01_事后打点候选/无人机08_1581F7K3C256N00DCP1T/DJI_202609080958_004/DJI_20260908101936_0003_V.JPG,B3,uav-08,53HFN4G0M7X2GZ,Wide,XMP-drone-dji:LensPosition,35,exiftool
@raw/03_第三批_20260908_1006_多火点/02_激光打点与定位验证/01_事后打点候选/无人机08_1581F7K3C256N00DCP1T/DJI_202609080958_004/DJI_20260908101936_0003_V.JPG,B3,uav-08,53HFN4G0M7X2GZ,Wide,XMP-drone-dji:LensInfinitePosition,34,exiftool
@raw/03_第三批_20260908_1006_多火点/02_激光打点与定位验证/01_事后打点候选/无人机08_1581F7K3C256N00DCP1T/DJI_202609080958_004/DJI_20260908101936_0003_V.JPG,B3,uav-08,53HFN4G0M7X2GZ,Wide,XMP-drone-dji:LensTemperature,44.2,exiftool
@raw/03_第三批_20260908_1006_多火点/02_激光打点与定位验证/01_事后打点候选/无人机08_1581F7K3C256N00DCP1T/DJI_202609080958_004/DJI_20260908101936_0003_V.JPG,B3,uav-08,53HFN4G0M7X2GZ,Wide,XMP-Camera:FileType,single,exiftool
@raw/03_第三批_20260908_1006_多火点/02_激光打点与定位验证/01_事后打点候选/无人机08_1581F7K3C256N00DCP1T/DJI_202609080958_004/DJI_20260908101936_0003_V.JPG,B3,uav-08,53HFN4G0M7X2GZ,Wide,XMP-crs:Version,7.0,exiftool
@raw/03_第三批_20260908_1006_多火点/02_激光打点与定位验证/01_事后打点候选/无人机08_1581F7K3C256N00DCP1T/DJI_202609080958_004/DJI_20260908101936_0003_V.JPG,B3,uav-08,53HFN4G0M7X2GZ,Wide,XMP-crs:HasSettings,False,exiftool
@raw/03_第三批_20260908_1006_多火点/02_激光打点与定位验证/01_事后打点候选/无人机08_1581F7K3C256N00DCP1T/DJI_202609080958_004/DJI_20260908101936_0003_V.JPG,B3,uav-08,53HFN4G0M7X2GZ,Wide,XMP-crs:HasCrop,False,exiftool
@raw/03_第三批_20260908_1006_多火点/02_激光打点与定位验证/01_事后打点候选/无人机08_1581F7K3C256N00DCP1T/DJI_202609080958_004/DJI_20260908101936_0003_V.JPG,B3,uav-08,53HFN4G0M7X2GZ,Wide,XMP-crs:AlreadyApplied,False,exiftool
@raw/03_第三批_20260908_1006_多火点/02_激光打点与定位验证/01_事后打点候选/无人机08_1581F7K3C256N00DCP1T/DJI_202609080958_004/DJI_20260908101936_0003_V.JPG,B3,uav-08,53HFN4G0M7X2GZ,Wide,XML_ATTR:{http://www.w3.org/1999/02/22-rdf-syntax-ns#}about,DJI Meta Data,raw_xmp_xml
@raw/03_第三批_20260908_1006_多火点/02_激光打点与定位验证/01_事后打点候选/无人机08_1581F7K3C256N00DCP1T/DJI_202609080958_004/DJI_20260908101936_0003_V.JPG,B3,uav-08,53HFN4G0M7X2GZ,Wide,XML_ATTR:{http://ns.adobe.com/xap/1.0/}ModifyDate,2026-09-08T10:19:36+08:00,raw_xmp_xml
@raw/03_第三批_20260908_1006_多火点/02_激光打点与定位验证/01_事后打点候选/无人机08_1581F7K3C256N00DCP1T/DJI_202609080958_004/DJI_20260908101936_0003_V.JPG,B3,uav-08,53HFN4G0M7X2GZ,Wide,XML_ATTR:{http://ns.adobe.com/xap/1.0/}CreateDate,2026-09-08T10:19:36+08:00,raw_xmp_xml
@raw/03_第三批_20260908_1006_多火点/02_激光打点与定位验证/01_事后打点候选/无人机08_1581F7K3C256N00DCP1T/DJI_202609080958_004/DJI_20260908101936_0003_V.JPG,B3,uav-08,53HFN4G0M7X2GZ,Wide,XML_ATTR:{http://ns.adobe.com/tiff/1.0/}Make,DJI,raw_xmp_xml
@raw/03_第三批_20260908_1006_多火点/02_激光打点与定位验证/01_事后打点候选/无人机08_1581F7K3C256N00DCP1T/DJI_202609080958_004/DJI_20260908101936_0003_V.JPG,B3,uav-08,53HFN4G0M7X2GZ,Wide,XML_ATTR:{http://ns.adobe.com/tiff/1.0/}Model,M4T,raw_xmp_xml
@raw/03_第三批_20260908_1006_多火点/02_激光打点与定位验证/01_事后打点候选/无人机08_1581F7K3C256N00DCP1T/DJI_202609080958_004/DJI_20260908101936_0003_V.JPG,B3,uav-08,53HFN4G0M7X2GZ,Wide,XML_ATTR:{http://purl.org/dc/elements/1.1/}format,image/jpeg,raw_xmp_xml
@raw/03_第三批_20260908_1006_多火点/02_激光打点与定位验证/01_事后打点候选/无人机08_1581F7K3C256N00DCP1T/DJI_202609080958_004/DJI_20260908101936_0003_V.JPG,B3,uav-08,53HFN4G0M7X2GZ,Wide,XML_ATTR:{http://www.dji.com/drone-dji/1.0/}Version,1.6,raw_xmp_xml
@raw/03_第三批_20260908_1006_多火点/02_激光打点与定位验证/01_事后打点候选/无人机08_1581F7K3C256N00DCP1T/DJI_202609080958_004/DJI_20260908101936_0003_V.JPG,B3,uav-08,53HFN4G0M7X2GZ,Wide,XML_ATTR:{http://www.dji.com/drone-dji/1.0/}ImageSource,WideCamera,raw_xmp_xml
@raw/03_第三批_20260908_1006_多火点/02_激光打点与定位验证/01_事后打点候选/无人机08_1581F7K3C256N00DCP1T/DJI_202609080958_004/DJI_20260908101936_0003_V.JPG,B3,uav-08,53HFN4G0M7X2GZ,Wide,XML_ATTR:{http://www.dji.com/drone-dji/1.0/}GpsStatus,RTK,raw_xmp_xml
@raw/03_第三批_20260908_1006_多火点/02_激光打点与定位验证/01_事后打点候选/无人机08_1581F7K3C256N00DCP1T/DJI_202609080958_004/DJI_20260908101936_0003_V.JPG,B3,uav-08,53HFN4G0M7X2GZ,Wide,XML_ATTR:{http://www.dji.com/drone-dji/1.0/}AltitudeType,RtkAlt,raw_xmp_xml
@raw/03_第三批_20260908_1006_多火点/02_激光打点与定位验证/01_事后打点候选/无人机08_1581F7K3C256N00DCP1T/DJI_202609080958_004/DJI_20260908101936_0003_V.JPG,B3,uav-08,53HFN4G0M7X2GZ,Wide,XML_ATTR:{http://www.dji.com/drone-dji/1.0/}GpsLatitude,+31.289605126,raw_xmp_xml
@raw/03_第三批_20260908_1006_多火点/02_激光打点与定位验证/01_事后打点候选/无人机08_1581F7K3C256N00DCP1T/DJI_202609080958_004/DJI_20260908101936_0003_V.JPG,B3,uav-08,53HFN4G0M7X2GZ,Wide,XML_ATTR:{http://www.dji.com/drone-dji/1.0/}GpsLongitude,+120.472918865,raw_xmp_xml
@raw/03_第三批_20260908_1006_多火点/02_激光打点与定位验证/01_事后打点候选/无人机08_1581F7K3C256N00DCP1T/DJI_202609080958_004/DJI_20260908101936_0003_V.JPG,B3,uav-08,53HFN4G0M7X2GZ,Wide,XML_ATTR:{http://www.dji.com/drone-dji/1.0/}AbsoluteAltitude,+60.948,raw_xmp_xml
@raw/03_第三批_20260908_1006_多火点/02_激光打点与定位验证/01_事后打点候选/无人机08_1581F7K3C256N00DCP1T/DJI_202609080958_004/DJI_20260908101936_0003_V.JPG,B3,uav-08,53HFN4G0M7X2GZ,Wide,XML_ATTR:{http://www.dji.com/drone-dji/1.0/}RelativeAltitude,+15.820,raw_xmp_xml
@raw/03_第三批_20260908_1006_多火点/02_激光打点与定位验证/01_事后打点候选/无人机08_1581F7K3C256N00DCP1T/DJI_202609080958_004/DJI_20260908101936_0003_V.JPG,B3,uav-08,53HFN4G0M7X2GZ,Wide,XML_ATTR:{http://www.dji.com/drone-dji/1.0/}GimbalRollDegree,+0.00,raw_xmp_xml
@raw/03_第三批_20260908_1006_多火点/02_激光打点与定位验证/01_事后打点候选/无人机08_1581F7K3C256N00DCP1T/DJI_202609080958_004/DJI_20260908101936_0003_V.JPG,B3,uav-08,53HFN4G0M7X2GZ,Wide,XML_ATTR:{http://www.dji.com/drone-dji/1.0/}GimbalYawDegree,-61.80,raw_xmp_xml
@raw/03_第三批_20260908_1006_多火点/02_激光打点与定位验证/01_事后打点候选/无人机08_1581F7K3C256N00DCP1T/DJI_202609080958_004/DJI_20260908101936_0003_V.JPG,B3,uav-08,53HFN4G0M7X2GZ,Wide,XML_ATTR:{http://www.dji.com/drone-dji/1.0/}GimbalPitchDegree,-38.50,raw_xmp_xml
@raw/03_第三批_20260908_1006_多火点/02_激光打点与定位验证/01_事后打点候选/无人机08_1581F7K3C256N00DCP1T/DJI_202609080958_004/DJI_20260908101936_0003_V.JPG,B3,uav-08,53HFN4G0M7X2GZ,Wide,XML_ATTR:{http://www.dji.com/drone-dji/1.0/}FlightRollDegree,+3.00,raw_xmp_xml
@raw/03_第三批_20260908_1006_多火点/02_激光打点与定位验证/01_事后打点候选/无人机08_1581F7K3C256N00DCP1T/DJI_202609080958_004/DJI_20260908101936_0003_V.JPG,B3,uav-08,53HFN4G0M7X2GZ,Wide,XML_ATTR:{http://www.dji.com/drone-dji/1.0/}FlightYawDegree,-61.70,raw_xmp_xml
@raw/03_第三批_20260908_1006_多火点/02_激光打点与定位验证/01_事后打点候选/无人机08_1581F7K3C256N00DCP1T/DJI_202609080958_004/DJI_20260908101936_0003_V.JPG,B3,uav-08,53HFN4G0M7X2GZ,Wide,XML_ATTR:{http://www.dji.com/drone-dji/1.0/}FlightPitchDegree,-0.30,raw_xmp_xml
@raw/03_第三批_20260908_1006_多火点/02_激光打点与定位验证/01_事后打点候选/无人机08_1581F7K3C256N00DCP1T/DJI_202609080958_004/DJI_20260908101936_0003_V.JPG,B3,uav-08,53HFN4G0M7X2GZ,Wide,XML_ATTR:{http://www.dji.com/drone-dji/1.0/}FlightXSpeed,0.0,raw_xmp_xml
@raw/03_第三批_20260908_1006_多火点/02_激光打点与定位验证/01_事后打点候选/无人机08_1581F7K3C256N00DCP1T/DJI_202609080958_004/DJI_20260908101936_0003_V.JPG,B3,uav-08,53HFN4G0M7X2GZ,Wide,XML_ATTR:{http://www.dji.com/drone-dji/1.0/}FlightYSpeed,0.0,raw_xmp_xml
@raw/03_第三批_20260908_1006_多火点/02_激光打点与定位验证/01_事后打点候选/无人机08_1581F7K3C256N00DCP1T/DJI_202609080958_004/DJI_20260908101936_0003_V.JPG,B3,uav-08,53HFN4G0M7X2GZ,Wide,XML_ATTR:{http://www.dji.com/drone-dji/1.0/}FlightZSpeed,0.0,raw_xmp_xml
@raw/03_第三批_20260908_1006_多火点/02_激光打点与定位验证/01_事后打点候选/无人机08_1581F7K3C256N00DCP1T/DJI_202609080958_004/DJI_20260908101936_0003_V.JPG,B3,uav-08,53HFN4G0M7X2GZ,Wide,XML_ATTR:{http://www.dji.com/drone-dji/1.0/}CamReverse,0,raw_xmp_xml
@raw/03_第三批_20260908_1006_多火点/02_激光打点与定位验证/01_事后打点候选/无人机08_1581F7K3C256N00DCP1T/DJI_202609080958_004/DJI_20260908101936_0003_V.JPG,B3,uav-08,53HFN4G0M7X2GZ,Wide,XML_ATTR:{http://www.dji.com/drone-dji/1.0/}GimbalReverse,0,raw_xmp_xml
@raw/03_第三批_20260908_1006_多火点/02_激光打点与定位验证/01_事后打点候选/无人机08_1581F7K3C256N00DCP1T/DJI_202609080958_004/DJI_20260908101936_0003_V.JPG,B3,uav-08,53HFN4G0M7X2GZ,Wide,XML_ATTR:{http://www.dji.com/drone-dji/1.0/}SensorTemperature,43.0,raw_xmp_xml
@raw/03_第三批_20260908_1006_多火点/02_激光打点与定位验证/01_事后打点候选/无人机08_1581F7K3C256N00DCP1T/DJI_202609080958_004/DJI_20260908101936_0003_V.JPG,B3,uav-08,53HFN4G0M7X2GZ,Wide,XML_ATTR:{http://www.dji.com/drone-dji/1.0/}ProductName,DJI Matrice 4T,raw_xmp_xml
@raw/03_第三批_20260908_1006_多火点/02_激光打点与定位验证/01_事后打点候选/无人机08_1581F7K3C256N00DCP1T/DJI_202609080958_004/DJI_20260908101936_0003_V.JPG,B3,uav-08,53HFN4G0M7X2GZ,Wide,XML_ATTR:{http://www.dji.com/drone-dji/1.0/}SelfData,,raw_xmp_xml
@raw/03_第三批_20260908_1006_多火点/02_激光打点与定位验证/01_事后打点候选/无人机08_1581F7K3C256N00DCP1T/DJI_202609080958_004/DJI_20260908101936_0003_V.JPG,B3,uav-08,53HFN4G0M7X2GZ,Wide,XML_ATTR:{http://www.dji.com/drone-dji/1.0/}RtkFlag,16,raw_xmp_xml
@raw/03_第三批_20260908_1006_多火点/02_激光打点与定位验证/01_事后打点候选/无人机08_1581F7K3C256N00DCP1T/DJI_202609080958_004/DJI_20260908101936_0003_V.JPG,B3,uav-08,53HFN4G0M7X2GZ,Wide,XML_ATTR:{http://www.dji.com/drone-dji/1.0/}RtkStdLon,0.07472,raw_xmp_xml
@raw/03_第三批_20260908_1006_多火点/02_激光打点与定位验证/01_事后打点候选/无人机08_1581F7K3C256N00DCP1T/DJI_202609080958_004/DJI_20260908101936_0003_V.JPG,B3,uav-08,53HFN4G0M7X2GZ,Wide,XML_ATTR:{http://www.dji.com/drone-dji/1.0/}RtkStdLat,0.07978,raw_xmp_xml
@raw/03_第三批_20260908_1006_多火点/02_激光打点与定位验证/01_事后打点候选/无人机08_1581F7K3C256N00DCP1T/DJI_202609080958_004/DJI_20260908101936_0003_V.JPG,B3,uav-08,53HFN4G0M7X2GZ,Wide,XML_ATTR:{http://www.dji.com/drone-dji/1.0/}RtkStdHgt,0.14310,raw_xmp_xml
@raw/03_第三批_20260908_1006_多火点/02_激光打点与定位验证/01_事后打点候选/无人机08_1581F7K3C256N00DCP1T/DJI_202609080958_004/DJI_20260908101936_0003_V.JPG,B3,uav-08,53HFN4G0M7X2GZ,Wide,XML_ATTR:{http://www.dji.com/drone-dji/1.0/}RtkDiffAge,0.00000,raw_xmp_xml
@raw/03_第三批_20260908_1006_多火点/02_激光打点与定位验证/01_事后打点候选/无人机08_1581F7K3C256N00DCP1T/DJI_202609080958_004/DJI_20260908101936_0003_V.JPG,B3,uav-08,53HFN4G0M7X2GZ,Wide,XML_ATTR:{http://www.dji.com/drone-dji/1.0/}SurveyingMode,1,raw_xmp_xml
@raw/03_第三批_20260908_1006_多火点/02_激光打点与定位验证/01_事后打点候选/无人机08_1581F7K3C256N00DCP1T/DJI_202609080958_004/DJI_20260908101936_0003_V.JPG,B3,uav-08,53HFN4G0M7X2GZ,Wide,XML_ATTR:{http://www.dji.com/drone-dji/1.0/}UTCAtExposure,2026-09-08T02:19:55.851125,raw_xmp_xml
@raw/03_第三批_20260908_1006_多火点/02_激光打点与定位验证/01_事后打点候选/无人机08_1581F7K3C256N00DCP1T/DJI_202609080958_004/DJI_20260908101936_0003_V.JPG,B3,uav-08,53HFN4G0M7X2GZ,Wide,XML_ATTR:{http://www.dji.com/drone-dji/1.0/}ShutterType,Electronic,raw_xmp_xml
@raw/03_第三批_20260908_1006_多火点/02_激光打点与定位验证/01_事后打点候选/无人机08_1581F7K3C256N00DCP1T/DJI_202609080958_004/DJI_20260908101936_0003_V.JPG,B3,uav-08,53HFN4G0M7X2GZ,Wide,XML_ATTR:{http://www.dji.com/drone-dji/1.0/}CameraSerialNumber,53HFN4G0M7X2GZ,raw_xmp_xml
@raw/03_第三批_20260908_1006_多火点/02_激光打点与定位验证/01_事后打点候选/无人机08_1581F7K3C256N00DCP1T/DJI_202609080958_004/DJI_20260908101936_0003_V.JPG,B3,uav-08,53HFN4G0M7X2GZ,Wide,XML_ATTR:{http://www.dji.com/drone-dji/1.0/}DroneModel,M4T,raw_xmp_xml
@raw/03_第三批_20260908_1006_多火点/02_激光打点与定位验证/01_事后打点候选/无人机08_1581F7K3C256N00DCP1T/DJI_202609080958_004/DJI_20260908101936_0003_V.JPG,B3,uav-08,53HFN4G0M7X2GZ,Wide,XML_ATTR:{http://www.dji.com/drone-dji/1.0/}DroneSerialNumber,1581F7K3C256N00DCP1T,raw_xmp_xml
@raw/03_第三批_20260908_1006_多火点/02_激光打点与定位验证/01_事后打点候选/无人机08_1581F7K3C256N00DCP1T/DJI_202609080958_004/DJI_20260908101936_0003_V.JPG,B3,uav-08,53HFN4G0M7X2GZ,Wide,XML_ATTR:{http://www.dji.com/drone-dji/1.0/}LRFStatus,Normal,raw_xmp_xml
@raw/03_第三批_20260908_1006_多火点/02_激光打点与定位验证/01_事后打点候选/无人机08_1581F7K3C256N00DCP1T/DJI_202609080958_004/DJI_20260908101936_0003_V.JPG,B3,uav-08,53HFN4G0M7X2GZ,Wide,XML_ATTR:{http://www.dji.com/drone-dji/1.0/}LRFTargetDistance,23.038,raw_xmp_xml
@raw/03_第三批_20260908_1006_多火点/02_激光打点与定位验证/01_事后打点候选/无人机08_1581F7K3C256N00DCP1T/DJI_202609080958_004/DJI_20260908101936_0003_V.JPG,B3,uav-08,53HFN4G0M7X2GZ,Wide,XML_ATTR:{http://www.dji.com/drone-dji/1.0/}LRFTargetLon,120.4727552,raw_xmp_xml
@raw/03_第三批_20260908_1006_多火点/02_激光打点与定位验证/01_事后打点候选/无人机08_1581F7K3C256N00DCP1T/DJI_202609080958_004/DJI_20260908101936_0003_V.JPG,B3,uav-08,53HFN4G0M7X2GZ,Wide,XML_ATTR:{http://www.dji.com/drone-dji/1.0/}LRFTargetLat,31.2896814,raw_xmp_xml
@raw/03_第三批_20260908_1006_多火点/02_激光打点与定位验证/01_事后打点候选/无人机08_1581F7K3C256N00DCP1T/DJI_202609080958_004/DJI_20260908101936_0003_V.JPG,B3,uav-08,53HFN4G0M7X2GZ,Wide,XML_ATTR:{http://www.dji.com/drone-dji/1.0/}LRFTargetAlt,1.508,raw_xmp_xml
@raw/03_第三批_20260908_1006_多火点/02_激光打点与定位验证/01_事后打点候选/无人机08_1581F7K3C256N00DCP1T/DJI_202609080958_004/DJI_20260908101936_0003_V.JPG,B3,uav-08,53HFN4G0M7X2GZ,Wide,XML_ATTR:{http://www.dji.com/drone-dji/1.0/}LRFTargetAbsAlt,55.100,raw_xmp_xml
@raw/03_第三批_20260908_1006_多火点/02_激光打点与定位验证/01_事后打点候选/无人机08_1581F7K3C256N00DCP1T/DJI_202609080958_004/DJI_20260908101936_0003_V.JPG,B3,uav-08,53HFN4G0M7X2GZ,Wide,XML_ATTR:{http://www.dji.com/drone-dji/1.0/}WhiteBalanceCCT,4217,raw_xmp_xml
@raw/03_第三批_20260908_1006_多火点/02_激光打点与定位验证/01_事后打点候选/无人机08_1581F7K3C256N00DCP1T/DJI_202609080958_004/DJI_20260908101936_0003_V.JPG,B3,uav-08,53HFN4G0M7X2GZ,Wide,XML_ATTR:{http://www.dji.com/drone-dji/1.0/}SensorFPS,2997/100,raw_xmp_xml
@raw/03_第三批_20260908_1006_多火点/02_激光打点与定位验证/01_事后打点候选/无人机08_1581F7K3C256N00DCP1T/DJI_202609080958_004/DJI_20260908101936_0003_V.JPG,B3,uav-08,53HFN4G0M7X2GZ,Wide,XML_ATTR:{http://www.dji.com/drone-dji/1.0/}LensPosition,35,raw_xmp_xml
@raw/03_第三批_20260908_1006_多火点/02_激光打点与定位验证/01_事后打点候选/无人机08_1581F7K3C256N00DCP1T/DJI_202609080958_004/DJI_20260908101936_0003_V.JPG,B3,uav-08,53HFN4G0M7X2GZ,Wide,XML_ATTR:{http://www.dji.com/drone-dji/1.0/}LensInfinitePosition,34,raw_xmp_xml
@raw/03_第三批_20260908_1006_多火点/02_激光打点与定位验证/01_事后打点候选/无人机08_1581F7K3C256N00DCP1T/DJI_202609080958_004/DJI_20260908101936_0003_V.JPG,B3,uav-08,53HFN4G0M7X2GZ,Wide,XML_ATTR:{http://www.dji.com/drone-dji/1.0/}LensTemperature,44.200000,raw_xmp_xml
@raw/03_第三批_20260908_1006_多火点/02_激光打点与定位验证/01_事后打点候选/无人机08_1581F7K3C256N00DCP1T/DJI_202609080958_004/DJI_20260908101936_0003_V.JPG,B3,uav-08,53HFN4G0M7X2GZ,Wide,XML_ATTR:{http://pix4d.com/camera/1.0}FileType,single,raw_xmp_xml
@raw/03_第三批_20260908_1006_多火点/02_激光打点与定位验证/01_事后打点候选/无人机08_1581F7K3C256N00DCP1T/DJI_202609080958_004/DJI_20260908101936_0003_V.JPG,B3,uav-08,53HFN4G0M7X2GZ,Wide,XML_ATTR:{http://ns.adobe.com/camera-raw-settings/1.0/}Version,7.0,raw_xmp_xml
@raw/03_第三批_20260908_1006_多火点/02_激光打点与定位验证/01_事后打点候选/无人机08_1581F7K3C256N00DCP1T/DJI_202609080958_004/DJI_20260908101936_0003_V.JPG,B3,uav-08,53HFN4G0M7X2GZ,Wide,XML_ATTR:{http://ns.adobe.com/camera-raw-settings/1.0/}HasSettings,False,raw_xmp_xml
@raw/03_第三批_20260908_1006_多火点/02_激光打点与定位验证/01_事后打点候选/无人机08_1581F7K3C256N00DCP1T/DJI_202609080958_004/DJI_20260908101936_0003_V.JPG,B3,uav-08,53HFN4G0M7X2GZ,Wide,XML_ATTR:{http://ns.adobe.com/camera-raw-settings/1.0/}HasCrop,False,raw_xmp_xml
@raw/03_第三批_20260908_1006_多火点/02_激光打点与定位验证/01_事后打点候选/无人机08_1581F7K3C256N00DCP1T/DJI_202609080958_004/DJI_20260908101936_0003_V.JPG,B3,uav-08,53HFN4G0M7X2GZ,Wide,XML_ATTR:{http://ns.adobe.com/camera-raw-settings/1.0/}AlreadyApplied,False,raw_xmp_xml
@raw/03_第三批_20260908_1006_多火点/02_激光打点与定位验证/01_事后打点候选/无人机08_1581F7K3C256N00DCP1T/DJI_202609080958_004/DJI_20260908102052_0005_V.JPG,B3,uav-08,53HFN4G0M7X2GZ,Wide,XMP-rdf:About,DJI Meta Data,exiftool
@raw/03_第三批_20260908_1006_多火点/02_激光打点与定位验证/01_事后打点候选/无人机08_1581F7K3C256N00DCP1T/DJI_202609080958_004/DJI_20260908102052_0005_V.JPG,B3,uav-08,53HFN4G0M7X2GZ,Wide,XMP-xmp:ModifyDate,2026:09:08 10:20:52+08:00,exiftool
@raw/03_第三批_20260908_1006_多火点/02_激光打点与定位验证/01_事后打点候选/无人机08_1581F7K3C256N00DCP1T/DJI_202609080958_004/DJI_20260908102052_0005_V.JPG,B3,uav-08,53HFN4G0M7X2GZ,Wide,XMP-xmp:CreateDate,2026:09:08 10:20:52+08:00,exiftool
@raw/03_第三批_20260908_1006_多火点/02_激光打点与定位验证/01_事后打点候选/无人机08_1581F7K3C256N00DCP1T/DJI_202609080958_004/DJI_20260908102052_0005_V.JPG,B3,uav-08,53HFN4G0M7X2GZ,Wide,XMP-tiff:Make,DJI,exiftool
@raw/03_第三批_20260908_1006_多火点/02_激光打点与定位验证/01_事后打点候选/无人机08_1581F7K3C256N00DCP1T/DJI_202609080958_004/DJI_20260908102052_0005_V.JPG,B3,uav-08,53HFN4G0M7X2GZ,Wide,XMP-tiff:Model,M4T,exiftool
@raw/03_第三批_20260908_1006_多火点/02_激光打点与定位验证/01_事后打点候选/无人机08_1581F7K3C256N00DCP1T/DJI_202609080958_004/DJI_20260908102052_0005_V.JPG,B3,uav-08,53HFN4G0M7X2GZ,Wide,XMP-dc:Format,image/jpeg,exiftool
@raw/03_第三批_20260908_1006_多火点/02_激光打点与定位验证/01_事后打点候选/无人机08_1581F7K3C256N00DCP1T/DJI_202609080958_004/DJI_20260908102052_0005_V.JPG,B3,uav-08,53HFN4G0M7X2GZ,Wide,XMP-drone-dji:Version,1.6,exiftool
@raw/03_第三批_20260908_1006_多火点/02_激光打点与定位验证/01_事后打点候选/无人机08_1581F7K3C256N00DCP1T/DJI_202609080958_004/DJI_20260908102052_0005_V.JPG,B3,uav-08,53HFN4G0M7X2GZ,Wide,XMP-drone-dji:ImageSource,WideCamera,exiftool
@raw/03_第三批_20260908_1006_多火点/02_激光打点与定位验证/01_事后打点候选/无人机08_1581F7K3C256N00DCP1T/DJI_202609080958_004/DJI_20260908102052_0005_V.JPG,B3,uav-08,53HFN4G0M7X2GZ,Wide,XMP-drone-dji:GpsStatus,RTK,exiftool
@raw/03_第三批_20260908_1006_多火点/02_激光打点与定位验证/01_事后打点候选/无人机08_1581F7K3C256N00DCP1T/DJI_202609080958_004/DJI_20260908102052_0005_V.JPG,B3,uav-08,53HFN4G0M7X2GZ,Wide,XMP-drone-dji:AltitudeType,RtkAlt,exiftool
@raw/03_第三批_20260908_1006_多火点/02_激光打点与定位验证/01_事后打点候选/无人机08_1581F7K3C256N00DCP1T/DJI_202609080958_004/DJI_20260908102052_0005_V.JPG,B3,uav-08,53HFN4G0M7X2GZ,Wide,XMP-drone-dji:GPSLatitude,+31.289605121,exiftool
@raw/03_第三批_20260908_1006_多火点/02_激光打点与定位验证/01_事后打点候选/无人机08_1581F7K3C256N00DCP1T/DJI_202609080958_004/DJI_20260908102052_0005_V.JPG,B3,uav-08,53HFN4G0M7X2GZ,Wide,XMP-drone-dji:GPSLongitude,+120.472919697,exiftool
@raw/03_第三批_20260908_1006_多火点/02_激光打点与定位验证/01_事后打点候选/无人机08_1581F7K3C256N00DCP1T/DJI_202609080958_004/DJI_20260908102052_0005_V.JPG,B3,uav-08,53HFN4G0M7X2GZ,Wide,XMP-drone-dji:AbsoluteAltitude,+61.196,exiftool
@raw/03_第三批_20260908_1006_多火点/02_激光打点与定位验证/01_事后打点候选/无人机08_1581F7K3C256N00DCP1T/DJI_202609080958_004/DJI_20260908102052_0005_V.JPG,B3,uav-08,53HFN4G0M7X2GZ,Wide,XMP-drone-dji:RelativeAltitude,+16.030,exiftool
@raw/03_第三批_20260908_1006_多火点/02_激光打点与定位验证/01_事后打点候选/无人机08_1581F7K3C256N00DCP1T/DJI_202609080958_004/DJI_20260908102052_0005_V.JPG,B3,uav-08,53HFN4G0M7X2GZ,Wide,XMP-drone-dji:GimbalRollDegree,+0.00,exiftool
@raw/03_第三批_20260908_1006_多火点/02_激光打点与定位验证/01_事后打点候选/无人机08_1581F7K3C256N00DCP1T/DJI_202609080958_004/DJI_20260908102052_0005_V.JPG,B3,uav-08,53HFN4G0M7X2GZ,Wide,XMP-drone-dji:GimbalYawDegree,-60.1,exiftool
@raw/03_第三批_20260908_1006_多火点/02_激光打点与定位验证/01_事后打点候选/无人机08_1581F7K3C256N00DCP1T/DJI_202609080958_004/DJI_20260908102052_0005_V.JPG,B3,uav-08,53HFN4G0M7X2GZ,Wide,XMP-drone-dji:GimbalPitchDegree,-38.5,exiftool
@raw/03_第三批_20260908_1006_多火点/02_激光打点与定位验证/01_事后打点候选/无人机08_1581F7K3C256N00DCP1T/DJI_202609080958_004/DJI_20260908102052_0005_V.JPG,B3,uav-08,53HFN4G0M7X2GZ,Wide,XMP-drone-dji:FlightRollDegree,+3.40,exiftool
@raw/03_第三批_20260908_1006_多火点/02_激光打点与定位验证/01_事后打点候选/无人机08_1581F7K3C256N00DCP1T/DJI_202609080958_004/DJI_20260908102052_0005_V.JPG,B3,uav-08,53HFN4G0M7X2GZ,Wide,XMP-drone-dji:FlightYawDegree,-59.8,exiftool
@raw/03_第三批_20260908_1006_多火点/02_激光打点与定位验证/01_事后打点候选/无人机08_1581F7K3C256N00DCP1T/DJI_202609080958_004/DJI_20260908102052_0005_V.JPG,B3,uav-08,53HFN4G0M7X2GZ,Wide,XMP-drone-dji:FlightPitchDegree,+0.20,exiftool
@raw/03_第三批_20260908_1006_多火点/02_激光打点与定位验证/01_事后打点候选/无人机08_1581F7K3C256N00DCP1T/DJI_202609080958_004/DJI_20260908102052_0005_V.JPG,B3,uav-08,53HFN4G0M7X2GZ,Wide,XMP-drone-dji:FlightXSpeed,0.0,exiftool
@raw/03_第三批_20260908_1006_多火点/02_激光打点与定位验证/01_事后打点候选/无人机08_1581F7K3C256N00DCP1T/DJI_202609080958_004/DJI_20260908102052_0005_V.JPG,B3,uav-08,53HFN4G0M7X2GZ,Wide,XMP-drone-dji:FlightYSpeed,0.0,exiftool
@raw/03_第三批_20260908_1006_多火点/02_激光打点与定位验证/01_事后打点候选/无人机08_1581F7K3C256N00DCP1T/DJI_202609080958_004/DJI_20260908102052_0005_V.JPG,B3,uav-08,53HFN4G0M7X2GZ,Wide,XMP-drone-dji:FlightZSpeed,0.0,exiftool
@raw/03_第三批_20260908_1006_多火点/02_激光打点与定位验证/01_事后打点候选/无人机08_1581F7K3C256N00DCP1T/DJI_202609080958_004/DJI_20260908102052_0005_V.JPG,B3,uav-08,53HFN4G0M7X2GZ,Wide,XMP-drone-dji:CamReverse,0,exiftool
@raw/03_第三批_20260908_1006_多火点/02_激光打点与定位验证/01_事后打点候选/无人机08_1581F7K3C256N00DCP1T/DJI_202609080958_004/DJI_20260908102052_0005_V.JPG,B3,uav-08,53HFN4G0M7X2GZ,Wide,XMP-drone-dji:GimbalReverse,0,exiftool
@raw/03_第三批_20260908_1006_多火点/02_激光打点与定位验证/01_事后打点候选/无人机08_1581F7K3C256N00DCP1T/DJI_202609080958_004/DJI_20260908102052_0005_V.JPG,B3,uav-08,53HFN4G0M7X2GZ,Wide,XMP-drone-dji:SensorTemperature,43.0,exiftool
@raw/03_第三批_20260908_1006_多火点/02_激光打点与定位验证/01_事后打点候选/无人机08_1581F7K3C256N00DCP1T/DJI_202609080958_004/DJI_20260908102052_0005_V.JPG,B3,uav-08,53HFN4G0M7X2GZ,Wide,XMP-drone-dji:ProductName,DJI Matrice 4T,exiftool
@raw/03_第三批_20260908_1006_多火点/02_激光打点与定位验证/01_事后打点候选/无人机08_1581F7K3C256N00DCP1T/DJI_202609080958_004/DJI_20260908102052_0005_V.JPG,B3,uav-08,53HFN4G0M7X2GZ,Wide,XMP-drone-dji:SelfData,,exiftool
@raw/03_第三批_20260908_1006_多火点/02_激光打点与定位验证/01_事后打点候选/无人机08_1581F7K3C256N00DCP1T/DJI_202609080958_004/DJI_20260908102052_0005_V.JPG,B3,uav-08,53HFN4G0M7X2GZ,Wide,XMP-drone-dji:RtkFlag,16,exiftool
@raw/03_第三批_20260908_1006_多火点/02_激光打点与定位验证/01_事后打点候选/无人机08_1581F7K3C256N00DCP1T/DJI_202609080958_004/DJI_20260908102052_0005_V.JPG,B3,uav-08,53HFN4G0M7X2GZ,Wide,XMP-drone-dji:RtkStdLon,0.07455,exiftool
@raw/03_第三批_20260908_1006_多火点/02_激光打点与定位验证/01_事后打点候选/无人机08_1581F7K3C256N00DCP1T/DJI_202609080958_004/DJI_20260908102052_0005_V.JPG,B3,uav-08,53HFN4G0M7X2GZ,Wide,XMP-drone-dji:RtkStdLat,0.07935,exiftool
@raw/03_第三批_20260908_1006_多火点/02_激光打点与定位验证/01_事后打点候选/无人机08_1581F7K3C256N00DCP1T/DJI_202609080958_004/DJI_20260908102052_0005_V.JPG,B3,uav-08,53HFN4G0M7X2GZ,Wide,XMP-drone-dji:RtkStdHgt,0.14251,exiftool
@raw/03_第三批_20260908_1006_多火点/02_激光打点与定位验证/01_事后打点候选/无人机08_1581F7K3C256N00DCP1T/DJI_202609080958_004/DJI_20260908102052_0005_V.JPG,B3,uav-08,53HFN4G0M7X2GZ,Wide,XMP-drone-dji:RtkDiffAge,0.0,exiftool
@raw/03_第三批_20260908_1006_多火点/02_激光打点与定位验证/01_事后打点候选/无人机08_1581F7K3C256N00DCP1T/DJI_202609080958_004/DJI_20260908102052_0005_V.JPG,B3,uav-08,53HFN4G0M7X2GZ,Wide,XMP-drone-dji:SurveyingMode,1,exiftool
@raw/03_第三批_20260908_1006_多火点/02_激光打点与定位验证/01_事后打点候选/无人机08_1581F7K3C256N00DCP1T/DJI_202609080958_004/DJI_20260908102052_0005_V.JPG,B3,uav-08,53HFN4G0M7X2GZ,Wide,XMP-drone-dji:UTCAtExposure,2026:09:08 02:21:13.097223,exiftool
@raw/03_第三批_20260908_1006_多火点/02_激光打点与定位验证/01_事后打点候选/无人机08_1581F7K3C256N00DCP1T/DJI_202609080958_004/DJI_20260908102052_0005_V.JPG,B3,uav-08,53HFN4G0M7X2GZ,Wide,XMP-drone-dji:ShutterType,Electronic,exiftool
@raw/03_第三批_20260908_1006_多火点/02_激光打点与定位验证/01_事后打点候选/无人机08_1581F7K3C256N00DCP1T/DJI_202609080958_004/DJI_20260908102052_0005_V.JPG,B3,uav-08,53HFN4G0M7X2GZ,Wide,XMP-drone-dji:CameraSerialNumber,53HFN4G0M7X2GZ,exiftool
@raw/03_第三批_20260908_1006_多火点/02_激光打点与定位验证/01_事后打点候选/无人机08_1581F7K3C256N00DCP1T/DJI_202609080958_004/DJI_20260908102052_0005_V.JPG,B3,uav-08,53HFN4G0M7X2GZ,Wide,XMP-drone-dji:DroneModel,M4T,exiftool
@raw/03_第三批_20260908_1006_多火点/02_激光打点与定位验证/01_事后打点候选/无人机08_1581F7K3C256N00DCP1T/DJI_202609080958_004/DJI_20260908102052_0005_V.JPG,B3,uav-08,53HFN4G0M7X2GZ,Wide,XMP-drone-dji:DroneSerialNumber,1581F7K3C256N00DCP1T,exiftool
@raw/03_第三批_20260908_1006_多火点/02_激光打点与定位验证/01_事后打点候选/无人机08_1581F7K3C256N00DCP1T/DJI_202609080958_004/DJI_20260908102052_0005_V.JPG,B3,uav-08,53HFN4G0M7X2GZ,Wide,XMP-drone-dji:LRFStatus,Normal,exiftool
@raw/03_第三批_20260908_1006_多火点/02_激光打点与定位验证/01_事后打点候选/无人机08_1581F7K3C256N00DCP1T/DJI_202609080958_004/DJI_20260908102052_0005_V.JPG,B3,uav-08,53HFN4G0M7X2GZ,Wide,XMP-drone-dji:LRFTargetDistance,23.985,exiftool
@raw/03_第三批_20260908_1006_多火点/02_激光打点与定位验证/01_事后打点候选/无人机08_1581F7K3C256N00DCP1T/DJI_202609080958_004/DJI_20260908102052_0005_V.JPG,B3,uav-08,53HFN4G0M7X2GZ,Wide,XMP-drone-dji:LRFTargetLon,120.4727511,exiftool
@raw/03_第三批_20260908_1006_多火点/02_激光打点与定位验证/01_事后打点候选/无人机08_1581F7K3C256N00DCP1T/DJI_202609080958_004/DJI_20260908102052_0005_V.JPG,B3,uav-08,53HFN4G0M7X2GZ,Wide,XMP-drone-dji:LRFTargetLat,31.2896892,exiftool
@raw/03_第三批_20260908_1006_多火点/02_激光打点与定位验证/01_事后打点候选/无人机08_1581F7K3C256N00DCP1T/DJI_202609080958_004/DJI_20260908102052_0005_V.JPG,B3,uav-08,53HFN4G0M7X2GZ,Wide,XMP-drone-dji:LRFTargetAlt,1.108,exiftool
@raw/03_第三批_20260908_1006_多火点/02_激光打点与定位验证/01_事后打点候选/无人机08_1581F7K3C256N00DCP1T/DJI_202609080958_004/DJI_20260908102052_0005_V.JPG,B3,uav-08,53HFN4G0M7X2GZ,Wide,XMP-drone-dji:LRFTargetAbsAlt,54.7,exiftool
@raw/03_第三批_20260908_1006_多火点/02_激光打点与定位验证/01_事后打点候选/无人机08_1581F7K3C256N00DCP1T/DJI_202609080958_004/DJI_20260908102052_0005_V.JPG,B3,uav-08,53HFN4G0M7X2GZ,Wide,XMP-drone-dji:WhiteBalanceCCT,4206,exiftool
@raw/03_第三批_20260908_1006_多火点/02_激光打点与定位验证/01_事后打点候选/无人机08_1581F7K3C256N00DCP1T/DJI_202609080958_004/DJI_20260908102052_0005_V.JPG,B3,uav-08,53HFN4G0M7X2GZ,Wide,XMP-drone-dji:SensorFPS,29.97,exiftool
@raw/03_第三批_20260908_1006_多火点/02_激光打点与定位验证/01_事后打点候选/无人机08_1581F7K3C256N00DCP1T/DJI_202609080958_004/DJI_20260908102052_0005_V.JPG,B3,uav-08,53HFN4G0M7X2GZ,Wide,XMP-drone-dji:LensPosition,35,exiftool
@raw/03_第三批_20260908_1006_多火点/02_激光打点与定位验证/01_事后打点候选/无人机08_1581F7K3C256N00DCP1T/DJI_202609080958_004/DJI_20260908102052_0005_V.JPG,B3,uav-08,53HFN4G0M7X2GZ,Wide,XMP-drone-dji:LensInfinitePosition,34,exiftool
@raw/03_第三批_20260908_1006_多火点/02_激光打点与定位验证/01_事后打点候选/无人机08_1581F7K3C256N00DCP1T/DJI_202609080958_004/DJI_20260908102052_0005_V.JPG,B3,uav-08,53HFN4G0M7X2GZ,Wide,XMP-drone-dji:LensTemperature,43.7,exiftool
@raw/03_第三批_20260908_1006_多火点/02_激光打点与定位验证/01_事后打点候选/无人机08_1581F7K3C256N00DCP1T/DJI_202609080958_004/DJI_20260908102052_0005_V.JPG,B3,uav-08,53HFN4G0M7X2GZ,Wide,XMP-Camera:FileType,single,exiftool
@raw/03_第三批_20260908_1006_多火点/02_激光打点与定位验证/01_事后打点候选/无人机08_1581F7K3C256N00DCP1T/DJI_202609080958_004/DJI_20260908102052_0005_V.JPG,B3,uav-08,53HFN4G0M7X2GZ,Wide,XMP-crs:Version,7.0,exiftool
@raw/03_第三批_20260908_1006_多火点/02_激光打点与定位验证/01_事后打点候选/无人机08_1581F7K3C256N00DCP1T/DJI_202609080958_004/DJI_20260908102052_0005_V.JPG,B3,uav-08,53HFN4G0M7X2GZ,Wide,XMP-crs:HasSettings,False,exiftool
@raw/03_第三批_20260908_1006_多火点/02_激光打点与定位验证/01_事后打点候选/无人机08_1581F7K3C256N00DCP1T/DJI_202609080958_004/DJI_20260908102052_0005_V.JPG,B3,uav-08,53HFN4G0M7X2GZ,Wide,XMP-crs:HasCrop,False,exiftool
@raw/03_第三批_20260908_1006_多火点/02_激光打点与定位验证/01_事后打点候选/无人机08_1581F7K3C256N00DCP1T/DJI_202609080958_004/DJI_20260908102052_0005_V.JPG,B3,uav-08,53HFN4G0M7X2GZ,Wide,XMP-crs:AlreadyApplied,False,exiftool
@raw/03_第三批_20260908_1006_多火点/02_激光打点与定位验证/01_事后打点候选/无人机08_1581F7K3C256N00DCP1T/DJI_202609080958_004/DJI_20260908102052_0005_V.JPG,B3,uav-08,53HFN4G0M7X2GZ,Wide,XML_ATTR:{http://www.w3.org/1999/02/22-rdf-syntax-ns#}about,DJI Meta Data,raw_xmp_xml
@raw/03_第三批_20260908_1006_多火点/02_激光打点与定位验证/01_事后打点候选/无人机08_1581F7K3C256N00DCP1T/DJI_202609080958_004/DJI_20260908102052_0005_V.JPG,B3,uav-08,53HFN4G0M7X2GZ,Wide,XML_ATTR:{http://ns.adobe.com/xap/1.0/}ModifyDate,2026-09-08T10:20:52+08:00,raw_xmp_xml
@raw/03_第三批_20260908_1006_多火点/02_激光打点与定位验证/01_事后打点候选/无人机08_1581F7K3C256N00DCP1T/DJI_202609080958_004/DJI_20260908102052_0005_V.JPG,B3,uav-08,53HFN4G0M7X2GZ,Wide,XML_ATTR:{http://ns.adobe.com/xap/1.0/}CreateDate,2026-09-08T10:20:52+08:00,raw_xmp_xml
@raw/03_第三批_20260908_1006_多火点/02_激光打点与定位验证/01_事后打点候选/无人机08_1581F7K3C256N00DCP1T/DJI_202609080958_004/DJI_20260908102052_0005_V.JPG,B3,uav-08,53HFN4G0M7X2GZ,Wide,XML_ATTR:{http://ns.adobe.com/tiff/1.0/}Make,DJI,raw_xmp_xml
@raw/03_第三批_20260908_1006_多火点/02_激光打点与定位验证/01_事后打点候选/无人机08_1581F7K3C256N00DCP1T/DJI_202609080958_004/DJI_20260908102052_0005_V.JPG,B3,uav-08,53HFN4G0M7X2GZ,Wide,XML_ATTR:{http://ns.adobe.com/tiff/1.0/}Model,M4T,raw_xmp_xml
@raw/03_第三批_20260908_1006_多火点/02_激光打点与定位验证/01_事后打点候选/无人机08_1581F7K3C256N00DCP1T/DJI_202609080958_004/DJI_20260908102052_0005_V.JPG,B3,uav-08,53HFN4G0M7X2GZ,Wide,XML_ATTR:{http://purl.org/dc/elements/1.1/}format,image/jpeg,raw_xmp_xml
@raw/03_第三批_20260908_1006_多火点/02_激光打点与定位验证/01_事后打点候选/无人机08_1581F7K3C256N00DCP1T/DJI_202609080958_004/DJI_20260908102052_0005_V.JPG,B3,uav-08,53HFN4G0M7X2GZ,Wide,XML_ATTR:{http://www.dji.com/drone-dji/1.0/}Version,1.6,raw_xmp_xml
@raw/03_第三批_20260908_1006_多火点/02_激光打点与定位验证/01_事后打点候选/无人机08_1581F7K3C256N00DCP1T/DJI_202609080958_004/DJI_20260908102052_0005_V.JPG,B3,uav-08,53HFN4G0M7X2GZ,Wide,XML_ATTR:{http://www.dji.com/drone-dji/1.0/}ImageSource,WideCamera,raw_xmp_xml
@raw/03_第三批_20260908_1006_多火点/02_激光打点与定位验证/01_事后打点候选/无人机08_1581F7K3C256N00DCP1T/DJI_202609080958_004/DJI_20260908102052_0005_V.JPG,B3,uav-08,53HFN4G0M7X2GZ,Wide,XML_ATTR:{http://www.dji.com/drone-dji/1.0/}GpsStatus,RTK,raw_xmp_xml
@raw/03_第三批_20260908_1006_多火点/02_激光打点与定位验证/01_事后打点候选/无人机08_1581F7K3C256N00DCP1T/DJI_202609080958_004/DJI_20260908102052_0005_V.JPG,B3,uav-08,53HFN4G0M7X2GZ,Wide,XML_ATTR:{http://www.dji.com/drone-dji/1.0/}AltitudeType,RtkAlt,raw_xmp_xml
@raw/03_第三批_20260908_1006_多火点/02_激光打点与定位验证/01_事后打点候选/无人机08_1581F7K3C256N00DCP1T/DJI_202609080958_004/DJI_20260908102052_0005_V.JPG,B3,uav-08,53HFN4G0M7X2GZ,Wide,XML_ATTR:{http://www.dji.com/drone-dji/1.0/}GpsLatitude,+31.289605121,raw_xmp_xml
@raw/03_第三批_20260908_1006_多火点/02_激光打点与定位验证/01_事后打点候选/无人机08_1581F7K3C256N00DCP1T/DJI_202609080958_004/DJI_20260908102052_0005_V.JPG,B3,uav-08,53HFN4G0M7X2GZ,Wide,XML_ATTR:{http://www.dji.com/drone-dji/1.0/}GpsLongitude,+120.472919697,raw_xmp_xml
@raw/03_第三批_20260908_1006_多火点/02_激光打点与定位验证/01_事后打点候选/无人机08_1581F7K3C256N00DCP1T/DJI_202609080958_004/DJI_20260908102052_0005_V.JPG,B3,uav-08,53HFN4G0M7X2GZ,Wide,XML_ATTR:{http://www.dji.com/drone-dji/1.0/}AbsoluteAltitude,+61.196,raw_xmp_xml
@raw/03_第三批_20260908_1006_多火点/02_激光打点与定位验证/01_事后打点候选/无人机08_1581F7K3C256N00DCP1T/DJI_202609080958_004/DJI_20260908102052_0005_V.JPG,B3,uav-08,53HFN4G0M7X2GZ,Wide,XML_ATTR:{http://www.dji.com/drone-dji/1.0/}RelativeAltitude,+16.030,raw_xmp_xml
@raw/03_第三批_20260908_1006_多火点/02_激光打点与定位验证/01_事后打点候选/无人机08_1581F7K3C256N00DCP1T/DJI_202609080958_004/DJI_20260908102052_0005_V.JPG,B3,uav-08,53HFN4G0M7X2GZ,Wide,XML_ATTR:{http://www.dji.com/drone-dji/1.0/}GimbalRollDegree,+0.00,raw_xmp_xml
@raw/03_第三批_20260908_1006_多火点/02_激光打点与定位验证/01_事后打点候选/无人机08_1581F7K3C256N00DCP1T/DJI_202609080958_004/DJI_20260908102052_0005_V.JPG,B3,uav-08,53HFN4G0M7X2GZ,Wide,XML_ATTR:{http://www.dji.com/drone-dji/1.0/}GimbalYawDegree,-60.10,raw_xmp_xml
@raw/03_第三批_20260908_1006_多火点/02_激光打点与定位验证/01_事后打点候选/无人机08_1581F7K3C256N00DCP1T/DJI_202609080958_004/DJI_20260908102052_0005_V.JPG,B3,uav-08,53HFN4G0M7X2GZ,Wide,XML_ATTR:{http://www.dji.com/drone-dji/1.0/}GimbalPitchDegree,-38.50,raw_xmp_xml
@raw/03_第三批_20260908_1006_多火点/02_激光打点与定位验证/01_事后打点候选/无人机08_1581F7K3C256N00DCP1T/DJI_202609080958_004/DJI_20260908102052_0005_V.JPG,B3,uav-08,53HFN4G0M7X2GZ,Wide,XML_ATTR:{http://www.dji.com/drone-dji/1.0/}FlightRollDegree,+3.40,raw_xmp_xml
@raw/03_第三批_20260908_1006_多火点/02_激光打点与定位验证/01_事后打点候选/无人机08_1581F7K3C256N00DCP1T/DJI_202609080958_004/DJI_20260908102052_0005_V.JPG,B3,uav-08,53HFN4G0M7X2GZ,Wide,XML_ATTR:{http://www.dji.com/drone-dji/1.0/}FlightYawDegree,-59.80,raw_xmp_xml
@raw/03_第三批_20260908_1006_多火点/02_激光打点与定位验证/01_事后打点候选/无人机08_1581F7K3C256N00DCP1T/DJI_202609080958_004/DJI_20260908102052_0005_V.JPG,B3,uav-08,53HFN4G0M7X2GZ,Wide,XML_ATTR:{http://www.dji.com/drone-dji/1.0/}FlightPitchDegree,+0.20,raw_xmp_xml
@raw/03_第三批_20260908_1006_多火点/02_激光打点与定位验证/01_事后打点候选/无人机08_1581F7K3C256N00DCP1T/DJI_202609080958_004/DJI_20260908102052_0005_V.JPG,B3,uav-08,53HFN4G0M7X2GZ,Wide,XML_ATTR:{http://www.dji.com/drone-dji/1.0/}FlightXSpeed,0.0,raw_xmp_xml
@raw/03_第三批_20260908_1006_多火点/02_激光打点与定位验证/01_事后打点候选/无人机08_1581F7K3C256N00DCP1T/DJI_202609080958_004/DJI_20260908102052_0005_V.JPG,B3,uav-08,53HFN4G0M7X2GZ,Wide,XML_ATTR:{http://www.dji.com/drone-dji/1.0/}FlightYSpeed,0.0,raw_xmp_xml
@raw/03_第三批_20260908_1006_多火点/02_激光打点与定位验证/01_事后打点候选/无人机08_1581F7K3C256N00DCP1T/DJI_202609080958_004/DJI_20260908102052_0005_V.JPG,B3,uav-08,53HFN4G0M7X2GZ,Wide,XML_ATTR:{http://www.dji.com/drone-dji/1.0/}FlightZSpeed,0.0,raw_xmp_xml
@raw/03_第三批_20260908_1006_多火点/02_激光打点与定位验证/01_事后打点候选/无人机08_1581F7K3C256N00DCP1T/DJI_202609080958_004/DJI_20260908102052_0005_V.JPG,B3,uav-08,53HFN4G0M7X2GZ,Wide,XML_ATTR:{http://www.dji.com/drone-dji/1.0/}CamReverse,0,raw_xmp_xml
@raw/03_第三批_20260908_1006_多火点/02_激光打点与定位验证/01_事后打点候选/无人机08_1581F7K3C256N00DCP1T/DJI_202609080958_004/DJI_20260908102052_0005_V.JPG,B3,uav-08,53HFN4G0M7X2GZ,Wide,XML_ATTR:{http://www.dji.com/drone-dji/1.0/}GimbalReverse,0,raw_xmp_xml
@raw/03_第三批_20260908_1006_多火点/02_激光打点与定位验证/01_事后打点候选/无人机08_1581F7K3C256N00DCP1T/DJI_202609080958_004/DJI_20260908102052_0005_V.JPG,B3,uav-08,53HFN4G0M7X2GZ,Wide,XML_ATTR:{http://www.dji.com/drone-dji/1.0/}SensorTemperature,43.0,raw_xmp_xml
@raw/03_第三批_20260908_1006_多火点/02_激光打点与定位验证/01_事后打点候选/无人机08_1581F7K3C256N00DCP1T/DJI_202609080958_004/DJI_20260908102052_0005_V.JPG,B3,uav-08,53HFN4G0M7X2GZ,Wide,XML_ATTR:{http://www.dji.com/drone-dji/1.0/}ProductName,DJI Matrice 4T,raw_xmp_xml
@raw/03_第三批_20260908_1006_多火点/02_激光打点与定位验证/01_事后打点候选/无人机08_1581F7K3C256N00DCP1T/DJI_202609080958_004/DJI_20260908102052_0005_V.JPG,B3,uav-08,53HFN4G0M7X2GZ,Wide,XML_ATTR:{http://www.dji.com/drone-dji/1.0/}SelfData,,raw_xmp_xml
@raw/03_第三批_20260908_1006_多火点/02_激光打点与定位验证/01_事后打点候选/无人机08_1581F7K3C256N00DCP1T/DJI_202609080958_004/DJI_20260908102052_0005_V.JPG,B3,uav-08,53HFN4G0M7X2GZ,Wide,XML_ATTR:{http://www.dji.com/drone-dji/1.0/}RtkFlag,16,raw_xmp_xml
@raw/03_第三批_20260908_1006_多火点/02_激光打点与定位验证/01_事后打点候选/无人机08_1581F7K3C256N00DCP1T/DJI_202609080958_004/DJI_20260908102052_0005_V.JPG,B3,uav-08,53HFN4G0M7X2GZ,Wide,XML_ATTR:{http://www.dji.com/drone-dji/1.0/}RtkStdLon,0.07455,raw_xmp_xml
@raw/03_第三批_20260908_1006_多火点/02_激光打点与定位验证/01_事后打点候选/无人机08_1581F7K3C256N00DCP1T/DJI_202609080958_004/DJI_20260908102052_0005_V.JPG,B3,uav-08,53HFN4G0M7X2GZ,Wide,XML_ATTR:{http://www.dji.com/drone-dji/1.0/}RtkStdLat,0.07935,raw_xmp_xml
@raw/03_第三批_20260908_1006_多火点/02_激光打点与定位验证/01_事后打点候选/无人机08_1581F7K3C256N00DCP1T/DJI_202609080958_004/DJI_20260908102052_0005_V.JPG,B3,uav-08,53HFN4G0M7X2GZ,Wide,XML_ATTR:{http://www.dji.com/drone-dji/1.0/}RtkStdHgt,0.14251,raw_xmp_xml
@raw/03_第三批_20260908_1006_多火点/02_激光打点与定位验证/01_事后打点候选/无人机08_1581F7K3C256N00DCP1T/DJI_202609080958_004/DJI_20260908102052_0005_V.JPG,B3,uav-08,53HFN4G0M7X2GZ,Wide,XML_ATTR:{http://www.dji.com/drone-dji/1.0/}RtkDiffAge,0.00000,raw_xmp_xml
@raw/03_第三批_20260908_1006_多火点/02_激光打点与定位验证/01_事后打点候选/无人机08_1581F7K3C256N00DCP1T/DJI_202609080958_004/DJI_20260908102052_0005_V.JPG,B3,uav-08,53HFN4G0M7X2GZ,Wide,XML_ATTR:{http://www.dji.com/drone-dji/1.0/}SurveyingMode,1,raw_xmp_xml
@raw/03_第三批_20260908_1006_多火点/02_激光打点与定位验证/01_事后打点候选/无人机08_1581F7K3C256N00DCP1T/DJI_202609080958_004/DJI_20260908102052_0005_V.JPG,B3,uav-08,53HFN4G0M7X2GZ,Wide,XML_ATTR:{http://www.dji.com/drone-dji/1.0/}UTCAtExposure,2026-09-08T02:21:13.097223,raw_xmp_xml
@raw/03_第三批_20260908_1006_多火点/02_激光打点与定位验证/01_事后打点候选/无人机08_1581F7K3C256N00DCP1T/DJI_202609080958_004/DJI_20260908102052_0005_V.JPG,B3,uav-08,53HFN4G0M7X2GZ,Wide,XML_ATTR:{http://www.dji.com/drone-dji/1.0/}ShutterType,Electronic,raw_xmp_xml
@raw/03_第三批_20260908_1006_多火点/02_激光打点与定位验证/01_事后打点候选/无人机08_1581F7K3C256N00DCP1T/DJI_202609080958_004/DJI_20260908102052_0005_V.JPG,B3,uav-08,53HFN4G0M7X2GZ,Wide,XML_ATTR:{http://www.dji.com/drone-dji/1.0/}CameraSerialNumber,53HFN4G0M7X2GZ,raw_xmp_xml
@raw/03_第三批_20260908_1006_多火点/02_激光打点与定位验证/01_事后打点候选/无人机08_1581F7K3C256N00DCP1T/DJI_202609080958_004/DJI_20260908102052_0005_V.JPG,B3,uav-08,53HFN4G0M7X2GZ,Wide,XML_ATTR:{http://www.dji.com/drone-dji/1.0/}DroneModel,M4T,raw_xmp_xml
@raw/03_第三批_20260908_1006_多火点/02_激光打点与定位验证/01_事后打点候选/无人机08_1581F7K3C256N00DCP1T/DJI_202609080958_004/DJI_20260908102052_0005_V.JPG,B3,uav-08,53HFN4G0M7X2GZ,Wide,XML_ATTR:{http://www.dji.com/drone-dji/1.0/}DroneSerialNumber,1581F7K3C256N00DCP1T,raw_xmp_xml
@raw/03_第三批_20260908_1006_多火点/02_激光打点与定位验证/01_事后打点候选/无人机08_1581F7K3C256N00DCP1T/DJI_202609080958_004/DJI_20260908102052_0005_V.JPG,B3,uav-08,53HFN4G0M7X2GZ,Wide,XML_ATTR:{http://www.dji.com/drone-dji/1.0/}LRFStatus,Normal,raw_xmp_xml
@raw/03_第三批_20260908_1006_多火点/02_激光打点与定位验证/01_事后打点候选/无人机08_1581F7K3C256N00DCP1T/DJI_202609080958_004/DJI_20260908102052_0005_V.JPG,B3,uav-08,53HFN4G0M7X2GZ,Wide,XML_ATTR:{http://www.dji.com/drone-dji/1.0/}LRFTargetDistance,23.985,raw_xmp_xml
@raw/03_第三批_20260908_1006_多火点/02_激光打点与定位验证/01_事后打点候选/无人机08_1581F7K3C256N00DCP1T/DJI_202609080958_004/DJI_20260908102052_0005_V.JPG,B3,uav-08,53HFN4G0M7X2GZ,Wide,XML_ATTR:{http://www.dji.com/drone-dji/1.0/}LRFTargetLon,120.4727511,raw_xmp_xml
@raw/03_第三批_20260908_1006_多火点/02_激光打点与定位验证/01_事后打点候选/无人机08_1581F7K3C256N00DCP1T/DJI_202609080958_004/DJI_20260908102052_0005_V.JPG,B3,uav-08,53HFN4G0M7X2GZ,Wide,XML_ATTR:{http://www.dji.com/drone-dji/1.0/}LRFTargetLat,31.2896892,raw_xmp_xml
@raw/03_第三批_20260908_1006_多火点/02_激光打点与定位验证/01_事后打点候选/无人机08_1581F7K3C256N00DCP1T/DJI_202609080958_004/DJI_20260908102052_0005_V.JPG,B3,uav-08,53HFN4G0M7X2GZ,Wide,XML_ATTR:{http://www.dji.com/drone-dji/1.0/}LRFTargetAlt,1.108,raw_xmp_xml
@raw/03_第三批_20260908_1006_多火点/02_激光打点与定位验证/01_事后打点候选/无人机08_1581F7K3C256N00DCP1T/DJI_202609080958_004/DJI_20260908102052_0005_V.JPG,B3,uav-08,53HFN4G0M7X2GZ,Wide,XML_ATTR:{http://www.dji.com/drone-dji/1.0/}LRFTargetAbsAlt,54.700,raw_xmp_xml
@raw/03_第三批_20260908_1006_多火点/02_激光打点与定位验证/01_事后打点候选/无人机08_1581F7K3C256N00DCP1T/DJI_202609080958_004/DJI_20260908102052_0005_V.JPG,B3,uav-08,53HFN4G0M7X2GZ,Wide,XML_ATTR:{http://www.dji.com/drone-dji/1.0/}WhiteBalanceCCT,4206,raw_xmp_xml
@raw/03_第三批_20260908_1006_多火点/02_激光打点与定位验证/01_事后打点候选/无人机08_1581F7K3C256N00DCP1T/DJI_202609080958_004/DJI_20260908102052_0005_V.JPG,B3,uav-08,53HFN4G0M7X2GZ,Wide,XML_ATTR:{http://www.dji.com/drone-dji/1.0/}SensorFPS,2997/100,raw_xmp_xml
@raw/03_第三批_20260908_1006_多火点/02_激光打点与定位验证/01_事后打点候选/无人机08_1581F7K3C256N00DCP1T/DJI_202609080958_004/DJI_20260908102052_0005_V.JPG,B3,uav-08,53HFN4G0M7X2GZ,Wide,XML_ATTR:{http://www.dji.com/drone-dji/1.0/}LensPosition,35,raw_xmp_xml
@raw/03_第三批_20260908_1006_多火点/02_激光打点与定位验证/01_事后打点候选/无人机08_1581F7K3C256N00DCP1T/DJI_202609080958_004/DJI_20260908102052_0005_V.JPG,B3,uav-08,53HFN4G0M7X2GZ,Wide,XML_ATTR:{http://www.dji.com/drone-dji/1.0/}LensInfinitePosition,34,raw_xmp_xml
@raw/03_第三批_20260908_1006_多火点/02_激光打点与定位验证/01_事后打点候选/无人机08_1581F7K3C256N00DCP1T/DJI_202609080958_004/DJI_20260908102052_0005_V.JPG,B3,uav-08,53HFN4G0M7X2GZ,Wide,XML_ATTR:{http://www.dji.com/drone-dji/1.0/}LensTemperature,43.700000,raw_xmp_xml
@raw/03_第三批_20260908_1006_多火点/02_激光打点与定位验证/01_事后打点候选/无人机08_1581F7K3C256N00DCP1T/DJI_202609080958_004/DJI_20260908102052_0005_V.JPG,B3,uav-08,53HFN4G0M7X2GZ,Wide,XML_ATTR:{http://pix4d.com/camera/1.0}FileType,single,raw_xmp_xml
@raw/03_第三批_20260908_1006_多火点/02_激光打点与定位验证/01_事后打点候选/无人机08_1581F7K3C256N00DCP1T/DJI_202609080958_004/DJI_20260908102052_0005_V.JPG,B3,uav-08,53HFN4G0M7X2GZ,Wide,XML_ATTR:{http://ns.adobe.com/camera-raw-settings/1.0/}Version,7.0,raw_xmp_xml
@raw/03_第三批_20260908_1006_多火点/02_激光打点与定位验证/01_事后打点候选/无人机08_1581F7K3C256N00DCP1T/DJI_202609080958_004/DJI_20260908102052_0005_V.JPG,B3,uav-08,53HFN4G0M7X2GZ,Wide,XML_ATTR:{http://ns.adobe.com/camera-raw-settings/1.0/}HasSettings,False,raw_xmp_xml
@raw/03_第三批_20260908_1006_多火点/02_激光打点与定位验证/01_事后打点候选/无人机08_1581F7K3C256N00DCP1T/DJI_202609080958_004/DJI_20260908102052_0005_V.JPG,B3,uav-08,53HFN4G0M7X2GZ,Wide,XML_ATTR:{http://ns.adobe.com/camera-raw-settings/1.0/}HasCrop,False,raw_xmp_xml
@raw/03_第三批_20260908_1006_多火点/02_激光打点与定位验证/01_事后打点候选/无人机08_1581F7K3C256N00DCP1T/DJI_202609080958_004/DJI_20260908102052_0005_V.JPG,B3,uav-08,53HFN4G0M7X2GZ,Wide,XML_ATTR:{http://ns.adobe.com/camera-raw-settings/1.0/}AlreadyApplied,False,raw_xmp_xml
@raw/03_第三批_20260908_1006_多火点/02_激光打点与定位验证/01_事后打点候选/无人机09_1581F7K3C24CS00AX535/DJI_202609080957_004/DJI_20260908102220_0002_V.JPG,B3,uav-09,5ZAFNBR13A06WM,ZoomCamera,XMP-rdf:About,DJI Meta Data,exiftool
@raw/03_第三批_20260908_1006_多火点/02_激光打点与定位验证/01_事后打点候选/无人机09_1581F7K3C24CS00AX535/DJI_202609080957_004/DJI_20260908102220_0002_V.JPG,B3,uav-09,5ZAFNBR13A06WM,ZoomCamera,XMP-xmp:ModifyDate,2026:09:08 10:22:20+08:00,exiftool
@raw/03_第三批_20260908_1006_多火点/02_激光打点与定位验证/01_事后打点候选/无人机09_1581F7K3C24CS00AX535/DJI_202609080957_004/DJI_20260908102220_0002_V.JPG,B3,uav-09,5ZAFNBR13A06WM,ZoomCamera,XMP-xmp:CreateDate,2026:09:08 10:22:20+08:00,exiftool
@raw/03_第三批_20260908_1006_多火点/02_激光打点与定位验证/01_事后打点候选/无人机09_1581F7K3C24CS00AX535/DJI_202609080957_004/DJI_20260908102220_0002_V.JPG,B3,uav-09,5ZAFNBR13A06WM,ZoomCamera,XMP-tiff:Make,DJI,exiftool
@raw/03_第三批_20260908_1006_多火点/02_激光打点与定位验证/01_事后打点候选/无人机09_1581F7K3C24CS00AX535/DJI_202609080957_004/DJI_20260908102220_0002_V.JPG,B3,uav-09,5ZAFNBR13A06WM,ZoomCamera,XMP-tiff:Model,M4T,exiftool
@raw/03_第三批_20260908_1006_多火点/02_激光打点与定位验证/01_事后打点候选/无人机09_1581F7K3C24CS00AX535/DJI_202609080957_004/DJI_20260908102220_0002_V.JPG,B3,uav-09,5ZAFNBR13A06WM,ZoomCamera,XMP-dc:Format,image/jpeg,exiftool
@raw/03_第三批_20260908_1006_多火点/02_激光打点与定位验证/01_事后打点候选/无人机09_1581F7K3C24CS00AX535/DJI_202609080957_004/DJI_20260908102220_0002_V.JPG,B3,uav-09,5ZAFNBR13A06WM,ZoomCamera,XMP-drone-dji:Version,1.6,exiftool
@raw/03_第三批_20260908_1006_多火点/02_激光打点与定位验证/01_事后打点候选/无人机09_1581F7K3C24CS00AX535/DJI_202609080957_004/DJI_20260908102220_0002_V.JPG,B3,uav-09,5ZAFNBR13A06WM,ZoomCamera,XMP-drone-dji:ImageSource,ZoomCamera,exiftool
@raw/03_第三批_20260908_1006_多火点/02_激光打点与定位验证/01_事后打点候选/无人机09_1581F7K3C24CS00AX535/DJI_202609080957_004/DJI_20260908102220_0002_V.JPG,B3,uav-09,5ZAFNBR13A06WM,ZoomCamera,XMP-drone-dji:GpsStatus,Normal,exiftool
@raw/03_第三批_20260908_1006_多火点/02_激光打点与定位验证/01_事后打点候选/无人机09_1581F7K3C24CS00AX535/DJI_202609080957_004/DJI_20260908102220_0002_V.JPG,B3,uav-09,5ZAFNBR13A06WM,ZoomCamera,XMP-drone-dji:AltitudeType,GpsFusionAlt,exiftool
@raw/03_第三批_20260908_1006_多火点/02_激光打点与定位验证/01_事后打点候选/无人机09_1581F7K3C24CS00AX535/DJI_202609080957_004/DJI_20260908102220_0002_V.JPG,B3,uav-09,5ZAFNBR13A06WM,ZoomCamera,XMP-drone-dji:GPSLatitude,+31.289683316,exiftool
@raw/03_第三批_20260908_1006_多火点/02_激光打点与定位验证/01_事后打点候选/无人机09_1581F7K3C24CS00AX535/DJI_202609080957_004/DJI_20260908102220_0002_V.JPG,B3,uav-09,5ZAFNBR13A06WM,ZoomCamera,XMP-drone-dji:GPSLongitude,+120.472726157,exiftool
@raw/03_第三批_20260908_1006_多火点/02_激光打点与定位验证/01_事后打点候选/无人机09_1581F7K3C24CS00AX535/DJI_202609080957_004/DJI_20260908102220_0002_V.JPG,B3,uav-09,5ZAFNBR13A06WM,ZoomCamera,XMP-drone-dji:AbsoluteAltitude,+62.602,exiftool
@raw/03_第三批_20260908_1006_多火点/02_激光打点与定位验证/01_事后打点候选/无人机09_1581F7K3C24CS00AX535/DJI_202609080957_004/DJI_20260908102220_0002_V.JPG,B3,uav-09,5ZAFNBR13A06WM,ZoomCamera,XMP-drone-dji:RelativeAltitude,+9.158,exiftool
@raw/03_第三批_20260908_1006_多火点/02_激光打点与定位验证/01_事后打点候选/无人机09_1581F7K3C24CS00AX535/DJI_202609080957_004/DJI_20260908102220_0002_V.JPG,B3,uav-09,5ZAFNBR13A06WM,ZoomCamera,XMP-drone-dji:GimbalRollDegree,+0.00,exiftool
@raw/03_第三批_20260908_1006_多火点/02_激光打点与定位验证/01_事后打点候选/无人机09_1581F7K3C24CS00AX535/DJI_202609080957_004/DJI_20260908102220_0002_V.JPG,B3,uav-09,5ZAFNBR13A06WM,ZoomCamera,XMP-drone-dji:GimbalYawDegree,+73.30,exiftool
@raw/03_第三批_20260908_1006_多火点/02_激光打点与定位验证/01_事后打点候选/无人机09_1581F7K3C24CS00AX535/DJI_202609080957_004/DJI_20260908102220_0002_V.JPG,B3,uav-09,5ZAFNBR13A06WM,ZoomCamera,XMP-drone-dji:GimbalPitchDegree,-32.3,exiftool
@raw/03_第三批_20260908_1006_多火点/02_激光打点与定位验证/01_事后打点候选/无人机09_1581F7K3C24CS00AX535/DJI_202609080957_004/DJI_20260908102220_0002_V.JPG,B3,uav-09,5ZAFNBR13A06WM,ZoomCamera,XMP-drone-dji:FlightRollDegree,-1.7,exiftool
@raw/03_第三批_20260908_1006_多火点/02_激光打点与定位验证/01_事后打点候选/无人机09_1581F7K3C24CS00AX535/DJI_202609080957_004/DJI_20260908102220_0002_V.JPG,B3,uav-09,5ZAFNBR13A06WM,ZoomCamera,XMP-drone-dji:FlightYawDegree,+73.40,exiftool
@raw/03_第三批_20260908_1006_多火点/02_激光打点与定位验证/01_事后打点候选/无人机09_1581F7K3C24CS00AX535/DJI_202609080957_004/DJI_20260908102220_0002_V.JPG,B3,uav-09,5ZAFNBR13A06WM,ZoomCamera,XMP-drone-dji:FlightPitchDegree,-0.4,exiftool
@raw/03_第三批_20260908_1006_多火点/02_激光打点与定位验证/01_事后打点候选/无人机09_1581F7K3C24CS00AX535/DJI_202609080957_004/DJI_20260908102220_0002_V.JPG,B3,uav-09,5ZAFNBR13A06WM,ZoomCamera,XMP-drone-dji:FlightXSpeed,0.1,exiftool
@raw/03_第三批_20260908_1006_多火点/02_激光打点与定位验证/01_事后打点候选/无人机09_1581F7K3C24CS00AX535/DJI_202609080957_004/DJI_20260908102220_0002_V.JPG,B3,uav-09,5ZAFNBR13A06WM,ZoomCamera,XMP-drone-dji:FlightYSpeed,0.0,exiftool
@raw/03_第三批_20260908_1006_多火点/02_激光打点与定位验证/01_事后打点候选/无人机09_1581F7K3C24CS00AX535/DJI_202609080957_004/DJI_20260908102220_0002_V.JPG,B3,uav-09,5ZAFNBR13A06WM,ZoomCamera,XMP-drone-dji:FlightZSpeed,0.0,exiftool
@raw/03_第三批_20260908_1006_多火点/02_激光打点与定位验证/01_事后打点候选/无人机09_1581F7K3C24CS00AX535/DJI_202609080957_004/DJI_20260908102220_0002_V.JPG,B3,uav-09,5ZAFNBR13A06WM,ZoomCamera,XMP-drone-dji:CamReverse,0,exiftool
@raw/03_第三批_20260908_1006_多火点/02_激光打点与定位验证/01_事后打点候选/无人机09_1581F7K3C24CS00AX535/DJI_202609080957_004/DJI_20260908102220_0002_V.JPG,B3,uav-09,5ZAFNBR13A06WM,ZoomCamera,XMP-drone-dji:GimbalReverse,0,exiftool
@raw/03_第三批_20260908_1006_多火点/02_激光打点与定位验证/01_事后打点候选/无人机09_1581F7K3C24CS00AX535/DJI_202609080957_004/DJI_20260908102220_0002_V.JPG,B3,uav-09,5ZAFNBR13A06WM,ZoomCamera,XMP-drone-dji:SensorTemperature,34.0,exiftool
@raw/03_第三批_20260908_1006_多火点/02_激光打点与定位验证/01_事后打点候选/无人机09_1581F7K3C24CS00AX535/DJI_202609080957_004/DJI_20260908102220_0002_V.JPG,B3,uav-09,5ZAFNBR13A06WM,ZoomCamera,XMP-drone-dji:ProductName,DJI Matrice 4T,exiftool
@raw/03_第三批_20260908_1006_多火点/02_激光打点与定位验证/01_事后打点候选/无人机09_1581F7K3C24CS00AX535/DJI_202609080957_004/DJI_20260908102220_0002_V.JPG,B3,uav-09,5ZAFNBR13A06WM,ZoomCamera,XMP-drone-dji:SelfData,,exiftool
@raw/03_第三批_20260908_1006_多火点/02_激光打点与定位验证/01_事后打点候选/无人机09_1581F7K3C24CS00AX535/DJI_202609080957_004/DJI_20260908102220_0002_V.JPG,B3,uav-09,5ZAFNBR13A06WM,ZoomCamera,XMP-drone-dji:SurveyingMode,0,exiftool
@raw/03_第三批_20260908_1006_多火点/02_激光打点与定位验证/01_事后打点候选/无人机09_1581F7K3C24CS00AX535/DJI_202609080957_004/DJI_20260908102220_0002_V.JPG,B3,uav-09,5ZAFNBR13A06WM,ZoomCamera,XMP-drone-dji:ShutterType,Electronic,exiftool
@raw/03_第三批_20260908_1006_多火点/02_激光打点与定位验证/01_事后打点候选/无人机09_1581F7K3C24CS00AX535/DJI_202609080957_004/DJI_20260908102220_0002_V.JPG,B3,uav-09,5ZAFNBR13A06WM,ZoomCamera,XMP-drone-dji:CameraSerialNumber,5ZAFNBR13A06WM,exiftool
@raw/03_第三批_20260908_1006_多火点/02_激光打点与定位验证/01_事后打点候选/无人机09_1581F7K3C24CS00AX535/DJI_202609080957_004/DJI_20260908102220_0002_V.JPG,B3,uav-09,5ZAFNBR13A06WM,ZoomCamera,XMP-drone-dji:DroneModel,M4T,exiftool
@raw/03_第三批_20260908_1006_多火点/02_激光打点与定位验证/01_事后打点候选/无人机09_1581F7K3C24CS00AX535/DJI_202609080957_004/DJI_20260908102220_0002_V.JPG,B3,uav-09,5ZAFNBR13A06WM,ZoomCamera,XMP-drone-dji:DroneSerialNumber,1581F7K3C24CS00AX535,exiftool
@raw/03_第三批_20260908_1006_多火点/02_激光打点与定位验证/01_事后打点候选/无人机09_1581F7K3C24CS00AX535/DJI_202609080957_004/DJI_20260908102220_0002_V.JPG,B3,uav-09,5ZAFNBR13A06WM,ZoomCamera,XMP-drone-dji:LRFStatus,Normal,exiftool
@raw/03_第三批_20260908_1006_多火点/02_激光打点与定位验证/01_事后打点候选/无人机09_1581F7K3C24CS00AX535/DJI_202609080957_004/DJI_20260908102220_0002_V.JPG,B3,uav-09,5ZAFNBR13A06WM,ZoomCamera,XMP-drone-dji:LRFTargetDistance,10.851,exiftool
@raw/03_第三批_20260908_1006_多火点/02_激光打点与定位验证/01_事后打点候选/无人机09_1581F7K3C24CS00AX535/DJI_202609080957_004/DJI_20260908102220_0002_V.JPG,B3,uav-09,5ZAFNBR13A06WM,ZoomCamera,XMP-drone-dji:LRFTargetLon,120.4728185,exiftool
@raw/03_第三批_20260908_1006_多火点/02_激光打点与定位验证/01_事后打点候选/无人机09_1581F7K3C24CS00AX535/DJI_202609080957_004/DJI_20260908102220_0002_V.JPG,B3,uav-09,5ZAFNBR13A06WM,ZoomCamera,XMP-drone-dji:LRFTargetLat,31.2897069,exiftool
@raw/03_第三批_20260908_1006_多火点/02_激光打点与定位验证/01_事后打点候选/无人机09_1581F7K3C24CS00AX535/DJI_202609080957_004/DJI_20260908102220_0002_V.JPG,B3,uav-09,5ZAFNBR13A06WM,ZoomCamera,XMP-drone-dji:LRFTargetAlt,3.357,exiftool
@raw/03_第三批_20260908_1006_多火点/02_激光打点与定位验证/01_事后打点候选/无人机09_1581F7K3C24CS00AX535/DJI_202609080957_004/DJI_20260908102220_0002_V.JPG,B3,uav-09,5ZAFNBR13A06WM,ZoomCamera,XMP-drone-dji:LRFTargetAbsAlt,56.8,exiftool
@raw/03_第三批_20260908_1006_多火点/02_激光打点与定位验证/01_事后打点候选/无人机09_1581F7K3C24CS00AX535/DJI_202609080957_004/DJI_20260908102220_0002_V.JPG,B3,uav-09,5ZAFNBR13A06WM,ZoomCamera,XMP-drone-dji:WhiteBalanceCCT,4844,exiftool
@raw/03_第三批_20260908_1006_多火点/02_激光打点与定位验证/01_事后打点候选/无人机09_1581F7K3C24CS00AX535/DJI_202609080957_004/DJI_20260908102220_0002_V.JPG,B3,uav-09,5ZAFNBR13A06WM,ZoomCamera,XMP-drone-dji:SensorFPS,29.97,exiftool
@raw/03_第三批_20260908_1006_多火点/02_激光打点与定位验证/01_事后打点候选/无人机09_1581F7K3C24CS00AX535/DJI_202609080957_004/DJI_20260908102220_0002_V.JPG,B3,uav-09,5ZAFNBR13A06WM,ZoomCamera,XMP-drone-dji:LensPosition,115,exiftool
@raw/03_第三批_20260908_1006_多火点/02_激光打点与定位验证/01_事后打点候选/无人机09_1581F7K3C24CS00AX535/DJI_202609080957_004/DJI_20260908102220_0002_V.JPG,B3,uav-09,5ZAFNBR13A06WM,ZoomCamera,XMP-drone-dji:LensInfinitePosition,104,exiftool
@raw/03_第三批_20260908_1006_多火点/02_激光打点与定位验证/01_事后打点候选/无人机09_1581F7K3C24CS00AX535/DJI_202609080957_004/DJI_20260908102220_0002_V.JPG,B3,uav-09,5ZAFNBR13A06WM,ZoomCamera,XMP-drone-dji:LensTemperature,33.9,exiftool
@raw/03_第三批_20260908_1006_多火点/02_激光打点与定位验证/01_事后打点候选/无人机09_1581F7K3C24CS00AX535/DJI_202609080957_004/DJI_20260908102220_0002_V.JPG,B3,uav-09,5ZAFNBR13A06WM,ZoomCamera,XMP-Camera:FileType,single,exiftool
@raw/03_第三批_20260908_1006_多火点/02_激光打点与定位验证/01_事后打点候选/无人机09_1581F7K3C24CS00AX535/DJI_202609080957_004/DJI_20260908102220_0002_V.JPG,B3,uav-09,5ZAFNBR13A06WM,ZoomCamera,XMP-crs:Version,7.0,exiftool
@raw/03_第三批_20260908_1006_多火点/02_激光打点与定位验证/01_事后打点候选/无人机09_1581F7K3C24CS00AX535/DJI_202609080957_004/DJI_20260908102220_0002_V.JPG,B3,uav-09,5ZAFNBR13A06WM,ZoomCamera,XMP-crs:HasSettings,False,exiftool
@raw/03_第三批_20260908_1006_多火点/02_激光打点与定位验证/01_事后打点候选/无人机09_1581F7K3C24CS00AX535/DJI_202609080957_004/DJI_20260908102220_0002_V.JPG,B3,uav-09,5ZAFNBR13A06WM,ZoomCamera,XMP-crs:HasCrop,False,exiftool
@raw/03_第三批_20260908_1006_多火点/02_激光打点与定位验证/01_事后打点候选/无人机09_1581F7K3C24CS00AX535/DJI_202609080957_004/DJI_20260908102220_0002_V.JPG,B3,uav-09,5ZAFNBR13A06WM,ZoomCamera,XMP-crs:AlreadyApplied,False,exiftool
@raw/03_第三批_20260908_1006_多火点/02_激光打点与定位验证/01_事后打点候选/无人机09_1581F7K3C24CS00AX535/DJI_202609080957_004/DJI_20260908102220_0002_V.JPG,B3,uav-09,5ZAFNBR13A06WM,ZoomCamera,XML_ATTR:{http://www.w3.org/1999/02/22-rdf-syntax-ns#}about,DJI Meta Data,raw_xmp_xml
@raw/03_第三批_20260908_1006_多火点/02_激光打点与定位验证/01_事后打点候选/无人机09_1581F7K3C24CS00AX535/DJI_202609080957_004/DJI_20260908102220_0002_V.JPG,B3,uav-09,5ZAFNBR13A06WM,ZoomCamera,XML_ATTR:{http://ns.adobe.com/xap/1.0/}ModifyDate,2026-09-08T10:22:20+08:00,raw_xmp_xml
@raw/03_第三批_20260908_1006_多火点/02_激光打点与定位验证/01_事后打点候选/无人机09_1581F7K3C24CS00AX535/DJI_202609080957_004/DJI_20260908102220_0002_V.JPG,B3,uav-09,5ZAFNBR13A06WM,ZoomCamera,XML_ATTR:{http://ns.adobe.com/xap/1.0/}CreateDate,2026-09-08T10:22:20+08:00,raw_xmp_xml
@raw/03_第三批_20260908_1006_多火点/02_激光打点与定位验证/01_事后打点候选/无人机09_1581F7K3C24CS00AX535/DJI_202609080957_004/DJI_20260908102220_0002_V.JPG,B3,uav-09,5ZAFNBR13A06WM,ZoomCamera,XML_ATTR:{http://ns.adobe.com/tiff/1.0/}Make,DJI,raw_xmp_xml
@raw/03_第三批_20260908_1006_多火点/02_激光打点与定位验证/01_事后打点候选/无人机09_1581F7K3C24CS00AX535/DJI_202609080957_004/DJI_20260908102220_0002_V.JPG,B3,uav-09,5ZAFNBR13A06WM,ZoomCamera,XML_ATTR:{http://ns.adobe.com/tiff/1.0/}Model,M4T,raw_xmp_xml
@raw/03_第三批_20260908_1006_多火点/02_激光打点与定位验证/01_事后打点候选/无人机09_1581F7K3C24CS00AX535/DJI_202609080957_004/DJI_20260908102220_0002_V.JPG,B3,uav-09,5ZAFNBR13A06WM,ZoomCamera,XML_ATTR:{http://purl.org/dc/elements/1.1/}format,image/jpeg,raw_xmp_xml
@raw/03_第三批_20260908_1006_多火点/02_激光打点与定位验证/01_事后打点候选/无人机09_1581F7K3C24CS00AX535/DJI_202609080957_004/DJI_20260908102220_0002_V.JPG,B3,uav-09,5ZAFNBR13A06WM,ZoomCamera,XML_ATTR:{http://www.dji.com/drone-dji/1.0/}Version,1.6,raw_xmp_xml
@raw/03_第三批_20260908_1006_多火点/02_激光打点与定位验证/01_事后打点候选/无人机09_1581F7K3C24CS00AX535/DJI_202609080957_004/DJI_20260908102220_0002_V.JPG,B3,uav-09,5ZAFNBR13A06WM,ZoomCamera,XML_ATTR:{http://www.dji.com/drone-dji/1.0/}ImageSource,ZoomCamera,raw_xmp_xml
@raw/03_第三批_20260908_1006_多火点/02_激光打点与定位验证/01_事后打点候选/无人机09_1581F7K3C24CS00AX535/DJI_202609080957_004/DJI_20260908102220_0002_V.JPG,B3,uav-09,5ZAFNBR13A06WM,ZoomCamera,XML_ATTR:{http://www.dji.com/drone-dji/1.0/}GpsStatus,Normal,raw_xmp_xml
@raw/03_第三批_20260908_1006_多火点/02_激光打点与定位验证/01_事后打点候选/无人机09_1581F7K3C24CS00AX535/DJI_202609080957_004/DJI_20260908102220_0002_V.JPG,B3,uav-09,5ZAFNBR13A06WM,ZoomCamera,XML_ATTR:{http://www.dji.com/drone-dji/1.0/}AltitudeType,GpsFusionAlt,raw_xmp_xml
@raw/03_第三批_20260908_1006_多火点/02_激光打点与定位验证/01_事后打点候选/无人机09_1581F7K3C24CS00AX535/DJI_202609080957_004/DJI_20260908102220_0002_V.JPG,B3,uav-09,5ZAFNBR13A06WM,ZoomCamera,XML_ATTR:{http://www.dji.com/drone-dji/1.0/}GpsLatitude,+31.289683316,raw_xmp_xml
@raw/03_第三批_20260908_1006_多火点/02_激光打点与定位验证/01_事后打点候选/无人机09_1581F7K3C24CS00AX535/DJI_202609080957_004/DJI_20260908102220_0002_V.JPG,B3,uav-09,5ZAFNBR13A06WM,ZoomCamera,XML_ATTR:{http://www.dji.com/drone-dji/1.0/}GpsLongitude,+120.472726157,raw_xmp_xml
@raw/03_第三批_20260908_1006_多火点/02_激光打点与定位验证/01_事后打点候选/无人机09_1581F7K3C24CS00AX535/DJI_202609080957_004/DJI_20260908102220_0002_V.JPG,B3,uav-09,5ZAFNBR13A06WM,ZoomCamera,XML_ATTR:{http://www.dji.com/drone-dji/1.0/}AbsoluteAltitude,+62.602,raw_xmp_xml
@raw/03_第三批_20260908_1006_多火点/02_激光打点与定位验证/01_事后打点候选/无人机09_1581F7K3C24CS00AX535/DJI_202609080957_004/DJI_20260908102220_0002_V.JPG,B3,uav-09,5ZAFNBR13A06WM,ZoomCamera,XML_ATTR:{http://www.dji.com/drone-dji/1.0/}RelativeAltitude,+9.158,raw_xmp_xml
@raw/03_第三批_20260908_1006_多火点/02_激光打点与定位验证/01_事后打点候选/无人机09_1581F7K3C24CS00AX535/DJI_202609080957_004/DJI_20260908102220_0002_V.JPG,B3,uav-09,5ZAFNBR13A06WM,ZoomCamera,XML_ATTR:{http://www.dji.com/drone-dji/1.0/}GimbalRollDegree,+0.00,raw_xmp_xml
@raw/03_第三批_20260908_1006_多火点/02_激光打点与定位验证/01_事后打点候选/无人机09_1581F7K3C24CS00AX535/DJI_202609080957_004/DJI_20260908102220_0002_V.JPG,B3,uav-09,5ZAFNBR13A06WM,ZoomCamera,XML_ATTR:{http://www.dji.com/drone-dji/1.0/}GimbalYawDegree,+73.30,raw_xmp_xml
@raw/03_第三批_20260908_1006_多火点/02_激光打点与定位验证/01_事后打点候选/无人机09_1581F7K3C24CS00AX535/DJI_202609080957_004/DJI_20260908102220_0002_V.JPG,B3,uav-09,5ZAFNBR13A06WM,ZoomCamera,XML_ATTR:{http://www.dji.com/drone-dji/1.0/}GimbalPitchDegree,-32.30,raw_xmp_xml
@raw/03_第三批_20260908_1006_多火点/02_激光打点与定位验证/01_事后打点候选/无人机09_1581F7K3C24CS00AX535/DJI_202609080957_004/DJI_20260908102220_0002_V.JPG,B3,uav-09,5ZAFNBR13A06WM,ZoomCamera,XML_ATTR:{http://www.dji.com/drone-dji/1.0/}FlightRollDegree,-1.70,raw_xmp_xml
@raw/03_第三批_20260908_1006_多火点/02_激光打点与定位验证/01_事后打点候选/无人机09_1581F7K3C24CS00AX535/DJI_202609080957_004/DJI_20260908102220_0002_V.JPG,B3,uav-09,5ZAFNBR13A06WM,ZoomCamera,XML_ATTR:{http://www.dji.com/drone-dji/1.0/}FlightYawDegree,+73.40,raw_xmp_xml
@raw/03_第三批_20260908_1006_多火点/02_激光打点与定位验证/01_事后打点候选/无人机09_1581F7K3C24CS00AX535/DJI_202609080957_004/DJI_20260908102220_0002_V.JPG,B3,uav-09,5ZAFNBR13A06WM,ZoomCamera,XML_ATTR:{http://www.dji.com/drone-dji/1.0/}FlightPitchDegree,-0.40,raw_xmp_xml
@raw/03_第三批_20260908_1006_多火点/02_激光打点与定位验证/01_事后打点候选/无人机09_1581F7K3C24CS00AX535/DJI_202609080957_004/DJI_20260908102220_0002_V.JPG,B3,uav-09,5ZAFNBR13A06WM,ZoomCamera,XML_ATTR:{http://www.dji.com/drone-dji/1.0/}FlightXSpeed,0.1,raw_xmp_xml
@raw/03_第三批_20260908_1006_多火点/02_激光打点与定位验证/01_事后打点候选/无人机09_1581F7K3C24CS00AX535/DJI_202609080957_004/DJI_20260908102220_0002_V.JPG,B3,uav-09,5ZAFNBR13A06WM,ZoomCamera,XML_ATTR:{http://www.dji.com/drone-dji/1.0/}FlightYSpeed,0.0,raw_xmp_xml
@raw/03_第三批_20260908_1006_多火点/02_激光打点与定位验证/01_事后打点候选/无人机09_1581F7K3C24CS00AX535/DJI_202609080957_004/DJI_20260908102220_0002_V.JPG,B3,uav-09,5ZAFNBR13A06WM,ZoomCamera,XML_ATTR:{http://www.dji.com/drone-dji/1.0/}FlightZSpeed,0.0,raw_xmp_xml
@raw/03_第三批_20260908_1006_多火点/02_激光打点与定位验证/01_事后打点候选/无人机09_1581F7K3C24CS00AX535/DJI_202609080957_004/DJI_20260908102220_0002_V.JPG,B3,uav-09,5ZAFNBR13A06WM,ZoomCamera,XML_ATTR:{http://www.dji.com/drone-dji/1.0/}CamReverse,0,raw_xmp_xml
@raw/03_第三批_20260908_1006_多火点/02_激光打点与定位验证/01_事后打点候选/无人机09_1581F7K3C24CS00AX535/DJI_202609080957_004/DJI_20260908102220_0002_V.JPG,B3,uav-09,5ZAFNBR13A06WM,ZoomCamera,XML_ATTR:{http://www.dji.com/drone-dji/1.0/}GimbalReverse,0,raw_xmp_xml
@raw/03_第三批_20260908_1006_多火点/02_激光打点与定位验证/01_事后打点候选/无人机09_1581F7K3C24CS00AX535/DJI_202609080957_004/DJI_20260908102220_0002_V.JPG,B3,uav-09,5ZAFNBR13A06WM,ZoomCamera,XML_ATTR:{http://www.dji.com/drone-dji/1.0/}SensorTemperature,34.0,raw_xmp_xml
@raw/03_第三批_20260908_1006_多火点/02_激光打点与定位验证/01_事后打点候选/无人机09_1581F7K3C24CS00AX535/DJI_202609080957_004/DJI_20260908102220_0002_V.JPG,B3,uav-09,5ZAFNBR13A06WM,ZoomCamera,XML_ATTR:{http://www.dji.com/drone-dji/1.0/}ProductName,DJI Matrice 4T,raw_xmp_xml
@raw/03_第三批_20260908_1006_多火点/02_激光打点与定位验证/01_事后打点候选/无人机09_1581F7K3C24CS00AX535/DJI_202609080957_004/DJI_20260908102220_0002_V.JPG,B3,uav-09,5ZAFNBR13A06WM,ZoomCamera,XML_ATTR:{http://www.dji.com/drone-dji/1.0/}SelfData,,raw_xmp_xml
@raw/03_第三批_20260908_1006_多火点/02_激光打点与定位验证/01_事后打点候选/无人机09_1581F7K3C24CS00AX535/DJI_202609080957_004/DJI_20260908102220_0002_V.JPG,B3,uav-09,5ZAFNBR13A06WM,ZoomCamera,XML_ATTR:{http://www.dji.com/drone-dji/1.0/}SurveyingMode,0,raw_xmp_xml
@raw/03_第三批_20260908_1006_多火点/02_激光打点与定位验证/01_事后打点候选/无人机09_1581F7K3C24CS00AX535/DJI_202609080957_004/DJI_20260908102220_0002_V.JPG,B3,uav-09,5ZAFNBR13A06WM,ZoomCamera,XML_ATTR:{http://www.dji.com/drone-dji/1.0/}ShutterType,Electronic,raw_xmp_xml
@raw/03_第三批_20260908_1006_多火点/02_激光打点与定位验证/01_事后打点候选/无人机09_1581F7K3C24CS00AX535/DJI_202609080957_004/DJI_20260908102220_0002_V.JPG,B3,uav-09,5ZAFNBR13A06WM,ZoomCamera,XML_ATTR:{http://www.dji.com/drone-dji/1.0/}CameraSerialNumber,5ZAFNBR13A06WM,raw_xmp_xml
@raw/03_第三批_20260908_1006_多火点/02_激光打点与定位验证/01_事后打点候选/无人机09_1581F7K3C24CS00AX535/DJI_202609080957_004/DJI_20260908102220_0002_V.JPG,B3,uav-09,5ZAFNBR13A06WM,ZoomCamera,XML_ATTR:{http://www.dji.com/drone-dji/1.0/}DroneModel,M4T,raw_xmp_xml
@raw/03_第三批_20260908_1006_多火点/02_激光打点与定位验证/01_事后打点候选/无人机09_1581F7K3C24CS00AX535/DJI_202609080957_004/DJI_20260908102220_0002_V.JPG,B3,uav-09,5ZAFNBR13A06WM,ZoomCamera,XML_ATTR:{http://www.dji.com/drone-dji/1.0/}DroneSerialNumber,1581F7K3C24CS00AX535,raw_xmp_xml
@raw/03_第三批_20260908_1006_多火点/02_激光打点与定位验证/01_事后打点候选/无人机09_1581F7K3C24CS00AX535/DJI_202609080957_004/DJI_20260908102220_0002_V.JPG,B3,uav-09,5ZAFNBR13A06WM,ZoomCamera,XML_ATTR:{http://www.dji.com/drone-dji/1.0/}LRFStatus,Normal,raw_xmp_xml
@raw/03_第三批_20260908_1006_多火点/02_激光打点与定位验证/01_事后打点候选/无人机09_1581F7K3C24CS00AX535/DJI_202609080957_004/DJI_20260908102220_0002_V.JPG,B3,uav-09,5ZAFNBR13A06WM,ZoomCamera,XML_ATTR:{http://www.dji.com/drone-dji/1.0/}LRFTargetDistance,10.851,raw_xmp_xml
@raw/03_第三批_20260908_1006_多火点/02_激光打点与定位验证/01_事后打点候选/无人机09_1581F7K3C24CS00AX535/DJI_202609080957_004/DJI_20260908102220_0002_V.JPG,B3,uav-09,5ZAFNBR13A06WM,ZoomCamera,XML_ATTR:{http://www.dji.com/drone-dji/1.0/}LRFTargetLon,120.4728185,raw_xmp_xml
@raw/03_第三批_20260908_1006_多火点/02_激光打点与定位验证/01_事后打点候选/无人机09_1581F7K3C24CS00AX535/DJI_202609080957_004/DJI_20260908102220_0002_V.JPG,B3,uav-09,5ZAFNBR13A06WM,ZoomCamera,XML_ATTR:{http://www.dji.com/drone-dji/1.0/}LRFTargetLat,31.2897069,raw_xmp_xml
@raw/03_第三批_20260908_1006_多火点/02_激光打点与定位验证/01_事后打点候选/无人机09_1581F7K3C24CS00AX535/DJI_202609080957_004/DJI_20260908102220_0002_V.JPG,B3,uav-09,5ZAFNBR13A06WM,ZoomCamera,XML_ATTR:{http://www.dji.com/drone-dji/1.0/}LRFTargetAlt,3.357,raw_xmp_xml
@raw/03_第三批_20260908_1006_多火点/02_激光打点与定位验证/01_事后打点候选/无人机09_1581F7K3C24CS00AX535/DJI_202609080957_004/DJI_20260908102220_0002_V.JPG,B3,uav-09,5ZAFNBR13A06WM,ZoomCamera,XML_ATTR:{http://www.dji.com/drone-dji/1.0/}LRFTargetAbsAlt,56.800,raw_xmp_xml
@raw/03_第三批_20260908_1006_多火点/02_激光打点与定位验证/01_事后打点候选/无人机09_1581F7K3C24CS00AX535/DJI_202609080957_004/DJI_20260908102220_0002_V.JPG,B3,uav-09,5ZAFNBR13A06WM,ZoomCamera,XML_ATTR:{http://www.dji.com/drone-dji/1.0/}WhiteBalanceCCT,4844,raw_xmp_xml
@raw/03_第三批_20260908_1006_多火点/02_激光打点与定位验证/01_事后打点候选/无人机09_1581F7K3C24CS00AX535/DJI_202609080957_004/DJI_20260908102220_0002_V.JPG,B3,uav-09,5ZAFNBR13A06WM,ZoomCamera,XML_ATTR:{http://www.dji.com/drone-dji/1.0/}SensorFPS,2997/100,raw_xmp_xml
@raw/03_第三批_20260908_1006_多火点/02_激光打点与定位验证/01_事后打点候选/无人机09_1581F7K3C24CS00AX535/DJI_202609080957_004/DJI_20260908102220_0002_V.JPG,B3,uav-09,5ZAFNBR13A06WM,ZoomCamera,XML_ATTR:{http://www.dji.com/drone-dji/1.0/}LensPosition,115,raw_xmp_xml
@raw/03_第三批_20260908_1006_多火点/02_激光打点与定位验证/01_事后打点候选/无人机09_1581F7K3C24CS00AX535/DJI_202609080957_004/DJI_20260908102220_0002_V.JPG,B3,uav-09,5ZAFNBR13A06WM,ZoomCamera,XML_ATTR:{http://www.dji.com/drone-dji/1.0/}LensInfinitePosition,104,raw_xmp_xml
@raw/03_第三批_20260908_1006_多火点/02_激光打点与定位验证/01_事后打点候选/无人机09_1581F7K3C24CS00AX535/DJI_202609080957_004/DJI_20260908102220_0002_V.JPG,B3,uav-09,5ZAFNBR13A06WM,ZoomCamera,XML_ATTR:{http://www.dji.com/drone-dji/1.0/}LensTemperature,33.900000,raw_xmp_xml
@raw/03_第三批_20260908_1006_多火点/02_激光打点与定位验证/01_事后打点候选/无人机09_1581F7K3C24CS00AX535/DJI_202609080957_004/DJI_20260908102220_0002_V.JPG,B3,uav-09,5ZAFNBR13A06WM,ZoomCamera,XML_ATTR:{http://pix4d.com/camera/1.0}FileType,single,raw_xmp_xml
@raw/03_第三批_20260908_1006_多火点/02_激光打点与定位验证/01_事后打点候选/无人机09_1581F7K3C24CS00AX535/DJI_202609080957_004/DJI_20260908102220_0002_V.JPG,B3,uav-09,5ZAFNBR13A06WM,ZoomCamera,XML_ATTR:{http://ns.adobe.com/camera-raw-settings/1.0/}Version,7.0,raw_xmp_xml
@raw/03_第三批_20260908_1006_多火点/02_激光打点与定位验证/01_事后打点候选/无人机09_1581F7K3C24CS00AX535/DJI_202609080957_004/DJI_20260908102220_0002_V.JPG,B3,uav-09,5ZAFNBR13A06WM,ZoomCamera,XML_ATTR:{http://ns.adobe.com/camera-raw-settings/1.0/}HasSettings,False,raw_xmp_xml
@raw/03_第三批_20260908_1006_多火点/02_激光打点与定位验证/01_事后打点候选/无人机09_1581F7K3C24CS00AX535/DJI_202609080957_004/DJI_20260908102220_0002_V.JPG,B3,uav-09,5ZAFNBR13A06WM,ZoomCamera,XML_ATTR:{http://ns.adobe.com/camera-raw-settings/1.0/}HasCrop,False,raw_xmp_xml
@raw/03_第三批_20260908_1006_多火点/02_激光打点与定位验证/01_事后打点候选/无人机09_1581F7K3C24CS00AX535/DJI_202609080957_004/DJI_20260908102220_0002_V.JPG,B3,uav-09,5ZAFNBR13A06WM,ZoomCamera,XML_ATTR:{http://ns.adobe.com/camera-raw-settings/1.0/}AlreadyApplied,False,raw_xmp_xml
@raw/03_第三批_20260908_1006_多火点/02_激光打点与定位验证/01_事后打点候选/无人机09_1581F7K3C24CS00AX535/DJI_202609080957_004/DJI_20260908102300_0003_V.JPG,B3,uav-09,53HFNBG0M7XACS,ZoomCamera,XMP-rdf:About,DJI Meta Data,exiftool
@raw/03_第三批_20260908_1006_多火点/02_激光打点与定位验证/01_事后打点候选/无人机09_1581F7K3C24CS00AX535/DJI_202609080957_004/DJI_20260908102300_0003_V.JPG,B3,uav-09,53HFNBG0M7XACS,ZoomCamera,XMP-xmp:ModifyDate,2026:09:08 10:23:00+08:00,exiftool
@raw/03_第三批_20260908_1006_多火点/02_激光打点与定位验证/01_事后打点候选/无人机09_1581F7K3C24CS00AX535/DJI_202609080957_004/DJI_20260908102300_0003_V.JPG,B3,uav-09,53HFNBG0M7XACS,ZoomCamera,XMP-xmp:CreateDate,2026:09:08 10:23:00+08:00,exiftool
@raw/03_第三批_20260908_1006_多火点/02_激光打点与定位验证/01_事后打点候选/无人机09_1581F7K3C24CS00AX535/DJI_202609080957_004/DJI_20260908102300_0003_V.JPG,B3,uav-09,53HFNBG0M7XACS,ZoomCamera,XMP-tiff:Make,DJI,exiftool
@raw/03_第三批_20260908_1006_多火点/02_激光打点与定位验证/01_事后打点候选/无人机09_1581F7K3C24CS00AX535/DJI_202609080957_004/DJI_20260908102300_0003_V.JPG,B3,uav-09,53HFNBG0M7XACS,ZoomCamera,XMP-tiff:Model,M4T,exiftool
@raw/03_第三批_20260908_1006_多火点/02_激光打点与定位验证/01_事后打点候选/无人机09_1581F7K3C24CS00AX535/DJI_202609080957_004/DJI_20260908102300_0003_V.JPG,B3,uav-09,53HFNBG0M7XACS,ZoomCamera,XMP-dc:Format,image/jpeg,exiftool
@raw/03_第三批_20260908_1006_多火点/02_激光打点与定位验证/01_事后打点候选/无人机09_1581F7K3C24CS00AX535/DJI_202609080957_004/DJI_20260908102300_0003_V.JPG,B3,uav-09,53HFNBG0M7XACS,ZoomCamera,XMP-drone-dji:Version,1.6,exiftool
@raw/03_第三批_20260908_1006_多火点/02_激光打点与定位验证/01_事后打点候选/无人机09_1581F7K3C24CS00AX535/DJI_202609080957_004/DJI_20260908102300_0003_V.JPG,B3,uav-09,53HFNBG0M7XACS,ZoomCamera,XMP-drone-dji:ImageSource,ZoomCamera,exiftool
@raw/03_第三批_20260908_1006_多火点/02_激光打点与定位验证/01_事后打点候选/无人机09_1581F7K3C24CS00AX535/DJI_202609080957_004/DJI_20260908102300_0003_V.JPG,B3,uav-09,53HFNBG0M7XACS,ZoomCamera,XMP-drone-dji:GpsStatus,Normal,exiftool
@raw/03_第三批_20260908_1006_多火点/02_激光打点与定位验证/01_事后打点候选/无人机09_1581F7K3C24CS00AX535/DJI_202609080957_004/DJI_20260908102300_0003_V.JPG,B3,uav-09,53HFNBG0M7XACS,ZoomCamera,XMP-drone-dji:AltitudeType,GpsFusionAlt,exiftool
@raw/03_第三批_20260908_1006_多火点/02_激光打点与定位验证/01_事后打点候选/无人机09_1581F7K3C24CS00AX535/DJI_202609080957_004/DJI_20260908102300_0003_V.JPG,B3,uav-09,53HFNBG0M7XACS,ZoomCamera,XMP-drone-dji:GPSLatitude,+31.289710918,exiftool
@raw/03_第三批_20260908_1006_多火点/02_激光打点与定位验证/01_事后打点候选/无人机09_1581F7K3C24CS00AX535/DJI_202609080957_004/DJI_20260908102300_0003_V.JPG,B3,uav-09,53HFNBG0M7XACS,ZoomCamera,XMP-drone-dji:GPSLongitude,+120.472821385,exiftool
@raw/03_第三批_20260908_1006_多火点/02_激光打点与定位验证/01_事后打点候选/无人机09_1581F7K3C24CS00AX535/DJI_202609080957_004/DJI_20260908102300_0003_V.JPG,B3,uav-09,53HFNBG0M7XACS,ZoomCamera,XMP-drone-dji:AbsoluteAltitude,+57.047,exiftool
@raw/03_第三批_20260908_1006_多火点/02_激光打点与定位验证/01_事后打点候选/无人机09_1581F7K3C24CS00AX535/DJI_202609080957_004/DJI_20260908102300_0003_V.JPG,B3,uav-09,53HFNBG0M7XACS,ZoomCamera,XMP-drone-dji:RelativeAltitude,+3.603,exiftool
@raw/03_第三批_20260908_1006_多火点/02_激光打点与定位验证/01_事后打点候选/无人机09_1581F7K3C24CS00AX535/DJI_202609080957_004/DJI_20260908102300_0003_V.JPG,B3,uav-09,53HFNBG0M7XACS,ZoomCamera,XMP-drone-dji:GimbalRollDegree,+0.00,exiftool
@raw/03_第三批_20260908_1006_多火点/02_激光打点与定位验证/01_事后打点候选/无人机09_1581F7K3C24CS00AX535/DJI_202609080957_004/DJI_20260908102300_0003_V.JPG,B3,uav-09,53HFNBG0M7XACS,ZoomCamera,XMP-drone-dji:GimbalYawDegree,+73.30,exiftool
@raw/03_第三批_20260908_1006_多火点/02_激光打点与定位验证/01_事后打点候选/无人机09_1581F7K3C24CS00AX535/DJI_202609080957_004/DJI_20260908102300_0003_V.JPG,B3,uav-09,53HFNBG0M7XACS,ZoomCamera,XMP-drone-dji:GimbalPitchDegree,-12.7,exiftool
@raw/03_第三批_20260908_1006_多火点/02_激光打点与定位验证/01_事后打点候选/无人机09_1581F7K3C24CS00AX535/DJI_202609080957_004/DJI_20260908102300_0003_V.JPG,B3,uav-09,53HFNBG0M7XACS,ZoomCamera,XMP-drone-dji:FlightRollDegree,+0.90,exiftool
@raw/03_第三批_20260908_1006_多火点/02_激光打点与定位验证/01_事后打点候选/无人机09_1581F7K3C24CS00AX535/DJI_202609080957_004/DJI_20260908102300_0003_V.JPG,B3,uav-09,53HFNBG0M7XACS,ZoomCamera,XMP-drone-dji:FlightYawDegree,+73.20,exiftool
@raw/03_第三批_20260908_1006_多火点/02_激光打点与定位验证/01_事后打点候选/无人机09_1581F7K3C24CS00AX535/DJI_202609080957_004/DJI_20260908102300_0003_V.JPG,B3,uav-09,53HFNBG0M7XACS,ZoomCamera,XMP-drone-dji:FlightPitchDegree,+0.50,exiftool
@raw/03_第三批_20260908_1006_多火点/02_激光打点与定位验证/01_事后打点候选/无人机09_1581F7K3C24CS00AX535/DJI_202609080957_004/DJI_20260908102300_0003_V.JPG,B3,uav-09,53HFNBG0M7XACS,ZoomCamera,XMP-drone-dji:FlightXSpeed,0.0,exiftool
@raw/03_第三批_20260908_1006_多火点/02_激光打点与定位验证/01_事后打点候选/无人机09_1581F7K3C24CS00AX535/DJI_202609080957_004/DJI_20260908102300_0003_V.JPG,B3,uav-09,53HFNBG0M7XACS,ZoomCamera,XMP-drone-dji:FlightYSpeed,0.0,exiftool
@raw/03_第三批_20260908_1006_多火点/02_激光打点与定位验证/01_事后打点候选/无人机09_1581F7K3C24CS00AX535/DJI_202609080957_004/DJI_20260908102300_0003_V.JPG,B3,uav-09,53HFNBG0M7XACS,ZoomCamera,XMP-drone-dji:FlightZSpeed,0.0,exiftool
@raw/03_第三批_20260908_1006_多火点/02_激光打点与定位验证/01_事后打点候选/无人机09_1581F7K3C24CS00AX535/DJI_202609080957_004/DJI_20260908102300_0003_V.JPG,B3,uav-09,53HFNBG0M7XACS,ZoomCamera,XMP-drone-dji:CamReverse,0,exiftool
@raw/03_第三批_20260908_1006_多火点/02_激光打点与定位验证/01_事后打点候选/无人机09_1581F7K3C24CS00AX535/DJI_202609080957_004/DJI_20260908102300_0003_V.JPG,B3,uav-09,53HFNBG0M7XACS,ZoomCamera,XMP-drone-dji:GimbalReverse,0,exiftool
@raw/03_第三批_20260908_1006_多火点/02_激光打点与定位验证/01_事后打点候选/无人机09_1581F7K3C24CS00AX535/DJI_202609080957_004/DJI_20260908102300_0003_V.JPG,B3,uav-09,53HFNBG0M7XACS,ZoomCamera,XMP-drone-dji:SensorTemperature,40.0,exiftool
@raw/03_第三批_20260908_1006_多火点/02_激光打点与定位验证/01_事后打点候选/无人机09_1581F7K3C24CS00AX535/DJI_202609080957_004/DJI_20260908102300_0003_V.JPG,B3,uav-09,53HFNBG0M7XACS,ZoomCamera,XMP-drone-dji:ProductName,DJI Matrice 4T,exiftool
@raw/03_第三批_20260908_1006_多火点/02_激光打点与定位验证/01_事后打点候选/无人机09_1581F7K3C24CS00AX535/DJI_202609080957_004/DJI_20260908102300_0003_V.JPG,B3,uav-09,53HFNBG0M7XACS,ZoomCamera,XMP-drone-dji:SelfData,,exiftool
@raw/03_第三批_20260908_1006_多火点/02_激光打点与定位验证/01_事后打点候选/无人机09_1581F7K3C24CS00AX535/DJI_202609080957_004/DJI_20260908102300_0003_V.JPG,B3,uav-09,53HFNBG0M7XACS,ZoomCamera,XMP-drone-dji:SurveyingMode,0,exiftool
@raw/03_第三批_20260908_1006_多火点/02_激光打点与定位验证/01_事后打点候选/无人机09_1581F7K3C24CS00AX535/DJI_202609080957_004/DJI_20260908102300_0003_V.JPG,B3,uav-09,53HFNBG0M7XACS,ZoomCamera,XMP-drone-dji:ShutterType,Electronic,exiftool
@raw/03_第三批_20260908_1006_多火点/02_激光打点与定位验证/01_事后打点候选/无人机09_1581F7K3C24CS00AX535/DJI_202609080957_004/DJI_20260908102300_0003_V.JPG,B3,uav-09,53HFNBG0M7XACS,ZoomCamera,XMP-drone-dji:CameraSerialNumber,53HFNBG0M7XACS,exiftool
@raw/03_第三批_20260908_1006_多火点/02_激光打点与定位验证/01_事后打点候选/无人机09_1581F7K3C24CS00AX535/DJI_202609080957_004/DJI_20260908102300_0003_V.JPG,B3,uav-09,53HFNBG0M7XACS,ZoomCamera,XMP-drone-dji:DroneModel,M4T,exiftool
@raw/03_第三批_20260908_1006_多火点/02_激光打点与定位验证/01_事后打点候选/无人机09_1581F7K3C24CS00AX535/DJI_202609080957_004/DJI_20260908102300_0003_V.JPG,B3,uav-09,53HFNBG0M7XACS,ZoomCamera,XMP-drone-dji:DroneSerialNumber,1581F7K3C24CS00AX535,exiftool
@raw/03_第三批_20260908_1006_多火点/02_激光打点与定位验证/01_事后打点候选/无人机09_1581F7K3C24CS00AX535/DJI_202609080957_004/DJI_20260908102300_0003_V.JPG,B3,uav-09,53HFNBG0M7XACS,ZoomCamera,XMP-drone-dji:LRFStatus,Normal,exiftool
@raw/03_第三批_20260908_1006_多火点/02_激光打点与定位验证/01_事后打点候选/无人机09_1581F7K3C24CS00AX535/DJI_202609080957_004/DJI_20260908102300_0003_V.JPG,B3,uav-09,53HFNBG0M7XACS,ZoomCamera,XMP-drone-dji:LRFTargetDistance,2.209,exiftool
@raw/03_第三批_20260908_1006_多火点/02_激光打点与定位验证/01_事后打点候选/无人机09_1581F7K3C24CS00AX535/DJI_202609080957_004/DJI_20260908102300_0003_V.JPG,B3,uav-09,53HFNBG0M7XACS,ZoomCamera,XMP-drone-dji:LRFTargetLon,120.4728431,exiftool
@raw/03_第三批_20260908_1006_多火点/02_激光打点与定位验证/01_事后打点候选/无人机09_1581F7K3C24CS00AX535/DJI_202609080957_004/DJI_20260908102300_0003_V.JPG,B3,uav-09,53HFNBG0M7XACS,ZoomCamera,XMP-drone-dji:LRFTargetLat,31.2897165,exiftool
@raw/03_第三批_20260908_1006_多火点/02_激光打点与定位验证/01_事后打点候选/无人机09_1581F7K3C24CS00AX535/DJI_202609080957_004/DJI_20260908102300_0003_V.JPG,B3,uav-09,53HFNBG0M7XACS,ZoomCamera,XMP-drone-dji:LRFTargetAlt,3.157,exiftool
@raw/03_第三批_20260908_1006_多火点/02_激光打点与定位验证/01_事后打点候选/无人机09_1581F7K3C24CS00AX535/DJI_202609080957_004/DJI_20260908102300_0003_V.JPG,B3,uav-09,53HFNBG0M7XACS,ZoomCamera,XMP-drone-dji:LRFTargetAbsAlt,56.6,exiftool
@raw/03_第三批_20260908_1006_多火点/02_激光打点与定位验证/01_事后打点候选/无人机09_1581F7K3C24CS00AX535/DJI_202609080957_004/DJI_20260908102300_0003_V.JPG,B3,uav-09,53HFNBG0M7XACS,ZoomCamera,XMP-drone-dji:WhiteBalanceCCT,4516,exiftool
@raw/03_第三批_20260908_1006_多火点/02_激光打点与定位验证/01_事后打点候选/无人机09_1581F7K3C24CS00AX535/DJI_202609080957_004/DJI_20260908102300_0003_V.JPG,B3,uav-09,53HFNBG0M7XACS,ZoomCamera,XMP-drone-dji:SensorFPS,29.97,exiftool
@raw/03_第三批_20260908_1006_多火点/02_激光打点与定位验证/01_事后打点候选/无人机09_1581F7K3C24CS00AX535/DJI_202609080957_004/DJI_20260908102300_0003_V.JPG,B3,uav-09,53HFNBG0M7XACS,ZoomCamera,XMP-drone-dji:LensPosition,45,exiftool
@raw/03_第三批_20260908_1006_多火点/02_激光打点与定位验证/01_事后打点候选/无人机09_1581F7K3C24CS00AX535/DJI_202609080957_004/DJI_20260908102300_0003_V.JPG,B3,uav-09,53HFNBG0M7XACS,ZoomCamera,XMP-drone-dji:LensInfinitePosition,35,exiftool
@raw/03_第三批_20260908_1006_多火点/02_激光打点与定位验证/01_事后打点候选/无人机09_1581F7K3C24CS00AX535/DJI_202609080957_004/DJI_20260908102300_0003_V.JPG,B3,uav-09,53HFNBG0M7XACS,ZoomCamera,XMP-drone-dji:LensTemperature,39.9,exiftool
@raw/03_第三批_20260908_1006_多火点/02_激光打点与定位验证/01_事后打点候选/无人机09_1581F7K3C24CS00AX535/DJI_202609080957_004/DJI_20260908102300_0003_V.JPG,B3,uav-09,53HFNBG0M7XACS,ZoomCamera,XMP-Camera:FileType,single,exiftool
@raw/03_第三批_20260908_1006_多火点/02_激光打点与定位验证/01_事后打点候选/无人机09_1581F7K3C24CS00AX535/DJI_202609080957_004/DJI_20260908102300_0003_V.JPG,B3,uav-09,53HFNBG0M7XACS,ZoomCamera,XMP-crs:Version,7.0,exiftool
@raw/03_第三批_20260908_1006_多火点/02_激光打点与定位验证/01_事后打点候选/无人机09_1581F7K3C24CS00AX535/DJI_202609080957_004/DJI_20260908102300_0003_V.JPG,B3,uav-09,53HFNBG0M7XACS,ZoomCamera,XMP-crs:HasSettings,False,exiftool
@raw/03_第三批_20260908_1006_多火点/02_激光打点与定位验证/01_事后打点候选/无人机09_1581F7K3C24CS00AX535/DJI_202609080957_004/DJI_20260908102300_0003_V.JPG,B3,uav-09,53HFNBG0M7XACS,ZoomCamera,XMP-crs:HasCrop,False,exiftool
@raw/03_第三批_20260908_1006_多火点/02_激光打点与定位验证/01_事后打点候选/无人机09_1581F7K3C24CS00AX535/DJI_202609080957_004/DJI_20260908102300_0003_V.JPG,B3,uav-09,53HFNBG0M7XACS,ZoomCamera,XMP-crs:AlreadyApplied,False,exiftool
@raw/03_第三批_20260908_1006_多火点/02_激光打点与定位验证/01_事后打点候选/无人机09_1581F7K3C24CS00AX535/DJI_202609080957_004/DJI_20260908102300_0003_V.JPG,B3,uav-09,53HFNBG0M7XACS,ZoomCamera,XML_ATTR:{http://www.w3.org/1999/02/22-rdf-syntax-ns#}about,DJI Meta Data,raw_xmp_xml
@raw/03_第三批_20260908_1006_多火点/02_激光打点与定位验证/01_事后打点候选/无人机09_1581F7K3C24CS00AX535/DJI_202609080957_004/DJI_20260908102300_0003_V.JPG,B3,uav-09,53HFNBG0M7XACS,ZoomCamera,XML_ATTR:{http://ns.adobe.com/xap/1.0/}ModifyDate,2026-09-08T10:23:00+08:00,raw_xmp_xml
@raw/03_第三批_20260908_1006_多火点/02_激光打点与定位验证/01_事后打点候选/无人机09_1581F7K3C24CS00AX535/DJI_202609080957_004/DJI_20260908102300_0003_V.JPG,B3,uav-09,53HFNBG0M7XACS,ZoomCamera,XML_ATTR:{http://ns.adobe.com/xap/1.0/}CreateDate,2026-09-08T10:23:00+08:00,raw_xmp_xml
@raw/03_第三批_20260908_1006_多火点/02_激光打点与定位验证/01_事后打点候选/无人机09_1581F7K3C24CS00AX535/DJI_202609080957_004/DJI_20260908102300_0003_V.JPG,B3,uav-09,53HFNBG0M7XACS,ZoomCamera,XML_ATTR:{http://ns.adobe.com/tiff/1.0/}Make,DJI,raw_xmp_xml
@raw/03_第三批_20260908_1006_多火点/02_激光打点与定位验证/01_事后打点候选/无人机09_1581F7K3C24CS00AX535/DJI_202609080957_004/DJI_20260908102300_0003_V.JPG,B3,uav-09,53HFNBG0M7XACS,ZoomCamera,XML_ATTR:{http://ns.adobe.com/tiff/1.0/}Model,M4T,raw_xmp_xml
@raw/03_第三批_20260908_1006_多火点/02_激光打点与定位验证/01_事后打点候选/无人机09_1581F7K3C24CS00AX535/DJI_202609080957_004/DJI_20260908102300_0003_V.JPG,B3,uav-09,53HFNBG0M7XACS,ZoomCamera,XML_ATTR:{http://purl.org/dc/elements/1.1/}format,image/jpeg,raw_xmp_xml
@raw/03_第三批_20260908_1006_多火点/02_激光打点与定位验证/01_事后打点候选/无人机09_1581F7K3C24CS00AX535/DJI_202609080957_004/DJI_20260908102300_0003_V.JPG,B3,uav-09,53HFNBG0M7XACS,ZoomCamera,XML_ATTR:{http://www.dji.com/drone-dji/1.0/}Version,1.6,raw_xmp_xml
@raw/03_第三批_20260908_1006_多火点/02_激光打点与定位验证/01_事后打点候选/无人机09_1581F7K3C24CS00AX535/DJI_202609080957_004/DJI_20260908102300_0003_V.JPG,B3,uav-09,53HFNBG0M7XACS,ZoomCamera,XML_ATTR:{http://www.dji.com/drone-dji/1.0/}ImageSource,ZoomCamera,raw_xmp_xml
@raw/03_第三批_20260908_1006_多火点/02_激光打点与定位验证/01_事后打点候选/无人机09_1581F7K3C24CS00AX535/DJI_202609080957_004/DJI_20260908102300_0003_V.JPG,B3,uav-09,53HFNBG0M7XACS,ZoomCamera,XML_ATTR:{http://www.dji.com/drone-dji/1.0/}GpsStatus,Normal,raw_xmp_xml
@raw/03_第三批_20260908_1006_多火点/02_激光打点与定位验证/01_事后打点候选/无人机09_1581F7K3C24CS00AX535/DJI_202609080957_004/DJI_20260908102300_0003_V.JPG,B3,uav-09,53HFNBG0M7XACS,ZoomCamera,XML_ATTR:{http://www.dji.com/drone-dji/1.0/}AltitudeType,GpsFusionAlt,raw_xmp_xml
@raw/03_第三批_20260908_1006_多火点/02_激光打点与定位验证/01_事后打点候选/无人机09_1581F7K3C24CS00AX535/DJI_202609080957_004/DJI_20260908102300_0003_V.JPG,B3,uav-09,53HFNBG0M7XACS,ZoomCamera,XML_ATTR:{http://www.dji.com/drone-dji/1.0/}GpsLatitude,+31.289710918,raw_xmp_xml
@raw/03_第三批_20260908_1006_多火点/02_激光打点与定位验证/01_事后打点候选/无人机09_1581F7K3C24CS00AX535/DJI_202609080957_004/DJI_20260908102300_0003_V.JPG,B3,uav-09,53HFNBG0M7XACS,ZoomCamera,XML_ATTR:{http://www.dji.com/drone-dji/1.0/}GpsLongitude,+120.472821385,raw_xmp_xml
@raw/03_第三批_20260908_1006_多火点/02_激光打点与定位验证/01_事后打点候选/无人机09_1581F7K3C24CS00AX535/DJI_202609080957_004/DJI_20260908102300_0003_V.JPG,B3,uav-09,53HFNBG0M7XACS,ZoomCamera,XML_ATTR:{http://www.dji.com/drone-dji/1.0/}AbsoluteAltitude,+57.047,raw_xmp_xml
@raw/03_第三批_20260908_1006_多火点/02_激光打点与定位验证/01_事后打点候选/无人机09_1581F7K3C24CS00AX535/DJI_202609080957_004/DJI_20260908102300_0003_V.JPG,B3,uav-09,53HFNBG0M7XACS,ZoomCamera,XML_ATTR:{http://www.dji.com/drone-dji/1.0/}RelativeAltitude,+3.603,raw_xmp_xml
@raw/03_第三批_20260908_1006_多火点/02_激光打点与定位验证/01_事后打点候选/无人机09_1581F7K3C24CS00AX535/DJI_202609080957_004/DJI_20260908102300_0003_V.JPG,B3,uav-09,53HFNBG0M7XACS,ZoomCamera,XML_ATTR:{http://www.dji.com/drone-dji/1.0/}GimbalRollDegree,+0.00,raw_xmp_xml
@raw/03_第三批_20260908_1006_多火点/02_激光打点与定位验证/01_事后打点候选/无人机09_1581F7K3C24CS00AX535/DJI_202609080957_004/DJI_20260908102300_0003_V.JPG,B3,uav-09,53HFNBG0M7XACS,ZoomCamera,XML_ATTR:{http://www.dji.com/drone-dji/1.0/}GimbalYawDegree,+73.30,raw_xmp_xml
@raw/03_第三批_20260908_1006_多火点/02_激光打点与定位验证/01_事后打点候选/无人机09_1581F7K3C24CS00AX535/DJI_202609080957_004/DJI_20260908102300_0003_V.JPG,B3,uav-09,53HFNBG0M7XACS,ZoomCamera,XML_ATTR:{http://www.dji.com/drone-dji/1.0/}GimbalPitchDegree,-12.70,raw_xmp_xml
@raw/03_第三批_20260908_1006_多火点/02_激光打点与定位验证/01_事后打点候选/无人机09_1581F7K3C24CS00AX535/DJI_202609080957_004/DJI_20260908102300_0003_V.JPG,B3,uav-09,53HFNBG0M7XACS,ZoomCamera,XML_ATTR:{http://www.dji.com/drone-dji/1.0/}FlightRollDegree,+0.90,raw_xmp_xml
@raw/03_第三批_20260908_1006_多火点/02_激光打点与定位验证/01_事后打点候选/无人机09_1581F7K3C24CS00AX535/DJI_202609080957_004/DJI_20260908102300_0003_V.JPG,B3,uav-09,53HFNBG0M7XACS,ZoomCamera,XML_ATTR:{http://www.dji.com/drone-dji/1.0/}FlightYawDegree,+73.20,raw_xmp_xml
@raw/03_第三批_20260908_1006_多火点/02_激光打点与定位验证/01_事后打点候选/无人机09_1581F7K3C24CS00AX535/DJI_202609080957_004/DJI_20260908102300_0003_V.JPG,B3,uav-09,53HFNBG0M7XACS,ZoomCamera,XML_ATTR:{http://www.dji.com/drone-dji/1.0/}FlightPitchDegree,+0.50,raw_xmp_xml
@raw/03_第三批_20260908_1006_多火点/02_激光打点与定位验证/01_事后打点候选/无人机09_1581F7K3C24CS00AX535/DJI_202609080957_004/DJI_20260908102300_0003_V.JPG,B3,uav-09,53HFNBG0M7XACS,ZoomCamera,XML_ATTR:{http://www.dji.com/drone-dji/1.0/}FlightXSpeed,0.0,raw_xmp_xml
@raw/03_第三批_20260908_1006_多火点/02_激光打点与定位验证/01_事后打点候选/无人机09_1581F7K3C24CS00AX535/DJI_202609080957_004/DJI_20260908102300_0003_V.JPG,B3,uav-09,53HFNBG0M7XACS,ZoomCamera,XML_ATTR:{http://www.dji.com/drone-dji/1.0/}FlightYSpeed,0.0,raw_xmp_xml
@raw/03_第三批_20260908_1006_多火点/02_激光打点与定位验证/01_事后打点候选/无人机09_1581F7K3C24CS00AX535/DJI_202609080957_004/DJI_20260908102300_0003_V.JPG,B3,uav-09,53HFNBG0M7XACS,ZoomCamera,XML_ATTR:{http://www.dji.com/drone-dji/1.0/}FlightZSpeed,0.0,raw_xmp_xml
@raw/03_第三批_20260908_1006_多火点/02_激光打点与定位验证/01_事后打点候选/无人机09_1581F7K3C24CS00AX535/DJI_202609080957_004/DJI_20260908102300_0003_V.JPG,B3,uav-09,53HFNBG0M7XACS,ZoomCamera,XML_ATTR:{http://www.dji.com/drone-dji/1.0/}CamReverse,0,raw_xmp_xml
@raw/03_第三批_20260908_1006_多火点/02_激光打点与定位验证/01_事后打点候选/无人机09_1581F7K3C24CS00AX535/DJI_202609080957_004/DJI_20260908102300_0003_V.JPG,B3,uav-09,53HFNBG0M7XACS,ZoomCamera,XML_ATTR:{http://www.dji.com/drone-dji/1.0/}GimbalReverse,0,raw_xmp_xml
@raw/03_第三批_20260908_1006_多火点/02_激光打点与定位验证/01_事后打点候选/无人机09_1581F7K3C24CS00AX535/DJI_202609080957_004/DJI_20260908102300_0003_V.JPG,B3,uav-09,53HFNBG0M7XACS,ZoomCamera,XML_ATTR:{http://www.dji.com/drone-dji/1.0/}SensorTemperature,40.0,raw_xmp_xml
@raw/03_第三批_20260908_1006_多火点/02_激光打点与定位验证/01_事后打点候选/无人机09_1581F7K3C24CS00AX535/DJI_202609080957_004/DJI_20260908102300_0003_V.JPG,B3,uav-09,53HFNBG0M7XACS,ZoomCamera,XML_ATTR:{http://www.dji.com/drone-dji/1.0/}ProductName,DJI Matrice 4T,raw_xmp_xml
@raw/03_第三批_20260908_1006_多火点/02_激光打点与定位验证/01_事后打点候选/无人机09_1581F7K3C24CS00AX535/DJI_202609080957_004/DJI_20260908102300_0003_V.JPG,B3,uav-09,53HFNBG0M7XACS,ZoomCamera,XML_ATTR:{http://www.dji.com/drone-dji/1.0/}SelfData,,raw_xmp_xml
@raw/03_第三批_20260908_1006_多火点/02_激光打点与定位验证/01_事后打点候选/无人机09_1581F7K3C24CS00AX535/DJI_202609080957_004/DJI_20260908102300_0003_V.JPG,B3,uav-09,53HFNBG0M7XACS,ZoomCamera,XML_ATTR:{http://www.dji.com/drone-dji/1.0/}SurveyingMode,0,raw_xmp_xml
@raw/03_第三批_20260908_1006_多火点/02_激光打点与定位验证/01_事后打点候选/无人机09_1581F7K3C24CS00AX535/DJI_202609080957_004/DJI_20260908102300_0003_V.JPG,B3,uav-09,53HFNBG0M7XACS,ZoomCamera,XML_ATTR:{http://www.dji.com/drone-dji/1.0/}ShutterType,Electronic,raw_xmp_xml
@raw/03_第三批_20260908_1006_多火点/02_激光打点与定位验证/01_事后打点候选/无人机09_1581F7K3C24CS00AX535/DJI_202609080957_004/DJI_20260908102300_0003_V.JPG,B3,uav-09,53HFNBG0M7XACS,ZoomCamera,XML_ATTR:{http://www.dji.com/drone-dji/1.0/}CameraSerialNumber,53HFNBG0M7XACS,raw_xmp_xml
@raw/03_第三批_20260908_1006_多火点/02_激光打点与定位验证/01_事后打点候选/无人机09_1581F7K3C24CS00AX535/DJI_202609080957_004/DJI_20260908102300_0003_V.JPG,B3,uav-09,53HFNBG0M7XACS,ZoomCamera,XML_ATTR:{http://www.dji.com/drone-dji/1.0/}DroneModel,M4T,raw_xmp_xml
@raw/03_第三批_20260908_1006_多火点/02_激光打点与定位验证/01_事后打点候选/无人机09_1581F7K3C24CS00AX535/DJI_202609080957_004/DJI_20260908102300_0003_V.JPG,B3,uav-09,53HFNBG0M7XACS,ZoomCamera,XML_ATTR:{http://www.dji.com/drone-dji/1.0/}DroneSerialNumber,1581F7K3C24CS00AX535,raw_xmp_xml
@raw/03_第三批_20260908_1006_多火点/02_激光打点与定位验证/01_事后打点候选/无人机09_1581F7K3C24CS00AX535/DJI_202609080957_004/DJI_20260908102300_0003_V.JPG,B3,uav-09,53HFNBG0M7XACS,ZoomCamera,XML_ATTR:{http://www.dji.com/drone-dji/1.0/}LRFStatus,Normal,raw_xmp_xml
@raw/03_第三批_20260908_1006_多火点/02_激光打点与定位验证/01_事后打点候选/无人机09_1581F7K3C24CS00AX535/DJI_202609080957_004/DJI_20260908102300_0003_V.JPG,B3,uav-09,53HFNBG0M7XACS,ZoomCamera,XML_ATTR:{http://www.dji.com/drone-dji/1.0/}LRFTargetDistance,2.209,raw_xmp_xml
@raw/03_第三批_20260908_1006_多火点/02_激光打点与定位验证/01_事后打点候选/无人机09_1581F7K3C24CS00AX535/DJI_202609080957_004/DJI_20260908102300_0003_V.JPG,B3,uav-09,53HFNBG0M7XACS,ZoomCamera,XML_ATTR:{http://www.dji.com/drone-dji/1.0/}LRFTargetLon,120.4728431,raw_xmp_xml
@raw/03_第三批_20260908_1006_多火点/02_激光打点与定位验证/01_事后打点候选/无人机09_1581F7K3C24CS00AX535/DJI_202609080957_004/DJI_20260908102300_0003_V.JPG,B3,uav-09,53HFNBG0M7XACS,ZoomCamera,XML_ATTR:{http://www.dji.com/drone-dji/1.0/}LRFTargetLat,31.2897165,raw_xmp_xml
@raw/03_第三批_20260908_1006_多火点/02_激光打点与定位验证/01_事后打点候选/无人机09_1581F7K3C24CS00AX535/DJI_202609080957_004/DJI_20260908102300_0003_V.JPG,B3,uav-09,53HFNBG0M7XACS,ZoomCamera,XML_ATTR:{http://www.dji.com/drone-dji/1.0/}LRFTargetAlt,3.157,raw_xmp_xml
@raw/03_第三批_20260908_1006_多火点/02_激光打点与定位验证/01_事后打点候选/无人机09_1581F7K3C24CS00AX535/DJI_202609080957_004/DJI_20260908102300_0003_V.JPG,B3,uav-09,53HFNBG0M7XACS,ZoomCamera,XML_ATTR:{http://www.dji.com/drone-dji/1.0/}LRFTargetAbsAlt,56.600,raw_xmp_xml
@raw/03_第三批_20260908_1006_多火点/02_激光打点与定位验证/01_事后打点候选/无人机09_1581F7K3C24CS00AX535/DJI_202609080957_004/DJI_20260908102300_0003_V.JPG,B3,uav-09,53HFNBG0M7XACS,ZoomCamera,XML_ATTR:{http://www.dji.com/drone-dji/1.0/}WhiteBalanceCCT,4516,raw_xmp_xml
@raw/03_第三批_20260908_1006_多火点/02_激光打点与定位验证/01_事后打点候选/无人机09_1581F7K3C24CS00AX535/DJI_202609080957_004/DJI_20260908102300_0003_V.JPG,B3,uav-09,53HFNBG0M7XACS,ZoomCamera,XML_ATTR:{http://www.dji.com/drone-dji/1.0/}SensorFPS,2997/100,raw_xmp_xml
@raw/03_第三批_20260908_1006_多火点/02_激光打点与定位验证/01_事后打点候选/无人机09_1581F7K3C24CS00AX535/DJI_202609080957_004/DJI_20260908102300_0003_V.JPG,B3,uav-09,53HFNBG0M7XACS,ZoomCamera,XML_ATTR:{http://www.dji.com/drone-dji/1.0/}LensPosition,45,raw_xmp_xml
@raw/03_第三批_20260908_1006_多火点/02_激光打点与定位验证/01_事后打点候选/无人机09_1581F7K3C24CS00AX535/DJI_202609080957_004/DJI_20260908102300_0003_V.JPG,B3,uav-09,53HFNBG0M7XACS,ZoomCamera,XML_ATTR:{http://www.dji.com/drone-dji/1.0/}LensInfinitePosition,35,raw_xmp_xml
@raw/03_第三批_20260908_1006_多火点/02_激光打点与定位验证/01_事后打点候选/无人机09_1581F7K3C24CS00AX535/DJI_202609080957_004/DJI_20260908102300_0003_V.JPG,B3,uav-09,53HFNBG0M7XACS,ZoomCamera,XML_ATTR:{http://www.dji.com/drone-dji/1.0/}LensTemperature,39.900000,raw_xmp_xml
@raw/03_第三批_20260908_1006_多火点/02_激光打点与定位验证/01_事后打点候选/无人机09_1581F7K3C24CS00AX535/DJI_202609080957_004/DJI_20260908102300_0003_V.JPG,B3,uav-09,53HFNBG0M7XACS,ZoomCamera,XML_ATTR:{http://pix4d.com/camera/1.0}FileType,single,raw_xmp_xml
@raw/03_第三批_20260908_1006_多火点/02_激光打点与定位验证/01_事后打点候选/无人机09_1581F7K3C24CS00AX535/DJI_202609080957_004/DJI_20260908102300_0003_V.JPG,B3,uav-09,53HFNBG0M7XACS,ZoomCamera,XML_ATTR:{http://ns.adobe.com/camera-raw-settings/1.0/}Version,7.0,raw_xmp_xml
@raw/03_第三批_20260908_1006_多火点/02_激光打点与定位验证/01_事后打点候选/无人机09_1581F7K3C24CS00AX535/DJI_202609080957_004/DJI_20260908102300_0003_V.JPG,B3,uav-09,53HFNBG0M7XACS,ZoomCamera,XML_ATTR:{http://ns.adobe.com/camera-raw-settings/1.0/}HasSettings,False,raw_xmp_xml
@raw/03_第三批_20260908_1006_多火点/02_激光打点与定位验证/01_事后打点候选/无人机09_1581F7K3C24CS00AX535/DJI_202609080957_004/DJI_20260908102300_0003_V.JPG,B3,uav-09,53HFNBG0M7XACS,ZoomCamera,XML_ATTR:{http://ns.adobe.com/camera-raw-settings/1.0/}HasCrop,False,raw_xmp_xml
@raw/03_第三批_20260908_1006_多火点/02_激光打点与定位验证/01_事后打点候选/无人机09_1581F7K3C24CS00AX535/DJI_202609080957_004/DJI_20260908102300_0003_V.JPG,B3,uav-09,53HFNBG0M7XACS,ZoomCamera,XML_ATTR:{http://ns.adobe.com/camera-raw-settings/1.0/}AlreadyApplied,False,raw_xmp_xml
@raw/03_第三批_20260908_1006_多火点/02_激光打点与定位验证/01_事后打点候选/无人机09_1581F7K3C24CS00AX535/DJI_202609080957_004/DJI_20260908102305_0004_V.JPG,B3,uav-09,53HFNBG0M7XACS,ZoomCamera,XMP-rdf:About,DJI Meta Data,exiftool
@raw/03_第三批_20260908_1006_多火点/02_激光打点与定位验证/01_事后打点候选/无人机09_1581F7K3C24CS00AX535/DJI_202609080957_004/DJI_20260908102305_0004_V.JPG,B3,uav-09,53HFNBG0M7XACS,ZoomCamera,XMP-xmp:ModifyDate,2026:09:08 10:23:05+08:00,exiftool
@raw/03_第三批_20260908_1006_多火点/02_激光打点与定位验证/01_事后打点候选/无人机09_1581F7K3C24CS00AX535/DJI_202609080957_004/DJI_20260908102305_0004_V.JPG,B3,uav-09,53HFNBG0M7XACS,ZoomCamera,XMP-xmp:CreateDate,2026:09:08 10:23:05+08:00,exiftool
@raw/03_第三批_20260908_1006_多火点/02_激光打点与定位验证/01_事后打点候选/无人机09_1581F7K3C24CS00AX535/DJI_202609080957_004/DJI_20260908102305_0004_V.JPG,B3,uav-09,53HFNBG0M7XACS,ZoomCamera,XMP-tiff:Make,DJI,exiftool
@raw/03_第三批_20260908_1006_多火点/02_激光打点与定位验证/01_事后打点候选/无人机09_1581F7K3C24CS00AX535/DJI_202609080957_004/DJI_20260908102305_0004_V.JPG,B3,uav-09,53HFNBG0M7XACS,ZoomCamera,XMP-tiff:Model,M4T,exiftool
@raw/03_第三批_20260908_1006_多火点/02_激光打点与定位验证/01_事后打点候选/无人机09_1581F7K3C24CS00AX535/DJI_202609080957_004/DJI_20260908102305_0004_V.JPG,B3,uav-09,53HFNBG0M7XACS,ZoomCamera,XMP-dc:Format,image/jpeg,exiftool
@raw/03_第三批_20260908_1006_多火点/02_激光打点与定位验证/01_事后打点候选/无人机09_1581F7K3C24CS00AX535/DJI_202609080957_004/DJI_20260908102305_0004_V.JPG,B3,uav-09,53HFNBG0M7XACS,ZoomCamera,XMP-drone-dji:Version,1.6,exiftool
@raw/03_第三批_20260908_1006_多火点/02_激光打点与定位验证/01_事后打点候选/无人机09_1581F7K3C24CS00AX535/DJI_202609080957_004/DJI_20260908102305_0004_V.JPG,B3,uav-09,53HFNBG0M7XACS,ZoomCamera,XMP-drone-dji:ImageSource,ZoomCamera,exiftool
@raw/03_第三批_20260908_1006_多火点/02_激光打点与定位验证/01_事后打点候选/无人机09_1581F7K3C24CS00AX535/DJI_202609080957_004/DJI_20260908102305_0004_V.JPG,B3,uav-09,53HFNBG0M7XACS,ZoomCamera,XMP-drone-dji:GpsStatus,Normal,exiftool
@raw/03_第三批_20260908_1006_多火点/02_激光打点与定位验证/01_事后打点候选/无人机09_1581F7K3C24CS00AX535/DJI_202609080957_004/DJI_20260908102305_0004_V.JPG,B3,uav-09,53HFNBG0M7XACS,ZoomCamera,XMP-drone-dji:AltitudeType,GpsFusionAlt,exiftool
@raw/03_第三批_20260908_1006_多火点/02_激光打点与定位验证/01_事后打点候选/无人机09_1581F7K3C24CS00AX535/DJI_202609080957_004/DJI_20260908102305_0004_V.JPG,B3,uav-09,53HFNBG0M7XACS,ZoomCamera,XMP-drone-dji:GPSLatitude,+31.289710625,exiftool
@raw/03_第三批_20260908_1006_多火点/02_激光打点与定位验证/01_事后打点候选/无人机09_1581F7K3C24CS00AX535/DJI_202609080957_004/DJI_20260908102305_0004_V.JPG,B3,uav-09,53HFNBG0M7XACS,ZoomCamera,XMP-drone-dji:GPSLongitude,+120.472821510,exiftool
@raw/03_第三批_20260908_1006_多火点/02_激光打点与定位验证/01_事后打点候选/无人机09_1581F7K3C24CS00AX535/DJI_202609080957_004/DJI_20260908102305_0004_V.JPG,B3,uav-09,53HFNBG0M7XACS,ZoomCamera,XMP-drone-dji:AbsoluteAltitude,+57.040,exiftool
@raw/03_第三批_20260908_1006_多火点/02_激光打点与定位验证/01_事后打点候选/无人机09_1581F7K3C24CS00AX535/DJI_202609080957_004/DJI_20260908102305_0004_V.JPG,B3,uav-09,53HFNBG0M7XACS,ZoomCamera,XMP-drone-dji:RelativeAltitude,+3.596,exiftool
@raw/03_第三批_20260908_1006_多火点/02_激光打点与定位验证/01_事后打点候选/无人机09_1581F7K3C24CS00AX535/DJI_202609080957_004/DJI_20260908102305_0004_V.JPG,B3,uav-09,53HFNBG0M7XACS,ZoomCamera,XMP-drone-dji:GimbalRollDegree,+0.00,exiftool
@raw/03_第三批_20260908_1006_多火点/02_激光打点与定位验证/01_事后打点候选/无人机09_1581F7K3C24CS00AX535/DJI_202609080957_004/DJI_20260908102305_0004_V.JPG,B3,uav-09,53HFNBG0M7XACS,ZoomCamera,XMP-drone-dji:GimbalYawDegree,+73.30,exiftool
@raw/03_第三批_20260908_1006_多火点/02_激光打点与定位验证/01_事后打点候选/无人机09_1581F7K3C24CS00AX535/DJI_202609080957_004/DJI_20260908102305_0004_V.JPG,B3,uav-09,53HFNBG0M7XACS,ZoomCamera,XMP-drone-dji:GimbalPitchDegree,-12.7,exiftool
@raw/03_第三批_20260908_1006_多火点/02_激光打点与定位验证/01_事后打点候选/无人机09_1581F7K3C24CS00AX535/DJI_202609080957_004/DJI_20260908102305_0004_V.JPG,B3,uav-09,53HFNBG0M7XACS,ZoomCamera,XMP-drone-dji:FlightRollDegree,-0.2,exiftool
@raw/03_第三批_20260908_1006_多火点/02_激光打点与定位验证/01_事后打点候选/无人机09_1581F7K3C24CS00AX535/DJI_202609080957_004/DJI_20260908102305_0004_V.JPG,B3,uav-09,53HFNBG0M7XACS,ZoomCamera,XMP-drone-dji:FlightYawDegree,+73.60,exiftool
@raw/03_第三批_20260908_1006_多火点/02_激光打点与定位验证/01_事后打点候选/无人机09_1581F7K3C24CS00AX535/DJI_202609080957_004/DJI_20260908102305_0004_V.JPG,B3,uav-09,53HFNBG0M7XACS,ZoomCamera,XMP-drone-dji:FlightPitchDegree,+0.90,exiftool
@raw/03_第三批_20260908_1006_多火点/02_激光打点与定位验证/01_事后打点候选/无人机09_1581F7K3C24CS00AX535/DJI_202609080957_004/DJI_20260908102305_0004_V.JPG,B3,uav-09,53HFNBG0M7XACS,ZoomCamera,XMP-drone-dji:FlightXSpeed,0.0,exiftool
@raw/03_第三批_20260908_1006_多火点/02_激光打点与定位验证/01_事后打点候选/无人机09_1581F7K3C24CS00AX535/DJI_202609080957_004/DJI_20260908102305_0004_V.JPG,B3,uav-09,53HFNBG0M7XACS,ZoomCamera,XMP-drone-dji:FlightYSpeed,0.0,exiftool
@raw/03_第三批_20260908_1006_多火点/02_激光打点与定位验证/01_事后打点候选/无人机09_1581F7K3C24CS00AX535/DJI_202609080957_004/DJI_20260908102305_0004_V.JPG,B3,uav-09,53HFNBG0M7XACS,ZoomCamera,XMP-drone-dji:FlightZSpeed,0.0,exiftool
@raw/03_第三批_20260908_1006_多火点/02_激光打点与定位验证/01_事后打点候选/无人机09_1581F7K3C24CS00AX535/DJI_202609080957_004/DJI_20260908102305_0004_V.JPG,B3,uav-09,53HFNBG0M7XACS,ZoomCamera,XMP-drone-dji:CamReverse,0,exiftool
@raw/03_第三批_20260908_1006_多火点/02_激光打点与定位验证/01_事后打点候选/无人机09_1581F7K3C24CS00AX535/DJI_202609080957_004/DJI_20260908102305_0004_V.JPG,B3,uav-09,53HFNBG0M7XACS,ZoomCamera,XMP-drone-dji:GimbalReverse,0,exiftool
@raw/03_第三批_20260908_1006_多火点/02_激光打点与定位验证/01_事后打点候选/无人机09_1581F7K3C24CS00AX535/DJI_202609080957_004/DJI_20260908102305_0004_V.JPG,B3,uav-09,53HFNBG0M7XACS,ZoomCamera,XMP-drone-dji:SensorTemperature,41.0,exiftool
@raw/03_第三批_20260908_1006_多火点/02_激光打点与定位验证/01_事后打点候选/无人机09_1581F7K3C24CS00AX535/DJI_202609080957_004/DJI_20260908102305_0004_V.JPG,B3,uav-09,53HFNBG0M7XACS,ZoomCamera,XMP-drone-dji:ProductName,DJI Matrice 4T,exiftool
@raw/03_第三批_20260908_1006_多火点/02_激光打点与定位验证/01_事后打点候选/无人机09_1581F7K3C24CS00AX535/DJI_202609080957_004/DJI_20260908102305_0004_V.JPG,B3,uav-09,53HFNBG0M7XACS,ZoomCamera,XMP-drone-dji:SelfData,,exiftool
@raw/03_第三批_20260908_1006_多火点/02_激光打点与定位验证/01_事后打点候选/无人机09_1581F7K3C24CS00AX535/DJI_202609080957_004/DJI_20260908102305_0004_V.JPG,B3,uav-09,53HFNBG0M7XACS,ZoomCamera,XMP-drone-dji:SurveyingMode,0,exiftool
@raw/03_第三批_20260908_1006_多火点/02_激光打点与定位验证/01_事后打点候选/无人机09_1581F7K3C24CS00AX535/DJI_202609080957_004/DJI_20260908102305_0004_V.JPG,B3,uav-09,53HFNBG0M7XACS,ZoomCamera,XMP-drone-dji:ShutterType,Electronic,exiftool
@raw/03_第三批_20260908_1006_多火点/02_激光打点与定位验证/01_事后打点候选/无人机09_1581F7K3C24CS00AX535/DJI_202609080957_004/DJI_20260908102305_0004_V.JPG,B3,uav-09,53HFNBG0M7XACS,ZoomCamera,XMP-drone-dji:CameraSerialNumber,53HFNBG0M7XACS,exiftool
@raw/03_第三批_20260908_1006_多火点/02_激光打点与定位验证/01_事后打点候选/无人机09_1581F7K3C24CS00AX535/DJI_202609080957_004/DJI_20260908102305_0004_V.JPG,B3,uav-09,53HFNBG0M7XACS,ZoomCamera,XMP-drone-dji:DroneModel,M4T,exiftool
@raw/03_第三批_20260908_1006_多火点/02_激光打点与定位验证/01_事后打点候选/无人机09_1581F7K3C24CS00AX535/DJI_202609080957_004/DJI_20260908102305_0004_V.JPG,B3,uav-09,53HFNBG0M7XACS,ZoomCamera,XMP-drone-dji:DroneSerialNumber,1581F7K3C24CS00AX535,exiftool
@raw/03_第三批_20260908_1006_多火点/02_激光打点与定位验证/01_事后打点候选/无人机09_1581F7K3C24CS00AX535/DJI_202609080957_004/DJI_20260908102305_0004_V.JPG,B3,uav-09,53HFNBG0M7XACS,ZoomCamera,XMP-drone-dji:LRFStatus,Normal,exiftool
@raw/03_第三批_20260908_1006_多火点/02_激光打点与定位验证/01_事后打点候选/无人机09_1581F7K3C24CS00AX535/DJI_202609080957_004/DJI_20260908102305_0004_V.JPG,B3,uav-09,53HFNBG0M7XACS,ZoomCamera,XMP-drone-dji:LRFTargetDistance,2.174,exiftool
@raw/03_第三批_20260908_1006_多火点/02_激光打点与定位验证/01_事后打点候选/无人机09_1581F7K3C24CS00AX535/DJI_202609080957_004/DJI_20260908102305_0004_V.JPG,B3,uav-09,53HFNBG0M7XACS,ZoomCamera,XMP-drone-dji:LRFTargetLon,120.4728428,exiftool
@raw/03_第三批_20260908_1006_多火点/02_激光打点与定位验证/01_事后打点候选/无人机09_1581F7K3C24CS00AX535/DJI_202609080957_004/DJI_20260908102305_0004_V.JPG,B3,uav-09,53HFNBG0M7XACS,ZoomCamera,XMP-drone-dji:LRFTargetLat,31.2897161,exiftool
@raw/03_第三批_20260908_1006_多火点/02_激光打点与定位验证/01_事后打点候选/无人机09_1581F7K3C24CS00AX535/DJI_202609080957_004/DJI_20260908102305_0004_V.JPG,B3,uav-09,53HFNBG0M7XACS,ZoomCamera,XMP-drone-dji:LRFTargetAlt,3.157,exiftool
@raw/03_第三批_20260908_1006_多火点/02_激光打点与定位验证/01_事后打点候选/无人机09_1581F7K3C24CS00AX535/DJI_202609080957_004/DJI_20260908102305_0004_V.JPG,B3,uav-09,53HFNBG0M7XACS,ZoomCamera,XMP-drone-dji:LRFTargetAbsAlt,56.6,exiftool
@raw/03_第三批_20260908_1006_多火点/02_激光打点与定位验证/01_事后打点候选/无人机09_1581F7K3C24CS00AX535/DJI_202609080957_004/DJI_20260908102305_0004_V.JPG,B3,uav-09,53HFNBG0M7XACS,ZoomCamera,XMP-drone-dji:WhiteBalanceCCT,4525,exiftool
@raw/03_第三批_20260908_1006_多火点/02_激光打点与定位验证/01_事后打点候选/无人机09_1581F7K3C24CS00AX535/DJI_202609080957_004/DJI_20260908102305_0004_V.JPG,B3,uav-09,53HFNBG0M7XACS,ZoomCamera,XMP-drone-dji:SensorFPS,29.97,exiftool
@raw/03_第三批_20260908_1006_多火点/02_激光打点与定位验证/01_事后打点候选/无人机09_1581F7K3C24CS00AX535/DJI_202609080957_004/DJI_20260908102305_0004_V.JPG,B3,uav-09,53HFNBG0M7XACS,ZoomCamera,XMP-drone-dji:LensPosition,45,exiftool
@raw/03_第三批_20260908_1006_多火点/02_激光打点与定位验证/01_事后打点候选/无人机09_1581F7K3C24CS00AX535/DJI_202609080957_004/DJI_20260908102305_0004_V.JPG,B3,uav-09,53HFNBG0M7XACS,ZoomCamera,XMP-drone-dji:LensInfinitePosition,35,exiftool
@raw/03_第三批_20260908_1006_多火点/02_激光打点与定位验证/01_事后打点候选/无人机09_1581F7K3C24CS00AX535/DJI_202609080957_004/DJI_20260908102305_0004_V.JPG,B3,uav-09,53HFNBG0M7XACS,ZoomCamera,XMP-drone-dji:LensTemperature,40.7,exiftool
@raw/03_第三批_20260908_1006_多火点/02_激光打点与定位验证/01_事后打点候选/无人机09_1581F7K3C24CS00AX535/DJI_202609080957_004/DJI_20260908102305_0004_V.JPG,B3,uav-09,53HFNBG0M7XACS,ZoomCamera,XMP-Camera:FileType,single,exiftool
@raw/03_第三批_20260908_1006_多火点/02_激光打点与定位验证/01_事后打点候选/无人机09_1581F7K3C24CS00AX535/DJI_202609080957_004/DJI_20260908102305_0004_V.JPG,B3,uav-09,53HFNBG0M7XACS,ZoomCamera,XMP-crs:Version,7.0,exiftool
@raw/03_第三批_20260908_1006_多火点/02_激光打点与定位验证/01_事后打点候选/无人机09_1581F7K3C24CS00AX535/DJI_202609080957_004/DJI_20260908102305_0004_V.JPG,B3,uav-09,53HFNBG0M7XACS,ZoomCamera,XMP-crs:HasSettings,False,exiftool
@raw/03_第三批_20260908_1006_多火点/02_激光打点与定位验证/01_事后打点候选/无人机09_1581F7K3C24CS00AX535/DJI_202609080957_004/DJI_20260908102305_0004_V.JPG,B3,uav-09,53HFNBG0M7XACS,ZoomCamera,XMP-crs:HasCrop,False,exiftool
@raw/03_第三批_20260908_1006_多火点/02_激光打点与定位验证/01_事后打点候选/无人机09_1581F7K3C24CS00AX535/DJI_202609080957_004/DJI_20260908102305_0004_V.JPG,B3,uav-09,53HFNBG0M7XACS,ZoomCamera,XMP-crs:AlreadyApplied,False,exiftool
@raw/03_第三批_20260908_1006_多火点/02_激光打点与定位验证/01_事后打点候选/无人机09_1581F7K3C24CS00AX535/DJI_202609080957_004/DJI_20260908102305_0004_V.JPG,B3,uav-09,53HFNBG0M7XACS,ZoomCamera,XML_ATTR:{http://www.w3.org/1999/02/22-rdf-syntax-ns#}about,DJI Meta Data,raw_xmp_xml
@raw/03_第三批_20260908_1006_多火点/02_激光打点与定位验证/01_事后打点候选/无人机09_1581F7K3C24CS00AX535/DJI_202609080957_004/DJI_20260908102305_0004_V.JPG,B3,uav-09,53HFNBG0M7XACS,ZoomCamera,XML_ATTR:{http://ns.adobe.com/xap/1.0/}ModifyDate,2026-09-08T10:23:05+08:00,raw_xmp_xml
@raw/03_第三批_20260908_1006_多火点/02_激光打点与定位验证/01_事后打点候选/无人机09_1581F7K3C24CS00AX535/DJI_202609080957_004/DJI_20260908102305_0004_V.JPG,B3,uav-09,53HFNBG0M7XACS,ZoomCamera,XML_ATTR:{http://ns.adobe.com/xap/1.0/}CreateDate,2026-09-08T10:23:05+08:00,raw_xmp_xml
@raw/03_第三批_20260908_1006_多火点/02_激光打点与定位验证/01_事后打点候选/无人机09_1581F7K3C24CS00AX535/DJI_202609080957_004/DJI_20260908102305_0004_V.JPG,B3,uav-09,53HFNBG0M7XACS,ZoomCamera,XML_ATTR:{http://ns.adobe.com/tiff/1.0/}Make,DJI,raw_xmp_xml
@raw/03_第三批_20260908_1006_多火点/02_激光打点与定位验证/01_事后打点候选/无人机09_1581F7K3C24CS00AX535/DJI_202609080957_004/DJI_20260908102305_0004_V.JPG,B3,uav-09,53HFNBG0M7XACS,ZoomCamera,XML_ATTR:{http://ns.adobe.com/tiff/1.0/}Model,M4T,raw_xmp_xml
@raw/03_第三批_20260908_1006_多火点/02_激光打点与定位验证/01_事后打点候选/无人机09_1581F7K3C24CS00AX535/DJI_202609080957_004/DJI_20260908102305_0004_V.JPG,B3,uav-09,53HFNBG0M7XACS,ZoomCamera,XML_ATTR:{http://purl.org/dc/elements/1.1/}format,image/jpeg,raw_xmp_xml
@raw/03_第三批_20260908_1006_多火点/02_激光打点与定位验证/01_事后打点候选/无人机09_1581F7K3C24CS00AX535/DJI_202609080957_004/DJI_20260908102305_0004_V.JPG,B3,uav-09,53HFNBG0M7XACS,ZoomCamera,XML_ATTR:{http://www.dji.com/drone-dji/1.0/}Version,1.6,raw_xmp_xml
@raw/03_第三批_20260908_1006_多火点/02_激光打点与定位验证/01_事后打点候选/无人机09_1581F7K3C24CS00AX535/DJI_202609080957_004/DJI_20260908102305_0004_V.JPG,B3,uav-09,53HFNBG0M7XACS,ZoomCamera,XML_ATTR:{http://www.dji.com/drone-dji/1.0/}ImageSource,ZoomCamera,raw_xmp_xml
@raw/03_第三批_20260908_1006_多火点/02_激光打点与定位验证/01_事后打点候选/无人机09_1581F7K3C24CS00AX535/DJI_202609080957_004/DJI_20260908102305_0004_V.JPG,B3,uav-09,53HFNBG0M7XACS,ZoomCamera,XML_ATTR:{http://www.dji.com/drone-dji/1.0/}GpsStatus,Normal,raw_xmp_xml
@raw/03_第三批_20260908_1006_多火点/02_激光打点与定位验证/01_事后打点候选/无人机09_1581F7K3C24CS00AX535/DJI_202609080957_004/DJI_20260908102305_0004_V.JPG,B3,uav-09,53HFNBG0M7XACS,ZoomCamera,XML_ATTR:{http://www.dji.com/drone-dji/1.0/}AltitudeType,GpsFusionAlt,raw_xmp_xml
@raw/03_第三批_20260908_1006_多火点/02_激光打点与定位验证/01_事后打点候选/无人机09_1581F7K3C24CS00AX535/DJI_202609080957_004/DJI_20260908102305_0004_V.JPG,B3,uav-09,53HFNBG0M7XACS,ZoomCamera,XML_ATTR:{http://www.dji.com/drone-dji/1.0/}GpsLatitude,+31.289710625,raw_xmp_xml
@raw/03_第三批_20260908_1006_多火点/02_激光打点与定位验证/01_事后打点候选/无人机09_1581F7K3C24CS00AX535/DJI_202609080957_004/DJI_20260908102305_0004_V.JPG,B3,uav-09,53HFNBG0M7XACS,ZoomCamera,XML_ATTR:{http://www.dji.com/drone-dji/1.0/}GpsLongitude,+120.472821510,raw_xmp_xml
@raw/03_第三批_20260908_1006_多火点/02_激光打点与定位验证/01_事后打点候选/无人机09_1581F7K3C24CS00AX535/DJI_202609080957_004/DJI_20260908102305_0004_V.JPG,B3,uav-09,53HFNBG0M7XACS,ZoomCamera,XML_ATTR:{http://www.dji.com/drone-dji/1.0/}AbsoluteAltitude,+57.040,raw_xmp_xml
@raw/03_第三批_20260908_1006_多火点/02_激光打点与定位验证/01_事后打点候选/无人机09_1581F7K3C24CS00AX535/DJI_202609080957_004/DJI_20260908102305_0004_V.JPG,B3,uav-09,53HFNBG0M7XACS,ZoomCamera,XML_ATTR:{http://www.dji.com/drone-dji/1.0/}RelativeAltitude,+3.596,raw_xmp_xml
@raw/03_第三批_20260908_1006_多火点/02_激光打点与定位验证/01_事后打点候选/无人机09_1581F7K3C24CS00AX535/DJI_202609080957_004/DJI_20260908102305_0004_V.JPG,B3,uav-09,53HFNBG0M7XACS,ZoomCamera,XML_ATTR:{http://www.dji.com/drone-dji/1.0/}GimbalRollDegree,+0.00,raw_xmp_xml
@raw/03_第三批_20260908_1006_多火点/02_激光打点与定位验证/01_事后打点候选/无人机09_1581F7K3C24CS00AX535/DJI_202609080957_004/DJI_20260908102305_0004_V.JPG,B3,uav-09,53HFNBG0M7XACS,ZoomCamera,XML_ATTR:{http://www.dji.com/drone-dji/1.0/}GimbalYawDegree,+73.30,raw_xmp_xml
@raw/03_第三批_20260908_1006_多火点/02_激光打点与定位验证/01_事后打点候选/无人机09_1581F7K3C24CS00AX535/DJI_202609080957_004/DJI_20260908102305_0004_V.JPG,B3,uav-09,53HFNBG0M7XACS,ZoomCamera,XML_ATTR:{http://www.dji.com/drone-dji/1.0/}GimbalPitchDegree,-12.70,raw_xmp_xml
@raw/03_第三批_20260908_1006_多火点/02_激光打点与定位验证/01_事后打点候选/无人机09_1581F7K3C24CS00AX535/DJI_202609080957_004/DJI_20260908102305_0004_V.JPG,B3,uav-09,53HFNBG0M7XACS,ZoomCamera,XML_ATTR:{http://www.dji.com/drone-dji/1.0/}FlightRollDegree,-0.20,raw_xmp_xml
@raw/03_第三批_20260908_1006_多火点/02_激光打点与定位验证/01_事后打点候选/无人机09_1581F7K3C24CS00AX535/DJI_202609080957_004/DJI_20260908102305_0004_V.JPG,B3,uav-09,53HFNBG0M7XACS,ZoomCamera,XML_ATTR:{http://www.dji.com/drone-dji/1.0/}FlightYawDegree,+73.60,raw_xmp_xml
@raw/03_第三批_20260908_1006_多火点/02_激光打点与定位验证/01_事后打点候选/无人机09_1581F7K3C24CS00AX535/DJI_202609080957_004/DJI_20260908102305_0004_V.JPG,B3,uav-09,53HFNBG0M7XACS,ZoomCamera,XML_ATTR:{http://www.dji.com/drone-dji/1.0/}FlightPitchDegree,+0.90,raw_xmp_xml
@raw/03_第三批_20260908_1006_多火点/02_激光打点与定位验证/01_事后打点候选/无人机09_1581F7K3C24CS00AX535/DJI_202609080957_004/DJI_20260908102305_0004_V.JPG,B3,uav-09,53HFNBG0M7XACS,ZoomCamera,XML_ATTR:{http://www.dji.com/drone-dji/1.0/}FlightXSpeed,0.0,raw_xmp_xml
@raw/03_第三批_20260908_1006_多火点/02_激光打点与定位验证/01_事后打点候选/无人机09_1581F7K3C24CS00AX535/DJI_202609080957_004/DJI_20260908102305_0004_V.JPG,B3,uav-09,53HFNBG0M7XACS,ZoomCamera,XML_ATTR:{http://www.dji.com/drone-dji/1.0/}FlightYSpeed,0.0,raw_xmp_xml
@raw/03_第三批_20260908_1006_多火点/02_激光打点与定位验证/01_事后打点候选/无人机09_1581F7K3C24CS00AX535/DJI_202609080957_004/DJI_20260908102305_0004_V.JPG,B3,uav-09,53HFNBG0M7XACS,ZoomCamera,XML_ATTR:{http://www.dji.com/drone-dji/1.0/}FlightZSpeed,0.0,raw_xmp_xml
@raw/03_第三批_20260908_1006_多火点/02_激光打点与定位验证/01_事后打点候选/无人机09_1581F7K3C24CS00AX535/DJI_202609080957_004/DJI_20260908102305_0004_V.JPG,B3,uav-09,53HFNBG0M7XACS,ZoomCamera,XML_ATTR:{http://www.dji.com/drone-dji/1.0/}CamReverse,0,raw_xmp_xml
@raw/03_第三批_20260908_1006_多火点/02_激光打点与定位验证/01_事后打点候选/无人机09_1581F7K3C24CS00AX535/DJI_202609080957_004/DJI_20260908102305_0004_V.JPG,B3,uav-09,53HFNBG0M7XACS,ZoomCamera,XML_ATTR:{http://www.dji.com/drone-dji/1.0/}GimbalReverse,0,raw_xmp_xml
@raw/03_第三批_20260908_1006_多火点/02_激光打点与定位验证/01_事后打点候选/无人机09_1581F7K3C24CS00AX535/DJI_202609080957_004/DJI_20260908102305_0004_V.JPG,B3,uav-09,53HFNBG0M7XACS,ZoomCamera,XML_ATTR:{http://www.dji.com/drone-dji/1.0/}SensorTemperature,41.0,raw_xmp_xml
@raw/03_第三批_20260908_1006_多火点/02_激光打点与定位验证/01_事后打点候选/无人机09_1581F7K3C24CS00AX535/DJI_202609080957_004/DJI_20260908102305_0004_V.JPG,B3,uav-09,53HFNBG0M7XACS,ZoomCamera,XML_ATTR:{http://www.dji.com/drone-dji/1.0/}ProductName,DJI Matrice 4T,raw_xmp_xml
@raw/03_第三批_20260908_1006_多火点/02_激光打点与定位验证/01_事后打点候选/无人机09_1581F7K3C24CS00AX535/DJI_202609080957_004/DJI_20260908102305_0004_V.JPG,B3,uav-09,53HFNBG0M7XACS,ZoomCamera,XML_ATTR:{http://www.dji.com/drone-dji/1.0/}SelfData,,raw_xmp_xml
@raw/03_第三批_20260908_1006_多火点/02_激光打点与定位验证/01_事后打点候选/无人机09_1581F7K3C24CS00AX535/DJI_202609080957_004/DJI_20260908102305_0004_V.JPG,B3,uav-09,53HFNBG0M7XACS,ZoomCamera,XML_ATTR:{http://www.dji.com/drone-dji/1.0/}SurveyingMode,0,raw_xmp_xml
@raw/03_第三批_20260908_1006_多火点/02_激光打点与定位验证/01_事后打点候选/无人机09_1581F7K3C24CS00AX535/DJI_202609080957_004/DJI_20260908102305_0004_V.JPG,B3,uav-09,53HFNBG0M7XACS,ZoomCamera,XML_ATTR:{http://www.dji.com/drone-dji/1.0/}ShutterType,Electronic,raw_xmp_xml
@raw/03_第三批_20260908_1006_多火点/02_激光打点与定位验证/01_事后打点候选/无人机09_1581F7K3C24CS00AX535/DJI_202609080957_004/DJI_20260908102305_0004_V.JPG,B3,uav-09,53HFNBG0M7XACS,ZoomCamera,XML_ATTR:{http://www.dji.com/drone-dji/1.0/}CameraSerialNumber,53HFNBG0M7XACS,raw_xmp_xml
@raw/03_第三批_20260908_1006_多火点/02_激光打点与定位验证/01_事后打点候选/无人机09_1581F7K3C24CS00AX535/DJI_202609080957_004/DJI_20260908102305_0004_V.JPG,B3,uav-09,53HFNBG0M7XACS,ZoomCamera,XML_ATTR:{http://www.dji.com/drone-dji/1.0/}DroneModel,M4T,raw_xmp_xml
@raw/03_第三批_20260908_1006_多火点/02_激光打点与定位验证/01_事后打点候选/无人机09_1581F7K3C24CS00AX535/DJI_202609080957_004/DJI_20260908102305_0004_V.JPG,B3,uav-09,53HFNBG0M7XACS,ZoomCamera,XML_ATTR:{http://www.dji.com/drone-dji/1.0/}DroneSerialNumber,1581F7K3C24CS00AX535,raw_xmp_xml
@raw/03_第三批_20260908_1006_多火点/02_激光打点与定位验证/01_事后打点候选/无人机09_1581F7K3C24CS00AX535/DJI_202609080957_004/DJI_20260908102305_0004_V.JPG,B3,uav-09,53HFNBG0M7XACS,ZoomCamera,XML_ATTR:{http://www.dji.com/drone-dji/1.0/}LRFStatus,Normal,raw_xmp_xml
@raw/03_第三批_20260908_1006_多火点/02_激光打点与定位验证/01_事后打点候选/无人机09_1581F7K3C24CS00AX535/DJI_202609080957_004/DJI_20260908102305_0004_V.JPG,B3,uav-09,53HFNBG0M7XACS,ZoomCamera,XML_ATTR:{http://www.dji.com/drone-dji/1.0/}LRFTargetDistance,2.174,raw_xmp_xml
@raw/03_第三批_20260908_1006_多火点/02_激光打点与定位验证/01_事后打点候选/无人机09_1581F7K3C24CS00AX535/DJI_202609080957_004/DJI_20260908102305_0004_V.JPG,B3,uav-09,53HFNBG0M7XACS,ZoomCamera,XML_ATTR:{http://www.dji.com/drone-dji/1.0/}LRFTargetLon,120.4728428,raw_xmp_xml
@raw/03_第三批_20260908_1006_多火点/02_激光打点与定位验证/01_事后打点候选/无人机09_1581F7K3C24CS00AX535/DJI_202609080957_004/DJI_20260908102305_0004_V.JPG,B3,uav-09,53HFNBG0M7XACS,ZoomCamera,XML_ATTR:{http://www.dji.com/drone-dji/1.0/}LRFTargetLat,31.2897161,raw_xmp_xml
@raw/03_第三批_20260908_1006_多火点/02_激光打点与定位验证/01_事后打点候选/无人机09_1581F7K3C24CS00AX535/DJI_202609080957_004/DJI_20260908102305_0004_V.JPG,B3,uav-09,53HFNBG0M7XACS,ZoomCamera,XML_ATTR:{http://www.dji.com/drone-dji/1.0/}LRFTargetAlt,3.157,raw_xmp_xml
@raw/03_第三批_20260908_1006_多火点/02_激光打点与定位验证/01_事后打点候选/无人机09_1581F7K3C24CS00AX535/DJI_202609080957_004/DJI_20260908102305_0004_V.JPG,B3,uav-09,53HFNBG0M7XACS,ZoomCamera,XML_ATTR:{http://www.dji.com/drone-dji/1.0/}LRFTargetAbsAlt,56.600,raw_xmp_xml
@raw/03_第三批_20260908_1006_多火点/02_激光打点与定位验证/01_事后打点候选/无人机09_1581F7K3C24CS00AX535/DJI_202609080957_004/DJI_20260908102305_0004_V.JPG,B3,uav-09,53HFNBG0M7XACS,ZoomCamera,XML_ATTR:{http://www.dji.com/drone-dji/1.0/}WhiteBalanceCCT,4525,raw_xmp_xml
@raw/03_第三批_20260908_1006_多火点/02_激光打点与定位验证/01_事后打点候选/无人机09_1581F7K3C24CS00AX535/DJI_202609080957_004/DJI_20260908102305_0004_V.JPG,B3,uav-09,53HFNBG0M7XACS,ZoomCamera,XML_ATTR:{http://www.dji.com/drone-dji/1.0/}SensorFPS,2997/100,raw_xmp_xml
@raw/03_第三批_20260908_1006_多火点/02_激光打点与定位验证/01_事后打点候选/无人机09_1581F7K3C24CS00AX535/DJI_202609080957_004/DJI_20260908102305_0004_V.JPG,B3,uav-09,53HFNBG0M7XACS,ZoomCamera,XML_ATTR:{http://www.dji.com/drone-dji/1.0/}LensPosition,45,raw_xmp_xml
@raw/03_第三批_20260908_1006_多火点/02_激光打点与定位验证/01_事后打点候选/无人机09_1581F7K3C24CS00AX535/DJI_202609080957_004/DJI_20260908102305_0004_V.JPG,B3,uav-09,53HFNBG0M7XACS,ZoomCamera,XML_ATTR:{http://www.dji.com/drone-dji/1.0/}LensInfinitePosition,35,raw_xmp_xml
@raw/03_第三批_20260908_1006_多火点/02_激光打点与定位验证/01_事后打点候选/无人机09_1581F7K3C24CS00AX535/DJI_202609080957_004/DJI_20260908102305_0004_V.JPG,B3,uav-09,53HFNBG0M7XACS,ZoomCamera,XML_ATTR:{http://www.dji.com/drone-dji/1.0/}LensTemperature,40.700000,raw_xmp_xml
@raw/03_第三批_20260908_1006_多火点/02_激光打点与定位验证/01_事后打点候选/无人机09_1581F7K3C24CS00AX535/DJI_202609080957_004/DJI_20260908102305_0004_V.JPG,B3,uav-09,53HFNBG0M7XACS,ZoomCamera,XML_ATTR:{http://pix4d.com/camera/1.0}FileType,single,raw_xmp_xml
@raw/03_第三批_20260908_1006_多火点/02_激光打点与定位验证/01_事后打点候选/无人机09_1581F7K3C24CS00AX535/DJI_202609080957_004/DJI_20260908102305_0004_V.JPG,B3,uav-09,53HFNBG0M7XACS,ZoomCamera,XML_ATTR:{http://ns.adobe.com/camera-raw-settings/1.0/}Version,7.0,raw_xmp_xml
@raw/03_第三批_20260908_1006_多火点/02_激光打点与定位验证/01_事后打点候选/无人机09_1581F7K3C24CS00AX535/DJI_202609080957_004/DJI_20260908102305_0004_V.JPG,B3,uav-09,53HFNBG0M7XACS,ZoomCamera,XML_ATTR:{http://ns.adobe.com/camera-raw-settings/1.0/}HasSettings,False,raw_xmp_xml
@raw/03_第三批_20260908_1006_多火点/02_激光打点与定位验证/01_事后打点候选/无人机09_1581F7K3C24CS00AX535/DJI_202609080957_004/DJI_20260908102305_0004_V.JPG,B3,uav-09,53HFNBG0M7XACS,ZoomCamera,XML_ATTR:{http://ns.adobe.com/camera-raw-settings/1.0/}HasCrop,False,raw_xmp_xml
@raw/03_第三批_20260908_1006_多火点/02_激光打点与定位验证/01_事后打点候选/无人机09_1581F7K3C24CS00AX535/DJI_202609080957_004/DJI_20260908102305_0004_V.JPG,B3,uav-09,53HFNBG0M7XACS,ZoomCamera,XML_ATTR:{http://ns.adobe.com/camera-raw-settings/1.0/}AlreadyApplied,False,raw_xmp_xml
@raw/03_第三批_20260908_1006_多火点/02_激光打点与定位验证/02_其他打点_待核验/无人机09_1581F7K3C24CS00AX535/DJI_202609081033_005/DJI_20260908103451_0001_V.JPG,B3,uav-09,53HFNBG0M7XACS,Wide,XMP-rdf:About,DJI Meta Data,exiftool
@raw/03_第三批_20260908_1006_多火点/02_激光打点与定位验证/02_其他打点_待核验/无人机09_1581F7K3C24CS00AX535/DJI_202609081033_005/DJI_20260908103451_0001_V.JPG,B3,uav-09,53HFNBG0M7XACS,Wide,XMP-xmp:ModifyDate,2026:09:08 10:34:51+08:00,exiftool
@raw/03_第三批_20260908_1006_多火点/02_激光打点与定位验证/02_其他打点_待核验/无人机09_1581F7K3C24CS00AX535/DJI_202609081033_005/DJI_20260908103451_0001_V.JPG,B3,uav-09,53HFNBG0M7XACS,Wide,XMP-xmp:CreateDate,2026:09:08 10:34:51+08:00,exiftool
@raw/03_第三批_20260908_1006_多火点/02_激光打点与定位验证/02_其他打点_待核验/无人机09_1581F7K3C24CS00AX535/DJI_202609081033_005/DJI_20260908103451_0001_V.JPG,B3,uav-09,53HFNBG0M7XACS,Wide,XMP-tiff:Make,DJI,exiftool
@raw/03_第三批_20260908_1006_多火点/02_激光打点与定位验证/02_其他打点_待核验/无人机09_1581F7K3C24CS00AX535/DJI_202609081033_005/DJI_20260908103451_0001_V.JPG,B3,uav-09,53HFNBG0M7XACS,Wide,XMP-tiff:Model,M4T,exiftool
@raw/03_第三批_20260908_1006_多火点/02_激光打点与定位验证/02_其他打点_待核验/无人机09_1581F7K3C24CS00AX535/DJI_202609081033_005/DJI_20260908103451_0001_V.JPG,B3,uav-09,53HFNBG0M7XACS,Wide,XMP-dc:Format,image/jpeg,exiftool
@raw/03_第三批_20260908_1006_多火点/02_激光打点与定位验证/02_其他打点_待核验/无人机09_1581F7K3C24CS00AX535/DJI_202609081033_005/DJI_20260908103451_0001_V.JPG,B3,uav-09,53HFNBG0M7XACS,Wide,XMP-drone-dji:Version,1.6,exiftool
@raw/03_第三批_20260908_1006_多火点/02_激光打点与定位验证/02_其他打点_待核验/无人机09_1581F7K3C24CS00AX535/DJI_202609081033_005/DJI_20260908103451_0001_V.JPG,B3,uav-09,53HFNBG0M7XACS,Wide,XMP-drone-dji:ImageSource,WideCamera,exiftool
@raw/03_第三批_20260908_1006_多火点/02_激光打点与定位验证/02_其他打点_待核验/无人机09_1581F7K3C24CS00AX535/DJI_202609081033_005/DJI_20260908103451_0001_V.JPG,B3,uav-09,53HFNBG0M7XACS,Wide,XMP-drone-dji:GpsStatus,RTK,exiftool
@raw/03_第三批_20260908_1006_多火点/02_激光打点与定位验证/02_其他打点_待核验/无人机09_1581F7K3C24CS00AX535/DJI_202609081033_005/DJI_20260908103451_0001_V.JPG,B3,uav-09,53HFNBG0M7XACS,Wide,XMP-drone-dji:AltitudeType,RtkAlt,exiftool
@raw/03_第三批_20260908_1006_多火点/02_激光打点与定位验证/02_其他打点_待核验/无人机09_1581F7K3C24CS00AX535/DJI_202609081033_005/DJI_20260908103451_0001_V.JPG,B3,uav-09,53HFNBG0M7XACS,Wide,XMP-drone-dji:GPSLatitude,+31.288738615,exiftool
@raw/03_第三批_20260908_1006_多火点/02_激光打点与定位验证/02_其他打点_待核验/无人机09_1581F7K3C24CS00AX535/DJI_202609081033_005/DJI_20260908103451_0001_V.JPG,B3,uav-09,53HFNBG0M7XACS,Wide,XMP-drone-dji:GPSLongitude,+120.472576157,exiftool
@raw/03_第三批_20260908_1006_多火点/02_激光打点与定位验证/02_其他打点_待核验/无人机09_1581F7K3C24CS00AX535/DJI_202609081033_005/DJI_20260908103451_0001_V.JPG,B3,uav-09,53HFNBG0M7XACS,Wide,XMP-drone-dji:AbsoluteAltitude,+46.871,exiftool
@raw/03_第三批_20260908_1006_多火点/02_激光打点与定位验证/02_其他打点_待核验/无人机09_1581F7K3C24CS00AX535/DJI_202609081033_005/DJI_20260908103451_0001_V.JPG,B3,uav-09,53HFNBG0M7XACS,Wide,XMP-drone-dji:RelativeAltitude,-0.0,exiftool
@raw/03_第三批_20260908_1006_多火点/02_激光打点与定位验证/02_其他打点_待核验/无人机09_1581F7K3C24CS00AX535/DJI_202609081033_005/DJI_20260908103451_0001_V.JPG,B3,uav-09,53HFNBG0M7XACS,Wide,XMP-drone-dji:GimbalRollDegree,+0.00,exiftool
@raw/03_第三批_20260908_1006_多火点/02_激光打点与定位验证/02_其他打点_待核验/无人机09_1581F7K3C24CS00AX535/DJI_202609081033_005/DJI_20260908103451_0001_V.JPG,B3,uav-09,53HFNBG0M7XACS,Wide,XMP-drone-dji:GimbalYawDegree,+122.10,exiftool
@raw/03_第三批_20260908_1006_多火点/02_激光打点与定位验证/02_其他打点_待核验/无人机09_1581F7K3C24CS00AX535/DJI_202609081033_005/DJI_20260908103451_0001_V.JPG,B3,uav-09,53HFNBG0M7XACS,Wide,XMP-drone-dji:GimbalPitchDegree,+0.00,exiftool
@raw/03_第三批_20260908_1006_多火点/02_激光打点与定位验证/02_其他打点_待核验/无人机09_1581F7K3C24CS00AX535/DJI_202609081033_005/DJI_20260908103451_0001_V.JPG,B3,uav-09,53HFNBG0M7XACS,Wide,XMP-drone-dji:FlightRollDegree,-1.6,exiftool
@raw/03_第三批_20260908_1006_多火点/02_激光打点与定位验证/02_其他打点_待核验/无人机09_1581F7K3C24CS00AX535/DJI_202609081033_005/DJI_20260908103451_0001_V.JPG,B3,uav-09,53HFNBG0M7XACS,Wide,XMP-drone-dji:FlightYawDegree,+121.90,exiftool
@raw/03_第三批_20260908_1006_多火点/02_激光打点与定位验证/02_其他打点_待核验/无人机09_1581F7K3C24CS00AX535/DJI_202609081033_005/DJI_20260908103451_0001_V.JPG,B3,uav-09,53HFNBG0M7XACS,Wide,XMP-drone-dji:FlightPitchDegree,+2.30,exiftool
@raw/03_第三批_20260908_1006_多火点/02_激光打点与定位验证/02_其他打点_待核验/无人机09_1581F7K3C24CS00AX535/DJI_202609081033_005/DJI_20260908103451_0001_V.JPG,B3,uav-09,53HFNBG0M7XACS,Wide,XMP-drone-dji:FlightXSpeed,0.0,exiftool
@raw/03_第三批_20260908_1006_多火点/02_激光打点与定位验证/02_其他打点_待核验/无人机09_1581F7K3C24CS00AX535/DJI_202609081033_005/DJI_20260908103451_0001_V.JPG,B3,uav-09,53HFNBG0M7XACS,Wide,XMP-drone-dji:FlightYSpeed,0.0,exiftool
@raw/03_第三批_20260908_1006_多火点/02_激光打点与定位验证/02_其他打点_待核验/无人机09_1581F7K3C24CS00AX535/DJI_202609081033_005/DJI_20260908103451_0001_V.JPG,B3,uav-09,53HFNBG0M7XACS,Wide,XMP-drone-dji:FlightZSpeed,0.0,exiftool
@raw/03_第三批_20260908_1006_多火点/02_激光打点与定位验证/02_其他打点_待核验/无人机09_1581F7K3C24CS00AX535/DJI_202609081033_005/DJI_20260908103451_0001_V.JPG,B3,uav-09,53HFNBG0M7XACS,Wide,XMP-drone-dji:CamReverse,0,exiftool
@raw/03_第三批_20260908_1006_多火点/02_激光打点与定位验证/02_其他打点_待核验/无人机09_1581F7K3C24CS00AX535/DJI_202609081033_005/DJI_20260908103451_0001_V.JPG,B3,uav-09,53HFNBG0M7XACS,Wide,XMP-drone-dji:GimbalReverse,0,exiftool
@raw/03_第三批_20260908_1006_多火点/02_激光打点与定位验证/02_其他打点_待核验/无人机09_1581F7K3C24CS00AX535/DJI_202609081033_005/DJI_20260908103451_0001_V.JPG,B3,uav-09,53HFNBG0M7XACS,Wide,XMP-drone-dji:SensorTemperature,41.0,exiftool
@raw/03_第三批_20260908_1006_多火点/02_激光打点与定位验证/02_其他打点_待核验/无人机09_1581F7K3C24CS00AX535/DJI_202609081033_005/DJI_20260908103451_0001_V.JPG,B3,uav-09,53HFNBG0M7XACS,Wide,XMP-drone-dji:ProductName,DJI Matrice 4T,exiftool
@raw/03_第三批_20260908_1006_多火点/02_激光打点与定位验证/02_其他打点_待核验/无人机09_1581F7K3C24CS00AX535/DJI_202609081033_005/DJI_20260908103451_0001_V.JPG,B3,uav-09,53HFNBG0M7XACS,Wide,XMP-drone-dji:SelfData,,exiftool
@raw/03_第三批_20260908_1006_多火点/02_激光打点与定位验证/02_其他打点_待核验/无人机09_1581F7K3C24CS00AX535/DJI_202609081033_005/DJI_20260908103451_0001_V.JPG,B3,uav-09,53HFNBG0M7XACS,Wide,XMP-drone-dji:RtkFlag,16,exiftool
@raw/03_第三批_20260908_1006_多火点/02_激光打点与定位验证/02_其他打点_待核验/无人机09_1581F7K3C24CS00AX535/DJI_202609081033_005/DJI_20260908103451_0001_V.JPG,B3,uav-09,53HFNBG0M7XACS,Wide,XMP-drone-dji:RtkStdLon,0.08074,exiftool
@raw/03_第三批_20260908_1006_多火点/02_激光打点与定位验证/02_其他打点_待核验/无人机09_1581F7K3C24CS00AX535/DJI_202609081033_005/DJI_20260908103451_0001_V.JPG,B3,uav-09,53HFNBG0M7XACS,Wide,XMP-drone-dji:RtkStdLat,0.092,exiftool
@raw/03_第三批_20260908_1006_多火点/02_激光打点与定位验证/02_其他打点_待核验/无人机09_1581F7K3C24CS00AX535/DJI_202609081033_005/DJI_20260908103451_0001_V.JPG,B3,uav-09,53HFNBG0M7XACS,Wide,XMP-drone-dji:RtkStdHgt,0.17742,exiftool
@raw/03_第三批_20260908_1006_多火点/02_激光打点与定位验证/02_其他打点_待核验/无人机09_1581F7K3C24CS00AX535/DJI_202609081033_005/DJI_20260908103451_0001_V.JPG,B3,uav-09,53HFNBG0M7XACS,Wide,XMP-drone-dji:RtkDiffAge,0.0,exiftool
@raw/03_第三批_20260908_1006_多火点/02_激光打点与定位验证/02_其他打点_待核验/无人机09_1581F7K3C24CS00AX535/DJI_202609081033_005/DJI_20260908103451_0001_V.JPG,B3,uav-09,53HFNBG0M7XACS,Wide,XMP-drone-dji:SurveyingMode,1,exiftool
@raw/03_第三批_20260908_1006_多火点/02_激光打点与定位验证/02_其他打点_待核验/无人机09_1581F7K3C24CS00AX535/DJI_202609081033_005/DJI_20260908103451_0001_V.JPG,B3,uav-09,53HFNBG0M7XACS,Wide,XMP-drone-dji:UTCAtExposure,2026:09:08 02:35:07.744996,exiftool
@raw/03_第三批_20260908_1006_多火点/02_激光打点与定位验证/02_其他打点_待核验/无人机09_1581F7K3C24CS00AX535/DJI_202609081033_005/DJI_20260908103451_0001_V.JPG,B3,uav-09,53HFNBG0M7XACS,Wide,XMP-drone-dji:ShutterType,Electronic,exiftool
@raw/03_第三批_20260908_1006_多火点/02_激光打点与定位验证/02_其他打点_待核验/无人机09_1581F7K3C24CS00AX535/DJI_202609081033_005/DJI_20260908103451_0001_V.JPG,B3,uav-09,53HFNBG0M7XACS,Wide,XMP-drone-dji:CameraSerialNumber,53HFNBG0M7XACS,exiftool
@raw/03_第三批_20260908_1006_多火点/02_激光打点与定位验证/02_其他打点_待核验/无人机09_1581F7K3C24CS00AX535/DJI_202609081033_005/DJI_20260908103451_0001_V.JPG,B3,uav-09,53HFNBG0M7XACS,Wide,XMP-drone-dji:DroneModel,M4T,exiftool
@raw/03_第三批_20260908_1006_多火点/02_激光打点与定位验证/02_其他打点_待核验/无人机09_1581F7K3C24CS00AX535/DJI_202609081033_005/DJI_20260908103451_0001_V.JPG,B3,uav-09,53HFNBG0M7XACS,Wide,XMP-drone-dji:DroneSerialNumber,1581F7K3C24CS00AX535,exiftool
@raw/03_第三批_20260908_1006_多火点/02_激光打点与定位验证/02_其他打点_待核验/无人机09_1581F7K3C24CS00AX535/DJI_202609081033_005/DJI_20260908103451_0001_V.JPG,B3,uav-09,53HFNBG0M7XACS,Wide,XMP-drone-dji:LRFStatus,Normal,exiftool
@raw/03_第三批_20260908_1006_多火点/02_激光打点与定位验证/02_其他打点_待核验/无人机09_1581F7K3C24CS00AX535/DJI_202609081033_005/DJI_20260908103451_0001_V.JPG,B3,uav-09,53HFNBG0M7XACS,Wide,XMP-drone-dji:LRFTargetDistance,1.179,exiftool
@raw/03_第三批_20260908_1006_多火点/02_激光打点与定位验证/02_其他打点_待核验/无人机09_1581F7K3C24CS00AX535/DJI_202609081033_005/DJI_20260908103451_0001_V.JPG,B3,uav-09,53HFNBG0M7XACS,Wide,XMP-drone-dji:LRFTargetLon,120.4725843,exiftool
@raw/03_第三批_20260908_1006_多火点/02_激光打点与定位验证/02_其他打点_待核验/无人机09_1581F7K3C24CS00AX535/DJI_202609081033_005/DJI_20260908103451_0001_V.JPG,B3,uav-09,53HFNBG0M7XACS,Wide,XMP-drone-dji:LRFTargetLat,31.2887356,exiftool
@raw/03_第三批_20260908_1006_多火点/02_激光打点与定位验证/02_其他打点_待核验/无人机09_1581F7K3C24CS00AX535/DJI_202609081033_005/DJI_20260908103451_0001_V.JPG,B3,uav-09,53HFNBG0M7XACS,Wide,XMP-drone-dji:LRFTargetAlt,-0.036,exiftool
@raw/03_第三批_20260908_1006_多火点/02_激光打点与定位验证/02_其他打点_待核验/无人机09_1581F7K3C24CS00AX535/DJI_202609081033_005/DJI_20260908103451_0001_V.JPG,B3,uav-09,53HFNBG0M7XACS,Wide,XMP-drone-dji:LRFTargetAbsAlt,51.0,exiftool
@raw/03_第三批_20260908_1006_多火点/02_激光打点与定位验证/02_其他打点_待核验/无人机09_1581F7K3C24CS00AX535/DJI_202609081033_005/DJI_20260908103451_0001_V.JPG,B3,uav-09,53HFNBG0M7XACS,Wide,XMP-drone-dji:WhiteBalanceCCT,4930,exiftool
@raw/03_第三批_20260908_1006_多火点/02_激光打点与定位验证/02_其他打点_待核验/无人机09_1581F7K3C24CS00AX535/DJI_202609081033_005/DJI_20260908103451_0001_V.JPG,B3,uav-09,53HFNBG0M7XACS,Wide,XMP-drone-dji:SensorFPS,29.97,exiftool
@raw/03_第三批_20260908_1006_多火点/02_激光打点与定位验证/02_其他打点_待核验/无人机09_1581F7K3C24CS00AX535/DJI_202609081033_005/DJI_20260908103451_0001_V.JPG,B3,uav-09,53HFNBG0M7XACS,Wide,XMP-drone-dji:LensPosition,37,exiftool
@raw/03_第三批_20260908_1006_多火点/02_激光打点与定位验证/02_其他打点_待核验/无人机09_1581F7K3C24CS00AX535/DJI_202609081033_005/DJI_20260908103451_0001_V.JPG,B3,uav-09,53HFNBG0M7XACS,Wide,XMP-drone-dji:LensInfinitePosition,35,exiftool
@raw/03_第三批_20260908_1006_多火点/02_激光打点与定位验证/02_其他打点_待核验/无人机09_1581F7K3C24CS00AX535/DJI_202609081033_005/DJI_20260908103451_0001_V.JPG,B3,uav-09,53HFNBG0M7XACS,Wide,XMP-drone-dji:LensTemperature,40.5,exiftool
@raw/03_第三批_20260908_1006_多火点/02_激光打点与定位验证/02_其他打点_待核验/无人机09_1581F7K3C24CS00AX535/DJI_202609081033_005/DJI_20260908103451_0001_V.JPG,B3,uav-09,53HFNBG0M7XACS,Wide,XMP-Camera:FileType,single,exiftool
@raw/03_第三批_20260908_1006_多火点/02_激光打点与定位验证/02_其他打点_待核验/无人机09_1581F7K3C24CS00AX535/DJI_202609081033_005/DJI_20260908103451_0001_V.JPG,B3,uav-09,53HFNBG0M7XACS,Wide,XMP-crs:Version,7.0,exiftool
@raw/03_第三批_20260908_1006_多火点/02_激光打点与定位验证/02_其他打点_待核验/无人机09_1581F7K3C24CS00AX535/DJI_202609081033_005/DJI_20260908103451_0001_V.JPG,B3,uav-09,53HFNBG0M7XACS,Wide,XMP-crs:HasSettings,False,exiftool
@raw/03_第三批_20260908_1006_多火点/02_激光打点与定位验证/02_其他打点_待核验/无人机09_1581F7K3C24CS00AX535/DJI_202609081033_005/DJI_20260908103451_0001_V.JPG,B3,uav-09,53HFNBG0M7XACS,Wide,XMP-crs:HasCrop,False,exiftool
@raw/03_第三批_20260908_1006_多火点/02_激光打点与定位验证/02_其他打点_待核验/无人机09_1581F7K3C24CS00AX535/DJI_202609081033_005/DJI_20260908103451_0001_V.JPG,B3,uav-09,53HFNBG0M7XACS,Wide,XMP-crs:AlreadyApplied,False,exiftool
@raw/03_第三批_20260908_1006_多火点/02_激光打点与定位验证/02_其他打点_待核验/无人机09_1581F7K3C24CS00AX535/DJI_202609081033_005/DJI_20260908103451_0001_V.JPG,B3,uav-09,53HFNBG0M7XACS,Wide,XML_ATTR:{http://www.w3.org/1999/02/22-rdf-syntax-ns#}about,DJI Meta Data,raw_xmp_xml
@raw/03_第三批_20260908_1006_多火点/02_激光打点与定位验证/02_其他打点_待核验/无人机09_1581F7K3C24CS00AX535/DJI_202609081033_005/DJI_20260908103451_0001_V.JPG,B3,uav-09,53HFNBG0M7XACS,Wide,XML_ATTR:{http://ns.adobe.com/xap/1.0/}ModifyDate,2026-09-08T10:34:51+08:00,raw_xmp_xml
@raw/03_第三批_20260908_1006_多火点/02_激光打点与定位验证/02_其他打点_待核验/无人机09_1581F7K3C24CS00AX535/DJI_202609081033_005/DJI_20260908103451_0001_V.JPG,B3,uav-09,53HFNBG0M7XACS,Wide,XML_ATTR:{http://ns.adobe.com/xap/1.0/}CreateDate,2026-09-08T10:34:51+08:00,raw_xmp_xml
@raw/03_第三批_20260908_1006_多火点/02_激光打点与定位验证/02_其他打点_待核验/无人机09_1581F7K3C24CS00AX535/DJI_202609081033_005/DJI_20260908103451_0001_V.JPG,B3,uav-09,53HFNBG0M7XACS,Wide,XML_ATTR:{http://ns.adobe.com/tiff/1.0/}Make,DJI,raw_xmp_xml
@raw/03_第三批_20260908_1006_多火点/02_激光打点与定位验证/02_其他打点_待核验/无人机09_1581F7K3C24CS00AX535/DJI_202609081033_005/DJI_20260908103451_0001_V.JPG,B3,uav-09,53HFNBG0M7XACS,Wide,XML_ATTR:{http://ns.adobe.com/tiff/1.0/}Model,M4T,raw_xmp_xml
@raw/03_第三批_20260908_1006_多火点/02_激光打点与定位验证/02_其他打点_待核验/无人机09_1581F7K3C24CS00AX535/DJI_202609081033_005/DJI_20260908103451_0001_V.JPG,B3,uav-09,53HFNBG0M7XACS,Wide,XML_ATTR:{http://purl.org/dc/elements/1.1/}format,image/jpeg,raw_xmp_xml
@raw/03_第三批_20260908_1006_多火点/02_激光打点与定位验证/02_其他打点_待核验/无人机09_1581F7K3C24CS00AX535/DJI_202609081033_005/DJI_20260908103451_0001_V.JPG,B3,uav-09,53HFNBG0M7XACS,Wide,XML_ATTR:{http://www.dji.com/drone-dji/1.0/}Version,1.6,raw_xmp_xml
@raw/03_第三批_20260908_1006_多火点/02_激光打点与定位验证/02_其他打点_待核验/无人机09_1581F7K3C24CS00AX535/DJI_202609081033_005/DJI_20260908103451_0001_V.JPG,B3,uav-09,53HFNBG0M7XACS,Wide,XML_ATTR:{http://www.dji.com/drone-dji/1.0/}ImageSource,WideCamera,raw_xmp_xml
@raw/03_第三批_20260908_1006_多火点/02_激光打点与定位验证/02_其他打点_待核验/无人机09_1581F7K3C24CS00AX535/DJI_202609081033_005/DJI_20260908103451_0001_V.JPG,B3,uav-09,53HFNBG0M7XACS,Wide,XML_ATTR:{http://www.dji.com/drone-dji/1.0/}GpsStatus,RTK,raw_xmp_xml
@raw/03_第三批_20260908_1006_多火点/02_激光打点与定位验证/02_其他打点_待核验/无人机09_1581F7K3C24CS00AX535/DJI_202609081033_005/DJI_20260908103451_0001_V.JPG,B3,uav-09,53HFNBG0M7XACS,Wide,XML_ATTR:{http://www.dji.com/drone-dji/1.0/}AltitudeType,RtkAlt,raw_xmp_xml
@raw/03_第三批_20260908_1006_多火点/02_激光打点与定位验证/02_其他打点_待核验/无人机09_1581F7K3C24CS00AX535/DJI_202609081033_005/DJI_20260908103451_0001_V.JPG,B3,uav-09,53HFNBG0M7XACS,Wide,XML_ATTR:{http://www.dji.com/drone-dji/1.0/}GpsLatitude,+31.288738615,raw_xmp_xml
@raw/03_第三批_20260908_1006_多火点/02_激光打点与定位验证/02_其他打点_待核验/无人机09_1581F7K3C24CS00AX535/DJI_202609081033_005/DJI_20260908103451_0001_V.JPG,B3,uav-09,53HFNBG0M7XACS,Wide,XML_ATTR:{http://www.dji.com/drone-dji/1.0/}GpsLongitude,+120.472576157,raw_xmp_xml
@raw/03_第三批_20260908_1006_多火点/02_激光打点与定位验证/02_其他打点_待核验/无人机09_1581F7K3C24CS00AX535/DJI_202609081033_005/DJI_20260908103451_0001_V.JPG,B3,uav-09,53HFNBG0M7XACS,Wide,XML_ATTR:{http://www.dji.com/drone-dji/1.0/}AbsoluteAltitude,+46.871,raw_xmp_xml
@raw/03_第三批_20260908_1006_多火点/02_激光打点与定位验证/02_其他打点_待核验/无人机09_1581F7K3C24CS00AX535/DJI_202609081033_005/DJI_20260908103451_0001_V.JPG,B3,uav-09,53HFNBG0M7XACS,Wide,XML_ATTR:{http://www.dji.com/drone-dji/1.0/}RelativeAltitude,-0.000,raw_xmp_xml
@raw/03_第三批_20260908_1006_多火点/02_激光打点与定位验证/02_其他打点_待核验/无人机09_1581F7K3C24CS00AX535/DJI_202609081033_005/DJI_20260908103451_0001_V.JPG,B3,uav-09,53HFNBG0M7XACS,Wide,XML_ATTR:{http://www.dji.com/drone-dji/1.0/}GimbalRollDegree,+0.00,raw_xmp_xml
@raw/03_第三批_20260908_1006_多火点/02_激光打点与定位验证/02_其他打点_待核验/无人机09_1581F7K3C24CS00AX535/DJI_202609081033_005/DJI_20260908103451_0001_V.JPG,B3,uav-09,53HFNBG0M7XACS,Wide,XML_ATTR:{http://www.dji.com/drone-dji/1.0/}GimbalYawDegree,+122.10,raw_xmp_xml
@raw/03_第三批_20260908_1006_多火点/02_激光打点与定位验证/02_其他打点_待核验/无人机09_1581F7K3C24CS00AX535/DJI_202609081033_005/DJI_20260908103451_0001_V.JPG,B3,uav-09,53HFNBG0M7XACS,Wide,XML_ATTR:{http://www.dji.com/drone-dji/1.0/}GimbalPitchDegree,+0.00,raw_xmp_xml
@raw/03_第三批_20260908_1006_多火点/02_激光打点与定位验证/02_其他打点_待核验/无人机09_1581F7K3C24CS00AX535/DJI_202609081033_005/DJI_20260908103451_0001_V.JPG,B3,uav-09,53HFNBG0M7XACS,Wide,XML_ATTR:{http://www.dji.com/drone-dji/1.0/}FlightRollDegree,-1.60,raw_xmp_xml
@raw/03_第三批_20260908_1006_多火点/02_激光打点与定位验证/02_其他打点_待核验/无人机09_1581F7K3C24CS00AX535/DJI_202609081033_005/DJI_20260908103451_0001_V.JPG,B3,uav-09,53HFNBG0M7XACS,Wide,XML_ATTR:{http://www.dji.com/drone-dji/1.0/}FlightYawDegree,+121.90,raw_xmp_xml
@raw/03_第三批_20260908_1006_多火点/02_激光打点与定位验证/02_其他打点_待核验/无人机09_1581F7K3C24CS00AX535/DJI_202609081033_005/DJI_20260908103451_0001_V.JPG,B3,uav-09,53HFNBG0M7XACS,Wide,XML_ATTR:{http://www.dji.com/drone-dji/1.0/}FlightPitchDegree,+2.30,raw_xmp_xml
@raw/03_第三批_20260908_1006_多火点/02_激光打点与定位验证/02_其他打点_待核验/无人机09_1581F7K3C24CS00AX535/DJI_202609081033_005/DJI_20260908103451_0001_V.JPG,B3,uav-09,53HFNBG0M7XACS,Wide,XML_ATTR:{http://www.dji.com/drone-dji/1.0/}FlightXSpeed,0.0,raw_xmp_xml
@raw/03_第三批_20260908_1006_多火点/02_激光打点与定位验证/02_其他打点_待核验/无人机09_1581F7K3C24CS00AX535/DJI_202609081033_005/DJI_20260908103451_0001_V.JPG,B3,uav-09,53HFNBG0M7XACS,Wide,XML_ATTR:{http://www.dji.com/drone-dji/1.0/}FlightYSpeed,0.0,raw_xmp_xml
@raw/03_第三批_20260908_1006_多火点/02_激光打点与定位验证/02_其他打点_待核验/无人机09_1581F7K3C24CS00AX535/DJI_202609081033_005/DJI_20260908103451_0001_V.JPG,B3,uav-09,53HFNBG0M7XACS,Wide,XML_ATTR:{http://www.dji.com/drone-dji/1.0/}FlightZSpeed,0.0,raw_xmp_xml
@raw/03_第三批_20260908_1006_多火点/02_激光打点与定位验证/02_其他打点_待核验/无人机09_1581F7K3C24CS00AX535/DJI_202609081033_005/DJI_20260908103451_0001_V.JPG,B3,uav-09,53HFNBG0M7XACS,Wide,XML_ATTR:{http://www.dji.com/drone-dji/1.0/}CamReverse,0,raw_xmp_xml
@raw/03_第三批_20260908_1006_多火点/02_激光打点与定位验证/02_其他打点_待核验/无人机09_1581F7K3C24CS00AX535/DJI_202609081033_005/DJI_20260908103451_0001_V.JPG,B3,uav-09,53HFNBG0M7XACS,Wide,XML_ATTR:{http://www.dji.com/drone-dji/1.0/}GimbalReverse,0,raw_xmp_xml
@raw/03_第三批_20260908_1006_多火点/02_激光打点与定位验证/02_其他打点_待核验/无人机09_1581F7K3C24CS00AX535/DJI_202609081033_005/DJI_20260908103451_0001_V.JPG,B3,uav-09,53HFNBG0M7XACS,Wide,XML_ATTR:{http://www.dji.com/drone-dji/1.0/}SensorTemperature,41.0,raw_xmp_xml
@raw/03_第三批_20260908_1006_多火点/02_激光打点与定位验证/02_其他打点_待核验/无人机09_1581F7K3C24CS00AX535/DJI_202609081033_005/DJI_20260908103451_0001_V.JPG,B3,uav-09,53HFNBG0M7XACS,Wide,XML_ATTR:{http://www.dji.com/drone-dji/1.0/}ProductName,DJI Matrice 4T,raw_xmp_xml
@raw/03_第三批_20260908_1006_多火点/02_激光打点与定位验证/02_其他打点_待核验/无人机09_1581F7K3C24CS00AX535/DJI_202609081033_005/DJI_20260908103451_0001_V.JPG,B3,uav-09,53HFNBG0M7XACS,Wide,XML_ATTR:{http://www.dji.com/drone-dji/1.0/}SelfData,,raw_xmp_xml
@raw/03_第三批_20260908_1006_多火点/02_激光打点与定位验证/02_其他打点_待核验/无人机09_1581F7K3C24CS00AX535/DJI_202609081033_005/DJI_20260908103451_0001_V.JPG,B3,uav-09,53HFNBG0M7XACS,Wide,XML_ATTR:{http://www.dji.com/drone-dji/1.0/}RtkFlag,16,raw_xmp_xml
@raw/03_第三批_20260908_1006_多火点/02_激光打点与定位验证/02_其他打点_待核验/无人机09_1581F7K3C24CS00AX535/DJI_202609081033_005/DJI_20260908103451_0001_V.JPG,B3,uav-09,53HFNBG0M7XACS,Wide,XML_ATTR:{http://www.dji.com/drone-dji/1.0/}RtkStdLon,0.08074,raw_xmp_xml
@raw/03_第三批_20260908_1006_多火点/02_激光打点与定位验证/02_其他打点_待核验/无人机09_1581F7K3C24CS00AX535/DJI_202609081033_005/DJI_20260908103451_0001_V.JPG,B3,uav-09,53HFNBG0M7XACS,Wide,XML_ATTR:{http://www.dji.com/drone-dji/1.0/}RtkStdLat,0.09200,raw_xmp_xml
@raw/03_第三批_20260908_1006_多火点/02_激光打点与定位验证/02_其他打点_待核验/无人机09_1581F7K3C24CS00AX535/DJI_202609081033_005/DJI_20260908103451_0001_V.JPG,B3,uav-09,53HFNBG0M7XACS,Wide,XML_ATTR:{http://www.dji.com/drone-dji/1.0/}RtkStdHgt,0.17742,raw_xmp_xml
@raw/03_第三批_20260908_1006_多火点/02_激光打点与定位验证/02_其他打点_待核验/无人机09_1581F7K3C24CS00AX535/DJI_202609081033_005/DJI_20260908103451_0001_V.JPG,B3,uav-09,53HFNBG0M7XACS,Wide,XML_ATTR:{http://www.dji.com/drone-dji/1.0/}RtkDiffAge,0.00000,raw_xmp_xml
@raw/03_第三批_20260908_1006_多火点/02_激光打点与定位验证/02_其他打点_待核验/无人机09_1581F7K3C24CS00AX535/DJI_202609081033_005/DJI_20260908103451_0001_V.JPG,B3,uav-09,53HFNBG0M7XACS,Wide,XML_ATTR:{http://www.dji.com/drone-dji/1.0/}SurveyingMode,1,raw_xmp_xml
@raw/03_第三批_20260908_1006_多火点/02_激光打点与定位验证/02_其他打点_待核验/无人机09_1581F7K3C24CS00AX535/DJI_202609081033_005/DJI_20260908103451_0001_V.JPG,B3,uav-09,53HFNBG0M7XACS,Wide,XML_ATTR:{http://www.dji.com/drone-dji/1.0/}UTCAtExposure,2026-09-08T02:35:07.744996,raw_xmp_xml
@raw/03_第三批_20260908_1006_多火点/02_激光打点与定位验证/02_其他打点_待核验/无人机09_1581F7K3C24CS00AX535/DJI_202609081033_005/DJI_20260908103451_0001_V.JPG,B3,uav-09,53HFNBG0M7XACS,Wide,XML_ATTR:{http://www.dji.com/drone-dji/1.0/}ShutterType,Electronic,raw_xmp_xml
@raw/03_第三批_20260908_1006_多火点/02_激光打点与定位验证/02_其他打点_待核验/无人机09_1581F7K3C24CS00AX535/DJI_202609081033_005/DJI_20260908103451_0001_V.JPG,B3,uav-09,53HFNBG0M7XACS,Wide,XML_ATTR:{http://www.dji.com/drone-dji/1.0/}CameraSerialNumber,53HFNBG0M7XACS,raw_xmp_xml
@raw/03_第三批_20260908_1006_多火点/02_激光打点与定位验证/02_其他打点_待核验/无人机09_1581F7K3C24CS00AX535/DJI_202609081033_005/DJI_20260908103451_0001_V.JPG,B3,uav-09,53HFNBG0M7XACS,Wide,XML_ATTR:{http://www.dji.com/drone-dji/1.0/}DroneModel,M4T,raw_xmp_xml
@raw/03_第三批_20260908_1006_多火点/02_激光打点与定位验证/02_其他打点_待核验/无人机09_1581F7K3C24CS00AX535/DJI_202609081033_005/DJI_20260908103451_0001_V.JPG,B3,uav-09,53HFNBG0M7XACS,Wide,XML_ATTR:{http://www.dji.com/drone-dji/1.0/}DroneSerialNumber,1581F7K3C24CS00AX535,raw_xmp_xml
@raw/03_第三批_20260908_1006_多火点/02_激光打点与定位验证/02_其他打点_待核验/无人机09_1581F7K3C24CS00AX535/DJI_202609081033_005/DJI_20260908103451_0001_V.JPG,B3,uav-09,53HFNBG0M7XACS,Wide,XML_ATTR:{http://www.dji.com/drone-dji/1.0/}LRFStatus,Normal,raw_xmp_xml
@raw/03_第三批_20260908_1006_多火点/02_激光打点与定位验证/02_其他打点_待核验/无人机09_1581F7K3C24CS00AX535/DJI_202609081033_005/DJI_20260908103451_0001_V.JPG,B3,uav-09,53HFNBG0M7XACS,Wide,XML_ATTR:{http://www.dji.com/drone-dji/1.0/}LRFTargetDistance,1.179,raw_xmp_xml
@raw/03_第三批_20260908_1006_多火点/02_激光打点与定位验证/02_其他打点_待核验/无人机09_1581F7K3C24CS00AX535/DJI_202609081033_005/DJI_20260908103451_0001_V.JPG,B3,uav-09,53HFNBG0M7XACS,Wide,XML_ATTR:{http://www.dji.com/drone-dji/1.0/}LRFTargetLon,120.4725843,raw_xmp_xml
@raw/03_第三批_20260908_1006_多火点/02_激光打点与定位验证/02_其他打点_待核验/无人机09_1581F7K3C24CS00AX535/DJI_202609081033_005/DJI_20260908103451_0001_V.JPG,B3,uav-09,53HFNBG0M7XACS,Wide,XML_ATTR:{http://www.dji.com/drone-dji/1.0/}LRFTargetLat,31.2887356,raw_xmp_xml
@raw/03_第三批_20260908_1006_多火点/02_激光打点与定位验证/02_其他打点_待核验/无人机09_1581F7K3C24CS00AX535/DJI_202609081033_005/DJI_20260908103451_0001_V.JPG,B3,uav-09,53HFNBG0M7XACS,Wide,XML_ATTR:{http://www.dji.com/drone-dji/1.0/}LRFTargetAlt,-0.036,raw_xmp_xml
@raw/03_第三批_20260908_1006_多火点/02_激光打点与定位验证/02_其他打点_待核验/无人机09_1581F7K3C24CS00AX535/DJI_202609081033_005/DJI_20260908103451_0001_V.JPG,B3,uav-09,53HFNBG0M7XACS,Wide,XML_ATTR:{http://www.dji.com/drone-dji/1.0/}LRFTargetAbsAlt,51.000,raw_xmp_xml
@raw/03_第三批_20260908_1006_多火点/02_激光打点与定位验证/02_其他打点_待核验/无人机09_1581F7K3C24CS00AX535/DJI_202609081033_005/DJI_20260908103451_0001_V.JPG,B3,uav-09,53HFNBG0M7XACS,Wide,XML_ATTR:{http://www.dji.com/drone-dji/1.0/}WhiteBalanceCCT,4930,raw_xmp_xml
@raw/03_第三批_20260908_1006_多火点/02_激光打点与定位验证/02_其他打点_待核验/无人机09_1581F7K3C24CS00AX535/DJI_202609081033_005/DJI_20260908103451_0001_V.JPG,B3,uav-09,53HFNBG0M7XACS,Wide,XML_ATTR:{http://www.dji.com/drone-dji/1.0/}SensorFPS,2997/100,raw_xmp_xml
@raw/03_第三批_20260908_1006_多火点/02_激光打点与定位验证/02_其他打点_待核验/无人机09_1581F7K3C24CS00AX535/DJI_202609081033_005/DJI_20260908103451_0001_V.JPG,B3,uav-09,53HFNBG0M7XACS,Wide,XML_ATTR:{http://www.dji.com/drone-dji/1.0/}LensPosition,37,raw_xmp_xml
@raw/03_第三批_20260908_1006_多火点/02_激光打点与定位验证/02_其他打点_待核验/无人机09_1581F7K3C24CS00AX535/DJI_202609081033_005/DJI_20260908103451_0001_V.JPG,B3,uav-09,53HFNBG0M7XACS,Wide,XML_ATTR:{http://www.dji.com/drone-dji/1.0/}LensInfinitePosition,35,raw_xmp_xml
@raw/03_第三批_20260908_1006_多火点/02_激光打点与定位验证/02_其他打点_待核验/无人机09_1581F7K3C24CS00AX535/DJI_202609081033_005/DJI_20260908103451_0001_V.JPG,B3,uav-09,53HFNBG0M7XACS,Wide,XML_ATTR:{http://www.dji.com/drone-dji/1.0/}LensTemperature,40.500000,raw_xmp_xml
@raw/03_第三批_20260908_1006_多火点/02_激光打点与定位验证/02_其他打点_待核验/无人机09_1581F7K3C24CS00AX535/DJI_202609081033_005/DJI_20260908103451_0001_V.JPG,B3,uav-09,53HFNBG0M7XACS,Wide,XML_ATTR:{http://pix4d.com/camera/1.0}FileType,single,raw_xmp_xml
@raw/03_第三批_20260908_1006_多火点/02_激光打点与定位验证/02_其他打点_待核验/无人机09_1581F7K3C24CS00AX535/DJI_202609081033_005/DJI_20260908103451_0001_V.JPG,B3,uav-09,53HFNBG0M7XACS,Wide,XML_ATTR:{http://ns.adobe.com/camera-raw-settings/1.0/}Version,7.0,raw_xmp_xml
@raw/03_第三批_20260908_1006_多火点/02_激光打点与定位验证/02_其他打点_待核验/无人机09_1581F7K3C24CS00AX535/DJI_202609081033_005/DJI_20260908103451_0001_V.JPG,B3,uav-09,53HFNBG0M7XACS,Wide,XML_ATTR:{http://ns.adobe.com/camera-raw-settings/1.0/}HasSettings,False,raw_xmp_xml
@raw/03_第三批_20260908_1006_多火点/02_激光打点与定位验证/02_其他打点_待核验/无人机09_1581F7K3C24CS00AX535/DJI_202609081033_005/DJI_20260908103451_0001_V.JPG,B3,uav-09,53HFNBG0M7XACS,Wide,XML_ATTR:{http://ns.adobe.com/camera-raw-settings/1.0/}HasCrop,False,raw_xmp_xml
@raw/03_第三批_20260908_1006_多火点/02_激光打点与定位验证/02_其他打点_待核验/无人机09_1581F7K3C24CS00AX535/DJI_202609081033_005/DJI_20260908103451_0001_V.JPG,B3,uav-09,53HFNBG0M7XACS,Wide,XML_ATTR:{http://ns.adobe.com/camera-raw-settings/1.0/}AlreadyApplied,False,raw_xmp_xml
@raw/03_第三批_20260908_1006_多火点/02_激光打点与定位验证/02_其他打点_待核验/无人机09_1581F7K3C24CS00AX535/DJI_202609081033_005/DJI_20260908103456_0003_V.JPG,B3,uav-09,53HFNBG0M7XACS,Wide,XMP-rdf:About,DJI Meta Data,exiftool
@raw/03_第三批_20260908_1006_多火点/02_激光打点与定位验证/02_其他打点_待核验/无人机09_1581F7K3C24CS00AX535/DJI_202609081033_005/DJI_20260908103456_0003_V.JPG,B3,uav-09,53HFNBG0M7XACS,Wide,XMP-xmp:ModifyDate,2026:09:08 10:34:56+08:00,exiftool
@raw/03_第三批_20260908_1006_多火点/02_激光打点与定位验证/02_其他打点_待核验/无人机09_1581F7K3C24CS00AX535/DJI_202609081033_005/DJI_20260908103456_0003_V.JPG,B3,uav-09,53HFNBG0M7XACS,Wide,XMP-xmp:CreateDate,2026:09:08 10:34:56+08:00,exiftool
@raw/03_第三批_20260908_1006_多火点/02_激光打点与定位验证/02_其他打点_待核验/无人机09_1581F7K3C24CS00AX535/DJI_202609081033_005/DJI_20260908103456_0003_V.JPG,B3,uav-09,53HFNBG0M7XACS,Wide,XMP-tiff:Make,DJI,exiftool
@raw/03_第三批_20260908_1006_多火点/02_激光打点与定位验证/02_其他打点_待核验/无人机09_1581F7K3C24CS00AX535/DJI_202609081033_005/DJI_20260908103456_0003_V.JPG,B3,uav-09,53HFNBG0M7XACS,Wide,XMP-tiff:Model,M4T,exiftool
@raw/03_第三批_20260908_1006_多火点/02_激光打点与定位验证/02_其他打点_待核验/无人机09_1581F7K3C24CS00AX535/DJI_202609081033_005/DJI_20260908103456_0003_V.JPG,B3,uav-09,53HFNBG0M7XACS,Wide,XMP-dc:Format,image/jpeg,exiftool
@raw/03_第三批_20260908_1006_多火点/02_激光打点与定位验证/02_其他打点_待核验/无人机09_1581F7K3C24CS00AX535/DJI_202609081033_005/DJI_20260908103456_0003_V.JPG,B3,uav-09,53HFNBG0M7XACS,Wide,XMP-drone-dji:Version,1.6,exiftool
@raw/03_第三批_20260908_1006_多火点/02_激光打点与定位验证/02_其他打点_待核验/无人机09_1581F7K3C24CS00AX535/DJI_202609081033_005/DJI_20260908103456_0003_V.JPG,B3,uav-09,53HFNBG0M7XACS,Wide,XMP-drone-dji:ImageSource,WideCamera,exiftool
@raw/03_第三批_20260908_1006_多火点/02_激光打点与定位验证/02_其他打点_待核验/无人机09_1581F7K3C24CS00AX535/DJI_202609081033_005/DJI_20260908103456_0003_V.JPG,B3,uav-09,53HFNBG0M7XACS,Wide,XMP-drone-dji:GpsStatus,RTK,exiftool
@raw/03_第三批_20260908_1006_多火点/02_激光打点与定位验证/02_其他打点_待核验/无人机09_1581F7K3C24CS00AX535/DJI_202609081033_005/DJI_20260908103456_0003_V.JPG,B3,uav-09,53HFNBG0M7XACS,Wide,XMP-drone-dji:AltitudeType,RtkAlt,exiftool
@raw/03_第三批_20260908_1006_多火点/02_激光打点与定位验证/02_其他打点_待核验/无人机09_1581F7K3C24CS00AX535/DJI_202609081033_005/DJI_20260908103456_0003_V.JPG,B3,uav-09,53HFNBG0M7XACS,Wide,XMP-drone-dji:GPSLatitude,+31.288739040,exiftool
@raw/03_第三批_20260908_1006_多火点/02_激光打点与定位验证/02_其他打点_待核验/无人机09_1581F7K3C24CS00AX535/DJI_202609081033_005/DJI_20260908103456_0003_V.JPG,B3,uav-09,53HFNBG0M7XACS,Wide,XMP-drone-dji:GPSLongitude,+120.472575472,exiftool
@raw/03_第三批_20260908_1006_多火点/02_激光打点与定位验证/02_其他打点_待核验/无人机09_1581F7K3C24CS00AX535/DJI_202609081033_005/DJI_20260908103456_0003_V.JPG,B3,uav-09,53HFNBG0M7XACS,Wide,XMP-drone-dji:AbsoluteAltitude,+46.965,exiftool
@raw/03_第三批_20260908_1006_多火点/02_激光打点与定位验证/02_其他打点_待核验/无人机09_1581F7K3C24CS00AX535/DJI_202609081033_005/DJI_20260908103456_0003_V.JPG,B3,uav-09,53HFNBG0M7XACS,Wide,XMP-drone-dji:RelativeAltitude,-0.0,exiftool
@raw/03_第三批_20260908_1006_多火点/02_激光打点与定位验证/02_其他打点_待核验/无人机09_1581F7K3C24CS00AX535/DJI_202609081033_005/DJI_20260908103456_0003_V.JPG,B3,uav-09,53HFNBG0M7XACS,Wide,XMP-drone-dji:GimbalRollDegree,+0.00,exiftool
@raw/03_第三批_20260908_1006_多火点/02_激光打点与定位验证/02_其他打点_待核验/无人机09_1581F7K3C24CS00AX535/DJI_202609081033_005/DJI_20260908103456_0003_V.JPG,B3,uav-09,53HFNBG0M7XACS,Wide,XMP-drone-dji:GimbalYawDegree,+122.10,exiftool
@raw/03_第三批_20260908_1006_多火点/02_激光打点与定位验证/02_其他打点_待核验/无人机09_1581F7K3C24CS00AX535/DJI_202609081033_005/DJI_20260908103456_0003_V.JPG,B3,uav-09,53HFNBG0M7XACS,Wide,XMP-drone-dji:GimbalPitchDegree,+0.00,exiftool
@raw/03_第三批_20260908_1006_多火点/02_激光打点与定位验证/02_其他打点_待核验/无人机09_1581F7K3C24CS00AX535/DJI_202609081033_005/DJI_20260908103456_0003_V.JPG,B3,uav-09,53HFNBG0M7XACS,Wide,XMP-drone-dji:FlightRollDegree,-1.6,exiftool
@raw/03_第三批_20260908_1006_多火点/02_激光打点与定位验证/02_其他打点_待核验/无人机09_1581F7K3C24CS00AX535/DJI_202609081033_005/DJI_20260908103456_0003_V.JPG,B3,uav-09,53HFNBG0M7XACS,Wide,XMP-drone-dji:FlightYawDegree,+121.90,exiftool
@raw/03_第三批_20260908_1006_多火点/02_激光打点与定位验证/02_其他打点_待核验/无人机09_1581F7K3C24CS00AX535/DJI_202609081033_005/DJI_20260908103456_0003_V.JPG,B3,uav-09,53HFNBG0M7XACS,Wide,XMP-drone-dji:FlightPitchDegree,+2.30,exiftool
@raw/03_第三批_20260908_1006_多火点/02_激光打点与定位验证/02_其他打点_待核验/无人机09_1581F7K3C24CS00AX535/DJI_202609081033_005/DJI_20260908103456_0003_V.JPG,B3,uav-09,53HFNBG0M7XACS,Wide,XMP-drone-dji:FlightXSpeed,0.0,exiftool
@raw/03_第三批_20260908_1006_多火点/02_激光打点与定位验证/02_其他打点_待核验/无人机09_1581F7K3C24CS00AX535/DJI_202609081033_005/DJI_20260908103456_0003_V.JPG,B3,uav-09,53HFNBG0M7XACS,Wide,XMP-drone-dji:FlightYSpeed,0.0,exiftool
@raw/03_第三批_20260908_1006_多火点/02_激光打点与定位验证/02_其他打点_待核验/无人机09_1581F7K3C24CS00AX535/DJI_202609081033_005/DJI_20260908103456_0003_V.JPG,B3,uav-09,53HFNBG0M7XACS,Wide,XMP-drone-dji:FlightZSpeed,0.0,exiftool
@raw/03_第三批_20260908_1006_多火点/02_激光打点与定位验证/02_其他打点_待核验/无人机09_1581F7K3C24CS00AX535/DJI_202609081033_005/DJI_20260908103456_0003_V.JPG,B3,uav-09,53HFNBG0M7XACS,Wide,XMP-drone-dji:CamReverse,0,exiftool
@raw/03_第三批_20260908_1006_多火点/02_激光打点与定位验证/02_其他打点_待核验/无人机09_1581F7K3C24CS00AX535/DJI_202609081033_005/DJI_20260908103456_0003_V.JPG,B3,uav-09,53HFNBG0M7XACS,Wide,XMP-drone-dji:GimbalReverse,0,exiftool
@raw/03_第三批_20260908_1006_多火点/02_激光打点与定位验证/02_其他打点_待核验/无人机09_1581F7K3C24CS00AX535/DJI_202609081033_005/DJI_20260908103456_0003_V.JPG,B3,uav-09,53HFNBG0M7XACS,Wide,XMP-drone-dji:SensorTemperature,42.0,exiftool
@raw/03_第三批_20260908_1006_多火点/02_激光打点与定位验证/02_其他打点_待核验/无人机09_1581F7K3C24CS00AX535/DJI_202609081033_005/DJI_20260908103456_0003_V.JPG,B3,uav-09,53HFNBG0M7XACS,Wide,XMP-drone-dji:ProductName,DJI Matrice 4T,exiftool
@raw/03_第三批_20260908_1006_多火点/02_激光打点与定位验证/02_其他打点_待核验/无人机09_1581F7K3C24CS00AX535/DJI_202609081033_005/DJI_20260908103456_0003_V.JPG,B3,uav-09,53HFNBG0M7XACS,Wide,XMP-drone-dji:SelfData,,exiftool
@raw/03_第三批_20260908_1006_多火点/02_激光打点与定位验证/02_其他打点_待核验/无人机09_1581F7K3C24CS00AX535/DJI_202609081033_005/DJI_20260908103456_0003_V.JPG,B3,uav-09,53HFNBG0M7XACS,Wide,XMP-drone-dji:RtkFlag,16,exiftool
@raw/03_第三批_20260908_1006_多火点/02_激光打点与定位验证/02_其他打点_待核验/无人机09_1581F7K3C24CS00AX535/DJI_202609081033_005/DJI_20260908103456_0003_V.JPG,B3,uav-09,53HFNBG0M7XACS,Wide,XMP-drone-dji:RtkStdLon,0.08032,exiftool
@raw/03_第三批_20260908_1006_多火点/02_激光打点与定位验证/02_其他打点_待核验/无人机09_1581F7K3C24CS00AX535/DJI_202609081033_005/DJI_20260908103456_0003_V.JPG,B3,uav-09,53HFNBG0M7XACS,Wide,XMP-drone-dji:RtkStdLat,0.0907,exiftool
@raw/03_第三批_20260908_1006_多火点/02_激光打点与定位验证/02_其他打点_待核验/无人机09_1581F7K3C24CS00AX535/DJI_202609081033_005/DJI_20260908103456_0003_V.JPG,B3,uav-09,53HFNBG0M7XACS,Wide,XMP-drone-dji:RtkStdHgt,0.17322,exiftool
@raw/03_第三批_20260908_1006_多火点/02_激光打点与定位验证/02_其他打点_待核验/无人机09_1581F7K3C24CS00AX535/DJI_202609081033_005/DJI_20260908103456_0003_V.JPG,B3,uav-09,53HFNBG0M7XACS,Wide,XMP-drone-dji:RtkDiffAge,0.0,exiftool
@raw/03_第三批_20260908_1006_多火点/02_激光打点与定位验证/02_其他打点_待核验/无人机09_1581F7K3C24CS00AX535/DJI_202609081033_005/DJI_20260908103456_0003_V.JPG,B3,uav-09,53HFNBG0M7XACS,Wide,XMP-drone-dji:SurveyingMode,1,exiftool
@raw/03_第三批_20260908_1006_多火点/02_激光打点与定位验证/02_其他打点_待核验/无人机09_1581F7K3C24CS00AX535/DJI_202609081033_005/DJI_20260908103456_0003_V.JPG,B3,uav-09,53HFNBG0M7XACS,Wide,XMP-drone-dji:UTCAtExposure,2026:09:08 02:35:13.321486,exiftool
@raw/03_第三批_20260908_1006_多火点/02_激光打点与定位验证/02_其他打点_待核验/无人机09_1581F7K3C24CS00AX535/DJI_202609081033_005/DJI_20260908103456_0003_V.JPG,B3,uav-09,53HFNBG0M7XACS,Wide,XMP-drone-dji:ShutterType,Electronic,exiftool
@raw/03_第三批_20260908_1006_多火点/02_激光打点与定位验证/02_其他打点_待核验/无人机09_1581F7K3C24CS00AX535/DJI_202609081033_005/DJI_20260908103456_0003_V.JPG,B3,uav-09,53HFNBG0M7XACS,Wide,XMP-drone-dji:CameraSerialNumber,53HFNBG0M7XACS,exiftool
@raw/03_第三批_20260908_1006_多火点/02_激光打点与定位验证/02_其他打点_待核验/无人机09_1581F7K3C24CS00AX535/DJI_202609081033_005/DJI_20260908103456_0003_V.JPG,B3,uav-09,53HFNBG0M7XACS,Wide,XMP-drone-dji:DroneModel,M4T,exiftool
@raw/03_第三批_20260908_1006_多火点/02_激光打点与定位验证/02_其他打点_待核验/无人机09_1581F7K3C24CS00AX535/DJI_202609081033_005/DJI_20260908103456_0003_V.JPG,B3,uav-09,53HFNBG0M7XACS,Wide,XMP-drone-dji:DroneSerialNumber,1581F7K3C24CS00AX535,exiftool
@raw/03_第三批_20260908_1006_多火点/02_激光打点与定位验证/02_其他打点_待核验/无人机09_1581F7K3C24CS00AX535/DJI_202609081033_005/DJI_20260908103456_0003_V.JPG,B3,uav-09,53HFNBG0M7XACS,Wide,XMP-drone-dji:LRFStatus,Normal,exiftool
@raw/03_第三批_20260908_1006_多火点/02_激光打点与定位验证/02_其他打点_待核验/无人机09_1581F7K3C24CS00AX535/DJI_202609081033_005/DJI_20260908103456_0003_V.JPG,B3,uav-09,53HFNBG0M7XACS,Wide,XMP-drone-dji:LRFTargetDistance,1.108,exiftool
@raw/03_第三批_20260908_1006_多火点/02_激光打点与定位验证/02_其他打点_待核验/无人机09_1581F7K3C24CS00AX535/DJI_202609081033_005/DJI_20260908103456_0003_V.JPG,B3,uav-09,53HFNBG0M7XACS,Wide,XMP-drone-dji:LRFTargetLon,120.4725826,exiftool
@raw/03_第三批_20260908_1006_多火点/02_激光打点与定位验证/02_其他打点_待核验/无人机09_1581F7K3C24CS00AX535/DJI_202609081033_005/DJI_20260908103456_0003_V.JPG,B3,uav-09,53HFNBG0M7XACS,Wide,XMP-drone-dji:LRFTargetLat,31.2887354,exiftool
@raw/03_第三批_20260908_1006_多火点/02_激光打点与定位验证/02_其他打点_待核验/无人机09_1581F7K3C24CS00AX535/DJI_202609081033_005/DJI_20260908103456_0003_V.JPG,B3,uav-09,53HFNBG0M7XACS,Wide,XMP-drone-dji:LRFTargetAlt,-0.034,exiftool
@raw/03_第三批_20260908_1006_多火点/02_激光打点与定位验证/02_其他打点_待核验/无人机09_1581F7K3C24CS00AX535/DJI_202609081033_005/DJI_20260908103456_0003_V.JPG,B3,uav-09,53HFNBG0M7XACS,Wide,XMP-drone-dji:LRFTargetAbsAlt,51.0,exiftool
@raw/03_第三批_20260908_1006_多火点/02_激光打点与定位验证/02_其他打点_待核验/无人机09_1581F7K3C24CS00AX535/DJI_202609081033_005/DJI_20260908103456_0003_V.JPG,B3,uav-09,53HFNBG0M7XACS,Wide,XMP-drone-dji:WhiteBalanceCCT,5127,exiftool
@raw/03_第三批_20260908_1006_多火点/02_激光打点与定位验证/02_其他打点_待核验/无人机09_1581F7K3C24CS00AX535/DJI_202609081033_005/DJI_20260908103456_0003_V.JPG,B3,uav-09,53HFNBG0M7XACS,Wide,XMP-drone-dji:SensorFPS,29.97,exiftool
@raw/03_第三批_20260908_1006_多火点/02_激光打点与定位验证/02_其他打点_待核验/无人机09_1581F7K3C24CS00AX535/DJI_202609081033_005/DJI_20260908103456_0003_V.JPG,B3,uav-09,53HFNBG0M7XACS,Wide,XMP-drone-dji:LensPosition,37,exiftool
@raw/03_第三批_20260908_1006_多火点/02_激光打点与定位验证/02_其他打点_待核验/无人机09_1581F7K3C24CS00AX535/DJI_202609081033_005/DJI_20260908103456_0003_V.JPG,B3,uav-09,53HFNBG0M7XACS,Wide,XMP-drone-dji:LensInfinitePosition,35,exiftool
@raw/03_第三批_20260908_1006_多火点/02_激光打点与定位验证/02_其他打点_待核验/无人机09_1581F7K3C24CS00AX535/DJI_202609081033_005/DJI_20260908103456_0003_V.JPG,B3,uav-09,53HFNBG0M7XACS,Wide,XMP-drone-dji:LensTemperature,41.4,exiftool
@raw/03_第三批_20260908_1006_多火点/02_激光打点与定位验证/02_其他打点_待核验/无人机09_1581F7K3C24CS00AX535/DJI_202609081033_005/DJI_20260908103456_0003_V.JPG,B3,uav-09,53HFNBG0M7XACS,Wide,XMP-Camera:FileType,single,exiftool
@raw/03_第三批_20260908_1006_多火点/02_激光打点与定位验证/02_其他打点_待核验/无人机09_1581F7K3C24CS00AX535/DJI_202609081033_005/DJI_20260908103456_0003_V.JPG,B3,uav-09,53HFNBG0M7XACS,Wide,XMP-crs:Version,7.0,exiftool
@raw/03_第三批_20260908_1006_多火点/02_激光打点与定位验证/02_其他打点_待核验/无人机09_1581F7K3C24CS00AX535/DJI_202609081033_005/DJI_20260908103456_0003_V.JPG,B3,uav-09,53HFNBG0M7XACS,Wide,XMP-crs:HasSettings,False,exiftool
@raw/03_第三批_20260908_1006_多火点/02_激光打点与定位验证/02_其他打点_待核验/无人机09_1581F7K3C24CS00AX535/DJI_202609081033_005/DJI_20260908103456_0003_V.JPG,B3,uav-09,53HFNBG0M7XACS,Wide,XMP-crs:HasCrop,False,exiftool
@raw/03_第三批_20260908_1006_多火点/02_激光打点与定位验证/02_其他打点_待核验/无人机09_1581F7K3C24CS00AX535/DJI_202609081033_005/DJI_20260908103456_0003_V.JPG,B3,uav-09,53HFNBG0M7XACS,Wide,XMP-crs:AlreadyApplied,False,exiftool
@raw/03_第三批_20260908_1006_多火点/02_激光打点与定位验证/02_其他打点_待核验/无人机09_1581F7K3C24CS00AX535/DJI_202609081033_005/DJI_20260908103456_0003_V.JPG,B3,uav-09,53HFNBG0M7XACS,Wide,XML_ATTR:{http://www.w3.org/1999/02/22-rdf-syntax-ns#}about,DJI Meta Data,raw_xmp_xml
@raw/03_第三批_20260908_1006_多火点/02_激光打点与定位验证/02_其他打点_待核验/无人机09_1581F7K3C24CS00AX535/DJI_202609081033_005/DJI_20260908103456_0003_V.JPG,B3,uav-09,53HFNBG0M7XACS,Wide,XML_ATTR:{http://ns.adobe.com/xap/1.0/}ModifyDate,2026-09-08T10:34:56+08:00,raw_xmp_xml
@raw/03_第三批_20260908_1006_多火点/02_激光打点与定位验证/02_其他打点_待核验/无人机09_1581F7K3C24CS00AX535/DJI_202609081033_005/DJI_20260908103456_0003_V.JPG,B3,uav-09,53HFNBG0M7XACS,Wide,XML_ATTR:{http://ns.adobe.com/xap/1.0/}CreateDate,2026-09-08T10:34:56+08:00,raw_xmp_xml
@raw/03_第三批_20260908_1006_多火点/02_激光打点与定位验证/02_其他打点_待核验/无人机09_1581F7K3C24CS00AX535/DJI_202609081033_005/DJI_20260908103456_0003_V.JPG,B3,uav-09,53HFNBG0M7XACS,Wide,XML_ATTR:{http://ns.adobe.com/tiff/1.0/}Make,DJI,raw_xmp_xml
@raw/03_第三批_20260908_1006_多火点/02_激光打点与定位验证/02_其他打点_待核验/无人机09_1581F7K3C24CS00AX535/DJI_202609081033_005/DJI_20260908103456_0003_V.JPG,B3,uav-09,53HFNBG0M7XACS,Wide,XML_ATTR:{http://ns.adobe.com/tiff/1.0/}Model,M4T,raw_xmp_xml
@raw/03_第三批_20260908_1006_多火点/02_激光打点与定位验证/02_其他打点_待核验/无人机09_1581F7K3C24CS00AX535/DJI_202609081033_005/DJI_20260908103456_0003_V.JPG,B3,uav-09,53HFNBG0M7XACS,Wide,XML_ATTR:{http://purl.org/dc/elements/1.1/}format,image/jpeg,raw_xmp_xml
@raw/03_第三批_20260908_1006_多火点/02_激光打点与定位验证/02_其他打点_待核验/无人机09_1581F7K3C24CS00AX535/DJI_202609081033_005/DJI_20260908103456_0003_V.JPG,B3,uav-09,53HFNBG0M7XACS,Wide,XML_ATTR:{http://www.dji.com/drone-dji/1.0/}Version,1.6,raw_xmp_xml
@raw/03_第三批_20260908_1006_多火点/02_激光打点与定位验证/02_其他打点_待核验/无人机09_1581F7K3C24CS00AX535/DJI_202609081033_005/DJI_20260908103456_0003_V.JPG,B3,uav-09,53HFNBG0M7XACS,Wide,XML_ATTR:{http://www.dji.com/drone-dji/1.0/}ImageSource,WideCamera,raw_xmp_xml
@raw/03_第三批_20260908_1006_多火点/02_激光打点与定位验证/02_其他打点_待核验/无人机09_1581F7K3C24CS00AX535/DJI_202609081033_005/DJI_20260908103456_0003_V.JPG,B3,uav-09,53HFNBG0M7XACS,Wide,XML_ATTR:{http://www.dji.com/drone-dji/1.0/}GpsStatus,RTK,raw_xmp_xml
@raw/03_第三批_20260908_1006_多火点/02_激光打点与定位验证/02_其他打点_待核验/无人机09_1581F7K3C24CS00AX535/DJI_202609081033_005/DJI_20260908103456_0003_V.JPG,B3,uav-09,53HFNBG0M7XACS,Wide,XML_ATTR:{http://www.dji.com/drone-dji/1.0/}AltitudeType,RtkAlt,raw_xmp_xml
@raw/03_第三批_20260908_1006_多火点/02_激光打点与定位验证/02_其他打点_待核验/无人机09_1581F7K3C24CS00AX535/DJI_202609081033_005/DJI_20260908103456_0003_V.JPG,B3,uav-09,53HFNBG0M7XACS,Wide,XML_ATTR:{http://www.dji.com/drone-dji/1.0/}GpsLatitude,+31.288739040,raw_xmp_xml
@raw/03_第三批_20260908_1006_多火点/02_激光打点与定位验证/02_其他打点_待核验/无人机09_1581F7K3C24CS00AX535/DJI_202609081033_005/DJI_20260908103456_0003_V.JPG,B3,uav-09,53HFNBG0M7XACS,Wide,XML_ATTR:{http://www.dji.com/drone-dji/1.0/}GpsLongitude,+120.472575472,raw_xmp_xml
@raw/03_第三批_20260908_1006_多火点/02_激光打点与定位验证/02_其他打点_待核验/无人机09_1581F7K3C24CS00AX535/DJI_202609081033_005/DJI_20260908103456_0003_V.JPG,B3,uav-09,53HFNBG0M7XACS,Wide,XML_ATTR:{http://www.dji.com/drone-dji/1.0/}AbsoluteAltitude,+46.965,raw_xmp_xml
@raw/03_第三批_20260908_1006_多火点/02_激光打点与定位验证/02_其他打点_待核验/无人机09_1581F7K3C24CS00AX535/DJI_202609081033_005/DJI_20260908103456_0003_V.JPG,B3,uav-09,53HFNBG0M7XACS,Wide,XML_ATTR:{http://www.dji.com/drone-dji/1.0/}RelativeAltitude,-0.000,raw_xmp_xml
@raw/03_第三批_20260908_1006_多火点/02_激光打点与定位验证/02_其他打点_待核验/无人机09_1581F7K3C24CS00AX535/DJI_202609081033_005/DJI_20260908103456_0003_V.JPG,B3,uav-09,53HFNBG0M7XACS,Wide,XML_ATTR:{http://www.dji.com/drone-dji/1.0/}GimbalRollDegree,+0.00,raw_xmp_xml
@raw/03_第三批_20260908_1006_多火点/02_激光打点与定位验证/02_其他打点_待核验/无人机09_1581F7K3C24CS00AX535/DJI_202609081033_005/DJI_20260908103456_0003_V.JPG,B3,uav-09,53HFNBG0M7XACS,Wide,XML_ATTR:{http://www.dji.com/drone-dji/1.0/}GimbalYawDegree,+122.10,raw_xmp_xml
@raw/03_第三批_20260908_1006_多火点/02_激光打点与定位验证/02_其他打点_待核验/无人机09_1581F7K3C24CS00AX535/DJI_202609081033_005/DJI_20260908103456_0003_V.JPG,B3,uav-09,53HFNBG0M7XACS,Wide,XML_ATTR:{http://www.dji.com/drone-dji/1.0/}GimbalPitchDegree,+0.00,raw_xmp_xml
@raw/03_第三批_20260908_1006_多火点/02_激光打点与定位验证/02_其他打点_待核验/无人机09_1581F7K3C24CS00AX535/DJI_202609081033_005/DJI_20260908103456_0003_V.JPG,B3,uav-09,53HFNBG0M7XACS,Wide,XML_ATTR:{http://www.dji.com/drone-dji/1.0/}FlightRollDegree,-1.60,raw_xmp_xml
@raw/03_第三批_20260908_1006_多火点/02_激光打点与定位验证/02_其他打点_待核验/无人机09_1581F7K3C24CS00AX535/DJI_202609081033_005/DJI_20260908103456_0003_V.JPG,B3,uav-09,53HFNBG0M7XACS,Wide,XML_ATTR:{http://www.dji.com/drone-dji/1.0/}FlightYawDegree,+121.90,raw_xmp_xml
@raw/03_第三批_20260908_1006_多火点/02_激光打点与定位验证/02_其他打点_待核验/无人机09_1581F7K3C24CS00AX535/DJI_202609081033_005/DJI_20260908103456_0003_V.JPG,B3,uav-09,53HFNBG0M7XACS,Wide,XML_ATTR:{http://www.dji.com/drone-dji/1.0/}FlightPitchDegree,+2.30,raw_xmp_xml
@raw/03_第三批_20260908_1006_多火点/02_激光打点与定位验证/02_其他打点_待核验/无人机09_1581F7K3C24CS00AX535/DJI_202609081033_005/DJI_20260908103456_0003_V.JPG,B3,uav-09,53HFNBG0M7XACS,Wide,XML_ATTR:{http://www.dji.com/drone-dji/1.0/}FlightXSpeed,0.0,raw_xmp_xml
@raw/03_第三批_20260908_1006_多火点/02_激光打点与定位验证/02_其他打点_待核验/无人机09_1581F7K3C24CS00AX535/DJI_202609081033_005/DJI_20260908103456_0003_V.JPG,B3,uav-09,53HFNBG0M7XACS,Wide,XML_ATTR:{http://www.dji.com/drone-dji/1.0/}FlightYSpeed,0.0,raw_xmp_xml
@raw/03_第三批_20260908_1006_多火点/02_激光打点与定位验证/02_其他打点_待核验/无人机09_1581F7K3C24CS00AX535/DJI_202609081033_005/DJI_20260908103456_0003_V.JPG,B3,uav-09,53HFNBG0M7XACS,Wide,XML_ATTR:{http://www.dji.com/drone-dji/1.0/}FlightZSpeed,0.0,raw_xmp_xml
@raw/03_第三批_20260908_1006_多火点/02_激光打点与定位验证/02_其他打点_待核验/无人机09_1581F7K3C24CS00AX535/DJI_202609081033_005/DJI_20260908103456_0003_V.JPG,B3,uav-09,53HFNBG0M7XACS,Wide,XML_ATTR:{http://www.dji.com/drone-dji/1.0/}CamReverse,0,raw_xmp_xml
@raw/03_第三批_20260908_1006_多火点/02_激光打点与定位验证/02_其他打点_待核验/无人机09_1581F7K3C24CS00AX535/DJI_202609081033_005/DJI_20260908103456_0003_V.JPG,B3,uav-09,53HFNBG0M7XACS,Wide,XML_ATTR:{http://www.dji.com/drone-dji/1.0/}GimbalReverse,0,raw_xmp_xml
@raw/03_第三批_20260908_1006_多火点/02_激光打点与定位验证/02_其他打点_待核验/无人机09_1581F7K3C24CS00AX535/DJI_202609081033_005/DJI_20260908103456_0003_V.JPG,B3,uav-09,53HFNBG0M7XACS,Wide,XML_ATTR:{http://www.dji.com/drone-dji/1.0/}SensorTemperature,42.0,raw_xmp_xml
@raw/03_第三批_20260908_1006_多火点/02_激光打点与定位验证/02_其他打点_待核验/无人机09_1581F7K3C24CS00AX535/DJI_202609081033_005/DJI_20260908103456_0003_V.JPG,B3,uav-09,53HFNBG0M7XACS,Wide,XML_ATTR:{http://www.dji.com/drone-dji/1.0/}ProductName,DJI Matrice 4T,raw_xmp_xml
@raw/03_第三批_20260908_1006_多火点/02_激光打点与定位验证/02_其他打点_待核验/无人机09_1581F7K3C24CS00AX535/DJI_202609081033_005/DJI_20260908103456_0003_V.JPG,B3,uav-09,53HFNBG0M7XACS,Wide,XML_ATTR:{http://www.dji.com/drone-dji/1.0/}SelfData,,raw_xmp_xml
@raw/03_第三批_20260908_1006_多火点/02_激光打点与定位验证/02_其他打点_待核验/无人机09_1581F7K3C24CS00AX535/DJI_202609081033_005/DJI_20260908103456_0003_V.JPG,B3,uav-09,53HFNBG0M7XACS,Wide,XML_ATTR:{http://www.dji.com/drone-dji/1.0/}RtkFlag,16,raw_xmp_xml
@raw/03_第三批_20260908_1006_多火点/02_激光打点与定位验证/02_其他打点_待核验/无人机09_1581F7K3C24CS00AX535/DJI_202609081033_005/DJI_20260908103456_0003_V.JPG,B3,uav-09,53HFNBG0M7XACS,Wide,XML_ATTR:{http://www.dji.com/drone-dji/1.0/}RtkStdLon,0.08032,raw_xmp_xml
@raw/03_第三批_20260908_1006_多火点/02_激光打点与定位验证/02_其他打点_待核验/无人机09_1581F7K3C24CS00AX535/DJI_202609081033_005/DJI_20260908103456_0003_V.JPG,B3,uav-09,53HFNBG0M7XACS,Wide,XML_ATTR:{http://www.dji.com/drone-dji/1.0/}RtkStdLat,0.09070,raw_xmp_xml
@raw/03_第三批_20260908_1006_多火点/02_激光打点与定位验证/02_其他打点_待核验/无人机09_1581F7K3C24CS00AX535/DJI_202609081033_005/DJI_20260908103456_0003_V.JPG,B3,uav-09,53HFNBG0M7XACS,Wide,XML_ATTR:{http://www.dji.com/drone-dji/1.0/}RtkStdHgt,0.17322,raw_xmp_xml
@raw/03_第三批_20260908_1006_多火点/02_激光打点与定位验证/02_其他打点_待核验/无人机09_1581F7K3C24CS00AX535/DJI_202609081033_005/DJI_20260908103456_0003_V.JPG,B3,uav-09,53HFNBG0M7XACS,Wide,XML_ATTR:{http://www.dji.com/drone-dji/1.0/}RtkDiffAge,0.00000,raw_xmp_xml
@raw/03_第三批_20260908_1006_多火点/02_激光打点与定位验证/02_其他打点_待核验/无人机09_1581F7K3C24CS00AX535/DJI_202609081033_005/DJI_20260908103456_0003_V.JPG,B3,uav-09,53HFNBG0M7XACS,Wide,XML_ATTR:{http://www.dji.com/drone-dji/1.0/}SurveyingMode,1,raw_xmp_xml
@raw/03_第三批_20260908_1006_多火点/02_激光打点与定位验证/02_其他打点_待核验/无人机09_1581F7K3C24CS00AX535/DJI_202609081033_005/DJI_20260908103456_0003_V.JPG,B3,uav-09,53HFNBG0M7XACS,Wide,XML_ATTR:{http://www.dji.com/drone-dji/1.0/}UTCAtExposure,2026-09-08T02:35:13.321486,raw_xmp_xml
@raw/03_第三批_20260908_1006_多火点/02_激光打点与定位验证/02_其他打点_待核验/无人机09_1581F7K3C24CS00AX535/DJI_202609081033_005/DJI_20260908103456_0003_V.JPG,B3,uav-09,53HFNBG0M7XACS,Wide,XML_ATTR:{http://www.dji.com/drone-dji/1.0/}ShutterType,Electronic,raw_xmp_xml
@raw/03_第三批_20260908_1006_多火点/02_激光打点与定位验证/02_其他打点_待核验/无人机09_1581F7K3C24CS00AX535/DJI_202609081033_005/DJI_20260908103456_0003_V.JPG,B3,uav-09,53HFNBG0M7XACS,Wide,XML_ATTR:{http://www.dji.com/drone-dji/1.0/}CameraSerialNumber,53HFNBG0M7XACS,raw_xmp_xml
@raw/03_第三批_20260908_1006_多火点/02_激光打点与定位验证/02_其他打点_待核验/无人机09_1581F7K3C24CS00AX535/DJI_202609081033_005/DJI_20260908103456_0003_V.JPG,B3,uav-09,53HFNBG0M7XACS,Wide,XML_ATTR:{http://www.dji.com/drone-dji/1.0/}DroneModel,M4T,raw_xmp_xml
@raw/03_第三批_20260908_1006_多火点/02_激光打点与定位验证/02_其他打点_待核验/无人机09_1581F7K3C24CS00AX535/DJI_202609081033_005/DJI_20260908103456_0003_V.JPG,B3,uav-09,53HFNBG0M7XACS,Wide,XML_ATTR:{http://www.dji.com/drone-dji/1.0/}DroneSerialNumber,1581F7K3C24CS00AX535,raw_xmp_xml
@raw/03_第三批_20260908_1006_多火点/02_激光打点与定位验证/02_其他打点_待核验/无人机09_1581F7K3C24CS00AX535/DJI_202609081033_005/DJI_20260908103456_0003_V.JPG,B3,uav-09,53HFNBG0M7XACS,Wide,XML_ATTR:{http://www.dji.com/drone-dji/1.0/}LRFStatus,Normal,raw_xmp_xml
@raw/03_第三批_20260908_1006_多火点/02_激光打点与定位验证/02_其他打点_待核验/无人机09_1581F7K3C24CS00AX535/DJI_202609081033_005/DJI_20260908103456_0003_V.JPG,B3,uav-09,53HFNBG0M7XACS,Wide,XML_ATTR:{http://www.dji.com/drone-dji/1.0/}LRFTargetDistance,1.108,raw_xmp_xml
@raw/03_第三批_20260908_1006_多火点/02_激光打点与定位验证/02_其他打点_待核验/无人机09_1581F7K3C24CS00AX535/DJI_202609081033_005/DJI_20260908103456_0003_V.JPG,B3,uav-09,53HFNBG0M7XACS,Wide,XML_ATTR:{http://www.dji.com/drone-dji/1.0/}LRFTargetLon,120.4725826,raw_xmp_xml
@raw/03_第三批_20260908_1006_多火点/02_激光打点与定位验证/02_其他打点_待核验/无人机09_1581F7K3C24CS00AX535/DJI_202609081033_005/DJI_20260908103456_0003_V.JPG,B3,uav-09,53HFNBG0M7XACS,Wide,XML_ATTR:{http://www.dji.com/drone-dji/1.0/}LRFTargetLat,31.2887354,raw_xmp_xml
@raw/03_第三批_20260908_1006_多火点/02_激光打点与定位验证/02_其他打点_待核验/无人机09_1581F7K3C24CS00AX535/DJI_202609081033_005/DJI_20260908103456_0003_V.JPG,B3,uav-09,53HFNBG0M7XACS,Wide,XML_ATTR:{http://www.dji.com/drone-dji/1.0/}LRFTargetAlt,-0.034,raw_xmp_xml
@raw/03_第三批_20260908_1006_多火点/02_激光打点与定位验证/02_其他打点_待核验/无人机09_1581F7K3C24CS00AX535/DJI_202609081033_005/DJI_20260908103456_0003_V.JPG,B3,uav-09,53HFNBG0M7XACS,Wide,XML_ATTR:{http://www.dji.com/drone-dji/1.0/}LRFTargetAbsAlt,51.000,raw_xmp_xml
@raw/03_第三批_20260908_1006_多火点/02_激光打点与定位验证/02_其他打点_待核验/无人机09_1581F7K3C24CS00AX535/DJI_202609081033_005/DJI_20260908103456_0003_V.JPG,B3,uav-09,53HFNBG0M7XACS,Wide,XML_ATTR:{http://www.dji.com/drone-dji/1.0/}WhiteBalanceCCT,5127,raw_xmp_xml
@raw/03_第三批_20260908_1006_多火点/02_激光打点与定位验证/02_其他打点_待核验/无人机09_1581F7K3C24CS00AX535/DJI_202609081033_005/DJI_20260908103456_0003_V.JPG,B3,uav-09,53HFNBG0M7XACS,Wide,XML_ATTR:{http://www.dji.com/drone-dji/1.0/}SensorFPS,2997/100,raw_xmp_xml
@raw/03_第三批_20260908_1006_多火点/02_激光打点与定位验证/02_其他打点_待核验/无人机09_1581F7K3C24CS00AX535/DJI_202609081033_005/DJI_20260908103456_0003_V.JPG,B3,uav-09,53HFNBG0M7XACS,Wide,XML_ATTR:{http://www.dji.com/drone-dji/1.0/}LensPosition,37,raw_xmp_xml
@raw/03_第三批_20260908_1006_多火点/02_激光打点与定位验证/02_其他打点_待核验/无人机09_1581F7K3C24CS00AX535/DJI_202609081033_005/DJI_20260908103456_0003_V.JPG,B3,uav-09,53HFNBG0M7XACS,Wide,XML_ATTR:{http://www.dji.com/drone-dji/1.0/}LensInfinitePosition,35,raw_xmp_xml
@raw/03_第三批_20260908_1006_多火点/02_激光打点与定位验证/02_其他打点_待核验/无人机09_1581F7K3C24CS00AX535/DJI_202609081033_005/DJI_20260908103456_0003_V.JPG,B3,uav-09,53HFNBG0M7XACS,Wide,XML_ATTR:{http://www.dji.com/drone-dji/1.0/}LensTemperature,41.400000,raw_xmp_xml
@raw/03_第三批_20260908_1006_多火点/02_激光打点与定位验证/02_其他打点_待核验/无人机09_1581F7K3C24CS00AX535/DJI_202609081033_005/DJI_20260908103456_0003_V.JPG,B3,uav-09,53HFNBG0M7XACS,Wide,XML_ATTR:{http://pix4d.com/camera/1.0}FileType,single,raw_xmp_xml
@raw/03_第三批_20260908_1006_多火点/02_激光打点与定位验证/02_其他打点_待核验/无人机09_1581F7K3C24CS00AX535/DJI_202609081033_005/DJI_20260908103456_0003_V.JPG,B3,uav-09,53HFNBG0M7XACS,Wide,XML_ATTR:{http://ns.adobe.com/camera-raw-settings/1.0/}Version,7.0,raw_xmp_xml
@raw/03_第三批_20260908_1006_多火点/02_激光打点与定位验证/02_其他打点_待核验/无人机09_1581F7K3C24CS00AX535/DJI_202609081033_005/DJI_20260908103456_0003_V.JPG,B3,uav-09,53HFNBG0M7XACS,Wide,XML_ATTR:{http://ns.adobe.com/camera-raw-settings/1.0/}HasSettings,False,raw_xmp_xml
@raw/03_第三批_20260908_1006_多火点/02_激光打点与定位验证/02_其他打点_待核验/无人机09_1581F7K3C24CS00AX535/DJI_202609081033_005/DJI_20260908103456_0003_V.JPG,B3,uav-09,53HFNBG0M7XACS,Wide,XML_ATTR:{http://ns.adobe.com/camera-raw-settings/1.0/}HasCrop,False,raw_xmp_xml
@raw/03_第三批_20260908_1006_多火点/02_激光打点与定位验证/02_其他打点_待核验/无人机09_1581F7K3C24CS00AX535/DJI_202609081033_005/DJI_20260908103456_0003_V.JPG,B3,uav-09,53HFNBG0M7XACS,Wide,XML_ATTR:{http://ns.adobe.com/camera-raw-settings/1.0/}AlreadyApplied,False,raw_xmp_xml
@raw/04_第四批_20260908_1053_多火点与余热点/02_激光打点与定位验证/01_事后打点候选/无人机01_1581F7K3C251800CYBVP/DJI_202609081117_006/DJI_20260908112105_0001_V.JPG,B4,uav-01,53HFM890M7X2RW,ZoomCamera,XMP-rdf:About,DJI Meta Data,exiftool
@raw/04_第四批_20260908_1053_多火点与余热点/02_激光打点与定位验证/01_事后打点候选/无人机01_1581F7K3C251800CYBVP/DJI_202609081117_006/DJI_20260908112105_0001_V.JPG,B4,uav-01,53HFM890M7X2RW,ZoomCamera,XMP-xmp:ModifyDate,2026:09:08 11:21:05+08:00,exiftool
@raw/04_第四批_20260908_1053_多火点与余热点/02_激光打点与定位验证/01_事后打点候选/无人机01_1581F7K3C251800CYBVP/DJI_202609081117_006/DJI_20260908112105_0001_V.JPG,B4,uav-01,53HFM890M7X2RW,ZoomCamera,XMP-xmp:CreateDate,2026:09:08 11:21:05+08:00,exiftool
@raw/04_第四批_20260908_1053_多火点与余热点/02_激光打点与定位验证/01_事后打点候选/无人机01_1581F7K3C251800CYBVP/DJI_202609081117_006/DJI_20260908112105_0001_V.JPG,B4,uav-01,53HFM890M7X2RW,ZoomCamera,XMP-tiff:Make,DJI,exiftool
@raw/04_第四批_20260908_1053_多火点与余热点/02_激光打点与定位验证/01_事后打点候选/无人机01_1581F7K3C251800CYBVP/DJI_202609081117_006/DJI_20260908112105_0001_V.JPG,B4,uav-01,53HFM890M7X2RW,ZoomCamera,XMP-tiff:Model,M4T,exiftool
@raw/04_第四批_20260908_1053_多火点与余热点/02_激光打点与定位验证/01_事后打点候选/无人机01_1581F7K3C251800CYBVP/DJI_202609081117_006/DJI_20260908112105_0001_V.JPG,B4,uav-01,53HFM890M7X2RW,ZoomCamera,XMP-dc:Format,image/jpeg,exiftool
@raw/04_第四批_20260908_1053_多火点与余热点/02_激光打点与定位验证/01_事后打点候选/无人机01_1581F7K3C251800CYBVP/DJI_202609081117_006/DJI_20260908112105_0001_V.JPG,B4,uav-01,53HFM890M7X2RW,ZoomCamera,XMP-drone-dji:Version,1.6,exiftool
@raw/04_第四批_20260908_1053_多火点与余热点/02_激光打点与定位验证/01_事后打点候选/无人机01_1581F7K3C251800CYBVP/DJI_202609081117_006/DJI_20260908112105_0001_V.JPG,B4,uav-01,53HFM890M7X2RW,ZoomCamera,XMP-drone-dji:ImageSource,ZoomCamera,exiftool
@raw/04_第四批_20260908_1053_多火点与余热点/02_激光打点与定位验证/01_事后打点候选/无人机01_1581F7K3C251800CYBVP/DJI_202609081117_006/DJI_20260908112105_0001_V.JPG,B4,uav-01,53HFM890M7X2RW,ZoomCamera,XMP-drone-dji:GpsStatus,Normal,exiftool
@raw/04_第四批_20260908_1053_多火点与余热点/02_激光打点与定位验证/01_事后打点候选/无人机01_1581F7K3C251800CYBVP/DJI_202609081117_006/DJI_20260908112105_0001_V.JPG,B4,uav-01,53HFM890M7X2RW,ZoomCamera,XMP-drone-dji:AltitudeType,GpsFusionAlt,exiftool
@raw/04_第四批_20260908_1053_多火点与余热点/02_激光打点与定位验证/01_事后打点候选/无人机01_1581F7K3C251800CYBVP/DJI_202609081117_006/DJI_20260908112105_0001_V.JPG,B4,uav-01,53HFM890M7X2RW,ZoomCamera,XMP-drone-dji:GPSLatitude,+31.289370509,exiftool
@raw/04_第四批_20260908_1053_多火点与余热点/02_激光打点与定位验证/01_事后打点候选/无人机01_1581F7K3C251800CYBVP/DJI_202609081117_006/DJI_20260908112105_0001_V.JPG,B4,uav-01,53HFM890M7X2RW,ZoomCamera,XMP-drone-dji:GPSLongitude,+120.472881369,exiftool
@raw/04_第四批_20260908_1053_多火点与余热点/02_激光打点与定位验证/01_事后打点候选/无人机01_1581F7K3C251800CYBVP/DJI_202609081117_006/DJI_20260908112105_0001_V.JPG,B4,uav-01,53HFM890M7X2RW,ZoomCamera,XMP-drone-dji:AbsoluteAltitude,+73.217,exiftool
@raw/04_第四批_20260908_1053_多火点与余热点/02_激光打点与定位验证/01_事后打点候选/无人机01_1581F7K3C251800CYBVP/DJI_202609081117_006/DJI_20260908112105_0001_V.JPG,B4,uav-01,53HFM890M7X2RW,ZoomCamera,XMP-drone-dji:RelativeAltitude,+21.938,exiftool
@raw/04_第四批_20260908_1053_多火点与余热点/02_激光打点与定位验证/01_事后打点候选/无人机01_1581F7K3C251800CYBVP/DJI_202609081117_006/DJI_20260908112105_0001_V.JPG,B4,uav-01,53HFM890M7X2RW,ZoomCamera,XMP-drone-dji:GimbalRollDegree,+0.00,exiftool
@raw/04_第四批_20260908_1053_多火点与余热点/02_激光打点与定位验证/01_事后打点候选/无人机01_1581F7K3C251800CYBVP/DJI_202609081117_006/DJI_20260908112105_0001_V.JPG,B4,uav-01,53HFM890M7X2RW,ZoomCamera,XMP-drone-dji:GimbalYawDegree,-28.9,exiftool
@raw/04_第四批_20260908_1053_多火点与余热点/02_激光打点与定位验证/01_事后打点候选/无人机01_1581F7K3C251800CYBVP/DJI_202609081117_006/DJI_20260908112105_0001_V.JPG,B4,uav-01,53HFM890M7X2RW,ZoomCamera,XMP-drone-dji:GimbalPitchDegree,-55.5,exiftool
@raw/04_第四批_20260908_1053_多火点与余热点/02_激光打点与定位验证/01_事后打点候选/无人机01_1581F7K3C251800CYBVP/DJI_202609081117_006/DJI_20260908112105_0001_V.JPG,B4,uav-01,53HFM890M7X2RW,ZoomCamera,XMP-drone-dji:FlightRollDegree,-1.9,exiftool
@raw/04_第四批_20260908_1053_多火点与余热点/02_激光打点与定位验证/01_事后打点候选/无人机01_1581F7K3C251800CYBVP/DJI_202609081117_006/DJI_20260908112105_0001_V.JPG,B4,uav-01,53HFM890M7X2RW,ZoomCamera,XMP-drone-dji:FlightYawDegree,-29.1,exiftool
@raw/04_第四批_20260908_1053_多火点与余热点/02_激光打点与定位验证/01_事后打点候选/无人机01_1581F7K3C251800CYBVP/DJI_202609081117_006/DJI_20260908112105_0001_V.JPG,B4,uav-01,53HFM890M7X2RW,ZoomCamera,XMP-drone-dji:FlightPitchDegree,-2.5,exiftool
@raw/04_第四批_20260908_1053_多火点与余热点/02_激光打点与定位验证/01_事后打点候选/无人机01_1581F7K3C251800CYBVP/DJI_202609081117_006/DJI_20260908112105_0001_V.JPG,B4,uav-01,53HFM890M7X2RW,ZoomCamera,XMP-drone-dji:FlightXSpeed,0.0,exiftool
@raw/04_第四批_20260908_1053_多火点与余热点/02_激光打点与定位验证/01_事后打点候选/无人机01_1581F7K3C251800CYBVP/DJI_202609081117_006/DJI_20260908112105_0001_V.JPG,B4,uav-01,53HFM890M7X2RW,ZoomCamera,XMP-drone-dji:FlightYSpeed,0.0,exiftool
@raw/04_第四批_20260908_1053_多火点与余热点/02_激光打点与定位验证/01_事后打点候选/无人机01_1581F7K3C251800CYBVP/DJI_202609081117_006/DJI_20260908112105_0001_V.JPG,B4,uav-01,53HFM890M7X2RW,ZoomCamera,XMP-drone-dji:FlightZSpeed,0.0,exiftool
@raw/04_第四批_20260908_1053_多火点与余热点/02_激光打点与定位验证/01_事后打点候选/无人机01_1581F7K3C251800CYBVP/DJI_202609081117_006/DJI_20260908112105_0001_V.JPG,B4,uav-01,53HFM890M7X2RW,ZoomCamera,XMP-drone-dji:CamReverse,0,exiftool
@raw/04_第四批_20260908_1053_多火点与余热点/02_激光打点与定位验证/01_事后打点候选/无人机01_1581F7K3C251800CYBVP/DJI_202609081117_006/DJI_20260908112105_0001_V.JPG,B4,uav-01,53HFM890M7X2RW,ZoomCamera,XMP-drone-dji:GimbalReverse,0,exiftool
@raw/04_第四批_20260908_1053_多火点与余热点/02_激光打点与定位验证/01_事后打点候选/无人机01_1581F7K3C251800CYBVP/DJI_202609081117_006/DJI_20260908112105_0001_V.JPG,B4,uav-01,53HFM890M7X2RW,ZoomCamera,XMP-drone-dji:SensorTemperature,43.0,exiftool
@raw/04_第四批_20260908_1053_多火点与余热点/02_激光打点与定位验证/01_事后打点候选/无人机01_1581F7K3C251800CYBVP/DJI_202609081117_006/DJI_20260908112105_0001_V.JPG,B4,uav-01,53HFM890M7X2RW,ZoomCamera,XMP-drone-dji:ProductName,DJI Matrice 4T,exiftool
@raw/04_第四批_20260908_1053_多火点与余热点/02_激光打点与定位验证/01_事后打点候选/无人机01_1581F7K3C251800CYBVP/DJI_202609081117_006/DJI_20260908112105_0001_V.JPG,B4,uav-01,53HFM890M7X2RW,ZoomCamera,XMP-drone-dji:SelfData,,exiftool
@raw/04_第四批_20260908_1053_多火点与余热点/02_激光打点与定位验证/01_事后打点候选/无人机01_1581F7K3C251800CYBVP/DJI_202609081117_006/DJI_20260908112105_0001_V.JPG,B4,uav-01,53HFM890M7X2RW,ZoomCamera,XMP-drone-dji:SurveyingMode,0,exiftool
@raw/04_第四批_20260908_1053_多火点与余热点/02_激光打点与定位验证/01_事后打点候选/无人机01_1581F7K3C251800CYBVP/DJI_202609081117_006/DJI_20260908112105_0001_V.JPG,B4,uav-01,53HFM890M7X2RW,ZoomCamera,XMP-drone-dji:ShutterType,Electronic,exiftool
@raw/04_第四批_20260908_1053_多火点与余热点/02_激光打点与定位验证/01_事后打点候选/无人机01_1581F7K3C251800CYBVP/DJI_202609081117_006/DJI_20260908112105_0001_V.JPG,B4,uav-01,53HFM890M7X2RW,ZoomCamera,XMP-drone-dji:CameraSerialNumber,53HFM890M7X2RW,exiftool
@raw/04_第四批_20260908_1053_多火点与余热点/02_激光打点与定位验证/01_事后打点候选/无人机01_1581F7K3C251800CYBVP/DJI_202609081117_006/DJI_20260908112105_0001_V.JPG,B4,uav-01,53HFM890M7X2RW,ZoomCamera,XMP-drone-dji:DroneModel,M4T,exiftool
@raw/04_第四批_20260908_1053_多火点与余热点/02_激光打点与定位验证/01_事后打点候选/无人机01_1581F7K3C251800CYBVP/DJI_202609081117_006/DJI_20260908112105_0001_V.JPG,B4,uav-01,53HFM890M7X2RW,ZoomCamera,XMP-drone-dji:DroneSerialNumber,1581F7K3C251800CYBVP,exiftool
@raw/04_第四批_20260908_1053_多火点与余热点/02_激光打点与定位验证/01_事后打点候选/无人机01_1581F7K3C251800CYBVP/DJI_202609081117_006/DJI_20260908112105_0001_V.JPG,B4,uav-01,53HFM890M7X2RW,ZoomCamera,XMP-drone-dji:LRFStatus,Normal,exiftool
@raw/04_第四批_20260908_1053_多火点与余热点/02_激光打点与定位验证/01_事后打点候选/无人机01_1581F7K3C251800CYBVP/DJI_202609081117_006/DJI_20260908112105_0001_V.JPG,B4,uav-01,53HFM890M7X2RW,ZoomCamera,XMP-drone-dji:LRFTargetDistance,24.891,exiftool
@raw/04_第四批_20260908_1053_多火点与余热点/02_激光打点与定位验证/01_事后打点候选/无人机01_1581F7K3C251800CYBVP/DJI_202609081117_006/DJI_20260908112105_0001_V.JPG,B4,uav-01,53HFM890M7X2RW,ZoomCamera,XMP-drone-dji:LRFTargetLon,120.4728099,exiftool
@raw/04_第四批_20260908_1053_多火点与余热点/02_激光打点与定位验证/01_事后打点候选/无人机01_1581F7K3C251800CYBVP/DJI_202609081117_006/DJI_20260908112105_0001_V.JPG,B4,uav-01,53HFM890M7X2RW,ZoomCamera,XMP-drone-dji:LRFTargetLat,31.2894813,exiftool
@raw/04_第四批_20260908_1053_多火点与余热点/02_激光打点与定位验证/01_事后打点候选/无人机01_1581F7K3C251800CYBVP/DJI_202609081117_006/DJI_20260908112105_0001_V.JPG,B4,uav-01,53HFM890M7X2RW,ZoomCamera,XMP-drone-dji:LRFTargetAlt,1.421,exiftool
@raw/04_第四批_20260908_1053_多火点与余热点/02_激光打点与定位验证/01_事后打点候选/无人机01_1581F7K3C251800CYBVP/DJI_202609081117_006/DJI_20260908112105_0001_V.JPG,B4,uav-01,53HFM890M7X2RW,ZoomCamera,XMP-drone-dji:LRFTargetAbsAlt,52.7,exiftool
@raw/04_第四批_20260908_1053_多火点与余热点/02_激光打点与定位验证/01_事后打点候选/无人机01_1581F7K3C251800CYBVP/DJI_202609081117_006/DJI_20260908112105_0001_V.JPG,B4,uav-01,53HFM890M7X2RW,ZoomCamera,XMP-drone-dji:WhiteBalanceCCT,4398,exiftool
@raw/04_第四批_20260908_1053_多火点与余热点/02_激光打点与定位验证/01_事后打点候选/无人机01_1581F7K3C251800CYBVP/DJI_202609081117_006/DJI_20260908112105_0001_V.JPG,B4,uav-01,53HFM890M7X2RW,ZoomCamera,XMP-drone-dji:SensorFPS,29.97,exiftool
@raw/04_第四批_20260908_1053_多火点与余热点/02_激光打点与定位验证/01_事后打点候选/无人机01_1581F7K3C251800CYBVP/DJI_202609081117_006/DJI_20260908112105_0001_V.JPG,B4,uav-01,53HFM890M7X2RW,ZoomCamera,XMP-drone-dji:LensPosition,33,exiftool
@raw/04_第四批_20260908_1053_多火点与余热点/02_激光打点与定位验证/01_事后打点候选/无人机01_1581F7K3C251800CYBVP/DJI_202609081117_006/DJI_20260908112105_0001_V.JPG,B4,uav-01,53HFM890M7X2RW,ZoomCamera,XMP-drone-dji:LensInfinitePosition,36,exiftool
@raw/04_第四批_20260908_1053_多火点与余热点/02_激光打点与定位验证/01_事后打点候选/无人机01_1581F7K3C251800CYBVP/DJI_202609081117_006/DJI_20260908112105_0001_V.JPG,B4,uav-01,53HFM890M7X2RW,ZoomCamera,XMP-drone-dji:LensTemperature,44.8,exiftool
@raw/04_第四批_20260908_1053_多火点与余热点/02_激光打点与定位验证/01_事后打点候选/无人机01_1581F7K3C251800CYBVP/DJI_202609081117_006/DJI_20260908112105_0001_V.JPG,B4,uav-01,53HFM890M7X2RW,ZoomCamera,XMP-Camera:FileType,single,exiftool
@raw/04_第四批_20260908_1053_多火点与余热点/02_激光打点与定位验证/01_事后打点候选/无人机01_1581F7K3C251800CYBVP/DJI_202609081117_006/DJI_20260908112105_0001_V.JPG,B4,uav-01,53HFM890M7X2RW,ZoomCamera,XMP-crs:Version,7.0,exiftool
@raw/04_第四批_20260908_1053_多火点与余热点/02_激光打点与定位验证/01_事后打点候选/无人机01_1581F7K3C251800CYBVP/DJI_202609081117_006/DJI_20260908112105_0001_V.JPG,B4,uav-01,53HFM890M7X2RW,ZoomCamera,XMP-crs:HasSettings,False,exiftool
@raw/04_第四批_20260908_1053_多火点与余热点/02_激光打点与定位验证/01_事后打点候选/无人机01_1581F7K3C251800CYBVP/DJI_202609081117_006/DJI_20260908112105_0001_V.JPG,B4,uav-01,53HFM890M7X2RW,ZoomCamera,XMP-crs:HasCrop,False,exiftool
@raw/04_第四批_20260908_1053_多火点与余热点/02_激光打点与定位验证/01_事后打点候选/无人机01_1581F7K3C251800CYBVP/DJI_202609081117_006/DJI_20260908112105_0001_V.JPG,B4,uav-01,53HFM890M7X2RW,ZoomCamera,XMP-crs:AlreadyApplied,False,exiftool
@raw/04_第四批_20260908_1053_多火点与余热点/02_激光打点与定位验证/01_事后打点候选/无人机01_1581F7K3C251800CYBVP/DJI_202609081117_006/DJI_20260908112105_0001_V.JPG,B4,uav-01,53HFM890M7X2RW,ZoomCamera,XML_ATTR:{http://www.w3.org/1999/02/22-rdf-syntax-ns#}about,DJI Meta Data,raw_xmp_xml
@raw/04_第四批_20260908_1053_多火点与余热点/02_激光打点与定位验证/01_事后打点候选/无人机01_1581F7K3C251800CYBVP/DJI_202609081117_006/DJI_20260908112105_0001_V.JPG,B4,uav-01,53HFM890M7X2RW,ZoomCamera,XML_ATTR:{http://ns.adobe.com/xap/1.0/}ModifyDate,2026-09-08T11:21:05+08:00,raw_xmp_xml
@raw/04_第四批_20260908_1053_多火点与余热点/02_激光打点与定位验证/01_事后打点候选/无人机01_1581F7K3C251800CYBVP/DJI_202609081117_006/DJI_20260908112105_0001_V.JPG,B4,uav-01,53HFM890M7X2RW,ZoomCamera,XML_ATTR:{http://ns.adobe.com/xap/1.0/}CreateDate,2026-09-08T11:21:05+08:00,raw_xmp_xml
@raw/04_第四批_20260908_1053_多火点与余热点/02_激光打点与定位验证/01_事后打点候选/无人机01_1581F7K3C251800CYBVP/DJI_202609081117_006/DJI_20260908112105_0001_V.JPG,B4,uav-01,53HFM890M7X2RW,ZoomCamera,XML_ATTR:{http://ns.adobe.com/tiff/1.0/}Make,DJI,raw_xmp_xml
@raw/04_第四批_20260908_1053_多火点与余热点/02_激光打点与定位验证/01_事后打点候选/无人机01_1581F7K3C251800CYBVP/DJI_202609081117_006/DJI_20260908112105_0001_V.JPG,B4,uav-01,53HFM890M7X2RW,ZoomCamera,XML_ATTR:{http://ns.adobe.com/tiff/1.0/}Model,M4T,raw_xmp_xml
@raw/04_第四批_20260908_1053_多火点与余热点/02_激光打点与定位验证/01_事后打点候选/无人机01_1581F7K3C251800CYBVP/DJI_202609081117_006/DJI_20260908112105_0001_V.JPG,B4,uav-01,53HFM890M7X2RW,ZoomCamera,XML_ATTR:{http://purl.org/dc/elements/1.1/}format,image/jpeg,raw_xmp_xml
@raw/04_第四批_20260908_1053_多火点与余热点/02_激光打点与定位验证/01_事后打点候选/无人机01_1581F7K3C251800CYBVP/DJI_202609081117_006/DJI_20260908112105_0001_V.JPG,B4,uav-01,53HFM890M7X2RW,ZoomCamera,XML_ATTR:{http://www.dji.com/drone-dji/1.0/}Version,1.6,raw_xmp_xml
@raw/04_第四批_20260908_1053_多火点与余热点/02_激光打点与定位验证/01_事后打点候选/无人机01_1581F7K3C251800CYBVP/DJI_202609081117_006/DJI_20260908112105_0001_V.JPG,B4,uav-01,53HFM890M7X2RW,ZoomCamera,XML_ATTR:{http://www.dji.com/drone-dji/1.0/}ImageSource,ZoomCamera,raw_xmp_xml
@raw/04_第四批_20260908_1053_多火点与余热点/02_激光打点与定位验证/01_事后打点候选/无人机01_1581F7K3C251800CYBVP/DJI_202609081117_006/DJI_20260908112105_0001_V.JPG,B4,uav-01,53HFM890M7X2RW,ZoomCamera,XML_ATTR:{http://www.dji.com/drone-dji/1.0/}GpsStatus,Normal,raw_xmp_xml
@raw/04_第四批_20260908_1053_多火点与余热点/02_激光打点与定位验证/01_事后打点候选/无人机01_1581F7K3C251800CYBVP/DJI_202609081117_006/DJI_20260908112105_0001_V.JPG,B4,uav-01,53HFM890M7X2RW,ZoomCamera,XML_ATTR:{http://www.dji.com/drone-dji/1.0/}AltitudeType,GpsFusionAlt,raw_xmp_xml
@raw/04_第四批_20260908_1053_多火点与余热点/02_激光打点与定位验证/01_事后打点候选/无人机01_1581F7K3C251800CYBVP/DJI_202609081117_006/DJI_20260908112105_0001_V.JPG,B4,uav-01,53HFM890M7X2RW,ZoomCamera,XML_ATTR:{http://www.dji.com/drone-dji/1.0/}GpsLatitude,+31.289370509,raw_xmp_xml
@raw/04_第四批_20260908_1053_多火点与余热点/02_激光打点与定位验证/01_事后打点候选/无人机01_1581F7K3C251800CYBVP/DJI_202609081117_006/DJI_20260908112105_0001_V.JPG,B4,uav-01,53HFM890M7X2RW,ZoomCamera,XML_ATTR:{http://www.dji.com/drone-dji/1.0/}GpsLongitude,+120.472881369,raw_xmp_xml
@raw/04_第四批_20260908_1053_多火点与余热点/02_激光打点与定位验证/01_事后打点候选/无人机01_1581F7K3C251800CYBVP/DJI_202609081117_006/DJI_20260908112105_0001_V.JPG,B4,uav-01,53HFM890M7X2RW,ZoomCamera,XML_ATTR:{http://www.dji.com/drone-dji/1.0/}AbsoluteAltitude,+73.217,raw_xmp_xml
@raw/04_第四批_20260908_1053_多火点与余热点/02_激光打点与定位验证/01_事后打点候选/无人机01_1581F7K3C251800CYBVP/DJI_202609081117_006/DJI_20260908112105_0001_V.JPG,B4,uav-01,53HFM890M7X2RW,ZoomCamera,XML_ATTR:{http://www.dji.com/drone-dji/1.0/}RelativeAltitude,+21.938,raw_xmp_xml
@raw/04_第四批_20260908_1053_多火点与余热点/02_激光打点与定位验证/01_事后打点候选/无人机01_1581F7K3C251800CYBVP/DJI_202609081117_006/DJI_20260908112105_0001_V.JPG,B4,uav-01,53HFM890M7X2RW,ZoomCamera,XML_ATTR:{http://www.dji.com/drone-dji/1.0/}GimbalRollDegree,+0.00,raw_xmp_xml
@raw/04_第四批_20260908_1053_多火点与余热点/02_激光打点与定位验证/01_事后打点候选/无人机01_1581F7K3C251800CYBVP/DJI_202609081117_006/DJI_20260908112105_0001_V.JPG,B4,uav-01,53HFM890M7X2RW,ZoomCamera,XML_ATTR:{http://www.dji.com/drone-dji/1.0/}GimbalYawDegree,-28.90,raw_xmp_xml
@raw/04_第四批_20260908_1053_多火点与余热点/02_激光打点与定位验证/01_事后打点候选/无人机01_1581F7K3C251800CYBVP/DJI_202609081117_006/DJI_20260908112105_0001_V.JPG,B4,uav-01,53HFM890M7X2RW,ZoomCamera,XML_ATTR:{http://www.dji.com/drone-dji/1.0/}GimbalPitchDegree,-55.50,raw_xmp_xml
@raw/04_第四批_20260908_1053_多火点与余热点/02_激光打点与定位验证/01_事后打点候选/无人机01_1581F7K3C251800CYBVP/DJI_202609081117_006/DJI_20260908112105_0001_V.JPG,B4,uav-01,53HFM890M7X2RW,ZoomCamera,XML_ATTR:{http://www.dji.com/drone-dji/1.0/}FlightRollDegree,-1.90,raw_xmp_xml
@raw/04_第四批_20260908_1053_多火点与余热点/02_激光打点与定位验证/01_事后打点候选/无人机01_1581F7K3C251800CYBVP/DJI_202609081117_006/DJI_20260908112105_0001_V.JPG,B4,uav-01,53HFM890M7X2RW,ZoomCamera,XML_ATTR:{http://www.dji.com/drone-dji/1.0/}FlightYawDegree,-29.10,raw_xmp_xml
@raw/04_第四批_20260908_1053_多火点与余热点/02_激光打点与定位验证/01_事后打点候选/无人机01_1581F7K3C251800CYBVP/DJI_202609081117_006/DJI_20260908112105_0001_V.JPG,B4,uav-01,53HFM890M7X2RW,ZoomCamera,XML_ATTR:{http://www.dji.com/drone-dji/1.0/}FlightPitchDegree,-2.50,raw_xmp_xml
@raw/04_第四批_20260908_1053_多火点与余热点/02_激光打点与定位验证/01_事后打点候选/无人机01_1581F7K3C251800CYBVP/DJI_202609081117_006/DJI_20260908112105_0001_V.JPG,B4,uav-01,53HFM890M7X2RW,ZoomCamera,XML_ATTR:{http://www.dji.com/drone-dji/1.0/}FlightXSpeed,0.0,raw_xmp_xml
@raw/04_第四批_20260908_1053_多火点与余热点/02_激光打点与定位验证/01_事后打点候选/无人机01_1581F7K3C251800CYBVP/DJI_202609081117_006/DJI_20260908112105_0001_V.JPG,B4,uav-01,53HFM890M7X2RW,ZoomCamera,XML_ATTR:{http://www.dji.com/drone-dji/1.0/}FlightYSpeed,0.0,raw_xmp_xml
@raw/04_第四批_20260908_1053_多火点与余热点/02_激光打点与定位验证/01_事后打点候选/无人机01_1581F7K3C251800CYBVP/DJI_202609081117_006/DJI_20260908112105_0001_V.JPG,B4,uav-01,53HFM890M7X2RW,ZoomCamera,XML_ATTR:{http://www.dji.com/drone-dji/1.0/}FlightZSpeed,0.0,raw_xmp_xml
@raw/04_第四批_20260908_1053_多火点与余热点/02_激光打点与定位验证/01_事后打点候选/无人机01_1581F7K3C251800CYBVP/DJI_202609081117_006/DJI_20260908112105_0001_V.JPG,B4,uav-01,53HFM890M7X2RW,ZoomCamera,XML_ATTR:{http://www.dji.com/drone-dji/1.0/}CamReverse,0,raw_xmp_xml
@raw/04_第四批_20260908_1053_多火点与余热点/02_激光打点与定位验证/01_事后打点候选/无人机01_1581F7K3C251800CYBVP/DJI_202609081117_006/DJI_20260908112105_0001_V.JPG,B4,uav-01,53HFM890M7X2RW,ZoomCamera,XML_ATTR:{http://www.dji.com/drone-dji/1.0/}GimbalReverse,0,raw_xmp_xml
@raw/04_第四批_20260908_1053_多火点与余热点/02_激光打点与定位验证/01_事后打点候选/无人机01_1581F7K3C251800CYBVP/DJI_202609081117_006/DJI_20260908112105_0001_V.JPG,B4,uav-01,53HFM890M7X2RW,ZoomCamera,XML_ATTR:{http://www.dji.com/drone-dji/1.0/}SensorTemperature,43.0,raw_xmp_xml
@raw/04_第四批_20260908_1053_多火点与余热点/02_激光打点与定位验证/01_事后打点候选/无人机01_1581F7K3C251800CYBVP/DJI_202609081117_006/DJI_20260908112105_0001_V.JPG,B4,uav-01,53HFM890M7X2RW,ZoomCamera,XML_ATTR:{http://www.dji.com/drone-dji/1.0/}ProductName,DJI Matrice 4T,raw_xmp_xml
@raw/04_第四批_20260908_1053_多火点与余热点/02_激光打点与定位验证/01_事后打点候选/无人机01_1581F7K3C251800CYBVP/DJI_202609081117_006/DJI_20260908112105_0001_V.JPG,B4,uav-01,53HFM890M7X2RW,ZoomCamera,XML_ATTR:{http://www.dji.com/drone-dji/1.0/}SelfData,,raw_xmp_xml
@raw/04_第四批_20260908_1053_多火点与余热点/02_激光打点与定位验证/01_事后打点候选/无人机01_1581F7K3C251800CYBVP/DJI_202609081117_006/DJI_20260908112105_0001_V.JPG,B4,uav-01,53HFM890M7X2RW,ZoomCamera,XML_ATTR:{http://www.dji.com/drone-dji/1.0/}SurveyingMode,0,raw_xmp_xml
@raw/04_第四批_20260908_1053_多火点与余热点/02_激光打点与定位验证/01_事后打点候选/无人机01_1581F7K3C251800CYBVP/DJI_202609081117_006/DJI_20260908112105_0001_V.JPG,B4,uav-01,53HFM890M7X2RW,ZoomCamera,XML_ATTR:{http://www.dji.com/drone-dji/1.0/}ShutterType,Electronic,raw_xmp_xml
@raw/04_第四批_20260908_1053_多火点与余热点/02_激光打点与定位验证/01_事后打点候选/无人机01_1581F7K3C251800CYBVP/DJI_202609081117_006/DJI_20260908112105_0001_V.JPG,B4,uav-01,53HFM890M7X2RW,ZoomCamera,XML_ATTR:{http://www.dji.com/drone-dji/1.0/}CameraSerialNumber,53HFM890M7X2RW,raw_xmp_xml
@raw/04_第四批_20260908_1053_多火点与余热点/02_激光打点与定位验证/01_事后打点候选/无人机01_1581F7K3C251800CYBVP/DJI_202609081117_006/DJI_20260908112105_0001_V.JPG,B4,uav-01,53HFM890M7X2RW,ZoomCamera,XML_ATTR:{http://www.dji.com/drone-dji/1.0/}DroneModel,M4T,raw_xmp_xml
@raw/04_第四批_20260908_1053_多火点与余热点/02_激光打点与定位验证/01_事后打点候选/无人机01_1581F7K3C251800CYBVP/DJI_202609081117_006/DJI_20260908112105_0001_V.JPG,B4,uav-01,53HFM890M7X2RW,ZoomCamera,XML_ATTR:{http://www.dji.com/drone-dji/1.0/}DroneSerialNumber,1581F7K3C251800CYBVP,raw_xmp_xml
@raw/04_第四批_20260908_1053_多火点与余热点/02_激光打点与定位验证/01_事后打点候选/无人机01_1581F7K3C251800CYBVP/DJI_202609081117_006/DJI_20260908112105_0001_V.JPG,B4,uav-01,53HFM890M7X2RW,ZoomCamera,XML_ATTR:{http://www.dji.com/drone-dji/1.0/}LRFStatus,Normal,raw_xmp_xml
@raw/04_第四批_20260908_1053_多火点与余热点/02_激光打点与定位验证/01_事后打点候选/无人机01_1581F7K3C251800CYBVP/DJI_202609081117_006/DJI_20260908112105_0001_V.JPG,B4,uav-01,53HFM890M7X2RW,ZoomCamera,XML_ATTR:{http://www.dji.com/drone-dji/1.0/}LRFTargetDistance,24.891,raw_xmp_xml
@raw/04_第四批_20260908_1053_多火点与余热点/02_激光打点与定位验证/01_事后打点候选/无人机01_1581F7K3C251800CYBVP/DJI_202609081117_006/DJI_20260908112105_0001_V.JPG,B4,uav-01,53HFM890M7X2RW,ZoomCamera,XML_ATTR:{http://www.dji.com/drone-dji/1.0/}LRFTargetLon,120.4728099,raw_xmp_xml
@raw/04_第四批_20260908_1053_多火点与余热点/02_激光打点与定位验证/01_事后打点候选/无人机01_1581F7K3C251800CYBVP/DJI_202609081117_006/DJI_20260908112105_0001_V.JPG,B4,uav-01,53HFM890M7X2RW,ZoomCamera,XML_ATTR:{http://www.dji.com/drone-dji/1.0/}LRFTargetLat,31.2894813,raw_xmp_xml
@raw/04_第四批_20260908_1053_多火点与余热点/02_激光打点与定位验证/01_事后打点候选/无人机01_1581F7K3C251800CYBVP/DJI_202609081117_006/DJI_20260908112105_0001_V.JPG,B4,uav-01,53HFM890M7X2RW,ZoomCamera,XML_ATTR:{http://www.dji.com/drone-dji/1.0/}LRFTargetAlt,1.421,raw_xmp_xml
@raw/04_第四批_20260908_1053_多火点与余热点/02_激光打点与定位验证/01_事后打点候选/无人机01_1581F7K3C251800CYBVP/DJI_202609081117_006/DJI_20260908112105_0001_V.JPG,B4,uav-01,53HFM890M7X2RW,ZoomCamera,XML_ATTR:{http://www.dji.com/drone-dji/1.0/}LRFTargetAbsAlt,52.700,raw_xmp_xml
@raw/04_第四批_20260908_1053_多火点与余热点/02_激光打点与定位验证/01_事后打点候选/无人机01_1581F7K3C251800CYBVP/DJI_202609081117_006/DJI_20260908112105_0001_V.JPG,B4,uav-01,53HFM890M7X2RW,ZoomCamera,XML_ATTR:{http://www.dji.com/drone-dji/1.0/}WhiteBalanceCCT,4398,raw_xmp_xml
@raw/04_第四批_20260908_1053_多火点与余热点/02_激光打点与定位验证/01_事后打点候选/无人机01_1581F7K3C251800CYBVP/DJI_202609081117_006/DJI_20260908112105_0001_V.JPG,B4,uav-01,53HFM890M7X2RW,ZoomCamera,XML_ATTR:{http://www.dji.com/drone-dji/1.0/}SensorFPS,2997/100,raw_xmp_xml
@raw/04_第四批_20260908_1053_多火点与余热点/02_激光打点与定位验证/01_事后打点候选/无人机01_1581F7K3C251800CYBVP/DJI_202609081117_006/DJI_20260908112105_0001_V.JPG,B4,uav-01,53HFM890M7X2RW,ZoomCamera,XML_ATTR:{http://www.dji.com/drone-dji/1.0/}LensPosition,33,raw_xmp_xml
@raw/04_第四批_20260908_1053_多火点与余热点/02_激光打点与定位验证/01_事后打点候选/无人机01_1581F7K3C251800CYBVP/DJI_202609081117_006/DJI_20260908112105_0001_V.JPG,B4,uav-01,53HFM890M7X2RW,ZoomCamera,XML_ATTR:{http://www.dji.com/drone-dji/1.0/}LensInfinitePosition,36,raw_xmp_xml
@raw/04_第四批_20260908_1053_多火点与余热点/02_激光打点与定位验证/01_事后打点候选/无人机01_1581F7K3C251800CYBVP/DJI_202609081117_006/DJI_20260908112105_0001_V.JPG,B4,uav-01,53HFM890M7X2RW,ZoomCamera,XML_ATTR:{http://www.dji.com/drone-dji/1.0/}LensTemperature,44.800000,raw_xmp_xml
@raw/04_第四批_20260908_1053_多火点与余热点/02_激光打点与定位验证/01_事后打点候选/无人机01_1581F7K3C251800CYBVP/DJI_202609081117_006/DJI_20260908112105_0001_V.JPG,B4,uav-01,53HFM890M7X2RW,ZoomCamera,XML_ATTR:{http://pix4d.com/camera/1.0}FileType,single,raw_xmp_xml
@raw/04_第四批_20260908_1053_多火点与余热点/02_激光打点与定位验证/01_事后打点候选/无人机01_1581F7K3C251800CYBVP/DJI_202609081117_006/DJI_20260908112105_0001_V.JPG,B4,uav-01,53HFM890M7X2RW,ZoomCamera,XML_ATTR:{http://ns.adobe.com/camera-raw-settings/1.0/}Version,7.0,raw_xmp_xml
@raw/04_第四批_20260908_1053_多火点与余热点/02_激光打点与定位验证/01_事后打点候选/无人机01_1581F7K3C251800CYBVP/DJI_202609081117_006/DJI_20260908112105_0001_V.JPG,B4,uav-01,53HFM890M7X2RW,ZoomCamera,XML_ATTR:{http://ns.adobe.com/camera-raw-settings/1.0/}HasSettings,False,raw_xmp_xml
@raw/04_第四批_20260908_1053_多火点与余热点/02_激光打点与定位验证/01_事后打点候选/无人机01_1581F7K3C251800CYBVP/DJI_202609081117_006/DJI_20260908112105_0001_V.JPG,B4,uav-01,53HFM890M7X2RW,ZoomCamera,XML_ATTR:{http://ns.adobe.com/camera-raw-settings/1.0/}HasCrop,False,raw_xmp_xml
@raw/04_第四批_20260908_1053_多火点与余热点/02_激光打点与定位验证/01_事后打点候选/无人机01_1581F7K3C251800CYBVP/DJI_202609081117_006/DJI_20260908112105_0001_V.JPG,B4,uav-01,53HFM890M7X2RW,ZoomCamera,XML_ATTR:{http://ns.adobe.com/camera-raw-settings/1.0/}AlreadyApplied,False,raw_xmp_xml
@raw/04_第四批_20260908_1053_多火点与余热点/02_激光打点与定位验证/01_事后打点候选/无人机01_1581F7K3C251800CYBVP/DJI_202609081117_006/DJI_20260908112128_0002_V.JPG,B4,uav-01,53HFM890M7X2RW,ZoomCamera,XMP-rdf:About,DJI Meta Data,exiftool
@raw/04_第四批_20260908_1053_多火点与余热点/02_激光打点与定位验证/01_事后打点候选/无人机01_1581F7K3C251800CYBVP/DJI_202609081117_006/DJI_20260908112128_0002_V.JPG,B4,uav-01,53HFM890M7X2RW,ZoomCamera,XMP-xmp:ModifyDate,2026:09:08 11:21:28+08:00,exiftool
@raw/04_第四批_20260908_1053_多火点与余热点/02_激光打点与定位验证/01_事后打点候选/无人机01_1581F7K3C251800CYBVP/DJI_202609081117_006/DJI_20260908112128_0002_V.JPG,B4,uav-01,53HFM890M7X2RW,ZoomCamera,XMP-xmp:CreateDate,2026:09:08 11:21:28+08:00,exiftool
@raw/04_第四批_20260908_1053_多火点与余热点/02_激光打点与定位验证/01_事后打点候选/无人机01_1581F7K3C251800CYBVP/DJI_202609081117_006/DJI_20260908112128_0002_V.JPG,B4,uav-01,53HFM890M7X2RW,ZoomCamera,XMP-tiff:Make,DJI,exiftool
@raw/04_第四批_20260908_1053_多火点与余热点/02_激光打点与定位验证/01_事后打点候选/无人机01_1581F7K3C251800CYBVP/DJI_202609081117_006/DJI_20260908112128_0002_V.JPG,B4,uav-01,53HFM890M7X2RW,ZoomCamera,XMP-tiff:Model,M4T,exiftool
@raw/04_第四批_20260908_1053_多火点与余热点/02_激光打点与定位验证/01_事后打点候选/无人机01_1581F7K3C251800CYBVP/DJI_202609081117_006/DJI_20260908112128_0002_V.JPG,B4,uav-01,53HFM890M7X2RW,ZoomCamera,XMP-dc:Format,image/jpeg,exiftool
@raw/04_第四批_20260908_1053_多火点与余热点/02_激光打点与定位验证/01_事后打点候选/无人机01_1581F7K3C251800CYBVP/DJI_202609081117_006/DJI_20260908112128_0002_V.JPG,B4,uav-01,53HFM890M7X2RW,ZoomCamera,XMP-drone-dji:Version,1.6,exiftool
@raw/04_第四批_20260908_1053_多火点与余热点/02_激光打点与定位验证/01_事后打点候选/无人机01_1581F7K3C251800CYBVP/DJI_202609081117_006/DJI_20260908112128_0002_V.JPG,B4,uav-01,53HFM890M7X2RW,ZoomCamera,XMP-drone-dji:ImageSource,ZoomCamera,exiftool
@raw/04_第四批_20260908_1053_多火点与余热点/02_激光打点与定位验证/01_事后打点候选/无人机01_1581F7K3C251800CYBVP/DJI_202609081117_006/DJI_20260908112128_0002_V.JPG,B4,uav-01,53HFM890M7X2RW,ZoomCamera,XMP-drone-dji:GpsStatus,Normal,exiftool
@raw/04_第四批_20260908_1053_多火点与余热点/02_激光打点与定位验证/01_事后打点候选/无人机01_1581F7K3C251800CYBVP/DJI_202609081117_006/DJI_20260908112128_0002_V.JPG,B4,uav-01,53HFM890M7X2RW,ZoomCamera,XMP-drone-dji:AltitudeType,GpsFusionAlt,exiftool
@raw/04_第四批_20260908_1053_多火点与余热点/02_激光打点与定位验证/01_事后打点候选/无人机01_1581F7K3C251800CYBVP/DJI_202609081117_006/DJI_20260908112128_0002_V.JPG,B4,uav-01,53HFM890M7X2RW,ZoomCamera,XMP-drone-dji:GPSLatitude,+31.289356721,exiftool
@raw/04_第四批_20260908_1053_多火点与余热点/02_激光打点与定位验证/01_事后打点候选/无人机01_1581F7K3C251800CYBVP/DJI_202609081117_006/DJI_20260908112128_0002_V.JPG,B4,uav-01,53HFM890M7X2RW,ZoomCamera,XMP-drone-dji:GPSLongitude,+120.472764776,exiftool
@raw/04_第四批_20260908_1053_多火点与余热点/02_激光打点与定位验证/01_事后打点候选/无人机01_1581F7K3C251800CYBVP/DJI_202609081117_006/DJI_20260908112128_0002_V.JPG,B4,uav-01,53HFM890M7X2RW,ZoomCamera,XMP-drone-dji:AbsoluteAltitude,+73.286,exiftool
@raw/04_第四批_20260908_1053_多火点与余热点/02_激光打点与定位验证/01_事后打点候选/无人机01_1581F7K3C251800CYBVP/DJI_202609081117_006/DJI_20260908112128_0002_V.JPG,B4,uav-01,53HFM890M7X2RW,ZoomCamera,XMP-drone-dji:RelativeAltitude,+22.007,exiftool
@raw/04_第四批_20260908_1053_多火点与余热点/02_激光打点与定位验证/01_事后打点候选/无人机01_1581F7K3C251800CYBVP/DJI_202609081117_006/DJI_20260908112128_0002_V.JPG,B4,uav-01,53HFM890M7X2RW,ZoomCamera,XMP-drone-dji:GimbalRollDegree,+0.00,exiftool
@raw/04_第四批_20260908_1053_多火点与余热点/02_激光打点与定位验证/01_事后打点候选/无人机01_1581F7K3C251800CYBVP/DJI_202609081117_006/DJI_20260908112128_0002_V.JPG,B4,uav-01,53HFM890M7X2RW,ZoomCamera,XMP-drone-dji:GimbalYawDegree,+16.50,exiftool
@raw/04_第四批_20260908_1053_多火点与余热点/02_激光打点与定位验证/01_事后打点候选/无人机01_1581F7K3C251800CYBVP/DJI_202609081117_006/DJI_20260908112128_0002_V.JPG,B4,uav-01,53HFM890M7X2RW,ZoomCamera,XMP-drone-dji:GimbalPitchDegree,-55.5,exiftool
@raw/04_第四批_20260908_1053_多火点与余热点/02_激光打点与定位验证/01_事后打点候选/无人机01_1581F7K3C251800CYBVP/DJI_202609081117_006/DJI_20260908112128_0002_V.JPG,B4,uav-01,53HFM890M7X2RW,ZoomCamera,XMP-drone-dji:FlightRollDegree,-1.4,exiftool
@raw/04_第四批_20260908_1053_多火点与余热点/02_激光打点与定位验证/01_事后打点候选/无人机01_1581F7K3C251800CYBVP/DJI_202609081117_006/DJI_20260908112128_0002_V.JPG,B4,uav-01,53HFM890M7X2RW,ZoomCamera,XMP-drone-dji:FlightYawDegree,+16.40,exiftool
@raw/04_第四批_20260908_1053_多火点与余热点/02_激光打点与定位验证/01_事后打点候选/无人机01_1581F7K3C251800CYBVP/DJI_202609081117_006/DJI_20260908112128_0002_V.JPG,B4,uav-01,53HFM890M7X2RW,ZoomCamera,XMP-drone-dji:FlightPitchDegree,-1.9,exiftool
@raw/04_第四批_20260908_1053_多火点与余热点/02_激光打点与定位验证/01_事后打点候选/无人机01_1581F7K3C251800CYBVP/DJI_202609081117_006/DJI_20260908112128_0002_V.JPG,B4,uav-01,53HFM890M7X2RW,ZoomCamera,XMP-drone-dji:FlightXSpeed,0.0,exiftool
@raw/04_第四批_20260908_1053_多火点与余热点/02_激光打点与定位验证/01_事后打点候选/无人机01_1581F7K3C251800CYBVP/DJI_202609081117_006/DJI_20260908112128_0002_V.JPG,B4,uav-01,53HFM890M7X2RW,ZoomCamera,XMP-drone-dji:FlightYSpeed,0.0,exiftool
@raw/04_第四批_20260908_1053_多火点与余热点/02_激光打点与定位验证/01_事后打点候选/无人机01_1581F7K3C251800CYBVP/DJI_202609081117_006/DJI_20260908112128_0002_V.JPG,B4,uav-01,53HFM890M7X2RW,ZoomCamera,XMP-drone-dji:FlightZSpeed,0.0,exiftool
@raw/04_第四批_20260908_1053_多火点与余热点/02_激光打点与定位验证/01_事后打点候选/无人机01_1581F7K3C251800CYBVP/DJI_202609081117_006/DJI_20260908112128_0002_V.JPG,B4,uav-01,53HFM890M7X2RW,ZoomCamera,XMP-drone-dji:CamReverse,0,exiftool
@raw/04_第四批_20260908_1053_多火点与余热点/02_激光打点与定位验证/01_事后打点候选/无人机01_1581F7K3C251800CYBVP/DJI_202609081117_006/DJI_20260908112128_0002_V.JPG,B4,uav-01,53HFM890M7X2RW,ZoomCamera,XMP-drone-dji:GimbalReverse,0,exiftool
@raw/04_第四批_20260908_1053_多火点与余热点/02_激光打点与定位验证/01_事后打点候选/无人机01_1581F7K3C251800CYBVP/DJI_202609081117_006/DJI_20260908112128_0002_V.JPG,B4,uav-01,53HFM890M7X2RW,ZoomCamera,XMP-drone-dji:SensorTemperature,43.0,exiftool
@raw/04_第四批_20260908_1053_多火点与余热点/02_激光打点与定位验证/01_事后打点候选/无人机01_1581F7K3C251800CYBVP/DJI_202609081117_006/DJI_20260908112128_0002_V.JPG,B4,uav-01,53HFM890M7X2RW,ZoomCamera,XMP-drone-dji:ProductName,DJI Matrice 4T,exiftool
@raw/04_第四批_20260908_1053_多火点与余热点/02_激光打点与定位验证/01_事后打点候选/无人机01_1581F7K3C251800CYBVP/DJI_202609081117_006/DJI_20260908112128_0002_V.JPG,B4,uav-01,53HFM890M7X2RW,ZoomCamera,XMP-drone-dji:SelfData,,exiftool
@raw/04_第四批_20260908_1053_多火点与余热点/02_激光打点与定位验证/01_事后打点候选/无人机01_1581F7K3C251800CYBVP/DJI_202609081117_006/DJI_20260908112128_0002_V.JPG,B4,uav-01,53HFM890M7X2RW,ZoomCamera,XMP-drone-dji:SurveyingMode,0,exiftool
@raw/04_第四批_20260908_1053_多火点与余热点/02_激光打点与定位验证/01_事后打点候选/无人机01_1581F7K3C251800CYBVP/DJI_202609081117_006/DJI_20260908112128_0002_V.JPG,B4,uav-01,53HFM890M7X2RW,ZoomCamera,XMP-drone-dji:ShutterType,Electronic,exiftool
@raw/04_第四批_20260908_1053_多火点与余热点/02_激光打点与定位验证/01_事后打点候选/无人机01_1581F7K3C251800CYBVP/DJI_202609081117_006/DJI_20260908112128_0002_V.JPG,B4,uav-01,53HFM890M7X2RW,ZoomCamera,XMP-drone-dji:CameraSerialNumber,53HFM890M7X2RW,exiftool
@raw/04_第四批_20260908_1053_多火点与余热点/02_激光打点与定位验证/01_事后打点候选/无人机01_1581F7K3C251800CYBVP/DJI_202609081117_006/DJI_20260908112128_0002_V.JPG,B4,uav-01,53HFM890M7X2RW,ZoomCamera,XMP-drone-dji:DroneModel,M4T,exiftool
@raw/04_第四批_20260908_1053_多火点与余热点/02_激光打点与定位验证/01_事后打点候选/无人机01_1581F7K3C251800CYBVP/DJI_202609081117_006/DJI_20260908112128_0002_V.JPG,B4,uav-01,53HFM890M7X2RW,ZoomCamera,XMP-drone-dji:DroneSerialNumber,1581F7K3C251800CYBVP,exiftool
@raw/04_第四批_20260908_1053_多火点与余热点/02_激光打点与定位验证/01_事后打点候选/无人机01_1581F7K3C251800CYBVP/DJI_202609081117_006/DJI_20260908112128_0002_V.JPG,B4,uav-01,53HFM890M7X2RW,ZoomCamera,XMP-drone-dji:LRFStatus,Normal,exiftool
@raw/04_第四批_20260908_1053_多火点与余热点/02_激光打点与定位验证/01_事后打点候选/无人机01_1581F7K3C251800CYBVP/DJI_202609081117_006/DJI_20260908112128_0002_V.JPG,B4,uav-01,53HFM890M7X2RW,ZoomCamera,XMP-drone-dji:LRFTargetDistance,25.22,exiftool
@raw/04_第四批_20260908_1053_多火点与余热点/02_激光打点与定位验证/01_事后打点候选/无人机01_1581F7K3C251800CYBVP/DJI_202609081117_006/DJI_20260908112128_0002_V.JPG,B4,uav-01,53HFM890M7X2RW,ZoomCamera,XMP-drone-dji:LRFTargetLon,120.4728073,exiftool
@raw/04_第四批_20260908_1053_多火点与余热点/02_激光打点与定位验证/01_事后打点候选/无人机01_1581F7K3C251800CYBVP/DJI_202609081117_006/DJI_20260908112128_0002_V.JPG,B4,uav-01,53HFM890M7X2RW,ZoomCamera,XMP-drone-dji:LRFTargetLat,31.2894797,exiftool
@raw/04_第四批_20260908_1053_多火点与余热点/02_激光打点与定位验证/01_事后打点候选/无人机01_1581F7K3C251800CYBVP/DJI_202609081117_006/DJI_20260908112128_0002_V.JPG,B4,uav-01,53HFM890M7X2RW,ZoomCamera,XMP-drone-dji:LRFTargetAlt,1.221,exiftool
@raw/04_第四批_20260908_1053_多火点与余热点/02_激光打点与定位验证/01_事后打点候选/无人机01_1581F7K3C251800CYBVP/DJI_202609081117_006/DJI_20260908112128_0002_V.JPG,B4,uav-01,53HFM890M7X2RW,ZoomCamera,XMP-drone-dji:LRFTargetAbsAlt,52.5,exiftool
@raw/04_第四批_20260908_1053_多火点与余热点/02_激光打点与定位验证/01_事后打点候选/无人机01_1581F7K3C251800CYBVP/DJI_202609081117_006/DJI_20260908112128_0002_V.JPG,B4,uav-01,53HFM890M7X2RW,ZoomCamera,XMP-drone-dji:WhiteBalanceCCT,4451,exiftool
@raw/04_第四批_20260908_1053_多火点与余热点/02_激光打点与定位验证/01_事后打点候选/无人机01_1581F7K3C251800CYBVP/DJI_202609081117_006/DJI_20260908112128_0002_V.JPG,B4,uav-01,53HFM890M7X2RW,ZoomCamera,XMP-drone-dji:SensorFPS,29.97,exiftool
@raw/04_第四批_20260908_1053_多火点与余热点/02_激光打点与定位验证/01_事后打点候选/无人机01_1581F7K3C251800CYBVP/DJI_202609081117_006/DJI_20260908112128_0002_V.JPG,B4,uav-01,53HFM890M7X2RW,ZoomCamera,XMP-drone-dji:LensPosition,33,exiftool
@raw/04_第四批_20260908_1053_多火点与余热点/02_激光打点与定位验证/01_事后打点候选/无人机01_1581F7K3C251800CYBVP/DJI_202609081117_006/DJI_20260908112128_0002_V.JPG,B4,uav-01,53HFM890M7X2RW,ZoomCamera,XMP-drone-dji:LensInfinitePosition,36,exiftool
@raw/04_第四批_20260908_1053_多火点与余热点/02_激光打点与定位验证/01_事后打点候选/无人机01_1581F7K3C251800CYBVP/DJI_202609081117_006/DJI_20260908112128_0002_V.JPG,B4,uav-01,53HFM890M7X2RW,ZoomCamera,XMP-drone-dji:LensTemperature,44.8,exiftool
@raw/04_第四批_20260908_1053_多火点与余热点/02_激光打点与定位验证/01_事后打点候选/无人机01_1581F7K3C251800CYBVP/DJI_202609081117_006/DJI_20260908112128_0002_V.JPG,B4,uav-01,53HFM890M7X2RW,ZoomCamera,XMP-Camera:FileType,single,exiftool
@raw/04_第四批_20260908_1053_多火点与余热点/02_激光打点与定位验证/01_事后打点候选/无人机01_1581F7K3C251800CYBVP/DJI_202609081117_006/DJI_20260908112128_0002_V.JPG,B4,uav-01,53HFM890M7X2RW,ZoomCamera,XMP-crs:Version,7.0,exiftool
@raw/04_第四批_20260908_1053_多火点与余热点/02_激光打点与定位验证/01_事后打点候选/无人机01_1581F7K3C251800CYBVP/DJI_202609081117_006/DJI_20260908112128_0002_V.JPG,B4,uav-01,53HFM890M7X2RW,ZoomCamera,XMP-crs:HasSettings,False,exiftool
@raw/04_第四批_20260908_1053_多火点与余热点/02_激光打点与定位验证/01_事后打点候选/无人机01_1581F7K3C251800CYBVP/DJI_202609081117_006/DJI_20260908112128_0002_V.JPG,B4,uav-01,53HFM890M7X2RW,ZoomCamera,XMP-crs:HasCrop,False,exiftool
@raw/04_第四批_20260908_1053_多火点与余热点/02_激光打点与定位验证/01_事后打点候选/无人机01_1581F7K3C251800CYBVP/DJI_202609081117_006/DJI_20260908112128_0002_V.JPG,B4,uav-01,53HFM890M7X2RW,ZoomCamera,XMP-crs:AlreadyApplied,False,exiftool
@raw/04_第四批_20260908_1053_多火点与余热点/02_激光打点与定位验证/01_事后打点候选/无人机01_1581F7K3C251800CYBVP/DJI_202609081117_006/DJI_20260908112128_0002_V.JPG,B4,uav-01,53HFM890M7X2RW,ZoomCamera,XML_ATTR:{http://www.w3.org/1999/02/22-rdf-syntax-ns#}about,DJI Meta Data,raw_xmp_xml
@raw/04_第四批_20260908_1053_多火点与余热点/02_激光打点与定位验证/01_事后打点候选/无人机01_1581F7K3C251800CYBVP/DJI_202609081117_006/DJI_20260908112128_0002_V.JPG,B4,uav-01,53HFM890M7X2RW,ZoomCamera,XML_ATTR:{http://ns.adobe.com/xap/1.0/}ModifyDate,2026-09-08T11:21:28+08:00,raw_xmp_xml
@raw/04_第四批_20260908_1053_多火点与余热点/02_激光打点与定位验证/01_事后打点候选/无人机01_1581F7K3C251800CYBVP/DJI_202609081117_006/DJI_20260908112128_0002_V.JPG,B4,uav-01,53HFM890M7X2RW,ZoomCamera,XML_ATTR:{http://ns.adobe.com/xap/1.0/}CreateDate,2026-09-08T11:21:28+08:00,raw_xmp_xml
@raw/04_第四批_20260908_1053_多火点与余热点/02_激光打点与定位验证/01_事后打点候选/无人机01_1581F7K3C251800CYBVP/DJI_202609081117_006/DJI_20260908112128_0002_V.JPG,B4,uav-01,53HFM890M7X2RW,ZoomCamera,XML_ATTR:{http://ns.adobe.com/tiff/1.0/}Make,DJI,raw_xmp_xml
@raw/04_第四批_20260908_1053_多火点与余热点/02_激光打点与定位验证/01_事后打点候选/无人机01_1581F7K3C251800CYBVP/DJI_202609081117_006/DJI_20260908112128_0002_V.JPG,B4,uav-01,53HFM890M7X2RW,ZoomCamera,XML_ATTR:{http://ns.adobe.com/tiff/1.0/}Model,M4T,raw_xmp_xml
@raw/04_第四批_20260908_1053_多火点与余热点/02_激光打点与定位验证/01_事后打点候选/无人机01_1581F7K3C251800CYBVP/DJI_202609081117_006/DJI_20260908112128_0002_V.JPG,B4,uav-01,53HFM890M7X2RW,ZoomCamera,XML_ATTR:{http://purl.org/dc/elements/1.1/}format,image/jpeg,raw_xmp_xml
@raw/04_第四批_20260908_1053_多火点与余热点/02_激光打点与定位验证/01_事后打点候选/无人机01_1581F7K3C251800CYBVP/DJI_202609081117_006/DJI_20260908112128_0002_V.JPG,B4,uav-01,53HFM890M7X2RW,ZoomCamera,XML_ATTR:{http://www.dji.com/drone-dji/1.0/}Version,1.6,raw_xmp_xml
@raw/04_第四批_20260908_1053_多火点与余热点/02_激光打点与定位验证/01_事后打点候选/无人机01_1581F7K3C251800CYBVP/DJI_202609081117_006/DJI_20260908112128_0002_V.JPG,B4,uav-01,53HFM890M7X2RW,ZoomCamera,XML_ATTR:{http://www.dji.com/drone-dji/1.0/}ImageSource,ZoomCamera,raw_xmp_xml
@raw/04_第四批_20260908_1053_多火点与余热点/02_激光打点与定位验证/01_事后打点候选/无人机01_1581F7K3C251800CYBVP/DJI_202609081117_006/DJI_20260908112128_0002_V.JPG,B4,uav-01,53HFM890M7X2RW,ZoomCamera,XML_ATTR:{http://www.dji.com/drone-dji/1.0/}GpsStatus,Normal,raw_xmp_xml
@raw/04_第四批_20260908_1053_多火点与余热点/02_激光打点与定位验证/01_事后打点候选/无人机01_1581F7K3C251800CYBVP/DJI_202609081117_006/DJI_20260908112128_0002_V.JPG,B4,uav-01,53HFM890M7X2RW,ZoomCamera,XML_ATTR:{http://www.dji.com/drone-dji/1.0/}AltitudeType,GpsFusionAlt,raw_xmp_xml
@raw/04_第四批_20260908_1053_多火点与余热点/02_激光打点与定位验证/01_事后打点候选/无人机01_1581F7K3C251800CYBVP/DJI_202609081117_006/DJI_20260908112128_0002_V.JPG,B4,uav-01,53HFM890M7X2RW,ZoomCamera,XML_ATTR:{http://www.dji.com/drone-dji/1.0/}GpsLatitude,+31.289356721,raw_xmp_xml
@raw/04_第四批_20260908_1053_多火点与余热点/02_激光打点与定位验证/01_事后打点候选/无人机01_1581F7K3C251800CYBVP/DJI_202609081117_006/DJI_20260908112128_0002_V.JPG,B4,uav-01,53HFM890M7X2RW,ZoomCamera,XML_ATTR:{http://www.dji.com/drone-dji/1.0/}GpsLongitude,+120.472764776,raw_xmp_xml
@raw/04_第四批_20260908_1053_多火点与余热点/02_激光打点与定位验证/01_事后打点候选/无人机01_1581F7K3C251800CYBVP/DJI_202609081117_006/DJI_20260908112128_0002_V.JPG,B4,uav-01,53HFM890M7X2RW,ZoomCamera,XML_ATTR:{http://www.dji.com/drone-dji/1.0/}AbsoluteAltitude,+73.286,raw_xmp_xml
@raw/04_第四批_20260908_1053_多火点与余热点/02_激光打点与定位验证/01_事后打点候选/无人机01_1581F7K3C251800CYBVP/DJI_202609081117_006/DJI_20260908112128_0002_V.JPG,B4,uav-01,53HFM890M7X2RW,ZoomCamera,XML_ATTR:{http://www.dji.com/drone-dji/1.0/}RelativeAltitude,+22.007,raw_xmp_xml
@raw/04_第四批_20260908_1053_多火点与余热点/02_激光打点与定位验证/01_事后打点候选/无人机01_1581F7K3C251800CYBVP/DJI_202609081117_006/DJI_20260908112128_0002_V.JPG,B4,uav-01,53HFM890M7X2RW,ZoomCamera,XML_ATTR:{http://www.dji.com/drone-dji/1.0/}GimbalRollDegree,+0.00,raw_xmp_xml
@raw/04_第四批_20260908_1053_多火点与余热点/02_激光打点与定位验证/01_事后打点候选/无人机01_1581F7K3C251800CYBVP/DJI_202609081117_006/DJI_20260908112128_0002_V.JPG,B4,uav-01,53HFM890M7X2RW,ZoomCamera,XML_ATTR:{http://www.dji.com/drone-dji/1.0/}GimbalYawDegree,+16.50,raw_xmp_xml
@raw/04_第四批_20260908_1053_多火点与余热点/02_激光打点与定位验证/01_事后打点候选/无人机01_1581F7K3C251800CYBVP/DJI_202609081117_006/DJI_20260908112128_0002_V.JPG,B4,uav-01,53HFM890M7X2RW,ZoomCamera,XML_ATTR:{http://www.dji.com/drone-dji/1.0/}GimbalPitchDegree,-55.50,raw_xmp_xml
@raw/04_第四批_20260908_1053_多火点与余热点/02_激光打点与定位验证/01_事后打点候选/无人机01_1581F7K3C251800CYBVP/DJI_202609081117_006/DJI_20260908112128_0002_V.JPG,B4,uav-01,53HFM890M7X2RW,ZoomCamera,XML_ATTR:{http://www.dji.com/drone-dji/1.0/}FlightRollDegree,-1.40,raw_xmp_xml
@raw/04_第四批_20260908_1053_多火点与余热点/02_激光打点与定位验证/01_事后打点候选/无人机01_1581F7K3C251800CYBVP/DJI_202609081117_006/DJI_20260908112128_0002_V.JPG,B4,uav-01,53HFM890M7X2RW,ZoomCamera,XML_ATTR:{http://www.dji.com/drone-dji/1.0/}FlightYawDegree,+16.40,raw_xmp_xml
@raw/04_第四批_20260908_1053_多火点与余热点/02_激光打点与定位验证/01_事后打点候选/无人机01_1581F7K3C251800CYBVP/DJI_202609081117_006/DJI_20260908112128_0002_V.JPG,B4,uav-01,53HFM890M7X2RW,ZoomCamera,XML_ATTR:{http://www.dji.com/drone-dji/1.0/}FlightPitchDegree,-1.90,raw_xmp_xml
@raw/04_第四批_20260908_1053_多火点与余热点/02_激光打点与定位验证/01_事后打点候选/无人机01_1581F7K3C251800CYBVP/DJI_202609081117_006/DJI_20260908112128_0002_V.JPG,B4,uav-01,53HFM890M7X2RW,ZoomCamera,XML_ATTR:{http://www.dji.com/drone-dji/1.0/}FlightXSpeed,0.0,raw_xmp_xml
@raw/04_第四批_20260908_1053_多火点与余热点/02_激光打点与定位验证/01_事后打点候选/无人机01_1581F7K3C251800CYBVP/DJI_202609081117_006/DJI_20260908112128_0002_V.JPG,B4,uav-01,53HFM890M7X2RW,ZoomCamera,XML_ATTR:{http://www.dji.com/drone-dji/1.0/}FlightYSpeed,0.0,raw_xmp_xml
@raw/04_第四批_20260908_1053_多火点与余热点/02_激光打点与定位验证/01_事后打点候选/无人机01_1581F7K3C251800CYBVP/DJI_202609081117_006/DJI_20260908112128_0002_V.JPG,B4,uav-01,53HFM890M7X2RW,ZoomCamera,XML_ATTR:{http://www.dji.com/drone-dji/1.0/}FlightZSpeed,0.0,raw_xmp_xml
@raw/04_第四批_20260908_1053_多火点与余热点/02_激光打点与定位验证/01_事后打点候选/无人机01_1581F7K3C251800CYBVP/DJI_202609081117_006/DJI_20260908112128_0002_V.JPG,B4,uav-01,53HFM890M7X2RW,ZoomCamera,XML_ATTR:{http://www.dji.com/drone-dji/1.0/}CamReverse,0,raw_xmp_xml
@raw/04_第四批_20260908_1053_多火点与余热点/02_激光打点与定位验证/01_事后打点候选/无人机01_1581F7K3C251800CYBVP/DJI_202609081117_006/DJI_20260908112128_0002_V.JPG,B4,uav-01,53HFM890M7X2RW,ZoomCamera,XML_ATTR:{http://www.dji.com/drone-dji/1.0/}GimbalReverse,0,raw_xmp_xml
@raw/04_第四批_20260908_1053_多火点与余热点/02_激光打点与定位验证/01_事后打点候选/无人机01_1581F7K3C251800CYBVP/DJI_202609081117_006/DJI_20260908112128_0002_V.JPG,B4,uav-01,53HFM890M7X2RW,ZoomCamera,XML_ATTR:{http://www.dji.com/drone-dji/1.0/}SensorTemperature,43.0,raw_xmp_xml
@raw/04_第四批_20260908_1053_多火点与余热点/02_激光打点与定位验证/01_事后打点候选/无人机01_1581F7K3C251800CYBVP/DJI_202609081117_006/DJI_20260908112128_0002_V.JPG,B4,uav-01,53HFM890M7X2RW,ZoomCamera,XML_ATTR:{http://www.dji.com/drone-dji/1.0/}ProductName,DJI Matrice 4T,raw_xmp_xml
@raw/04_第四批_20260908_1053_多火点与余热点/02_激光打点与定位验证/01_事后打点候选/无人机01_1581F7K3C251800CYBVP/DJI_202609081117_006/DJI_20260908112128_0002_V.JPG,B4,uav-01,53HFM890M7X2RW,ZoomCamera,XML_ATTR:{http://www.dji.com/drone-dji/1.0/}SelfData,,raw_xmp_xml
@raw/04_第四批_20260908_1053_多火点与余热点/02_激光打点与定位验证/01_事后打点候选/无人机01_1581F7K3C251800CYBVP/DJI_202609081117_006/DJI_20260908112128_0002_V.JPG,B4,uav-01,53HFM890M7X2RW,ZoomCamera,XML_ATTR:{http://www.dji.com/drone-dji/1.0/}SurveyingMode,0,raw_xmp_xml
@raw/04_第四批_20260908_1053_多火点与余热点/02_激光打点与定位验证/01_事后打点候选/无人机01_1581F7K3C251800CYBVP/DJI_202609081117_006/DJI_20260908112128_0002_V.JPG,B4,uav-01,53HFM890M7X2RW,ZoomCamera,XML_ATTR:{http://www.dji.com/drone-dji/1.0/}ShutterType,Electronic,raw_xmp_xml
@raw/04_第四批_20260908_1053_多火点与余热点/02_激光打点与定位验证/01_事后打点候选/无人机01_1581F7K3C251800CYBVP/DJI_202609081117_006/DJI_20260908112128_0002_V.JPG,B4,uav-01,53HFM890M7X2RW,ZoomCamera,XML_ATTR:{http://www.dji.com/drone-dji/1.0/}CameraSerialNumber,53HFM890M7X2RW,raw_xmp_xml
@raw/04_第四批_20260908_1053_多火点与余热点/02_激光打点与定位验证/01_事后打点候选/无人机01_1581F7K3C251800CYBVP/DJI_202609081117_006/DJI_20260908112128_0002_V.JPG,B4,uav-01,53HFM890M7X2RW,ZoomCamera,XML_ATTR:{http://www.dji.com/drone-dji/1.0/}DroneModel,M4T,raw_xmp_xml
@raw/04_第四批_20260908_1053_多火点与余热点/02_激光打点与定位验证/01_事后打点候选/无人机01_1581F7K3C251800CYBVP/DJI_202609081117_006/DJI_20260908112128_0002_V.JPG,B4,uav-01,53HFM890M7X2RW,ZoomCamera,XML_ATTR:{http://www.dji.com/drone-dji/1.0/}DroneSerialNumber,1581F7K3C251800CYBVP,raw_xmp_xml
@raw/04_第四批_20260908_1053_多火点与余热点/02_激光打点与定位验证/01_事后打点候选/无人机01_1581F7K3C251800CYBVP/DJI_202609081117_006/DJI_20260908112128_0002_V.JPG,B4,uav-01,53HFM890M7X2RW,ZoomCamera,XML_ATTR:{http://www.dji.com/drone-dji/1.0/}LRFStatus,Normal,raw_xmp_xml
@raw/04_第四批_20260908_1053_多火点与余热点/02_激光打点与定位验证/01_事后打点候选/无人机01_1581F7K3C251800CYBVP/DJI_202609081117_006/DJI_20260908112128_0002_V.JPG,B4,uav-01,53HFM890M7X2RW,ZoomCamera,XML_ATTR:{http://www.dji.com/drone-dji/1.0/}LRFTargetDistance,25.220,raw_xmp_xml
@raw/04_第四批_20260908_1053_多火点与余热点/02_激光打点与定位验证/01_事后打点候选/无人机01_1581F7K3C251800CYBVP/DJI_202609081117_006/DJI_20260908112128_0002_V.JPG,B4,uav-01,53HFM890M7X2RW,ZoomCamera,XML_ATTR:{http://www.dji.com/drone-dji/1.0/}LRFTargetLon,120.4728073,raw_xmp_xml
@raw/04_第四批_20260908_1053_多火点与余热点/02_激光打点与定位验证/01_事后打点候选/无人机01_1581F7K3C251800CYBVP/DJI_202609081117_006/DJI_20260908112128_0002_V.JPG,B4,uav-01,53HFM890M7X2RW,ZoomCamera,XML_ATTR:{http://www.dji.com/drone-dji/1.0/}LRFTargetLat,31.2894797,raw_xmp_xml
@raw/04_第四批_20260908_1053_多火点与余热点/02_激光打点与定位验证/01_事后打点候选/无人机01_1581F7K3C251800CYBVP/DJI_202609081117_006/DJI_20260908112128_0002_V.JPG,B4,uav-01,53HFM890M7X2RW,ZoomCamera,XML_ATTR:{http://www.dji.com/drone-dji/1.0/}LRFTargetAlt,1.221,raw_xmp_xml
@raw/04_第四批_20260908_1053_多火点与余热点/02_激光打点与定位验证/01_事后打点候选/无人机01_1581F7K3C251800CYBVP/DJI_202609081117_006/DJI_20260908112128_0002_V.JPG,B4,uav-01,53HFM890M7X2RW,ZoomCamera,XML_ATTR:{http://www.dji.com/drone-dji/1.0/}LRFTargetAbsAlt,52.500,raw_xmp_xml
@raw/04_第四批_20260908_1053_多火点与余热点/02_激光打点与定位验证/01_事后打点候选/无人机01_1581F7K3C251800CYBVP/DJI_202609081117_006/DJI_20260908112128_0002_V.JPG,B4,uav-01,53HFM890M7X2RW,ZoomCamera,XML_ATTR:{http://www.dji.com/drone-dji/1.0/}WhiteBalanceCCT,4451,raw_xmp_xml
@raw/04_第四批_20260908_1053_多火点与余热点/02_激光打点与定位验证/01_事后打点候选/无人机01_1581F7K3C251800CYBVP/DJI_202609081117_006/DJI_20260908112128_0002_V.JPG,B4,uav-01,53HFM890M7X2RW,ZoomCamera,XML_ATTR:{http://www.dji.com/drone-dji/1.0/}SensorFPS,2997/100,raw_xmp_xml
@raw/04_第四批_20260908_1053_多火点与余热点/02_激光打点与定位验证/01_事后打点候选/无人机01_1581F7K3C251800CYBVP/DJI_202609081117_006/DJI_20260908112128_0002_V.JPG,B4,uav-01,53HFM890M7X2RW,ZoomCamera,XML_ATTR:{http://www.dji.com/drone-dji/1.0/}LensPosition,33,raw_xmp_xml
@raw/04_第四批_20260908_1053_多火点与余热点/02_激光打点与定位验证/01_事后打点候选/无人机01_1581F7K3C251800CYBVP/DJI_202609081117_006/DJI_20260908112128_0002_V.JPG,B4,uav-01,53HFM890M7X2RW,ZoomCamera,XML_ATTR:{http://www.dji.com/drone-dji/1.0/}LensInfinitePosition,36,raw_xmp_xml
@raw/04_第四批_20260908_1053_多火点与余热点/02_激光打点与定位验证/01_事后打点候选/无人机01_1581F7K3C251800CYBVP/DJI_202609081117_006/DJI_20260908112128_0002_V.JPG,B4,uav-01,53HFM890M7X2RW,ZoomCamera,XML_ATTR:{http://www.dji.com/drone-dji/1.0/}LensTemperature,44.800000,raw_xmp_xml
@raw/04_第四批_20260908_1053_多火点与余热点/02_激光打点与定位验证/01_事后打点候选/无人机01_1581F7K3C251800CYBVP/DJI_202609081117_006/DJI_20260908112128_0002_V.JPG,B4,uav-01,53HFM890M7X2RW,ZoomCamera,XML_ATTR:{http://pix4d.com/camera/1.0}FileType,single,raw_xmp_xml
@raw/04_第四批_20260908_1053_多火点与余热点/02_激光打点与定位验证/01_事后打点候选/无人机01_1581F7K3C251800CYBVP/DJI_202609081117_006/DJI_20260908112128_0002_V.JPG,B4,uav-01,53HFM890M7X2RW,ZoomCamera,XML_ATTR:{http://ns.adobe.com/camera-raw-settings/1.0/}Version,7.0,raw_xmp_xml
@raw/04_第四批_20260908_1053_多火点与余热点/02_激光打点与定位验证/01_事后打点候选/无人机01_1581F7K3C251800CYBVP/DJI_202609081117_006/DJI_20260908112128_0002_V.JPG,B4,uav-01,53HFM890M7X2RW,ZoomCamera,XML_ATTR:{http://ns.adobe.com/camera-raw-settings/1.0/}HasSettings,False,raw_xmp_xml
@raw/04_第四批_20260908_1053_多火点与余热点/02_激光打点与定位验证/01_事后打点候选/无人机01_1581F7K3C251800CYBVP/DJI_202609081117_006/DJI_20260908112128_0002_V.JPG,B4,uav-01,53HFM890M7X2RW,ZoomCamera,XML_ATTR:{http://ns.adobe.com/camera-raw-settings/1.0/}HasCrop,False,raw_xmp_xml
@raw/04_第四批_20260908_1053_多火点与余热点/02_激光打点与定位验证/01_事后打点候选/无人机01_1581F7K3C251800CYBVP/DJI_202609081117_006/DJI_20260908112128_0002_V.JPG,B4,uav-01,53HFM890M7X2RW,ZoomCamera,XML_ATTR:{http://ns.adobe.com/camera-raw-settings/1.0/}AlreadyApplied,False,raw_xmp_xml
@raw/04_第四批_20260908_1053_多火点与余热点/02_激光打点与定位验证/01_事后打点候选/无人机01_1581F7K3C251800CYBVP/DJI_202609081117_006/DJI_20260908112153_0003_V.JPG,B4,uav-01,53HFM890M7X2RW,ZoomCamera,XMP-rdf:About,DJI Meta Data,exiftool
@raw/04_第四批_20260908_1053_多火点与余热点/02_激光打点与定位验证/01_事后打点候选/无人机01_1581F7K3C251800CYBVP/DJI_202609081117_006/DJI_20260908112153_0003_V.JPG,B4,uav-01,53HFM890M7X2RW,ZoomCamera,XMP-xmp:ModifyDate,2026:09:08 11:21:53+08:00,exiftool
@raw/04_第四批_20260908_1053_多火点与余热点/02_激光打点与定位验证/01_事后打点候选/无人机01_1581F7K3C251800CYBVP/DJI_202609081117_006/DJI_20260908112153_0003_V.JPG,B4,uav-01,53HFM890M7X2RW,ZoomCamera,XMP-xmp:CreateDate,2026:09:08 11:21:53+08:00,exiftool
@raw/04_第四批_20260908_1053_多火点与余热点/02_激光打点与定位验证/01_事后打点候选/无人机01_1581F7K3C251800CYBVP/DJI_202609081117_006/DJI_20260908112153_0003_V.JPG,B4,uav-01,53HFM890M7X2RW,ZoomCamera,XMP-tiff:Make,DJI,exiftool
@raw/04_第四批_20260908_1053_多火点与余热点/02_激光打点与定位验证/01_事后打点候选/无人机01_1581F7K3C251800CYBVP/DJI_202609081117_006/DJI_20260908112153_0003_V.JPG,B4,uav-01,53HFM890M7X2RW,ZoomCamera,XMP-tiff:Model,M4T,exiftool
@raw/04_第四批_20260908_1053_多火点与余热点/02_激光打点与定位验证/01_事后打点候选/无人机01_1581F7K3C251800CYBVP/DJI_202609081117_006/DJI_20260908112153_0003_V.JPG,B4,uav-01,53HFM890M7X2RW,ZoomCamera,XMP-dc:Format,image/jpeg,exiftool
@raw/04_第四批_20260908_1053_多火点与余热点/02_激光打点与定位验证/01_事后打点候选/无人机01_1581F7K3C251800CYBVP/DJI_202609081117_006/DJI_20260908112153_0003_V.JPG,B4,uav-01,53HFM890M7X2RW,ZoomCamera,XMP-drone-dji:Version,1.6,exiftool
@raw/04_第四批_20260908_1053_多火点与余热点/02_激光打点与定位验证/01_事后打点候选/无人机01_1581F7K3C251800CYBVP/DJI_202609081117_006/DJI_20260908112153_0003_V.JPG,B4,uav-01,53HFM890M7X2RW,ZoomCamera,XMP-drone-dji:ImageSource,ZoomCamera,exiftool
@raw/04_第四批_20260908_1053_多火点与余热点/02_激光打点与定位验证/01_事后打点候选/无人机01_1581F7K3C251800CYBVP/DJI_202609081117_006/DJI_20260908112153_0003_V.JPG,B4,uav-01,53HFM890M7X2RW,ZoomCamera,XMP-drone-dji:GpsStatus,Normal,exiftool
@raw/04_第四批_20260908_1053_多火点与余热点/02_激光打点与定位验证/01_事后打点候选/无人机01_1581F7K3C251800CYBVP/DJI_202609081117_006/DJI_20260908112153_0003_V.JPG,B4,uav-01,53HFM890M7X2RW,ZoomCamera,XMP-drone-dji:AltitudeType,GpsFusionAlt,exiftool
@raw/04_第四批_20260908_1053_多火点与余热点/02_激光打点与定位验证/01_事后打点候选/无人机01_1581F7K3C251800CYBVP/DJI_202609081117_006/DJI_20260908112153_0003_V.JPG,B4,uav-01,53HFM890M7X2RW,ZoomCamera,XMP-drone-dji:GPSLatitude,+31.289399712,exiftool
@raw/04_第四批_20260908_1053_多火点与余热点/02_激光打点与定位验证/01_事后打点候选/无人机01_1581F7K3C251800CYBVP/DJI_202609081117_006/DJI_20260908112153_0003_V.JPG,B4,uav-01,53HFM890M7X2RW,ZoomCamera,XMP-drone-dji:GPSLongitude,+120.472624424,exiftool
@raw/04_第四批_20260908_1053_多火点与余热点/02_激光打点与定位验证/01_事后打点候选/无人机01_1581F7K3C251800CYBVP/DJI_202609081117_006/DJI_20260908112153_0003_V.JPG,B4,uav-01,53HFM890M7X2RW,ZoomCamera,XMP-drone-dji:AbsoluteAltitude,+79.998,exiftool
@raw/04_第四批_20260908_1053_多火点与余热点/02_激光打点与定位验证/01_事后打点候选/无人机01_1581F7K3C251800CYBVP/DJI_202609081117_006/DJI_20260908112153_0003_V.JPG,B4,uav-01,53HFM890M7X2RW,ZoomCamera,XMP-drone-dji:RelativeAltitude,+28.719,exiftool
@raw/04_第四批_20260908_1053_多火点与余热点/02_激光打点与定位验证/01_事后打点候选/无人机01_1581F7K3C251800CYBVP/DJI_202609081117_006/DJI_20260908112153_0003_V.JPG,B4,uav-01,53HFM890M7X2RW,ZoomCamera,XMP-drone-dji:GimbalRollDegree,+0.00,exiftool
@raw/04_第四批_20260908_1053_多火点与余热点/02_激光打点与定位验证/01_事后打点候选/无人机01_1581F7K3C251800CYBVP/DJI_202609081117_006/DJI_20260908112153_0003_V.JPG,B4,uav-01,53HFM890M7X2RW,ZoomCamera,XMP-drone-dji:GimbalYawDegree,+62.60,exiftool
@raw/04_第四批_20260908_1053_多火点与余热点/02_激光打点与定位验证/01_事后打点候选/无人机01_1581F7K3C251800CYBVP/DJI_202609081117_006/DJI_20260908112153_0003_V.JPG,B4,uav-01,53HFM890M7X2RW,ZoomCamera,XMP-drone-dji:GimbalPitchDegree,-55.5,exiftool
@raw/04_第四批_20260908_1053_多火点与余热点/02_激光打点与定位验证/01_事后打点候选/无人机01_1581F7K3C251800CYBVP/DJI_202609081117_006/DJI_20260908112153_0003_V.JPG,B4,uav-01,53HFM890M7X2RW,ZoomCamera,XMP-drone-dji:FlightRollDegree,-4.0,exiftool
@raw/04_第四批_20260908_1053_多火点与余热点/02_激光打点与定位验证/01_事后打点候选/无人机01_1581F7K3C251800CYBVP/DJI_202609081117_006/DJI_20260908112153_0003_V.JPG,B4,uav-01,53HFM890M7X2RW,ZoomCamera,XMP-drone-dji:FlightYawDegree,+62.60,exiftool
@raw/04_第四批_20260908_1053_多火点与余热点/02_激光打点与定位验证/01_事后打点候选/无人机01_1581F7K3C251800CYBVP/DJI_202609081117_006/DJI_20260908112153_0003_V.JPG,B4,uav-01,53HFM890M7X2RW,ZoomCamera,XMP-drone-dji:FlightPitchDegree,-4.5,exiftool
@raw/04_第四批_20260908_1053_多火点与余热点/02_激光打点与定位验证/01_事后打点候选/无人机01_1581F7K3C251800CYBVP/DJI_202609081117_006/DJI_20260908112153_0003_V.JPG,B4,uav-01,53HFM890M7X2RW,ZoomCamera,XMP-drone-dji:FlightXSpeed,0.0,exiftool
@raw/04_第四批_20260908_1053_多火点与余热点/02_激光打点与定位验证/01_事后打点候选/无人机01_1581F7K3C251800CYBVP/DJI_202609081117_006/DJI_20260908112153_0003_V.JPG,B4,uav-01,53HFM890M7X2RW,ZoomCamera,XMP-drone-dji:FlightYSpeed,0.0,exiftool
@raw/04_第四批_20260908_1053_多火点与余热点/02_激光打点与定位验证/01_事后打点候选/无人机01_1581F7K3C251800CYBVP/DJI_202609081117_006/DJI_20260908112153_0003_V.JPG,B4,uav-01,53HFM890M7X2RW,ZoomCamera,XMP-drone-dji:FlightZSpeed,0.0,exiftool
@raw/04_第四批_20260908_1053_多火点与余热点/02_激光打点与定位验证/01_事后打点候选/无人机01_1581F7K3C251800CYBVP/DJI_202609081117_006/DJI_20260908112153_0003_V.JPG,B4,uav-01,53HFM890M7X2RW,ZoomCamera,XMP-drone-dji:CamReverse,0,exiftool
@raw/04_第四批_20260908_1053_多火点与余热点/02_激光打点与定位验证/01_事后打点候选/无人机01_1581F7K3C251800CYBVP/DJI_202609081117_006/DJI_20260908112153_0003_V.JPG,B4,uav-01,53HFM890M7X2RW,ZoomCamera,XMP-drone-dji:GimbalReverse,0,exiftool
@raw/04_第四批_20260908_1053_多火点与余热点/02_激光打点与定位验证/01_事后打点候选/无人机01_1581F7K3C251800CYBVP/DJI_202609081117_006/DJI_20260908112153_0003_V.JPG,B4,uav-01,53HFM890M7X2RW,ZoomCamera,XMP-drone-dji:SensorTemperature,43.0,exiftool
@raw/04_第四批_20260908_1053_多火点与余热点/02_激光打点与定位验证/01_事后打点候选/无人机01_1581F7K3C251800CYBVP/DJI_202609081117_006/DJI_20260908112153_0003_V.JPG,B4,uav-01,53HFM890M7X2RW,ZoomCamera,XMP-drone-dji:ProductName,DJI Matrice 4T,exiftool
@raw/04_第四批_20260908_1053_多火点与余热点/02_激光打点与定位验证/01_事后打点候选/无人机01_1581F7K3C251800CYBVP/DJI_202609081117_006/DJI_20260908112153_0003_V.JPG,B4,uav-01,53HFM890M7X2RW,ZoomCamera,XMP-drone-dji:SelfData,,exiftool
@raw/04_第四批_20260908_1053_多火点与余热点/02_激光打点与定位验证/01_事后打点候选/无人机01_1581F7K3C251800CYBVP/DJI_202609081117_006/DJI_20260908112153_0003_V.JPG,B4,uav-01,53HFM890M7X2RW,ZoomCamera,XMP-drone-dji:SurveyingMode,0,exiftool
@raw/04_第四批_20260908_1053_多火点与余热点/02_激光打点与定位验证/01_事后打点候选/无人机01_1581F7K3C251800CYBVP/DJI_202609081117_006/DJI_20260908112153_0003_V.JPG,B4,uav-01,53HFM890M7X2RW,ZoomCamera,XMP-drone-dji:ShutterType,Electronic,exiftool
@raw/04_第四批_20260908_1053_多火点与余热点/02_激光打点与定位验证/01_事后打点候选/无人机01_1581F7K3C251800CYBVP/DJI_202609081117_006/DJI_20260908112153_0003_V.JPG,B4,uav-01,53HFM890M7X2RW,ZoomCamera,XMP-drone-dji:CameraSerialNumber,53HFM890M7X2RW,exiftool
@raw/04_第四批_20260908_1053_多火点与余热点/02_激光打点与定位验证/01_事后打点候选/无人机01_1581F7K3C251800CYBVP/DJI_202609081117_006/DJI_20260908112153_0003_V.JPG,B4,uav-01,53HFM890M7X2RW,ZoomCamera,XMP-drone-dji:DroneModel,M4T,exiftool
@raw/04_第四批_20260908_1053_多火点与余热点/02_激光打点与定位验证/01_事后打点候选/无人机01_1581F7K3C251800CYBVP/DJI_202609081117_006/DJI_20260908112153_0003_V.JPG,B4,uav-01,53HFM890M7X2RW,ZoomCamera,XMP-drone-dji:DroneSerialNumber,1581F7K3C251800CYBVP,exiftool
@raw/04_第四批_20260908_1053_多火点与余热点/02_激光打点与定位验证/01_事后打点候选/无人机01_1581F7K3C251800CYBVP/DJI_202609081117_006/DJI_20260908112153_0003_V.JPG,B4,uav-01,53HFM890M7X2RW,ZoomCamera,XMP-drone-dji:LRFStatus,Normal,exiftool
@raw/04_第四批_20260908_1053_多火点与余热点/02_激光打点与定位验证/01_事后打点候选/无人机01_1581F7K3C251800CYBVP/DJI_202609081117_006/DJI_20260908112153_0003_V.JPG,B4,uav-01,53HFM890M7X2RW,ZoomCamera,XMP-drone-dji:LRFTargetDistance,33.476,exiftool
@raw/04_第四批_20260908_1053_多火点与余热点/02_激光打点与定位验证/01_事后打点候选/无人机01_1581F7K3C251800CYBVP/DJI_202609081117_006/DJI_20260908112153_0003_V.JPG,B4,uav-01,53HFM890M7X2RW,ZoomCamera,XMP-drone-dji:LRFTargetLon,120.4728014,exiftool
@raw/04_第四批_20260908_1053_多火点与余热点/02_激光打点与定位验证/01_事后打点候选/无人机01_1581F7K3C251800CYBVP/DJI_202609081117_006/DJI_20260908112153_0003_V.JPG,B4,uav-01,53HFM890M7X2RW,ZoomCamera,XMP-drone-dji:LRFTargetLat,31.2894778,exiftool
@raw/04_第四批_20260908_1053_多火点与余热点/02_激光打点与定位验证/01_事后打点候选/无人机01_1581F7K3C251800CYBVP/DJI_202609081117_006/DJI_20260908112153_0003_V.JPG,B4,uav-01,53HFM890M7X2RW,ZoomCamera,XMP-drone-dji:LRFTargetAlt,1.121,exiftool
@raw/04_第四批_20260908_1053_多火点与余热点/02_激光打点与定位验证/01_事后打点候选/无人机01_1581F7K3C251800CYBVP/DJI_202609081117_006/DJI_20260908112153_0003_V.JPG,B4,uav-01,53HFM890M7X2RW,ZoomCamera,XMP-drone-dji:LRFTargetAbsAlt,52.4,exiftool
@raw/04_第四批_20260908_1053_多火点与余热点/02_激光打点与定位验证/01_事后打点候选/无人机01_1581F7K3C251800CYBVP/DJI_202609081117_006/DJI_20260908112153_0003_V.JPG,B4,uav-01,53HFM890M7X2RW,ZoomCamera,XMP-drone-dji:WhiteBalanceCCT,4434,exiftool
@raw/04_第四批_20260908_1053_多火点与余热点/02_激光打点与定位验证/01_事后打点候选/无人机01_1581F7K3C251800CYBVP/DJI_202609081117_006/DJI_20260908112153_0003_V.JPG,B4,uav-01,53HFM890M7X2RW,ZoomCamera,XMP-drone-dji:SensorFPS,29.97,exiftool
@raw/04_第四批_20260908_1053_多火点与余热点/02_激光打点与定位验证/01_事后打点候选/无人机01_1581F7K3C251800CYBVP/DJI_202609081117_006/DJI_20260908112153_0003_V.JPG,B4,uav-01,53HFM890M7X2RW,ZoomCamera,XMP-drone-dji:LensPosition,33,exiftool
@raw/04_第四批_20260908_1053_多火点与余热点/02_激光打点与定位验证/01_事后打点候选/无人机01_1581F7K3C251800CYBVP/DJI_202609081117_006/DJI_20260908112153_0003_V.JPG,B4,uav-01,53HFM890M7X2RW,ZoomCamera,XMP-drone-dji:LensInfinitePosition,36,exiftool
@raw/04_第四批_20260908_1053_多火点与余热点/02_激光打点与定位验证/01_事后打点候选/无人机01_1581F7K3C251800CYBVP/DJI_202609081117_006/DJI_20260908112153_0003_V.JPG,B4,uav-01,53HFM890M7X2RW,ZoomCamera,XMP-drone-dji:LensTemperature,44.5,exiftool
@raw/04_第四批_20260908_1053_多火点与余热点/02_激光打点与定位验证/01_事后打点候选/无人机01_1581F7K3C251800CYBVP/DJI_202609081117_006/DJI_20260908112153_0003_V.JPG,B4,uav-01,53HFM890M7X2RW,ZoomCamera,XMP-Camera:FileType,single,exiftool
@raw/04_第四批_20260908_1053_多火点与余热点/02_激光打点与定位验证/01_事后打点候选/无人机01_1581F7K3C251800CYBVP/DJI_202609081117_006/DJI_20260908112153_0003_V.JPG,B4,uav-01,53HFM890M7X2RW,ZoomCamera,XMP-crs:Version,7.0,exiftool
@raw/04_第四批_20260908_1053_多火点与余热点/02_激光打点与定位验证/01_事后打点候选/无人机01_1581F7K3C251800CYBVP/DJI_202609081117_006/DJI_20260908112153_0003_V.JPG,B4,uav-01,53HFM890M7X2RW,ZoomCamera,XMP-crs:HasSettings,False,exiftool
@raw/04_第四批_20260908_1053_多火点与余热点/02_激光打点与定位验证/01_事后打点候选/无人机01_1581F7K3C251800CYBVP/DJI_202609081117_006/DJI_20260908112153_0003_V.JPG,B4,uav-01,53HFM890M7X2RW,ZoomCamera,XMP-crs:HasCrop,False,exiftool
@raw/04_第四批_20260908_1053_多火点与余热点/02_激光打点与定位验证/01_事后打点候选/无人机01_1581F7K3C251800CYBVP/DJI_202609081117_006/DJI_20260908112153_0003_V.JPG,B4,uav-01,53HFM890M7X2RW,ZoomCamera,XMP-crs:AlreadyApplied,False,exiftool
@raw/04_第四批_20260908_1053_多火点与余热点/02_激光打点与定位验证/01_事后打点候选/无人机01_1581F7K3C251800CYBVP/DJI_202609081117_006/DJI_20260908112153_0003_V.JPG,B4,uav-01,53HFM890M7X2RW,ZoomCamera,XML_ATTR:{http://www.w3.org/1999/02/22-rdf-syntax-ns#}about,DJI Meta Data,raw_xmp_xml
@raw/04_第四批_20260908_1053_多火点与余热点/02_激光打点与定位验证/01_事后打点候选/无人机01_1581F7K3C251800CYBVP/DJI_202609081117_006/DJI_20260908112153_0003_V.JPG,B4,uav-01,53HFM890M7X2RW,ZoomCamera,XML_ATTR:{http://ns.adobe.com/xap/1.0/}ModifyDate,2026-09-08T11:21:53+08:00,raw_xmp_xml
@raw/04_第四批_20260908_1053_多火点与余热点/02_激光打点与定位验证/01_事后打点候选/无人机01_1581F7K3C251800CYBVP/DJI_202609081117_006/DJI_20260908112153_0003_V.JPG,B4,uav-01,53HFM890M7X2RW,ZoomCamera,XML_ATTR:{http://ns.adobe.com/xap/1.0/}CreateDate,2026-09-08T11:21:53+08:00,raw_xmp_xml
@raw/04_第四批_20260908_1053_多火点与余热点/02_激光打点与定位验证/01_事后打点候选/无人机01_1581F7K3C251800CYBVP/DJI_202609081117_006/DJI_20260908112153_0003_V.JPG,B4,uav-01,53HFM890M7X2RW,ZoomCamera,XML_ATTR:{http://ns.adobe.com/tiff/1.0/}Make,DJI,raw_xmp_xml
@raw/04_第四批_20260908_1053_多火点与余热点/02_激光打点与定位验证/01_事后打点候选/无人机01_1581F7K3C251800CYBVP/DJI_202609081117_006/DJI_20260908112153_0003_V.JPG,B4,uav-01,53HFM890M7X2RW,ZoomCamera,XML_ATTR:{http://ns.adobe.com/tiff/1.0/}Model,M4T,raw_xmp_xml
@raw/04_第四批_20260908_1053_多火点与余热点/02_激光打点与定位验证/01_事后打点候选/无人机01_1581F7K3C251800CYBVP/DJI_202609081117_006/DJI_20260908112153_0003_V.JPG,B4,uav-01,53HFM890M7X2RW,ZoomCamera,XML_ATTR:{http://purl.org/dc/elements/1.1/}format,image/jpeg,raw_xmp_xml
@raw/04_第四批_20260908_1053_多火点与余热点/02_激光打点与定位验证/01_事后打点候选/无人机01_1581F7K3C251800CYBVP/DJI_202609081117_006/DJI_20260908112153_0003_V.JPG,B4,uav-01,53HFM890M7X2RW,ZoomCamera,XML_ATTR:{http://www.dji.com/drone-dji/1.0/}Version,1.6,raw_xmp_xml
@raw/04_第四批_20260908_1053_多火点与余热点/02_激光打点与定位验证/01_事后打点候选/无人机01_1581F7K3C251800CYBVP/DJI_202609081117_006/DJI_20260908112153_0003_V.JPG,B4,uav-01,53HFM890M7X2RW,ZoomCamera,XML_ATTR:{http://www.dji.com/drone-dji/1.0/}ImageSource,ZoomCamera,raw_xmp_xml
@raw/04_第四批_20260908_1053_多火点与余热点/02_激光打点与定位验证/01_事后打点候选/无人机01_1581F7K3C251800CYBVP/DJI_202609081117_006/DJI_20260908112153_0003_V.JPG,B4,uav-01,53HFM890M7X2RW,ZoomCamera,XML_ATTR:{http://www.dji.com/drone-dji/1.0/}GpsStatus,Normal,raw_xmp_xml
@raw/04_第四批_20260908_1053_多火点与余热点/02_激光打点与定位验证/01_事后打点候选/无人机01_1581F7K3C251800CYBVP/DJI_202609081117_006/DJI_20260908112153_0003_V.JPG,B4,uav-01,53HFM890M7X2RW,ZoomCamera,XML_ATTR:{http://www.dji.com/drone-dji/1.0/}AltitudeType,GpsFusionAlt,raw_xmp_xml
@raw/04_第四批_20260908_1053_多火点与余热点/02_激光打点与定位验证/01_事后打点候选/无人机01_1581F7K3C251800CYBVP/DJI_202609081117_006/DJI_20260908112153_0003_V.JPG,B4,uav-01,53HFM890M7X2RW,ZoomCamera,XML_ATTR:{http://www.dji.com/drone-dji/1.0/}GpsLatitude,+31.289399712,raw_xmp_xml
@raw/04_第四批_20260908_1053_多火点与余热点/02_激光打点与定位验证/01_事后打点候选/无人机01_1581F7K3C251800CYBVP/DJI_202609081117_006/DJI_20260908112153_0003_V.JPG,B4,uav-01,53HFM890M7X2RW,ZoomCamera,XML_ATTR:{http://www.dji.com/drone-dji/1.0/}GpsLongitude,+120.472624424,raw_xmp_xml
@raw/04_第四批_20260908_1053_多火点与余热点/02_激光打点与定位验证/01_事后打点候选/无人机01_1581F7K3C251800CYBVP/DJI_202609081117_006/DJI_20260908112153_0003_V.JPG,B4,uav-01,53HFM890M7X2RW,ZoomCamera,XML_ATTR:{http://www.dji.com/drone-dji/1.0/}AbsoluteAltitude,+79.998,raw_xmp_xml
@raw/04_第四批_20260908_1053_多火点与余热点/02_激光打点与定位验证/01_事后打点候选/无人机01_1581F7K3C251800CYBVP/DJI_202609081117_006/DJI_20260908112153_0003_V.JPG,B4,uav-01,53HFM890M7X2RW,ZoomCamera,XML_ATTR:{http://www.dji.com/drone-dji/1.0/}RelativeAltitude,+28.719,raw_xmp_xml
@raw/04_第四批_20260908_1053_多火点与余热点/02_激光打点与定位验证/01_事后打点候选/无人机01_1581F7K3C251800CYBVP/DJI_202609081117_006/DJI_20260908112153_0003_V.JPG,B4,uav-01,53HFM890M7X2RW,ZoomCamera,XML_ATTR:{http://www.dji.com/drone-dji/1.0/}GimbalRollDegree,+0.00,raw_xmp_xml
@raw/04_第四批_20260908_1053_多火点与余热点/02_激光打点与定位验证/01_事后打点候选/无人机01_1581F7K3C251800CYBVP/DJI_202609081117_006/DJI_20260908112153_0003_V.JPG,B4,uav-01,53HFM890M7X2RW,ZoomCamera,XML_ATTR:{http://www.dji.com/drone-dji/1.0/}GimbalYawDegree,+62.60,raw_xmp_xml
@raw/04_第四批_20260908_1053_多火点与余热点/02_激光打点与定位验证/01_事后打点候选/无人机01_1581F7K3C251800CYBVP/DJI_202609081117_006/DJI_20260908112153_0003_V.JPG,B4,uav-01,53HFM890M7X2RW,ZoomCamera,XML_ATTR:{http://www.dji.com/drone-dji/1.0/}GimbalPitchDegree,-55.50,raw_xmp_xml
@raw/04_第四批_20260908_1053_多火点与余热点/02_激光打点与定位验证/01_事后打点候选/无人机01_1581F7K3C251800CYBVP/DJI_202609081117_006/DJI_20260908112153_0003_V.JPG,B4,uav-01,53HFM890M7X2RW,ZoomCamera,XML_ATTR:{http://www.dji.com/drone-dji/1.0/}FlightRollDegree,-4.00,raw_xmp_xml
@raw/04_第四批_20260908_1053_多火点与余热点/02_激光打点与定位验证/01_事后打点候选/无人机01_1581F7K3C251800CYBVP/DJI_202609081117_006/DJI_20260908112153_0003_V.JPG,B4,uav-01,53HFM890M7X2RW,ZoomCamera,XML_ATTR:{http://www.dji.com/drone-dji/1.0/}FlightYawDegree,+62.60,raw_xmp_xml
@raw/04_第四批_20260908_1053_多火点与余热点/02_激光打点与定位验证/01_事后打点候选/无人机01_1581F7K3C251800CYBVP/DJI_202609081117_006/DJI_20260908112153_0003_V.JPG,B4,uav-01,53HFM890M7X2RW,ZoomCamera,XML_ATTR:{http://www.dji.com/drone-dji/1.0/}FlightPitchDegree,-4.50,raw_xmp_xml
@raw/04_第四批_20260908_1053_多火点与余热点/02_激光打点与定位验证/01_事后打点候选/无人机01_1581F7K3C251800CYBVP/DJI_202609081117_006/DJI_20260908112153_0003_V.JPG,B4,uav-01,53HFM890M7X2RW,ZoomCamera,XML_ATTR:{http://www.dji.com/drone-dji/1.0/}FlightXSpeed,0.0,raw_xmp_xml
@raw/04_第四批_20260908_1053_多火点与余热点/02_激光打点与定位验证/01_事后打点候选/无人机01_1581F7K3C251800CYBVP/DJI_202609081117_006/DJI_20260908112153_0003_V.JPG,B4,uav-01,53HFM890M7X2RW,ZoomCamera,XML_ATTR:{http://www.dji.com/drone-dji/1.0/}FlightYSpeed,0.0,raw_xmp_xml
@raw/04_第四批_20260908_1053_多火点与余热点/02_激光打点与定位验证/01_事后打点候选/无人机01_1581F7K3C251800CYBVP/DJI_202609081117_006/DJI_20260908112153_0003_V.JPG,B4,uav-01,53HFM890M7X2RW,ZoomCamera,XML_ATTR:{http://www.dji.com/drone-dji/1.0/}FlightZSpeed,0.0,raw_xmp_xml
@raw/04_第四批_20260908_1053_多火点与余热点/02_激光打点与定位验证/01_事后打点候选/无人机01_1581F7K3C251800CYBVP/DJI_202609081117_006/DJI_20260908112153_0003_V.JPG,B4,uav-01,53HFM890M7X2RW,ZoomCamera,XML_ATTR:{http://www.dji.com/drone-dji/1.0/}CamReverse,0,raw_xmp_xml
@raw/04_第四批_20260908_1053_多火点与余热点/02_激光打点与定位验证/01_事后打点候选/无人机01_1581F7K3C251800CYBVP/DJI_202609081117_006/DJI_20260908112153_0003_V.JPG,B4,uav-01,53HFM890M7X2RW,ZoomCamera,XML_ATTR:{http://www.dji.com/drone-dji/1.0/}GimbalReverse,0,raw_xmp_xml
@raw/04_第四批_20260908_1053_多火点与余热点/02_激光打点与定位验证/01_事后打点候选/无人机01_1581F7K3C251800CYBVP/DJI_202609081117_006/DJI_20260908112153_0003_V.JPG,B4,uav-01,53HFM890M7X2RW,ZoomCamera,XML_ATTR:{http://www.dji.com/drone-dji/1.0/}SensorTemperature,43.0,raw_xmp_xml
@raw/04_第四批_20260908_1053_多火点与余热点/02_激光打点与定位验证/01_事后打点候选/无人机01_1581F7K3C251800CYBVP/DJI_202609081117_006/DJI_20260908112153_0003_V.JPG,B4,uav-01,53HFM890M7X2RW,ZoomCamera,XML_ATTR:{http://www.dji.com/drone-dji/1.0/}ProductName,DJI Matrice 4T,raw_xmp_xml
@raw/04_第四批_20260908_1053_多火点与余热点/02_激光打点与定位验证/01_事后打点候选/无人机01_1581F7K3C251800CYBVP/DJI_202609081117_006/DJI_20260908112153_0003_V.JPG,B4,uav-01,53HFM890M7X2RW,ZoomCamera,XML_ATTR:{http://www.dji.com/drone-dji/1.0/}SelfData,,raw_xmp_xml
@raw/04_第四批_20260908_1053_多火点与余热点/02_激光打点与定位验证/01_事后打点候选/无人机01_1581F7K3C251800CYBVP/DJI_202609081117_006/DJI_20260908112153_0003_V.JPG,B4,uav-01,53HFM890M7X2RW,ZoomCamera,XML_ATTR:{http://www.dji.com/drone-dji/1.0/}SurveyingMode,0,raw_xmp_xml
@raw/04_第四批_20260908_1053_多火点与余热点/02_激光打点与定位验证/01_事后打点候选/无人机01_1581F7K3C251800CYBVP/DJI_202609081117_006/DJI_20260908112153_0003_V.JPG,B4,uav-01,53HFM890M7X2RW,ZoomCamera,XML_ATTR:{http://www.dji.com/drone-dji/1.0/}ShutterType,Electronic,raw_xmp_xml
@raw/04_第四批_20260908_1053_多火点与余热点/02_激光打点与定位验证/01_事后打点候选/无人机01_1581F7K3C251800CYBVP/DJI_202609081117_006/DJI_20260908112153_0003_V.JPG,B4,uav-01,53HFM890M7X2RW,ZoomCamera,XML_ATTR:{http://www.dji.com/drone-dji/1.0/}CameraSerialNumber,53HFM890M7X2RW,raw_xmp_xml
@raw/04_第四批_20260908_1053_多火点与余热点/02_激光打点与定位验证/01_事后打点候选/无人机01_1581F7K3C251800CYBVP/DJI_202609081117_006/DJI_20260908112153_0003_V.JPG,B4,uav-01,53HFM890M7X2RW,ZoomCamera,XML_ATTR:{http://www.dji.com/drone-dji/1.0/}DroneModel,M4T,raw_xmp_xml
@raw/04_第四批_20260908_1053_多火点与余热点/02_激光打点与定位验证/01_事后打点候选/无人机01_1581F7K3C251800CYBVP/DJI_202609081117_006/DJI_20260908112153_0003_V.JPG,B4,uav-01,53HFM890M7X2RW,ZoomCamera,XML_ATTR:{http://www.dji.com/drone-dji/1.0/}DroneSerialNumber,1581F7K3C251800CYBVP,raw_xmp_xml
@raw/04_第四批_20260908_1053_多火点与余热点/02_激光打点与定位验证/01_事后打点候选/无人机01_1581F7K3C251800CYBVP/DJI_202609081117_006/DJI_20260908112153_0003_V.JPG,B4,uav-01,53HFM890M7X2RW,ZoomCamera,XML_ATTR:{http://www.dji.com/drone-dji/1.0/}LRFStatus,Normal,raw_xmp_xml
@raw/04_第四批_20260908_1053_多火点与余热点/02_激光打点与定位验证/01_事后打点候选/无人机01_1581F7K3C251800CYBVP/DJI_202609081117_006/DJI_20260908112153_0003_V.JPG,B4,uav-01,53HFM890M7X2RW,ZoomCamera,XML_ATTR:{http://www.dji.com/drone-dji/1.0/}LRFTargetDistance,33.476,raw_xmp_xml
@raw/04_第四批_20260908_1053_多火点与余热点/02_激光打点与定位验证/01_事后打点候选/无人机01_1581F7K3C251800CYBVP/DJI_202609081117_006/DJI_20260908112153_0003_V.JPG,B4,uav-01,53HFM890M7X2RW,ZoomCamera,XML_ATTR:{http://www.dji.com/drone-dji/1.0/}LRFTargetLon,120.4728014,raw_xmp_xml
@raw/04_第四批_20260908_1053_多火点与余热点/02_激光打点与定位验证/01_事后打点候选/无人机01_1581F7K3C251800CYBVP/DJI_202609081117_006/DJI_20260908112153_0003_V.JPG,B4,uav-01,53HFM890M7X2RW,ZoomCamera,XML_ATTR:{http://www.dji.com/drone-dji/1.0/}LRFTargetLat,31.2894778,raw_xmp_xml
@raw/04_第四批_20260908_1053_多火点与余热点/02_激光打点与定位验证/01_事后打点候选/无人机01_1581F7K3C251800CYBVP/DJI_202609081117_006/DJI_20260908112153_0003_V.JPG,B4,uav-01,53HFM890M7X2RW,ZoomCamera,XML_ATTR:{http://www.dji.com/drone-dji/1.0/}LRFTargetAlt,1.121,raw_xmp_xml
@raw/04_第四批_20260908_1053_多火点与余热点/02_激光打点与定位验证/01_事后打点候选/无人机01_1581F7K3C251800CYBVP/DJI_202609081117_006/DJI_20260908112153_0003_V.JPG,B4,uav-01,53HFM890M7X2RW,ZoomCamera,XML_ATTR:{http://www.dji.com/drone-dji/1.0/}LRFTargetAbsAlt,52.400,raw_xmp_xml
@raw/04_第四批_20260908_1053_多火点与余热点/02_激光打点与定位验证/01_事后打点候选/无人机01_1581F7K3C251800CYBVP/DJI_202609081117_006/DJI_20260908112153_0003_V.JPG,B4,uav-01,53HFM890M7X2RW,ZoomCamera,XML_ATTR:{http://www.dji.com/drone-dji/1.0/}WhiteBalanceCCT,4434,raw_xmp_xml
@raw/04_第四批_20260908_1053_多火点与余热点/02_激光打点与定位验证/01_事后打点候选/无人机01_1581F7K3C251800CYBVP/DJI_202609081117_006/DJI_20260908112153_0003_V.JPG,B4,uav-01,53HFM890M7X2RW,ZoomCamera,XML_ATTR:{http://www.dji.com/drone-dji/1.0/}SensorFPS,2997/100,raw_xmp_xml
@raw/04_第四批_20260908_1053_多火点与余热点/02_激光打点与定位验证/01_事后打点候选/无人机01_1581F7K3C251800CYBVP/DJI_202609081117_006/DJI_20260908112153_0003_V.JPG,B4,uav-01,53HFM890M7X2RW,ZoomCamera,XML_ATTR:{http://www.dji.com/drone-dji/1.0/}LensPosition,33,raw_xmp_xml
@raw/04_第四批_20260908_1053_多火点与余热点/02_激光打点与定位验证/01_事后打点候选/无人机01_1581F7K3C251800CYBVP/DJI_202609081117_006/DJI_20260908112153_0003_V.JPG,B4,uav-01,53HFM890M7X2RW,ZoomCamera,XML_ATTR:{http://www.dji.com/drone-dji/1.0/}LensInfinitePosition,36,raw_xmp_xml
@raw/04_第四批_20260908_1053_多火点与余热点/02_激光打点与定位验证/01_事后打点候选/无人机01_1581F7K3C251800CYBVP/DJI_202609081117_006/DJI_20260908112153_0003_V.JPG,B4,uav-01,53HFM890M7X2RW,ZoomCamera,XML_ATTR:{http://www.dji.com/drone-dji/1.0/}LensTemperature,44.500000,raw_xmp_xml
@raw/04_第四批_20260908_1053_多火点与余热点/02_激光打点与定位验证/01_事后打点候选/无人机01_1581F7K3C251800CYBVP/DJI_202609081117_006/DJI_20260908112153_0003_V.JPG,B4,uav-01,53HFM890M7X2RW,ZoomCamera,XML_ATTR:{http://pix4d.com/camera/1.0}FileType,single,raw_xmp_xml
@raw/04_第四批_20260908_1053_多火点与余热点/02_激光打点与定位验证/01_事后打点候选/无人机01_1581F7K3C251800CYBVP/DJI_202609081117_006/DJI_20260908112153_0003_V.JPG,B4,uav-01,53HFM890M7X2RW,ZoomCamera,XML_ATTR:{http://ns.adobe.com/camera-raw-settings/1.0/}Version,7.0,raw_xmp_xml
@raw/04_第四批_20260908_1053_多火点与余热点/02_激光打点与定位验证/01_事后打点候选/无人机01_1581F7K3C251800CYBVP/DJI_202609081117_006/DJI_20260908112153_0003_V.JPG,B4,uav-01,53HFM890M7X2RW,ZoomCamera,XML_ATTR:{http://ns.adobe.com/camera-raw-settings/1.0/}HasSettings,False,raw_xmp_xml
@raw/04_第四批_20260908_1053_多火点与余热点/02_激光打点与定位验证/01_事后打点候选/无人机01_1581F7K3C251800CYBVP/DJI_202609081117_006/DJI_20260908112153_0003_V.JPG,B4,uav-01,53HFM890M7X2RW,ZoomCamera,XML_ATTR:{http://ns.adobe.com/camera-raw-settings/1.0/}HasCrop,False,raw_xmp_xml
@raw/04_第四批_20260908_1053_多火点与余热点/02_激光打点与定位验证/01_事后打点候选/无人机01_1581F7K3C251800CYBVP/DJI_202609081117_006/DJI_20260908112153_0003_V.JPG,B4,uav-01,53HFM890M7X2RW,ZoomCamera,XML_ATTR:{http://ns.adobe.com/camera-raw-settings/1.0/}AlreadyApplied,False,raw_xmp_xml
@raw/04_第四批_20260908_1053_多火点与余热点/02_激光打点与定位验证/01_事后打点候选/无人机01_1581F7K3C251800CYBVP/DJI_202609081117_006/DJI_20260908112209_0004_V.JPG,B4,uav-01,53HFM890M7X2RW,ZoomCamera,XMP-rdf:About,DJI Meta Data,exiftool
@raw/04_第四批_20260908_1053_多火点与余热点/02_激光打点与定位验证/01_事后打点候选/无人机01_1581F7K3C251800CYBVP/DJI_202609081117_006/DJI_20260908112209_0004_V.JPG,B4,uav-01,53HFM890M7X2RW,ZoomCamera,XMP-xmp:ModifyDate,2026:09:08 11:22:09+08:00,exiftool
@raw/04_第四批_20260908_1053_多火点与余热点/02_激光打点与定位验证/01_事后打点候选/无人机01_1581F7K3C251800CYBVP/DJI_202609081117_006/DJI_20260908112209_0004_V.JPG,B4,uav-01,53HFM890M7X2RW,ZoomCamera,XMP-xmp:CreateDate,2026:09:08 11:22:09+08:00,exiftool
@raw/04_第四批_20260908_1053_多火点与余热点/02_激光打点与定位验证/01_事后打点候选/无人机01_1581F7K3C251800CYBVP/DJI_202609081117_006/DJI_20260908112209_0004_V.JPG,B4,uav-01,53HFM890M7X2RW,ZoomCamera,XMP-tiff:Make,DJI,exiftool
@raw/04_第四批_20260908_1053_多火点与余热点/02_激光打点与定位验证/01_事后打点候选/无人机01_1581F7K3C251800CYBVP/DJI_202609081117_006/DJI_20260908112209_0004_V.JPG,B4,uav-01,53HFM890M7X2RW,ZoomCamera,XMP-tiff:Model,M4T,exiftool
@raw/04_第四批_20260908_1053_多火点与余热点/02_激光打点与定位验证/01_事后打点候选/无人机01_1581F7K3C251800CYBVP/DJI_202609081117_006/DJI_20260908112209_0004_V.JPG,B4,uav-01,53HFM890M7X2RW,ZoomCamera,XMP-dc:Format,image/jpeg,exiftool
@raw/04_第四批_20260908_1053_多火点与余热点/02_激光打点与定位验证/01_事后打点候选/无人机01_1581F7K3C251800CYBVP/DJI_202609081117_006/DJI_20260908112209_0004_V.JPG,B4,uav-01,53HFM890M7X2RW,ZoomCamera,XMP-drone-dji:Version,1.6,exiftool
@raw/04_第四批_20260908_1053_多火点与余热点/02_激光打点与定位验证/01_事后打点候选/无人机01_1581F7K3C251800CYBVP/DJI_202609081117_006/DJI_20260908112209_0004_V.JPG,B4,uav-01,53HFM890M7X2RW,ZoomCamera,XMP-drone-dji:ImageSource,ZoomCamera,exiftool
@raw/04_第四批_20260908_1053_多火点与余热点/02_激光打点与定位验证/01_事后打点候选/无人机01_1581F7K3C251800CYBVP/DJI_202609081117_006/DJI_20260908112209_0004_V.JPG,B4,uav-01,53HFM890M7X2RW,ZoomCamera,XMP-drone-dji:GpsStatus,Normal,exiftool
@raw/04_第四批_20260908_1053_多火点与余热点/02_激光打点与定位验证/01_事后打点候选/无人机01_1581F7K3C251800CYBVP/DJI_202609081117_006/DJI_20260908112209_0004_V.JPG,B4,uav-01,53HFM890M7X2RW,ZoomCamera,XMP-drone-dji:AltitudeType,GpsFusionAlt,exiftool
@raw/04_第四批_20260908_1053_多火点与余热点/02_激光打点与定位验证/01_事后打点候选/无人机01_1581F7K3C251800CYBVP/DJI_202609081117_006/DJI_20260908112209_0004_V.JPG,B4,uav-01,53HFM890M7X2RW,ZoomCamera,XMP-drone-dji:GPSLatitude,+31.289518128,exiftool
@raw/04_第四批_20260908_1053_多火点与余热点/02_激光打点与定位验证/01_事后打点候选/无人机01_1581F7K3C251800CYBVP/DJI_202609081117_006/DJI_20260908112209_0004_V.JPG,B4,uav-01,53HFM890M7X2RW,ZoomCamera,XMP-drone-dji:GPSLongitude,+120.472536090,exiftool
@raw/04_第四批_20260908_1053_多火点与余热点/02_激光打点与定位验证/01_事后打点候选/无人机01_1581F7K3C251800CYBVP/DJI_202609081117_006/DJI_20260908112209_0004_V.JPG,B4,uav-01,53HFM890M7X2RW,ZoomCamera,XMP-drone-dji:AbsoluteAltitude,+89.871,exiftool
@raw/04_第四批_20260908_1053_多火点与余热点/02_激光打点与定位验证/01_事后打点候选/无人机01_1581F7K3C251800CYBVP/DJI_202609081117_006/DJI_20260908112209_0004_V.JPG,B4,uav-01,53HFM890M7X2RW,ZoomCamera,XMP-drone-dji:RelativeAltitude,+38.592,exiftool
@raw/04_第四批_20260908_1053_多火点与余热点/02_激光打点与定位验证/01_事后打点候选/无人机01_1581F7K3C251800CYBVP/DJI_202609081117_006/DJI_20260908112209_0004_V.JPG,B4,uav-01,53HFM890M7X2RW,ZoomCamera,XMP-drone-dji:GimbalRollDegree,+0.00,exiftool
@raw/04_第四批_20260908_1053_多火点与余热点/02_激光打点与定位验证/01_事后打点候选/无人机01_1581F7K3C251800CYBVP/DJI_202609081117_006/DJI_20260908112209_0004_V.JPG,B4,uav-01,53HFM890M7X2RW,ZoomCamera,XMP-drone-dji:GimbalYawDegree,+99.50,exiftool
@raw/04_第四批_20260908_1053_多火点与余热点/02_激光打点与定位验证/01_事后打点候选/无人机01_1581F7K3C251800CYBVP/DJI_202609081117_006/DJI_20260908112209_0004_V.JPG,B4,uav-01,53HFM890M7X2RW,ZoomCamera,XMP-drone-dji:GimbalPitchDegree,-55.5,exiftool
@raw/04_第四批_20260908_1053_多火点与余热点/02_激光打点与定位验证/01_事后打点候选/无人机01_1581F7K3C251800CYBVP/DJI_202609081117_006/DJI_20260908112209_0004_V.JPG,B4,uav-01,53HFM890M7X2RW,ZoomCamera,XMP-drone-dji:FlightRollDegree,-3.9,exiftool
@raw/04_第四批_20260908_1053_多火点与余热点/02_激光打点与定位验证/01_事后打点候选/无人机01_1581F7K3C251800CYBVP/DJI_202609081117_006/DJI_20260908112209_0004_V.JPG,B4,uav-01,53HFM890M7X2RW,ZoomCamera,XMP-drone-dji:FlightYawDegree,+99.30,exiftool
@raw/04_第四批_20260908_1053_多火点与余热点/02_激光打点与定位验证/01_事后打点候选/无人机01_1581F7K3C251800CYBVP/DJI_202609081117_006/DJI_20260908112209_0004_V.JPG,B4,uav-01,53HFM890M7X2RW,ZoomCamera,XMP-drone-dji:FlightPitchDegree,-2.9,exiftool
@raw/04_第四批_20260908_1053_多火点与余热点/02_激光打点与定位验证/01_事后打点候选/无人机01_1581F7K3C251800CYBVP/DJI_202609081117_006/DJI_20260908112209_0004_V.JPG,B4,uav-01,53HFM890M7X2RW,ZoomCamera,XMP-drone-dji:FlightXSpeed,-0.1,exiftool
@raw/04_第四批_20260908_1053_多火点与余热点/02_激光打点与定位验证/01_事后打点候选/无人机01_1581F7K3C251800CYBVP/DJI_202609081117_006/DJI_20260908112209_0004_V.JPG,B4,uav-01,53HFM890M7X2RW,ZoomCamera,XMP-drone-dji:FlightYSpeed,0.0,exiftool
@raw/04_第四批_20260908_1053_多火点与余热点/02_激光打点与定位验证/01_事后打点候选/无人机01_1581F7K3C251800CYBVP/DJI_202609081117_006/DJI_20260908112209_0004_V.JPG,B4,uav-01,53HFM890M7X2RW,ZoomCamera,XMP-drone-dji:FlightZSpeed,0.0,exiftool
@raw/04_第四批_20260908_1053_多火点与余热点/02_激光打点与定位验证/01_事后打点候选/无人机01_1581F7K3C251800CYBVP/DJI_202609081117_006/DJI_20260908112209_0004_V.JPG,B4,uav-01,53HFM890M7X2RW,ZoomCamera,XMP-drone-dji:CamReverse,0,exiftool
@raw/04_第四批_20260908_1053_多火点与余热点/02_激光打点与定位验证/01_事后打点候选/无人机01_1581F7K3C251800CYBVP/DJI_202609081117_006/DJI_20260908112209_0004_V.JPG,B4,uav-01,53HFM890M7X2RW,ZoomCamera,XMP-drone-dji:GimbalReverse,0,exiftool
@raw/04_第四批_20260908_1053_多火点与余热点/02_激光打点与定位验证/01_事后打点候选/无人机01_1581F7K3C251800CYBVP/DJI_202609081117_006/DJI_20260908112209_0004_V.JPG,B4,uav-01,53HFM890M7X2RW,ZoomCamera,XMP-drone-dji:SensorTemperature,42.0,exiftool
@raw/04_第四批_20260908_1053_多火点与余热点/02_激光打点与定位验证/01_事后打点候选/无人机01_1581F7K3C251800CYBVP/DJI_202609081117_006/DJI_20260908112209_0004_V.JPG,B4,uav-01,53HFM890M7X2RW,ZoomCamera,XMP-drone-dji:ProductName,DJI Matrice 4T,exiftool
@raw/04_第四批_20260908_1053_多火点与余热点/02_激光打点与定位验证/01_事后打点候选/无人机01_1581F7K3C251800CYBVP/DJI_202609081117_006/DJI_20260908112209_0004_V.JPG,B4,uav-01,53HFM890M7X2RW,ZoomCamera,XMP-drone-dji:SelfData,,exiftool
@raw/04_第四批_20260908_1053_多火点与余热点/02_激光打点与定位验证/01_事后打点候选/无人机01_1581F7K3C251800CYBVP/DJI_202609081117_006/DJI_20260908112209_0004_V.JPG,B4,uav-01,53HFM890M7X2RW,ZoomCamera,XMP-drone-dji:SurveyingMode,0,exiftool
@raw/04_第四批_20260908_1053_多火点与余热点/02_激光打点与定位验证/01_事后打点候选/无人机01_1581F7K3C251800CYBVP/DJI_202609081117_006/DJI_20260908112209_0004_V.JPG,B4,uav-01,53HFM890M7X2RW,ZoomCamera,XMP-drone-dji:ShutterType,Electronic,exiftool
@raw/04_第四批_20260908_1053_多火点与余热点/02_激光打点与定位验证/01_事后打点候选/无人机01_1581F7K3C251800CYBVP/DJI_202609081117_006/DJI_20260908112209_0004_V.JPG,B4,uav-01,53HFM890M7X2RW,ZoomCamera,XMP-drone-dji:CameraSerialNumber,53HFM890M7X2RW,exiftool
@raw/04_第四批_20260908_1053_多火点与余热点/02_激光打点与定位验证/01_事后打点候选/无人机01_1581F7K3C251800CYBVP/DJI_202609081117_006/DJI_20260908112209_0004_V.JPG,B4,uav-01,53HFM890M7X2RW,ZoomCamera,XMP-drone-dji:DroneModel,M4T,exiftool
@raw/04_第四批_20260908_1053_多火点与余热点/02_激光打点与定位验证/01_事后打点候选/无人机01_1581F7K3C251800CYBVP/DJI_202609081117_006/DJI_20260908112209_0004_V.JPG,B4,uav-01,53HFM890M7X2RW,ZoomCamera,XMP-drone-dji:DroneSerialNumber,1581F7K3C251800CYBVP,exiftool
@raw/04_第四批_20260908_1053_多火点与余热点/02_激光打点与定位验证/01_事后打点候选/无人机01_1581F7K3C251800CYBVP/DJI_202609081117_006/DJI_20260908112209_0004_V.JPG,B4,uav-01,53HFM890M7X2RW,ZoomCamera,XMP-drone-dji:LRFStatus,Normal,exiftool
@raw/04_第四批_20260908_1053_多火点与余热点/02_激光打点与定位验证/01_事后打点候选/无人机01_1581F7K3C251800CYBVP/DJI_202609081117_006/DJI_20260908112209_0004_V.JPG,B4,uav-01,53HFM890M7X2RW,ZoomCamera,XMP-drone-dji:LRFTargetDistance,45.374,exiftool
@raw/04_第四批_20260908_1053_多火点与余热点/02_激光打点与定位验证/01_事后打点候选/无人机01_1581F7K3C251800CYBVP/DJI_202609081117_006/DJI_20260908112209_0004_V.JPG,B4,uav-01,53HFM890M7X2RW,ZoomCamera,XMP-drone-dji:LRFTargetLon,120.4728024,exiftool
@raw/04_第四批_20260908_1053_多火点与余热点/02_激光打点与定位验证/01_事后打点候选/无人机01_1581F7K3C251800CYBVP/DJI_202609081117_006/DJI_20260908112209_0004_V.JPG,B4,uav-01,53HFM890M7X2RW,ZoomCamera,XMP-drone-dji:LRFTargetLat,31.2894802,exiftool
@raw/04_第四批_20260908_1053_多火点与余热点/02_激光打点与定位验证/01_事后打点候选/无人机01_1581F7K3C251800CYBVP/DJI_202609081117_006/DJI_20260908112209_0004_V.JPG,B4,uav-01,53HFM890M7X2RW,ZoomCamera,XMP-drone-dji:LRFTargetAlt,1.221,exiftool
@raw/04_第四批_20260908_1053_多火点与余热点/02_激光打点与定位验证/01_事后打点候选/无人机01_1581F7K3C251800CYBVP/DJI_202609081117_006/DJI_20260908112209_0004_V.JPG,B4,uav-01,53HFM890M7X2RW,ZoomCamera,XMP-drone-dji:LRFTargetAbsAlt,52.5,exiftool
@raw/04_第四批_20260908_1053_多火点与余热点/02_激光打点与定位验证/01_事后打点候选/无人机01_1581F7K3C251800CYBVP/DJI_202609081117_006/DJI_20260908112209_0004_V.JPG,B4,uav-01,53HFM890M7X2RW,ZoomCamera,XMP-drone-dji:WhiteBalanceCCT,4367,exiftool
@raw/04_第四批_20260908_1053_多火点与余热点/02_激光打点与定位验证/01_事后打点候选/无人机01_1581F7K3C251800CYBVP/DJI_202609081117_006/DJI_20260908112209_0004_V.JPG,B4,uav-01,53HFM890M7X2RW,ZoomCamera,XMP-drone-dji:SensorFPS,29.97,exiftool
@raw/04_第四批_20260908_1053_多火点与余热点/02_激光打点与定位验证/01_事后打点候选/无人机01_1581F7K3C251800CYBVP/DJI_202609081117_006/DJI_20260908112209_0004_V.JPG,B4,uav-01,53HFM890M7X2RW,ZoomCamera,XMP-drone-dji:LensPosition,32,exiftool
@raw/04_第四批_20260908_1053_多火点与余热点/02_激光打点与定位验证/01_事后打点候选/无人机01_1581F7K3C251800CYBVP/DJI_202609081117_006/DJI_20260908112209_0004_V.JPG,B4,uav-01,53HFM890M7X2RW,ZoomCamera,XMP-drone-dji:LensInfinitePosition,36,exiftool
@raw/04_第四批_20260908_1053_多火点与余热点/02_激光打点与定位验证/01_事后打点候选/无人机01_1581F7K3C251800CYBVP/DJI_202609081117_006/DJI_20260908112209_0004_V.JPG,B4,uav-01,53HFM890M7X2RW,ZoomCamera,XMP-drone-dji:LensTemperature,44.0,exiftool
@raw/04_第四批_20260908_1053_多火点与余热点/02_激光打点与定位验证/01_事后打点候选/无人机01_1581F7K3C251800CYBVP/DJI_202609081117_006/DJI_20260908112209_0004_V.JPG,B4,uav-01,53HFM890M7X2RW,ZoomCamera,XMP-Camera:FileType,single,exiftool
@raw/04_第四批_20260908_1053_多火点与余热点/02_激光打点与定位验证/01_事后打点候选/无人机01_1581F7K3C251800CYBVP/DJI_202609081117_006/DJI_20260908112209_0004_V.JPG,B4,uav-01,53HFM890M7X2RW,ZoomCamera,XMP-crs:Version,7.0,exiftool
@raw/04_第四批_20260908_1053_多火点与余热点/02_激光打点与定位验证/01_事后打点候选/无人机01_1581F7K3C251800CYBVP/DJI_202609081117_006/DJI_20260908112209_0004_V.JPG,B4,uav-01,53HFM890M7X2RW,ZoomCamera,XMP-crs:HasSettings,False,exiftool
@raw/04_第四批_20260908_1053_多火点与余热点/02_激光打点与定位验证/01_事后打点候选/无人机01_1581F7K3C251800CYBVP/DJI_202609081117_006/DJI_20260908112209_0004_V.JPG,B4,uav-01,53HFM890M7X2RW,ZoomCamera,XMP-crs:HasCrop,False,exiftool
@raw/04_第四批_20260908_1053_多火点与余热点/02_激光打点与定位验证/01_事后打点候选/无人机01_1581F7K3C251800CYBVP/DJI_202609081117_006/DJI_20260908112209_0004_V.JPG,B4,uav-01,53HFM890M7X2RW,ZoomCamera,XMP-crs:AlreadyApplied,False,exiftool
@raw/04_第四批_20260908_1053_多火点与余热点/02_激光打点与定位验证/01_事后打点候选/无人机01_1581F7K3C251800CYBVP/DJI_202609081117_006/DJI_20260908112209_0004_V.JPG,B4,uav-01,53HFM890M7X2RW,ZoomCamera,XML_ATTR:{http://www.w3.org/1999/02/22-rdf-syntax-ns#}about,DJI Meta Data,raw_xmp_xml
@raw/04_第四批_20260908_1053_多火点与余热点/02_激光打点与定位验证/01_事后打点候选/无人机01_1581F7K3C251800CYBVP/DJI_202609081117_006/DJI_20260908112209_0004_V.JPG,B4,uav-01,53HFM890M7X2RW,ZoomCamera,XML_ATTR:{http://ns.adobe.com/xap/1.0/}ModifyDate,2026-09-08T11:22:09+08:00,raw_xmp_xml
@raw/04_第四批_20260908_1053_多火点与余热点/02_激光打点与定位验证/01_事后打点候选/无人机01_1581F7K3C251800CYBVP/DJI_202609081117_006/DJI_20260908112209_0004_V.JPG,B4,uav-01,53HFM890M7X2RW,ZoomCamera,XML_ATTR:{http://ns.adobe.com/xap/1.0/}CreateDate,2026-09-08T11:22:09+08:00,raw_xmp_xml
@raw/04_第四批_20260908_1053_多火点与余热点/02_激光打点与定位验证/01_事后打点候选/无人机01_1581F7K3C251800CYBVP/DJI_202609081117_006/DJI_20260908112209_0004_V.JPG,B4,uav-01,53HFM890M7X2RW,ZoomCamera,XML_ATTR:{http://ns.adobe.com/tiff/1.0/}Make,DJI,raw_xmp_xml
@raw/04_第四批_20260908_1053_多火点与余热点/02_激光打点与定位验证/01_事后打点候选/无人机01_1581F7K3C251800CYBVP/DJI_202609081117_006/DJI_20260908112209_0004_V.JPG,B4,uav-01,53HFM890M7X2RW,ZoomCamera,XML_ATTR:{http://ns.adobe.com/tiff/1.0/}Model,M4T,raw_xmp_xml
@raw/04_第四批_20260908_1053_多火点与余热点/02_激光打点与定位验证/01_事后打点候选/无人机01_1581F7K3C251800CYBVP/DJI_202609081117_006/DJI_20260908112209_0004_V.JPG,B4,uav-01,53HFM890M7X2RW,ZoomCamera,XML_ATTR:{http://purl.org/dc/elements/1.1/}format,image/jpeg,raw_xmp_xml
@raw/04_第四批_20260908_1053_多火点与余热点/02_激光打点与定位验证/01_事后打点候选/无人机01_1581F7K3C251800CYBVP/DJI_202609081117_006/DJI_20260908112209_0004_V.JPG,B4,uav-01,53HFM890M7X2RW,ZoomCamera,XML_ATTR:{http://www.dji.com/drone-dji/1.0/}Version,1.6,raw_xmp_xml
@raw/04_第四批_20260908_1053_多火点与余热点/02_激光打点与定位验证/01_事后打点候选/无人机01_1581F7K3C251800CYBVP/DJI_202609081117_006/DJI_20260908112209_0004_V.JPG,B4,uav-01,53HFM890M7X2RW,ZoomCamera,XML_ATTR:{http://www.dji.com/drone-dji/1.0/}ImageSource,ZoomCamera,raw_xmp_xml
@raw/04_第四批_20260908_1053_多火点与余热点/02_激光打点与定位验证/01_事后打点候选/无人机01_1581F7K3C251800CYBVP/DJI_202609081117_006/DJI_20260908112209_0004_V.JPG,B4,uav-01,53HFM890M7X2RW,ZoomCamera,XML_ATTR:{http://www.dji.com/drone-dji/1.0/}GpsStatus,Normal,raw_xmp_xml
@raw/04_第四批_20260908_1053_多火点与余热点/02_激光打点与定位验证/01_事后打点候选/无人机01_1581F7K3C251800CYBVP/DJI_202609081117_006/DJI_20260908112209_0004_V.JPG,B4,uav-01,53HFM890M7X2RW,ZoomCamera,XML_ATTR:{http://www.dji.com/drone-dji/1.0/}AltitudeType,GpsFusionAlt,raw_xmp_xml
@raw/04_第四批_20260908_1053_多火点与余热点/02_激光打点与定位验证/01_事后打点候选/无人机01_1581F7K3C251800CYBVP/DJI_202609081117_006/DJI_20260908112209_0004_V.JPG,B4,uav-01,53HFM890M7X2RW,ZoomCamera,XML_ATTR:{http://www.dji.com/drone-dji/1.0/}GpsLatitude,+31.289518128,raw_xmp_xml
@raw/04_第四批_20260908_1053_多火点与余热点/02_激光打点与定位验证/01_事后打点候选/无人机01_1581F7K3C251800CYBVP/DJI_202609081117_006/DJI_20260908112209_0004_V.JPG,B4,uav-01,53HFM890M7X2RW,ZoomCamera,XML_ATTR:{http://www.dji.com/drone-dji/1.0/}GpsLongitude,+120.472536090,raw_xmp_xml
@raw/04_第四批_20260908_1053_多火点与余热点/02_激光打点与定位验证/01_事后打点候选/无人机01_1581F7K3C251800CYBVP/DJI_202609081117_006/DJI_20260908112209_0004_V.JPG,B4,uav-01,53HFM890M7X2RW,ZoomCamera,XML_ATTR:{http://www.dji.com/drone-dji/1.0/}AbsoluteAltitude,+89.871,raw_xmp_xml
@raw/04_第四批_20260908_1053_多火点与余热点/02_激光打点与定位验证/01_事后打点候选/无人机01_1581F7K3C251800CYBVP/DJI_202609081117_006/DJI_20260908112209_0004_V.JPG,B4,uav-01,53HFM890M7X2RW,ZoomCamera,XML_ATTR:{http://www.dji.com/drone-dji/1.0/}RelativeAltitude,+38.592,raw_xmp_xml
@raw/04_第四批_20260908_1053_多火点与余热点/02_激光打点与定位验证/01_事后打点候选/无人机01_1581F7K3C251800CYBVP/DJI_202609081117_006/DJI_20260908112209_0004_V.JPG,B4,uav-01,53HFM890M7X2RW,ZoomCamera,XML_ATTR:{http://www.dji.com/drone-dji/1.0/}GimbalRollDegree,+0.00,raw_xmp_xml
@raw/04_第四批_20260908_1053_多火点与余热点/02_激光打点与定位验证/01_事后打点候选/无人机01_1581F7K3C251800CYBVP/DJI_202609081117_006/DJI_20260908112209_0004_V.JPG,B4,uav-01,53HFM890M7X2RW,ZoomCamera,XML_ATTR:{http://www.dji.com/drone-dji/1.0/}GimbalYawDegree,+99.50,raw_xmp_xml
@raw/04_第四批_20260908_1053_多火点与余热点/02_激光打点与定位验证/01_事后打点候选/无人机01_1581F7K3C251800CYBVP/DJI_202609081117_006/DJI_20260908112209_0004_V.JPG,B4,uav-01,53HFM890M7X2RW,ZoomCamera,XML_ATTR:{http://www.dji.com/drone-dji/1.0/}GimbalPitchDegree,-55.50,raw_xmp_xml
@raw/04_第四批_20260908_1053_多火点与余热点/02_激光打点与定位验证/01_事后打点候选/无人机01_1581F7K3C251800CYBVP/DJI_202609081117_006/DJI_20260908112209_0004_V.JPG,B4,uav-01,53HFM890M7X2RW,ZoomCamera,XML_ATTR:{http://www.dji.com/drone-dji/1.0/}FlightRollDegree,-3.90,raw_xmp_xml
@raw/04_第四批_20260908_1053_多火点与余热点/02_激光打点与定位验证/01_事后打点候选/无人机01_1581F7K3C251800CYBVP/DJI_202609081117_006/DJI_20260908112209_0004_V.JPG,B4,uav-01,53HFM890M7X2RW,ZoomCamera,XML_ATTR:{http://www.dji.com/drone-dji/1.0/}FlightYawDegree,+99.30,raw_xmp_xml
@raw/04_第四批_20260908_1053_多火点与余热点/02_激光打点与定位验证/01_事后打点候选/无人机01_1581F7K3C251800CYBVP/DJI_202609081117_006/DJI_20260908112209_0004_V.JPG,B4,uav-01,53HFM890M7X2RW,ZoomCamera,XML_ATTR:{http://www.dji.com/drone-dji/1.0/}FlightPitchDegree,-2.90,raw_xmp_xml
@raw/04_第四批_20260908_1053_多火点与余热点/02_激光打点与定位验证/01_事后打点候选/无人机01_1581F7K3C251800CYBVP/DJI_202609081117_006/DJI_20260908112209_0004_V.JPG,B4,uav-01,53HFM890M7X2RW,ZoomCamera,XML_ATTR:{http://www.dji.com/drone-dji/1.0/}FlightXSpeed,-0.1,raw_xmp_xml
@raw/04_第四批_20260908_1053_多火点与余热点/02_激光打点与定位验证/01_事后打点候选/无人机01_1581F7K3C251800CYBVP/DJI_202609081117_006/DJI_20260908112209_0004_V.JPG,B4,uav-01,53HFM890M7X2RW,ZoomCamera,XML_ATTR:{http://www.dji.com/drone-dji/1.0/}FlightYSpeed,0.0,raw_xmp_xml
@raw/04_第四批_20260908_1053_多火点与余热点/02_激光打点与定位验证/01_事后打点候选/无人机01_1581F7K3C251800CYBVP/DJI_202609081117_006/DJI_20260908112209_0004_V.JPG,B4,uav-01,53HFM890M7X2RW,ZoomCamera,XML_ATTR:{http://www.dji.com/drone-dji/1.0/}FlightZSpeed,0.0,raw_xmp_xml
@raw/04_第四批_20260908_1053_多火点与余热点/02_激光打点与定位验证/01_事后打点候选/无人机01_1581F7K3C251800CYBVP/DJI_202609081117_006/DJI_20260908112209_0004_V.JPG,B4,uav-01,53HFM890M7X2RW,ZoomCamera,XML_ATTR:{http://www.dji.com/drone-dji/1.0/}CamReverse,0,raw_xmp_xml
@raw/04_第四批_20260908_1053_多火点与余热点/02_激光打点与定位验证/01_事后打点候选/无人机01_1581F7K3C251800CYBVP/DJI_202609081117_006/DJI_20260908112209_0004_V.JPG,B4,uav-01,53HFM890M7X2RW,ZoomCamera,XML_ATTR:{http://www.dji.com/drone-dji/1.0/}GimbalReverse,0,raw_xmp_xml
@raw/04_第四批_20260908_1053_多火点与余热点/02_激光打点与定位验证/01_事后打点候选/无人机01_1581F7K3C251800CYBVP/DJI_202609081117_006/DJI_20260908112209_0004_V.JPG,B4,uav-01,53HFM890M7X2RW,ZoomCamera,XML_ATTR:{http://www.dji.com/drone-dji/1.0/}SensorTemperature,42.0,raw_xmp_xml
@raw/04_第四批_20260908_1053_多火点与余热点/02_激光打点与定位验证/01_事后打点候选/无人机01_1581F7K3C251800CYBVP/DJI_202609081117_006/DJI_20260908112209_0004_V.JPG,B4,uav-01,53HFM890M7X2RW,ZoomCamera,XML_ATTR:{http://www.dji.com/drone-dji/1.0/}ProductName,DJI Matrice 4T,raw_xmp_xml
@raw/04_第四批_20260908_1053_多火点与余热点/02_激光打点与定位验证/01_事后打点候选/无人机01_1581F7K3C251800CYBVP/DJI_202609081117_006/DJI_20260908112209_0004_V.JPG,B4,uav-01,53HFM890M7X2RW,ZoomCamera,XML_ATTR:{http://www.dji.com/drone-dji/1.0/}SelfData,,raw_xmp_xml
@raw/04_第四批_20260908_1053_多火点与余热点/02_激光打点与定位验证/01_事后打点候选/无人机01_1581F7K3C251800CYBVP/DJI_202609081117_006/DJI_20260908112209_0004_V.JPG,B4,uav-01,53HFM890M7X2RW,ZoomCamera,XML_ATTR:{http://www.dji.com/drone-dji/1.0/}SurveyingMode,0,raw_xmp_xml
@raw/04_第四批_20260908_1053_多火点与余热点/02_激光打点与定位验证/01_事后打点候选/无人机01_1581F7K3C251800CYBVP/DJI_202609081117_006/DJI_20260908112209_0004_V.JPG,B4,uav-01,53HFM890M7X2RW,ZoomCamera,XML_ATTR:{http://www.dji.com/drone-dji/1.0/}ShutterType,Electronic,raw_xmp_xml
@raw/04_第四批_20260908_1053_多火点与余热点/02_激光打点与定位验证/01_事后打点候选/无人机01_1581F7K3C251800CYBVP/DJI_202609081117_006/DJI_20260908112209_0004_V.JPG,B4,uav-01,53HFM890M7X2RW,ZoomCamera,XML_ATTR:{http://www.dji.com/drone-dji/1.0/}CameraSerialNumber,53HFM890M7X2RW,raw_xmp_xml
@raw/04_第四批_20260908_1053_多火点与余热点/02_激光打点与定位验证/01_事后打点候选/无人机01_1581F7K3C251800CYBVP/DJI_202609081117_006/DJI_20260908112209_0004_V.JPG,B4,uav-01,53HFM890M7X2RW,ZoomCamera,XML_ATTR:{http://www.dji.com/drone-dji/1.0/}DroneModel,M4T,raw_xmp_xml
@raw/04_第四批_20260908_1053_多火点与余热点/02_激光打点与定位验证/01_事后打点候选/无人机01_1581F7K3C251800CYBVP/DJI_202609081117_006/DJI_20260908112209_0004_V.JPG,B4,uav-01,53HFM890M7X2RW,ZoomCamera,XML_ATTR:{http://www.dji.com/drone-dji/1.0/}DroneSerialNumber,1581F7K3C251800CYBVP,raw_xmp_xml
@raw/04_第四批_20260908_1053_多火点与余热点/02_激光打点与定位验证/01_事后打点候选/无人机01_1581F7K3C251800CYBVP/DJI_202609081117_006/DJI_20260908112209_0004_V.JPG,B4,uav-01,53HFM890M7X2RW,ZoomCamera,XML_ATTR:{http://www.dji.com/drone-dji/1.0/}LRFStatus,Normal,raw_xmp_xml
@raw/04_第四批_20260908_1053_多火点与余热点/02_激光打点与定位验证/01_事后打点候选/无人机01_1581F7K3C251800CYBVP/DJI_202609081117_006/DJI_20260908112209_0004_V.JPG,B4,uav-01,53HFM890M7X2RW,ZoomCamera,XML_ATTR:{http://www.dji.com/drone-dji/1.0/}LRFTargetDistance,45.374,raw_xmp_xml
@raw/04_第四批_20260908_1053_多火点与余热点/02_激光打点与定位验证/01_事后打点候选/无人机01_1581F7K3C251800CYBVP/DJI_202609081117_006/DJI_20260908112209_0004_V.JPG,B4,uav-01,53HFM890M7X2RW,ZoomCamera,XML_ATTR:{http://www.dji.com/drone-dji/1.0/}LRFTargetLon,120.4728024,raw_xmp_xml
@raw/04_第四批_20260908_1053_多火点与余热点/02_激光打点与定位验证/01_事后打点候选/无人机01_1581F7K3C251800CYBVP/DJI_202609081117_006/DJI_20260908112209_0004_V.JPG,B4,uav-01,53HFM890M7X2RW,ZoomCamera,XML_ATTR:{http://www.dji.com/drone-dji/1.0/}LRFTargetLat,31.2894802,raw_xmp_xml
@raw/04_第四批_20260908_1053_多火点与余热点/02_激光打点与定位验证/01_事后打点候选/无人机01_1581F7K3C251800CYBVP/DJI_202609081117_006/DJI_20260908112209_0004_V.JPG,B4,uav-01,53HFM890M7X2RW,ZoomCamera,XML_ATTR:{http://www.dji.com/drone-dji/1.0/}LRFTargetAlt,1.221,raw_xmp_xml
@raw/04_第四批_20260908_1053_多火点与余热点/02_激光打点与定位验证/01_事后打点候选/无人机01_1581F7K3C251800CYBVP/DJI_202609081117_006/DJI_20260908112209_0004_V.JPG,B4,uav-01,53HFM890M7X2RW,ZoomCamera,XML_ATTR:{http://www.dji.com/drone-dji/1.0/}LRFTargetAbsAlt,52.500,raw_xmp_xml
@raw/04_第四批_20260908_1053_多火点与余热点/02_激光打点与定位验证/01_事后打点候选/无人机01_1581F7K3C251800CYBVP/DJI_202609081117_006/DJI_20260908112209_0004_V.JPG,B4,uav-01,53HFM890M7X2RW,ZoomCamera,XML_ATTR:{http://www.dji.com/drone-dji/1.0/}WhiteBalanceCCT,4367,raw_xmp_xml
@raw/04_第四批_20260908_1053_多火点与余热点/02_激光打点与定位验证/01_事后打点候选/无人机01_1581F7K3C251800CYBVP/DJI_202609081117_006/DJI_20260908112209_0004_V.JPG,B4,uav-01,53HFM890M7X2RW,ZoomCamera,XML_ATTR:{http://www.dji.com/drone-dji/1.0/}SensorFPS,2997/100,raw_xmp_xml
@raw/04_第四批_20260908_1053_多火点与余热点/02_激光打点与定位验证/01_事后打点候选/无人机01_1581F7K3C251800CYBVP/DJI_202609081117_006/DJI_20260908112209_0004_V.JPG,B4,uav-01,53HFM890M7X2RW,ZoomCamera,XML_ATTR:{http://www.dji.com/drone-dji/1.0/}LensPosition,32,raw_xmp_xml
@raw/04_第四批_20260908_1053_多火点与余热点/02_激光打点与定位验证/01_事后打点候选/无人机01_1581F7K3C251800CYBVP/DJI_202609081117_006/DJI_20260908112209_0004_V.JPG,B4,uav-01,53HFM890M7X2RW,ZoomCamera,XML_ATTR:{http://www.dji.com/drone-dji/1.0/}LensInfinitePosition,36,raw_xmp_xml
@raw/04_第四批_20260908_1053_多火点与余热点/02_激光打点与定位验证/01_事后打点候选/无人机01_1581F7K3C251800CYBVP/DJI_202609081117_006/DJI_20260908112209_0004_V.JPG,B4,uav-01,53HFM890M7X2RW,ZoomCamera,XML_ATTR:{http://www.dji.com/drone-dji/1.0/}LensTemperature,44.000000,raw_xmp_xml
@raw/04_第四批_20260908_1053_多火点与余热点/02_激光打点与定位验证/01_事后打点候选/无人机01_1581F7K3C251800CYBVP/DJI_202609081117_006/DJI_20260908112209_0004_V.JPG,B4,uav-01,53HFM890M7X2RW,ZoomCamera,XML_ATTR:{http://pix4d.com/camera/1.0}FileType,single,raw_xmp_xml
@raw/04_第四批_20260908_1053_多火点与余热点/02_激光打点与定位验证/01_事后打点候选/无人机01_1581F7K3C251800CYBVP/DJI_202609081117_006/DJI_20260908112209_0004_V.JPG,B4,uav-01,53HFM890M7X2RW,ZoomCamera,XML_ATTR:{http://ns.adobe.com/camera-raw-settings/1.0/}Version,7.0,raw_xmp_xml
@raw/04_第四批_20260908_1053_多火点与余热点/02_激光打点与定位验证/01_事后打点候选/无人机01_1581F7K3C251800CYBVP/DJI_202609081117_006/DJI_20260908112209_0004_V.JPG,B4,uav-01,53HFM890M7X2RW,ZoomCamera,XML_ATTR:{http://ns.adobe.com/camera-raw-settings/1.0/}HasSettings,False,raw_xmp_xml
@raw/04_第四批_20260908_1053_多火点与余热点/02_激光打点与定位验证/01_事后打点候选/无人机01_1581F7K3C251800CYBVP/DJI_202609081117_006/DJI_20260908112209_0004_V.JPG,B4,uav-01,53HFM890M7X2RW,ZoomCamera,XML_ATTR:{http://ns.adobe.com/camera-raw-settings/1.0/}HasCrop,False,raw_xmp_xml
@raw/04_第四批_20260908_1053_多火点与余热点/02_激光打点与定位验证/01_事后打点候选/无人机01_1581F7K3C251800CYBVP/DJI_202609081117_006/DJI_20260908112209_0004_V.JPG,B4,uav-01,53HFM890M7X2RW,ZoomCamera,XML_ATTR:{http://ns.adobe.com/camera-raw-settings/1.0/}AlreadyApplied,False,raw_xmp_xml
@raw/04_第四批_20260908_1053_多火点与余热点/02_激光打点与定位验证/01_事后打点候选/无人机01_1581F7K3C251800CYBVP/DJI_202609081117_006/DJI_20260908112300_0005_V.JPG,B4,uav-01,53HFM890M7X2RW,ZoomCamera,XMP-rdf:About,DJI Meta Data,exiftool
@raw/04_第四批_20260908_1053_多火点与余热点/02_激光打点与定位验证/01_事后打点候选/无人机01_1581F7K3C251800CYBVP/DJI_202609081117_006/DJI_20260908112300_0005_V.JPG,B4,uav-01,53HFM890M7X2RW,ZoomCamera,XMP-xmp:ModifyDate,2026:09:08 11:23:00+08:00,exiftool
@raw/04_第四批_20260908_1053_多火点与余热点/02_激光打点与定位验证/01_事后打点候选/无人机01_1581F7K3C251800CYBVP/DJI_202609081117_006/DJI_20260908112300_0005_V.JPG,B4,uav-01,53HFM890M7X2RW,ZoomCamera,XMP-xmp:CreateDate,2026:09:08 11:23:00+08:00,exiftool
@raw/04_第四批_20260908_1053_多火点与余热点/02_激光打点与定位验证/01_事后打点候选/无人机01_1581F7K3C251800CYBVP/DJI_202609081117_006/DJI_20260908112300_0005_V.JPG,B4,uav-01,53HFM890M7X2RW,ZoomCamera,XMP-tiff:Make,DJI,exiftool
@raw/04_第四批_20260908_1053_多火点与余热点/02_激光打点与定位验证/01_事后打点候选/无人机01_1581F7K3C251800CYBVP/DJI_202609081117_006/DJI_20260908112300_0005_V.JPG,B4,uav-01,53HFM890M7X2RW,ZoomCamera,XMP-tiff:Model,M4T,exiftool
@raw/04_第四批_20260908_1053_多火点与余热点/02_激光打点与定位验证/01_事后打点候选/无人机01_1581F7K3C251800CYBVP/DJI_202609081117_006/DJI_20260908112300_0005_V.JPG,B4,uav-01,53HFM890M7X2RW,ZoomCamera,XMP-dc:Format,image/jpeg,exiftool
@raw/04_第四批_20260908_1053_多火点与余热点/02_激光打点与定位验证/01_事后打点候选/无人机01_1581F7K3C251800CYBVP/DJI_202609081117_006/DJI_20260908112300_0005_V.JPG,B4,uav-01,53HFM890M7X2RW,ZoomCamera,XMP-drone-dji:Version,1.6,exiftool
@raw/04_第四批_20260908_1053_多火点与余热点/02_激光打点与定位验证/01_事后打点候选/无人机01_1581F7K3C251800CYBVP/DJI_202609081117_006/DJI_20260908112300_0005_V.JPG,B4,uav-01,53HFM890M7X2RW,ZoomCamera,XMP-drone-dji:ImageSource,ZoomCamera,exiftool
@raw/04_第四批_20260908_1053_多火点与余热点/02_激光打点与定位验证/01_事后打点候选/无人机01_1581F7K3C251800CYBVP/DJI_202609081117_006/DJI_20260908112300_0005_V.JPG,B4,uav-01,53HFM890M7X2RW,ZoomCamera,XMP-drone-dji:GpsStatus,Normal,exiftool
@raw/04_第四批_20260908_1053_多火点与余热点/02_激光打点与定位验证/01_事后打点候选/无人机01_1581F7K3C251800CYBVP/DJI_202609081117_006/DJI_20260908112300_0005_V.JPG,B4,uav-01,53HFM890M7X2RW,ZoomCamera,XMP-drone-dji:AltitudeType,GpsFusionAlt,exiftool
@raw/04_第四批_20260908_1053_多火点与余热点/02_激光打点与定位验证/01_事后打点候选/无人机01_1581F7K3C251800CYBVP/DJI_202609081117_006/DJI_20260908112300_0005_V.JPG,B4,uav-01,53HFM890M7X2RW,ZoomCamera,XMP-drone-dji:GPSLatitude,+31.289289916,exiftool
@raw/04_第四批_20260908_1053_多火点与余热点/02_激光打点与定位验证/01_事后打点候选/无人机01_1581F7K3C251800CYBVP/DJI_202609081117_006/DJI_20260908112300_0005_V.JPG,B4,uav-01,53HFM890M7X2RW,ZoomCamera,XMP-drone-dji:GPSLongitude,+120.472639810,exiftool
@raw/04_第四批_20260908_1053_多火点与余热点/02_激光打点与定位验证/01_事后打点候选/无人机01_1581F7K3C251800CYBVP/DJI_202609081117_006/DJI_20260908112300_0005_V.JPG,B4,uav-01,53HFM890M7X2RW,ZoomCamera,XMP-drone-dji:AbsoluteAltitude,+82.744,exiftool
@raw/04_第四批_20260908_1053_多火点与余热点/02_激光打点与定位验证/01_事后打点候选/无人机01_1581F7K3C251800CYBVP/DJI_202609081117_006/DJI_20260908112300_0005_V.JPG,B4,uav-01,53HFM890M7X2RW,ZoomCamera,XMP-drone-dji:RelativeAltitude,+31.465,exiftool
@raw/04_第四批_20260908_1053_多火点与余热点/02_激光打点与定位验证/01_事后打点候选/无人机01_1581F7K3C251800CYBVP/DJI_202609081117_006/DJI_20260908112300_0005_V.JPG,B4,uav-01,53HFM890M7X2RW,ZoomCamera,XMP-drone-dji:GimbalRollDegree,+0.00,exiftool
@raw/04_第四批_20260908_1053_多火点与余热点/02_激光打点与定位验证/01_事后打点候选/无人机01_1581F7K3C251800CYBVP/DJI_202609081117_006/DJI_20260908112300_0005_V.JPG,B4,uav-01,53HFM890M7X2RW,ZoomCamera,XMP-drone-dji:GimbalYawDegree,+36.50,exiftool
@raw/04_第四批_20260908_1053_多火点与余热点/02_激光打点与定位验证/01_事后打点候选/无人机01_1581F7K3C251800CYBVP/DJI_202609081117_006/DJI_20260908112300_0005_V.JPG,B4,uav-01,53HFM890M7X2RW,ZoomCamera,XMP-drone-dji:GimbalPitchDegree,-48.1,exiftool
@raw/04_第四批_20260908_1053_多火点与余热点/02_激光打点与定位验证/01_事后打点候选/无人机01_1581F7K3C251800CYBVP/DJI_202609081117_006/DJI_20260908112300_0005_V.JPG,B4,uav-01,53HFM890M7X2RW,ZoomCamera,XMP-drone-dji:FlightRollDegree,-3.1,exiftool
@raw/04_第四批_20260908_1053_多火点与余热点/02_激光打点与定位验证/01_事后打点候选/无人机01_1581F7K3C251800CYBVP/DJI_202609081117_006/DJI_20260908112300_0005_V.JPG,B4,uav-01,53HFM890M7X2RW,ZoomCamera,XMP-drone-dji:FlightYawDegree,+36.70,exiftool
@raw/04_第四批_20260908_1053_多火点与余热点/02_激光打点与定位验证/01_事后打点候选/无人机01_1581F7K3C251800CYBVP/DJI_202609081117_006/DJI_20260908112300_0005_V.JPG,B4,uav-01,53HFM890M7X2RW,ZoomCamera,XMP-drone-dji:FlightPitchDegree,-4.3,exiftool
@raw/04_第四批_20260908_1053_多火点与余热点/02_激光打点与定位验证/01_事后打点候选/无人机01_1581F7K3C251800CYBVP/DJI_202609081117_006/DJI_20260908112300_0005_V.JPG,B4,uav-01,53HFM890M7X2RW,ZoomCamera,XMP-drone-dji:FlightXSpeed,0.0,exiftool
@raw/04_第四批_20260908_1053_多火点与余热点/02_激光打点与定位验证/01_事后打点候选/无人机01_1581F7K3C251800CYBVP/DJI_202609081117_006/DJI_20260908112300_0005_V.JPG,B4,uav-01,53HFM890M7X2RW,ZoomCamera,XMP-drone-dji:FlightYSpeed,0.0,exiftool
@raw/04_第四批_20260908_1053_多火点与余热点/02_激光打点与定位验证/01_事后打点候选/无人机01_1581F7K3C251800CYBVP/DJI_202609081117_006/DJI_20260908112300_0005_V.JPG,B4,uav-01,53HFM890M7X2RW,ZoomCamera,XMP-drone-dji:FlightZSpeed,0.0,exiftool
@raw/04_第四批_20260908_1053_多火点与余热点/02_激光打点与定位验证/01_事后打点候选/无人机01_1581F7K3C251800CYBVP/DJI_202609081117_006/DJI_20260908112300_0005_V.JPG,B4,uav-01,53HFM890M7X2RW,ZoomCamera,XMP-drone-dji:CamReverse,0,exiftool
@raw/04_第四批_20260908_1053_多火点与余热点/02_激光打点与定位验证/01_事后打点候选/无人机01_1581F7K3C251800CYBVP/DJI_202609081117_006/DJI_20260908112300_0005_V.JPG,B4,uav-01,53HFM890M7X2RW,ZoomCamera,XMP-drone-dji:GimbalReverse,0,exiftool
@raw/04_第四批_20260908_1053_多火点与余热点/02_激光打点与定位验证/01_事后打点候选/无人机01_1581F7K3C251800CYBVP/DJI_202609081117_006/DJI_20260908112300_0005_V.JPG,B4,uav-01,53HFM890M7X2RW,ZoomCamera,XMP-drone-dji:SensorTemperature,42.0,exiftool
@raw/04_第四批_20260908_1053_多火点与余热点/02_激光打点与定位验证/01_事后打点候选/无人机01_1581F7K3C251800CYBVP/DJI_202609081117_006/DJI_20260908112300_0005_V.JPG,B4,uav-01,53HFM890M7X2RW,ZoomCamera,XMP-drone-dji:ProductName,DJI Matrice 4T,exiftool
@raw/04_第四批_20260908_1053_多火点与余热点/02_激光打点与定位验证/01_事后打点候选/无人机01_1581F7K3C251800CYBVP/DJI_202609081117_006/DJI_20260908112300_0005_V.JPG,B4,uav-01,53HFM890M7X2RW,ZoomCamera,XMP-drone-dji:SelfData,,exiftool
@raw/04_第四批_20260908_1053_多火点与余热点/02_激光打点与定位验证/01_事后打点候选/无人机01_1581F7K3C251800CYBVP/DJI_202609081117_006/DJI_20260908112300_0005_V.JPG,B4,uav-01,53HFM890M7X2RW,ZoomCamera,XMP-drone-dji:SurveyingMode,0,exiftool
@raw/04_第四批_20260908_1053_多火点与余热点/02_激光打点与定位验证/01_事后打点候选/无人机01_1581F7K3C251800CYBVP/DJI_202609081117_006/DJI_20260908112300_0005_V.JPG,B4,uav-01,53HFM890M7X2RW,ZoomCamera,XMP-drone-dji:ShutterType,Electronic,exiftool
@raw/04_第四批_20260908_1053_多火点与余热点/02_激光打点与定位验证/01_事后打点候选/无人机01_1581F7K3C251800CYBVP/DJI_202609081117_006/DJI_20260908112300_0005_V.JPG,B4,uav-01,53HFM890M7X2RW,ZoomCamera,XMP-drone-dji:CameraSerialNumber,53HFM890M7X2RW,exiftool
@raw/04_第四批_20260908_1053_多火点与余热点/02_激光打点与定位验证/01_事后打点候选/无人机01_1581F7K3C251800CYBVP/DJI_202609081117_006/DJI_20260908112300_0005_V.JPG,B4,uav-01,53HFM890M7X2RW,ZoomCamera,XMP-drone-dji:DroneModel,M4T,exiftool
@raw/04_第四批_20260908_1053_多火点与余热点/02_激光打点与定位验证/01_事后打点候选/无人机01_1581F7K3C251800CYBVP/DJI_202609081117_006/DJI_20260908112300_0005_V.JPG,B4,uav-01,53HFM890M7X2RW,ZoomCamera,XMP-drone-dji:DroneSerialNumber,1581F7K3C251800CYBVP,exiftool
@raw/04_第四批_20260908_1053_多火点与余热点/02_激光打点与定位验证/01_事后打点候选/无人机01_1581F7K3C251800CYBVP/DJI_202609081117_006/DJI_20260908112300_0005_V.JPG,B4,uav-01,53HFM890M7X2RW,ZoomCamera,XMP-drone-dji:LRFStatus,Normal,exiftool
@raw/04_第四批_20260908_1053_多火点与余热点/02_激光打点与定位验证/01_事后打点候选/无人机01_1581F7K3C251800CYBVP/DJI_202609081117_006/DJI_20260908112300_0005_V.JPG,B4,uav-01,53HFM890M7X2RW,ZoomCamera,XMP-drone-dji:LRFTargetDistance,40.222,exiftool
@raw/04_第四批_20260908_1053_多火点与余热点/02_激光打点与定位验证/01_事后打点候选/无人机01_1581F7K3C251800CYBVP/DJI_202609081117_006/DJI_20260908112300_0005_V.JPG,B4,uav-01,53HFM890M7X2RW,ZoomCamera,XMP-drone-dji:LRFTargetLon,120.4728076,exiftool
@raw/04_第四批_20260908_1053_多火点与余热点/02_激光打点与定位验证/01_事后打点候选/无人机01_1581F7K3C251800CYBVP/DJI_202609081117_006/DJI_20260908112300_0005_V.JPG,B4,uav-01,53HFM890M7X2RW,ZoomCamera,XMP-drone-dji:LRFTargetLat,31.2894837,exiftool
@raw/04_第四批_20260908_1053_多火点与余热点/02_激光打点与定位验证/01_事后打点候选/无人机01_1581F7K3C251800CYBVP/DJI_202609081117_006/DJI_20260908112300_0005_V.JPG,B4,uav-01,53HFM890M7X2RW,ZoomCamera,XMP-drone-dji:LRFTargetAlt,1.521,exiftool
@raw/04_第四批_20260908_1053_多火点与余热点/02_激光打点与定位验证/01_事后打点候选/无人机01_1581F7K3C251800CYBVP/DJI_202609081117_006/DJI_20260908112300_0005_V.JPG,B4,uav-01,53HFM890M7X2RW,ZoomCamera,XMP-drone-dji:LRFTargetAbsAlt,52.8,exiftool
@raw/04_第四批_20260908_1053_多火点与余热点/02_激光打点与定位验证/01_事后打点候选/无人机01_1581F7K3C251800CYBVP/DJI_202609081117_006/DJI_20260908112300_0005_V.JPG,B4,uav-01,53HFM890M7X2RW,ZoomCamera,XMP-drone-dji:WhiteBalanceCCT,4264,exiftool
@raw/04_第四批_20260908_1053_多火点与余热点/02_激光打点与定位验证/01_事后打点候选/无人机01_1581F7K3C251800CYBVP/DJI_202609081117_006/DJI_20260908112300_0005_V.JPG,B4,uav-01,53HFM890M7X2RW,ZoomCamera,XMP-drone-dji:SensorFPS,29.97,exiftool
@raw/04_第四批_20260908_1053_多火点与余热点/02_激光打点与定位验证/01_事后打点候选/无人机01_1581F7K3C251800CYBVP/DJI_202609081117_006/DJI_20260908112300_0005_V.JPG,B4,uav-01,53HFM890M7X2RW,ZoomCamera,XMP-drone-dji:LensPosition,33,exiftool
@raw/04_第四批_20260908_1053_多火点与余热点/02_激光打点与定位验证/01_事后打点候选/无人机01_1581F7K3C251800CYBVP/DJI_202609081117_006/DJI_20260908112300_0005_V.JPG,B4,uav-01,53HFM890M7X2RW,ZoomCamera,XMP-drone-dji:LensInfinitePosition,36,exiftool
@raw/04_第四批_20260908_1053_多火点与余热点/02_激光打点与定位验证/01_事后打点候选/无人机01_1581F7K3C251800CYBVP/DJI_202609081117_006/DJI_20260908112300_0005_V.JPG,B4,uav-01,53HFM890M7X2RW,ZoomCamera,XMP-drone-dji:LensTemperature,43.1,exiftool
@raw/04_第四批_20260908_1053_多火点与余热点/02_激光打点与定位验证/01_事后打点候选/无人机01_1581F7K3C251800CYBVP/DJI_202609081117_006/DJI_20260908112300_0005_V.JPG,B4,uav-01,53HFM890M7X2RW,ZoomCamera,XMP-Camera:FileType,single,exiftool
@raw/04_第四批_20260908_1053_多火点与余热点/02_激光打点与定位验证/01_事后打点候选/无人机01_1581F7K3C251800CYBVP/DJI_202609081117_006/DJI_20260908112300_0005_V.JPG,B4,uav-01,53HFM890M7X2RW,ZoomCamera,XMP-crs:Version,7.0,exiftool
@raw/04_第四批_20260908_1053_多火点与余热点/02_激光打点与定位验证/01_事后打点候选/无人机01_1581F7K3C251800CYBVP/DJI_202609081117_006/DJI_20260908112300_0005_V.JPG,B4,uav-01,53HFM890M7X2RW,ZoomCamera,XMP-crs:HasSettings,False,exiftool
@raw/04_第四批_20260908_1053_多火点与余热点/02_激光打点与定位验证/01_事后打点候选/无人机01_1581F7K3C251800CYBVP/DJI_202609081117_006/DJI_20260908112300_0005_V.JPG,B4,uav-01,53HFM890M7X2RW,ZoomCamera,XMP-crs:HasCrop,False,exiftool
@raw/04_第四批_20260908_1053_多火点与余热点/02_激光打点与定位验证/01_事后打点候选/无人机01_1581F7K3C251800CYBVP/DJI_202609081117_006/DJI_20260908112300_0005_V.JPG,B4,uav-01,53HFM890M7X2RW,ZoomCamera,XMP-crs:AlreadyApplied,False,exiftool
@raw/04_第四批_20260908_1053_多火点与余热点/02_激光打点与定位验证/01_事后打点候选/无人机01_1581F7K3C251800CYBVP/DJI_202609081117_006/DJI_20260908112300_0005_V.JPG,B4,uav-01,53HFM890M7X2RW,ZoomCamera,XML_ATTR:{http://www.w3.org/1999/02/22-rdf-syntax-ns#}about,DJI Meta Data,raw_xmp_xml
@raw/04_第四批_20260908_1053_多火点与余热点/02_激光打点与定位验证/01_事后打点候选/无人机01_1581F7K3C251800CYBVP/DJI_202609081117_006/DJI_20260908112300_0005_V.JPG,B4,uav-01,53HFM890M7X2RW,ZoomCamera,XML_ATTR:{http://ns.adobe.com/xap/1.0/}ModifyDate,2026-09-08T11:23:00+08:00,raw_xmp_xml
@raw/04_第四批_20260908_1053_多火点与余热点/02_激光打点与定位验证/01_事后打点候选/无人机01_1581F7K3C251800CYBVP/DJI_202609081117_006/DJI_20260908112300_0005_V.JPG,B4,uav-01,53HFM890M7X2RW,ZoomCamera,XML_ATTR:{http://ns.adobe.com/xap/1.0/}CreateDate,2026-09-08T11:23:00+08:00,raw_xmp_xml
@raw/04_第四批_20260908_1053_多火点与余热点/02_激光打点与定位验证/01_事后打点候选/无人机01_1581F7K3C251800CYBVP/DJI_202609081117_006/DJI_20260908112300_0005_V.JPG,B4,uav-01,53HFM890M7X2RW,ZoomCamera,XML_ATTR:{http://ns.adobe.com/tiff/1.0/}Make,DJI,raw_xmp_xml
@raw/04_第四批_20260908_1053_多火点与余热点/02_激光打点与定位验证/01_事后打点候选/无人机01_1581F7K3C251800CYBVP/DJI_202609081117_006/DJI_20260908112300_0005_V.JPG,B4,uav-01,53HFM890M7X2RW,ZoomCamera,XML_ATTR:{http://ns.adobe.com/tiff/1.0/}Model,M4T,raw_xmp_xml
@raw/04_第四批_20260908_1053_多火点与余热点/02_激光打点与定位验证/01_事后打点候选/无人机01_1581F7K3C251800CYBVP/DJI_202609081117_006/DJI_20260908112300_0005_V.JPG,B4,uav-01,53HFM890M7X2RW,ZoomCamera,XML_ATTR:{http://purl.org/dc/elements/1.1/}format,image/jpeg,raw_xmp_xml
@raw/04_第四批_20260908_1053_多火点与余热点/02_激光打点与定位验证/01_事后打点候选/无人机01_1581F7K3C251800CYBVP/DJI_202609081117_006/DJI_20260908112300_0005_V.JPG,B4,uav-01,53HFM890M7X2RW,ZoomCamera,XML_ATTR:{http://www.dji.com/drone-dji/1.0/}Version,1.6,raw_xmp_xml
@raw/04_第四批_20260908_1053_多火点与余热点/02_激光打点与定位验证/01_事后打点候选/无人机01_1581F7K3C251800CYBVP/DJI_202609081117_006/DJI_20260908112300_0005_V.JPG,B4,uav-01,53HFM890M7X2RW,ZoomCamera,XML_ATTR:{http://www.dji.com/drone-dji/1.0/}ImageSource,ZoomCamera,raw_xmp_xml
@raw/04_第四批_20260908_1053_多火点与余热点/02_激光打点与定位验证/01_事后打点候选/无人机01_1581F7K3C251800CYBVP/DJI_202609081117_006/DJI_20260908112300_0005_V.JPG,B4,uav-01,53HFM890M7X2RW,ZoomCamera,XML_ATTR:{http://www.dji.com/drone-dji/1.0/}GpsStatus,Normal,raw_xmp_xml
@raw/04_第四批_20260908_1053_多火点与余热点/02_激光打点与定位验证/01_事后打点候选/无人机01_1581F7K3C251800CYBVP/DJI_202609081117_006/DJI_20260908112300_0005_V.JPG,B4,uav-01,53HFM890M7X2RW,ZoomCamera,XML_ATTR:{http://www.dji.com/drone-dji/1.0/}AltitudeType,GpsFusionAlt,raw_xmp_xml
@raw/04_第四批_20260908_1053_多火点与余热点/02_激光打点与定位验证/01_事后打点候选/无人机01_1581F7K3C251800CYBVP/DJI_202609081117_006/DJI_20260908112300_0005_V.JPG,B4,uav-01,53HFM890M7X2RW,ZoomCamera,XML_ATTR:{http://www.dji.com/drone-dji/1.0/}GpsLatitude,+31.289289916,raw_xmp_xml
@raw/04_第四批_20260908_1053_多火点与余热点/02_激光打点与定位验证/01_事后打点候选/无人机01_1581F7K3C251800CYBVP/DJI_202609081117_006/DJI_20260908112300_0005_V.JPG,B4,uav-01,53HFM890M7X2RW,ZoomCamera,XML_ATTR:{http://www.dji.com/drone-dji/1.0/}GpsLongitude,+120.472639810,raw_xmp_xml
@raw/04_第四批_20260908_1053_多火点与余热点/02_激光打点与定位验证/01_事后打点候选/无人机01_1581F7K3C251800CYBVP/DJI_202609081117_006/DJI_20260908112300_0005_V.JPG,B4,uav-01,53HFM890M7X2RW,ZoomCamera,XML_ATTR:{http://www.dji.com/drone-dji/1.0/}AbsoluteAltitude,+82.744,raw_xmp_xml
@raw/04_第四批_20260908_1053_多火点与余热点/02_激光打点与定位验证/01_事后打点候选/无人机01_1581F7K3C251800CYBVP/DJI_202609081117_006/DJI_20260908112300_0005_V.JPG,B4,uav-01,53HFM890M7X2RW,ZoomCamera,XML_ATTR:{http://www.dji.com/drone-dji/1.0/}RelativeAltitude,+31.465,raw_xmp_xml
@raw/04_第四批_20260908_1053_多火点与余热点/02_激光打点与定位验证/01_事后打点候选/无人机01_1581F7K3C251800CYBVP/DJI_202609081117_006/DJI_20260908112300_0005_V.JPG,B4,uav-01,53HFM890M7X2RW,ZoomCamera,XML_ATTR:{http://www.dji.com/drone-dji/1.0/}GimbalRollDegree,+0.00,raw_xmp_xml
@raw/04_第四批_20260908_1053_多火点与余热点/02_激光打点与定位验证/01_事后打点候选/无人机01_1581F7K3C251800CYBVP/DJI_202609081117_006/DJI_20260908112300_0005_V.JPG,B4,uav-01,53HFM890M7X2RW,ZoomCamera,XML_ATTR:{http://www.dji.com/drone-dji/1.0/}GimbalYawDegree,+36.50,raw_xmp_xml
@raw/04_第四批_20260908_1053_多火点与余热点/02_激光打点与定位验证/01_事后打点候选/无人机01_1581F7K3C251800CYBVP/DJI_202609081117_006/DJI_20260908112300_0005_V.JPG,B4,uav-01,53HFM890M7X2RW,ZoomCamera,XML_ATTR:{http://www.dji.com/drone-dji/1.0/}GimbalPitchDegree,-48.10,raw_xmp_xml
@raw/04_第四批_20260908_1053_多火点与余热点/02_激光打点与定位验证/01_事后打点候选/无人机01_1581F7K3C251800CYBVP/DJI_202609081117_006/DJI_20260908112300_0005_V.JPG,B4,uav-01,53HFM890M7X2RW,ZoomCamera,XML_ATTR:{http://www.dji.com/drone-dji/1.0/}FlightRollDegree,-3.10,raw_xmp_xml
@raw/04_第四批_20260908_1053_多火点与余热点/02_激光打点与定位验证/01_事后打点候选/无人机01_1581F7K3C251800CYBVP/DJI_202609081117_006/DJI_20260908112300_0005_V.JPG,B4,uav-01,53HFM890M7X2RW,ZoomCamera,XML_ATTR:{http://www.dji.com/drone-dji/1.0/}FlightYawDegree,+36.70,raw_xmp_xml
@raw/04_第四批_20260908_1053_多火点与余热点/02_激光打点与定位验证/01_事后打点候选/无人机01_1581F7K3C251800CYBVP/DJI_202609081117_006/DJI_20260908112300_0005_V.JPG,B4,uav-01,53HFM890M7X2RW,ZoomCamera,XML_ATTR:{http://www.dji.com/drone-dji/1.0/}FlightPitchDegree,-4.30,raw_xmp_xml
@raw/04_第四批_20260908_1053_多火点与余热点/02_激光打点与定位验证/01_事后打点候选/无人机01_1581F7K3C251800CYBVP/DJI_202609081117_006/DJI_20260908112300_0005_V.JPG,B4,uav-01,53HFM890M7X2RW,ZoomCamera,XML_ATTR:{http://www.dji.com/drone-dji/1.0/}FlightXSpeed,0.0,raw_xmp_xml
@raw/04_第四批_20260908_1053_多火点与余热点/02_激光打点与定位验证/01_事后打点候选/无人机01_1581F7K3C251800CYBVP/DJI_202609081117_006/DJI_20260908112300_0005_V.JPG,B4,uav-01,53HFM890M7X2RW,ZoomCamera,XML_ATTR:{http://www.dji.com/drone-dji/1.0/}FlightYSpeed,0.0,raw_xmp_xml
@raw/04_第四批_20260908_1053_多火点与余热点/02_激光打点与定位验证/01_事后打点候选/无人机01_1581F7K3C251800CYBVP/DJI_202609081117_006/DJI_20260908112300_0005_V.JPG,B4,uav-01,53HFM890M7X2RW,ZoomCamera,XML_ATTR:{http://www.dji.com/drone-dji/1.0/}FlightZSpeed,0.0,raw_xmp_xml
@raw/04_第四批_20260908_1053_多火点与余热点/02_激光打点与定位验证/01_事后打点候选/无人机01_1581F7K3C251800CYBVP/DJI_202609081117_006/DJI_20260908112300_0005_V.JPG,B4,uav-01,53HFM890M7X2RW,ZoomCamera,XML_ATTR:{http://www.dji.com/drone-dji/1.0/}CamReverse,0,raw_xmp_xml
@raw/04_第四批_20260908_1053_多火点与余热点/02_激光打点与定位验证/01_事后打点候选/无人机01_1581F7K3C251800CYBVP/DJI_202609081117_006/DJI_20260908112300_0005_V.JPG,B4,uav-01,53HFM890M7X2RW,ZoomCamera,XML_ATTR:{http://www.dji.com/drone-dji/1.0/}GimbalReverse,0,raw_xmp_xml
@raw/04_第四批_20260908_1053_多火点与余热点/02_激光打点与定位验证/01_事后打点候选/无人机01_1581F7K3C251800CYBVP/DJI_202609081117_006/DJI_20260908112300_0005_V.JPG,B4,uav-01,53HFM890M7X2RW,ZoomCamera,XML_ATTR:{http://www.dji.com/drone-dji/1.0/}SensorTemperature,42.0,raw_xmp_xml
@raw/04_第四批_20260908_1053_多火点与余热点/02_激光打点与定位验证/01_事后打点候选/无人机01_1581F7K3C251800CYBVP/DJI_202609081117_006/DJI_20260908112300_0005_V.JPG,B4,uav-01,53HFM890M7X2RW,ZoomCamera,XML_ATTR:{http://www.dji.com/drone-dji/1.0/}ProductName,DJI Matrice 4T,raw_xmp_xml
@raw/04_第四批_20260908_1053_多火点与余热点/02_激光打点与定位验证/01_事后打点候选/无人机01_1581F7K3C251800CYBVP/DJI_202609081117_006/DJI_20260908112300_0005_V.JPG,B4,uav-01,53HFM890M7X2RW,ZoomCamera,XML_ATTR:{http://www.dji.com/drone-dji/1.0/}SelfData,,raw_xmp_xml
@raw/04_第四批_20260908_1053_多火点与余热点/02_激光打点与定位验证/01_事后打点候选/无人机01_1581F7K3C251800CYBVP/DJI_202609081117_006/DJI_20260908112300_0005_V.JPG,B4,uav-01,53HFM890M7X2RW,ZoomCamera,XML_ATTR:{http://www.dji.com/drone-dji/1.0/}SurveyingMode,0,raw_xmp_xml
@raw/04_第四批_20260908_1053_多火点与余热点/02_激光打点与定位验证/01_事后打点候选/无人机01_1581F7K3C251800CYBVP/DJI_202609081117_006/DJI_20260908112300_0005_V.JPG,B4,uav-01,53HFM890M7X2RW,ZoomCamera,XML_ATTR:{http://www.dji.com/drone-dji/1.0/}ShutterType,Electronic,raw_xmp_xml
@raw/04_第四批_20260908_1053_多火点与余热点/02_激光打点与定位验证/01_事后打点候选/无人机01_1581F7K3C251800CYBVP/DJI_202609081117_006/DJI_20260908112300_0005_V.JPG,B4,uav-01,53HFM890M7X2RW,ZoomCamera,XML_ATTR:{http://www.dji.com/drone-dji/1.0/}CameraSerialNumber,53HFM890M7X2RW,raw_xmp_xml
@raw/04_第四批_20260908_1053_多火点与余热点/02_激光打点与定位验证/01_事后打点候选/无人机01_1581F7K3C251800CYBVP/DJI_202609081117_006/DJI_20260908112300_0005_V.JPG,B4,uav-01,53HFM890M7X2RW,ZoomCamera,XML_ATTR:{http://www.dji.com/drone-dji/1.0/}DroneModel,M4T,raw_xmp_xml
@raw/04_第四批_20260908_1053_多火点与余热点/02_激光打点与定位验证/01_事后打点候选/无人机01_1581F7K3C251800CYBVP/DJI_202609081117_006/DJI_20260908112300_0005_V.JPG,B4,uav-01,53HFM890M7X2RW,ZoomCamera,XML_ATTR:{http://www.dji.com/drone-dji/1.0/}DroneSerialNumber,1581F7K3C251800CYBVP,raw_xmp_xml
@raw/04_第四批_20260908_1053_多火点与余热点/02_激光打点与定位验证/01_事后打点候选/无人机01_1581F7K3C251800CYBVP/DJI_202609081117_006/DJI_20260908112300_0005_V.JPG,B4,uav-01,53HFM890M7X2RW,ZoomCamera,XML_ATTR:{http://www.dji.com/drone-dji/1.0/}LRFStatus,Normal,raw_xmp_xml
@raw/04_第四批_20260908_1053_多火点与余热点/02_激光打点与定位验证/01_事后打点候选/无人机01_1581F7K3C251800CYBVP/DJI_202609081117_006/DJI_20260908112300_0005_V.JPG,B4,uav-01,53HFM890M7X2RW,ZoomCamera,XML_ATTR:{http://www.dji.com/drone-dji/1.0/}LRFTargetDistance,40.222,raw_xmp_xml
@raw/04_第四批_20260908_1053_多火点与余热点/02_激光打点与定位验证/01_事后打点候选/无人机01_1581F7K3C251800CYBVP/DJI_202609081117_006/DJI_20260908112300_0005_V.JPG,B4,uav-01,53HFM890M7X2RW,ZoomCamera,XML_ATTR:{http://www.dji.com/drone-dji/1.0/}LRFTargetLon,120.4728076,raw_xmp_xml
@raw/04_第四批_20260908_1053_多火点与余热点/02_激光打点与定位验证/01_事后打点候选/无人机01_1581F7K3C251800CYBVP/DJI_202609081117_006/DJI_20260908112300_0005_V.JPG,B4,uav-01,53HFM890M7X2RW,ZoomCamera,XML_ATTR:{http://www.dji.com/drone-dji/1.0/}LRFTargetLat,31.2894837,raw_xmp_xml
@raw/04_第四批_20260908_1053_多火点与余热点/02_激光打点与定位验证/01_事后打点候选/无人机01_1581F7K3C251800CYBVP/DJI_202609081117_006/DJI_20260908112300_0005_V.JPG,B4,uav-01,53HFM890M7X2RW,ZoomCamera,XML_ATTR:{http://www.dji.com/drone-dji/1.0/}LRFTargetAlt,1.521,raw_xmp_xml
@raw/04_第四批_20260908_1053_多火点与余热点/02_激光打点与定位验证/01_事后打点候选/无人机01_1581F7K3C251800CYBVP/DJI_202609081117_006/DJI_20260908112300_0005_V.JPG,B4,uav-01,53HFM890M7X2RW,ZoomCamera,XML_ATTR:{http://www.dji.com/drone-dji/1.0/}LRFTargetAbsAlt,52.800,raw_xmp_xml
@raw/04_第四批_20260908_1053_多火点与余热点/02_激光打点与定位验证/01_事后打点候选/无人机01_1581F7K3C251800CYBVP/DJI_202609081117_006/DJI_20260908112300_0005_V.JPG,B4,uav-01,53HFM890M7X2RW,ZoomCamera,XML_ATTR:{http://www.dji.com/drone-dji/1.0/}WhiteBalanceCCT,4264,raw_xmp_xml
@raw/04_第四批_20260908_1053_多火点与余热点/02_激光打点与定位验证/01_事后打点候选/无人机01_1581F7K3C251800CYBVP/DJI_202609081117_006/DJI_20260908112300_0005_V.JPG,B4,uav-01,53HFM890M7X2RW,ZoomCamera,XML_ATTR:{http://www.dji.com/drone-dji/1.0/}SensorFPS,2997/100,raw_xmp_xml
@raw/04_第四批_20260908_1053_多火点与余热点/02_激光打点与定位验证/01_事后打点候选/无人机01_1581F7K3C251800CYBVP/DJI_202609081117_006/DJI_20260908112300_0005_V.JPG,B4,uav-01,53HFM890M7X2RW,ZoomCamera,XML_ATTR:{http://www.dji.com/drone-dji/1.0/}LensPosition,33,raw_xmp_xml
@raw/04_第四批_20260908_1053_多火点与余热点/02_激光打点与定位验证/01_事后打点候选/无人机01_1581F7K3C251800CYBVP/DJI_202609081117_006/DJI_20260908112300_0005_V.JPG,B4,uav-01,53HFM890M7X2RW,ZoomCamera,XML_ATTR:{http://www.dji.com/drone-dji/1.0/}LensInfinitePosition,36,raw_xmp_xml
@raw/04_第四批_20260908_1053_多火点与余热点/02_激光打点与定位验证/01_事后打点候选/无人机01_1581F7K3C251800CYBVP/DJI_202609081117_006/DJI_20260908112300_0005_V.JPG,B4,uav-01,53HFM890M7X2RW,ZoomCamera,XML_ATTR:{http://www.dji.com/drone-dji/1.0/}LensTemperature,43.100000,raw_xmp_xml
@raw/04_第四批_20260908_1053_多火点与余热点/02_激光打点与定位验证/01_事后打点候选/无人机01_1581F7K3C251800CYBVP/DJI_202609081117_006/DJI_20260908112300_0005_V.JPG,B4,uav-01,53HFM890M7X2RW,ZoomCamera,XML_ATTR:{http://pix4d.com/camera/1.0}FileType,single,raw_xmp_xml
@raw/04_第四批_20260908_1053_多火点与余热点/02_激光打点与定位验证/01_事后打点候选/无人机01_1581F7K3C251800CYBVP/DJI_202609081117_006/DJI_20260908112300_0005_V.JPG,B4,uav-01,53HFM890M7X2RW,ZoomCamera,XML_ATTR:{http://ns.adobe.com/camera-raw-settings/1.0/}Version,7.0,raw_xmp_xml
@raw/04_第四批_20260908_1053_多火点与余热点/02_激光打点与定位验证/01_事后打点候选/无人机01_1581F7K3C251800CYBVP/DJI_202609081117_006/DJI_20260908112300_0005_V.JPG,B4,uav-01,53HFM890M7X2RW,ZoomCamera,XML_ATTR:{http://ns.adobe.com/camera-raw-settings/1.0/}HasSettings,False,raw_xmp_xml
@raw/04_第四批_20260908_1053_多火点与余热点/02_激光打点与定位验证/01_事后打点候选/无人机01_1581F7K3C251800CYBVP/DJI_202609081117_006/DJI_20260908112300_0005_V.JPG,B4,uav-01,53HFM890M7X2RW,ZoomCamera,XML_ATTR:{http://ns.adobe.com/camera-raw-settings/1.0/}HasCrop,False,raw_xmp_xml
@raw/04_第四批_20260908_1053_多火点与余热点/02_激光打点与定位验证/01_事后打点候选/无人机01_1581F7K3C251800CYBVP/DJI_202609081117_006/DJI_20260908112300_0005_V.JPG,B4,uav-01,53HFM890M7X2RW,ZoomCamera,XML_ATTR:{http://ns.adobe.com/camera-raw-settings/1.0/}AlreadyApplied,False,raw_xmp_xml
@raw/04_第四批_20260908_1053_多火点与余热点/02_激光打点与定位验证/01_事后打点候选/无人机01_1581F7K3C251800CYBVP/DJI_202609081117_006/DJI_20260908112321_0006_V.JPG,B4,uav-01,53HFM890M7X2RW,ZoomCamera,XMP-rdf:About,DJI Meta Data,exiftool
@raw/04_第四批_20260908_1053_多火点与余热点/02_激光打点与定位验证/01_事后打点候选/无人机01_1581F7K3C251800CYBVP/DJI_202609081117_006/DJI_20260908112321_0006_V.JPG,B4,uav-01,53HFM890M7X2RW,ZoomCamera,XMP-xmp:ModifyDate,2026:09:08 11:23:21+08:00,exiftool
@raw/04_第四批_20260908_1053_多火点与余热点/02_激光打点与定位验证/01_事后打点候选/无人机01_1581F7K3C251800CYBVP/DJI_202609081117_006/DJI_20260908112321_0006_V.JPG,B4,uav-01,53HFM890M7X2RW,ZoomCamera,XMP-xmp:CreateDate,2026:09:08 11:23:21+08:00,exiftool
@raw/04_第四批_20260908_1053_多火点与余热点/02_激光打点与定位验证/01_事后打点候选/无人机01_1581F7K3C251800CYBVP/DJI_202609081117_006/DJI_20260908112321_0006_V.JPG,B4,uav-01,53HFM890M7X2RW,ZoomCamera,XMP-tiff:Make,DJI,exiftool
@raw/04_第四批_20260908_1053_多火点与余热点/02_激光打点与定位验证/01_事后打点候选/无人机01_1581F7K3C251800CYBVP/DJI_202609081117_006/DJI_20260908112321_0006_V.JPG,B4,uav-01,53HFM890M7X2RW,ZoomCamera,XMP-tiff:Model,M4T,exiftool
@raw/04_第四批_20260908_1053_多火点与余热点/02_激光打点与定位验证/01_事后打点候选/无人机01_1581F7K3C251800CYBVP/DJI_202609081117_006/DJI_20260908112321_0006_V.JPG,B4,uav-01,53HFM890M7X2RW,ZoomCamera,XMP-dc:Format,image/jpeg,exiftool
@raw/04_第四批_20260908_1053_多火点与余热点/02_激光打点与定位验证/01_事后打点候选/无人机01_1581F7K3C251800CYBVP/DJI_202609081117_006/DJI_20260908112321_0006_V.JPG,B4,uav-01,53HFM890M7X2RW,ZoomCamera,XMP-drone-dji:Version,1.6,exiftool
@raw/04_第四批_20260908_1053_多火点与余热点/02_激光打点与定位验证/01_事后打点候选/无人机01_1581F7K3C251800CYBVP/DJI_202609081117_006/DJI_20260908112321_0006_V.JPG,B4,uav-01,53HFM890M7X2RW,ZoomCamera,XMP-drone-dji:ImageSource,ZoomCamera,exiftool
@raw/04_第四批_20260908_1053_多火点与余热点/02_激光打点与定位验证/01_事后打点候选/无人机01_1581F7K3C251800CYBVP/DJI_202609081117_006/DJI_20260908112321_0006_V.JPG,B4,uav-01,53HFM890M7X2RW,ZoomCamera,XMP-drone-dji:GpsStatus,Normal,exiftool
@raw/04_第四批_20260908_1053_多火点与余热点/02_激光打点与定位验证/01_事后打点候选/无人机01_1581F7K3C251800CYBVP/DJI_202609081117_006/DJI_20260908112321_0006_V.JPG,B4,uav-01,53HFM890M7X2RW,ZoomCamera,XMP-drone-dji:AltitudeType,GpsFusionAlt,exiftool
@raw/04_第四批_20260908_1053_多火点与余热点/02_激光打点与定位验证/01_事后打点候选/无人机01_1581F7K3C251800CYBVP/DJI_202609081117_006/DJI_20260908112321_0006_V.JPG,B4,uav-01,53HFM890M7X2RW,ZoomCamera,XMP-drone-dji:GPSLatitude,+31.289483265,exiftool
@raw/04_第四批_20260908_1053_多火点与余热点/02_激光打点与定位验证/01_事后打点候选/无人机01_1581F7K3C251800CYBVP/DJI_202609081117_006/DJI_20260908112321_0006_V.JPG,B4,uav-01,53HFM890M7X2RW,ZoomCamera,XMP-drone-dji:GPSLongitude,+120.472736084,exiftool
@raw/04_第四批_20260908_1053_多火点与余热点/02_激光打点与定位验证/01_事后打点候选/无人机01_1581F7K3C251800CYBVP/DJI_202609081117_006/DJI_20260908112321_0006_V.JPG,B4,uav-01,53HFM890M7X2RW,ZoomCamera,XMP-drone-dji:AbsoluteAltitude,+77.150,exiftool
@raw/04_第四批_20260908_1053_多火点与余热点/02_激光打点与定位验证/01_事后打点候选/无人机01_1581F7K3C251800CYBVP/DJI_202609081117_006/DJI_20260908112321_0006_V.JPG,B4,uav-01,53HFM890M7X2RW,ZoomCamera,XMP-drone-dji:RelativeAltitude,+25.871,exiftool
@raw/04_第四批_20260908_1053_多火点与余热点/02_激光打点与定位验证/01_事后打点候选/无人机01_1581F7K3C251800CYBVP/DJI_202609081117_006/DJI_20260908112321_0006_V.JPG,B4,uav-01,53HFM890M7X2RW,ZoomCamera,XMP-drone-dji:GimbalRollDegree,+0.00,exiftool
@raw/04_第四批_20260908_1053_多火点与余热点/02_激光打点与定位验证/01_事后打点候选/无人机01_1581F7K3C251800CYBVP/DJI_202609081117_006/DJI_20260908112321_0006_V.JPG,B4,uav-01,53HFM890M7X2RW,ZoomCamera,XMP-drone-dji:GimbalYawDegree,+86.10,exiftool
@raw/04_第四批_20260908_1053_多火点与余热点/02_激光打点与定位验证/01_事后打点候选/无人机01_1581F7K3C251800CYBVP/DJI_202609081117_006/DJI_20260908112321_0006_V.JPG,B4,uav-01,53HFM890M7X2RW,ZoomCamera,XMP-drone-dji:GimbalPitchDegree,-75.3,exiftool
@raw/04_第四批_20260908_1053_多火点与余热点/02_激光打点与定位验证/01_事后打点候选/无人机01_1581F7K3C251800CYBVP/DJI_202609081117_006/DJI_20260908112321_0006_V.JPG,B4,uav-01,53HFM890M7X2RW,ZoomCamera,XMP-drone-dji:FlightRollDegree,-7.0,exiftool
@raw/04_第四批_20260908_1053_多火点与余热点/02_激光打点与定位验证/01_事后打点候选/无人机01_1581F7K3C251800CYBVP/DJI_202609081117_006/DJI_20260908112321_0006_V.JPG,B4,uav-01,53HFM890M7X2RW,ZoomCamera,XMP-drone-dji:FlightYawDegree,+85.90,exiftool
@raw/04_第四批_20260908_1053_多火点与余热点/02_激光打点与定位验证/01_事后打点候选/无人机01_1581F7K3C251800CYBVP/DJI_202609081117_006/DJI_20260908112321_0006_V.JPG,B4,uav-01,53HFM890M7X2RW,ZoomCamera,XMP-drone-dji:FlightPitchDegree,-3.0,exiftool
@raw/04_第四批_20260908_1053_多火点与余热点/02_激光打点与定位验证/01_事后打点候选/无人机01_1581F7K3C251800CYBVP/DJI_202609081117_006/DJI_20260908112321_0006_V.JPG,B4,uav-01,53HFM890M7X2RW,ZoomCamera,XMP-drone-dji:FlightXSpeed,-0.1,exiftool
@raw/04_第四批_20260908_1053_多火点与余热点/02_激光打点与定位验证/01_事后打点候选/无人机01_1581F7K3C251800CYBVP/DJI_202609081117_006/DJI_20260908112321_0006_V.JPG,B4,uav-01,53HFM890M7X2RW,ZoomCamera,XMP-drone-dji:FlightYSpeed,0.0,exiftool
@raw/04_第四批_20260908_1053_多火点与余热点/02_激光打点与定位验证/01_事后打点候选/无人机01_1581F7K3C251800CYBVP/DJI_202609081117_006/DJI_20260908112321_0006_V.JPG,B4,uav-01,53HFM890M7X2RW,ZoomCamera,XMP-drone-dji:FlightZSpeed,0.0,exiftool
@raw/04_第四批_20260908_1053_多火点与余热点/02_激光打点与定位验证/01_事后打点候选/无人机01_1581F7K3C251800CYBVP/DJI_202609081117_006/DJI_20260908112321_0006_V.JPG,B4,uav-01,53HFM890M7X2RW,ZoomCamera,XMP-drone-dji:CamReverse,0,exiftool
@raw/04_第四批_20260908_1053_多火点与余热点/02_激光打点与定位验证/01_事后打点候选/无人机01_1581F7K3C251800CYBVP/DJI_202609081117_006/DJI_20260908112321_0006_V.JPG,B4,uav-01,53HFM890M7X2RW,ZoomCamera,XMP-drone-dji:GimbalReverse,0,exiftool
@raw/04_第四批_20260908_1053_多火点与余热点/02_激光打点与定位验证/01_事后打点候选/无人机01_1581F7K3C251800CYBVP/DJI_202609081117_006/DJI_20260908112321_0006_V.JPG,B4,uav-01,53HFM890M7X2RW,ZoomCamera,XMP-drone-dji:SensorTemperature,42.0,exiftool
@raw/04_第四批_20260908_1053_多火点与余热点/02_激光打点与定位验证/01_事后打点候选/无人机01_1581F7K3C251800CYBVP/DJI_202609081117_006/DJI_20260908112321_0006_V.JPG,B4,uav-01,53HFM890M7X2RW,ZoomCamera,XMP-drone-dji:ProductName,DJI Matrice 4T,exiftool
@raw/04_第四批_20260908_1053_多火点与余热点/02_激光打点与定位验证/01_事后打点候选/无人机01_1581F7K3C251800CYBVP/DJI_202609081117_006/DJI_20260908112321_0006_V.JPG,B4,uav-01,53HFM890M7X2RW,ZoomCamera,XMP-drone-dji:SelfData,,exiftool
@raw/04_第四批_20260908_1053_多火点与余热点/02_激光打点与定位验证/01_事后打点候选/无人机01_1581F7K3C251800CYBVP/DJI_202609081117_006/DJI_20260908112321_0006_V.JPG,B4,uav-01,53HFM890M7X2RW,ZoomCamera,XMP-drone-dji:SurveyingMode,0,exiftool
@raw/04_第四批_20260908_1053_多火点与余热点/02_激光打点与定位验证/01_事后打点候选/无人机01_1581F7K3C251800CYBVP/DJI_202609081117_006/DJI_20260908112321_0006_V.JPG,B4,uav-01,53HFM890M7X2RW,ZoomCamera,XMP-drone-dji:ShutterType,Electronic,exiftool
@raw/04_第四批_20260908_1053_多火点与余热点/02_激光打点与定位验证/01_事后打点候选/无人机01_1581F7K3C251800CYBVP/DJI_202609081117_006/DJI_20260908112321_0006_V.JPG,B4,uav-01,53HFM890M7X2RW,ZoomCamera,XMP-drone-dji:CameraSerialNumber,53HFM890M7X2RW,exiftool
@raw/04_第四批_20260908_1053_多火点与余热点/02_激光打点与定位验证/01_事后打点候选/无人机01_1581F7K3C251800CYBVP/DJI_202609081117_006/DJI_20260908112321_0006_V.JPG,B4,uav-01,53HFM890M7X2RW,ZoomCamera,XMP-drone-dji:DroneModel,M4T,exiftool
@raw/04_第四批_20260908_1053_多火点与余热点/02_激光打点与定位验证/01_事后打点候选/无人机01_1581F7K3C251800CYBVP/DJI_202609081117_006/DJI_20260908112321_0006_V.JPG,B4,uav-01,53HFM890M7X2RW,ZoomCamera,XMP-drone-dji:DroneSerialNumber,1581F7K3C251800CYBVP,exiftool
@raw/04_第四批_20260908_1053_多火点与余热点/02_激光打点与定位验证/01_事后打点候选/无人机01_1581F7K3C251800CYBVP/DJI_202609081117_006/DJI_20260908112321_0006_V.JPG,B4,uav-01,53HFM890M7X2RW,ZoomCamera,XMP-drone-dji:LRFStatus,Normal,exiftool
@raw/04_第四批_20260908_1053_多火点与余热点/02_激光打点与定位验证/01_事后打点候选/无人机01_1581F7K3C251800CYBVP/DJI_202609081117_006/DJI_20260908112321_0006_V.JPG,B4,uav-01,53HFM890M7X2RW,ZoomCamera,XMP-drone-dji:LRFTargetDistance,25.841,exiftool
@raw/04_第四批_20260908_1053_多火点与余热点/02_激光打点与定位验证/01_事后打点候选/无人机01_1581F7K3C251800CYBVP/DJI_202609081117_006/DJI_20260908112321_0006_V.JPG,B4,uav-01,53HFM890M7X2RW,ZoomCamera,XMP-drone-dji:LRFTargetLon,120.4728046,exiftool
@raw/04_第四批_20260908_1053_多火点与余热点/02_激光打点与定位验证/01_事后打点候选/无人机01_1581F7K3C251800CYBVP/DJI_202609081117_006/DJI_20260908112321_0006_V.JPG,B4,uav-01,53HFM890M7X2RW,ZoomCamera,XMP-drone-dji:LRFTargetLat,31.2894874,exiftool
@raw/04_第四批_20260908_1053_多火点与余热点/02_激光打点与定位验证/01_事后打点候选/无人机01_1581F7K3C251800CYBVP/DJI_202609081117_006/DJI_20260908112321_0006_V.JPG,B4,uav-01,53HFM890M7X2RW,ZoomCamera,XMP-drone-dji:LRFTargetAlt,0.821,exiftool
@raw/04_第四批_20260908_1053_多火点与余热点/02_激光打点与定位验证/01_事后打点候选/无人机01_1581F7K3C251800CYBVP/DJI_202609081117_006/DJI_20260908112321_0006_V.JPG,B4,uav-01,53HFM890M7X2RW,ZoomCamera,XMP-drone-dji:LRFTargetAbsAlt,52.1,exiftool
@raw/04_第四批_20260908_1053_多火点与余热点/02_激光打点与定位验证/01_事后打点候选/无人机01_1581F7K3C251800CYBVP/DJI_202609081117_006/DJI_20260908112321_0006_V.JPG,B4,uav-01,53HFM890M7X2RW,ZoomCamera,XMP-drone-dji:WhiteBalanceCCT,4250,exiftool
@raw/04_第四批_20260908_1053_多火点与余热点/02_激光打点与定位验证/01_事后打点候选/无人机01_1581F7K3C251800CYBVP/DJI_202609081117_006/DJI_20260908112321_0006_V.JPG,B4,uav-01,53HFM890M7X2RW,ZoomCamera,XMP-drone-dji:SensorFPS,29.97,exiftool
@raw/04_第四批_20260908_1053_多火点与余热点/02_激光打点与定位验证/01_事后打点候选/无人机01_1581F7K3C251800CYBVP/DJI_202609081117_006/DJI_20260908112321_0006_V.JPG,B4,uav-01,53HFM890M7X2RW,ZoomCamera,XMP-drone-dji:LensPosition,33,exiftool
@raw/04_第四批_20260908_1053_多火点与余热点/02_激光打点与定位验证/01_事后打点候选/无人机01_1581F7K3C251800CYBVP/DJI_202609081117_006/DJI_20260908112321_0006_V.JPG,B4,uav-01,53HFM890M7X2RW,ZoomCamera,XMP-drone-dji:LensInfinitePosition,35,exiftool
@raw/04_第四批_20260908_1053_多火点与余热点/02_激光打点与定位验证/01_事后打点候选/无人机01_1581F7K3C251800CYBVP/DJI_202609081117_006/DJI_20260908112321_0006_V.JPG,B4,uav-01,53HFM890M7X2RW,ZoomCamera,XMP-drone-dji:LensTemperature,43.0,exiftool
@raw/04_第四批_20260908_1053_多火点与余热点/02_激光打点与定位验证/01_事后打点候选/无人机01_1581F7K3C251800CYBVP/DJI_202609081117_006/DJI_20260908112321_0006_V.JPG,B4,uav-01,53HFM890M7X2RW,ZoomCamera,XMP-Camera:FileType,single,exiftool
@raw/04_第四批_20260908_1053_多火点与余热点/02_激光打点与定位验证/01_事后打点候选/无人机01_1581F7K3C251800CYBVP/DJI_202609081117_006/DJI_20260908112321_0006_V.JPG,B4,uav-01,53HFM890M7X2RW,ZoomCamera,XMP-crs:Version,7.0,exiftool
@raw/04_第四批_20260908_1053_多火点与余热点/02_激光打点与定位验证/01_事后打点候选/无人机01_1581F7K3C251800CYBVP/DJI_202609081117_006/DJI_20260908112321_0006_V.JPG,B4,uav-01,53HFM890M7X2RW,ZoomCamera,XMP-crs:HasSettings,False,exiftool
@raw/04_第四批_20260908_1053_多火点与余热点/02_激光打点与定位验证/01_事后打点候选/无人机01_1581F7K3C251800CYBVP/DJI_202609081117_006/DJI_20260908112321_0006_V.JPG,B4,uav-01,53HFM890M7X2RW,ZoomCamera,XMP-crs:HasCrop,False,exiftool
@raw/04_第四批_20260908_1053_多火点与余热点/02_激光打点与定位验证/01_事后打点候选/无人机01_1581F7K3C251800CYBVP/DJI_202609081117_006/DJI_20260908112321_0006_V.JPG,B4,uav-01,53HFM890M7X2RW,ZoomCamera,XMP-crs:AlreadyApplied,False,exiftool
@raw/04_第四批_20260908_1053_多火点与余热点/02_激光打点与定位验证/01_事后打点候选/无人机01_1581F7K3C251800CYBVP/DJI_202609081117_006/DJI_20260908112321_0006_V.JPG,B4,uav-01,53HFM890M7X2RW,ZoomCamera,XML_ATTR:{http://www.w3.org/1999/02/22-rdf-syntax-ns#}about,DJI Meta Data,raw_xmp_xml
@raw/04_第四批_20260908_1053_多火点与余热点/02_激光打点与定位验证/01_事后打点候选/无人机01_1581F7K3C251800CYBVP/DJI_202609081117_006/DJI_20260908112321_0006_V.JPG,B4,uav-01,53HFM890M7X2RW,ZoomCamera,XML_ATTR:{http://ns.adobe.com/xap/1.0/}ModifyDate,2026-09-08T11:23:21+08:00,raw_xmp_xml
@raw/04_第四批_20260908_1053_多火点与余热点/02_激光打点与定位验证/01_事后打点候选/无人机01_1581F7K3C251800CYBVP/DJI_202609081117_006/DJI_20260908112321_0006_V.JPG,B4,uav-01,53HFM890M7X2RW,ZoomCamera,XML_ATTR:{http://ns.adobe.com/xap/1.0/}CreateDate,2026-09-08T11:23:21+08:00,raw_xmp_xml
@raw/04_第四批_20260908_1053_多火点与余热点/02_激光打点与定位验证/01_事后打点候选/无人机01_1581F7K3C251800CYBVP/DJI_202609081117_006/DJI_20260908112321_0006_V.JPG,B4,uav-01,53HFM890M7X2RW,ZoomCamera,XML_ATTR:{http://ns.adobe.com/tiff/1.0/}Make,DJI,raw_xmp_xml
@raw/04_第四批_20260908_1053_多火点与余热点/02_激光打点与定位验证/01_事后打点候选/无人机01_1581F7K3C251800CYBVP/DJI_202609081117_006/DJI_20260908112321_0006_V.JPG,B4,uav-01,53HFM890M7X2RW,ZoomCamera,XML_ATTR:{http://ns.adobe.com/tiff/1.0/}Model,M4T,raw_xmp_xml
@raw/04_第四批_20260908_1053_多火点与余热点/02_激光打点与定位验证/01_事后打点候选/无人机01_1581F7K3C251800CYBVP/DJI_202609081117_006/DJI_20260908112321_0006_V.JPG,B4,uav-01,53HFM890M7X2RW,ZoomCamera,XML_ATTR:{http://purl.org/dc/elements/1.1/}format,image/jpeg,raw_xmp_xml
@raw/04_第四批_20260908_1053_多火点与余热点/02_激光打点与定位验证/01_事后打点候选/无人机01_1581F7K3C251800CYBVP/DJI_202609081117_006/DJI_20260908112321_0006_V.JPG,B4,uav-01,53HFM890M7X2RW,ZoomCamera,XML_ATTR:{http://www.dji.com/drone-dji/1.0/}Version,1.6,raw_xmp_xml
@raw/04_第四批_20260908_1053_多火点与余热点/02_激光打点与定位验证/01_事后打点候选/无人机01_1581F7K3C251800CYBVP/DJI_202609081117_006/DJI_20260908112321_0006_V.JPG,B4,uav-01,53HFM890M7X2RW,ZoomCamera,XML_ATTR:{http://www.dji.com/drone-dji/1.0/}ImageSource,ZoomCamera,raw_xmp_xml
@raw/04_第四批_20260908_1053_多火点与余热点/02_激光打点与定位验证/01_事后打点候选/无人机01_1581F7K3C251800CYBVP/DJI_202609081117_006/DJI_20260908112321_0006_V.JPG,B4,uav-01,53HFM890M7X2RW,ZoomCamera,XML_ATTR:{http://www.dji.com/drone-dji/1.0/}GpsStatus,Normal,raw_xmp_xml
@raw/04_第四批_20260908_1053_多火点与余热点/02_激光打点与定位验证/01_事后打点候选/无人机01_1581F7K3C251800CYBVP/DJI_202609081117_006/DJI_20260908112321_0006_V.JPG,B4,uav-01,53HFM890M7X2RW,ZoomCamera,XML_ATTR:{http://www.dji.com/drone-dji/1.0/}AltitudeType,GpsFusionAlt,raw_xmp_xml
@raw/04_第四批_20260908_1053_多火点与余热点/02_激光打点与定位验证/01_事后打点候选/无人机01_1581F7K3C251800CYBVP/DJI_202609081117_006/DJI_20260908112321_0006_V.JPG,B4,uav-01,53HFM890M7X2RW,ZoomCamera,XML_ATTR:{http://www.dji.com/drone-dji/1.0/}GpsLatitude,+31.289483265,raw_xmp_xml
@raw/04_第四批_20260908_1053_多火点与余热点/02_激光打点与定位验证/01_事后打点候选/无人机01_1581F7K3C251800CYBVP/DJI_202609081117_006/DJI_20260908112321_0006_V.JPG,B4,uav-01,53HFM890M7X2RW,ZoomCamera,XML_ATTR:{http://www.dji.com/drone-dji/1.0/}GpsLongitude,+120.472736084,raw_xmp_xml
@raw/04_第四批_20260908_1053_多火点与余热点/02_激光打点与定位验证/01_事后打点候选/无人机01_1581F7K3C251800CYBVP/DJI_202609081117_006/DJI_20260908112321_0006_V.JPG,B4,uav-01,53HFM890M7X2RW,ZoomCamera,XML_ATTR:{http://www.dji.com/drone-dji/1.0/}AbsoluteAltitude,+77.150,raw_xmp_xml
@raw/04_第四批_20260908_1053_多火点与余热点/02_激光打点与定位验证/01_事后打点候选/无人机01_1581F7K3C251800CYBVP/DJI_202609081117_006/DJI_20260908112321_0006_V.JPG,B4,uav-01,53HFM890M7X2RW,ZoomCamera,XML_ATTR:{http://www.dji.com/drone-dji/1.0/}RelativeAltitude,+25.871,raw_xmp_xml
@raw/04_第四批_20260908_1053_多火点与余热点/02_激光打点与定位验证/01_事后打点候选/无人机01_1581F7K3C251800CYBVP/DJI_202609081117_006/DJI_20260908112321_0006_V.JPG,B4,uav-01,53HFM890M7X2RW,ZoomCamera,XML_ATTR:{http://www.dji.com/drone-dji/1.0/}GimbalRollDegree,+0.00,raw_xmp_xml
@raw/04_第四批_20260908_1053_多火点与余热点/02_激光打点与定位验证/01_事后打点候选/无人机01_1581F7K3C251800CYBVP/DJI_202609081117_006/DJI_20260908112321_0006_V.JPG,B4,uav-01,53HFM890M7X2RW,ZoomCamera,XML_ATTR:{http://www.dji.com/drone-dji/1.0/}GimbalYawDegree,+86.10,raw_xmp_xml
@raw/04_第四批_20260908_1053_多火点与余热点/02_激光打点与定位验证/01_事后打点候选/无人机01_1581F7K3C251800CYBVP/DJI_202609081117_006/DJI_20260908112321_0006_V.JPG,B4,uav-01,53HFM890M7X2RW,ZoomCamera,XML_ATTR:{http://www.dji.com/drone-dji/1.0/}GimbalPitchDegree,-75.30,raw_xmp_xml
@raw/04_第四批_20260908_1053_多火点与余热点/02_激光打点与定位验证/01_事后打点候选/无人机01_1581F7K3C251800CYBVP/DJI_202609081117_006/DJI_20260908112321_0006_V.JPG,B4,uav-01,53HFM890M7X2RW,ZoomCamera,XML_ATTR:{http://www.dji.com/drone-dji/1.0/}FlightRollDegree,-7.00,raw_xmp_xml
@raw/04_第四批_20260908_1053_多火点与余热点/02_激光打点与定位验证/01_事后打点候选/无人机01_1581F7K3C251800CYBVP/DJI_202609081117_006/DJI_20260908112321_0006_V.JPG,B4,uav-01,53HFM890M7X2RW,ZoomCamera,XML_ATTR:{http://www.dji.com/drone-dji/1.0/}FlightYawDegree,+85.90,raw_xmp_xml
@raw/04_第四批_20260908_1053_多火点与余热点/02_激光打点与定位验证/01_事后打点候选/无人机01_1581F7K3C251800CYBVP/DJI_202609081117_006/DJI_20260908112321_0006_V.JPG,B4,uav-01,53HFM890M7X2RW,ZoomCamera,XML_ATTR:{http://www.dji.com/drone-dji/1.0/}FlightPitchDegree,-3.00,raw_xmp_xml
@raw/04_第四批_20260908_1053_多火点与余热点/02_激光打点与定位验证/01_事后打点候选/无人机01_1581F7K3C251800CYBVP/DJI_202609081117_006/DJI_20260908112321_0006_V.JPG,B4,uav-01,53HFM890M7X2RW,ZoomCamera,XML_ATTR:{http://www.dji.com/drone-dji/1.0/}FlightXSpeed,-0.1,raw_xmp_xml
@raw/04_第四批_20260908_1053_多火点与余热点/02_激光打点与定位验证/01_事后打点候选/无人机01_1581F7K3C251800CYBVP/DJI_202609081117_006/DJI_20260908112321_0006_V.JPG,B4,uav-01,53HFM890M7X2RW,ZoomCamera,XML_ATTR:{http://www.dji.com/drone-dji/1.0/}FlightYSpeed,0.0,raw_xmp_xml
@raw/04_第四批_20260908_1053_多火点与余热点/02_激光打点与定位验证/01_事后打点候选/无人机01_1581F7K3C251800CYBVP/DJI_202609081117_006/DJI_20260908112321_0006_V.JPG,B4,uav-01,53HFM890M7X2RW,ZoomCamera,XML_ATTR:{http://www.dji.com/drone-dji/1.0/}FlightZSpeed,0.0,raw_xmp_xml
@raw/04_第四批_20260908_1053_多火点与余热点/02_激光打点与定位验证/01_事后打点候选/无人机01_1581F7K3C251800CYBVP/DJI_202609081117_006/DJI_20260908112321_0006_V.JPG,B4,uav-01,53HFM890M7X2RW,ZoomCamera,XML_ATTR:{http://www.dji.com/drone-dji/1.0/}CamReverse,0,raw_xmp_xml
@raw/04_第四批_20260908_1053_多火点与余热点/02_激光打点与定位验证/01_事后打点候选/无人机01_1581F7K3C251800CYBVP/DJI_202609081117_006/DJI_20260908112321_0006_V.JPG,B4,uav-01,53HFM890M7X2RW,ZoomCamera,XML_ATTR:{http://www.dji.com/drone-dji/1.0/}GimbalReverse,0,raw_xmp_xml
@raw/04_第四批_20260908_1053_多火点与余热点/02_激光打点与定位验证/01_事后打点候选/无人机01_1581F7K3C251800CYBVP/DJI_202609081117_006/DJI_20260908112321_0006_V.JPG,B4,uav-01,53HFM890M7X2RW,ZoomCamera,XML_ATTR:{http://www.dji.com/drone-dji/1.0/}SensorTemperature,42.0,raw_xmp_xml
@raw/04_第四批_20260908_1053_多火点与余热点/02_激光打点与定位验证/01_事后打点候选/无人机01_1581F7K3C251800CYBVP/DJI_202609081117_006/DJI_20260908112321_0006_V.JPG,B4,uav-01,53HFM890M7X2RW,ZoomCamera,XML_ATTR:{http://www.dji.com/drone-dji/1.0/}ProductName,DJI Matrice 4T,raw_xmp_xml
@raw/04_第四批_20260908_1053_多火点与余热点/02_激光打点与定位验证/01_事后打点候选/无人机01_1581F7K3C251800CYBVP/DJI_202609081117_006/DJI_20260908112321_0006_V.JPG,B4,uav-01,53HFM890M7X2RW,ZoomCamera,XML_ATTR:{http://www.dji.com/drone-dji/1.0/}SelfData,,raw_xmp_xml
@raw/04_第四批_20260908_1053_多火点与余热点/02_激光打点与定位验证/01_事后打点候选/无人机01_1581F7K3C251800CYBVP/DJI_202609081117_006/DJI_20260908112321_0006_V.JPG,B4,uav-01,53HFM890M7X2RW,ZoomCamera,XML_ATTR:{http://www.dji.com/drone-dji/1.0/}SurveyingMode,0,raw_xmp_xml
@raw/04_第四批_20260908_1053_多火点与余热点/02_激光打点与定位验证/01_事后打点候选/无人机01_1581F7K3C251800CYBVP/DJI_202609081117_006/DJI_20260908112321_0006_V.JPG,B4,uav-01,53HFM890M7X2RW,ZoomCamera,XML_ATTR:{http://www.dji.com/drone-dji/1.0/}ShutterType,Electronic,raw_xmp_xml
@raw/04_第四批_20260908_1053_多火点与余热点/02_激光打点与定位验证/01_事后打点候选/无人机01_1581F7K3C251800CYBVP/DJI_202609081117_006/DJI_20260908112321_0006_V.JPG,B4,uav-01,53HFM890M7X2RW,ZoomCamera,XML_ATTR:{http://www.dji.com/drone-dji/1.0/}CameraSerialNumber,53HFM890M7X2RW,raw_xmp_xml
@raw/04_第四批_20260908_1053_多火点与余热点/02_激光打点与定位验证/01_事后打点候选/无人机01_1581F7K3C251800CYBVP/DJI_202609081117_006/DJI_20260908112321_0006_V.JPG,B4,uav-01,53HFM890M7X2RW,ZoomCamera,XML_ATTR:{http://www.dji.com/drone-dji/1.0/}DroneModel,M4T,raw_xmp_xml
@raw/04_第四批_20260908_1053_多火点与余热点/02_激光打点与定位验证/01_事后打点候选/无人机01_1581F7K3C251800CYBVP/DJI_202609081117_006/DJI_20260908112321_0006_V.JPG,B4,uav-01,53HFM890M7X2RW,ZoomCamera,XML_ATTR:{http://www.dji.com/drone-dji/1.0/}DroneSerialNumber,1581F7K3C251800CYBVP,raw_xmp_xml
@raw/04_第四批_20260908_1053_多火点与余热点/02_激光打点与定位验证/01_事后打点候选/无人机01_1581F7K3C251800CYBVP/DJI_202609081117_006/DJI_20260908112321_0006_V.JPG,B4,uav-01,53HFM890M7X2RW,ZoomCamera,XML_ATTR:{http://www.dji.com/drone-dji/1.0/}LRFStatus,Normal,raw_xmp_xml
@raw/04_第四批_20260908_1053_多火点与余热点/02_激光打点与定位验证/01_事后打点候选/无人机01_1581F7K3C251800CYBVP/DJI_202609081117_006/DJI_20260908112321_0006_V.JPG,B4,uav-01,53HFM890M7X2RW,ZoomCamera,XML_ATTR:{http://www.dji.com/drone-dji/1.0/}LRFTargetDistance,25.841,raw_xmp_xml
@raw/04_第四批_20260908_1053_多火点与余热点/02_激光打点与定位验证/01_事后打点候选/无人机01_1581F7K3C251800CYBVP/DJI_202609081117_006/DJI_20260908112321_0006_V.JPG,B4,uav-01,53HFM890M7X2RW,ZoomCamera,XML_ATTR:{http://www.dji.com/drone-dji/1.0/}LRFTargetLon,120.4728046,raw_xmp_xml
@raw/04_第四批_20260908_1053_多火点与余热点/02_激光打点与定位验证/01_事后打点候选/无人机01_1581F7K3C251800CYBVP/DJI_202609081117_006/DJI_20260908112321_0006_V.JPG,B4,uav-01,53HFM890M7X2RW,ZoomCamera,XML_ATTR:{http://www.dji.com/drone-dji/1.0/}LRFTargetLat,31.2894874,raw_xmp_xml
@raw/04_第四批_20260908_1053_多火点与余热点/02_激光打点与定位验证/01_事后打点候选/无人机01_1581F7K3C251800CYBVP/DJI_202609081117_006/DJI_20260908112321_0006_V.JPG,B4,uav-01,53HFM890M7X2RW,ZoomCamera,XML_ATTR:{http://www.dji.com/drone-dji/1.0/}LRFTargetAlt,0.821,raw_xmp_xml
@raw/04_第四批_20260908_1053_多火点与余热点/02_激光打点与定位验证/01_事后打点候选/无人机01_1581F7K3C251800CYBVP/DJI_202609081117_006/DJI_20260908112321_0006_V.JPG,B4,uav-01,53HFM890M7X2RW,ZoomCamera,XML_ATTR:{http://www.dji.com/drone-dji/1.0/}LRFTargetAbsAlt,52.100,raw_xmp_xml
@raw/04_第四批_20260908_1053_多火点与余热点/02_激光打点与定位验证/01_事后打点候选/无人机01_1581F7K3C251800CYBVP/DJI_202609081117_006/DJI_20260908112321_0006_V.JPG,B4,uav-01,53HFM890M7X2RW,ZoomCamera,XML_ATTR:{http://www.dji.com/drone-dji/1.0/}WhiteBalanceCCT,4250,raw_xmp_xml
@raw/04_第四批_20260908_1053_多火点与余热点/02_激光打点与定位验证/01_事后打点候选/无人机01_1581F7K3C251800CYBVP/DJI_202609081117_006/DJI_20260908112321_0006_V.JPG,B4,uav-01,53HFM890M7X2RW,ZoomCamera,XML_ATTR:{http://www.dji.com/drone-dji/1.0/}SensorFPS,2997/100,raw_xmp_xml
@raw/04_第四批_20260908_1053_多火点与余热点/02_激光打点与定位验证/01_事后打点候选/无人机01_1581F7K3C251800CYBVP/DJI_202609081117_006/DJI_20260908112321_0006_V.JPG,B4,uav-01,53HFM890M7X2RW,ZoomCamera,XML_ATTR:{http://www.dji.com/drone-dji/1.0/}LensPosition,33,raw_xmp_xml
@raw/04_第四批_20260908_1053_多火点与余热点/02_激光打点与定位验证/01_事后打点候选/无人机01_1581F7K3C251800CYBVP/DJI_202609081117_006/DJI_20260908112321_0006_V.JPG,B4,uav-01,53HFM890M7X2RW,ZoomCamera,XML_ATTR:{http://www.dji.com/drone-dji/1.0/}LensInfinitePosition,35,raw_xmp_xml
@raw/04_第四批_20260908_1053_多火点与余热点/02_激光打点与定位验证/01_事后打点候选/无人机01_1581F7K3C251800CYBVP/DJI_202609081117_006/DJI_20260908112321_0006_V.JPG,B4,uav-01,53HFM890M7X2RW,ZoomCamera,XML_ATTR:{http://www.dji.com/drone-dji/1.0/}LensTemperature,43.000000,raw_xmp_xml
@raw/04_第四批_20260908_1053_多火点与余热点/02_激光打点与定位验证/01_事后打点候选/无人机01_1581F7K3C251800CYBVP/DJI_202609081117_006/DJI_20260908112321_0006_V.JPG,B4,uav-01,53HFM890M7X2RW,ZoomCamera,XML_ATTR:{http://pix4d.com/camera/1.0}FileType,single,raw_xmp_xml
@raw/04_第四批_20260908_1053_多火点与余热点/02_激光打点与定位验证/01_事后打点候选/无人机01_1581F7K3C251800CYBVP/DJI_202609081117_006/DJI_20260908112321_0006_V.JPG,B4,uav-01,53HFM890M7X2RW,ZoomCamera,XML_ATTR:{http://ns.adobe.com/camera-raw-settings/1.0/}Version,7.0,raw_xmp_xml
@raw/04_第四批_20260908_1053_多火点与余热点/02_激光打点与定位验证/01_事后打点候选/无人机01_1581F7K3C251800CYBVP/DJI_202609081117_006/DJI_20260908112321_0006_V.JPG,B4,uav-01,53HFM890M7X2RW,ZoomCamera,XML_ATTR:{http://ns.adobe.com/camera-raw-settings/1.0/}HasSettings,False,raw_xmp_xml
@raw/04_第四批_20260908_1053_多火点与余热点/02_激光打点与定位验证/01_事后打点候选/无人机01_1581F7K3C251800CYBVP/DJI_202609081117_006/DJI_20260908112321_0006_V.JPG,B4,uav-01,53HFM890M7X2RW,ZoomCamera,XML_ATTR:{http://ns.adobe.com/camera-raw-settings/1.0/}HasCrop,False,raw_xmp_xml
@raw/04_第四批_20260908_1053_多火点与余热点/02_激光打点与定位验证/01_事后打点候选/无人机01_1581F7K3C251800CYBVP/DJI_202609081117_006/DJI_20260908112321_0006_V.JPG,B4,uav-01,53HFM890M7X2RW,ZoomCamera,XML_ATTR:{http://ns.adobe.com/camera-raw-settings/1.0/}AlreadyApplied,False,raw_xmp_xml
@raw/04_第四批_20260908_1053_多火点与余热点/02_激光打点与定位验证/01_事后打点候选/无人机01_1581F7K3C251800CYBVP/DJI_202609081117_006/DJI_20260908112332_0007_V.JPG,B4,uav-01,53HFM890M7X2RW,ZoomCamera,XMP-rdf:About,DJI Meta Data,exiftool
@raw/04_第四批_20260908_1053_多火点与余热点/02_激光打点与定位验证/01_事后打点候选/无人机01_1581F7K3C251800CYBVP/DJI_202609081117_006/DJI_20260908112332_0007_V.JPG,B4,uav-01,53HFM890M7X2RW,ZoomCamera,XMP-xmp:ModifyDate,2026:09:08 11:23:32+08:00,exiftool
@raw/04_第四批_20260908_1053_多火点与余热点/02_激光打点与定位验证/01_事后打点候选/无人机01_1581F7K3C251800CYBVP/DJI_202609081117_006/DJI_20260908112332_0007_V.JPG,B4,uav-01,53HFM890M7X2RW,ZoomCamera,XMP-xmp:CreateDate,2026:09:08 11:23:32+08:00,exiftool
@raw/04_第四批_20260908_1053_多火点与余热点/02_激光打点与定位验证/01_事后打点候选/无人机01_1581F7K3C251800CYBVP/DJI_202609081117_006/DJI_20260908112332_0007_V.JPG,B4,uav-01,53HFM890M7X2RW,ZoomCamera,XMP-tiff:Make,DJI,exiftool
@raw/04_第四批_20260908_1053_多火点与余热点/02_激光打点与定位验证/01_事后打点候选/无人机01_1581F7K3C251800CYBVP/DJI_202609081117_006/DJI_20260908112332_0007_V.JPG,B4,uav-01,53HFM890M7X2RW,ZoomCamera,XMP-tiff:Model,M4T,exiftool
@raw/04_第四批_20260908_1053_多火点与余热点/02_激光打点与定位验证/01_事后打点候选/无人机01_1581F7K3C251800CYBVP/DJI_202609081117_006/DJI_20260908112332_0007_V.JPG,B4,uav-01,53HFM890M7X2RW,ZoomCamera,XMP-dc:Format,image/jpeg,exiftool
@raw/04_第四批_20260908_1053_多火点与余热点/02_激光打点与定位验证/01_事后打点候选/无人机01_1581F7K3C251800CYBVP/DJI_202609081117_006/DJI_20260908112332_0007_V.JPG,B4,uav-01,53HFM890M7X2RW,ZoomCamera,XMP-drone-dji:Version,1.6,exiftool
@raw/04_第四批_20260908_1053_多火点与余热点/02_激光打点与定位验证/01_事后打点候选/无人机01_1581F7K3C251800CYBVP/DJI_202609081117_006/DJI_20260908112332_0007_V.JPG,B4,uav-01,53HFM890M7X2RW,ZoomCamera,XMP-drone-dji:ImageSource,ZoomCamera,exiftool
@raw/04_第四批_20260908_1053_多火点与余热点/02_激光打点与定位验证/01_事后打点候选/无人机01_1581F7K3C251800CYBVP/DJI_202609081117_006/DJI_20260908112332_0007_V.JPG,B4,uav-01,53HFM890M7X2RW,ZoomCamera,XMP-drone-dji:GpsStatus,Normal,exiftool
@raw/04_第四批_20260908_1053_多火点与余热点/02_激光打点与定位验证/01_事后打点候选/无人机01_1581F7K3C251800CYBVP/DJI_202609081117_006/DJI_20260908112332_0007_V.JPG,B4,uav-01,53HFM890M7X2RW,ZoomCamera,XMP-drone-dji:AltitudeType,GpsFusionAlt,exiftool
@raw/04_第四批_20260908_1053_多火点与余热点/02_激光打点与定位验证/01_事后打点候选/无人机01_1581F7K3C251800CYBVP/DJI_202609081117_006/DJI_20260908112332_0007_V.JPG,B4,uav-01,53HFM890M7X2RW,ZoomCamera,XMP-drone-dji:GPSLatitude,+31.289542507,exiftool
@raw/04_第四批_20260908_1053_多火点与余热点/02_激光打点与定位验证/01_事后打点候选/无人机01_1581F7K3C251800CYBVP/DJI_202609081117_006/DJI_20260908112332_0007_V.JPG,B4,uav-01,53HFM890M7X2RW,ZoomCamera,XMP-drone-dji:GPSLongitude,+120.472804944,exiftool
@raw/04_第四批_20260908_1053_多火点与余热点/02_激光打点与定位验证/01_事后打点候选/无人机01_1581F7K3C251800CYBVP/DJI_202609081117_006/DJI_20260908112332_0007_V.JPG,B4,uav-01,53HFM890M7X2RW,ZoomCamera,XMP-drone-dji:AbsoluteAltitude,+74.690,exiftool
@raw/04_第四批_20260908_1053_多火点与余热点/02_激光打点与定位验证/01_事后打点候选/无人机01_1581F7K3C251800CYBVP/DJI_202609081117_006/DJI_20260908112332_0007_V.JPG,B4,uav-01,53HFM890M7X2RW,ZoomCamera,XMP-drone-dji:RelativeAltitude,+23.411,exiftool
@raw/04_第四批_20260908_1053_多火点与余热点/02_激光打点与定位验证/01_事后打点候选/无人机01_1581F7K3C251800CYBVP/DJI_202609081117_006/DJI_20260908112332_0007_V.JPG,B4,uav-01,53HFM890M7X2RW,ZoomCamera,XMP-drone-dji:GimbalRollDegree,+0.00,exiftool
@raw/04_第四批_20260908_1053_多火点与余热点/02_激光打点与定位验证/01_事后打点候选/无人机01_1581F7K3C251800CYBVP/DJI_202609081117_006/DJI_20260908112332_0007_V.JPG,B4,uav-01,53HFM890M7X2RW,ZoomCamera,XMP-drone-dji:GimbalYawDegree,+176.20,exiftool
@raw/04_第四批_20260908_1053_多火点与余热点/02_激光打点与定位验证/01_事后打点候选/无人机01_1581F7K3C251800CYBVP/DJI_202609081117_006/DJI_20260908112332_0007_V.JPG,B4,uav-01,53HFM890M7X2RW,ZoomCamera,XMP-drone-dji:GimbalPitchDegree,-74.0,exiftool
@raw/04_第四批_20260908_1053_多火点与余热点/02_激光打点与定位验证/01_事后打点候选/无人机01_1581F7K3C251800CYBVP/DJI_202609081117_006/DJI_20260908112332_0007_V.JPG,B4,uav-01,53HFM890M7X2RW,ZoomCamera,XMP-drone-dji:FlightRollDegree,-1.9,exiftool
@raw/04_第四批_20260908_1053_多火点与余热点/02_激光打点与定位验证/01_事后打点候选/无人机01_1581F7K3C251800CYBVP/DJI_202609081117_006/DJI_20260908112332_0007_V.JPG,B4,uav-01,53HFM890M7X2RW,ZoomCamera,XMP-drone-dji:FlightYawDegree,+175.70,exiftool
@raw/04_第四批_20260908_1053_多火点与余热点/02_激光打点与定位验证/01_事后打点候选/无人机01_1581F7K3C251800CYBVP/DJI_202609081117_006/DJI_20260908112332_0007_V.JPG,B4,uav-01,53HFM890M7X2RW,ZoomCamera,XMP-drone-dji:FlightPitchDegree,+4.40,exiftool
@raw/04_第四批_20260908_1053_多火点与余热点/02_激光打点与定位验证/01_事后打点候选/无人机01_1581F7K3C251800CYBVP/DJI_202609081117_006/DJI_20260908112332_0007_V.JPG,B4,uav-01,53HFM890M7X2RW,ZoomCamera,XMP-drone-dji:FlightXSpeed,0.0,exiftool
@raw/04_第四批_20260908_1053_多火点与余热点/02_激光打点与定位验证/01_事后打点候选/无人机01_1581F7K3C251800CYBVP/DJI_202609081117_006/DJI_20260908112332_0007_V.JPG,B4,uav-01,53HFM890M7X2RW,ZoomCamera,XMP-drone-dji:FlightYSpeed,0.0,exiftool
@raw/04_第四批_20260908_1053_多火点与余热点/02_激光打点与定位验证/01_事后打点候选/无人机01_1581F7K3C251800CYBVP/DJI_202609081117_006/DJI_20260908112332_0007_V.JPG,B4,uav-01,53HFM890M7X2RW,ZoomCamera,XMP-drone-dji:FlightZSpeed,0.0,exiftool
@raw/04_第四批_20260908_1053_多火点与余热点/02_激光打点与定位验证/01_事后打点候选/无人机01_1581F7K3C251800CYBVP/DJI_202609081117_006/DJI_20260908112332_0007_V.JPG,B4,uav-01,53HFM890M7X2RW,ZoomCamera,XMP-drone-dji:CamReverse,0,exiftool
@raw/04_第四批_20260908_1053_多火点与余热点/02_激光打点与定位验证/01_事后打点候选/无人机01_1581F7K3C251800CYBVP/DJI_202609081117_006/DJI_20260908112332_0007_V.JPG,B4,uav-01,53HFM890M7X2RW,ZoomCamera,XMP-drone-dji:GimbalReverse,0,exiftool
@raw/04_第四批_20260908_1053_多火点与余热点/02_激光打点与定位验证/01_事后打点候选/无人机01_1581F7K3C251800CYBVP/DJI_202609081117_006/DJI_20260908112332_0007_V.JPG,B4,uav-01,53HFM890M7X2RW,ZoomCamera,XMP-drone-dji:SensorTemperature,42.0,exiftool
@raw/04_第四批_20260908_1053_多火点与余热点/02_激光打点与定位验证/01_事后打点候选/无人机01_1581F7K3C251800CYBVP/DJI_202609081117_006/DJI_20260908112332_0007_V.JPG,B4,uav-01,53HFM890M7X2RW,ZoomCamera,XMP-drone-dji:ProductName,DJI Matrice 4T,exiftool
@raw/04_第四批_20260908_1053_多火点与余热点/02_激光打点与定位验证/01_事后打点候选/无人机01_1581F7K3C251800CYBVP/DJI_202609081117_006/DJI_20260908112332_0007_V.JPG,B4,uav-01,53HFM890M7X2RW,ZoomCamera,XMP-drone-dji:SelfData,,exiftool
@raw/04_第四批_20260908_1053_多火点与余热点/02_激光打点与定位验证/01_事后打点候选/无人机01_1581F7K3C251800CYBVP/DJI_202609081117_006/DJI_20260908112332_0007_V.JPG,B4,uav-01,53HFM890M7X2RW,ZoomCamera,XMP-drone-dji:SurveyingMode,0,exiftool
@raw/04_第四批_20260908_1053_多火点与余热点/02_激光打点与定位验证/01_事后打点候选/无人机01_1581F7K3C251800CYBVP/DJI_202609081117_006/DJI_20260908112332_0007_V.JPG,B4,uav-01,53HFM890M7X2RW,ZoomCamera,XMP-drone-dji:ShutterType,Electronic,exiftool
@raw/04_第四批_20260908_1053_多火点与余热点/02_激光打点与定位验证/01_事后打点候选/无人机01_1581F7K3C251800CYBVP/DJI_202609081117_006/DJI_20260908112332_0007_V.JPG,B4,uav-01,53HFM890M7X2RW,ZoomCamera,XMP-drone-dji:CameraSerialNumber,53HFM890M7X2RW,exiftool
@raw/04_第四批_20260908_1053_多火点与余热点/02_激光打点与定位验证/01_事后打点候选/无人机01_1581F7K3C251800CYBVP/DJI_202609081117_006/DJI_20260908112332_0007_V.JPG,B4,uav-01,53HFM890M7X2RW,ZoomCamera,XMP-drone-dji:DroneModel,M4T,exiftool
@raw/04_第四批_20260908_1053_多火点与余热点/02_激光打点与定位验证/01_事后打点候选/无人机01_1581F7K3C251800CYBVP/DJI_202609081117_006/DJI_20260908112332_0007_V.JPG,B4,uav-01,53HFM890M7X2RW,ZoomCamera,XMP-drone-dji:DroneSerialNumber,1581F7K3C251800CYBVP,exiftool
@raw/04_第四批_20260908_1053_多火点与余热点/02_激光打点与定位验证/01_事后打点候选/无人机01_1581F7K3C251800CYBVP/DJI_202609081117_006/DJI_20260908112332_0007_V.JPG,B4,uav-01,53HFM890M7X2RW,ZoomCamera,XMP-drone-dji:LRFStatus,Normal,exiftool
@raw/04_第四批_20260908_1053_多火点与余热点/02_激光打点与定位验证/01_事后打点候选/无人机01_1581F7K3C251800CYBVP/DJI_202609081117_006/DJI_20260908112332_0007_V.JPG,B4,uav-01,53HFM890M7X2RW,ZoomCamera,XMP-drone-dji:LRFTargetDistance,23.335,exiftool
@raw/04_第四批_20260908_1053_多火点与余热点/02_激光打点与定位验证/01_事后打点候选/无人机01_1581F7K3C251800CYBVP/DJI_202609081117_006/DJI_20260908112332_0007_V.JPG,B4,uav-01,53HFM890M7X2RW,ZoomCamera,XMP-drone-dji:LRFTargetLon,120.4728095,exiftool
@raw/04_第四批_20260908_1053_多火点与余热点/02_激光打点与定位验证/01_事后打点候选/无人机01_1581F7K3C251800CYBVP/DJI_202609081117_006/DJI_20260908112332_0007_V.JPG,B4,uav-01,53HFM890M7X2RW,ZoomCamera,XMP-drone-dji:LRFTargetLat,31.2894847,exiftool
@raw/04_第四批_20260908_1053_多火点与余热点/02_激光打点与定位验证/01_事后打点候选/无人机01_1581F7K3C251800CYBVP/DJI_202609081117_006/DJI_20260908112332_0007_V.JPG,B4,uav-01,53HFM890M7X2RW,ZoomCamera,XMP-drone-dji:LRFTargetAlt,1.021,exiftool
@raw/04_第四批_20260908_1053_多火点与余热点/02_激光打点与定位验证/01_事后打点候选/无人机01_1581F7K3C251800CYBVP/DJI_202609081117_006/DJI_20260908112332_0007_V.JPG,B4,uav-01,53HFM890M7X2RW,ZoomCamera,XMP-drone-dji:LRFTargetAbsAlt,52.3,exiftool
@raw/04_第四批_20260908_1053_多火点与余热点/02_激光打点与定位验证/01_事后打点候选/无人机01_1581F7K3C251800CYBVP/DJI_202609081117_006/DJI_20260908112332_0007_V.JPG,B4,uav-01,53HFM890M7X2RW,ZoomCamera,XMP-drone-dji:WhiteBalanceCCT,4252,exiftool
@raw/04_第四批_20260908_1053_多火点与余热点/02_激光打点与定位验证/01_事后打点候选/无人机01_1581F7K3C251800CYBVP/DJI_202609081117_006/DJI_20260908112332_0007_V.JPG,B4,uav-01,53HFM890M7X2RW,ZoomCamera,XMP-drone-dji:SensorFPS,29.97,exiftool
@raw/04_第四批_20260908_1053_多火点与余热点/02_激光打点与定位验证/01_事后打点候选/无人机01_1581F7K3C251800CYBVP/DJI_202609081117_006/DJI_20260908112332_0007_V.JPG,B4,uav-01,53HFM890M7X2RW,ZoomCamera,XMP-drone-dji:LensPosition,33,exiftool
@raw/04_第四批_20260908_1053_多火点与余热点/02_激光打点与定位验证/01_事后打点候选/无人机01_1581F7K3C251800CYBVP/DJI_202609081117_006/DJI_20260908112332_0007_V.JPG,B4,uav-01,53HFM890M7X2RW,ZoomCamera,XMP-drone-dji:LensInfinitePosition,35,exiftool
@raw/04_第四批_20260908_1053_多火点与余热点/02_激光打点与定位验证/01_事后打点候选/无人机01_1581F7K3C251800CYBVP/DJI_202609081117_006/DJI_20260908112332_0007_V.JPG,B4,uav-01,53HFM890M7X2RW,ZoomCamera,XMP-drone-dji:LensTemperature,42.9,exiftool
@raw/04_第四批_20260908_1053_多火点与余热点/02_激光打点与定位验证/01_事后打点候选/无人机01_1581F7K3C251800CYBVP/DJI_202609081117_006/DJI_20260908112332_0007_V.JPG,B4,uav-01,53HFM890M7X2RW,ZoomCamera,XMP-Camera:FileType,single,exiftool
@raw/04_第四批_20260908_1053_多火点与余热点/02_激光打点与定位验证/01_事后打点候选/无人机01_1581F7K3C251800CYBVP/DJI_202609081117_006/DJI_20260908112332_0007_V.JPG,B4,uav-01,53HFM890M7X2RW,ZoomCamera,XMP-crs:Version,7.0,exiftool
@raw/04_第四批_20260908_1053_多火点与余热点/02_激光打点与定位验证/01_事后打点候选/无人机01_1581F7K3C251800CYBVP/DJI_202609081117_006/DJI_20260908112332_0007_V.JPG,B4,uav-01,53HFM890M7X2RW,ZoomCamera,XMP-crs:HasSettings,False,exiftool
@raw/04_第四批_20260908_1053_多火点与余热点/02_激光打点与定位验证/01_事后打点候选/无人机01_1581F7K3C251800CYBVP/DJI_202609081117_006/DJI_20260908112332_0007_V.JPG,B4,uav-01,53HFM890M7X2RW,ZoomCamera,XMP-crs:HasCrop,False,exiftool
@raw/04_第四批_20260908_1053_多火点与余热点/02_激光打点与定位验证/01_事后打点候选/无人机01_1581F7K3C251800CYBVP/DJI_202609081117_006/DJI_20260908112332_0007_V.JPG,B4,uav-01,53HFM890M7X2RW,ZoomCamera,XMP-crs:AlreadyApplied,False,exiftool
@raw/04_第四批_20260908_1053_多火点与余热点/02_激光打点与定位验证/01_事后打点候选/无人机01_1581F7K3C251800CYBVP/DJI_202609081117_006/DJI_20260908112332_0007_V.JPG,B4,uav-01,53HFM890M7X2RW,ZoomCamera,XML_ATTR:{http://www.w3.org/1999/02/22-rdf-syntax-ns#}about,DJI Meta Data,raw_xmp_xml
@raw/04_第四批_20260908_1053_多火点与余热点/02_激光打点与定位验证/01_事后打点候选/无人机01_1581F7K3C251800CYBVP/DJI_202609081117_006/DJI_20260908112332_0007_V.JPG,B4,uav-01,53HFM890M7X2RW,ZoomCamera,XML_ATTR:{http://ns.adobe.com/xap/1.0/}ModifyDate,2026-09-08T11:23:32+08:00,raw_xmp_xml
@raw/04_第四批_20260908_1053_多火点与余热点/02_激光打点与定位验证/01_事后打点候选/无人机01_1581F7K3C251800CYBVP/DJI_202609081117_006/DJI_20260908112332_0007_V.JPG,B4,uav-01,53HFM890M7X2RW,ZoomCamera,XML_ATTR:{http://ns.adobe.com/xap/1.0/}CreateDate,2026-09-08T11:23:32+08:00,raw_xmp_xml
@raw/04_第四批_20260908_1053_多火点与余热点/02_激光打点与定位验证/01_事后打点候选/无人机01_1581F7K3C251800CYBVP/DJI_202609081117_006/DJI_20260908112332_0007_V.JPG,B4,uav-01,53HFM890M7X2RW,ZoomCamera,XML_ATTR:{http://ns.adobe.com/tiff/1.0/}Make,DJI,raw_xmp_xml
@raw/04_第四批_20260908_1053_多火点与余热点/02_激光打点与定位验证/01_事后打点候选/无人机01_1581F7K3C251800CYBVP/DJI_202609081117_006/DJI_20260908112332_0007_V.JPG,B4,uav-01,53HFM890M7X2RW,ZoomCamera,XML_ATTR:{http://ns.adobe.com/tiff/1.0/}Model,M4T,raw_xmp_xml
@raw/04_第四批_20260908_1053_多火点与余热点/02_激光打点与定位验证/01_事后打点候选/无人机01_1581F7K3C251800CYBVP/DJI_202609081117_006/DJI_20260908112332_0007_V.JPG,B4,uav-01,53HFM890M7X2RW,ZoomCamera,XML_ATTR:{http://purl.org/dc/elements/1.1/}format,image/jpeg,raw_xmp_xml
@raw/04_第四批_20260908_1053_多火点与余热点/02_激光打点与定位验证/01_事后打点候选/无人机01_1581F7K3C251800CYBVP/DJI_202609081117_006/DJI_20260908112332_0007_V.JPG,B4,uav-01,53HFM890M7X2RW,ZoomCamera,XML_ATTR:{http://www.dji.com/drone-dji/1.0/}Version,1.6,raw_xmp_xml
@raw/04_第四批_20260908_1053_多火点与余热点/02_激光打点与定位验证/01_事后打点候选/无人机01_1581F7K3C251800CYBVP/DJI_202609081117_006/DJI_20260908112332_0007_V.JPG,B4,uav-01,53HFM890M7X2RW,ZoomCamera,XML_ATTR:{http://www.dji.com/drone-dji/1.0/}ImageSource,ZoomCamera,raw_xmp_xml
@raw/04_第四批_20260908_1053_多火点与余热点/02_激光打点与定位验证/01_事后打点候选/无人机01_1581F7K3C251800CYBVP/DJI_202609081117_006/DJI_20260908112332_0007_V.JPG,B4,uav-01,53HFM890M7X2RW,ZoomCamera,XML_ATTR:{http://www.dji.com/drone-dji/1.0/}GpsStatus,Normal,raw_xmp_xml
@raw/04_第四批_20260908_1053_多火点与余热点/02_激光打点与定位验证/01_事后打点候选/无人机01_1581F7K3C251800CYBVP/DJI_202609081117_006/DJI_20260908112332_0007_V.JPG,B4,uav-01,53HFM890M7X2RW,ZoomCamera,XML_ATTR:{http://www.dji.com/drone-dji/1.0/}AltitudeType,GpsFusionAlt,raw_xmp_xml
@raw/04_第四批_20260908_1053_多火点与余热点/02_激光打点与定位验证/01_事后打点候选/无人机01_1581F7K3C251800CYBVP/DJI_202609081117_006/DJI_20260908112332_0007_V.JPG,B4,uav-01,53HFM890M7X2RW,ZoomCamera,XML_ATTR:{http://www.dji.com/drone-dji/1.0/}GpsLatitude,+31.289542507,raw_xmp_xml
@raw/04_第四批_20260908_1053_多火点与余热点/02_激光打点与定位验证/01_事后打点候选/无人机01_1581F7K3C251800CYBVP/DJI_202609081117_006/DJI_20260908112332_0007_V.JPG,B4,uav-01,53HFM890M7X2RW,ZoomCamera,XML_ATTR:{http://www.dji.com/drone-dji/1.0/}GpsLongitude,+120.472804944,raw_xmp_xml
@raw/04_第四批_20260908_1053_多火点与余热点/02_激光打点与定位验证/01_事后打点候选/无人机01_1581F7K3C251800CYBVP/DJI_202609081117_006/DJI_20260908112332_0007_V.JPG,B4,uav-01,53HFM890M7X2RW,ZoomCamera,XML_ATTR:{http://www.dji.com/drone-dji/1.0/}AbsoluteAltitude,+74.690,raw_xmp_xml
@raw/04_第四批_20260908_1053_多火点与余热点/02_激光打点与定位验证/01_事后打点候选/无人机01_1581F7K3C251800CYBVP/DJI_202609081117_006/DJI_20260908112332_0007_V.JPG,B4,uav-01,53HFM890M7X2RW,ZoomCamera,XML_ATTR:{http://www.dji.com/drone-dji/1.0/}RelativeAltitude,+23.411,raw_xmp_xml
@raw/04_第四批_20260908_1053_多火点与余热点/02_激光打点与定位验证/01_事后打点候选/无人机01_1581F7K3C251800CYBVP/DJI_202609081117_006/DJI_20260908112332_0007_V.JPG,B4,uav-01,53HFM890M7X2RW,ZoomCamera,XML_ATTR:{http://www.dji.com/drone-dji/1.0/}GimbalRollDegree,+0.00,raw_xmp_xml
@raw/04_第四批_20260908_1053_多火点与余热点/02_激光打点与定位验证/01_事后打点候选/无人机01_1581F7K3C251800CYBVP/DJI_202609081117_006/DJI_20260908112332_0007_V.JPG,B4,uav-01,53HFM890M7X2RW,ZoomCamera,XML_ATTR:{http://www.dji.com/drone-dji/1.0/}GimbalYawDegree,+176.20,raw_xmp_xml
@raw/04_第四批_20260908_1053_多火点与余热点/02_激光打点与定位验证/01_事后打点候选/无人机01_1581F7K3C251800CYBVP/DJI_202609081117_006/DJI_20260908112332_0007_V.JPG,B4,uav-01,53HFM890M7X2RW,ZoomCamera,XML_ATTR:{http://www.dji.com/drone-dji/1.0/}GimbalPitchDegree,-74.00,raw_xmp_xml
@raw/04_第四批_20260908_1053_多火点与余热点/02_激光打点与定位验证/01_事后打点候选/无人机01_1581F7K3C251800CYBVP/DJI_202609081117_006/DJI_20260908112332_0007_V.JPG,B4,uav-01,53HFM890M7X2RW,ZoomCamera,XML_ATTR:{http://www.dji.com/drone-dji/1.0/}FlightRollDegree,-1.90,raw_xmp_xml
@raw/04_第四批_20260908_1053_多火点与余热点/02_激光打点与定位验证/01_事后打点候选/无人机01_1581F7K3C251800CYBVP/DJI_202609081117_006/DJI_20260908112332_0007_V.JPG,B4,uav-01,53HFM890M7X2RW,ZoomCamera,XML_ATTR:{http://www.dji.com/drone-dji/1.0/}FlightYawDegree,+175.70,raw_xmp_xml
@raw/04_第四批_20260908_1053_多火点与余热点/02_激光打点与定位验证/01_事后打点候选/无人机01_1581F7K3C251800CYBVP/DJI_202609081117_006/DJI_20260908112332_0007_V.JPG,B4,uav-01,53HFM890M7X2RW,ZoomCamera,XML_ATTR:{http://www.dji.com/drone-dji/1.0/}FlightPitchDegree,+4.40,raw_xmp_xml
@raw/04_第四批_20260908_1053_多火点与余热点/02_激光打点与定位验证/01_事后打点候选/无人机01_1581F7K3C251800CYBVP/DJI_202609081117_006/DJI_20260908112332_0007_V.JPG,B4,uav-01,53HFM890M7X2RW,ZoomCamera,XML_ATTR:{http://www.dji.com/drone-dji/1.0/}FlightXSpeed,0.0,raw_xmp_xml
@raw/04_第四批_20260908_1053_多火点与余热点/02_激光打点与定位验证/01_事后打点候选/无人机01_1581F7K3C251800CYBVP/DJI_202609081117_006/DJI_20260908112332_0007_V.JPG,B4,uav-01,53HFM890M7X2RW,ZoomCamera,XML_ATTR:{http://www.dji.com/drone-dji/1.0/}FlightYSpeed,0.0,raw_xmp_xml
@raw/04_第四批_20260908_1053_多火点与余热点/02_激光打点与定位验证/01_事后打点候选/无人机01_1581F7K3C251800CYBVP/DJI_202609081117_006/DJI_20260908112332_0007_V.JPG,B4,uav-01,53HFM890M7X2RW,ZoomCamera,XML_ATTR:{http://www.dji.com/drone-dji/1.0/}FlightZSpeed,0.0,raw_xmp_xml
@raw/04_第四批_20260908_1053_多火点与余热点/02_激光打点与定位验证/01_事后打点候选/无人机01_1581F7K3C251800CYBVP/DJI_202609081117_006/DJI_20260908112332_0007_V.JPG,B4,uav-01,53HFM890M7X2RW,ZoomCamera,XML_ATTR:{http://www.dji.com/drone-dji/1.0/}CamReverse,0,raw_xmp_xml
@raw/04_第四批_20260908_1053_多火点与余热点/02_激光打点与定位验证/01_事后打点候选/无人机01_1581F7K3C251800CYBVP/DJI_202609081117_006/DJI_20260908112332_0007_V.JPG,B4,uav-01,53HFM890M7X2RW,ZoomCamera,XML_ATTR:{http://www.dji.com/drone-dji/1.0/}GimbalReverse,0,raw_xmp_xml
@raw/04_第四批_20260908_1053_多火点与余热点/02_激光打点与定位验证/01_事后打点候选/无人机01_1581F7K3C251800CYBVP/DJI_202609081117_006/DJI_20260908112332_0007_V.JPG,B4,uav-01,53HFM890M7X2RW,ZoomCamera,XML_ATTR:{http://www.dji.com/drone-dji/1.0/}SensorTemperature,42.0,raw_xmp_xml
@raw/04_第四批_20260908_1053_多火点与余热点/02_激光打点与定位验证/01_事后打点候选/无人机01_1581F7K3C251800CYBVP/DJI_202609081117_006/DJI_20260908112332_0007_V.JPG,B4,uav-01,53HFM890M7X2RW,ZoomCamera,XML_ATTR:{http://www.dji.com/drone-dji/1.0/}ProductName,DJI Matrice 4T,raw_xmp_xml
@raw/04_第四批_20260908_1053_多火点与余热点/02_激光打点与定位验证/01_事后打点候选/无人机01_1581F7K3C251800CYBVP/DJI_202609081117_006/DJI_20260908112332_0007_V.JPG,B4,uav-01,53HFM890M7X2RW,ZoomCamera,XML_ATTR:{http://www.dji.com/drone-dji/1.0/}SelfData,,raw_xmp_xml
@raw/04_第四批_20260908_1053_多火点与余热点/02_激光打点与定位验证/01_事后打点候选/无人机01_1581F7K3C251800CYBVP/DJI_202609081117_006/DJI_20260908112332_0007_V.JPG,B4,uav-01,53HFM890M7X2RW,ZoomCamera,XML_ATTR:{http://www.dji.com/drone-dji/1.0/}SurveyingMode,0,raw_xmp_xml
@raw/04_第四批_20260908_1053_多火点与余热点/02_激光打点与定位验证/01_事后打点候选/无人机01_1581F7K3C251800CYBVP/DJI_202609081117_006/DJI_20260908112332_0007_V.JPG,B4,uav-01,53HFM890M7X2RW,ZoomCamera,XML_ATTR:{http://www.dji.com/drone-dji/1.0/}ShutterType,Electronic,raw_xmp_xml
@raw/04_第四批_20260908_1053_多火点与余热点/02_激光打点与定位验证/01_事后打点候选/无人机01_1581F7K3C251800CYBVP/DJI_202609081117_006/DJI_20260908112332_0007_V.JPG,B4,uav-01,53HFM890M7X2RW,ZoomCamera,XML_ATTR:{http://www.dji.com/drone-dji/1.0/}CameraSerialNumber,53HFM890M7X2RW,raw_xmp_xml
@raw/04_第四批_20260908_1053_多火点与余热点/02_激光打点与定位验证/01_事后打点候选/无人机01_1581F7K3C251800CYBVP/DJI_202609081117_006/DJI_20260908112332_0007_V.JPG,B4,uav-01,53HFM890M7X2RW,ZoomCamera,XML_ATTR:{http://www.dji.com/drone-dji/1.0/}DroneModel,M4T,raw_xmp_xml
@raw/04_第四批_20260908_1053_多火点与余热点/02_激光打点与定位验证/01_事后打点候选/无人机01_1581F7K3C251800CYBVP/DJI_202609081117_006/DJI_20260908112332_0007_V.JPG,B4,uav-01,53HFM890M7X2RW,ZoomCamera,XML_ATTR:{http://www.dji.com/drone-dji/1.0/}DroneSerialNumber,1581F7K3C251800CYBVP,raw_xmp_xml
@raw/04_第四批_20260908_1053_多火点与余热点/02_激光打点与定位验证/01_事后打点候选/无人机01_1581F7K3C251800CYBVP/DJI_202609081117_006/DJI_20260908112332_0007_V.JPG,B4,uav-01,53HFM890M7X2RW,ZoomCamera,XML_ATTR:{http://www.dji.com/drone-dji/1.0/}LRFStatus,Normal,raw_xmp_xml
@raw/04_第四批_20260908_1053_多火点与余热点/02_激光打点与定位验证/01_事后打点候选/无人机01_1581F7K3C251800CYBVP/DJI_202609081117_006/DJI_20260908112332_0007_V.JPG,B4,uav-01,53HFM890M7X2RW,ZoomCamera,XML_ATTR:{http://www.dji.com/drone-dji/1.0/}LRFTargetDistance,23.335,raw_xmp_xml
@raw/04_第四批_20260908_1053_多火点与余热点/02_激光打点与定位验证/01_事后打点候选/无人机01_1581F7K3C251800CYBVP/DJI_202609081117_006/DJI_20260908112332_0007_V.JPG,B4,uav-01,53HFM890M7X2RW,ZoomCamera,XML_ATTR:{http://www.dji.com/drone-dji/1.0/}LRFTargetLon,120.4728095,raw_xmp_xml
@raw/04_第四批_20260908_1053_多火点与余热点/02_激光打点与定位验证/01_事后打点候选/无人机01_1581F7K3C251800CYBVP/DJI_202609081117_006/DJI_20260908112332_0007_V.JPG,B4,uav-01,53HFM890M7X2RW,ZoomCamera,XML_ATTR:{http://www.dji.com/drone-dji/1.0/}LRFTargetLat,31.2894847,raw_xmp_xml
@raw/04_第四批_20260908_1053_多火点与余热点/02_激光打点与定位验证/01_事后打点候选/无人机01_1581F7K3C251800CYBVP/DJI_202609081117_006/DJI_20260908112332_0007_V.JPG,B4,uav-01,53HFM890M7X2RW,ZoomCamera,XML_ATTR:{http://www.dji.com/drone-dji/1.0/}LRFTargetAlt,1.021,raw_xmp_xml
@raw/04_第四批_20260908_1053_多火点与余热点/02_激光打点与定位验证/01_事后打点候选/无人机01_1581F7K3C251800CYBVP/DJI_202609081117_006/DJI_20260908112332_0007_V.JPG,B4,uav-01,53HFM890M7X2RW,ZoomCamera,XML_ATTR:{http://www.dji.com/drone-dji/1.0/}LRFTargetAbsAlt,52.300,raw_xmp_xml
@raw/04_第四批_20260908_1053_多火点与余热点/02_激光打点与定位验证/01_事后打点候选/无人机01_1581F7K3C251800CYBVP/DJI_202609081117_006/DJI_20260908112332_0007_V.JPG,B4,uav-01,53HFM890M7X2RW,ZoomCamera,XML_ATTR:{http://www.dji.com/drone-dji/1.0/}WhiteBalanceCCT,4252,raw_xmp_xml
@raw/04_第四批_20260908_1053_多火点与余热点/02_激光打点与定位验证/01_事后打点候选/无人机01_1581F7K3C251800CYBVP/DJI_202609081117_006/DJI_20260908112332_0007_V.JPG,B4,uav-01,53HFM890M7X2RW,ZoomCamera,XML_ATTR:{http://www.dji.com/drone-dji/1.0/}SensorFPS,2997/100,raw_xmp_xml
@raw/04_第四批_20260908_1053_多火点与余热点/02_激光打点与定位验证/01_事后打点候选/无人机01_1581F7K3C251800CYBVP/DJI_202609081117_006/DJI_20260908112332_0007_V.JPG,B4,uav-01,53HFM890M7X2RW,ZoomCamera,XML_ATTR:{http://www.dji.com/drone-dji/1.0/}LensPosition,33,raw_xmp_xml
@raw/04_第四批_20260908_1053_多火点与余热点/02_激光打点与定位验证/01_事后打点候选/无人机01_1581F7K3C251800CYBVP/DJI_202609081117_006/DJI_20260908112332_0007_V.JPG,B4,uav-01,53HFM890M7X2RW,ZoomCamera,XML_ATTR:{http://www.dji.com/drone-dji/1.0/}LensInfinitePosition,35,raw_xmp_xml
@raw/04_第四批_20260908_1053_多火点与余热点/02_激光打点与定位验证/01_事后打点候选/无人机01_1581F7K3C251800CYBVP/DJI_202609081117_006/DJI_20260908112332_0007_V.JPG,B4,uav-01,53HFM890M7X2RW,ZoomCamera,XML_ATTR:{http://www.dji.com/drone-dji/1.0/}LensTemperature,42.900000,raw_xmp_xml
@raw/04_第四批_20260908_1053_多火点与余热点/02_激光打点与定位验证/01_事后打点候选/无人机01_1581F7K3C251800CYBVP/DJI_202609081117_006/DJI_20260908112332_0007_V.JPG,B4,uav-01,53HFM890M7X2RW,ZoomCamera,XML_ATTR:{http://pix4d.com/camera/1.0}FileType,single,raw_xmp_xml
@raw/04_第四批_20260908_1053_多火点与余热点/02_激光打点与定位验证/01_事后打点候选/无人机01_1581F7K3C251800CYBVP/DJI_202609081117_006/DJI_20260908112332_0007_V.JPG,B4,uav-01,53HFM890M7X2RW,ZoomCamera,XML_ATTR:{http://ns.adobe.com/camera-raw-settings/1.0/}Version,7.0,raw_xmp_xml
@raw/04_第四批_20260908_1053_多火点与余热点/02_激光打点与定位验证/01_事后打点候选/无人机01_1581F7K3C251800CYBVP/DJI_202609081117_006/DJI_20260908112332_0007_V.JPG,B4,uav-01,53HFM890M7X2RW,ZoomCamera,XML_ATTR:{http://ns.adobe.com/camera-raw-settings/1.0/}HasSettings,False,raw_xmp_xml
@raw/04_第四批_20260908_1053_多火点与余热点/02_激光打点与定位验证/01_事后打点候选/无人机01_1581F7K3C251800CYBVP/DJI_202609081117_006/DJI_20260908112332_0007_V.JPG,B4,uav-01,53HFM890M7X2RW,ZoomCamera,XML_ATTR:{http://ns.adobe.com/camera-raw-settings/1.0/}HasCrop,False,raw_xmp_xml
@raw/04_第四批_20260908_1053_多火点与余热点/02_激光打点与定位验证/01_事后打点候选/无人机01_1581F7K3C251800CYBVP/DJI_202609081117_006/DJI_20260908112332_0007_V.JPG,B4,uav-01,53HFM890M7X2RW,ZoomCamera,XML_ATTR:{http://ns.adobe.com/camera-raw-settings/1.0/}AlreadyApplied,False,raw_xmp_xml
@raw/04_第四批_20260908_1053_多火点与余热点/02_激光打点与定位验证/01_事后打点候选/无人机01_1581F7K3C251800CYBVP/DJI_202609081117_006/DJI_20260908112338_0008_V.JPG,B4,uav-01,53HFM890M7X2RW,ZoomCamera,XMP-rdf:About,DJI Meta Data,exiftool
@raw/04_第四批_20260908_1053_多火点与余热点/02_激光打点与定位验证/01_事后打点候选/无人机01_1581F7K3C251800CYBVP/DJI_202609081117_006/DJI_20260908112338_0008_V.JPG,B4,uav-01,53HFM890M7X2RW,ZoomCamera,XMP-xmp:ModifyDate,2026:09:08 11:23:38+08:00,exiftool
@raw/04_第四批_20260908_1053_多火点与余热点/02_激光打点与定位验证/01_事后打点候选/无人机01_1581F7K3C251800CYBVP/DJI_202609081117_006/DJI_20260908112338_0008_V.JPG,B4,uav-01,53HFM890M7X2RW,ZoomCamera,XMP-xmp:CreateDate,2026:09:08 11:23:38+08:00,exiftool
@raw/04_第四批_20260908_1053_多火点与余热点/02_激光打点与定位验证/01_事后打点候选/无人机01_1581F7K3C251800CYBVP/DJI_202609081117_006/DJI_20260908112338_0008_V.JPG,B4,uav-01,53HFM890M7X2RW,ZoomCamera,XMP-tiff:Make,DJI,exiftool
@raw/04_第四批_20260908_1053_多火点与余热点/02_激光打点与定位验证/01_事后打点候选/无人机01_1581F7K3C251800CYBVP/DJI_202609081117_006/DJI_20260908112338_0008_V.JPG,B4,uav-01,53HFM890M7X2RW,ZoomCamera,XMP-tiff:Model,M4T,exiftool
@raw/04_第四批_20260908_1053_多火点与余热点/02_激光打点与定位验证/01_事后打点候选/无人机01_1581F7K3C251800CYBVP/DJI_202609081117_006/DJI_20260908112338_0008_V.JPG,B4,uav-01,53HFM890M7X2RW,ZoomCamera,XMP-dc:Format,image/jpeg,exiftool
@raw/04_第四批_20260908_1053_多火点与余热点/02_激光打点与定位验证/01_事后打点候选/无人机01_1581F7K3C251800CYBVP/DJI_202609081117_006/DJI_20260908112338_0008_V.JPG,B4,uav-01,53HFM890M7X2RW,ZoomCamera,XMP-drone-dji:Version,1.6,exiftool
@raw/04_第四批_20260908_1053_多火点与余热点/02_激光打点与定位验证/01_事后打点候选/无人机01_1581F7K3C251800CYBVP/DJI_202609081117_006/DJI_20260908112338_0008_V.JPG,B4,uav-01,53HFM890M7X2RW,ZoomCamera,XMP-drone-dji:ImageSource,ZoomCamera,exiftool
@raw/04_第四批_20260908_1053_多火点与余热点/02_激光打点与定位验证/01_事后打点候选/无人机01_1581F7K3C251800CYBVP/DJI_202609081117_006/DJI_20260908112338_0008_V.JPG,B4,uav-01,53HFM890M7X2RW,ZoomCamera,XMP-drone-dji:GpsStatus,Normal,exiftool
@raw/04_第四批_20260908_1053_多火点与余热点/02_激光打点与定位验证/01_事后打点候选/无人机01_1581F7K3C251800CYBVP/DJI_202609081117_006/DJI_20260908112338_0008_V.JPG,B4,uav-01,53HFM890M7X2RW,ZoomCamera,XMP-drone-dji:AltitudeType,GpsFusionAlt,exiftool
@raw/04_第四批_20260908_1053_多火点与余热点/02_激光打点与定位验证/01_事后打点候选/无人机01_1581F7K3C251800CYBVP/DJI_202609081117_006/DJI_20260908112338_0008_V.JPG,B4,uav-01,53HFM890M7X2RW,ZoomCamera,XMP-drone-dji:GPSLatitude,+31.289542766,exiftool
@raw/04_第四批_20260908_1053_多火点与余热点/02_激光打点与定位验证/01_事后打点候选/无人机01_1581F7K3C251800CYBVP/DJI_202609081117_006/DJI_20260908112338_0008_V.JPG,B4,uav-01,53HFM890M7X2RW,ZoomCamera,XMP-drone-dji:GPSLongitude,+120.472804795,exiftool
@raw/04_第四批_20260908_1053_多火点与余热点/02_激光打点与定位验证/01_事后打点候选/无人机01_1581F7K3C251800CYBVP/DJI_202609081117_006/DJI_20260908112338_0008_V.JPG,B4,uav-01,53HFM890M7X2RW,ZoomCamera,XMP-drone-dji:AbsoluteAltitude,+72.748,exiftool
@raw/04_第四批_20260908_1053_多火点与余热点/02_激光打点与定位验证/01_事后打点候选/无人机01_1581F7K3C251800CYBVP/DJI_202609081117_006/DJI_20260908112338_0008_V.JPG,B4,uav-01,53HFM890M7X2RW,ZoomCamera,XMP-drone-dji:RelativeAltitude,+21.469,exiftool
@raw/04_第四批_20260908_1053_多火点与余热点/02_激光打点与定位验证/01_事后打点候选/无人机01_1581F7K3C251800CYBVP/DJI_202609081117_006/DJI_20260908112338_0008_V.JPG,B4,uav-01,53HFM890M7X2RW,ZoomCamera,XMP-drone-dji:GimbalRollDegree,+0.00,exiftool
@raw/04_第四批_20260908_1053_多火点与余热点/02_激光打点与定位验证/01_事后打点候选/无人机01_1581F7K3C251800CYBVP/DJI_202609081117_006/DJI_20260908112338_0008_V.JPG,B4,uav-01,53HFM890M7X2RW,ZoomCamera,XMP-drone-dji:GimbalYawDegree,+177.70,exiftool
@raw/04_第四批_20260908_1053_多火点与余热点/02_激光打点与定位验证/01_事后打点候选/无人机01_1581F7K3C251800CYBVP/DJI_202609081117_006/DJI_20260908112338_0008_V.JPG,B4,uav-01,53HFM890M7X2RW,ZoomCamera,XMP-drone-dji:GimbalPitchDegree,-72.5,exiftool
@raw/04_第四批_20260908_1053_多火点与余热点/02_激光打点与定位验证/01_事后打点候选/无人机01_1581F7K3C251800CYBVP/DJI_202609081117_006/DJI_20260908112338_0008_V.JPG,B4,uav-01,53HFM890M7X2RW,ZoomCamera,XMP-drone-dji:FlightRollDegree,-4.7,exiftool
@raw/04_第四批_20260908_1053_多火点与余热点/02_激光打点与定位验证/01_事后打点候选/无人机01_1581F7K3C251800CYBVP/DJI_202609081117_006/DJI_20260908112338_0008_V.JPG,B4,uav-01,53HFM890M7X2RW,ZoomCamera,XMP-drone-dji:FlightYawDegree,+177.80,exiftool
@raw/04_第四批_20260908_1053_多火点与余热点/02_激光打点与定位验证/01_事后打点候选/无人机01_1581F7K3C251800CYBVP/DJI_202609081117_006/DJI_20260908112338_0008_V.JPG,B4,uav-01,53HFM890M7X2RW,ZoomCamera,XMP-drone-dji:FlightPitchDegree,+2.30,exiftool
@raw/04_第四批_20260908_1053_多火点与余热点/02_激光打点与定位验证/01_事后打点候选/无人机01_1581F7K3C251800CYBVP/DJI_202609081117_006/DJI_20260908112338_0008_V.JPG,B4,uav-01,53HFM890M7X2RW,ZoomCamera,XMP-drone-dji:FlightXSpeed,0.1,exiftool
@raw/04_第四批_20260908_1053_多火点与余热点/02_激光打点与定位验证/01_事后打点候选/无人机01_1581F7K3C251800CYBVP/DJI_202609081117_006/DJI_20260908112338_0008_V.JPG,B4,uav-01,53HFM890M7X2RW,ZoomCamera,XMP-drone-dji:FlightYSpeed,0.1,exiftool
@raw/04_第四批_20260908_1053_多火点与余热点/02_激光打点与定位验证/01_事后打点候选/无人机01_1581F7K3C251800CYBVP/DJI_202609081117_006/DJI_20260908112338_0008_V.JPG,B4,uav-01,53HFM890M7X2RW,ZoomCamera,XMP-drone-dji:FlightZSpeed,0.0,exiftool
@raw/04_第四批_20260908_1053_多火点与余热点/02_激光打点与定位验证/01_事后打点候选/无人机01_1581F7K3C251800CYBVP/DJI_202609081117_006/DJI_20260908112338_0008_V.JPG,B4,uav-01,53HFM890M7X2RW,ZoomCamera,XMP-drone-dji:CamReverse,0,exiftool
@raw/04_第四批_20260908_1053_多火点与余热点/02_激光打点与定位验证/01_事后打点候选/无人机01_1581F7K3C251800CYBVP/DJI_202609081117_006/DJI_20260908112338_0008_V.JPG,B4,uav-01,53HFM890M7X2RW,ZoomCamera,XMP-drone-dji:GimbalReverse,0,exiftool
@raw/04_第四批_20260908_1053_多火点与余热点/02_激光打点与定位验证/01_事后打点候选/无人机01_1581F7K3C251800CYBVP/DJI_202609081117_006/DJI_20260908112338_0008_V.JPG,B4,uav-01,53HFM890M7X2RW,ZoomCamera,XMP-drone-dji:SensorTemperature,41.0,exiftool
@raw/04_第四批_20260908_1053_多火点与余热点/02_激光打点与定位验证/01_事后打点候选/无人机01_1581F7K3C251800CYBVP/DJI_202609081117_006/DJI_20260908112338_0008_V.JPG,B4,uav-01,53HFM890M7X2RW,ZoomCamera,XMP-drone-dji:ProductName,DJI Matrice 4T,exiftool
@raw/04_第四批_20260908_1053_多火点与余热点/02_激光打点与定位验证/01_事后打点候选/无人机01_1581F7K3C251800CYBVP/DJI_202609081117_006/DJI_20260908112338_0008_V.JPG,B4,uav-01,53HFM890M7X2RW,ZoomCamera,XMP-drone-dji:SelfData,,exiftool
@raw/04_第四批_20260908_1053_多火点与余热点/02_激光打点与定位验证/01_事后打点候选/无人机01_1581F7K3C251800CYBVP/DJI_202609081117_006/DJI_20260908112338_0008_V.JPG,B4,uav-01,53HFM890M7X2RW,ZoomCamera,XMP-drone-dji:SurveyingMode,0,exiftool
@raw/04_第四批_20260908_1053_多火点与余热点/02_激光打点与定位验证/01_事后打点候选/无人机01_1581F7K3C251800CYBVP/DJI_202609081117_006/DJI_20260908112338_0008_V.JPG,B4,uav-01,53HFM890M7X2RW,ZoomCamera,XMP-drone-dji:ShutterType,Electronic,exiftool
@raw/04_第四批_20260908_1053_多火点与余热点/02_激光打点与定位验证/01_事后打点候选/无人机01_1581F7K3C251800CYBVP/DJI_202609081117_006/DJI_20260908112338_0008_V.JPG,B4,uav-01,53HFM890M7X2RW,ZoomCamera,XMP-drone-dji:CameraSerialNumber,53HFM890M7X2RW,exiftool
@raw/04_第四批_20260908_1053_多火点与余热点/02_激光打点与定位验证/01_事后打点候选/无人机01_1581F7K3C251800CYBVP/DJI_202609081117_006/DJI_20260908112338_0008_V.JPG,B4,uav-01,53HFM890M7X2RW,ZoomCamera,XMP-drone-dji:DroneModel,M4T,exiftool
@raw/04_第四批_20260908_1053_多火点与余热点/02_激光打点与定位验证/01_事后打点候选/无人机01_1581F7K3C251800CYBVP/DJI_202609081117_006/DJI_20260908112338_0008_V.JPG,B4,uav-01,53HFM890M7X2RW,ZoomCamera,XMP-drone-dji:DroneSerialNumber,1581F7K3C251800CYBVP,exiftool
@raw/04_第四批_20260908_1053_多火点与余热点/02_激光打点与定位验证/01_事后打点候选/无人机01_1581F7K3C251800CYBVP/DJI_202609081117_006/DJI_20260908112338_0008_V.JPG,B4,uav-01,53HFM890M7X2RW,ZoomCamera,XMP-drone-dji:LRFStatus,Normal,exiftool
@raw/04_第四批_20260908_1053_多火点与余热点/02_激光打点与定位验证/01_事后打点候选/无人机01_1581F7K3C251800CYBVP/DJI_202609081117_006/DJI_20260908112338_0008_V.JPG,B4,uav-01,53HFM890M7X2RW,ZoomCamera,XMP-drone-dji:LRFTargetDistance,21.425,exiftool
@raw/04_第四批_20260908_1053_多火点与余热点/02_激光打点与定位验证/01_事后打点候选/无人机01_1581F7K3C251800CYBVP/DJI_202609081117_006/DJI_20260908112338_0008_V.JPG,B4,uav-01,53HFM890M7X2RW,ZoomCamera,XMP-drone-dji:LRFTargetLon,120.4728075,exiftool
@raw/04_第四批_20260908_1053_多火点与余热点/02_激光打点与定位验证/01_事后打点候选/无人机01_1581F7K3C251800CYBVP/DJI_202609081117_006/DJI_20260908112338_0008_V.JPG,B4,uav-01,53HFM890M7X2RW,ZoomCamera,XMP-drone-dji:LRFTargetLat,31.2894848,exiftool
@raw/04_第四批_20260908_1053_多火点与余热点/02_激光打点与定位验证/01_事后打点候选/无人机01_1581F7K3C251800CYBVP/DJI_202609081117_006/DJI_20260908112338_0008_V.JPG,B4,uav-01,53HFM890M7X2RW,ZoomCamera,XMP-drone-dji:LRFTargetAlt,1.021,exiftool
@raw/04_第四批_20260908_1053_多火点与余热点/02_激光打点与定位验证/01_事后打点候选/无人机01_1581F7K3C251800CYBVP/DJI_202609081117_006/DJI_20260908112338_0008_V.JPG,B4,uav-01,53HFM890M7X2RW,ZoomCamera,XMP-drone-dji:LRFTargetAbsAlt,52.3,exiftool
@raw/04_第四批_20260908_1053_多火点与余热点/02_激光打点与定位验证/01_事后打点候选/无人机01_1581F7K3C251800CYBVP/DJI_202609081117_006/DJI_20260908112338_0008_V.JPG,B4,uav-01,53HFM890M7X2RW,ZoomCamera,XMP-drone-dji:WhiteBalanceCCT,4273,exiftool
@raw/04_第四批_20260908_1053_多火点与余热点/02_激光打点与定位验证/01_事后打点候选/无人机01_1581F7K3C251800CYBVP/DJI_202609081117_006/DJI_20260908112338_0008_V.JPG,B4,uav-01,53HFM890M7X2RW,ZoomCamera,XMP-drone-dji:SensorFPS,29.97,exiftool
@raw/04_第四批_20260908_1053_多火点与余热点/02_激光打点与定位验证/01_事后打点候选/无人机01_1581F7K3C251800CYBVP/DJI_202609081117_006/DJI_20260908112338_0008_V.JPG,B4,uav-01,53HFM890M7X2RW,ZoomCamera,XMP-drone-dji:LensPosition,33,exiftool
@raw/04_第四批_20260908_1053_多火点与余热点/02_激光打点与定位验证/01_事后打点候选/无人机01_1581F7K3C251800CYBVP/DJI_202609081117_006/DJI_20260908112338_0008_V.JPG,B4,uav-01,53HFM890M7X2RW,ZoomCamera,XMP-drone-dji:LensInfinitePosition,35,exiftool
@raw/04_第四批_20260908_1053_多火点与余热点/02_激光打点与定位验证/01_事后打点候选/无人机01_1581F7K3C251800CYBVP/DJI_202609081117_006/DJI_20260908112338_0008_V.JPG,B4,uav-01,53HFM890M7X2RW,ZoomCamera,XMP-drone-dji:LensTemperature,42.9,exiftool
@raw/04_第四批_20260908_1053_多火点与余热点/02_激光打点与定位验证/01_事后打点候选/无人机01_1581F7K3C251800CYBVP/DJI_202609081117_006/DJI_20260908112338_0008_V.JPG,B4,uav-01,53HFM890M7X2RW,ZoomCamera,XMP-Camera:FileType,single,exiftool
@raw/04_第四批_20260908_1053_多火点与余热点/02_激光打点与定位验证/01_事后打点候选/无人机01_1581F7K3C251800CYBVP/DJI_202609081117_006/DJI_20260908112338_0008_V.JPG,B4,uav-01,53HFM890M7X2RW,ZoomCamera,XMP-crs:Version,7.0,exiftool
@raw/04_第四批_20260908_1053_多火点与余热点/02_激光打点与定位验证/01_事后打点候选/无人机01_1581F7K3C251800CYBVP/DJI_202609081117_006/DJI_20260908112338_0008_V.JPG,B4,uav-01,53HFM890M7X2RW,ZoomCamera,XMP-crs:HasSettings,False,exiftool
@raw/04_第四批_20260908_1053_多火点与余热点/02_激光打点与定位验证/01_事后打点候选/无人机01_1581F7K3C251800CYBVP/DJI_202609081117_006/DJI_20260908112338_0008_V.JPG,B4,uav-01,53HFM890M7X2RW,ZoomCamera,XMP-crs:HasCrop,False,exiftool
@raw/04_第四批_20260908_1053_多火点与余热点/02_激光打点与定位验证/01_事后打点候选/无人机01_1581F7K3C251800CYBVP/DJI_202609081117_006/DJI_20260908112338_0008_V.JPG,B4,uav-01,53HFM890M7X2RW,ZoomCamera,XMP-crs:AlreadyApplied,False,exiftool
@raw/04_第四批_20260908_1053_多火点与余热点/02_激光打点与定位验证/01_事后打点候选/无人机01_1581F7K3C251800CYBVP/DJI_202609081117_006/DJI_20260908112338_0008_V.JPG,B4,uav-01,53HFM890M7X2RW,ZoomCamera,XML_ATTR:{http://www.w3.org/1999/02/22-rdf-syntax-ns#}about,DJI Meta Data,raw_xmp_xml
@raw/04_第四批_20260908_1053_多火点与余热点/02_激光打点与定位验证/01_事后打点候选/无人机01_1581F7K3C251800CYBVP/DJI_202609081117_006/DJI_20260908112338_0008_V.JPG,B4,uav-01,53HFM890M7X2RW,ZoomCamera,XML_ATTR:{http://ns.adobe.com/xap/1.0/}ModifyDate,2026-09-08T11:23:38+08:00,raw_xmp_xml
@raw/04_第四批_20260908_1053_多火点与余热点/02_激光打点与定位验证/01_事后打点候选/无人机01_1581F7K3C251800CYBVP/DJI_202609081117_006/DJI_20260908112338_0008_V.JPG,B4,uav-01,53HFM890M7X2RW,ZoomCamera,XML_ATTR:{http://ns.adobe.com/xap/1.0/}CreateDate,2026-09-08T11:23:38+08:00,raw_xmp_xml
@raw/04_第四批_20260908_1053_多火点与余热点/02_激光打点与定位验证/01_事后打点候选/无人机01_1581F7K3C251800CYBVP/DJI_202609081117_006/DJI_20260908112338_0008_V.JPG,B4,uav-01,53HFM890M7X2RW,ZoomCamera,XML_ATTR:{http://ns.adobe.com/tiff/1.0/}Make,DJI,raw_xmp_xml
@raw/04_第四批_20260908_1053_多火点与余热点/02_激光打点与定位验证/01_事后打点候选/无人机01_1581F7K3C251800CYBVP/DJI_202609081117_006/DJI_20260908112338_0008_V.JPG,B4,uav-01,53HFM890M7X2RW,ZoomCamera,XML_ATTR:{http://ns.adobe.com/tiff/1.0/}Model,M4T,raw_xmp_xml
@raw/04_第四批_20260908_1053_多火点与余热点/02_激光打点与定位验证/01_事后打点候选/无人机01_1581F7K3C251800CYBVP/DJI_202609081117_006/DJI_20260908112338_0008_V.JPG,B4,uav-01,53HFM890M7X2RW,ZoomCamera,XML_ATTR:{http://purl.org/dc/elements/1.1/}format,image/jpeg,raw_xmp_xml
@raw/04_第四批_20260908_1053_多火点与余热点/02_激光打点与定位验证/01_事后打点候选/无人机01_1581F7K3C251800CYBVP/DJI_202609081117_006/DJI_20260908112338_0008_V.JPG,B4,uav-01,53HFM890M7X2RW,ZoomCamera,XML_ATTR:{http://www.dji.com/drone-dji/1.0/}Version,1.6,raw_xmp_xml
@raw/04_第四批_20260908_1053_多火点与余热点/02_激光打点与定位验证/01_事后打点候选/无人机01_1581F7K3C251800CYBVP/DJI_202609081117_006/DJI_20260908112338_0008_V.JPG,B4,uav-01,53HFM890M7X2RW,ZoomCamera,XML_ATTR:{http://www.dji.com/drone-dji/1.0/}ImageSource,ZoomCamera,raw_xmp_xml
@raw/04_第四批_20260908_1053_多火点与余热点/02_激光打点与定位验证/01_事后打点候选/无人机01_1581F7K3C251800CYBVP/DJI_202609081117_006/DJI_20260908112338_0008_V.JPG,B4,uav-01,53HFM890M7X2RW,ZoomCamera,XML_ATTR:{http://www.dji.com/drone-dji/1.0/}GpsStatus,Normal,raw_xmp_xml
@raw/04_第四批_20260908_1053_多火点与余热点/02_激光打点与定位验证/01_事后打点候选/无人机01_1581F7K3C251800CYBVP/DJI_202609081117_006/DJI_20260908112338_0008_V.JPG,B4,uav-01,53HFM890M7X2RW,ZoomCamera,XML_ATTR:{http://www.dji.com/drone-dji/1.0/}AltitudeType,GpsFusionAlt,raw_xmp_xml
@raw/04_第四批_20260908_1053_多火点与余热点/02_激光打点与定位验证/01_事后打点候选/无人机01_1581F7K3C251800CYBVP/DJI_202609081117_006/DJI_20260908112338_0008_V.JPG,B4,uav-01,53HFM890M7X2RW,ZoomCamera,XML_ATTR:{http://www.dji.com/drone-dji/1.0/}GpsLatitude,+31.289542766,raw_xmp_xml
@raw/04_第四批_20260908_1053_多火点与余热点/02_激光打点与定位验证/01_事后打点候选/无人机01_1581F7K3C251800CYBVP/DJI_202609081117_006/DJI_20260908112338_0008_V.JPG,B4,uav-01,53HFM890M7X2RW,ZoomCamera,XML_ATTR:{http://www.dji.com/drone-dji/1.0/}GpsLongitude,+120.472804795,raw_xmp_xml
@raw/04_第四批_20260908_1053_多火点与余热点/02_激光打点与定位验证/01_事后打点候选/无人机01_1581F7K3C251800CYBVP/DJI_202609081117_006/DJI_20260908112338_0008_V.JPG,B4,uav-01,53HFM890M7X2RW,ZoomCamera,XML_ATTR:{http://www.dji.com/drone-dji/1.0/}AbsoluteAltitude,+72.748,raw_xmp_xml
@raw/04_第四批_20260908_1053_多火点与余热点/02_激光打点与定位验证/01_事后打点候选/无人机01_1581F7K3C251800CYBVP/DJI_202609081117_006/DJI_20260908112338_0008_V.JPG,B4,uav-01,53HFM890M7X2RW,ZoomCamera,XML_ATTR:{http://www.dji.com/drone-dji/1.0/}RelativeAltitude,+21.469,raw_xmp_xml
@raw/04_第四批_20260908_1053_多火点与余热点/02_激光打点与定位验证/01_事后打点候选/无人机01_1581F7K3C251800CYBVP/DJI_202609081117_006/DJI_20260908112338_0008_V.JPG,B4,uav-01,53HFM890M7X2RW,ZoomCamera,XML_ATTR:{http://www.dji.com/drone-dji/1.0/}GimbalRollDegree,+0.00,raw_xmp_xml
@raw/04_第四批_20260908_1053_多火点与余热点/02_激光打点与定位验证/01_事后打点候选/无人机01_1581F7K3C251800CYBVP/DJI_202609081117_006/DJI_20260908112338_0008_V.JPG,B4,uav-01,53HFM890M7X2RW,ZoomCamera,XML_ATTR:{http://www.dji.com/drone-dji/1.0/}GimbalYawDegree,+177.70,raw_xmp_xml
@raw/04_第四批_20260908_1053_多火点与余热点/02_激光打点与定位验证/01_事后打点候选/无人机01_1581F7K3C251800CYBVP/DJI_202609081117_006/DJI_20260908112338_0008_V.JPG,B4,uav-01,53HFM890M7X2RW,ZoomCamera,XML_ATTR:{http://www.dji.com/drone-dji/1.0/}GimbalPitchDegree,-72.50,raw_xmp_xml
@raw/04_第四批_20260908_1053_多火点与余热点/02_激光打点与定位验证/01_事后打点候选/无人机01_1581F7K3C251800CYBVP/DJI_202609081117_006/DJI_20260908112338_0008_V.JPG,B4,uav-01,53HFM890M7X2RW,ZoomCamera,XML_ATTR:{http://www.dji.com/drone-dji/1.0/}FlightRollDegree,-4.70,raw_xmp_xml
@raw/04_第四批_20260908_1053_多火点与余热点/02_激光打点与定位验证/01_事后打点候选/无人机01_1581F7K3C251800CYBVP/DJI_202609081117_006/DJI_20260908112338_0008_V.JPG,B4,uav-01,53HFM890M7X2RW,ZoomCamera,XML_ATTR:{http://www.dji.com/drone-dji/1.0/}FlightYawDegree,+177.80,raw_xmp_xml
@raw/04_第四批_20260908_1053_多火点与余热点/02_激光打点与定位验证/01_事后打点候选/无人机01_1581F7K3C251800CYBVP/DJI_202609081117_006/DJI_20260908112338_0008_V.JPG,B4,uav-01,53HFM890M7X2RW,ZoomCamera,XML_ATTR:{http://www.dji.com/drone-dji/1.0/}FlightPitchDegree,+2.30,raw_xmp_xml
@raw/04_第四批_20260908_1053_多火点与余热点/02_激光打点与定位验证/01_事后打点候选/无人机01_1581F7K3C251800CYBVP/DJI_202609081117_006/DJI_20260908112338_0008_V.JPG,B4,uav-01,53HFM890M7X2RW,ZoomCamera,XML_ATTR:{http://www.dji.com/drone-dji/1.0/}FlightXSpeed,0.1,raw_xmp_xml
@raw/04_第四批_20260908_1053_多火点与余热点/02_激光打点与定位验证/01_事后打点候选/无人机01_1581F7K3C251800CYBVP/DJI_202609081117_006/DJI_20260908112338_0008_V.JPG,B4,uav-01,53HFM890M7X2RW,ZoomCamera,XML_ATTR:{http://www.dji.com/drone-dji/1.0/}FlightYSpeed,0.1,raw_xmp_xml
@raw/04_第四批_20260908_1053_多火点与余热点/02_激光打点与定位验证/01_事后打点候选/无人机01_1581F7K3C251800CYBVP/DJI_202609081117_006/DJI_20260908112338_0008_V.JPG,B4,uav-01,53HFM890M7X2RW,ZoomCamera,XML_ATTR:{http://www.dji.com/drone-dji/1.0/}FlightZSpeed,0.0,raw_xmp_xml
@raw/04_第四批_20260908_1053_多火点与余热点/02_激光打点与定位验证/01_事后打点候选/无人机01_1581F7K3C251800CYBVP/DJI_202609081117_006/DJI_20260908112338_0008_V.JPG,B4,uav-01,53HFM890M7X2RW,ZoomCamera,XML_ATTR:{http://www.dji.com/drone-dji/1.0/}CamReverse,0,raw_xmp_xml
@raw/04_第四批_20260908_1053_多火点与余热点/02_激光打点与定位验证/01_事后打点候选/无人机01_1581F7K3C251800CYBVP/DJI_202609081117_006/DJI_20260908112338_0008_V.JPG,B4,uav-01,53HFM890M7X2RW,ZoomCamera,XML_ATTR:{http://www.dji.com/drone-dji/1.0/}GimbalReverse,0,raw_xmp_xml
@raw/04_第四批_20260908_1053_多火点与余热点/02_激光打点与定位验证/01_事后打点候选/无人机01_1581F7K3C251800CYBVP/DJI_202609081117_006/DJI_20260908112338_0008_V.JPG,B4,uav-01,53HFM890M7X2RW,ZoomCamera,XML_ATTR:{http://www.dji.com/drone-dji/1.0/}SensorTemperature,41.0,raw_xmp_xml
@raw/04_第四批_20260908_1053_多火点与余热点/02_激光打点与定位验证/01_事后打点候选/无人机01_1581F7K3C251800CYBVP/DJI_202609081117_006/DJI_20260908112338_0008_V.JPG,B4,uav-01,53HFM890M7X2RW,ZoomCamera,XML_ATTR:{http://www.dji.com/drone-dji/1.0/}ProductName,DJI Matrice 4T,raw_xmp_xml
@raw/04_第四批_20260908_1053_多火点与余热点/02_激光打点与定位验证/01_事后打点候选/无人机01_1581F7K3C251800CYBVP/DJI_202609081117_006/DJI_20260908112338_0008_V.JPG,B4,uav-01,53HFM890M7X2RW,ZoomCamera,XML_ATTR:{http://www.dji.com/drone-dji/1.0/}SelfData,,raw_xmp_xml
@raw/04_第四批_20260908_1053_多火点与余热点/02_激光打点与定位验证/01_事后打点候选/无人机01_1581F7K3C251800CYBVP/DJI_202609081117_006/DJI_20260908112338_0008_V.JPG,B4,uav-01,53HFM890M7X2RW,ZoomCamera,XML_ATTR:{http://www.dji.com/drone-dji/1.0/}SurveyingMode,0,raw_xmp_xml
@raw/04_第四批_20260908_1053_多火点与余热点/02_激光打点与定位验证/01_事后打点候选/无人机01_1581F7K3C251800CYBVP/DJI_202609081117_006/DJI_20260908112338_0008_V.JPG,B4,uav-01,53HFM890M7X2RW,ZoomCamera,XML_ATTR:{http://www.dji.com/drone-dji/1.0/}ShutterType,Electronic,raw_xmp_xml
@raw/04_第四批_20260908_1053_多火点与余热点/02_激光打点与定位验证/01_事后打点候选/无人机01_1581F7K3C251800CYBVP/DJI_202609081117_006/DJI_20260908112338_0008_V.JPG,B4,uav-01,53HFM890M7X2RW,ZoomCamera,XML_ATTR:{http://www.dji.com/drone-dji/1.0/}CameraSerialNumber,53HFM890M7X2RW,raw_xmp_xml
@raw/04_第四批_20260908_1053_多火点与余热点/02_激光打点与定位验证/01_事后打点候选/无人机01_1581F7K3C251800CYBVP/DJI_202609081117_006/DJI_20260908112338_0008_V.JPG,B4,uav-01,53HFM890M7X2RW,ZoomCamera,XML_ATTR:{http://www.dji.com/drone-dji/1.0/}DroneModel,M4T,raw_xmp_xml
@raw/04_第四批_20260908_1053_多火点与余热点/02_激光打点与定位验证/01_事后打点候选/无人机01_1581F7K3C251800CYBVP/DJI_202609081117_006/DJI_20260908112338_0008_V.JPG,B4,uav-01,53HFM890M7X2RW,ZoomCamera,XML_ATTR:{http://www.dji.com/drone-dji/1.0/}DroneSerialNumber,1581F7K3C251800CYBVP,raw_xmp_xml
@raw/04_第四批_20260908_1053_多火点与余热点/02_激光打点与定位验证/01_事后打点候选/无人机01_1581F7K3C251800CYBVP/DJI_202609081117_006/DJI_20260908112338_0008_V.JPG,B4,uav-01,53HFM890M7X2RW,ZoomCamera,XML_ATTR:{http://www.dji.com/drone-dji/1.0/}LRFStatus,Normal,raw_xmp_xml
@raw/04_第四批_20260908_1053_多火点与余热点/02_激光打点与定位验证/01_事后打点候选/无人机01_1581F7K3C251800CYBVP/DJI_202609081117_006/DJI_20260908112338_0008_V.JPG,B4,uav-01,53HFM890M7X2RW,ZoomCamera,XML_ATTR:{http://www.dji.com/drone-dji/1.0/}LRFTargetDistance,21.425,raw_xmp_xml
@raw/04_第四批_20260908_1053_多火点与余热点/02_激光打点与定位验证/01_事后打点候选/无人机01_1581F7K3C251800CYBVP/DJI_202609081117_006/DJI_20260908112338_0008_V.JPG,B4,uav-01,53HFM890M7X2RW,ZoomCamera,XML_ATTR:{http://www.dji.com/drone-dji/1.0/}LRFTargetLon,120.4728075,raw_xmp_xml
@raw/04_第四批_20260908_1053_多火点与余热点/02_激光打点与定位验证/01_事后打点候选/无人机01_1581F7K3C251800CYBVP/DJI_202609081117_006/DJI_20260908112338_0008_V.JPG,B4,uav-01,53HFM890M7X2RW,ZoomCamera,XML_ATTR:{http://www.dji.com/drone-dji/1.0/}LRFTargetLat,31.2894848,raw_xmp_xml
@raw/04_第四批_20260908_1053_多火点与余热点/02_激光打点与定位验证/01_事后打点候选/无人机01_1581F7K3C251800CYBVP/DJI_202609081117_006/DJI_20260908112338_0008_V.JPG,B4,uav-01,53HFM890M7X2RW,ZoomCamera,XML_ATTR:{http://www.dji.com/drone-dji/1.0/}LRFTargetAlt,1.021,raw_xmp_xml
@raw/04_第四批_20260908_1053_多火点与余热点/02_激光打点与定位验证/01_事后打点候选/无人机01_1581F7K3C251800CYBVP/DJI_202609081117_006/DJI_20260908112338_0008_V.JPG,B4,uav-01,53HFM890M7X2RW,ZoomCamera,XML_ATTR:{http://www.dji.com/drone-dji/1.0/}LRFTargetAbsAlt,52.300,raw_xmp_xml
@raw/04_第四批_20260908_1053_多火点与余热点/02_激光打点与定位验证/01_事后打点候选/无人机01_1581F7K3C251800CYBVP/DJI_202609081117_006/DJI_20260908112338_0008_V.JPG,B4,uav-01,53HFM890M7X2RW,ZoomCamera,XML_ATTR:{http://www.dji.com/drone-dji/1.0/}WhiteBalanceCCT,4273,raw_xmp_xml
@raw/04_第四批_20260908_1053_多火点与余热点/02_激光打点与定位验证/01_事后打点候选/无人机01_1581F7K3C251800CYBVP/DJI_202609081117_006/DJI_20260908112338_0008_V.JPG,B4,uav-01,53HFM890M7X2RW,ZoomCamera,XML_ATTR:{http://www.dji.com/drone-dji/1.0/}SensorFPS,2997/100,raw_xmp_xml
@raw/04_第四批_20260908_1053_多火点与余热点/02_激光打点与定位验证/01_事后打点候选/无人机01_1581F7K3C251800CYBVP/DJI_202609081117_006/DJI_20260908112338_0008_V.JPG,B4,uav-01,53HFM890M7X2RW,ZoomCamera,XML_ATTR:{http://www.dji.com/drone-dji/1.0/}LensPosition,33,raw_xmp_xml
@raw/04_第四批_20260908_1053_多火点与余热点/02_激光打点与定位验证/01_事后打点候选/无人机01_1581F7K3C251800CYBVP/DJI_202609081117_006/DJI_20260908112338_0008_V.JPG,B4,uav-01,53HFM890M7X2RW,ZoomCamera,XML_ATTR:{http://www.dji.com/drone-dji/1.0/}LensInfinitePosition,35,raw_xmp_xml
@raw/04_第四批_20260908_1053_多火点与余热点/02_激光打点与定位验证/01_事后打点候选/无人机01_1581F7K3C251800CYBVP/DJI_202609081117_006/DJI_20260908112338_0008_V.JPG,B4,uav-01,53HFM890M7X2RW,ZoomCamera,XML_ATTR:{http://www.dji.com/drone-dji/1.0/}LensTemperature,42.900000,raw_xmp_xml
@raw/04_第四批_20260908_1053_多火点与余热点/02_激光打点与定位验证/01_事后打点候选/无人机01_1581F7K3C251800CYBVP/DJI_202609081117_006/DJI_20260908112338_0008_V.JPG,B4,uav-01,53HFM890M7X2RW,ZoomCamera,XML_ATTR:{http://pix4d.com/camera/1.0}FileType,single,raw_xmp_xml
@raw/04_第四批_20260908_1053_多火点与余热点/02_激光打点与定位验证/01_事后打点候选/无人机01_1581F7K3C251800CYBVP/DJI_202609081117_006/DJI_20260908112338_0008_V.JPG,B4,uav-01,53HFM890M7X2RW,ZoomCamera,XML_ATTR:{http://ns.adobe.com/camera-raw-settings/1.0/}Version,7.0,raw_xmp_xml
@raw/04_第四批_20260908_1053_多火点与余热点/02_激光打点与定位验证/01_事后打点候选/无人机01_1581F7K3C251800CYBVP/DJI_202609081117_006/DJI_20260908112338_0008_V.JPG,B4,uav-01,53HFM890M7X2RW,ZoomCamera,XML_ATTR:{http://ns.adobe.com/camera-raw-settings/1.0/}HasSettings,False,raw_xmp_xml
@raw/04_第四批_20260908_1053_多火点与余热点/02_激光打点与定位验证/01_事后打点候选/无人机01_1581F7K3C251800CYBVP/DJI_202609081117_006/DJI_20260908112338_0008_V.JPG,B4,uav-01,53HFM890M7X2RW,ZoomCamera,XML_ATTR:{http://ns.adobe.com/camera-raw-settings/1.0/}HasCrop,False,raw_xmp_xml
@raw/04_第四批_20260908_1053_多火点与余热点/02_激光打点与定位验证/01_事后打点候选/无人机01_1581F7K3C251800CYBVP/DJI_202609081117_006/DJI_20260908112338_0008_V.JPG,B4,uav-01,53HFM890M7X2RW,ZoomCamera,XML_ATTR:{http://ns.adobe.com/camera-raw-settings/1.0/}AlreadyApplied,False,raw_xmp_xml
@raw/04_第四批_20260908_1053_多火点与余热点/02_激光打点与定位验证/01_事后打点候选/无人机01_1581F7K3C251800CYBVP/DJI_202609081117_006/DJI_20260908112405_0009_V.JPG,B4,uav-01,53HFM890M7X2RW,ZoomCamera,XMP-rdf:About,DJI Meta Data,exiftool
@raw/04_第四批_20260908_1053_多火点与余热点/02_激光打点与定位验证/01_事后打点候选/无人机01_1581F7K3C251800CYBVP/DJI_202609081117_006/DJI_20260908112405_0009_V.JPG,B4,uav-01,53HFM890M7X2RW,ZoomCamera,XMP-xmp:ModifyDate,2026:09:08 11:24:05+08:00,exiftool
@raw/04_第四批_20260908_1053_多火点与余热点/02_激光打点与定位验证/01_事后打点候选/无人机01_1581F7K3C251800CYBVP/DJI_202609081117_006/DJI_20260908112405_0009_V.JPG,B4,uav-01,53HFM890M7X2RW,ZoomCamera,XMP-xmp:CreateDate,2026:09:08 11:24:05+08:00,exiftool
@raw/04_第四批_20260908_1053_多火点与余热点/02_激光打点与定位验证/01_事后打点候选/无人机01_1581F7K3C251800CYBVP/DJI_202609081117_006/DJI_20260908112405_0009_V.JPG,B4,uav-01,53HFM890M7X2RW,ZoomCamera,XMP-tiff:Make,DJI,exiftool
@raw/04_第四批_20260908_1053_多火点与余热点/02_激光打点与定位验证/01_事后打点候选/无人机01_1581F7K3C251800CYBVP/DJI_202609081117_006/DJI_20260908112405_0009_V.JPG,B4,uav-01,53HFM890M7X2RW,ZoomCamera,XMP-tiff:Model,M4T,exiftool
@raw/04_第四批_20260908_1053_多火点与余热点/02_激光打点与定位验证/01_事后打点候选/无人机01_1581F7K3C251800CYBVP/DJI_202609081117_006/DJI_20260908112405_0009_V.JPG,B4,uav-01,53HFM890M7X2RW,ZoomCamera,XMP-dc:Format,image/jpeg,exiftool
@raw/04_第四批_20260908_1053_多火点与余热点/02_激光打点与定位验证/01_事后打点候选/无人机01_1581F7K3C251800CYBVP/DJI_202609081117_006/DJI_20260908112405_0009_V.JPG,B4,uav-01,53HFM890M7X2RW,ZoomCamera,XMP-drone-dji:Version,1.6,exiftool
@raw/04_第四批_20260908_1053_多火点与余热点/02_激光打点与定位验证/01_事后打点候选/无人机01_1581F7K3C251800CYBVP/DJI_202609081117_006/DJI_20260908112405_0009_V.JPG,B4,uav-01,53HFM890M7X2RW,ZoomCamera,XMP-drone-dji:ImageSource,ZoomCamera,exiftool
@raw/04_第四批_20260908_1053_多火点与余热点/02_激光打点与定位验证/01_事后打点候选/无人机01_1581F7K3C251800CYBVP/DJI_202609081117_006/DJI_20260908112405_0009_V.JPG,B4,uav-01,53HFM890M7X2RW,ZoomCamera,XMP-drone-dji:GpsStatus,Normal,exiftool
@raw/04_第四批_20260908_1053_多火点与余热点/02_激光打点与定位验证/01_事后打点候选/无人机01_1581F7K3C251800CYBVP/DJI_202609081117_006/DJI_20260908112405_0009_V.JPG,B4,uav-01,53HFM890M7X2RW,ZoomCamera,XMP-drone-dji:AltitudeType,GpsFusionAlt,exiftool
@raw/04_第四批_20260908_1053_多火点与余热点/02_激光打点与定位验证/01_事后打点候选/无人机01_1581F7K3C251800CYBVP/DJI_202609081117_006/DJI_20260908112405_0009_V.JPG,B4,uav-01,53HFM890M7X2RW,ZoomCamera,XMP-drone-dji:GPSLatitude,+31.289512260,exiftool
@raw/04_第四批_20260908_1053_多火点与余热点/02_激光打点与定位验证/01_事后打点候选/无人机01_1581F7K3C251800CYBVP/DJI_202609081117_006/DJI_20260908112405_0009_V.JPG,B4,uav-01,53HFM890M7X2RW,ZoomCamera,XMP-drone-dji:GPSLongitude,+120.472879371,exiftool
@raw/04_第四批_20260908_1053_多火点与余热点/02_激光打点与定位验证/01_事后打点候选/无人机01_1581F7K3C251800CYBVP/DJI_202609081117_006/DJI_20260908112405_0009_V.JPG,B4,uav-01,53HFM890M7X2RW,ZoomCamera,XMP-drone-dji:AbsoluteAltitude,+68.051,exiftool
@raw/04_第四批_20260908_1053_多火点与余热点/02_激光打点与定位验证/01_事后打点候选/无人机01_1581F7K3C251800CYBVP/DJI_202609081117_006/DJI_20260908112405_0009_V.JPG,B4,uav-01,53HFM890M7X2RW,ZoomCamera,XMP-drone-dji:RelativeAltitude,+16.773,exiftool
@raw/04_第四批_20260908_1053_多火点与余热点/02_激光打点与定位验证/01_事后打点候选/无人机01_1581F7K3C251800CYBVP/DJI_202609081117_006/DJI_20260908112405_0009_V.JPG,B4,uav-01,53HFM890M7X2RW,ZoomCamera,XMP-drone-dji:GimbalRollDegree,+0.00,exiftool
@raw/04_第四批_20260908_1053_多火点与余热点/02_激光打点与定位验证/01_事后打点候选/无人机01_1581F7K3C251800CYBVP/DJI_202609081117_006/DJI_20260908112405_0009_V.JPG,B4,uav-01,53HFM890M7X2RW,ZoomCamera,XMP-drone-dji:GimbalYawDegree,-118.2,exiftool
@raw/04_第四批_20260908_1053_多火点与余热点/02_激光打点与定位验证/01_事后打点候选/无人机01_1581F7K3C251800CYBVP/DJI_202609081117_006/DJI_20260908112405_0009_V.JPG,B4,uav-01,53HFM890M7X2RW,ZoomCamera,XMP-drone-dji:GimbalPitchDegree,-63.8,exiftool
@raw/04_第四批_20260908_1053_多火点与余热点/02_激光打点与定位验证/01_事后打点候选/无人机01_1581F7K3C251800CYBVP/DJI_202609081117_006/DJI_20260908112405_0009_V.JPG,B4,uav-01,53HFM890M7X2RW,ZoomCamera,XMP-drone-dji:FlightRollDegree,+4.70,exiftool
@raw/04_第四批_20260908_1053_多火点与余热点/02_激光打点与定位验证/01_事后打点候选/无人机01_1581F7K3C251800CYBVP/DJI_202609081117_006/DJI_20260908112405_0009_V.JPG,B4,uav-01,53HFM890M7X2RW,ZoomCamera,XMP-drone-dji:FlightYawDegree,-117.8,exiftool
@raw/04_第四批_20260908_1053_多火点与余热点/02_激光打点与定位验证/01_事后打点候选/无人机01_1581F7K3C251800CYBVP/DJI_202609081117_006/DJI_20260908112405_0009_V.JPG,B4,uav-01,53HFM890M7X2RW,ZoomCamera,XMP-drone-dji:FlightPitchDegree,+1.80,exiftool
@raw/04_第四批_20260908_1053_多火点与余热点/02_激光打点与定位验证/01_事后打点候选/无人机01_1581F7K3C251800CYBVP/DJI_202609081117_006/DJI_20260908112405_0009_V.JPG,B4,uav-01,53HFM890M7X2RW,ZoomCamera,XMP-drone-dji:FlightXSpeed,-0.1,exiftool
@raw/04_第四批_20260908_1053_多火点与余热点/02_激光打点与定位验证/01_事后打点候选/无人机01_1581F7K3C251800CYBVP/DJI_202609081117_006/DJI_20260908112405_0009_V.JPG,B4,uav-01,53HFM890M7X2RW,ZoomCamera,XMP-drone-dji:FlightYSpeed,-0.1,exiftool
@raw/04_第四批_20260908_1053_多火点与余热点/02_激光打点与定位验证/01_事后打点候选/无人机01_1581F7K3C251800CYBVP/DJI_202609081117_006/DJI_20260908112405_0009_V.JPG,B4,uav-01,53HFM890M7X2RW,ZoomCamera,XMP-drone-dji:FlightZSpeed,0.0,exiftool
@raw/04_第四批_20260908_1053_多火点与余热点/02_激光打点与定位验证/01_事后打点候选/无人机01_1581F7K3C251800CYBVP/DJI_202609081117_006/DJI_20260908112405_0009_V.JPG,B4,uav-01,53HFM890M7X2RW,ZoomCamera,XMP-drone-dji:CamReverse,0,exiftool
@raw/04_第四批_20260908_1053_多火点与余热点/02_激光打点与定位验证/01_事后打点候选/无人机01_1581F7K3C251800CYBVP/DJI_202609081117_006/DJI_20260908112405_0009_V.JPG,B4,uav-01,53HFM890M7X2RW,ZoomCamera,XMP-drone-dji:GimbalReverse,0,exiftool
@raw/04_第四批_20260908_1053_多火点与余热点/02_激光打点与定位验证/01_事后打点候选/无人机01_1581F7K3C251800CYBVP/DJI_202609081117_006/DJI_20260908112405_0009_V.JPG,B4,uav-01,53HFM890M7X2RW,ZoomCamera,XMP-drone-dji:SensorTemperature,42.0,exiftool
@raw/04_第四批_20260908_1053_多火点与余热点/02_激光打点与定位验证/01_事后打点候选/无人机01_1581F7K3C251800CYBVP/DJI_202609081117_006/DJI_20260908112405_0009_V.JPG,B4,uav-01,53HFM890M7X2RW,ZoomCamera,XMP-drone-dji:ProductName,DJI Matrice 4T,exiftool
@raw/04_第四批_20260908_1053_多火点与余热点/02_激光打点与定位验证/01_事后打点候选/无人机01_1581F7K3C251800CYBVP/DJI_202609081117_006/DJI_20260908112405_0009_V.JPG,B4,uav-01,53HFM890M7X2RW,ZoomCamera,XMP-drone-dji:SelfData,,exiftool
@raw/04_第四批_20260908_1053_多火点与余热点/02_激光打点与定位验证/01_事后打点候选/无人机01_1581F7K3C251800CYBVP/DJI_202609081117_006/DJI_20260908112405_0009_V.JPG,B4,uav-01,53HFM890M7X2RW,ZoomCamera,XMP-drone-dji:SurveyingMode,0,exiftool
@raw/04_第四批_20260908_1053_多火点与余热点/02_激光打点与定位验证/01_事后打点候选/无人机01_1581F7K3C251800CYBVP/DJI_202609081117_006/DJI_20260908112405_0009_V.JPG,B4,uav-01,53HFM890M7X2RW,ZoomCamera,XMP-drone-dji:ShutterType,Electronic,exiftool
@raw/04_第四批_20260908_1053_多火点与余热点/02_激光打点与定位验证/01_事后打点候选/无人机01_1581F7K3C251800CYBVP/DJI_202609081117_006/DJI_20260908112405_0009_V.JPG,B4,uav-01,53HFM890M7X2RW,ZoomCamera,XMP-drone-dji:CameraSerialNumber,53HFM890M7X2RW,exiftool
@raw/04_第四批_20260908_1053_多火点与余热点/02_激光打点与定位验证/01_事后打点候选/无人机01_1581F7K3C251800CYBVP/DJI_202609081117_006/DJI_20260908112405_0009_V.JPG,B4,uav-01,53HFM890M7X2RW,ZoomCamera,XMP-drone-dji:DroneModel,M4T,exiftool
@raw/04_第四批_20260908_1053_多火点与余热点/02_激光打点与定位验证/01_事后打点候选/无人机01_1581F7K3C251800CYBVP/DJI_202609081117_006/DJI_20260908112405_0009_V.JPG,B4,uav-01,53HFM890M7X2RW,ZoomCamera,XMP-drone-dji:DroneSerialNumber,1581F7K3C251800CYBVP,exiftool
@raw/04_第四批_20260908_1053_多火点与余热点/02_激光打点与定位验证/01_事后打点候选/无人机01_1581F7K3C251800CYBVP/DJI_202609081117_006/DJI_20260908112405_0009_V.JPG,B4,uav-01,53HFM890M7X2RW,ZoomCamera,XMP-drone-dji:LRFStatus,Normal,exiftool
@raw/04_第四批_20260908_1053_多火点与余热点/02_激光打点与定位验证/01_事后打点候选/无人机01_1581F7K3C251800CYBVP/DJI_202609081117_006/DJI_20260908112405_0009_V.JPG,B4,uav-01,53HFM890M7X2RW,ZoomCamera,XMP-drone-dji:LRFTargetDistance,17.198,exiftool
@raw/04_第四批_20260908_1053_多火点与余热点/02_激光打点与定位验证/01_事后打点候选/无人机01_1581F7K3C251800CYBVP/DJI_202609081117_006/DJI_20260908112405_0009_V.JPG,B4,uav-01,53HFM890M7X2RW,ZoomCamera,XMP-drone-dji:LRFTargetLon,120.4728091,exiftool
@raw/04_第四批_20260908_1053_多火点与余热点/02_激光打点与定位验证/01_事后打点候选/无人机01_1581F7K3C251800CYBVP/DJI_202609081117_006/DJI_20260908112405_0009_V.JPG,B4,uav-01,53HFM890M7X2RW,ZoomCamera,XMP-drone-dji:LRFTargetLat,31.28948,exiftool
@raw/04_第四批_20260908_1053_多火点与余热点/02_激光打点与定位验证/01_事后打点候选/无人机01_1581F7K3C251800CYBVP/DJI_202609081117_006/DJI_20260908112405_0009_V.JPG,B4,uav-01,53HFM890M7X2RW,ZoomCamera,XMP-drone-dji:LRFTargetAlt,1.321,exiftool
@raw/04_第四批_20260908_1053_多火点与余热点/02_激光打点与定位验证/01_事后打点候选/无人机01_1581F7K3C251800CYBVP/DJI_202609081117_006/DJI_20260908112405_0009_V.JPG,B4,uav-01,53HFM890M7X2RW,ZoomCamera,XMP-drone-dji:LRFTargetAbsAlt,52.6,exiftool
@raw/04_第四批_20260908_1053_多火点与余热点/02_激光打点与定位验证/01_事后打点候选/无人机01_1581F7K3C251800CYBVP/DJI_202609081117_006/DJI_20260908112405_0009_V.JPG,B4,uav-01,53HFM890M7X2RW,ZoomCamera,XMP-drone-dji:WhiteBalanceCCT,4363,exiftool
@raw/04_第四批_20260908_1053_多火点与余热点/02_激光打点与定位验证/01_事后打点候选/无人机01_1581F7K3C251800CYBVP/DJI_202609081117_006/DJI_20260908112405_0009_V.JPG,B4,uav-01,53HFM890M7X2RW,ZoomCamera,XMP-drone-dji:SensorFPS,29.97,exiftool
@raw/04_第四批_20260908_1053_多火点与余热点/02_激光打点与定位验证/01_事后打点候选/无人机01_1581F7K3C251800CYBVP/DJI_202609081117_006/DJI_20260908112405_0009_V.JPG,B4,uav-01,53HFM890M7X2RW,ZoomCamera,XMP-drone-dji:LensPosition,34,exiftool
@raw/04_第四批_20260908_1053_多火点与余热点/02_激光打点与定位验证/01_事后打点候选/无人机01_1581F7K3C251800CYBVP/DJI_202609081117_006/DJI_20260908112405_0009_V.JPG,B4,uav-01,53HFM890M7X2RW,ZoomCamera,XMP-drone-dji:LensInfinitePosition,35,exiftool
@raw/04_第四批_20260908_1053_多火点与余热点/02_激光打点与定位验证/01_事后打点候选/无人机01_1581F7K3C251800CYBVP/DJI_202609081117_006/DJI_20260908112405_0009_V.JPG,B4,uav-01,53HFM890M7X2RW,ZoomCamera,XMP-drone-dji:LensTemperature,42.9,exiftool
@raw/04_第四批_20260908_1053_多火点与余热点/02_激光打点与定位验证/01_事后打点候选/无人机01_1581F7K3C251800CYBVP/DJI_202609081117_006/DJI_20260908112405_0009_V.JPG,B4,uav-01,53HFM890M7X2RW,ZoomCamera,XMP-Camera:FileType,single,exiftool
@raw/04_第四批_20260908_1053_多火点与余热点/02_激光打点与定位验证/01_事后打点候选/无人机01_1581F7K3C251800CYBVP/DJI_202609081117_006/DJI_20260908112405_0009_V.JPG,B4,uav-01,53HFM890M7X2RW,ZoomCamera,XMP-crs:Version,7.0,exiftool
@raw/04_第四批_20260908_1053_多火点与余热点/02_激光打点与定位验证/01_事后打点候选/无人机01_1581F7K3C251800CYBVP/DJI_202609081117_006/DJI_20260908112405_0009_V.JPG,B4,uav-01,53HFM890M7X2RW,ZoomCamera,XMP-crs:HasSettings,False,exiftool
@raw/04_第四批_20260908_1053_多火点与余热点/02_激光打点与定位验证/01_事后打点候选/无人机01_1581F7K3C251800CYBVP/DJI_202609081117_006/DJI_20260908112405_0009_V.JPG,B4,uav-01,53HFM890M7X2RW,ZoomCamera,XMP-crs:HasCrop,False,exiftool
@raw/04_第四批_20260908_1053_多火点与余热点/02_激光打点与定位验证/01_事后打点候选/无人机01_1581F7K3C251800CYBVP/DJI_202609081117_006/DJI_20260908112405_0009_V.JPG,B4,uav-01,53HFM890M7X2RW,ZoomCamera,XMP-crs:AlreadyApplied,False,exiftool
@raw/04_第四批_20260908_1053_多火点与余热点/02_激光打点与定位验证/01_事后打点候选/无人机01_1581F7K3C251800CYBVP/DJI_202609081117_006/DJI_20260908112405_0009_V.JPG,B4,uav-01,53HFM890M7X2RW,ZoomCamera,XML_ATTR:{http://www.w3.org/1999/02/22-rdf-syntax-ns#}about,DJI Meta Data,raw_xmp_xml
@raw/04_第四批_20260908_1053_多火点与余热点/02_激光打点与定位验证/01_事后打点候选/无人机01_1581F7K3C251800CYBVP/DJI_202609081117_006/DJI_20260908112405_0009_V.JPG,B4,uav-01,53HFM890M7X2RW,ZoomCamera,XML_ATTR:{http://ns.adobe.com/xap/1.0/}ModifyDate,2026-09-08T11:24:05+08:00,raw_xmp_xml
@raw/04_第四批_20260908_1053_多火点与余热点/02_激光打点与定位验证/01_事后打点候选/无人机01_1581F7K3C251800CYBVP/DJI_202609081117_006/DJI_20260908112405_0009_V.JPG,B4,uav-01,53HFM890M7X2RW,ZoomCamera,XML_ATTR:{http://ns.adobe.com/xap/1.0/}CreateDate,2026-09-08T11:24:05+08:00,raw_xmp_xml
@raw/04_第四批_20260908_1053_多火点与余热点/02_激光打点与定位验证/01_事后打点候选/无人机01_1581F7K3C251800CYBVP/DJI_202609081117_006/DJI_20260908112405_0009_V.JPG,B4,uav-01,53HFM890M7X2RW,ZoomCamera,XML_ATTR:{http://ns.adobe.com/tiff/1.0/}Make,DJI,raw_xmp_xml
@raw/04_第四批_20260908_1053_多火点与余热点/02_激光打点与定位验证/01_事后打点候选/无人机01_1581F7K3C251800CYBVP/DJI_202609081117_006/DJI_20260908112405_0009_V.JPG,B4,uav-01,53HFM890M7X2RW,ZoomCamera,XML_ATTR:{http://ns.adobe.com/tiff/1.0/}Model,M4T,raw_xmp_xml
@raw/04_第四批_20260908_1053_多火点与余热点/02_激光打点与定位验证/01_事后打点候选/无人机01_1581F7K3C251800CYBVP/DJI_202609081117_006/DJI_20260908112405_0009_V.JPG,B4,uav-01,53HFM890M7X2RW,ZoomCamera,XML_ATTR:{http://purl.org/dc/elements/1.1/}format,image/jpeg,raw_xmp_xml
@raw/04_第四批_20260908_1053_多火点与余热点/02_激光打点与定位验证/01_事后打点候选/无人机01_1581F7K3C251800CYBVP/DJI_202609081117_006/DJI_20260908112405_0009_V.JPG,B4,uav-01,53HFM890M7X2RW,ZoomCamera,XML_ATTR:{http://www.dji.com/drone-dji/1.0/}Version,1.6,raw_xmp_xml
@raw/04_第四批_20260908_1053_多火点与余热点/02_激光打点与定位验证/01_事后打点候选/无人机01_1581F7K3C251800CYBVP/DJI_202609081117_006/DJI_20260908112405_0009_V.JPG,B4,uav-01,53HFM890M7X2RW,ZoomCamera,XML_ATTR:{http://www.dji.com/drone-dji/1.0/}ImageSource,ZoomCamera,raw_xmp_xml
@raw/04_第四批_20260908_1053_多火点与余热点/02_激光打点与定位验证/01_事后打点候选/无人机01_1581F7K3C251800CYBVP/DJI_202609081117_006/DJI_20260908112405_0009_V.JPG,B4,uav-01,53HFM890M7X2RW,ZoomCamera,XML_ATTR:{http://www.dji.com/drone-dji/1.0/}GpsStatus,Normal,raw_xmp_xml
@raw/04_第四批_20260908_1053_多火点与余热点/02_激光打点与定位验证/01_事后打点候选/无人机01_1581F7K3C251800CYBVP/DJI_202609081117_006/DJI_20260908112405_0009_V.JPG,B4,uav-01,53HFM890M7X2RW,ZoomCamera,XML_ATTR:{http://www.dji.com/drone-dji/1.0/}AltitudeType,GpsFusionAlt,raw_xmp_xml
@raw/04_第四批_20260908_1053_多火点与余热点/02_激光打点与定位验证/01_事后打点候选/无人机01_1581F7K3C251800CYBVP/DJI_202609081117_006/DJI_20260908112405_0009_V.JPG,B4,uav-01,53HFM890M7X2RW,ZoomCamera,XML_ATTR:{http://www.dji.com/drone-dji/1.0/}GpsLatitude,+31.289512260,raw_xmp_xml
@raw/04_第四批_20260908_1053_多火点与余热点/02_激光打点与定位验证/01_事后打点候选/无人机01_1581F7K3C251800CYBVP/DJI_202609081117_006/DJI_20260908112405_0009_V.JPG,B4,uav-01,53HFM890M7X2RW,ZoomCamera,XML_ATTR:{http://www.dji.com/drone-dji/1.0/}GpsLongitude,+120.472879371,raw_xmp_xml
@raw/04_第四批_20260908_1053_多火点与余热点/02_激光打点与定位验证/01_事后打点候选/无人机01_1581F7K3C251800CYBVP/DJI_202609081117_006/DJI_20260908112405_0009_V.JPG,B4,uav-01,53HFM890M7X2RW,ZoomCamera,XML_ATTR:{http://www.dji.com/drone-dji/1.0/}AbsoluteAltitude,+68.051,raw_xmp_xml
@raw/04_第四批_20260908_1053_多火点与余热点/02_激光打点与定位验证/01_事后打点候选/无人机01_1581F7K3C251800CYBVP/DJI_202609081117_006/DJI_20260908112405_0009_V.JPG,B4,uav-01,53HFM890M7X2RW,ZoomCamera,XML_ATTR:{http://www.dji.com/drone-dji/1.0/}RelativeAltitude,+16.773,raw_xmp_xml
@raw/04_第四批_20260908_1053_多火点与余热点/02_激光打点与定位验证/01_事后打点候选/无人机01_1581F7K3C251800CYBVP/DJI_202609081117_006/DJI_20260908112405_0009_V.JPG,B4,uav-01,53HFM890M7X2RW,ZoomCamera,XML_ATTR:{http://www.dji.com/drone-dji/1.0/}GimbalRollDegree,+0.00,raw_xmp_xml
@raw/04_第四批_20260908_1053_多火点与余热点/02_激光打点与定位验证/01_事后打点候选/无人机01_1581F7K3C251800CYBVP/DJI_202609081117_006/DJI_20260908112405_0009_V.JPG,B4,uav-01,53HFM890M7X2RW,ZoomCamera,XML_ATTR:{http://www.dji.com/drone-dji/1.0/}GimbalYawDegree,-118.20,raw_xmp_xml
@raw/04_第四批_20260908_1053_多火点与余热点/02_激光打点与定位验证/01_事后打点候选/无人机01_1581F7K3C251800CYBVP/DJI_202609081117_006/DJI_20260908112405_0009_V.JPG,B4,uav-01,53HFM890M7X2RW,ZoomCamera,XML_ATTR:{http://www.dji.com/drone-dji/1.0/}GimbalPitchDegree,-63.80,raw_xmp_xml
@raw/04_第四批_20260908_1053_多火点与余热点/02_激光打点与定位验证/01_事后打点候选/无人机01_1581F7K3C251800CYBVP/DJI_202609081117_006/DJI_20260908112405_0009_V.JPG,B4,uav-01,53HFM890M7X2RW,ZoomCamera,XML_ATTR:{http://www.dji.com/drone-dji/1.0/}FlightRollDegree,+4.70,raw_xmp_xml
@raw/04_第四批_20260908_1053_多火点与余热点/02_激光打点与定位验证/01_事后打点候选/无人机01_1581F7K3C251800CYBVP/DJI_202609081117_006/DJI_20260908112405_0009_V.JPG,B4,uav-01,53HFM890M7X2RW,ZoomCamera,XML_ATTR:{http://www.dji.com/drone-dji/1.0/}FlightYawDegree,-117.80,raw_xmp_xml
@raw/04_第四批_20260908_1053_多火点与余热点/02_激光打点与定位验证/01_事后打点候选/无人机01_1581F7K3C251800CYBVP/DJI_202609081117_006/DJI_20260908112405_0009_V.JPG,B4,uav-01,53HFM890M7X2RW,ZoomCamera,XML_ATTR:{http://www.dji.com/drone-dji/1.0/}FlightPitchDegree,+1.80,raw_xmp_xml
@raw/04_第四批_20260908_1053_多火点与余热点/02_激光打点与定位验证/01_事后打点候选/无人机01_1581F7K3C251800CYBVP/DJI_202609081117_006/DJI_20260908112405_0009_V.JPG,B4,uav-01,53HFM890M7X2RW,ZoomCamera,XML_ATTR:{http://www.dji.com/drone-dji/1.0/}FlightXSpeed,-0.1,raw_xmp_xml
@raw/04_第四批_20260908_1053_多火点与余热点/02_激光打点与定位验证/01_事后打点候选/无人机01_1581F7K3C251800CYBVP/DJI_202609081117_006/DJI_20260908112405_0009_V.JPG,B4,uav-01,53HFM890M7X2RW,ZoomCamera,XML_ATTR:{http://www.dji.com/drone-dji/1.0/}FlightYSpeed,-0.1,raw_xmp_xml
@raw/04_第四批_20260908_1053_多火点与余热点/02_激光打点与定位验证/01_事后打点候选/无人机01_1581F7K3C251800CYBVP/DJI_202609081117_006/DJI_20260908112405_0009_V.JPG,B4,uav-01,53HFM890M7X2RW,ZoomCamera,XML_ATTR:{http://www.dji.com/drone-dji/1.0/}FlightZSpeed,0.0,raw_xmp_xml
@raw/04_第四批_20260908_1053_多火点与余热点/02_激光打点与定位验证/01_事后打点候选/无人机01_1581F7K3C251800CYBVP/DJI_202609081117_006/DJI_20260908112405_0009_V.JPG,B4,uav-01,53HFM890M7X2RW,ZoomCamera,XML_ATTR:{http://www.dji.com/drone-dji/1.0/}CamReverse,0,raw_xmp_xml
@raw/04_第四批_20260908_1053_多火点与余热点/02_激光打点与定位验证/01_事后打点候选/无人机01_1581F7K3C251800CYBVP/DJI_202609081117_006/DJI_20260908112405_0009_V.JPG,B4,uav-01,53HFM890M7X2RW,ZoomCamera,XML_ATTR:{http://www.dji.com/drone-dji/1.0/}GimbalReverse,0,raw_xmp_xml
@raw/04_第四批_20260908_1053_多火点与余热点/02_激光打点与定位验证/01_事后打点候选/无人机01_1581F7K3C251800CYBVP/DJI_202609081117_006/DJI_20260908112405_0009_V.JPG,B4,uav-01,53HFM890M7X2RW,ZoomCamera,XML_ATTR:{http://www.dji.com/drone-dji/1.0/}SensorTemperature,42.0,raw_xmp_xml
@raw/04_第四批_20260908_1053_多火点与余热点/02_激光打点与定位验证/01_事后打点候选/无人机01_1581F7K3C251800CYBVP/DJI_202609081117_006/DJI_20260908112405_0009_V.JPG,B4,uav-01,53HFM890M7X2RW,ZoomCamera,XML_ATTR:{http://www.dji.com/drone-dji/1.0/}ProductName,DJI Matrice 4T,raw_xmp_xml
@raw/04_第四批_20260908_1053_多火点与余热点/02_激光打点与定位验证/01_事后打点候选/无人机01_1581F7K3C251800CYBVP/DJI_202609081117_006/DJI_20260908112405_0009_V.JPG,B4,uav-01,53HFM890M7X2RW,ZoomCamera,XML_ATTR:{http://www.dji.com/drone-dji/1.0/}SelfData,,raw_xmp_xml
@raw/04_第四批_20260908_1053_多火点与余热点/02_激光打点与定位验证/01_事后打点候选/无人机01_1581F7K3C251800CYBVP/DJI_202609081117_006/DJI_20260908112405_0009_V.JPG,B4,uav-01,53HFM890M7X2RW,ZoomCamera,XML_ATTR:{http://www.dji.com/drone-dji/1.0/}SurveyingMode,0,raw_xmp_xml
@raw/04_第四批_20260908_1053_多火点与余热点/02_激光打点与定位验证/01_事后打点候选/无人机01_1581F7K3C251800CYBVP/DJI_202609081117_006/DJI_20260908112405_0009_V.JPG,B4,uav-01,53HFM890M7X2RW,ZoomCamera,XML_ATTR:{http://www.dji.com/drone-dji/1.0/}ShutterType,Electronic,raw_xmp_xml
@raw/04_第四批_20260908_1053_多火点与余热点/02_激光打点与定位验证/01_事后打点候选/无人机01_1581F7K3C251800CYBVP/DJI_202609081117_006/DJI_20260908112405_0009_V.JPG,B4,uav-01,53HFM890M7X2RW,ZoomCamera,XML_ATTR:{http://www.dji.com/drone-dji/1.0/}CameraSerialNumber,53HFM890M7X2RW,raw_xmp_xml
@raw/04_第四批_20260908_1053_多火点与余热点/02_激光打点与定位验证/01_事后打点候选/无人机01_1581F7K3C251800CYBVP/DJI_202609081117_006/DJI_20260908112405_0009_V.JPG,B4,uav-01,53HFM890M7X2RW,ZoomCamera,XML_ATTR:{http://www.dji.com/drone-dji/1.0/}DroneModel,M4T,raw_xmp_xml
@raw/04_第四批_20260908_1053_多火点与余热点/02_激光打点与定位验证/01_事后打点候选/无人机01_1581F7K3C251800CYBVP/DJI_202609081117_006/DJI_20260908112405_0009_V.JPG,B4,uav-01,53HFM890M7X2RW,ZoomCamera,XML_ATTR:{http://www.dji.com/drone-dji/1.0/}DroneSerialNumber,1581F7K3C251800CYBVP,raw_xmp_xml
@raw/04_第四批_20260908_1053_多火点与余热点/02_激光打点与定位验证/01_事后打点候选/无人机01_1581F7K3C251800CYBVP/DJI_202609081117_006/DJI_20260908112405_0009_V.JPG,B4,uav-01,53HFM890M7X2RW,ZoomCamera,XML_ATTR:{http://www.dji.com/drone-dji/1.0/}LRFStatus,Normal,raw_xmp_xml
@raw/04_第四批_20260908_1053_多火点与余热点/02_激光打点与定位验证/01_事后打点候选/无人机01_1581F7K3C251800CYBVP/DJI_202609081117_006/DJI_20260908112405_0009_V.JPG,B4,uav-01,53HFM890M7X2RW,ZoomCamera,XML_ATTR:{http://www.dji.com/drone-dji/1.0/}LRFTargetDistance,17.198,raw_xmp_xml
@raw/04_第四批_20260908_1053_多火点与余热点/02_激光打点与定位验证/01_事后打点候选/无人机01_1581F7K3C251800CYBVP/DJI_202609081117_006/DJI_20260908112405_0009_V.JPG,B4,uav-01,53HFM890M7X2RW,ZoomCamera,XML_ATTR:{http://www.dji.com/drone-dji/1.0/}LRFTargetLon,120.4728091,raw_xmp_xml
@raw/04_第四批_20260908_1053_多火点与余热点/02_激光打点与定位验证/01_事后打点候选/无人机01_1581F7K3C251800CYBVP/DJI_202609081117_006/DJI_20260908112405_0009_V.JPG,B4,uav-01,53HFM890M7X2RW,ZoomCamera,XML_ATTR:{http://www.dji.com/drone-dji/1.0/}LRFTargetLat,31.2894800,raw_xmp_xml
@raw/04_第四批_20260908_1053_多火点与余热点/02_激光打点与定位验证/01_事后打点候选/无人机01_1581F7K3C251800CYBVP/DJI_202609081117_006/DJI_20260908112405_0009_V.JPG,B4,uav-01,53HFM890M7X2RW,ZoomCamera,XML_ATTR:{http://www.dji.com/drone-dji/1.0/}LRFTargetAlt,1.321,raw_xmp_xml
@raw/04_第四批_20260908_1053_多火点与余热点/02_激光打点与定位验证/01_事后打点候选/无人机01_1581F7K3C251800CYBVP/DJI_202609081117_006/DJI_20260908112405_0009_V.JPG,B4,uav-01,53HFM890M7X2RW,ZoomCamera,XML_ATTR:{http://www.dji.com/drone-dji/1.0/}LRFTargetAbsAlt,52.600,raw_xmp_xml
@raw/04_第四批_20260908_1053_多火点与余热点/02_激光打点与定位验证/01_事后打点候选/无人机01_1581F7K3C251800CYBVP/DJI_202609081117_006/DJI_20260908112405_0009_V.JPG,B4,uav-01,53HFM890M7X2RW,ZoomCamera,XML_ATTR:{http://www.dji.com/drone-dji/1.0/}WhiteBalanceCCT,4363,raw_xmp_xml
@raw/04_第四批_20260908_1053_多火点与余热点/02_激光打点与定位验证/01_事后打点候选/无人机01_1581F7K3C251800CYBVP/DJI_202609081117_006/DJI_20260908112405_0009_V.JPG,B4,uav-01,53HFM890M7X2RW,ZoomCamera,XML_ATTR:{http://www.dji.com/drone-dji/1.0/}SensorFPS,2997/100,raw_xmp_xml
@raw/04_第四批_20260908_1053_多火点与余热点/02_激光打点与定位验证/01_事后打点候选/无人机01_1581F7K3C251800CYBVP/DJI_202609081117_006/DJI_20260908112405_0009_V.JPG,B4,uav-01,53HFM890M7X2RW,ZoomCamera,XML_ATTR:{http://www.dji.com/drone-dji/1.0/}LensPosition,34,raw_xmp_xml
@raw/04_第四批_20260908_1053_多火点与余热点/02_激光打点与定位验证/01_事后打点候选/无人机01_1581F7K3C251800CYBVP/DJI_202609081117_006/DJI_20260908112405_0009_V.JPG,B4,uav-01,53HFM890M7X2RW,ZoomCamera,XML_ATTR:{http://www.dji.com/drone-dji/1.0/}LensInfinitePosition,35,raw_xmp_xml
@raw/04_第四批_20260908_1053_多火点与余热点/02_激光打点与定位验证/01_事后打点候选/无人机01_1581F7K3C251800CYBVP/DJI_202609081117_006/DJI_20260908112405_0009_V.JPG,B4,uav-01,53HFM890M7X2RW,ZoomCamera,XML_ATTR:{http://www.dji.com/drone-dji/1.0/}LensTemperature,42.900000,raw_xmp_xml
@raw/04_第四批_20260908_1053_多火点与余热点/02_激光打点与定位验证/01_事后打点候选/无人机01_1581F7K3C251800CYBVP/DJI_202609081117_006/DJI_20260908112405_0009_V.JPG,B4,uav-01,53HFM890M7X2RW,ZoomCamera,XML_ATTR:{http://pix4d.com/camera/1.0}FileType,single,raw_xmp_xml
@raw/04_第四批_20260908_1053_多火点与余热点/02_激光打点与定位验证/01_事后打点候选/无人机01_1581F7K3C251800CYBVP/DJI_202609081117_006/DJI_20260908112405_0009_V.JPG,B4,uav-01,53HFM890M7X2RW,ZoomCamera,XML_ATTR:{http://ns.adobe.com/camera-raw-settings/1.0/}Version,7.0,raw_xmp_xml
@raw/04_第四批_20260908_1053_多火点与余热点/02_激光打点与定位验证/01_事后打点候选/无人机01_1581F7K3C251800CYBVP/DJI_202609081117_006/DJI_20260908112405_0009_V.JPG,B4,uav-01,53HFM890M7X2RW,ZoomCamera,XML_ATTR:{http://ns.adobe.com/camera-raw-settings/1.0/}HasSettings,False,raw_xmp_xml
@raw/04_第四批_20260908_1053_多火点与余热点/02_激光打点与定位验证/01_事后打点候选/无人机01_1581F7K3C251800CYBVP/DJI_202609081117_006/DJI_20260908112405_0009_V.JPG,B4,uav-01,53HFM890M7X2RW,ZoomCamera,XML_ATTR:{http://ns.adobe.com/camera-raw-settings/1.0/}HasCrop,False,raw_xmp_xml
@raw/04_第四批_20260908_1053_多火点与余热点/02_激光打点与定位验证/01_事后打点候选/无人机01_1581F7K3C251800CYBVP/DJI_202609081117_006/DJI_20260908112405_0009_V.JPG,B4,uav-01,53HFM890M7X2RW,ZoomCamera,XML_ATTR:{http://ns.adobe.com/camera-raw-settings/1.0/}AlreadyApplied,False,raw_xmp_xml
