anomaly_type,severity,batch,uav,drone_serial,camera_serial,physical_lens_class,original_path,filename,filename_local_time,exif_local_time,utc_at_exposure,subtitle_local_time,video_pts_s,field,original_value,comparison_value,detail,related_path
JPG_EXIF_UTC_DISAGREE,medium,B1,uav-03,1581F7K3C255900D76E8,53HFMAW0M7X8D6,Wide,@raw/01_第一批_20260907_1602_单火点/02_激光打点与定位验证/01_事后打点候选/无人机03_1581F7K3C255900D76E8/DJI_202609071638_003/DJI_20260907164024_0001_V.JPG,DJI_20260907164024_0001_V.JPG,2026-09-07T16:40:24.000000,2026-09-07T16:40:24.000000,2026:09:07 08:40:44.588192,,,DateTimeOriginal vs UTCAtExposure (+8h),2026:09:07 16:40:24,2026:09:07 08:40:44.588192,UTCAtExposure is 20.588192 s after EXIF/filename; MRK numerical week-second agreement=0.0,
JPG_EXIF_UTC_DISAGREE,medium,B1,uav-03,1581F7K3C255900D76E8,53HFMAW0M7X8D6,Wide,@raw/01_第一批_20260907_1602_单火点/02_激光打点与定位验证/01_事后打点候选/无人机03_1581F7K3C255900D76E8/DJI_202609071638_003/DJI_20260907164026_0003_V.JPG,DJI_20260907164026_0003_V.JPG,2026-09-07T16:40:26.000000,2026-09-07T16:40:26.000000,2026:09:07 08:40:46.542266,,,DateTimeOriginal vs UTCAtExposure (+8h),2026:09:07 16:40:26,2026:09:07 08:40:46.542266,UTCAtExposure is 20.542266 s after EXIF/filename; MRK numerical week-second agreement=0.0,
JPG_EXIF_UTC_DISAGREE,medium,B1,uav-03,1581F7K3C255900D76E8,53HFMAW0M7X8D6,Wide,@raw/01_第一批_20260907_1602_单火点/02_激光打点与定位验证/01_事后打点候选/无人机03_1581F7K3C255900D76E8/DJI_202609071638_003/DJI_20260907164100_0004_V.JPG,DJI_20260907164100_0004_V.JPG,2026-09-07T16:41:00.000000,2026-09-07T16:41:00.000000,2026:09:07 08:41:20.964295,,,DateTimeOriginal vs UTCAtExposure (+8h),2026:09:07 16:41:00,2026:09:07 08:41:20.964295,UTCAtExposure is 20.964295 s after EXIF/filename; MRK numerical week-second agreement=1e-06,
JPG_EXIF_UTC_DISAGREE,medium,B1,uav-03,1581F7K3C255900D76E8,53HFMAW0M7X8D6,Wide,@raw/01_第一批_20260907_1602_单火点/02_激光打点与定位验证/01_事后打点候选/无人机03_1581F7K3C255900D76E8/DJI_202609071638_003/DJI_20260907164142_0005_V.JPG,DJI_20260907164142_0005_V.JPG,2026-09-07T16:41:42.000000,2026-09-07T16:41:42.000000,2026:09:07 08:42:02.995450,,,DateTimeOriginal vs UTCAtExposure (+8h),2026:09:07 16:41:42,2026:09:07 08:42:02.995450,UTCAtExposure is 20.99545 s after EXIF/filename; MRK numerical week-second agreement=1e-06,
JPG_EXIF_UTC_DISAGREE,medium,B1,uav-03,1581F7K3C255900D76E8,53HFMAW0M7X8D6,Wide,@raw/01_第一批_20260907_1602_单火点/02_激光打点与定位验证/01_事后打点候选/无人机03_1581F7K3C255900D76E8/DJI_202609071638_003/DJI_20260907164233_0006_V.JPG,DJI_20260907164233_0006_V.JPG,2026-09-07T16:42:33.000000,2026-09-07T16:42:33.000000,2026:09:07 08:42:53.721384,,,DateTimeOriginal vs UTCAtExposure (+8h),2026:09:07 16:42:33,2026:09:07 08:42:53.721384,UTCAtExposure is 20.721384 s after EXIF/filename; MRK numerical week-second agreement=1e-06,
JPG_EXIF_UTC_DISAGREE,medium,B1,uav-03,1581F7K3C255900D76E8,53HFMAW0M7X8D6,Wide,@raw/01_第一批_20260907_1602_单火点/02_激光打点与定位验证/01_事后打点候选/无人机03_1581F7K3C255900D76E8/DJI_202609071638_003/DJI_20260907164332_0007_V.JPG,DJI_20260907164332_0007_V.JPG,2026-09-07T16:43:32.000000,2026-09-07T16:43:32.000000,2026:09:07 08:43:52.735382,,,DateTimeOriginal vs UTCAtExposure (+8h),2026:09:07 16:43:32,2026:09:07 08:43:52.735382,UTCAtExposure is 20.735382 s after EXIF/filename; MRK numerical week-second agreement=0.0,
IMAGE_SOURCE_NOT_PHYSICAL_LENS,medium,B1,uav-09,1581F7K3C24CS00AX535,53HFNBG0M7XACS,Wide,@raw/01_第一批_20260907_1602_单火点/02_激光打点与定位验证/01_事后打点候选/无人机09_1581F7K3C24CS00AX535/DJI_202609071621_002/DJI_20260907163358_0001_V.JPG,DJI_20260907163358_0001_V.JPG,2026-09-07T16:33:58.000000,2026-09-07T16:33:58.000000,,,,ImageSource vs camera serial/focal,ZoomCamera,53HFNBG0M7XACS / 6.72 mm / 24 mm eq,ZoomCamera is a mode label here; physical wide sensor,
MRK_INVALID_ABSOLUTE_TIME,medium,B1,uav-09,1581F7K3C24CS00AX535,53HFNBG0M7XACS,Wide,@raw/01_第一批_20260907_1602_单火点/02_激光打点与定位验证/01_事后打点候选/无人机09_1581F7K3C24CS00AX535/DJI_202609071621_002/DJI_20260907163358_0001_V.JPG,DJI_20260907163358_0001_V.JPG,2026-09-07T16:33:58.000000,2026-09-07T16:33:58.000000,,,,MRK GPS week/TOW,-522/-259200.000000,2026:09:07 16:33:58,"MRK event/position exists, but -522/-259200 sentinel prevents absolute exposure time recovery from MRK",@raw/01_第一批_20260907_1602_单火点/02_激光打点与定位验证/01_事后打点候选/无人机09_1581F7K3C24CS00AX535/DJI_202609071621_002/DJI_202609071621_002_Timestamp.MRK
IMAGE_SOURCE_NOT_PHYSICAL_LENS,medium,B1,uav-09,1581F7K3C24CS00AX535,53HFNBG0M7XACS,Wide,@raw/01_第一批_20260907_1602_单火点/02_激光打点与定位验证/01_事后打点候选/无人机09_1581F7K3C24CS00AX535/DJI_202609071621_002/DJI_20260907163404_0002_V.JPG,DJI_20260907163404_0002_V.JPG,2026-09-07T16:34:04.000000,2026-09-07T16:34:04.000000,,,,ImageSource vs camera serial/focal,ZoomCamera,53HFNBG0M7XACS / 6.72 mm / 24 mm eq,ZoomCamera is a mode label here; physical wide sensor,
MRK_INVALID_ABSOLUTE_TIME,medium,B1,uav-09,1581F7K3C24CS00AX535,53HFNBG0M7XACS,Wide,@raw/01_第一批_20260907_1602_单火点/02_激光打点与定位验证/01_事后打点候选/无人机09_1581F7K3C24CS00AX535/DJI_202609071621_002/DJI_20260907163404_0002_V.JPG,DJI_20260907163404_0002_V.JPG,2026-09-07T16:34:04.000000,2026-09-07T16:34:04.000000,,,,MRK GPS week/TOW,-522/-259200.000000,2026:09:07 16:34:04,"MRK event/position exists, but -522/-259200 sentinel prevents absolute exposure time recovery from MRK",@raw/01_第一批_20260907_1602_单火点/02_激光打点与定位验证/01_事后打点候选/无人机09_1581F7K3C24CS00AX535/DJI_202609071621_002/DJI_202609071621_002_Timestamp.MRK
IMAGE_SOURCE_NOT_PHYSICAL_LENS,medium,B1,uav-09,1581F7K3C24CS00AX535,53HFNBG0M7XACS,Wide,@raw/01_第一批_20260907_1602_单火点/02_激光打点与定位验证/01_事后打点候选/无人机09_1581F7K3C24CS00AX535/DJI_202609071621_002/DJI_20260907163440_0003_V.JPG,DJI_20260907163440_0003_V.JPG,2026-09-07T16:34:40.000000,2026-09-07T16:34:40.000000,,,,ImageSource vs camera serial/focal,ZoomCamera,53HFNBG0M7XACS / 6.72 mm / 24 mm eq,ZoomCamera is a mode label here; physical wide sensor,
LRF_DISTANCE_BELOW_1M,medium,B1,uav-09,1581F7K3C24CS00AX535,53HFNBG0M7XACS,Wide,@raw/01_第一批_20260907_1602_单火点/02_激光打点与定位验证/01_事后打点候选/无人机09_1581F7K3C24CS00AX535/DJI_202609071621_002/DJI_20260907163440_0003_V.JPG,DJI_20260907163440_0003_V.JPG,2026-09-07T16:34:40.000000,2026-09-07T16:34:40.000000,,,,LRFTargetDistance / LRFStatus,0.863 m / Normal,DJI published laser blind zone 1 m,Retain target record but verify whether this is current range or retained/invalid target before using as reference,
MRK_INVALID_ABSOLUTE_TIME,medium,B1,uav-09,1581F7K3C24CS00AX535,53HFNBG0M7XACS,Wide,@raw/01_第一批_20260907_1602_单火点/02_激光打点与定位验证/01_事后打点候选/无人机09_1581F7K3C24CS00AX535/DJI_202609071621_002/DJI_20260907163440_0003_V.JPG,DJI_20260907163440_0003_V.JPG,2026-09-07T16:34:40.000000,2026-09-07T16:34:40.000000,,,,MRK GPS week/TOW,-522/-259200.000000,2026:09:07 16:34:40,"MRK event/position exists, but -522/-259200 sentinel prevents absolute exposure time recovery from MRK",@raw/01_第一批_20260907_1602_单火点/02_激光打点与定位验证/01_事后打点候选/无人机09_1581F7K3C24CS00AX535/DJI_202609071621_002/DJI_202609071621_002_Timestamp.MRK
IMAGE_SOURCE_NOT_PHYSICAL_LENS,medium,B2,uav-09,1581F7K3C24CS00AX535,53HFNBG0M7XACS,Wide,@raw/02_第二批_20260908_0924_单火点/02_激光打点与定位验证/02_放火前打点/无人机09_1581F7K3C24CS00AX535/DJI_202609080915_003/DJI_20260908092258_0002_V.JPG,DJI_20260908092258_0002_V.JPG,2026-09-08T09:22:58.000000,2026-09-08T09:22:58.000000,,,,ImageSource vs camera serial/focal,ZoomCamera,53HFNBG0M7XACS / 6.72 mm / 24 mm eq,ZoomCamera is a mode label here; physical wide sensor,
MRK_INVALID_ABSOLUTE_TIME,medium,B2,uav-09,1581F7K3C24CS00AX535,53HFNBG0M7XACS,Wide,@raw/02_第二批_20260908_0924_单火点/02_激光打点与定位验证/02_放火前打点/无人机09_1581F7K3C24CS00AX535/DJI_202609080915_003/DJI_20260908092258_0002_V.JPG,DJI_20260908092258_0002_V.JPG,2026-09-08T09:22:58.000000,2026-09-08T09:22:58.000000,,,,MRK GPS week/TOW,-522/-259200.000000,2026:09:08 09:22:58,"MRK event/position exists, but -522/-259200 sentinel prevents absolute exposure time recovery from MRK",@raw/02_第二批_20260908_0924_单火点/02_激光打点与定位验证/02_放火前打点/无人机09_1581F7K3C24CS00AX535/DJI_202609080915_003/DJI_202609080915_003_Timestamp.MRK
IMAGE_SOURCE_NOT_PHYSICAL_LENS,medium,B3,uav-03,1581F7K3C255900D76E8,53HFMAW0M7X8D6,Wide,@raw/03_第三批_20260908_1006_多火点/02_激光打点与定位验证/01_事后打点候选/无人机03_1581F7K3C255900D76E8/DJI_202609080957_005/DJI_20260908102028_0002_V.JPG,DJI_20260908102028_0002_V.JPG,2026-09-08T10:20:28.000000,2026-09-08T10:20:28.000000,,,,ImageSource vs camera serial/focal,ZoomCamera,53HFMAW0M7X8D6 / 6.72 mm / 24 mm eq,ZoomCamera is a mode label here; physical wide sensor,
MRK_INVALID_ABSOLUTE_TIME,medium,B3,uav-03,1581F7K3C255900D76E8,53HFMAW0M7X8D6,Wide,@raw/03_第三批_20260908_1006_多火点/02_激光打点与定位验证/01_事后打点候选/无人机03_1581F7K3C255900D76E8/DJI_202609080957_005/DJI_20260908102028_0002_V.JPG,DJI_20260908102028_0002_V.JPG,2026-09-08T10:20:28.000000,2026-09-08T10:20:28.000000,,,,MRK GPS week/TOW,-522/-259200.000000,2026:09:08 10:20:28,"MRK event/position exists, but -522/-259200 sentinel prevents absolute exposure time recovery from MRK",@raw/03_第三批_20260908_1006_多火点/02_激光打点与定位验证/01_事后打点候选/无人机03_1581F7K3C255900D76E8/DJI_202609080957_005/DJI_202609080957_005_Timestamp.MRK
JPG_EXIF_UTC_DISAGREE,medium,B3,uav-08,1581F7K3C256N00DCP1T,53HFN4G0M7X2GZ,Wide,@raw/03_第三批_20260908_1006_多火点/02_激光打点与定位验证/01_事后打点候选/无人机08_1581F7K3C256N00DCP1T/DJI_202609080958_004/DJI_20260908101936_0003_V.JPG,DJI_20260908101936_0003_V.JPG,2026-09-08T10:19:36.000000,2026-09-08T10:19:36.000000,2026:09:08 02:19:55.851125,,,DateTimeOriginal vs UTCAtExposure (+8h),2026:09:08 10:19:36,2026:09:08 02:19:55.851125,UTCAtExposure is 19.851125 s after EXIF/filename; MRK numerical week-second agreement=0.0,
JPG_EXIF_UTC_DISAGREE,medium,B3,uav-08,1581F7K3C256N00DCP1T,53HFN4G0M7X2GZ,Wide,@raw/03_第三批_20260908_1006_多火点/02_激光打点与定位验证/01_事后打点候选/无人机08_1581F7K3C256N00DCP1T/DJI_202609080958_004/DJI_20260908102052_0005_V.JPG,DJI_20260908102052_0005_V.JPG,2026-09-08T10:20:52.000000,2026-09-08T10:20:52.000000,2026:09:08 02:21:13.097223,,,DateTimeOriginal vs UTCAtExposure (+8h),2026:09:08 10:20:52,2026:09:08 02:21:13.097223,UTCAtExposure is 21.097223 s after EXIF/filename; MRK numerical week-second agreement=0.0,
MRK_INVALID_ABSOLUTE_TIME,medium,B3,uav-09,1581F7K3C24CS00AX535,5ZAFNBR13A06WM,MediumTele,@raw/03_第三批_20260908_1006_多火点/02_激光打点与定位验证/01_事后打点候选/无人机09_1581F7K3C24CS00AX535/DJI_202609080957_004/DJI_20260908102220_0002_V.JPG,DJI_20260908102220_0002_V.JPG,2026-09-08T10:22:20.000000,2026-09-08T10:22:20.000000,,,,MRK GPS week/TOW,-522/-259200.000000,2026:09:08 10:22:20,"MRK event/position exists, but -522/-259200 sentinel prevents absolute exposure time recovery from MRK",@raw/03_第三批_20260908_1006_多火点/02_激光打点与定位验证/01_事后打点候选/无人机09_1581F7K3C24CS00AX535/DJI_202609080957_004/DJI_202609080957_004_Timestamp.MRK
IMAGE_SOURCE_NOT_PHYSICAL_LENS,medium,B3,uav-09,1581F7K3C24CS00AX535,53HFNBG0M7XACS,Wide,@raw/03_第三批_20260908_1006_多火点/02_激光打点与定位验证/01_事后打点候选/无人机09_1581F7K3C24CS00AX535/DJI_202609080957_004/DJI_20260908102300_0003_V.JPG,DJI_20260908102300_0003_V.JPG,2026-09-08T10:23:00.000000,2026-09-08T10:23:00.000000,,,,ImageSource vs camera serial/focal,ZoomCamera,53HFNBG0M7XACS / 6.72 mm / 24 mm eq,ZoomCamera is a mode label here; physical wide sensor,
MRK_INVALID_ABSOLUTE_TIME,medium,B3,uav-09,1581F7K3C24CS00AX535,53HFNBG0M7XACS,Wide,@raw/03_第三批_20260908_1006_多火点/02_激光打点与定位验证/01_事后打点候选/无人机09_1581F7K3C24CS00AX535/DJI_202609080957_004/DJI_20260908102300_0003_V.JPG,DJI_20260908102300_0003_V.JPG,2026-09-08T10:23:00.000000,2026-09-08T10:23:00.000000,,,,MRK GPS week/TOW,-522/-259200.000000,2026:09:08 10:23:00,"MRK event/position exists, but -522/-259200 sentinel prevents absolute exposure time recovery from MRK",@raw/03_第三批_20260908_1006_多火点/02_激光打点与定位验证/01_事后打点候选/无人机09_1581F7K3C24CS00AX535/DJI_202609080957_004/DJI_202609080957_004_Timestamp.MRK
IMAGE_SOURCE_NOT_PHYSICAL_LENS,medium,B3,uav-09,1581F7K3C24CS00AX535,53HFNBG0M7XACS,Wide,@raw/03_第三批_20260908_1006_多火点/02_激光打点与定位验证/01_事后打点候选/无人机09_1581F7K3C24CS00AX535/DJI_202609080957_004/DJI_20260908102305_0004_V.JPG,DJI_20260908102305_0004_V.JPG,2026-09-08T10:23:05.000000,2026-09-08T10:23:05.000000,,,,ImageSource vs camera serial/focal,ZoomCamera,53HFNBG0M7XACS / 6.72 mm / 24 mm eq,ZoomCamera is a mode label here; physical wide sensor,
MRK_INVALID_ABSOLUTE_TIME,medium,B3,uav-09,1581F7K3C24CS00AX535,53HFNBG0M7XACS,Wide,@raw/03_第三批_20260908_1006_多火点/02_激光打点与定位验证/01_事后打点候选/无人机09_1581F7K3C24CS00AX535/DJI_202609080957_004/DJI_20260908102305_0004_V.JPG,DJI_20260908102305_0004_V.JPG,2026-09-08T10:23:05.000000,2026-09-08T10:23:05.000000,,,,MRK GPS week/TOW,-522/-259200.000000,2026:09:08 10:23:05,"MRK event/position exists, but -522/-259200 sentinel prevents absolute exposure time recovery from MRK",@raw/03_第三批_20260908_1006_多火点/02_激光打点与定位验证/01_事后打点候选/无人机09_1581F7K3C24CS00AX535/DJI_202609080957_004/DJI_202609080957_004_Timestamp.MRK
JPG_EXIF_UTC_DISAGREE,medium,B3,uav-09,1581F7K3C24CS00AX535,53HFNBG0M7XACS,Wide,@raw/03_第三批_20260908_1006_多火点/02_激光打点与定位验证/02_其他打点_待核验/无人机09_1581F7K3C24CS00AX535/DJI_202609081033_005/DJI_20260908103451_0001_V.JPG,DJI_20260908103451_0001_V.JPG,2026-09-08T10:34:51.000000,2026-09-08T10:34:51.000000,2026:09:08 02:35:07.744996,,,DateTimeOriginal vs UTCAtExposure (+8h),2026:09:08 10:34:51,2026:09:08 02:35:07.744996,UTCAtExposure is 16.744996 s after EXIF/filename; MRK numerical week-second agreement=1e-06,
JPG_EXIF_UTC_DISAGREE,medium,B3,uav-09,1581F7K3C24CS00AX535,53HFNBG0M7XACS,Wide,@raw/03_第三批_20260908_1006_多火点/02_激光打点与定位验证/02_其他打点_待核验/无人机09_1581F7K3C24CS00AX535/DJI_202609081033_005/DJI_20260908103456_0003_V.JPG,DJI_20260908103456_0003_V.JPG,2026-09-08T10:34:56.000000,2026-09-08T10:34:56.000000,2026:09:08 02:35:13.321486,,,DateTimeOriginal vs UTCAtExposure (+8h),2026:09:08 10:34:56,2026:09:08 02:35:13.321486,UTCAtExposure is 17.321486 s after EXIF/filename; MRK numerical week-second agreement=0.0,
IMAGE_SOURCE_NOT_PHYSICAL_LENS,medium,B4,uav-01,1581F7K3C251800CYBVP,53HFM890M7X2RW,Wide,@raw/04_第四批_20260908_1053_多火点与余热点/02_激光打点与定位验证/01_事后打点候选/无人机01_1581F7K3C251800CYBVP/DJI_202609081117_006/DJI_20260908112105_0001_V.JPG,DJI_20260908112105_0001_V.JPG,2026-09-08T11:21:05.000000,2026-09-08T11:21:05.000000,,,,ImageSource vs camera serial/focal,ZoomCamera,53HFM890M7X2RW / 6.72 mm / 24 mm eq,ZoomCamera is a mode label here; physical wide sensor,
MRK_INVALID_ABSOLUTE_TIME,medium,B4,uav-01,1581F7K3C251800CYBVP,53HFM890M7X2RW,Wide,@raw/04_第四批_20260908_1053_多火点与余热点/02_激光打点与定位验证/01_事后打点候选/无人机01_1581F7K3C251800CYBVP/DJI_202609081117_006/DJI_20260908112105_0001_V.JPG,DJI_20260908112105_0001_V.JPG,2026-09-08T11:21:05.000000,2026-09-08T11:21:05.000000,,,,MRK GPS week/TOW,-522/-259200.000000,2026:09:08 11:21:05,"MRK event/position exists, but -522/-259200 sentinel prevents absolute exposure time recovery from MRK",@raw/04_第四批_20260908_1053_多火点与余热点/02_激光打点与定位验证/01_事后打点候选/无人机01_1581F7K3C251800CYBVP/DJI_202609081117_006/DJI_202609081117_006_Timestamp.MRK
IMAGE_SOURCE_NOT_PHYSICAL_LENS,medium,B4,uav-01,1581F7K3C251800CYBVP,53HFM890M7X2RW,Wide,@raw/04_第四批_20260908_1053_多火点与余热点/02_激光打点与定位验证/01_事后打点候选/无人机01_1581F7K3C251800CYBVP/DJI_202609081117_006/DJI_20260908112128_0002_V.JPG,DJI_20260908112128_0002_V.JPG,2026-09-08T11:21:28.000000,2026-09-08T11:21:28.000000,,,,ImageSource vs camera serial/focal,ZoomCamera,53HFM890M7X2RW / 6.72 mm / 24 mm eq,ZoomCamera is a mode label here; physical wide sensor,
MRK_INVALID_ABSOLUTE_TIME,medium,B4,uav-01,1581F7K3C251800CYBVP,53HFM890M7X2RW,Wide,@raw/04_第四批_20260908_1053_多火点与余热点/02_激光打点与定位验证/01_事后打点候选/无人机01_1581F7K3C251800CYBVP/DJI_202609081117_006/DJI_20260908112128_0002_V.JPG,DJI_20260908112128_0002_V.JPG,2026-09-08T11:21:28.000000,2026-09-08T11:21:28.000000,,,,MRK GPS week/TOW,-522/-259200.000000,2026:09:08 11:21:28,"MRK event/position exists, but -522/-259200 sentinel prevents absolute exposure time recovery from MRK",@raw/04_第四批_20260908_1053_多火点与余热点/02_激光打点与定位验证/01_事后打点候选/无人机01_1581F7K3C251800CYBVP/DJI_202609081117_006/DJI_202609081117_006_Timestamp.MRK
IMAGE_SOURCE_NOT_PHYSICAL_LENS,medium,B4,uav-01,1581F7K3C251800CYBVP,53HFM890M7X2RW,Wide,@raw/04_第四批_20260908_1053_多火点与余热点/02_激光打点与定位验证/01_事后打点候选/无人机01_1581F7K3C251800CYBVP/DJI_202609081117_006/DJI_20260908112153_0003_V.JPG,DJI_20260908112153_0003_V.JPG,2026-09-08T11:21:53.000000,2026-09-08T11:21:53.000000,,,,ImageSource vs camera serial/focal,ZoomCamera,53HFM890M7X2RW / 6.72 mm / 24 mm eq,ZoomCamera is a mode label here; physical wide sensor,
MRK_INVALID_ABSOLUTE_TIME,medium,B4,uav-01,1581F7K3C251800CYBVP,53HFM890M7X2RW,Wide,@raw/04_第四批_20260908_1053_多火点与余热点/02_激光打点与定位验证/01_事后打点候选/无人机01_1581F7K3C251800CYBVP/DJI_202609081117_006/DJI_20260908112153_0003_V.JPG,DJI_20260908112153_0003_V.JPG,2026-09-08T11:21:53.000000,2026-09-08T11:21:53.000000,,,,MRK GPS week/TOW,-522/-259200.000000,2026:09:08 11:21:53,"MRK event/position exists, but -522/-259200 sentinel prevents absolute exposure time recovery from MRK",@raw/04_第四批_20260908_1053_多火点与余热点/02_激光打点与定位验证/01_事后打点候选/无人机01_1581F7K3C251800CYBVP/DJI_202609081117_006/DJI_202609081117_006_Timestamp.MRK
IMAGE_SOURCE_NOT_PHYSICAL_LENS,medium,B4,uav-01,1581F7K3C251800CYBVP,53HFM890M7X2RW,Wide,@raw/04_第四批_20260908_1053_多火点与余热点/02_激光打点与定位验证/01_事后打点候选/无人机01_1581F7K3C251800CYBVP/DJI_202609081117_006/DJI_20260908112209_0004_V.JPG,DJI_20260908112209_0004_V.JPG,2026-09-08T11:22:09.000000,2026-09-08T11:22:09.000000,,,,ImageSource vs camera serial/focal,ZoomCamera,53HFM890M7X2RW / 6.72 mm / 24 mm eq,ZoomCamera is a mode label here; physical wide sensor,
MRK_INVALID_ABSOLUTE_TIME,medium,B4,uav-01,1581F7K3C251800CYBVP,53HFM890M7X2RW,Wide,@raw/04_第四批_20260908_1053_多火点与余热点/02_激光打点与定位验证/01_事后打点候选/无人机01_1581F7K3C251800CYBVP/DJI_202609081117_006/DJI_20260908112209_0004_V.JPG,DJI_20260908112209_0004_V.JPG,2026-09-08T11:22:09.000000,2026-09-08T11:22:09.000000,,,,MRK GPS week/TOW,-522/-259200.000000,2026:09:08 11:22:09,"MRK event/position exists, but -522/-259200 sentinel prevents absolute exposure time recovery from MRK",@raw/04_第四批_20260908_1053_多火点与余热点/02_激光打点与定位验证/01_事后打点候选/无人机01_1581F7K3C251800CYBVP/DJI_202609081117_006/DJI_202609081117_006_Timestamp.MRK
IMAGE_SOURCE_NOT_PHYSICAL_LENS,medium,B4,uav-01,1581F7K3C251800CYBVP,53HFM890M7X2RW,Wide,@raw/04_第四批_20260908_1053_多火点与余热点/02_激光打点与定位验证/01_事后打点候选/无人机01_1581F7K3C251800CYBVP/DJI_202609081117_006/DJI_20260908112300_0005_V.JPG,DJI_20260908112300_0005_V.JPG,2026-09-08T11:23:00.000000,2026-09-08T11:23:00.000000,,,,ImageSource vs camera serial/focal,ZoomCamera,53HFM890M7X2RW / 6.72 mm / 24 mm eq,ZoomCamera is a mode label here; physical wide sensor,
MRK_INVALID_ABSOLUTE_TIME,medium,B4,uav-01,1581F7K3C251800CYBVP,53HFM890M7X2RW,Wide,@raw/04_第四批_20260908_1053_多火点与余热点/02_激光打点与定位验证/01_事后打点候选/无人机01_1581F7K3C251800CYBVP/DJI_202609081117_006/DJI_20260908112300_0005_V.JPG,DJI_20260908112300_0005_V.JPG,2026-09-08T11:23:00.000000,2026-09-08T11:23:00.000000,,,,MRK GPS week/TOW,-522/-259200.000000,2026:09:08 11:23:00,"MRK event/position exists, but -522/-259200 sentinel prevents absolute exposure time recovery from MRK",@raw/04_第四批_20260908_1053_多火点与余热点/02_激光打点与定位验证/01_事后打点候选/无人机01_1581F7K3C251800CYBVP/DJI_202609081117_006/DJI_202609081117_006_Timestamp.MRK
IMAGE_SOURCE_NOT_PHYSICAL_LENS,medium,B4,uav-01,1581F7K3C251800CYBVP,53HFM890M7X2RW,Wide,@raw/04_第四批_20260908_1053_多火点与余热点/02_激光打点与定位验证/01_事后打点候选/无人机01_1581F7K3C251800CYBVP/DJI_202609081117_006/DJI_20260908112321_0006_V.JPG,DJI_20260908112321_0006_V.JPG,2026-09-08T11:23:21.000000,2026-09-08T11:23:21.000000,,,,ImageSource vs camera serial/focal,ZoomCamera,53HFM890M7X2RW / 6.72 mm / 24 mm eq,ZoomCamera is a mode label here; physical wide sensor,
MRK_INVALID_ABSOLUTE_TIME,medium,B4,uav-01,1581F7K3C251800CYBVP,53HFM890M7X2RW,Wide,@raw/04_第四批_20260908_1053_多火点与余热点/02_激光打点与定位验证/01_事后打点候选/无人机01_1581F7K3C251800CYBVP/DJI_202609081117_006/DJI_20260908112321_0006_V.JPG,DJI_20260908112321_0006_V.JPG,2026-09-08T11:23:21.000000,2026-09-08T11:23:21.000000,,,,MRK GPS week/TOW,-522/-259200.000000,2026:09:08 11:23:21,"MRK event/position exists, but -522/-259200 sentinel prevents absolute exposure time recovery from MRK",@raw/04_第四批_20260908_1053_多火点与余热点/02_激光打点与定位验证/01_事后打点候选/无人机01_1581F7K3C251800CYBVP/DJI_202609081117_006/DJI_202609081117_006_Timestamp.MRK
IMAGE_SOURCE_NOT_PHYSICAL_LENS,medium,B4,uav-01,1581F7K3C251800CYBVP,53HFM890M7X2RW,Wide,@raw/04_第四批_20260908_1053_多火点与余热点/02_激光打点与定位验证/01_事后打点候选/无人机01_1581F7K3C251800CYBVP/DJI_202609081117_006/DJI_20260908112332_0007_V.JPG,DJI_20260908112332_0007_V.JPG,2026-09-08T11:23:32.000000,2026-09-08T11:23:32.000000,,,,ImageSource vs camera serial/focal,ZoomCamera,53HFM890M7X2RW / 6.72 mm / 24 mm eq,ZoomCamera is a mode label here; physical wide sensor,
MRK_INVALID_ABSOLUTE_TIME,medium,B4,uav-01,1581F7K3C251800CYBVP,53HFM890M7X2RW,Wide,@raw/04_第四批_20260908_1053_多火点与余热点/02_激光打点与定位验证/01_事后打点候选/无人机01_1581F7K3C251800CYBVP/DJI_202609081117_006/DJI_20260908112332_0007_V.JPG,DJI_20260908112332_0007_V.JPG,2026-09-08T11:23:32.000000,2026-09-08T11:23:32.000000,,,,MRK GPS week/TOW,-522/-259200.000000,2026:09:08 11:23:32,"MRK event/position exists, but -522/-259200 sentinel prevents absolute exposure time recovery from MRK",@raw/04_第四批_20260908_1053_多火点与余热点/02_激光打点与定位验证/01_事后打点候选/无人机01_1581F7K3C251800CYBVP/DJI_202609081117_006/DJI_202609081117_006_Timestamp.MRK
IMAGE_SOURCE_NOT_PHYSICAL_LENS,medium,B4,uav-01,1581F7K3C251800CYBVP,53HFM890M7X2RW,Wide,@raw/04_第四批_20260908_1053_多火点与余热点/02_激光打点与定位验证/01_事后打点候选/无人机01_1581F7K3C251800CYBVP/DJI_202609081117_006/DJI_20260908112338_0008_V.JPG,DJI_20260908112338_0008_V.JPG,2026-09-08T11:23:38.000000,2026-09-08T11:23:38.000000,,,,ImageSource vs camera serial/focal,ZoomCamera,53HFM890M7X2RW / 6.72 mm / 24 mm eq,ZoomCamera is a mode label here; physical wide sensor,
MRK_INVALID_ABSOLUTE_TIME,medium,B4,uav-01,1581F7K3C251800CYBVP,53HFM890M7X2RW,Wide,@raw/04_第四批_20260908_1053_多火点与余热点/02_激光打点与定位验证/01_事后打点候选/无人机01_1581F7K3C251800CYBVP/DJI_202609081117_006/DJI_20260908112338_0008_V.JPG,DJI_20260908112338_0008_V.JPG,2026-09-08T11:23:38.000000,2026-09-08T11:23:38.000000,,,,MRK GPS week/TOW,-522/-259200.000000,2026:09:08 11:23:38,"MRK event/position exists, but -522/-259200 sentinel prevents absolute exposure time recovery from MRK",@raw/04_第四批_20260908_1053_多火点与余热点/02_激光打点与定位验证/01_事后打点候选/无人机01_1581F7K3C251800CYBVP/DJI_202609081117_006/DJI_202609081117_006_Timestamp.MRK
IMAGE_SOURCE_NOT_PHYSICAL_LENS,medium,B4,uav-01,1581F7K3C251800CYBVP,53HFM890M7X2RW,Wide,@raw/04_第四批_20260908_1053_多火点与余热点/02_激光打点与定位验证/01_事后打点候选/无人机01_1581F7K3C251800CYBVP/DJI_202609081117_006/DJI_20260908112405_0009_V.JPG,DJI_20260908112405_0009_V.JPG,2026-09-08T11:24:05.000000,2026-09-08T11:24:05.000000,,,,ImageSource vs camera serial/focal,ZoomCamera,53HFM890M7X2RW / 6.72 mm / 24 mm eq,ZoomCamera is a mode label here; physical wide sensor,
MRK_INVALID_ABSOLUTE_TIME,medium,B4,uav-01,1581F7K3C251800CYBVP,53HFM890M7X2RW,Wide,@raw/04_第四批_20260908_1053_多火点与余热点/02_激光打点与定位验证/01_事后打点候选/无人机01_1581F7K3C251800CYBVP/DJI_202609081117_006/DJI_20260908112405_0009_V.JPG,DJI_20260908112405_0009_V.JPG,2026-09-08T11:24:05.000000,2026-09-08T11:24:05.000000,,,,MRK GPS week/TOW,-522/-259200.000000,2026:09:08 11:24:05,"MRK event/position exists, but -522/-259200 sentinel prevents absolute exposure time recovery from MRK",@raw/04_第四批_20260908_1053_多火点与余热点/02_激光打点与定位验证/01_事后打点候选/无人机01_1581F7K3C251800CYBVP/DJI_202609081117_006/DJI_202609081117_006_Timestamp.MRK
MRK_EXPOSURE_OUTSIDE_RINEX_OBS,high,B3,uav-08,1581F7K3C256N00DCP1T,,,@raw/03_第三批_20260908_1006_多火点/02_激光打点与定位验证/01_事后打点候选/无人机08_1581F7K3C256N00DCP1T/DJI_202609080958_004/DJI_20260908101937_0004_D.MRK,DJI_20260908101937_0004_D.MRK,,,,,,MRK GPS exposure vs OBS observation interval,2026-09-08T02:19:55.851125,2026-09-08T02:20:56.600000..2026-09-08T02:22:13.400000,MRK event 3 is 60.749 s outside available RINEX observation interval; PPK coverage incomplete,@raw/03_第三批_20260908_1006_多火点/02_激光打点与定位验证/01_事后打点候选/无人机08_1581F7K3C256N00DCP1T/DJI_202609080958_004/DJI_20260908101937_0004_D.OBS
S_V_SUBTITLE_LENS_STATE_CONFLICT,high,B1,uav-04,1581F7K33258900AP021,,video_visible,@raw/01_第一批_20260907_1602_单火点/01_正式视频/无人机04_1581F7K33258900AP021/DJI_202609071553_033/DJI_20260907160203_0002_V.MP4,DJI_20260907160203_0002_V.MP4,,,,2026-09-07 16:02:03.730,0.5,focal_len / dzoom_ratio,S=52.70/1.00,V=55.30/2.30,Concurrent S and V embedded subtitles encode different lens states; associate telemetry with the imaged channel,@raw/01_第一批_20260907_1602_单火点/01_正式视频/无人机04_1581F7K33258900AP021/DJI_202609071553_033/DJI_20260907160203_0002_S.MP4
S_V_SUBTITLE_LENS_STATE_CONFLICT,high,B1,uav-04,1581F7K33258900AP021,,video_visible,@raw/01_第一批_20260907_1602_单火点/01_正式视频/无人机04_1581F7K33258900AP021/DJI_202609071553_033/DJI_20260907160203_0002_V.MP4,DJI_20260907160203_0002_V.MP4,,,,2026-09-07 16:09:36.185,453.40295,focal_len / dzoom_ratio,S=52.70/1.00,V=55.30/2.30,Concurrent S and V embedded subtitles encode different lens states; associate telemetry with the imaged channel,@raw/01_第一批_20260907_1602_单火点/01_正式视频/无人机04_1581F7K33258900AP021/DJI_202609071553_033/DJI_20260907160203_0002_S.MP4
S_V_SUBTITLE_LENS_STATE_CONFLICT,high,B1,uav-04,1581F7K33258900AP021,,video_visible,@raw/01_第一批_20260907_1602_单火点/01_正式视频/无人机04_1581F7K33258900AP021/DJI_202609071553_033/DJI_20260907160203_0002_V.MP4,DJI_20260907160203_0002_V.MP4,,,,2026-09-07 16:17:08.646,905.8059,focal_len / dzoom_ratio,S=52.70/1.00,V=55.30/2.30,Concurrent S and V embedded subtitles encode different lens states; associate telemetry with the imaged channel,@raw/01_第一批_20260907_1602_单火点/01_正式视频/无人机04_1581F7K33258900AP021/DJI_202609071553_033/DJI_20260907160203_0002_S.MP4
S_V_SUBTITLE_LENS_STATE_CONFLICT,high,B1,uav-06,1581F7K3C254N00D16Y8,,video_visible,@raw/01_第一批_20260907_1602_单火点/01_正式视频/无人机06_1581F7K3C254N00D16Y8/DJI_202609071535_001/DJI_20260907160153_0002_V.MP4,DJI_20260907160153_0002_V.MP4,,,,2026-09-07 16:09:31.001,457.7739835,focal_len / dzoom_ratio,S=52.70/1.00,V=24.00/1.00,Concurrent S and V embedded subtitles encode different lens states; associate telemetry with the imaged channel,@raw/01_第一批_20260907_1602_单火点/01_正式视频/无人机06_1581F7K3C254N00D16Y8/DJI_202609071535_001/DJI_20260907160153_0002_S.MP4
S_V_SUBTITLE_LENS_STATE_CONFLICT,high,B1,uav-06,1581F7K3C254N00D16Y8,,video_visible,@raw/01_第一批_20260907_1602_单火点/01_正式视频/无人机06_1581F7K3C254N00D16Y8/DJI_202609071535_001/DJI_20260907160153_0002_V.MP4,DJI_20260907160153_0002_V.MP4,,,,2026-09-07 16:17:07.464,914.547967,focal_len / dzoom_ratio,S=52.70/1.00,V=24.00/1.00,Concurrent S and V embedded subtitles encode different lens states; associate telemetry with the imaged channel,@raw/01_第一批_20260907_1602_单火点/01_正式视频/无人机06_1581F7K3C254N00D16Y8/DJI_202609071535_001/DJI_20260907160153_0002_S.MP4
S_V_SUBTITLE_LENS_STATE_CONFLICT,high,B1,uav-07,1581F7K3325B100AS0AG,,video_visible,@raw/01_第一批_20260907_1602_单火点/01_正式视频/无人机07_1581F7K3325B100AS0AG/DJI_202609071532_001/DJI_20260907160202_0005_V.MP4,DJI_20260907160202_0005_V.MP4,,,,2026-09-07 16:11:01.436,539.2053335,focal_len / dzoom_ratio,S=52.70/1.00,V=54.00/2.25,Concurrent S and V embedded subtitles encode different lens states; associate telemetry with the imaged channel,@raw/01_第一批_20260907_1602_单火点/01_正式视频/无人机07_1581F7K3325B100AS0AG/DJI_202609071532_001/DJI_20260907160202_0005_S.MP4
S_V_SUBTITLE_LENS_STATE_CONFLICT,high,B2,uav-02,1581F7K3C267500D2DQD,,video_visible,@raw/02_第二批_20260908_0924_单火点/01_正式视频/无人机02_1581F7K3C267500D2DQD/DJI_202609080909_004/DJI_20260908092422_0002_V.MP4,DJI_20260908092422_0002_V.MP4,,,,2026-09-08 09:32:43.163,501.4676335,focal_len / dzoom_ratio,S=52.70/1.00,V=53.80/2.24,Concurrent S and V embedded subtitles encode different lens states; associate telemetry with the imaged channel,@raw/02_第二批_20260908_0924_单火点/01_正式视频/无人机02_1581F7K3C267500D2DQD/DJI_202609080909_004/DJI_20260908092422_0002_S.MP4
S_V_SUBTITLE_LENS_STATE_CONFLICT,high,B2,uav-02,1581F7K3C267500D2DQD,,video_visible,@raw/02_第二批_20260908_0924_单火点/01_正式视频/无人机02_1581F7K3C267500D2DQD/DJI_202609080909_004/DJI_20260908092422_0002_V.MP4,DJI_20260908092422_0002_V.MP4,,,,2026-09-08 09:41:03.680,1001.935267,focal_len / dzoom_ratio,S=52.70/1.00,V=53.80/2.24,Concurrent S and V embedded subtitles encode different lens states; associate telemetry with the imaged channel,@raw/02_第二批_20260908_0924_单火点/01_正式视频/无人机02_1581F7K3C267500D2DQD/DJI_202609080909_004/DJI_20260908092422_0002_S.MP4
S_V_SUBTITLE_LENS_STATE_CONFLICT,high,B2,uav-07,1581F7K3325B100AS0AG,,video_visible,@raw/02_第二批_20260908_0924_单火点/01_正式视频/无人机07_1581F7K3325B100AS0AG/DJI_202609080909_002/DJI_20260908092438_0002_V.MP4,DJI_20260908092438_0002_V.MP4,,,,2026-09-08 09:24:38.306,0.5,focal_len / dzoom_ratio,S=52.70/1.00,V=54.10/2.25,Concurrent S and V embedded subtitles encode different lens states; associate telemetry with the imaged channel,@raw/02_第二批_20260908_0924_单火点/01_正式视频/无人机07_1581F7K3325B100AS0AG/DJI_202609080909_002/DJI_20260908092438_0002_S.MP4
S_V_SUBTITLE_LENS_STATE_CONFLICT,high,B3,uav-02,1581F7K3C267500D2DQD,,video_visible,@raw/03_第三批_20260908_1006_多火点/01_正式视频/无人机02_1581F7K3C267500D2DQD/DJI_202609080957_005/DJI_20260908100606_0001_V.MP4,DJI_20260908100606_0001_V.MP4,,,,2026-09-08 10:20:19.105,852.485967,focal_len / dzoom_ratio,S=52.70/1.00,V=53.00/2.21,Concurrent S and V embedded subtitles encode different lens states; associate telemetry with the imaged channel,@raw/03_第三批_20260908_1006_多火点/01_正式视频/无人机02_1581F7K3C267500D2DQD/DJI_202609080957_005/DJI_20260908100606_0001_S.MP4
S_V_SUBTITLE_LENS_STATE_CONFLICT,high,B3,uav-05,1581F7K3C251400CFB45,,video_visible,@raw/03_第三批_20260908_1006_多火点/01_正式视频/无人机05_1581F7K3C251400CFB45/DJI_202609080957_004/DJI_20260908100545_0001_V.MP4,DJI_20260908100545_0001_V.MP4,,,,2026-09-08 10:05:46.121,0.5,focal_len / dzoom_ratio,S=52.70/1.00,V=53.00/2.21,Concurrent S and V embedded subtitles encode different lens states; associate telemetry with the imaged channel,@raw/03_第三批_20260908_1006_多火点/01_正式视频/无人机05_1581F7K3C251400CFB45/DJI_202609080957_004/DJI_20260908100545_0001_S.MP4
S_V_SUBTITLE_LENS_STATE_CONFLICT,high,B3,uav-05,1581F7K3C251400CFB45,,video_visible,@raw/03_第三批_20260908_1006_多火点/01_正式视频/无人机05_1581F7K3C251400CFB45/DJI_202609080957_004/DJI_20260908100545_0001_V.MP4,DJI_20260908100545_0001_V.MP4,,,,2026-09-08 10:13:02.547,436.7696665,focal_len / dzoom_ratio,S=52.70/1.00,V=53.00/2.21,Concurrent S and V embedded subtitles encode different lens states; associate telemetry with the imaged channel,@raw/03_第三批_20260908_1006_多火点/01_正式视频/无人机05_1581F7K3C251400CFB45/DJI_202609080957_004/DJI_20260908100545_0001_S.MP4
S_V_SUBTITLE_LENS_STATE_CONFLICT,high,B3,uav-05,1581F7K3C251400CFB45,,video_visible,@raw/03_第三批_20260908_1006_多火点/01_正式视频/无人机05_1581F7K3C251400CFB45/DJI_202609080957_004/DJI_20260908100545_0001_V.MP4,DJI_20260908100545_0001_V.MP4,,,,2026-09-08 10:20:17.992,872.539333,focal_len / dzoom_ratio,S=52.70/1.00,V=53.00/2.21,Concurrent S and V embedded subtitles encode different lens states; associate telemetry with the imaged channel,@raw/03_第三批_20260908_1006_多火点/01_正式视频/无人机05_1581F7K3C251400CFB45/DJI_202609080957_004/DJI_20260908100545_0001_S.MP4
S_V_SUBTITLE_LENS_STATE_CONFLICT,high,B3,uav-08,1581F7K3C256N00DCP1T,,video_visible,@raw/03_第三批_20260908_1006_多火点/01_正式视频/无人机08_1581F7K3C256N00DCP1T/DJI_202609080958_004/DJI_20260908100611_0001_V.MP4,DJI_20260908100611_0001_V.MP4,,,,2026-09-08 10:12:31.245,379.5458335,focal_len / dzoom_ratio,S=52.70/1.00,V=24.00/1.00,Concurrent S and V embedded subtitles encode different lens states; associate telemetry with the imaged channel,@raw/03_第三批_20260908_1006_多火点/01_正式视频/无人机08_1581F7K3C256N00DCP1T/DJI_202609080958_004/DJI_20260908100611_0001_S.MP4
S_V_SUBTITLE_LENS_STATE_CONFLICT,high,B3,uav-08,1581F7K3C256N00DCP1T,,video_visible,@raw/03_第三批_20260908_1006_多火点/01_正式视频/无人机08_1581F7K3C256N00DCP1T/DJI_202609080958_004/DJI_20260908100611_0001_V.MP4,DJI_20260908100611_0001_V.MP4,,,,2026-09-08 10:18:49.629,758.091667,focal_len / dzoom_ratio,S=52.70/1.00,V=24.00/1.00,Concurrent S and V embedded subtitles encode different lens states; associate telemetry with the imaged channel,@raw/03_第三批_20260908_1006_多火点/01_正式视频/无人机08_1581F7K3C256N00DCP1T/DJI_202609080958_004/DJI_20260908100611_0001_S.MP4
S_V_SUBTITLE_LENS_STATE_CONFLICT,high,B4,uav-02,1581F7K3C267500D2DQD,,video_visible,@raw/04_第四批_20260908_1053_多火点与余热点/01_正式视频/无人机02_1581F7K3C267500D2DQD/DJI_202609081040_006/DJI_20260908105306_0001_V.MP4,DJI_20260908105306_0001_V.MP4,,,,2026-09-08 10:53:07.099,0.5,focal_len / dzoom_ratio,S=52.70/1.00,V=52.80/2.20,Concurrent S and V embedded subtitles encode different lens states; associate telemetry with the imaged channel,@raw/04_第四批_20260908_1053_多火点与余热点/01_正式视频/无人机02_1581F7K3C267500D2DQD/DJI_202609081040_006/DJI_20260908105306_0001_S.MP4
S_V_SUBTITLE_LENS_STATE_CONFLICT,high,B4,uav-02,1581F7K3C267500D2DQD,,video_visible,@raw/04_第四批_20260908_1053_多火点与余热点/01_正式视频/无人机02_1581F7K3C267500D2DQD/DJI_202609081040_006/DJI_20260908105306_0001_V.MP4,DJI_20260908105306_0001_V.MP4,,,,2026-09-08 11:00:10.476,423.8901335,focal_len / dzoom_ratio,S=52.70/1.00,V=52.80/2.20,Concurrent S and V embedded subtitles encode different lens states; associate telemetry with the imaged channel,@raw/04_第四批_20260908_1053_多火点与余热点/01_正式视频/无人机02_1581F7K3C267500D2DQD/DJI_202609081040_006/DJI_20260908105306_0001_S.MP4
S_V_SUBTITLE_LENS_STATE_CONFLICT,high,B4,uav-02,1581F7K3C267500D2DQD,,video_visible,@raw/04_第四批_20260908_1053_多火点与余热点/01_正式视频/无人机02_1581F7K3C267500D2DQD/DJI_202609081040_006/DJI_20260908105306_0001_V.MP4,DJI_20260908105306_0001_V.MP4,,,,2026-09-08 11:07:12.923,846.780267,focal_len / dzoom_ratio,S=52.70/1.00,V=52.80/2.20,Concurrent S and V embedded subtitles encode different lens states; associate telemetry with the imaged channel,@raw/04_第四批_20260908_1053_多火点与余热点/01_正式视频/无人机02_1581F7K3C267500D2DQD/DJI_202609081040_006/DJI_20260908105306_0001_S.MP4
S_V_SUBTITLE_LENS_STATE_CONFLICT,high,B4,uav-04,1581F7K33258900AP021,,video_visible,@raw/04_第四批_20260908_1053_多火点与余热点/01_正式视频/无人机04_1581F7K33258900AP021/DJI_202609081042_036/DJI_20260908105259_0001_V.MP4,DJI_20260908105259_0001_V.MP4,,,,2026-09-08 10:52:59.778,0.5,focal_len / dzoom_ratio,S=52.70/1.00,V=53.80/2.24,Concurrent S and V embedded subtitles encode different lens states; associate telemetry with the imaged channel,@raw/04_第四批_20260908_1053_多火点与余热点/01_正式视频/无人机04_1581F7K33258900AP021/DJI_202609081042_036/DJI_20260908105259_0001_S.MP4
S_V_SUBTITLE_LENS_STATE_CONFLICT,high,B4,uav-05,1581F7K3C251400CFB45,,video_visible,@raw/04_第四批_20260908_1053_多火点与余热点/01_正式视频/无人机05_1581F7K3C251400CFB45/DJI_202609081039_005/DJI_20260908105253_0001_V.MP4,DJI_20260908105253_0001_V.MP4,,,,2026-09-08 11:01:00.181,487.3702165,focal_len / dzoom_ratio,S=52.70/1.00,V=55.10/2.30,Concurrent S and V embedded subtitles encode different lens states; associate telemetry with the imaged channel,@raw/04_第四批_20260908_1053_多火点与余热点/01_正式视频/无人机05_1581F7K3C251400CFB45/DJI_202609081039_005/DJI_20260908105253_0001_S.MP4
S_V_SUBTITLE_LENS_STATE_CONFLICT,high,B4,uav-06,1581F7K3C254N00D16Y8,,video_visible,@raw/04_第四批_20260908_1053_多火点与余热点/01_正式视频/无人机06_1581F7K3C254N00D16Y8/DJI_202609081040_004/DJI_20260908105300_0001_V.MP4,DJI_20260908105300_0001_V.MP4,,,,2026-09-08 11:00:06.652,425.4416835,focal_len / dzoom_ratio,S=52.70/1.00,V=54.70/2.28,Concurrent S and V embedded subtitles encode different lens states; associate telemetry with the imaged channel,@raw/04_第四批_20260908_1053_多火点与余热点/01_正式视频/无人机06_1581F7K3C254N00D16Y8/DJI_202609081040_004/DJI_20260908105300_0001_S.MP4
S_V_SUBTITLE_LENS_STATE_CONFLICT,high,B4,uav-08,1581F7K3C256N00DCP1T,,video_visible,@raw/04_第四批_20260908_1053_多火点与余热点/01_正式视频/无人机08_1581F7K3C256N00DCP1T/DJI_202609081036_005/DJI_20260908105257_0001_V.MP4,DJI_20260908105257_0001_V.MP4,,,,2026-09-08 11:01:57.278,539.6391,focal_len / dzoom_ratio,S=52.70/1.00,V=24.00/1.00,Concurrent S and V embedded subtitles encode different lens states; associate telemetry with the imaged channel,@raw/04_第四批_20260908_1053_多火点与余热点/01_正式视频/无人机08_1581F7K3C256N00DCP1T/DJI_202609081036_005/DJI_20260908105257_0001_S.MP4
S_V_SUBTITLE_LENS_STATE_CONFLICT,high,B90,uav-02,1581F7K3C267500D2DQD,,video_visible,@raw/90_短视频_试拍_补拍/无人机02_1581F7K3C267500D2DQD/DJI_202609071516_002/DJI_20260907152749_0001_V.MP4,DJI_20260907152749_0001_V.MP4,,,,2026-09-07 15:27:49.796,0.5,focal_len / dzoom_ratio,S=52.70/1.00,V=24.00/1.00,Concurrent S and V embedded subtitles encode different lens states; associate telemetry with the imaged channel,@raw/90_短视频_试拍_补拍/无人机02_1581F7K3C267500D2DQD/DJI_202609071516_002/DJI_20260907152749_0001_S.MP4
S_V_SUBTITLE_LENS_STATE_CONFLICT,high,B90,uav-02,1581F7K3C267500D2DQD,,video_visible,@raw/90_短视频_试拍_补拍/无人机02_1581F7K3C267500D2DQD/DJI_202609071516_002/DJI_20260907152749_0001_V.MP4,DJI_20260907152749_0001_V.MP4,,,,2026-09-07 15:28:40.845,51.4847665,focal_len / dzoom_ratio,S=52.70/1.00,V=24.00/1.00,Concurrent S and V embedded subtitles encode different lens states; associate telemetry with the imaged channel,@raw/90_短视频_试拍_补拍/无人机02_1581F7K3C267500D2DQD/DJI_202609071516_002/DJI_20260907152749_0001_S.MP4
S_V_SUBTITLE_LENS_STATE_CONFLICT,high,B90,uav-02,1581F7K3C267500D2DQD,,video_visible,@raw/90_短视频_试拍_补拍/无人机02_1581F7K3C267500D2DQD/DJI_202609071516_002/DJI_20260907152749_0001_V.MP4,DJI_20260907152749_0001_V.MP4,,,,2026-09-07 15:29:30.893,101.969533,focal_len / dzoom_ratio,S=52.70/1.00,V=24.00/1.00,Concurrent S and V embedded subtitles encode different lens states; associate telemetry with the imaged channel,@raw/90_短视频_试拍_补拍/无人机02_1581F7K3C267500D2DQD/DJI_202609071516_002/DJI_20260907152749_0001_S.MP4
S_V_SUBTITLE_LENS_STATE_CONFLICT,high,B90,uav-03,1581F7K3C255900D76E8,,video_visible,@raw/90_短视频_试拍_补拍/无人机03_1581F7K3C255900D76E8/DJI_202609071609_002/DJI_20260907161154_0001_V.MP4,DJI_20260907161154_0001_V.MP4,,,,2026-09-07 16:13:31.918,97.731967,focal_len / dzoom_ratio,S=52.70/1.00,V=52.90/2.20,Concurrent S and V embedded subtitles encode different lens states; associate telemetry with the imaged channel,@raw/90_短视频_试拍_补拍/无人机03_1581F7K3C255900D76E8/DJI_202609071609_002/DJI_20260907161154_0001_S.MP4
S_V_SUBTITLE_LENS_STATE_CONFLICT,high,B90,uav-05,1581F7K3C251400CFB45,,video_visible,@raw/90_短视频_试拍_补拍/无人机05_1581F7K3C251400CFB45/DJI_202609071622_002/DJI_20260907162723_0002_V.MP4,DJI_20260907162723_0002_V.MP4,,,,2026-09-07 16:27:24.043,0.5,focal_len / dzoom_ratio,S=52.70/1.00,V=172.10/2.46,Concurrent S and V embedded subtitles encode different lens states; associate telemetry with the imaged channel,@raw/90_短视频_试拍_补拍/无人机05_1581F7K3C251400CFB45/DJI_202609071622_002/DJI_20260907162723_0002_S.MP4
S_V_SUBTITLE_LENS_STATE_CONFLICT,high,B90,uav-05,1581F7K3C251400CFB45,,video_visible,@raw/90_短视频_试拍_补拍/无人机05_1581F7K3C251400CFB45/DJI_202609071622_002/DJI_20260907162723_0002_V.MP4,DJI_20260907162723_0002_V.MP4,,,,2026-09-07 16:27:25.028,1.6683335,focal_len / dzoom_ratio,S=52.70/1.00,V=172.10/2.46,Concurrent S and V embedded subtitles encode different lens states; associate telemetry with the imaged channel,@raw/90_短视频_试拍_补拍/无人机05_1581F7K3C251400CFB45/DJI_202609071622_002/DJI_20260907162723_0002_S.MP4
S_V_SUBTITLE_LENS_STATE_CONFLICT,high,B90,uav-05,1581F7K3C251400CFB45,,video_visible,@raw/90_短视频_试拍_补拍/无人机05_1581F7K3C251400CFB45/DJI_202609071622_002/DJI_20260907162723_0002_V.MP4,DJI_20260907162723_0002_V.MP4,,,,2026-09-07 16:27:26.029,2.336667,focal_len / dzoom_ratio,S=52.70/1.00,V=172.10/2.46,Concurrent S and V embedded subtitles encode different lens states; associate telemetry with the imaged channel,@raw/90_短视频_试拍_补拍/无人机05_1581F7K3C251400CFB45/DJI_202609071622_002/DJI_20260907162723_0002_S.MP4
S_V_SUBTITLE_LENS_STATE_CONFLICT,high,B90,uav-09,1581F7K3C24CS00AX535,,video_visible,@raw/90_短视频_试拍_补拍/无人机09_1581F7K3C24CS00AX535/DJI_202609071543_001/DJI_20260907154450_0001_V.MP4,DJI_20260907154450_0001_V.MP4,,,,2026-09-07 15:44:50.798,0.5,focal_len / dzoom_ratio,S=52.70/1.00,V=24.00/1.00,Concurrent S and V embedded subtitles encode different lens states; associate telemetry with the imaged channel,@raw/90_短视频_试拍_补拍/无人机09_1581F7K3C24CS00AX535/DJI_202609071543_001/DJI_20260907154450_0001_S.MP4
S_V_SUBTITLE_LENS_STATE_CONFLICT,high,B90,uav-09,1581F7K3C24CS00AX535,,video_visible,@raw/90_短视频_试拍_补拍/无人机09_1581F7K3C24CS00AX535/DJI_202609071543_001/DJI_20260907154450_0001_V.MP4,DJI_20260907154450_0001_V.MP4,,,,2026-09-07 15:44:50.798,0.9342665,focal_len / dzoom_ratio,S=52.70/1.00,V=24.00/1.00,Concurrent S and V embedded subtitles encode different lens states; associate telemetry with the imaged channel,@raw/90_短视频_试拍_补拍/无人机09_1581F7K3C24CS00AX535/DJI_202609071543_001/DJI_20260907154450_0001_S.MP4
S_V_SUBTITLE_LENS_STATE_CONFLICT,high,B90,uav-09,1581F7K3C24CS00AX535,,video_visible,@raw/90_短视频_试拍_补拍/无人机09_1581F7K3C24CS00AX535/DJI_202609071543_001/DJI_20260907154450_0001_V.MP4,DJI_20260907154450_0001_V.MP4,,,,2026-09-07 15:44:50.798,0.868533,focal_len / dzoom_ratio,S=52.70/1.00,V=24.00/1.00,Concurrent S and V embedded subtitles encode different lens states; associate telemetry with the imaged channel,@raw/90_短视频_试拍_补拍/无人机09_1581F7K3C24CS00AX535/DJI_202609071543_001/DJI_20260907154450_0001_S.MP4
B3_S_V_CHANNEL_CONFLICT,high,B3,uav-04,,,video_visible,@raw/03_第三批_20260908_1006_多火点/01_正式视频/无人机04_1581F7K33258900AP021/DJI_202609080957_035/DJI_20260908100549_0001_V.MP4,DJI_20260908100549_0001_V.MP4,,,,2026-09-08 10:06:59.596,71.0,focal_len / dzoom_ratio,S=52.70/1.00,V=53.80/2.24,"At nominal PTS 71.0 s, historical V input 53.8/2.24 agrees with V stream; S agrees with T-like 52.7/1.00. Exact exported still-frame PTS remains unproven.",@raw/03_第三批_20260908_1006_多火点/01_正式视频/无人机04_1581F7K33258900AP021/DJI_202609080957_035/DJI_20260908100549_0001_S.MP4
B3_S_V_CHANNEL_CONFLICT,high,B3,uav-09,,,video_visible,@raw/03_第三批_20260908_1006_多火点/01_正式视频/无人机09_1581F7K3C24CS00AX535/DJI_202609080957_004/DJI_20260908100604_0001_V.MP4,DJI_20260908100604_0001_V.MP4,,,,2026-09-08 10:06:59.062,55.0,focal_len / dzoom_ratio,S=52.70/1.00,V=54.70/2.28,"At nominal PTS 55.0 s, historical V input 54.7/2.28 agrees with V stream; S agrees with T-like 52.7/1.00. Exact exported still-frame PTS remains unproven.",@raw/03_第三批_20260908_1006_多火点/01_正式视频/无人机09_1581F7K3C24CS00AX535/DJI_202609080957_004/DJI_20260908100604_0001_S.MP4
S_V_SUBTITLE_FULL_RECORDING_CONFLICT,high,B1,uav-01,1581F7K3C251800CYBVP,,video_visible,@raw/01_第一批_20260907_1602_单火点/01_正式视频/无人机01_1581F7K3C251800CYBVP/DJI_202609071553_002/DJI_20260907160207_0001_V.MP4,DJI_20260907160207_0001_V.MP4,,,,,,full S/V focal_len or dzoom_ratio state,305.368 s conflict,904.771 s overlap,"3 conflict intervals; exact original states, paths and PTS in video_channel_state_conflicts_full.csv",@raw/01_第一批_20260907_1602_单火点/01_正式视频/无人机01_1581F7K3C251800CYBVP/DJI_202609071553_002/DJI_20260907160207_0001_S.MP4
S_V_SUBTITLE_FULL_RECORDING_CONFLICT,high,B1,uav-02,1581F7K3C267500D2DQD,,video_visible,@raw/01_第一批_20260907_1602_单火点/01_正式视频/无人机02_1581F7K3C267500D2DQD/DJI_202609071534_003/DJI_20260907160153_0005_V.MP4,DJI_20260907160153_0005_V.MP4,,,,,,full S/V focal_len or dzoom_ratio state,12.766 s conflict,916.603 s overlap,"2 conflict intervals; exact original states, paths and PTS in video_channel_state_conflicts_full.csv",@raw/01_第一批_20260907_1602_单火点/01_正式视频/无人机02_1581F7K3C267500D2DQD/DJI_202609071534_003/DJI_20260907160153_0005_S.MP4
S_V_SUBTITLE_FULL_RECORDING_CONFLICT,high,B1,uav-04,1581F7K33258900AP021,,video_visible,@raw/01_第一批_20260907_1602_单火点/01_正式视频/无人机04_1581F7K33258900AP021/DJI_202609071553_033/DJI_20260907160203_0002_V.MP4,DJI_20260907160203_0002_V.MP4,,,,,,full S/V focal_len or dzoom_ratio state,479.309 s conflict,906.806 s overlap,"10 conflict intervals; exact original states, paths and PTS in video_channel_state_conflicts_full.csv",@raw/01_第一批_20260907_1602_单火点/01_正式视频/无人机04_1581F7K33258900AP021/DJI_202609071553_033/DJI_20260907160203_0002_S.MP4
S_V_SUBTITLE_FULL_RECORDING_CONFLICT,high,B1,uav-06,1581F7K3C254N00D16Y8,,video_visible,@raw/01_第一批_20260907_1602_单火点/01_正式视频/无人机06_1581F7K3C254N00D16Y8/DJI_202609071535_001/DJI_20260907160153_0002_V.MP4,DJI_20260907160153_0002_V.MP4,,,,,,full S/V focal_len or dzoom_ratio state,580.489 s conflict,915.548 s overlap,"5 conflict intervals; exact original states, paths and PTS in video_channel_state_conflicts_full.csv",@raw/01_第一批_20260907_1602_单火点/01_正式视频/无人机06_1581F7K3C254N00D16Y8/DJI_202609071535_001/DJI_20260907160153_0002_S.MP4
S_V_SUBTITLE_FULL_RECORDING_CONFLICT,high,B1,uav-07,1581F7K3325B100AS0AG,,video_visible,@raw/01_第一批_20260907_1602_单火点/01_正式视频/无人机07_1581F7K3325B100AS0AG/DJI_202609071532_001/DJI_20260907160202_0005_V.MP4,DJI_20260907160202_0005_V.MP4,,,,,,full S/V focal_len or dzoom_ratio state,716.718 s conflict,1078.411 s overlap,"7 conflict intervals; exact original states, paths and PTS in video_channel_state_conflicts_full.csv",@raw/01_第一批_20260907_1602_单火点/01_正式视频/无人机07_1581F7K3325B100AS0AG/DJI_202609071532_001/DJI_20260907160202_0005_S.MP4
S_V_SUBTITLE_FULL_RECORDING_CONFLICT,high,B1,uav-08,1581F7K3C256N00DCP1T,,video_visible,@raw/01_第一批_20260907_1602_单火点/01_正式视频/无人机08_1581F7K3C256N00DCP1T/DJI_202609071536_001/DJI_20260907160201_0001_V.MP4,DJI_20260907160201_0001_V.MP4,,,,,,full S/V focal_len or dzoom_ratio state,355.655 s conflict,1001.378 s overlap,"7 conflict intervals; exact original states, paths and PTS in video_channel_state_conflicts_full.csv",@raw/01_第一批_20260907_1602_单火点/01_正式视频/无人机08_1581F7K3C256N00DCP1T/DJI_202609071536_001/DJI_20260907160201_0001_S.MP4
S_V_SUBTITLE_FULL_RECORDING_CONFLICT,high,B1,uav-09,1581F7K3C24CS00AX535,,video_visible,@raw/01_第一批_20260907_1602_单火点/01_正式视频/无人机09_1581F7K3C24CS00AX535/DJI_202609071543_001/DJI_20260907160202_0003_V.MP4,DJI_20260907160202_0003_V.MP4,,,,,,full S/V focal_len or dzoom_ratio state,13.2 s conflict,915.468 s overlap,"1 conflict intervals; exact original states, paths and PTS in video_channel_state_conflicts_full.csv",@raw/01_第一批_20260907_1602_单火点/01_正式视频/无人机09_1581F7K3C24CS00AX535/DJI_202609071543_001/DJI_20260907160202_0003_S.MP4
S_V_SUBTITLE_FULL_RECORDING_CONFLICT,high,B2,uav-02,1581F7K3C267500D2DQD,,video_visible,@raw/02_第二批_20260908_0924_单火点/01_正式视频/无人机02_1581F7K3C267500D2DQD/DJI_202609080909_004/DJI_20260908092422_0002_V.MP4,DJI_20260908092422_0002_V.MP4,,,,,,full S/V focal_len or dzoom_ratio state,745.233 s conflict,1002.824 s overlap,"1 conflict intervals; exact original states, paths and PTS in video_channel_state_conflicts_full.csv",@raw/02_第二批_20260908_0924_单火点/01_正式视频/无人机02_1581F7K3C267500D2DQD/DJI_202609080909_004/DJI_20260908092422_0002_S.MP4
S_V_SUBTITLE_FULL_RECORDING_CONFLICT,high,B2,uav-03,1581F7K3C255900D76E8,,video_visible,@raw/02_第二批_20260908_0924_单火点/01_正式视频/无人机03_1581F7K3C255900D76E8/DJI_202609080916_004/DJI_20260908092454_0002_V.MP4,DJI_20260908092454_0002_V.MP4,,,,,,full S/V focal_len or dzoom_ratio state,29.765 s conflict,1010.913 s overlap,"9 conflict intervals; exact original states, paths and PTS in video_channel_state_conflicts_full.csv",@raw/02_第二批_20260908_0924_单火点/01_正式视频/无人机03_1581F7K3C255900D76E8/DJI_202609080916_004/DJI_20260908092454_0002_S.MP4
S_V_SUBTITLE_FULL_RECORDING_CONFLICT,high,B2,uav-04,1581F7K33258900AP021,,video_visible,@raw/02_第二批_20260908_0924_单火点/01_正式视频/无人机04_1581F7K33258900AP021/DJI_202609080915_034/DJI_20260908092436_0002_V.MP4,DJI_20260908092436_0002_V.MP4,,,,,,full S/V focal_len or dzoom_ratio state,203.301 s conflict,994.223 s overlap,"10 conflict intervals; exact original states, paths and PTS in video_channel_state_conflicts_full.csv",@raw/02_第二批_20260908_0924_单火点/01_正式视频/无人机04_1581F7K33258900AP021/DJI_202609080915_034/DJI_20260908092436_0002_S.MP4
S_V_SUBTITLE_FULL_RECORDING_CONFLICT,high,B2,uav-07,1581F7K3325B100AS0AG,,video_visible,@raw/02_第二批_20260908_0924_单火点/01_正式视频/无人机07_1581F7K3325B100AS0AG/DJI_202609080909_002/DJI_20260908092438_0002_V.MP4,DJI_20260908092438_0002_V.MP4,,,,,,full S/V focal_len or dzoom_ratio state,480.603 s conflict,994.981 s overlap,"11 conflict intervals; exact original states, paths and PTS in video_channel_state_conflicts_full.csv",@raw/02_第二批_20260908_0924_单火点/01_正式视频/无人机07_1581F7K3325B100AS0AG/DJI_202609080909_002/DJI_20260908092438_0002_S.MP4
S_V_SUBTITLE_FULL_RECORDING_CONFLICT,high,B2,uav-08,1581F7K3C256N00DCP1T,,video_visible,@raw/02_第二批_20260908_0924_单火点/01_正式视频/无人机08_1581F7K3C256N00DCP1T/DJI_202609080922_003/DJI_20260908092433_0001_V.MP4,DJI_20260908092433_0001_V.MP4,,,,,,full S/V focal_len or dzoom_ratio state,1.199 s conflict,1083.349 s overlap,"2 conflict intervals; exact original states, paths and PTS in video_channel_state_conflicts_full.csv",@raw/02_第二批_20260908_0924_单火点/01_正式视频/无人机08_1581F7K3C256N00DCP1T/DJI_202609080922_003/DJI_20260908092433_0001_S.MP4
S_V_SUBTITLE_FULL_RECORDING_CONFLICT,high,B2,uav-09,1581F7K3C24CS00AX535,,video_visible,@raw/02_第二批_20260908_0924_单火点/01_正式视频/无人机09_1581F7K3C24CS00AX535/DJI_202609080915_003/DJI_20260908092435_0004_V.MP4,DJI_20260908092435_0004_V.MP4,,,,,,full S/V focal_len or dzoom_ratio state,17.835 s conflict,1001.016 s overlap,"8 conflict intervals; exact original states, paths and PTS in video_channel_state_conflicts_full.csv",@raw/02_第二批_20260908_0924_单火点/01_正式视频/无人机09_1581F7K3C24CS00AX535/DJI_202609080915_003/DJI_20260908092435_0004_S.MP4
S_V_SUBTITLE_FULL_RECORDING_CONFLICT,high,B3,uav-01,1581F7K3C251800CYBVP,,video_visible,@raw/03_第三批_20260908_1006_多火点/01_正式视频/无人机01_1581F7K3C251800CYBVP/DJI_202609080945_004/DJI_20260908100826_0002_V.MP4,DJI_20260908100826_0002_V.MP4,,,,,,full S/V focal_len or dzoom_ratio state,9.4 s conflict,693.583 s overlap,"1 conflict intervals; exact original states, paths and PTS in video_channel_state_conflicts_full.csv",@raw/03_第三批_20260908_1006_多火点/01_正式视频/无人机01_1581F7K3C251800CYBVP/DJI_202609080945_004/DJI_20260908100826_0002_S.MP4
S_V_SUBTITLE_FULL_RECORDING_CONFLICT,high,B3,uav-02,1581F7K3C267500D2DQD,,video_visible,@raw/03_第三批_20260908_1006_多火点/01_正式视频/无人机02_1581F7K3C267500D2DQD/DJI_202609080957_005/DJI_20260908100606_0001_V.MP4,DJI_20260908100606_0001_V.MP4,,,,,,full S/V focal_len or dzoom_ratio state,354.388 s conflict,853.486 s overlap,"2 conflict intervals; exact original states, paths and PTS in video_channel_state_conflicts_full.csv",@raw/03_第三批_20260908_1006_多火点/01_正式视频/无人机02_1581F7K3C267500D2DQD/DJI_202609080957_005/DJI_20260908100606_0001_S.MP4
S_V_SUBTITLE_FULL_RECORDING_CONFLICT,high,B3,uav-03,1581F7K3C255900D76E8,,video_visible,@raw/03_第三批_20260908_1006_多火点/01_正式视频/无人机03_1581F7K3C255900D76E8/DJI_202609080957_005/DJI_20260908100550_0001_V.MP4,DJI_20260908100550_0001_V.MP4,,,,,,full S/V focal_len or dzoom_ratio state,61.769 s conflict,851.684 s overlap,"21 conflict intervals; exact original states, paths and PTS in video_channel_state_conflicts_full.csv",@raw/03_第三批_20260908_1006_多火点/01_正式视频/无人机03_1581F7K3C255900D76E8/DJI_202609080957_005/DJI_20260908100550_0001_S.MP4
S_V_SUBTITLE_FULL_RECORDING_CONFLICT,high,B3,uav-04,1581F7K33258900AP021,,video_visible,@raw/03_第三批_20260908_1006_多火点/01_正式视频/无人机04_1581F7K33258900AP021/DJI_202609080957_035/DJI_20260908100549_0001_V.MP4,DJI_20260908100549_0001_V.MP4,,,,,,full S/V focal_len or dzoom_ratio state,291.635 s conflict,876.551 s overlap,"4 conflict intervals; exact original states, paths and PTS in video_channel_state_conflicts_full.csv",@raw/03_第三批_20260908_1006_多火点/01_正式视频/无人机04_1581F7K33258900AP021/DJI_202609080957_035/DJI_20260908100549_0001_S.MP4
S_V_SUBTITLE_FULL_RECORDING_CONFLICT,high,B3,uav-05,1581F7K3C251400CFB45,,video_visible,@raw/03_第三批_20260908_1006_多火点/01_正式视频/无人机05_1581F7K3C251400CFB45/DJI_202609080957_004/DJI_20260908100545_0001_V.MP4,DJI_20260908100545_0001_V.MP4,,,,,,full S/V focal_len or dzoom_ratio state,497.866 s conflict,873.475 s overlap,"4 conflict intervals; exact original states, paths and PTS in video_channel_state_conflicts_full.csv",@raw/03_第三批_20260908_1006_多火点/01_正式视频/无人机05_1581F7K3C251400CFB45/DJI_202609080957_004/DJI_20260908100545_0001_S.MP4
S_V_SUBTITLE_FULL_RECORDING_CONFLICT,high,B3,uav-07,1581F7K3325B100AS0AG,,video_visible,@raw/03_第三批_20260908_1006_多火点/01_正式视频/无人机07_1581F7K3325B100AS0AG/DJI_202609081002_003/DJI_20260908100617_0001_V.MP4,DJI_20260908100617_0001_V.MP4,,,,,,full S/V focal_len or dzoom_ratio state,1.766 s conflict,503.268 s overlap,"3 conflict intervals; exact original states, paths and PTS in video_channel_state_conflicts_full.csv",@raw/03_第三批_20260908_1006_多火点/01_正式视频/无人机07_1581F7K3325B100AS0AG/DJI_202609081002_003/DJI_20260908100617_0001_S.MP4
S_V_SUBTITLE_FULL_RECORDING_CONFLICT,high,B3,uav-08,1581F7K3C256N00DCP1T,,video_visible,@raw/03_第三批_20260908_1006_多火点/01_正式视频/无人机08_1581F7K3C256N00DCP1T/DJI_202609080958_004/DJI_20260908100611_0001_V.MP4,DJI_20260908100611_0001_V.MP4,,,,,,full S/V focal_len or dzoom_ratio state,648.182 s conflict,759.092 s overlap,"9 conflict intervals; exact original states, paths and PTS in video_channel_state_conflicts_full.csv",@raw/03_第三批_20260908_1006_多火点/01_正式视频/无人机08_1581F7K3C256N00DCP1T/DJI_202609080958_004/DJI_20260908100611_0001_S.MP4
S_V_SUBTITLE_FULL_RECORDING_CONFLICT,high,B3,uav-09,1581F7K3C24CS00AX535,,video_visible,@raw/03_第三批_20260908_1006_多火点/01_正式视频/无人机09_1581F7K3C24CS00AX535/DJI_202609080957_004/DJI_20260908100604_0001_V.MP4,DJI_20260908100604_0001_V.MP4,,,,,,full S/V focal_len or dzoom_ratio state,140.067 s conflict,937.73 s overlap,"6 conflict intervals; exact original states, paths and PTS in video_channel_state_conflicts_full.csv",@raw/03_第三批_20260908_1006_多火点/01_正式视频/无人机09_1581F7K3C24CS00AX535/DJI_202609080957_004/DJI_20260908100604_0001_S.MP4
S_V_SUBTITLE_FULL_RECORDING_CONFLICT,high,B4,uav-01,1581F7K3C251800CYBVP,,video_visible,@raw/04_第四批_20260908_1053_多火点与余热点/02_激光打点与定位验证/01_事后打点候选/无人机01_1581F7K3C251800CYBVP/DJI_202609081117_006/DJI_20260908112447_0010_V.MP4,DJI_20260908112447_0010_V.MP4,,,,,,full S/V focal_len or dzoom_ratio state,1.801 s conflict,84.785 s overlap,"54 conflict intervals; exact original states, paths and PTS in video_channel_state_conflicts_full.csv",@raw/04_第四批_20260908_1053_多火点与余热点/02_激光打点与定位验证/01_事后打点候选/无人机01_1581F7K3C251800CYBVP/DJI_202609081117_006/DJI_20260908112447_0010_S.MP4
S_V_SUBTITLE_FULL_RECORDING_CONFLICT,high,B4,uav-02,1581F7K3C267500D2DQD,,video_visible,@raw/04_第四批_20260908_1053_多火点与余热点/01_正式视频/无人机02_1581F7K3C267500D2DQD/DJI_202609081040_006/DJI_20260908105306_0001_V.MP4,DJI_20260908105306_0001_V.MP4,,,,,,full S/V focal_len or dzoom_ratio state,702.168 s conflict,847.78 s overlap,"7 conflict intervals; exact original states, paths and PTS in video_channel_state_conflicts_full.csv",@raw/04_第四批_20260908_1053_多火点与余热点/01_正式视频/无人机02_1581F7K3C267500D2DQD/DJI_202609081040_006/DJI_20260908105306_0001_S.MP4
S_V_SUBTITLE_FULL_RECORDING_CONFLICT,high,B4,uav-03,1581F7K3C255900D76E8,,video_visible,@raw/04_第四批_20260908_1053_多火点与余热点/01_正式视频/无人机03_1581F7K3C255900D76E8/DJI_202609081046_006/DJI_20260908105253_0001_V.MP4,DJI_20260908105253_0001_V.MP4,,,,,,full S/V focal_len or dzoom_ratio state,50.538 s conflict,854.253 s overlap,"16 conflict intervals; exact original states, paths and PTS in video_channel_state_conflicts_full.csv",@raw/04_第四批_20260908_1053_多火点与余热点/01_正式视频/无人机03_1581F7K3C255900D76E8/DJI_202609081046_006/DJI_20260908105253_0001_S.MP4
S_V_SUBTITLE_FULL_RECORDING_CONFLICT,high,B4,uav-04,1581F7K33258900AP021,,video_visible,@raw/04_第四批_20260908_1053_多火点与余热点/01_正式视频/无人机04_1581F7K33258900AP021/DJI_202609081042_036/DJI_20260908105259_0001_V.MP4,DJI_20260908105259_0001_V.MP4,,,,,,full S/V focal_len or dzoom_ratio state,352.319 s conflict,918.399 s overlap,"6 conflict intervals; exact original states, paths and PTS in video_channel_state_conflicts_full.csv",@raw/04_第四批_20260908_1053_多火点与余热点/01_正式视频/无人机04_1581F7K33258900AP021/DJI_202609081042_036/DJI_20260908105259_0001_S.MP4
S_V_SUBTITLE_FULL_RECORDING_CONFLICT,high,B4,uav-05,1581F7K3C251400CFB45,,video_visible,@raw/04_第四批_20260908_1053_多火点与余热点/01_正式视频/无人机05_1581F7K3C251400CFB45/DJI_202609081039_005/DJI_20260908105253_0001_V.MP4,DJI_20260908105253_0001_V.MP4,,,,,,full S/V focal_len or dzoom_ratio state,640.568 s conflict,974.74 s overlap,"5 conflict intervals; exact original states, paths and PTS in video_channel_state_conflicts_full.csv",@raw/04_第四批_20260908_1053_多火点与余热点/01_正式视频/无人机05_1581F7K3C251400CFB45/DJI_202609081039_005/DJI_20260908105253_0001_S.MP4
S_V_SUBTITLE_FULL_RECORDING_CONFLICT,high,B4,uav-06,1581F7K3C254N00D16Y8,,video_visible,@raw/04_第四批_20260908_1053_多火点与余热点/01_正式视频/无人机06_1581F7K3C254N00D16Y8/DJI_202609081040_004/DJI_20260908105300_0001_V.MP4,DJI_20260908105300_0001_V.MP4,,,,,,full S/V focal_len or dzoom_ratio state,450.151 s conflict,850.883 s overlap,"7 conflict intervals; exact original states, paths and PTS in video_channel_state_conflicts_full.csv",@raw/04_第四批_20260908_1053_多火点与余热点/01_正式视频/无人机06_1581F7K3C254N00D16Y8/DJI_202609081040_004/DJI_20260908105300_0001_S.MP4
S_V_SUBTITLE_FULL_RECORDING_CONFLICT,high,B4,uav-07,1581F7K3325B100AS0AG,,video_visible,@raw/04_第四批_20260908_1053_多火点与余热点/01_正式视频/无人机07_1581F7K3325B100AS0AG/DJI_202609081048_005/DJI_20260908105258_0001_V.MP4,DJI_20260908105258_0001_V.MP4,,,,,,full S/V focal_len or dzoom_ratio state,0.934 s conflict,848.781 s overlap,"28 conflict intervals; exact original states, paths and PTS in video_channel_state_conflicts_full.csv",@raw/04_第四批_20260908_1053_多火点与余热点/01_正式视频/无人机07_1581F7K3325B100AS0AG/DJI_202609081048_005/DJI_20260908105258_0001_S.MP4
S_V_SUBTITLE_FULL_RECORDING_CONFLICT,high,B4,uav-08,1581F7K3C256N00DCP1T,,video_visible,@raw/04_第四批_20260908_1053_多火点与余热点/01_正式视频/无人机08_1581F7K3C256N00DCP1T/DJI_202609081036_005/DJI_20260908105257_0001_V.MP4,DJI_20260908105257_0001_V.MP4,,,,,,full S/V focal_len or dzoom_ratio state,326.334 s conflict,1079.278 s overlap,"11 conflict intervals; exact original states, paths and PTS in video_channel_state_conflicts_full.csv",@raw/04_第四批_20260908_1053_多火点与余热点/01_正式视频/无人机08_1581F7K3C256N00DCP1T/DJI_202609081036_005/DJI_20260908105257_0001_S.MP4
S_V_SUBTITLE_FULL_RECORDING_CONFLICT,high,B4,uav-09,1581F7K3C24CS00AX535,,video_visible,@raw/04_第四批_20260908_1053_多火点与余热点/01_正式视频/无人机09_1581F7K3C24CS00AX535/DJI_202609081039_006/DJI_20260908105258_0002_V.MP4,DJI_20260908105258_0002_V.MP4,,,,,,full S/V focal_len or dzoom_ratio state,18.533 s conflict,881.829 s overlap,"8 conflict intervals; exact original states, paths and PTS in video_channel_state_conflicts_full.csv",@raw/04_第四批_20260908_1053_多火点与余热点/01_正式视频/无人机09_1581F7K3C24CS00AX535/DJI_202609081039_006/DJI_20260908105258_0002_S.MP4
S_V_SUBTITLE_FULL_RECORDING_CONFLICT,high,B90,uav-01,1581F7K3C251800CYBVP,,video_visible,@raw/90_短视频_试拍_补拍/无人机01_1581F7K3C251800CYBVP/DJI_202609080945_004/DJI_20260908100604_0001_V.MP4,DJI_20260908100604_0001_V.MP4,,,,,,full S/V focal_len or dzoom_ratio state,5.188 s conflict,138.572 s overlap,"83 conflict intervals; exact original states, paths and PTS in video_channel_state_conflicts_full.csv",@raw/90_短视频_试拍_补拍/无人机01_1581F7K3C251800CYBVP/DJI_202609080945_004/DJI_20260908100604_0001_S.MP4
S_V_SUBTITLE_FULL_RECORDING_CONFLICT,high,B90,uav-02,1581F7K3C267500D2DQD,,video_visible,@raw/90_短视频_试拍_补拍/无人机02_1581F7K3C267500D2DQD/DJI_202609071516_002/DJI_20260907152749_0001_V.MP4,DJI_20260907152749_0001_V.MP4,,,,,,full S/V focal_len or dzoom_ratio state,102.97 s conflict,102.97 s overlap,"1 conflict intervals; exact original states, paths and PTS in video_channel_state_conflicts_full.csv",@raw/90_短视频_试拍_补拍/无人机02_1581F7K3C267500D2DQD/DJI_202609071516_002/DJI_20260907152749_0001_S.MP4
S_V_SUBTITLE_FULL_RECORDING_CONFLICT,high,B90,uav-02,1581F7K3C267500D2DQD,,video_visible,@raw/90_短视频_试拍_补拍/无人机02_1581F7K3C267500D2DQD/DJI_202609071534_003/DJI_20260907155619_0001_V.MP4,DJI_20260907155619_0001_V.MP4,,,,,,full S/V focal_len or dzoom_ratio state,0.3 s conflict,7.174 s overlap,"9 conflict intervals; exact original states, paths and PTS in video_channel_state_conflicts_full.csv",@raw/90_短视频_试拍_补拍/无人机02_1581F7K3C267500D2DQD/DJI_202609071534_003/DJI_20260907155619_0001_S.MP4
S_V_SUBTITLE_FULL_RECORDING_CONFLICT,high,B90,uav-03,1581F7K3C255900D76E8,,video_visible,@raw/90_短视频_试拍_补拍/无人机03_1581F7K3C255900D76E8/DJI_202609071609_002/DJI_20260907161154_0001_V.MP4,DJI_20260907161154_0001_V.MP4,,,,,,full S/V focal_len or dzoom_ratio state,14.681 s conflict,98.732 s overlap,"10 conflict intervals; exact original states, paths and PTS in video_channel_state_conflicts_full.csv",@raw/90_短视频_试拍_补拍/无人机03_1581F7K3C255900D76E8/DJI_202609071609_002/DJI_20260907161154_0001_S.MP4
S_V_SUBTITLE_FULL_RECORDING_CONFLICT,high,B90,uav-05,1581F7K3C251400CFB45,,video_visible,@raw/90_短视频_试拍_补拍/无人机05_1581F7K3C251400CFB45/DJI_202609071622_002/DJI_20260907162723_0002_V.MP4,DJI_20260907162723_0002_V.MP4,,,,,,full S/V focal_len or dzoom_ratio state,3.337 s conflict,3.337 s overlap,"1 conflict intervals; exact original states, paths and PTS in video_channel_state_conflicts_full.csv",@raw/90_短视频_试拍_补拍/无人机05_1581F7K3C251400CFB45/DJI_202609071622_002/DJI_20260907162723_0002_S.MP4
S_V_SUBTITLE_FULL_RECORDING_CONFLICT,high,B90,uav-09,1581F7K3C24CS00AX535,,video_visible,@raw/90_短视频_试拍_补拍/无人机09_1581F7K3C24CS00AX535/DJI_202609071543_001/DJI_20260907154450_0001_V.MP4,DJI_20260907154450_0001_V.MP4,,,,,,full S/V focal_len or dzoom_ratio state,1.833 s conflict,1.833 s overlap,"1 conflict intervals; exact original states, paths and PTS in video_channel_state_conflicts_full.csv",@raw/90_短视频_试拍_补拍/无人机09_1581F7K3C24CS00AX535/DJI_202609071543_001/DJI_20260907154450_0001_S.MP4
S_V_SUBTITLE_FULL_PTS_CONFLICT,high,B1,uav-01,1581F7K3C251800CYBVP,,video_visible,@raw/01_第一批_20260907_1602_单火点/01_正式视频/无人机01_1581F7K3C251800CYBVP/DJI_202609071553_002/DJI_20260907160207_0001_V.MP4,DJI_20260907160207_0001_V.MP4,,,,2026-09-07 16:02:07.532,80.48..188.814,focal_len / dzoom_ratio,S=52.70/1.00,V=53.30/2.22,Original PTS interval 80.48..188.814 s (108.334 s); S state first wall time 2026-09-07 16:03:27.899; V state first wall time 2026-09-07 16:02:07.532,@raw/01_第一批_20260907_1602_单火点/01_正式视频/无人机01_1581F7K3C251800CYBVP/DJI_202609071553_002/DJI_20260907160207_0001_S.MP4
S_V_SUBTITLE_FULL_PTS_CONFLICT,high,B1,uav-01,1581F7K3C251800CYBVP,,video_visible,@raw/01_第一批_20260907_1602_单火点/01_正式视频/无人机01_1581F7K3C251800CYBVP/DJI_202609071553_002/DJI_20260907160207_0001_V.MP4,DJI_20260907160207_0001_V.MP4,,,,2026-09-07 16:02:07.532,202.127..339.427,focal_len / dzoom_ratio,S=52.70/1.00,V=53.30/2.22,Original PTS interval 202.127..339.427 s (137.3 s); S state first wall time 2026-09-07 16:05:29.567; V state first wall time 2026-09-07 16:02:07.532,@raw/01_第一批_20260907_1602_单火点/01_正式视频/无人机01_1581F7K3C251800CYBVP/DJI_202609071553_002/DJI_20260907160207_0001_S.MP4
S_V_SUBTITLE_FULL_PTS_CONFLICT,high,B1,uav-01,1581F7K3C251800CYBVP,,video_visible,@raw/01_第一批_20260907_1602_单火点/01_正式视频/无人机01_1581F7K3C251800CYBVP/DJI_202609071553_002/DJI_20260907160207_0001_V.MP4,DJI_20260907160207_0001_V.MP4,,,,2026-09-07 16:02:07.532,458.746..518.48,focal_len / dzoom_ratio,S=52.70/1.00,V=53.30/2.22,Original PTS interval 458.746..518.48 s (59.734 s); S state first wall time 2026-09-07 16:09:46.207; V state first wall time 2026-09-07 16:02:07.532,@raw/01_第一批_20260907_1602_单火点/01_正式视频/无人机01_1581F7K3C251800CYBVP/DJI_202609071553_002/DJI_20260907160207_0001_S.MP4
S_V_SUBTITLE_FULL_PTS_CONFLICT,high,B1,uav-02,1581F7K3C267500D2DQD,,video_visible,@raw/01_第一批_20260907_1602_单火点/01_正式视频/无人机02_1581F7K3C267500D2DQD/DJI_202609071534_003/DJI_20260907160153_0005_V.MP4,DJI_20260907160153_0005_V.MP4,,,,2026-09-07 16:01:54.072,203.103..210.303,focal_len / dzoom_ratio,S=52.70/1.00,V=54.10/2.25,Original PTS interval 203.103..210.303 s (7.2 s); S state first wall time 2026-09-07 16:05:17.157; V state first wall time 2026-09-07 16:01:54.072,@raw/01_第一批_20260907_1602_单火点/01_正式视频/无人机02_1581F7K3C267500D2DQD/DJI_202609071534_003/DJI_20260907160153_0005_S.MP4
S_V_SUBTITLE_FULL_PTS_CONFLICT,high,B1,uav-02,1581F7K3C267500D2DQD,,video_visible,@raw/01_第一批_20260907_1602_单火点/01_正式视频/无人机02_1581F7K3C267500D2DQD/DJI_202609071534_003/DJI_20260907160153_0005_V.MP4,DJI_20260907160153_0005_V.MP4,,,,2026-09-07 16:01:54.072,426.419..431.985,focal_len / dzoom_ratio,S=52.70/1.00,V=54.10/2.25,Original PTS interval 426.419..431.985 s (5.566 s); S state first wall time 2026-09-07 16:09:00.526; V state first wall time 2026-09-07 16:01:54.072,@raw/01_第一批_20260907_1602_单火点/01_正式视频/无人机02_1581F7K3C267500D2DQD/DJI_202609071534_003/DJI_20260907160153_0005_S.MP4
S_V_SUBTITLE_FULL_PTS_CONFLICT,high,B1,uav-04,1581F7K33258900AP021,,video_visible,@raw/01_第一批_20260907_1602_单火点/01_正式视频/无人机04_1581F7K33258900AP021/DJI_202609071553_033/DJI_20260907160203_0002_V.MP4,DJI_20260907160203_0002_V.MP4,,,,2026-09-07 16:02:03.730,0.0..16.933,focal_len / dzoom_ratio,S=52.70/1.00,V=55.30/2.30,Original PTS interval 0.0..16.933 s (16.933 s); S state first wall time 2026-09-07 16:02:03.788; V state first wall time 2026-09-07 16:02:03.730,@raw/01_第一批_20260907_1602_单火点/01_正式视频/无人机04_1581F7K33258900AP021/DJI_202609071553_033/DJI_20260907160203_0002_S.MP4
S_V_SUBTITLE_FULL_PTS_CONFLICT,high,B1,uav-04,1581F7K33258900AP021,,video_visible,@raw/01_第一批_20260907_1602_单火点/01_正式视频/无人机04_1581F7K33258900AP021/DJI_202609071553_033/DJI_20260907160203_0002_V.MP4,DJI_20260907160203_0002_V.MP4,,,,2026-09-07 16:02:03.730,136.853..261.02,focal_len / dzoom_ratio,S=52.70/1.00,V=55.30/2.30,Original PTS interval 136.853..261.02 s (124.167 s); S state first wall time 2026-09-07 16:04:20.608; V state first wall time 2026-09-07 16:02:03.730,@raw/01_第一批_20260907_1602_单火点/01_正式视频/无人机04_1581F7K33258900AP021/DJI_202609071553_033/DJI_20260907160203_0002_S.MP4
S_V_SUBTITLE_FULL_PTS_CONFLICT,high,B1,uav-04,1581F7K33258900AP021,,video_visible,@raw/01_第一批_20260907_1602_单火点/01_正式视频/无人机04_1581F7K33258900AP021/DJI_202609071553_033/DJI_20260907160203_0002_V.MP4,DJI_20260907160203_0002_V.MP4,,,,2026-09-07 16:02:03.730,439.265..460.265,focal_len / dzoom_ratio,S=52.70/1.00,V=55.30/2.30,Original PTS interval 439.265..460.265 s (21.0 s); S state first wall time 2026-09-07 16:09:23.009; V state first wall time 2026-09-07 16:02:03.730,@raw/01_第一批_20260907_1602_单火点/01_正式视频/无人机04_1581F7K33258900AP021/DJI_202609071553_033/DJI_20260907160203_0002_S.MP4
S_V_SUBTITLE_FULL_PTS_CONFLICT,high,B1,uav-04,1581F7K33258900AP021,,video_visible,@raw/01_第一批_20260907_1602_单火点/01_正式视频/无人机04_1581F7K33258900AP021/DJI_202609071553_033/DJI_20260907160203_0002_V.MP4,DJI_20260907160203_0002_V.MP4,,,,2026-09-07 16:02:03.730,462.734..465.234,focal_len / dzoom_ratio,S=52.70/1.00,V=55.30/2.30,Original PTS interval 462.734..465.234 s (2.5 s); S state first wall time 2026-09-07 16:09:46.478; V state first wall time 2026-09-07 16:02:03.730,@raw/01_第一批_20260907_1602_单火点/01_正式视频/无人机04_1581F7K33258900AP021/DJI_202609071553_033/DJI_20260907160203_0002_S.MP4
S_V_SUBTITLE_FULL_PTS_CONFLICT,high,B1,uav-04,1581F7K33258900AP021,,video_visible,@raw/01_第一批_20260907_1602_单火点/01_正式视频/无人机04_1581F7K33258900AP021/DJI_202609071553_033/DJI_20260907160203_0002_V.MP4,DJI_20260907160203_0002_V.MP4,,,,2026-09-07 16:02:03.730,505.641..505.672,focal_len / dzoom_ratio,S=24.00/1.00,V=55.30/2.30,Original PTS interval 505.641..505.672 s (0.031 s); S state first wall time 2026-09-07 16:10:29.409; V state first wall time 2026-09-07 16:02:03.730,@raw/01_第一批_20260907_1602_单火点/01_正式视频/无人机04_1581F7K33258900AP021/DJI_202609071553_033/DJI_20260907160203_0002_S.MP4
S_V_SUBTITLE_FULL_PTS_CONFLICT,high,B1,uav-04,1581F7K33258900AP021,,video_visible,@raw/01_第一批_20260907_1602_单火点/01_正式视频/无人机04_1581F7K33258900AP021/DJI_202609071553_033/DJI_20260907160203_0002_V.MP4,DJI_20260907160203_0002_V.MP4,,,,2026-09-07 16:10:29.403,508.911..512.912,focal_len / dzoom_ratio,S=52.70/1.00,V=24.00/1.00,Original PTS interval 508.911..512.912 s (4.001 s); S state first wall time 2026-09-07 16:10:32.683; V state first wall time 2026-09-07 16:10:29.403,@raw/01_第一批_20260907_1602_单火点/01_正式视频/无人机04_1581F7K33258900AP021/DJI_202609071553_033/DJI_20260907160203_0002_S.MP4
S_V_SUBTITLE_FULL_PTS_CONFLICT,high,B1,uav-04,1581F7K33258900AP021,,video_visible,@raw/01_第一批_20260907_1602_单火点/01_正式视频/无人机04_1581F7K33258900AP021/DJI_202609071553_033/DJI_20260907160203_0002_V.MP4,DJI_20260907160203_0002_V.MP4,,,,2026-09-07 16:10:36.850,512.912..513.077,focal_len / dzoom_ratio,S=52.70/1.00,V=55.30/2.30,Original PTS interval 512.912..513.077 s (0.165 s); S state first wall time 2026-09-07 16:10:32.683; V state first wall time 2026-09-07 16:10:36.850,@raw/01_第一批_20260907_1602_单火点/01_正式视频/无人机04_1581F7K33258900AP021/DJI_202609071553_033/DJI_20260907160203_0002_S.MP4
S_V_SUBTITLE_FULL_PTS_CONFLICT,high,B1,uav-04,1581F7K33258900AP021,,video_visible,@raw/01_第一批_20260907_1602_单火点/01_正式视频/无人机04_1581F7K33258900AP021/DJI_202609071553_033/DJI_20260907160203_0002_V.MP4,DJI_20260907160203_0002_V.MP4,,,,2026-09-07 16:10:36.850,569.901..571.334,focal_len / dzoom_ratio,S=52.70/1.00,V=55.30/2.30,Original PTS interval 569.901..571.334 s (1.433 s); S state first wall time 2026-09-07 16:11:33.482; V state first wall time 2026-09-07 16:10:36.850,@raw/01_第一批_20260907_1602_单火点/01_正式视频/无人机04_1581F7K33258900AP021/DJI_202609071553_033/DJI_20260907160203_0002_S.MP4
S_V_SUBTITLE_FULL_PTS_CONFLICT,high,B1,uav-04,1581F7K33258900AP021,,video_visible,@raw/01_第一批_20260907_1602_单火点/01_正式视频/无人机04_1581F7K33258900AP021/DJI_202609071553_033/DJI_20260907160203_0002_V.MP4,DJI_20260907160203_0002_V.MP4,,,,2026-09-07 16:10:36.850,574.637..615.537,focal_len / dzoom_ratio,S=52.70/1.00,V=55.30/2.30,Original PTS interval 574.637..615.537 s (40.9 s); S state first wall time 2026-09-07 16:11:38.218; V state first wall time 2026-09-07 16:10:36.850,@raw/01_第一批_20260907_1602_单火点/01_正式视频/无人机04_1581F7K33258900AP021/DJI_202609071553_033/DJI_20260907160203_0002_S.MP4
S_V_SUBTITLE_FULL_PTS_CONFLICT,high,B1,uav-04,1581F7K33258900AP021,,video_visible,@raw/01_第一批_20260907_1602_单火点/01_正式视频/无人机04_1581F7K33258900AP021/DJI_202609071553_033/DJI_20260907160203_0002_V.MP4,DJI_20260907160203_0002_V.MP4,,,,2026-09-07 16:10:36.850,638.627..906.806,focal_len / dzoom_ratio,S=52.70/1.00,V=55.30/2.30,Original PTS interval 638.627..906.806 s (268.179 s); S state first wall time 2026-09-07 16:12:42.176; V state first wall time 2026-09-07 16:10:36.850,@raw/01_第一批_20260907_1602_单火点/01_正式视频/无人机04_1581F7K33258900AP021/DJI_202609071553_033/DJI_20260907160203_0002_S.MP4
S_V_SUBTITLE_FULL_PTS_CONFLICT,high,B1,uav-06,1581F7K3C254N00D16Y8,,video_visible,@raw/01_第一批_20260907_1602_单火点/01_正式视频/无人机06_1581F7K3C254N00D16Y8/DJI_202609071535_001/DJI_20260907160153_0002_V.MP4,DJI_20260907160153_0002_V.MP4,,,,2026-09-07 16:01:53.543,220.287..315.849,focal_len / dzoom_ratio,S=52.70/1.00,V=54.50/2.27,Original PTS interval 220.287..315.849 s (95.562 s); S state first wall time 2026-09-07 16:05:33.816; V state first wall time 2026-09-07 16:01:53.543,@raw/01_第一批_20260907_1602_单火点/01_正式视频/无人机06_1581F7K3C254N00D16Y8/DJI_202609071535_001/DJI_20260907160153_0002_S.MP4
S_V_SUBTITLE_FULL_PTS_CONFLICT,high,B1,uav-06,1581F7K3C254N00D16Y8,,video_visible,@raw/01_第一批_20260907_1602_单火点/01_正式视频/无人机06_1581F7K3C254N00D16Y8/DJI_202609071535_001/DJI_20260907160153_0002_V.MP4,DJI_20260907160153_0002_V.MP4,,,,2026-09-07 16:07:09.363,315.849..315.887,focal_len / dzoom_ratio,S=52.70/1.00,V=24.00/1.00,Original PTS interval 315.849..315.887 s (0.038 s); S state first wall time 2026-09-07 16:05:33.816; V state first wall time 2026-09-07 16:07:09.363,@raw/01_第一批_20260907_1602_单火点/01_正式视频/无人机06_1581F7K3C254N00D16Y8/DJI_202609071535_001/DJI_20260907160153_0002_S.MP4
S_V_SUBTITLE_FULL_PTS_CONFLICT,high,B1,uav-06,1581F7K3C254N00D16Y8,,video_visible,@raw/01_第一批_20260907_1602_单火点/01_正式视频/无人机06_1581F7K3C254N00D16Y8/DJI_202609071535_001/DJI_20260907160153_0002_V.MP4,DJI_20260907160153_0002_V.MP4,,,,2026-09-07 16:08:58.254,424.691..424.729,focal_len / dzoom_ratio,S=24.00/1.00,V=54.50/2.27,Original PTS interval 424.691..424.729 s (0.038 s); S state first wall time 2026-09-07 16:07:09.368; V state first wall time 2026-09-07 16:08:58.254,@raw/01_第一批_20260907_1602_单火点/01_正式视频/无人机06_1581F7K3C254N00D16Y8/DJI_202609071535_001/DJI_20260907160153_0002_S.MP4
S_V_SUBTITLE_FULL_PTS_CONFLICT,high,B1,uav-06,1581F7K3C254N00D16Y8,,video_visible,@raw/01_第一批_20260907_1602_单火点/01_正式视频/无人机06_1581F7K3C254N00D16Y8/DJI_202609071535_001/DJI_20260907160153_0002_V.MP4,DJI_20260907160153_0002_V.MP4,,,,2026-09-07 16:09:01.505,427.961..427.999,focal_len / dzoom_ratio,S=54.50/2.27,V=24.00/1.00,Original PTS interval 427.961..427.999 s (0.038 s); S state first wall time 2026-09-07 16:08:58.259; V state first wall time 2026-09-07 16:09:01.505,@raw/01_第一批_20260907_1602_单火点/01_正式视频/无人机06_1581F7K3C254N00D16Y8/DJI_202609071535_001/DJI_20260907160153_0002_S.MP4
S_V_SUBTITLE_FULL_PTS_CONFLICT,high,B1,uav-06,1581F7K3C254N00D16Y8,,video_visible,@raw/01_第一批_20260907_1602_单火点/01_正式视频/无人机06_1581F7K3C254N00D16Y8/DJI_202609071535_001/DJI_20260907160153_0002_V.MP4,DJI_20260907160153_0002_V.MP4,,,,2026-09-07 16:09:01.505,430.735..915.548,focal_len / dzoom_ratio,S=52.70/1.00,V=24.00/1.00,Original PTS interval 430.735..915.548 s (484.813 s); S state first wall time 2026-09-07 16:09:04.253; V state first wall time 2026-09-07 16:09:01.505,@raw/01_第一批_20260907_1602_单火点/01_正式视频/无人机06_1581F7K3C254N00D16Y8/DJI_202609071535_001/DJI_20260907160153_0002_S.MP4
S_V_SUBTITLE_FULL_PTS_CONFLICT,high,B1,uav-07,1581F7K3325B100AS0AG,,video_visible,@raw/01_第一批_20260907_1602_单火点/01_正式视频/无人机07_1581F7K3325B100AS0AG/DJI_202609071532_001/DJI_20260907160202_0005_V.MP4,DJI_20260907160202_0005_V.MP4,,,,2026-09-07 16:02:02.915,6.273..34.073,focal_len / dzoom_ratio,S=52.70/1.00,V=54.00/2.25,Original PTS interval 6.273..34.073 s (27.8 s); S state first wall time 2026-09-07 16:02:09.038; V state first wall time 2026-09-07 16:02:02.915,@raw/01_第一批_20260907_1602_单火点/01_正式视频/无人机07_1581F7K3325B100AS0AG/DJI_202609071532_001/DJI_20260907160202_0005_S.MP4
S_V_SUBTITLE_FULL_PTS_CONFLICT,high,B1,uav-07,1581F7K3325B100AS0AG,,video_visible,@raw/01_第一批_20260907_1602_单火点/01_正式视频/无人机07_1581F7K3325B100AS0AG/DJI_202609071532_001/DJI_20260907160202_0005_V.MP4,DJI_20260907160202_0005_V.MP4,,,,2026-09-07 16:02:02.915,60.633..176.433,focal_len / dzoom_ratio,S=52.70/1.00,V=54.00/2.25,Original PTS interval 60.633..176.433 s (115.8 s); S state first wall time 2026-09-07 16:03:03.397; V state first wall time 2026-09-07 16:02:02.915,@raw/01_第一批_20260907_1602_单火点/01_正式视频/无人机07_1581F7K3325B100AS0AG/DJI_202609071532_001/DJI_20260907160202_0005_S.MP4
S_V_SUBTITLE_FULL_PTS_CONFLICT,high,B1,uav-07,1581F7K3325B100AS0AG,,video_visible,@raw/01_第一批_20260907_1602_单火点/01_正式视频/无人机07_1581F7K3325B100AS0AG/DJI_202609071532_001/DJI_20260907160202_0005_V.MP4,DJI_20260907160202_0005_V.MP4,,,,2026-09-07 16:02:02.915,190.413..325.147,focal_len / dzoom_ratio,S=52.70/1.00,V=54.00/2.25,Original PTS interval 190.413..325.147 s (134.734 s); S state first wall time 2026-09-07 16:05:13.235; V state first wall time 2026-09-07 16:02:02.915,@raw/01_第一批_20260907_1602_单火点/01_正式视频/无人机07_1581F7K3325B100AS0AG/DJI_202609071532_001/DJI_20260907160202_0005_S.MP4
S_V_SUBTITLE_FULL_PTS_CONFLICT,high,B1,uav-07,1581F7K3325B100AS0AG,,video_visible,@raw/01_第一批_20260907_1602_单火点/01_正式视频/无人机07_1581F7K3325B100AS0AG/DJI_202609071532_001/DJI_20260907160202_0005_V.MP4,DJI_20260907160202_0005_V.MP4,,,,2026-09-07 16:02:02.915,333.021..336.188,focal_len / dzoom_ratio,S=52.70/1.00,V=54.00/2.25,Original PTS interval 333.021..336.188 s (3.167 s); S state first wall time 2026-09-07 16:07:35.802; V state first wall time 2026-09-07 16:02:02.915,@raw/01_第一批_20260907_1602_单火点/01_正式视频/无人机07_1581F7K3325B100AS0AG/DJI_202609071532_001/DJI_20260907160202_0005_S.MP4
S_V_SUBTITLE_FULL_PTS_CONFLICT,high,B1,uav-07,1581F7K3325B100AS0AG,,video_visible,@raw/01_第一批_20260907_1602_单火点/01_正式视频/无人机07_1581F7K3325B100AS0AG/DJI_202609071532_001/DJI_20260907160202_0005_V.MP4,DJI_20260907160202_0005_V.MP4,,,,2026-09-07 16:02:02.915,338.791..340.257,focal_len / dzoom_ratio,S=52.70/1.00,V=54.00/2.25,Original PTS interval 338.791..340.257 s (1.466 s); S state first wall time 2026-09-07 16:07:41.578; V state first wall time 2026-09-07 16:02:02.915,@raw/01_第一批_20260907_1602_单火点/01_正式视频/无人机07_1581F7K3325B100AS0AG/DJI_202609071532_001/DJI_20260907160202_0005_S.MP4
S_V_SUBTITLE_FULL_PTS_CONFLICT,high,B1,uav-07,1581F7K3325B100AS0AG,,video_visible,@raw/01_第一批_20260907_1602_单火点/01_正式视频/无人机07_1581F7K3325B100AS0AG/DJI_202609071532_001/DJI_20260907160202_0005_V.MP4,DJI_20260907160202_0005_V.MP4,,,,2026-09-07 16:02:02.915,424.375..858.008,focal_len / dzoom_ratio,S=52.70/1.00,V=54.00/2.25,Original PTS interval 424.375..858.008 s (433.633 s); S state first wall time 2026-09-07 16:09:07.167; V state first wall time 2026-09-07 16:02:02.915,@raw/01_第一批_20260907_1602_单火点/01_正式视频/无人机07_1581F7K3325B100AS0AG/DJI_202609071532_001/DJI_20260907160202_0005_S.MP4
S_V_SUBTITLE_FULL_PTS_CONFLICT,high,B1,uav-07,1581F7K3325B100AS0AG,,video_visible,@raw/01_第一批_20260907_1602_单火点/01_正式视频/无人机07_1581F7K3325B100AS0AG/DJI_202609071532_001/DJI_20260907160202_0005_V.MP4,DJI_20260907160202_0005_V.MP4,,,,2026-09-07 16:19:48.737,1065.831..1065.949,focal_len / dzoom_ratio,S=54.00/2.25,V=24.00/1.00,Original PTS interval 1065.831..1065.949 s (0.118 s); S state first wall time 2026-09-07 16:16:20.804; V state first wall time 2026-09-07 16:19:48.737,@raw/01_第一批_20260907_1602_单火点/01_正式视频/无人机07_1581F7K3325B100AS0AG/DJI_202609071532_001/DJI_20260907160202_0005_S.MP4
S_V_SUBTITLE_FULL_PTS_CONFLICT,high,B1,uav-08,1581F7K3C256N00DCP1T,,video_visible,@raw/01_第一批_20260907_1602_单火点/01_正式视频/无人机08_1581F7K3C256N00DCP1T/DJI_202609071536_001/DJI_20260907160201_0001_V.MP4,DJI_20260907160201_0001_V.MP4,,,,2026-09-07 16:02:01.853,204.404..299.704,focal_len / dzoom_ratio,S=52.70/1.00,V=53.40/2.23,Original PTS interval 204.404..299.704 s (95.3 s); S state first wall time 2026-09-07 16:05:26.138; V state first wall time 2026-09-07 16:02:01.853,@raw/01_第一批_20260907_1602_单火点/01_正式视频/无人机08_1581F7K3C256N00DCP1T/DJI_202609071536_001/DJI_20260907160201_0001_S.MP4
S_V_SUBTITLE_FULL_PTS_CONFLICT,high,B1,uav-08,1581F7K3C256N00DCP1T,,video_visible,@raw/01_第一批_20260907_1602_单火点/01_正式视频/无人机08_1581F7K3C256N00DCP1T/DJI_202609071536_001/DJI_20260907160201_0001_V.MP4,DJI_20260907160201_0001_V.MP4,,,,2026-09-07 16:02:01.853,310.815..416.815,focal_len / dzoom_ratio,S=52.70/1.00,V=53.40/2.23,Original PTS interval 310.815..416.815 s (106.0 s); S state first wall time 2026-09-07 16:07:12.570; V state first wall time 2026-09-07 16:02:01.853,@raw/01_第一批_20260907_1602_单火点/01_正式视频/无人机08_1581F7K3C256N00DCP1T/DJI_202609071536_001/DJI_20260907160201_0001_S.MP4
S_V_SUBTITLE_FULL_PTS_CONFLICT,high,B1,uav-08,1581F7K3C256N00DCP1T,,video_visible,@raw/01_第一批_20260907_1602_单火点/01_正式视频/无人机08_1581F7K3C256N00DCP1T/DJI_202609071536_001/DJI_20260907160201_0001_V.MP4,DJI_20260907160201_0001_V.MP4,,,,2026-09-07 16:02:01.853,427.226..430.792,focal_len / dzoom_ratio,S=52.70/1.00,V=53.40/2.23,Original PTS interval 427.226..430.792 s (3.566 s); S state first wall time 2026-09-07 16:09:08.976; V state first wall time 2026-09-07 16:02:01.853,@raw/01_第一批_20260907_1602_单火点/01_正式视频/无人机08_1581F7K3C256N00DCP1T/DJI_202609071536_001/DJI_20260907160201_0001_S.MP4
S_V_SUBTITLE_FULL_PTS_CONFLICT,high,B1,uav-08,1581F7K3C256N00DCP1T,,video_visible,@raw/01_第一批_20260907_1602_单火点/01_正式视频/无人机08_1581F7K3C256N00DCP1T/DJI_202609071536_001/DJI_20260907160201_0001_V.MP4,DJI_20260907160201_0001_V.MP4,,,,2026-09-07 16:02:01.853,519.214..566.081,focal_len / dzoom_ratio,S=52.70/1.00,V=53.40/2.23,Original PTS interval 519.214..566.081 s (46.867 s); S state first wall time 2026-09-07 16:10:40.971; V state first wall time 2026-09-07 16:02:01.853,@raw/01_第一批_20260907_1602_单火点/01_正式视频/无人机08_1581F7K3C256N00DCP1T/DJI_202609071536_001/DJI_20260907160201_0001_S.MP4
S_V_SUBTITLE_FULL_PTS_CONFLICT,high,B1,uav-08,1581F7K3C256N00DCP1T,,video_visible,@raw/01_第一批_20260907_1602_单火点/01_正式视频/无人机08_1581F7K3C256N00DCP1T/DJI_202609071536_001/DJI_20260907160201_0001_V.MP4,DJI_20260907160201_0001_V.MP4,,,,2026-09-07 16:02:01.853,708.99..725.89,focal_len / dzoom_ratio,S=52.70/1.00,V=53.40/2.23,Original PTS interval 708.99..725.89 s (16.9 s); S state first wall time 2026-09-07 16:13:50.780; V state first wall time 2026-09-07 16:02:01.853,@raw/01_第一批_20260907_1602_单火点/01_正式视频/无人机08_1581F7K3C256N00DCP1T/DJI_202609071536_001/DJI_20260907160201_0001_S.MP4
S_V_SUBTITLE_FULL_PTS_CONFLICT,high,B1,uav-08,1581F7K3C256N00DCP1T,,video_visible,@raw/01_第一批_20260907_1602_单火点/01_正式视频/无人机08_1581F7K3C256N00DCP1T/DJI_202609071536_001/DJI_20260907160201_0001_V.MP4,DJI_20260907160201_0001_V.MP4,,,,2026-09-07 16:02:01.853,768.8..855.8,focal_len / dzoom_ratio,S=52.70/1.00,V=53.40/2.23,Original PTS interval 768.8..855.8 s (87.0 s); S state first wall time 2026-09-07 16:14:50.624; V state first wall time 2026-09-07 16:02:01.853,@raw/01_第一批_20260907_1602_单火点/01_正式视频/无人机08_1581F7K3C256N00DCP1T/DJI_202609071536_001/DJI_20260907160201_0001_S.MP4
S_V_SUBTITLE_FULL_PTS_CONFLICT,high,B1,uav-08,1581F7K3C256N00DCP1T,,video_visible,@raw/01_第一批_20260907_1602_单火点/01_正式视频/无人机08_1581F7K3C256N00DCP1T/DJI_202609071536_001/DJI_20260907160201_0001_V.MP4,DJI_20260907160201_0001_V.MP4,,,,2026-09-07 16:02:01.853,991.936..991.958,focal_len / dzoom_ratio,S=24.00/1.00,V=53.40/2.23,Original PTS interval 991.936..991.958 s (0.022 s); S state first wall time 2026-09-07 16:18:33.766; V state first wall time 2026-09-07 16:02:01.853,@raw/01_第一批_20260907_1602_单火点/01_正式视频/无人机08_1581F7K3C256N00DCP1T/DJI_202609071536_001/DJI_20260907160201_0001_S.MP4
S_V_SUBTITLE_FULL_PTS_CONFLICT,high,B1,uav-09,1581F7K3C24CS00AX535,,video_visible,@raw/01_第一批_20260907_1602_单火点/01_正式视频/无人机09_1581F7K3C24CS00AX535/DJI_202609071543_001/DJI_20260907160202_0003_V.MP4,DJI_20260907160202_0003_V.MP4,,,,2026-09-07 16:02:03.174,573.573..586.773,focal_len / dzoom_ratio,S=52.70/1.00,V=54.60/2.27,Original PTS interval 573.573..586.773 s (13.2 s); S state first wall time 2026-09-07 16:11:36.752; V state first wall time 2026-09-07 16:02:03.174,@raw/01_第一批_20260907_1602_单火点/01_正式视频/无人机09_1581F7K3C24CS00AX535/DJI_202609071543_001/DJI_20260907160202_0003_S.MP4
S_V_SUBTITLE_FULL_PTS_CONFLICT,high,B2,uav-02,1581F7K3C267500D2DQD,,video_visible,@raw/02_第二批_20260908_0924_单火点/01_正式视频/无人机02_1581F7K3C267500D2DQD/DJI_202609080909_004/DJI_20260908092422_0002_V.MP4,DJI_20260908092422_0002_V.MP4,,,,2026-09-08 09:24:22.660,257.591..1002.824,focal_len / dzoom_ratio,S=52.70/1.00,V=53.80/2.24,Original PTS interval 257.591..1002.824 s (745.233 s); S state first wall time 2026-09-08 09:28:40.360; V state first wall time 2026-09-08 09:24:22.660,@raw/02_第二批_20260908_0924_单火点/01_正式视频/无人机02_1581F7K3C267500D2DQD/DJI_202609080909_004/DJI_20260908092422_0002_S.MP4
S_V_SUBTITLE_FULL_PTS_CONFLICT,high,B2,uav-03,1581F7K3C255900D76E8,,video_visible,@raw/02_第二批_20260908_0924_单火点/01_正式视频/无人机03_1581F7K3C255900D76E8/DJI_202609080916_004/DJI_20260908092454_0002_V.MP4,DJI_20260908092454_0002_V.MP4,,,,2026-09-08 09:24:54.559,142.743..144.709,focal_len / dzoom_ratio,S=52.70/1.00,V=24.00/1.00,Original PTS interval 142.743..144.709 s (1.966 s); S state first wall time 2026-09-08 09:27:17.391; V state first wall time 2026-09-08 09:24:54.559,@raw/02_第二批_20260908_0924_单火点/01_正式视频/无人机03_1581F7K3C255900D76E8/DJI_202609080916_004/DJI_20260908092454_0002_S.MP4
S_V_SUBTITLE_FULL_PTS_CONFLICT,high,B2,uav-03,1581F7K3C255900D76E8,,video_visible,@raw/02_第二批_20260908_0924_单火点/01_正式视频/无人机03_1581F7K3C255900D76E8/DJI_202609080916_004/DJI_20260908092454_0002_V.MP4,DJI_20260908092454_0002_V.MP4,,,,2026-09-08 09:24:54.559,158.823..163.423,focal_len / dzoom_ratio,S=52.70/1.00,V=24.00/1.00,Original PTS interval 158.823..163.423 s (4.6 s); S state first wall time 2026-09-08 09:27:33.509; V state first wall time 2026-09-08 09:24:54.559,@raw/02_第二批_20260908_0924_单火点/01_正式视频/无人机03_1581F7K3C255900D76E8/DJI_202609080916_004/DJI_20260908092454_0002_S.MP4
S_V_SUBTITLE_FULL_PTS_CONFLICT,high,B2,uav-03,1581F7K3C255900D76E8,,video_visible,@raw/02_第二批_20260908_0924_单火点/01_正式视频/无人机03_1581F7K3C255900D76E8/DJI_202609080916_004/DJI_20260908092454_0002_V.MP4,DJI_20260908092454_0002_V.MP4,,,,2026-09-08 09:24:54.559,240.534..242.7,focal_len / dzoom_ratio,S=52.70/1.00,V=24.00/1.00,Original PTS interval 240.534..242.7 s (2.166 s); S state first wall time 2026-09-08 09:28:55.219; V state first wall time 2026-09-08 09:24:54.559,@raw/02_第二批_20260908_0924_单火点/01_正式视频/无人机03_1581F7K3C255900D76E8/DJI_202609080916_004/DJI_20260908092454_0002_S.MP4
S_V_SUBTITLE_FULL_PTS_CONFLICT,high,B2,uav-03,1581F7K3C255900D76E8,,video_visible,@raw/02_第二批_20260908_0924_单火点/01_正式视频/无人机03_1581F7K3C255900D76E8/DJI_202609080916_004/DJI_20260908092454_0002_V.MP4,DJI_20260908092454_0002_V.MP4,,,,2026-09-08 09:24:54.559,265.356..275.123,focal_len / dzoom_ratio,S=52.70/1.00,V=24.00/1.00,Original PTS interval 265.356..275.123 s (9.767 s); S state first wall time 2026-09-08 09:29:20.000; V state first wall time 2026-09-08 09:24:54.559,@raw/02_第二批_20260908_0924_单火点/01_正式视频/无人机03_1581F7K3C255900D76E8/DJI_202609080916_004/DJI_20260908092454_0002_S.MP4
S_V_SUBTITLE_FULL_PTS_CONFLICT,high,B2,uav-03,1581F7K3C255900D76E8,,video_visible,@raw/02_第二批_20260908_0924_单火点/01_正式视频/无人机03_1581F7K3C255900D76E8/DJI_202609080916_004/DJI_20260908092454_0002_V.MP4,DJI_20260908092454_0002_V.MP4,,,,2026-09-08 09:24:54.559,701.783..703.916,focal_len / dzoom_ratio,S=52.70/1.00,V=24.00/1.00,Original PTS interval 701.783..703.916 s (2.133 s); S state first wall time 2026-09-08 09:36:36.484; V state first wall time 2026-09-08 09:24:54.559,@raw/02_第二批_20260908_0924_单火点/01_正式视频/无人机03_1581F7K3C255900D76E8/DJI_202609080916_004/DJI_20260908092454_0002_S.MP4
S_V_SUBTITLE_FULL_PTS_CONFLICT,high,B2,uav-03,1581F7K3C255900D76E8,,video_visible,@raw/02_第二批_20260908_0924_单火点/01_正式视频/无人机03_1581F7K3C255900D76E8/DJI_202609080916_004/DJI_20260908092454_0002_V.MP4,DJI_20260908092454_0002_V.MP4,,,,2026-09-08 09:24:54.559,705.351..707.251,focal_len / dzoom_ratio,S=52.70/1.00,V=24.00/1.00,Original PTS interval 705.351..707.251 s (1.9 s); S state first wall time 2026-09-08 09:36:40.040; V state first wall time 2026-09-08 09:24:54.559,@raw/02_第二批_20260908_0924_单火点/01_正式视频/无人机03_1581F7K3C255900D76E8/DJI_202609080916_004/DJI_20260908092454_0002_S.MP4
S_V_SUBTITLE_FULL_PTS_CONFLICT,high,B2,uav-03,1581F7K3C255900D76E8,,video_visible,@raw/02_第二批_20260908_0924_单火点/01_正式视频/无人机03_1581F7K3C255900D76E8/DJI_202609080916_004/DJI_20260908092454_0002_V.MP4,DJI_20260908092454_0002_V.MP4,,,,2026-09-08 09:24:54.559,711.088..712.788,focal_len / dzoom_ratio,S=52.70/1.00,V=24.00/1.00,Original PTS interval 711.088..712.788 s (1.7 s); S state first wall time 2026-09-08 09:36:45.775; V state first wall time 2026-09-08 09:24:54.559,@raw/02_第二批_20260908_0924_单火点/01_正式视频/无人机03_1581F7K3C255900D76E8/DJI_202609080916_004/DJI_20260908092454_0002_S.MP4
S_V_SUBTITLE_FULL_PTS_CONFLICT,high,B2,uav-03,1581F7K3C255900D76E8,,video_visible,@raw/02_第二批_20260908_0924_单火点/01_正式视频/无人机03_1581F7K3C255900D76E8/DJI_202609080916_004/DJI_20260908092454_0002_V.MP4,DJI_20260908092454_0002_V.MP4,,,,2026-09-08 09:24:54.559,714.323..718.889,focal_len / dzoom_ratio,S=52.70/1.00,V=24.00/1.00,Original PTS interval 714.323..718.889 s (4.566 s); S state first wall time 2026-09-08 09:36:49.010; V state first wall time 2026-09-08 09:24:54.559,@raw/02_第二批_20260908_0924_单火点/01_正式视频/无人机03_1581F7K3C255900D76E8/DJI_202609080916_004/DJI_20260908092454_0002_S.MP4
S_V_SUBTITLE_FULL_PTS_CONFLICT,high,B2,uav-03,1581F7K3C255900D76E8,,video_visible,@raw/02_第二批_20260908_0924_单火点/01_正式视频/无人机03_1581F7K3C255900D76E8/DJI_202609080916_004/DJI_20260908092454_0002_V.MP4,DJI_20260908092454_0002_V.MP4,,,,2026-09-08 09:24:54.559,722.526..723.493,focal_len / dzoom_ratio,S=52.70/1.00,V=24.00/1.00,Original PTS interval 722.526..723.493 s (0.967 s); S state first wall time 2026-09-08 09:36:57.204; V state first wall time 2026-09-08 09:24:54.559,@raw/02_第二批_20260908_0924_单火点/01_正式视频/无人机03_1581F7K3C255900D76E8/DJI_202609080916_004/DJI_20260908092454_0002_S.MP4
S_V_SUBTITLE_FULL_PTS_CONFLICT,high,B2,uav-04,1581F7K33258900AP021,,video_visible,@raw/02_第二批_20260908_0924_单火点/01_正式视频/无人机04_1581F7K33258900AP021/DJI_202609080915_034/DJI_20260908092436_0002_V.MP4,DJI_20260908092436_0002_V.MP4,,,,2026-09-08 09:24:36.480,50.484..53.75,focal_len / dzoom_ratio,S=52.70/1.00,V=55.00/2.29,Original PTS interval 50.484..53.75 s (3.266 s); S state first wall time 2026-09-08 09:25:27.043; V state first wall time 2026-09-08 09:24:36.480,@raw/02_第二批_20260908_0924_单火点/01_正式视频/无人机04_1581F7K33258900AP021/DJI_202609080915_034/DJI_20260908092436_0002_S.MP4
S_V_SUBTITLE_FULL_PTS_CONFLICT,high,B2,uav-04,1581F7K33258900AP021,,video_visible,@raw/02_第二批_20260908_0924_单火点/01_正式视频/无人机04_1581F7K33258900AP021/DJI_202609080915_034/DJI_20260908092436_0002_V.MP4,DJI_20260908092436_0002_V.MP4,,,,2026-09-08 09:24:36.480,98.028..107.128,focal_len / dzoom_ratio,S=52.70/1.00,V=55.00/2.29,Original PTS interval 98.028..107.128 s (9.1 s); S state first wall time 2026-09-08 09:26:14.606; V state first wall time 2026-09-08 09:24:36.480,@raw/02_第二批_20260908_0924_单火点/01_正式视频/无人机04_1581F7K33258900AP021/DJI_202609080915_034/DJI_20260908092436_0002_S.MP4
S_V_SUBTITLE_FULL_PTS_CONFLICT,high,B2,uav-04,1581F7K33258900AP021,,video_visible,@raw/02_第二批_20260908_0924_单火点/01_正式视频/无人机04_1581F7K33258900AP021/DJI_202609080915_034/DJI_20260908092436_0002_V.MP4,DJI_20260908092436_0002_V.MP4,,,,2026-09-08 09:24:36.480,107.895..123.362,focal_len / dzoom_ratio,S=52.70/1.00,V=55.00/2.29,Original PTS interval 107.895..123.362 s (15.467 s); S state first wall time 2026-09-08 09:26:24.445; V state first wall time 2026-09-08 09:24:36.480,@raw/02_第二批_20260908_0924_单火点/01_正式视频/无人机04_1581F7K33258900AP021/DJI_202609080915_034/DJI_20260908092436_0002_S.MP4
S_V_SUBTITLE_FULL_PTS_CONFLICT,high,B2,uav-04,1581F7K33258900AP021,,video_visible,@raw/02_第二批_20260908_0924_单火点/01_正式视频/无人机04_1581F7K33258900AP021/DJI_202609080915_034/DJI_20260908092436_0002_V.MP4,DJI_20260908092436_0002_V.MP4,,,,2026-09-08 09:24:36.480,128.834..130.768,focal_len / dzoom_ratio,S=52.70/1.00,V=55.00/2.29,Original PTS interval 128.834..130.768 s (1.934 s); S state first wall time 2026-09-08 09:26:45.408; V state first wall time 2026-09-08 09:24:36.480,@raw/02_第二批_20260908_0924_单火点/01_正式视频/无人机04_1581F7K33258900AP021/DJI_202609080915_034/DJI_20260908092436_0002_S.MP4
S_V_SUBTITLE_FULL_PTS_CONFLICT,high,B2,uav-04,1581F7K33258900AP021,,video_visible,@raw/02_第二批_20260908_0924_单火点/01_正式视频/无人机04_1581F7K33258900AP021/DJI_202609080915_034/DJI_20260908092436_0002_V.MP4,DJI_20260908092436_0002_V.MP4,,,,2026-09-08 09:24:36.480,132.669..235.069,focal_len / dzoom_ratio,S=52.70/1.00,V=55.00/2.29,Original PTS interval 132.669..235.069 s (102.4 s); S state first wall time 2026-09-08 09:26:49.239; V state first wall time 2026-09-08 09:24:36.480,@raw/02_第二批_20260908_0924_单火点/01_正式视频/无人机04_1581F7K33258900AP021/DJI_202609080915_034/DJI_20260908092436_0002_S.MP4
S_V_SUBTITLE_FULL_PTS_CONFLICT,high,B2,uav-04,1581F7K33258900AP021,,video_visible,@raw/02_第二批_20260908_0924_单火点/01_正式视频/无人机04_1581F7K33258900AP021/DJI_202609080915_034/DJI_20260908092436_0002_V.MP4,DJI_20260908092436_0002_V.MP4,,,,2026-09-08 09:24:36.480,284.886..336.886,focal_len / dzoom_ratio,S=52.70/1.00,V=55.00/2.29,Original PTS interval 284.886..336.886 s (52.0 s); S state first wall time 2026-09-08 09:29:21.450; V state first wall time 2026-09-08 09:24:36.480,@raw/02_第二批_20260908_0924_单火点/01_正式视频/无人机04_1581F7K33258900AP021/DJI_202609080915_034/DJI_20260908092436_0002_S.MP4
S_V_SUBTITLE_FULL_PTS_CONFLICT,high,B2,uav-04,1581F7K33258900AP021,,video_visible,@raw/02_第二批_20260908_0924_单火点/01_正式视频/无人机04_1581F7K33258900AP021/DJI_202609080915_034/DJI_20260908092436_0002_V.MP4,DJI_20260908092436_0002_V.MP4,,,,2026-09-08 09:24:36.480,435.818..444.951,focal_len / dzoom_ratio,S=52.70/1.00,V=55.00/2.29,Original PTS interval 435.818..444.951 s (9.133 s); S state first wall time 2026-09-08 09:31:52.353; V state first wall time 2026-09-08 09:24:36.480,@raw/02_第二批_20260908_0924_单火点/01_正式视频/无人机04_1581F7K33258900AP021/DJI_202609080915_034/DJI_20260908092436_0002_S.MP4
S_V_SUBTITLE_FULL_PTS_CONFLICT,high,B2,uav-04,1581F7K33258900AP021,,video_visible,@raw/02_第二批_20260908_0924_单火点/01_正式视频/无人机04_1581F7K33258900AP021/DJI_202609080915_034/DJI_20260908092436_0002_V.MP4,DJI_20260908092436_0002_V.MP4,,,,2026-09-08 09:24:36.480,606.346..610.813,focal_len / dzoom_ratio,S=52.70/1.00,V=55.00/2.29,Original PTS interval 606.346..610.813 s (4.467 s); S state first wall time 2026-09-08 09:34:42.856; V state first wall time 2026-09-08 09:24:36.480,@raw/02_第二批_20260908_0924_单火点/01_正式视频/无人机04_1581F7K33258900AP021/DJI_202609080915_034/DJI_20260908092436_0002_S.MP4
S_V_SUBTITLE_FULL_PTS_CONFLICT,high,B2,uav-04,1581F7K33258900AP021,,video_visible,@raw/02_第二批_20260908_0924_单火点/01_正式视频/无人机04_1581F7K33258900AP021/DJI_202609080915_034/DJI_20260908092436_0002_V.MP4,DJI_20260908092436_0002_V.MP4,,,,2026-09-08 09:24:36.480,650.719..653.186,focal_len / dzoom_ratio,S=52.70/1.00,V=55.00/2.29,Original PTS interval 650.719..653.186 s (2.467 s); S state first wall time 2026-09-08 09:35:27.224; V state first wall time 2026-09-08 09:24:36.480,@raw/02_第二批_20260908_0924_单火点/01_正式视频/无人机04_1581F7K33258900AP021/DJI_202609080915_034/DJI_20260908092436_0002_S.MP4
S_V_SUBTITLE_FULL_PTS_CONFLICT,high,B2,uav-04,1581F7K33258900AP021,,video_visible,@raw/02_第二批_20260908_0924_单火点/01_正式视频/无人机04_1581F7K33258900AP021/DJI_202609080915_034/DJI_20260908092436_0002_V.MP4,DJI_20260908092436_0002_V.MP4,,,,2026-09-08 09:24:36.480,756.322..759.389,focal_len / dzoom_ratio,S=52.70/1.00,V=55.00/2.29,Original PTS interval 756.322..759.389 s (3.067 s); S state first wall time 2026-09-08 09:37:12.865; V state first wall time 2026-09-08 09:24:36.480,@raw/02_第二批_20260908_0924_单火点/01_正式视频/无人机04_1581F7K33258900AP021/DJI_202609080915_034/DJI_20260908092436_0002_S.MP4
S_V_SUBTITLE_FULL_PTS_CONFLICT,high,B2,uav-07,1581F7K3325B100AS0AG,,video_visible,@raw/02_第二批_20260908_0924_单火点/01_正式视频/无人机07_1581F7K3325B100AS0AG/DJI_202609080909_002/DJI_20260908092438_0002_V.MP4,DJI_20260908092438_0002_V.MP4,,,,2026-09-08 09:24:38.306,0.0..32.167,focal_len / dzoom_ratio,S=52.70/1.00,V=54.10/2.25,Original PTS interval 0.0..32.167 s (32.167 s); S state first wall time 2026-09-08 09:24:38.444; V state first wall time 2026-09-08 09:24:38.306,@raw/02_第二批_20260908_0924_单火点/01_正式视频/无人机07_1581F7K3325B100AS0AG/DJI_202609080909_002/DJI_20260908092438_0002_S.MP4
S_V_SUBTITLE_FULL_PTS_CONFLICT,high,B2,uav-07,1581F7K3325B100AS0AG,,video_visible,@raw/02_第二批_20260908_0924_单火点/01_正式视频/无人机07_1581F7K3325B100AS0AG/DJI_202609080909_002/DJI_20260908092438_0002_V.MP4,DJI_20260908092438_0002_V.MP4,,,,2026-09-08 09:24:38.306,33.401..40.035,focal_len / dzoom_ratio,S=52.70/1.00,V=54.10/2.25,Original PTS interval 33.401..40.035 s (6.634 s); S state first wall time 2026-09-08 09:25:11.782; V state first wall time 2026-09-08 09:24:38.306,@raw/02_第二批_20260908_0924_单火点/01_正式视频/无人机07_1581F7K3325B100AS0AG/DJI_202609080909_002/DJI_20260908092438_0002_S.MP4
S_V_SUBTITLE_FULL_PTS_CONFLICT,high,B2,uav-07,1581F7K3325B100AS0AG,,video_visible,@raw/02_第二批_20260908_0924_单火点/01_正式视频/无人机07_1581F7K3325B100AS0AG/DJI_202609080909_002/DJI_20260908092438_0002_V.MP4,DJI_20260908092438_0002_V.MP4,,,,2026-09-08 09:24:38.306,41.069..42.236,focal_len / dzoom_ratio,S=52.70/1.00,V=54.10/2.25,Original PTS interval 41.069..42.236 s (1.167 s); S state first wall time 2026-09-08 09:25:19.452; V state first wall time 2026-09-08 09:24:38.306,@raw/02_第二批_20260908_0924_单火点/01_正式视频/无人机07_1581F7K3325B100AS0AG/DJI_202609080909_002/DJI_20260908092438_0002_S.MP4
S_V_SUBTITLE_FULL_PTS_CONFLICT,high,B2,uav-07,1581F7K3325B100AS0AG,,video_visible,@raw/02_第二批_20260908_0924_单火点/01_正式视频/无人机07_1581F7K3325B100AS0AG/DJI_202609080909_002/DJI_20260908092438_0002_V.MP4,DJI_20260908092438_0002_V.MP4,,,,2026-09-08 09:24:38.306,43.303..45.903,focal_len / dzoom_ratio,S=52.70/1.00,V=54.10/2.25,Original PTS interval 43.303..45.903 s (2.6 s); S state first wall time 2026-09-08 09:25:21.688; V state first wall time 2026-09-08 09:24:38.306,@raw/02_第二批_20260908_0924_单火点/01_正式视频/无人机07_1581F7K3325B100AS0AG/DJI_202609080909_002/DJI_20260908092438_0002_S.MP4
S_V_SUBTITLE_FULL_PTS_CONFLICT,high,B2,uav-07,1581F7K3325B100AS0AG,,video_visible,@raw/02_第二批_20260908_0924_单火点/01_正式视频/无人机07_1581F7K3325B100AS0AG/DJI_202609080909_002/DJI_20260908092438_0002_V.MP4,DJI_20260908092438_0002_V.MP4,,,,2026-09-08 09:24:38.306,74.198..127.098,focal_len / dzoom_ratio,S=52.70/1.00,V=54.10/2.25,Original PTS interval 74.198..127.098 s (52.9 s); S state first wall time 2026-09-08 09:25:52.586; V state first wall time 2026-09-08 09:24:38.306,@raw/02_第二批_20260908_0924_单火点/01_正式视频/无人机07_1581F7K3325B100AS0AG/DJI_202609080909_002/DJI_20260908092438_0002_S.MP4
S_V_SUBTITLE_FULL_PTS_CONFLICT,high,B2,uav-07,1581F7K3325B100AS0AG,,video_visible,@raw/02_第二批_20260908_0924_单火点/01_正式视频/无人机07_1581F7K3325B100AS0AG/DJI_202609080909_002/DJI_20260908092438_0002_V.MP4,DJI_20260908092438_0002_V.MP4,,,,2026-09-08 09:24:38.306,149.587..309.354,focal_len / dzoom_ratio,S=52.70/1.00,V=54.10/2.25,Original PTS interval 149.587..309.354 s (159.767 s); S state first wall time 2026-09-08 09:27:07.968; V state first wall time 2026-09-08 09:24:38.306,@raw/02_第二批_20260908_0924_单火点/01_正式视频/无人机07_1581F7K3325B100AS0AG/DJI_202609080909_002/DJI_20260908092438_0002_S.MP4
S_V_SUBTITLE_FULL_PTS_CONFLICT,high,B2,uav-07,1581F7K3325B100AS0AG,,video_visible,@raw/02_第二批_20260908_0924_单火点/01_正式视频/无人机07_1581F7K3325B100AS0AG/DJI_202609080909_002/DJI_20260908092438_0002_V.MP4,DJI_20260908092438_0002_V.MP4,,,,2026-09-08 09:24:38.306,529.307..612.074,focal_len / dzoom_ratio,S=52.70/1.00,V=54.10/2.25,Original PTS interval 529.307..612.074 s (82.767 s); S state first wall time 2026-09-08 09:33:27.719; V state first wall time 2026-09-08 09:24:38.306,@raw/02_第二批_20260908_0924_单火点/01_正式视频/无人机07_1581F7K3325B100AS0AG/DJI_202609080909_002/DJI_20260908092438_0002_S.MP4
S_V_SUBTITLE_FULL_PTS_CONFLICT,high,B2,uav-07,1581F7K3325B100AS0AG,,video_visible,@raw/02_第二批_20260908_0924_单火点/01_正式视频/无人机07_1581F7K3325B100AS0AG/DJI_202609080909_002/DJI_20260908092438_0002_V.MP4,DJI_20260908092438_0002_V.MP4,,,,2026-09-08 09:24:38.306,714.142..727.542,focal_len / dzoom_ratio,S=52.70/1.00,V=54.10/2.25,Original PTS interval 714.142..727.542 s (13.4 s); S state first wall time 2026-09-08 09:36:32.571; V state first wall time 2026-09-08 09:24:38.306,@raw/02_第二批_20260908_0924_单火点/01_正式视频/无人机07_1581F7K3325B100AS0AG/DJI_202609080909_002/DJI_20260908092438_0002_S.MP4
S_V_SUBTITLE_FULL_PTS_CONFLICT,high,B2,uav-07,1581F7K3325B100AS0AG,,video_visible,@raw/02_第二批_20260908_0924_单火点/01_正式视频/无人机07_1581F7K3325B100AS0AG/DJI_202609080909_002/DJI_20260908092438_0002_V.MP4,DJI_20260908092438_0002_V.MP4,,,,2026-09-08 09:24:38.306,756.972..759.072,focal_len / dzoom_ratio,S=52.70/1.00,V=54.10/2.25,Original PTS interval 756.972..759.072 s (2.1 s); S state first wall time 2026-09-08 09:37:15.393; V state first wall time 2026-09-08 09:24:38.306,@raw/02_第二批_20260908_0924_单火点/01_正式视频/无人机07_1581F7K3325B100AS0AG/DJI_202609080909_002/DJI_20260908092438_0002_S.MP4
S_V_SUBTITLE_FULL_PTS_CONFLICT,high,B2,uav-07,1581F7K3325B100AS0AG,,video_visible,@raw/02_第二批_20260908_0924_单火点/01_正式视频/无人机07_1581F7K3325B100AS0AG/DJI_202609080909_002/DJI_20260908092438_0002_V.MP4,DJI_20260908092438_0002_V.MP4,,,,2026-09-08 09:24:38.306,761.574..762.608,focal_len / dzoom_ratio,S=52.70/1.00,V=54.10/2.25,Original PTS interval 761.574..762.608 s (1.034 s); S state first wall time 2026-09-08 09:37:19.994; V state first wall time 2026-09-08 09:24:38.306,@raw/02_第二批_20260908_0924_单火点/01_正式视频/无人机07_1581F7K3325B100AS0AG/DJI_202609080909_002/DJI_20260908092438_0002_S.MP4
S_V_SUBTITLE_FULL_PTS_CONFLICT,high,B2,uav-07,1581F7K3325B100AS0AG,,video_visible,@raw/02_第二批_20260908_0924_单火点/01_正式视频/无人机07_1581F7K3325B100AS0AG/DJI_202609080909_002/DJI_20260908092438_0002_V.MP4,DJI_20260908092438_0002_V.MP4,,,,2026-09-08 09:24:38.306,817.729..943.796,focal_len / dzoom_ratio,S=52.70/1.00,V=54.10/2.25,Original PTS interval 817.729..943.796 s (126.067 s); S state first wall time 2026-09-08 09:38:16.127; V state first wall time 2026-09-08 09:24:38.306,@raw/02_第二批_20260908_0924_单火点/01_正式视频/无人机07_1581F7K3325B100AS0AG/DJI_202609080909_002/DJI_20260908092438_0002_S.MP4
S_V_SUBTITLE_FULL_PTS_CONFLICT,high,B2,uav-08,1581F7K3C256N00DCP1T,,video_visible,@raw/02_第二批_20260908_0924_单火点/01_正式视频/无人机08_1581F7K3C256N00DCP1T/DJI_202609080922_003/DJI_20260908092433_0001_V.MP4,DJI_20260908092433_0001_V.MP4,,,,2026-09-08 09:24:34.030,220.654..221.82,focal_len / dzoom_ratio,S=52.70/1.00,V=55.10/2.30,Original PTS interval 220.654..221.82 s (1.166 s); S state first wall time 2026-09-08 09:28:14.679; V state first wall time 2026-09-08 09:24:34.030,@raw/02_第二批_20260908_0924_单火点/01_正式视频/无人机08_1581F7K3C256N00DCP1T/DJI_202609080922_003/DJI_20260908092433_0001_S.MP4
S_V_SUBTITLE_FULL_PTS_CONFLICT,high,B2,uav-08,1581F7K3C256N00DCP1T,,video_visible,@raw/02_第二批_20260908_0924_单火点/01_正式视频/无人机08_1581F7K3C256N00DCP1T/DJI_202609080922_003/DJI_20260908092433_0001_V.MP4,DJI_20260908092433_0001_V.MP4,,,,2026-09-08 09:42:27.399,1073.372..1073.405,focal_len / dzoom_ratio,S=55.10/2.30,V=24.00/1.00,Original PTS interval 1073.372..1073.405 s (0.033 s); S state first wall time 2026-09-08 09:28:15.819; V state first wall time 2026-09-08 09:42:27.399,@raw/02_第二批_20260908_0924_单火点/01_正式视频/无人机08_1581F7K3C256N00DCP1T/DJI_202609080922_003/DJI_20260908092433_0001_S.MP4
S_V_SUBTITLE_FULL_PTS_CONFLICT,high,B2,uav-09,1581F7K3C24CS00AX535,,video_visible,@raw/02_第二批_20260908_0924_单火点/01_正式视频/无人机09_1581F7K3C24CS00AX535/DJI_202609080915_003/DJI_20260908092435_0004_V.MP4,DJI_20260908092435_0004_V.MP4,,,,2026-09-08 09:24:36.082,126.026..129.759,focal_len / dzoom_ratio,S=52.70/1.00,V=53.30/2.22,Original PTS interval 126.026..129.759 s (3.733 s); S state first wall time 2026-09-08 09:26:42.138; V state first wall time 2026-09-08 09:24:36.082,@raw/02_第二批_20260908_0924_单火点/01_正式视频/无人机09_1581F7K3C24CS00AX535/DJI_202609080915_003/DJI_20260908092435_0004_S.MP4
S_V_SUBTITLE_FULL_PTS_CONFLICT,high,B2,uav-09,1581F7K3C24CS00AX535,,video_visible,@raw/02_第二批_20260908_0924_单火点/01_正式视频/无人机09_1581F7K3C24CS00AX535/DJI_202609080915_003/DJI_20260908092435_0004_V.MP4,DJI_20260908092435_0004_V.MP4,,,,2026-09-08 09:24:36.082,163.993..164.96,focal_len / dzoom_ratio,S=52.70/1.00,V=53.30/2.22,Original PTS interval 163.993..164.96 s (0.967 s); S state first wall time 2026-09-08 09:27:20.090; V state first wall time 2026-09-08 09:24:36.082,@raw/02_第二批_20260908_0924_单火点/01_正式视频/无人机09_1581F7K3C24CS00AX535/DJI_202609080915_003/DJI_20260908092435_0004_S.MP4
S_V_SUBTITLE_FULL_PTS_CONFLICT,high,B2,uav-09,1581F7K3C24CS00AX535,,video_visible,@raw/02_第二批_20260908_0924_单火点/01_正式视频/无人机09_1581F7K3C24CS00AX535/DJI_202609080915_003/DJI_20260908092435_0004_V.MP4,DJI_20260908092435_0004_V.MP4,,,,2026-09-08 09:24:36.082,517.512..521.112,focal_len / dzoom_ratio,S=52.70/1.00,V=53.30/2.22,Original PTS interval 517.512..521.112 s (3.6 s); S state first wall time 2026-09-08 09:33:13.630; V state first wall time 2026-09-08 09:24:36.082,@raw/02_第二批_20260908_0924_单火点/01_正式视频/无人机09_1581F7K3C24CS00AX535/DJI_202609080915_003/DJI_20260908092435_0004_S.MP4
S_V_SUBTITLE_FULL_PTS_CONFLICT,high,B2,uav-09,1581F7K3C24CS00AX535,,video_visible,@raw/02_第二批_20260908_0924_单火点/01_正式视频/无人机09_1581F7K3C24CS00AX535/DJI_202609080915_003/DJI_20260908092435_0004_V.MP4,DJI_20260908092435_0004_V.MP4,,,,2026-09-08 09:24:36.082,523.114..526.381,focal_len / dzoom_ratio,S=52.70/1.00,V=53.30/2.22,Original PTS interval 523.114..526.381 s (3.267 s); S state first wall time 2026-09-08 09:33:19.265; V state first wall time 2026-09-08 09:24:36.082,@raw/02_第二批_20260908_0924_单火点/01_正式视频/无人机09_1581F7K3C24CS00AX535/DJI_202609080915_003/DJI_20260908092435_0004_S.MP4
S_V_SUBTITLE_FULL_PTS_CONFLICT,high,B2,uav-09,1581F7K3C24CS00AX535,,video_visible,@raw/02_第二批_20260908_0924_单火点/01_正式视频/无人机09_1581F7K3C24CS00AX535/DJI_202609080915_003/DJI_20260908092435_0004_V.MP4,DJI_20260908092435_0004_V.MP4,,,,2026-09-08 09:24:36.082,533.154..535.621,focal_len / dzoom_ratio,S=52.70/1.00,V=53.30/2.22,Original PTS interval 533.154..535.621 s (2.467 s); S state first wall time 2026-09-08 09:33:29.303; V state first wall time 2026-09-08 09:24:36.082,@raw/02_第二批_20260908_0924_单火点/01_正式视频/无人机09_1581F7K3C24CS00AX535/DJI_202609080915_003/DJI_20260908092435_0004_S.MP4
S_V_SUBTITLE_FULL_PTS_CONFLICT,high,B2,uav-09,1581F7K3C24CS00AX535,,video_visible,@raw/02_第二批_20260908_0924_单火点/01_正式视频/无人机09_1581F7K3C24CS00AX535/DJI_202609080915_003/DJI_20260908092435_0004_V.MP4,DJI_20260908092435_0004_V.MP4,,,,2026-09-08 09:24:36.082,837.589..839.156,focal_len / dzoom_ratio,S=52.70/1.00,V=53.30/2.22,Original PTS interval 837.589..839.156 s (1.567 s); S state first wall time 2026-09-08 09:38:33.754; V state first wall time 2026-09-08 09:24:36.082,@raw/02_第二批_20260908_0924_单火点/01_正式视频/无人机09_1581F7K3C24CS00AX535/DJI_202609080915_003/DJI_20260908092435_0004_S.MP4
S_V_SUBTITLE_FULL_PTS_CONFLICT,high,B2,uav-09,1581F7K3C24CS00AX535,,video_visible,@raw/02_第二批_20260908_0924_单火点/01_正式视频/无人机09_1581F7K3C24CS00AX535/DJI_202609080915_003/DJI_20260908092435_0004_V.MP4,DJI_20260908092435_0004_V.MP4,,,,2026-09-08 09:24:36.082,959.176..960.176,focal_len / dzoom_ratio,S=52.70/1.00,V=53.30/2.22,Original PTS interval 959.176..960.176 s (1.0 s); S state first wall time 2026-09-08 09:40:35.321; V state first wall time 2026-09-08 09:24:36.082,@raw/02_第二批_20260908_0924_单火点/01_正式视频/无人机09_1581F7K3C24CS00AX535/DJI_202609080915_003/DJI_20260908092435_0004_S.MP4
S_V_SUBTITLE_FULL_PTS_CONFLICT,high,B2,uav-09,1581F7K3C24CS00AX535,,video_visible,@raw/02_第二批_20260908_0924_单火点/01_正式视频/无人机09_1581F7K3C24CS00AX535/DJI_202609080915_003/DJI_20260908092435_0004_V.MP4,DJI_20260908092435_0004_V.MP4,,,,2026-09-08 09:24:36.082,961.477..962.711,focal_len / dzoom_ratio,S=52.70/1.00,V=53.30/2.22,Original PTS interval 961.477..962.711 s (1.234 s); S state first wall time 2026-09-08 09:40:37.622; V state first wall time 2026-09-08 09:24:36.082,@raw/02_第二批_20260908_0924_单火点/01_正式视频/无人机09_1581F7K3C24CS00AX535/DJI_202609080915_003/DJI_20260908092435_0004_S.MP4
S_V_SUBTITLE_FULL_PTS_CONFLICT,high,B3,uav-01,1581F7K3C251800CYBVP,,video_visible,@raw/03_第三批_20260908_1006_多火点/01_正式视频/无人机01_1581F7K3C251800CYBVP/DJI_202609080945_004/DJI_20260908100826_0002_V.MP4,DJI_20260908100826_0002_V.MP4,,,,2026-09-08 10:08:26.449,552.685..562.085,focal_len / dzoom_ratio,S=52.70/1.00,V=53.30/2.22,Original PTS interval 552.685..562.085 s (9.4 s); S state first wall time 2026-09-08 10:17:39.148; V state first wall time 2026-09-08 10:08:26.449,@raw/03_第三批_20260908_1006_多火点/01_正式视频/无人机01_1581F7K3C251800CYBVP/DJI_202609080945_004/DJI_20260908100826_0002_S.MP4
S_V_SUBTITLE_FULL_PTS_CONFLICT,high,B3,uav-02,1581F7K3C267500D2DQD,,video_visible,@raw/03_第三批_20260908_1006_多火点/01_正式视频/无人机02_1581F7K3C267500D2DQD/DJI_202609080957_005/DJI_20260908100606_0001_V.MP4,DJI_20260908100606_0001_V.MP4,,,,2026-09-08 10:06:07.282,86.253..88.32,focal_len / dzoom_ratio,S=52.70/1.00,V=53.00/2.21,Original PTS interval 86.253..88.32 s (2.067 s); S state first wall time 2026-09-08 10:07:33.368; V state first wall time 2026-09-08 10:06:07.282,@raw/03_第三批_20260908_1006_多火点/01_正式视频/无人机02_1581F7K3C267500D2DQD/DJI_202609080957_005/DJI_20260908100606_0001_S.MP4
S_V_SUBTITLE_FULL_PTS_CONFLICT,high,B3,uav-02,1581F7K3C267500D2DQD,,video_visible,@raw/03_第三批_20260908_1006_多火点/01_正式视频/无人机02_1581F7K3C267500D2DQD/DJI_202609080957_005/DJI_20260908100606_0001_V.MP4,DJI_20260908100606_0001_V.MP4,,,,2026-09-08 10:06:07.282,501.165..853.486,focal_len / dzoom_ratio,S=52.70/1.00,V=53.00/2.21,Original PTS interval 501.165..853.486 s (352.321 s); S state first wall time 2026-09-08 10:14:28.237; V state first wall time 2026-09-08 10:06:07.282,@raw/03_第三批_20260908_1006_多火点/01_正式视频/无人机02_1581F7K3C267500D2DQD/DJI_202609080957_005/DJI_20260908100606_0001_S.MP4
S_V_SUBTITLE_FULL_PTS_CONFLICT,high,B3,uav-03,1581F7K3C255900D76E8,,video_visible,@raw/03_第三批_20260908_1006_多火点/01_正式视频/无人机03_1581F7K3C255900D76E8/DJI_202609080957_005/DJI_20260908100550_0001_V.MP4,DJI_20260908100550_0001_V.MP4,,,,2026-09-08 10:05:51.359,72.105..74.172,focal_len / dzoom_ratio,S=52.70/1.00,V=33.80/1.41,Original PTS interval 72.105..74.172 s (2.067 s); S state first wall time 2026-09-08 10:07:03.524; V state first wall time 2026-09-08 10:05:51.359,@raw/03_第三批_20260908_1006_多火点/01_正式视频/无人机03_1581F7K3C255900D76E8/DJI_202609080957_005/DJI_20260908100550_0001_S.MP4
S_V_SUBTITLE_FULL_PTS_CONFLICT,high,B3,uav-03,1581F7K3C255900D76E8,,video_visible,@raw/03_第三批_20260908_1006_多火点/01_正式视频/无人机03_1581F7K3C255900D76E8/DJI_202609080957_005/DJI_20260908100550_0001_V.MP4,DJI_20260908100550_0001_V.MP4,,,,2026-09-08 10:05:51.359,81.68..83.313,focal_len / dzoom_ratio,S=52.70/1.00,V=33.80/1.41,Original PTS interval 81.68..83.313 s (1.633 s); S state first wall time 2026-09-08 10:07:13.094; V state first wall time 2026-09-08 10:05:51.359,@raw/03_第三批_20260908_1006_多火点/01_正式视频/无人机03_1581F7K3C255900D76E8/DJI_202609080957_005/DJI_20260908100550_0001_S.MP4
S_V_SUBTITLE_FULL_PTS_CONFLICT,high,B3,uav-03,1581F7K3C255900D76E8,,video_visible,@raw/03_第三批_20260908_1006_多火点/01_正式视频/无人机03_1581F7K3C255900D76E8/DJI_202609080957_005/DJI_20260908100550_0001_V.MP4,DJI_20260908100550_0001_V.MP4,,,,2026-09-08 10:05:51.359,84.28..85.014,focal_len / dzoom_ratio,S=52.70/1.00,V=33.80/1.41,Original PTS interval 84.28..85.014 s (0.734 s); S state first wall time 2026-09-08 10:07:15.728; V state first wall time 2026-09-08 10:05:51.359,@raw/03_第三批_20260908_1006_多火点/01_正式视频/无人机03_1581F7K3C255900D76E8/DJI_202609080957_005/DJI_20260908100550_0001_S.MP4
S_V_SUBTITLE_FULL_PTS_CONFLICT,high,B3,uav-03,1581F7K3C255900D76E8,,video_visible,@raw/03_第三批_20260908_1006_多火点/01_正式视频/无人机03_1581F7K3C255900D76E8/DJI_202609080957_005/DJI_20260908100550_0001_V.MP4,DJI_20260908100550_0001_V.MP4,,,,2026-09-08 10:05:51.359,95.524..99.091,focal_len / dzoom_ratio,S=52.70/1.00,V=33.80/1.41,Original PTS interval 95.524..99.091 s (3.567 s); S state first wall time 2026-09-08 10:07:26.957; V state first wall time 2026-09-08 10:05:51.359,@raw/03_第三批_20260908_1006_多火点/01_正式视频/无人机03_1581F7K3C255900D76E8/DJI_202609080957_005/DJI_20260908100550_0001_S.MP4
S_V_SUBTITLE_FULL_PTS_CONFLICT,high,B3,uav-03,1581F7K3C255900D76E8,,video_visible,@raw/03_第三批_20260908_1006_多火点/01_正式视频/无人机03_1581F7K3C255900D76E8/DJI_202609080957_005/DJI_20260908100550_0001_V.MP4,DJI_20260908100550_0001_V.MP4,,,,2026-09-08 10:05:51.359,102.194..112.327,focal_len / dzoom_ratio,S=52.70/1.00,V=33.80/1.41,Original PTS interval 102.194..112.327 s (10.133 s); S state first wall time 2026-09-08 10:07:33.657; V state first wall time 2026-09-08 10:05:51.359,@raw/03_第三批_20260908_1006_多火点/01_正式视频/无人机03_1581F7K3C255900D76E8/DJI_202609080957_005/DJI_20260908100550_0001_S.MP4
S_V_SUBTITLE_FULL_PTS_CONFLICT,high,B3,uav-03,1581F7K3C255900D76E8,,video_visible,@raw/03_第三批_20260908_1006_多火点/01_正式视频/无人机03_1581F7K3C255900D76E8/DJI_202609080957_005/DJI_20260908100550_0001_V.MP4,DJI_20260908100550_0001_V.MP4,,,,2026-09-08 10:05:51.359,113.095..117.028,focal_len / dzoom_ratio,S=52.70/1.00,V=33.80/1.41,Original PTS interval 113.095..117.028 s (3.933 s); S state first wall time 2026-09-08 10:07:44.562; V state first wall time 2026-09-08 10:05:51.359,@raw/03_第三批_20260908_1006_多火点/01_正式视频/无人机03_1581F7K3C255900D76E8/DJI_202609080957_005/DJI_20260908100550_0001_S.MP4
S_V_SUBTITLE_FULL_PTS_CONFLICT,high,B3,uav-03,1581F7K3C255900D76E8,,video_visible,@raw/03_第三批_20260908_1006_多火点/01_正式视频/无人机03_1581F7K3C255900D76E8/DJI_202609080957_005/DJI_20260908100550_0001_V.MP4,DJI_20260908100550_0001_V.MP4,,,,2026-09-08 10:05:51.359,117.962..123.062,focal_len / dzoom_ratio,S=52.70/1.00,V=33.80/1.41,Original PTS interval 117.962..123.062 s (5.1 s); S state first wall time 2026-09-08 10:07:49.425; V state first wall time 2026-09-08 10:05:51.359,@raw/03_第三批_20260908_1006_多火点/01_正式视频/无人机03_1581F7K3C255900D76E8/DJI_202609080957_005/DJI_20260908100550_0001_S.MP4
S_V_SUBTITLE_FULL_PTS_CONFLICT,high,B3,uav-03,1581F7K3C255900D76E8,,video_visible,@raw/03_第三批_20260908_1006_多火点/01_正式视频/无人机03_1581F7K3C255900D76E8/DJI_202609080957_005/DJI_20260908100550_0001_V.MP4,DJI_20260908100550_0001_V.MP4,,,,2026-09-08 10:05:51.359,123.997..125.697,focal_len / dzoom_ratio,S=52.70/1.00,V=33.80/1.41,Original PTS interval 123.997..125.697 s (1.7 s); S state first wall time 2026-09-08 10:07:55.465; V state first wall time 2026-09-08 10:05:51.359,@raw/03_第三批_20260908_1006_多火点/01_正式视频/无人机03_1581F7K3C255900D76E8/DJI_202609080957_005/DJI_20260908100550_0001_S.MP4
S_V_SUBTITLE_FULL_PTS_CONFLICT,high,B3,uav-03,1581F7K3C255900D76E8,,video_visible,@raw/03_第三批_20260908_1006_多火点/01_正式视频/无人机03_1581F7K3C255900D76E8/DJI_202609080957_005/DJI_20260908100550_0001_V.MP4,DJI_20260908100550_0001_V.MP4,,,,2026-09-08 10:05:51.359,175.246..177.28,focal_len / dzoom_ratio,S=52.70/1.00,V=33.80/1.41,Original PTS interval 175.246..177.28 s (2.034 s); S state first wall time 2026-09-08 10:08:46.676; V state first wall time 2026-09-08 10:05:51.359,@raw/03_第三批_20260908_1006_多火点/01_正式视频/无人机03_1581F7K3C255900D76E8/DJI_202609080957_005/DJI_20260908100550_0001_S.MP4
S_V_SUBTITLE_FULL_PTS_CONFLICT,high,B3,uav-03,1581F7K3C255900D76E8,,video_visible,@raw/03_第三批_20260908_1006_多火点/01_正式视频/无人机03_1581F7K3C255900D76E8/DJI_202609080957_005/DJI_20260908100550_0001_V.MP4,DJI_20260908100550_0001_V.MP4,,,,2026-09-08 10:05:51.359,233.102..236.335,focal_len / dzoom_ratio,S=52.70/1.00,V=33.80/1.41,Original PTS interval 233.102..236.335 s (3.233 s); S state first wall time 2026-09-08 10:09:44.522; V state first wall time 2026-09-08 10:05:51.359,@raw/03_第三批_20260908_1006_多火点/01_正式视频/无人机03_1581F7K3C255900D76E8/DJI_202609080957_005/DJI_20260908100550_0001_S.MP4
S_V_SUBTITLE_FULL_PTS_CONFLICT,high,B3,uav-03,1581F7K3C255900D76E8,,video_visible,@raw/03_第三批_20260908_1006_多火点/01_正式视频/无人机03_1581F7K3C255900D76E8/DJI_202609080957_005/DJI_20260908100550_0001_V.MP4,DJI_20260908100550_0001_V.MP4,,,,2026-09-08 10:05:51.359,237.303..238.37,focal_len / dzoom_ratio,S=52.70/1.00,V=33.80/1.41,Original PTS interval 237.303..238.37 s (1.067 s); S state first wall time 2026-09-08 10:09:48.721; V state first wall time 2026-09-08 10:05:51.359,@raw/03_第三批_20260908_1006_多火点/01_正式视频/无人机03_1581F7K3C255900D76E8/DJI_202609080957_005/DJI_20260908100550_0001_S.MP4
S_V_SUBTITLE_FULL_PTS_CONFLICT,high,B3,uav-03,1581F7K3C255900D76E8,,video_visible,@raw/03_第三批_20260908_1006_多火点/01_正式视频/无人机03_1581F7K3C255900D76E8/DJI_202609080957_005/DJI_20260908100550_0001_V.MP4,DJI_20260908100550_0001_V.MP4,,,,2026-09-08 10:05:51.359,239.237..241.171,focal_len / dzoom_ratio,S=52.70/1.00,V=33.80/1.41,Original PTS interval 239.237..241.171 s (1.934 s); S state first wall time 2026-09-08 10:09:50.654; V state first wall time 2026-09-08 10:05:51.359,@raw/03_第三批_20260908_1006_多火点/01_正式视频/无人机03_1581F7K3C255900D76E8/DJI_202609080957_005/DJI_20260908100550_0001_S.MP4
S_V_SUBTITLE_FULL_PTS_CONFLICT,high,B3,uav-03,1581F7K3C255900D76E8,,video_visible,@raw/03_第三批_20260908_1006_多火点/01_正式视频/无人机03_1581F7K3C255900D76E8/DJI_202609080957_005/DJI_20260908100550_0001_V.MP4,DJI_20260908100550_0001_V.MP4,,,,2026-09-08 10:05:51.359,242.205..243.872,focal_len / dzoom_ratio,S=52.70/1.00,V=33.80/1.41,Original PTS interval 242.205..243.872 s (1.667 s); S state first wall time 2026-09-08 10:09:53.621; V state first wall time 2026-09-08 10:05:51.359,@raw/03_第三批_20260908_1006_多火点/01_正式视频/无人机03_1581F7K3C255900D76E8/DJI_202609080957_005/DJI_20260908100550_0001_S.MP4
S_V_SUBTITLE_FULL_PTS_CONFLICT,high,B3,uav-03,1581F7K3C255900D76E8,,video_visible,@raw/03_第三批_20260908_1006_多火点/01_正式视频/无人机03_1581F7K3C255900D76E8/DJI_202609080957_005/DJI_20260908100550_0001_V.MP4,DJI_20260908100550_0001_V.MP4,,,,2026-09-08 10:05:51.359,250.311..253.945,focal_len / dzoom_ratio,S=52.70/1.00,V=33.80/1.41,Original PTS interval 250.311..253.945 s (3.634 s); S state first wall time 2026-09-08 10:10:01.767; V state first wall time 2026-09-08 10:05:51.359,@raw/03_第三批_20260908_1006_多火点/01_正式视频/无人机03_1581F7K3C255900D76E8/DJI_202609080957_005/DJI_20260908100550_0001_S.MP4
S_V_SUBTITLE_FULL_PTS_CONFLICT,high,B3,uav-03,1581F7K3C255900D76E8,,video_visible,@raw/03_第三批_20260908_1006_多火点/01_正式视频/无人机03_1581F7K3C255900D76E8/DJI_202609080957_005/DJI_20260908100550_0001_V.MP4,DJI_20260908100550_0001_V.MP4,,,,2026-09-08 10:05:51.359,254.645..259.545,focal_len / dzoom_ratio,S=52.70/1.00,V=33.80/1.41,Original PTS interval 254.645..259.545 s (4.9 s); S state first wall time 2026-09-08 10:10:06.072; V state first wall time 2026-09-08 10:05:51.359,@raw/03_第三批_20260908_1006_多火点/01_正式视频/无人机03_1581F7K3C255900D76E8/DJI_202609080957_005/DJI_20260908100550_0001_S.MP4
S_V_SUBTITLE_FULL_PTS_CONFLICT,high,B3,uav-03,1581F7K3C255900D76E8,,video_visible,@raw/03_第三批_20260908_1006_多火点/01_正式视频/无人机03_1581F7K3C255900D76E8/DJI_202609080957_005/DJI_20260908100550_0001_V.MP4,DJI_20260908100550_0001_V.MP4,,,,2026-09-08 10:05:51.359,263.349..264.516,focal_len / dzoom_ratio,S=52.70/1.00,V=33.80/1.41,Original PTS interval 263.349..264.516 s (1.167 s); S state first wall time 2026-09-08 10:10:14.762; V state first wall time 2026-09-08 10:05:51.359,@raw/03_第三批_20260908_1006_多火点/01_正式视频/无人机03_1581F7K3C255900D76E8/DJI_202609080957_005/DJI_20260908100550_0001_S.MP4
S_V_SUBTITLE_FULL_PTS_CONFLICT,high,B3,uav-03,1581F7K3C255900D76E8,,video_visible,@raw/03_第三批_20260908_1006_多火点/01_正式视频/无人机03_1581F7K3C255900D76E8/DJI_202609080957_005/DJI_20260908100550_0001_V.MP4,DJI_20260908100550_0001_V.MP4,,,,2026-09-08 10:05:51.359,371.423..373.889,focal_len / dzoom_ratio,S=52.70/1.00,V=33.80/1.41,Original PTS interval 371.423..373.889 s (2.466 s); S state first wall time 2026-09-08 10:12:02.793; V state first wall time 2026-09-08 10:05:51.359,@raw/03_第三批_20260908_1006_多火点/01_正式视频/无人机03_1581F7K3C255900D76E8/DJI_202609080957_005/DJI_20260908100550_0001_S.MP4
S_V_SUBTITLE_FULL_PTS_CONFLICT,high,B3,uav-03,1581F7K3C255900D76E8,,video_visible,@raw/03_第三批_20260908_1006_多火点/01_正式视频/无人机03_1581F7K3C255900D76E8/DJI_202609080957_005/DJI_20260908100550_0001_V.MP4,DJI_20260908100550_0001_V.MP4,,,,2026-09-08 10:05:51.359,407.423..408.489,focal_len / dzoom_ratio,S=52.70/1.00,V=33.80/1.41,Original PTS interval 407.423..408.489 s (1.066 s); S state first wall time 2026-09-08 10:12:38.793; V state first wall time 2026-09-08 10:05:51.359,@raw/03_第三批_20260908_1006_多火点/01_正式视频/无人机03_1581F7K3C255900D76E8/DJI_202609080957_005/DJI_20260908100550_0001_S.MP4
S_V_SUBTITLE_FULL_PTS_CONFLICT,high,B3,uav-03,1581F7K3C255900D76E8,,video_visible,@raw/03_第三批_20260908_1006_多火点/01_正式视频/无人机03_1581F7K3C255900D76E8/DJI_202609080957_005/DJI_20260908100550_0001_V.MP4,DJI_20260908100550_0001_V.MP4,,,,2026-09-08 10:05:51.359,454.168..455.302,focal_len / dzoom_ratio,S=52.70/1.00,V=33.80/1.41,Original PTS interval 454.168..455.302 s (1.134 s); S state first wall time 2026-09-08 10:13:25.527; V state first wall time 2026-09-08 10:05:51.359,@raw/03_第三批_20260908_1006_多火点/01_正式视频/无人机03_1581F7K3C255900D76E8/DJI_202609080957_005/DJI_20260908100550_0001_S.MP4
S_V_SUBTITLE_FULL_PTS_CONFLICT,high,B3,uav-03,1581F7K3C255900D76E8,,video_visible,@raw/03_第三批_20260908_1006_多火点/01_正式视频/无人机03_1581F7K3C255900D76E8/DJI_202609080957_005/DJI_20260908100550_0001_V.MP4,DJI_20260908100550_0001_V.MP4,,,,2026-09-08 10:05:51.359,527.107..531.007,focal_len / dzoom_ratio,S=52.70/1.00,V=33.80/1.41,Original PTS interval 527.107..531.007 s (3.9 s); S state first wall time 2026-09-08 10:14:38.473; V state first wall time 2026-09-08 10:05:51.359,@raw/03_第三批_20260908_1006_多火点/01_正式视频/无人机03_1581F7K3C255900D76E8/DJI_202609080957_005/DJI_20260908100550_0001_S.MP4
S_V_SUBTITLE_FULL_PTS_CONFLICT,high,B3,uav-03,1581F7K3C255900D76E8,,video_visible,@raw/03_第三批_20260908_1006_多火点/01_正式视频/无人机03_1581F7K3C255900D76E8/DJI_202609080957_005/DJI_20260908100550_0001_V.MP4,DJI_20260908100550_0001_V.MP4,,,,2026-09-08 10:05:51.359,789.732..794.432,focal_len / dzoom_ratio,S=52.70/1.00,V=33.80/1.41,Original PTS interval 789.732..794.432 s (4.7 s); S state first wall time 2026-09-08 10:19:01.085; V state first wall time 2026-09-08 10:05:51.359,@raw/03_第三批_20260908_1006_多火点/01_正式视频/无人机03_1581F7K3C255900D76E8/DJI_202609080957_005/DJI_20260908100550_0001_S.MP4
S_V_SUBTITLE_FULL_PTS_CONFLICT,high,B3,uav-04,1581F7K33258900AP021,,video_visible,@raw/03_第三批_20260908_1006_多火点/01_正式视频/无人机04_1581F7K33258900AP021/DJI_202609080957_035/DJI_20260908100549_0001_V.MP4,DJI_20260908100549_0001_V.MP4,,,,2026-09-08 10:05:49.566,16.35..74.05,focal_len / dzoom_ratio,S=52.70/1.00,V=53.80/2.24,Original PTS interval 16.35..74.05 s (57.7 s); S state first wall time 2026-09-08 10:06:05.822; V state first wall time 2026-09-08 10:05:49.566,@raw/03_第三批_20260908_1006_多火点/01_正式视频/无人机04_1581F7K33258900AP021/DJI_202609080957_035/DJI_20260908100549_0001_S.MP4
S_V_SUBTITLE_FULL_PTS_CONFLICT,high,B3,uav-04,1581F7K33258900AP021,,video_visible,@raw/03_第三批_20260908_1006_多火点/01_正式视频/无人机04_1581F7K33258900AP021/DJI_202609080957_035/DJI_20260908100549_0001_V.MP4,DJI_20260908100549_0001_V.MP4,,,,2026-09-08 10:05:49.566,77.553..120.787,focal_len / dzoom_ratio,S=52.70/1.00,V=53.80/2.24,Original PTS interval 77.553..120.787 s (43.234 s); S state first wall time 2026-09-08 10:07:07.054; V state first wall time 2026-09-08 10:05:49.566,@raw/03_第三批_20260908_1006_多火点/01_正式视频/无人机04_1581F7K33258900AP021/DJI_202609080957_035/DJI_20260908100549_0001_S.MP4
S_V_SUBTITLE_FULL_PTS_CONFLICT,high,B3,uav-04,1581F7K33258900AP021,,video_visible,@raw/03_第三批_20260908_1006_多火点/01_正式视频/无人机04_1581F7K33258900AP021/DJI_202609080957_035/DJI_20260908100549_0001_V.MP4,DJI_20260908100549_0001_V.MP4,,,,2026-09-08 10:05:49.566,244.543..419.777,focal_len / dzoom_ratio,S=52.70/1.00,V=53.80/2.24,Original PTS interval 244.543..419.777 s (175.234 s); S state first wall time 2026-09-08 10:09:54.061; V state first wall time 2026-09-08 10:05:49.566,@raw/03_第三批_20260908_1006_多火点/01_正式视频/无人机04_1581F7K33258900AP021/DJI_202609080957_035/DJI_20260908100549_0001_S.MP4
S_V_SUBTITLE_FULL_PTS_CONFLICT,high,B3,uav-04,1581F7K33258900AP021,,video_visible,@raw/03_第三批_20260908_1006_多火点/01_正式视频/无人机04_1581F7K33258900AP021/DJI_202609080957_035/DJI_20260908100549_0001_V.MP4,DJI_20260908100549_0001_V.MP4,,,,2026-09-08 10:05:49.566,513.003..528.47,focal_len / dzoom_ratio,S=52.70/1.00,V=53.80/2.24,Original PTS interval 513.003..528.47 s (15.467 s); S state first wall time 2026-09-08 10:14:22.528; V state first wall time 2026-09-08 10:05:49.566,@raw/03_第三批_20260908_1006_多火点/01_正式视频/无人机04_1581F7K33258900AP021/DJI_202609080957_035/DJI_20260908100549_0001_S.MP4
S_V_SUBTITLE_FULL_PTS_CONFLICT,high,B3,uav-05,1581F7K3C251400CFB45,,video_visible,@raw/03_第三批_20260908_1006_多火点/01_正式视频/无人机05_1581F7K3C251400CFB45/DJI_202609080957_004/DJI_20260908100545_0001_V.MP4,DJI_20260908100545_0001_V.MP4,,,,2026-09-08 10:05:46.121,0.0..3.233,focal_len / dzoom_ratio,S=52.70/1.00,V=53.00/2.21,Original PTS interval 0.0..3.233 s (3.233 s); S state first wall time 2026-09-08 10:05:46.201; V state first wall time 2026-09-08 10:05:46.121,@raw/03_第三批_20260908_1006_多火点/01_正式视频/无人机05_1581F7K3C251400CFB45/DJI_202609080957_004/DJI_20260908100545_0001_S.MP4
S_V_SUBTITLE_FULL_PTS_CONFLICT,high,B3,uav-05,1581F7K3C251400CFB45,,video_visible,@raw/03_第三批_20260908_1006_多火点/01_正式视频/无人机05_1581F7K3C251400CFB45/DJI_202609080957_004/DJI_20260908100545_0001_V.MP4,DJI_20260908100545_0001_V.MP4,,,,2026-09-08 10:05:46.121,84.481..216.781,focal_len / dzoom_ratio,S=52.70/1.00,V=53.00/2.21,Original PTS interval 84.481..216.781 s (132.3 s); S state first wall time 2026-09-08 10:07:10.623; V state first wall time 2026-09-08 10:05:46.121,@raw/03_第三批_20260908_1006_多火点/01_正式视频/无人机05_1581F7K3C251400CFB45/DJI_202609080957_004/DJI_20260908100545_0001_S.MP4
S_V_SUBTITLE_FULL_PTS_CONFLICT,high,B3,uav-05,1581F7K3C251400CFB45,,video_visible,@raw/03_第三批_20260908_1006_多火点/01_正式视频/无人机05_1581F7K3C251400CFB45/DJI_202609080957_004/DJI_20260908100545_0001_V.MP4,DJI_20260908100545_0001_V.MP4,,,,2026-09-08 10:05:46.121,417.215..534.015,focal_len / dzoom_ratio,S=52.70/1.00,V=53.00/2.21,Original PTS interval 417.215..534.015 s (116.8 s); S state first wall time 2026-09-08 10:12:43.507; V state first wall time 2026-09-08 10:05:46.121,@raw/03_第三批_20260908_1006_多火点/01_正式视频/无人机05_1581F7K3C251400CFB45/DJI_202609080957_004/DJI_20260908100545_0001_S.MP4
S_V_SUBTITLE_FULL_PTS_CONFLICT,high,B3,uav-05,1581F7K3C251400CFB45,,video_visible,@raw/03_第三批_20260908_1006_多火点/01_正式视频/无人机05_1581F7K3C251400CFB45/DJI_202609080957_004/DJI_20260908100545_0001_V.MP4,DJI_20260908100545_0001_V.MP4,,,,2026-09-08 10:05:46.121,627.942..873.475,focal_len / dzoom_ratio,S=52.70/1.00,V=53.00/2.21,Original PTS interval 627.942..873.475 s (245.533 s); S state first wall time 2026-09-08 10:16:14.120; V state first wall time 2026-09-08 10:05:46.121,@raw/03_第三批_20260908_1006_多火点/01_正式视频/无人机05_1581F7K3C251400CFB45/DJI_202609080957_004/DJI_20260908100545_0001_S.MP4
S_V_SUBTITLE_FULL_PTS_CONFLICT,high,B3,uav-07,1581F7K3325B100AS0AG,,video_visible,@raw/03_第三批_20260908_1006_多火点/01_正式视频/无人机07_1581F7K3325B100AS0AG/DJI_202609081002_003/DJI_20260908100617_0001_V.MP4,DJI_20260908100617_0001_V.MP4,,,,2026-09-08 10:08:40.877,142.843..142.876,focal_len / dzoom_ratio,S=53.10/2.21,V=53.40/2.23,Original PTS interval 142.843..142.876 s (0.033 s); S state first wall time 2026-09-08 10:06:18.024; V state first wall time 2026-09-08 10:08:40.877,@raw/03_第三批_20260908_1006_多火点/01_正式视频/无人机07_1581F7K3325B100AS0AG/DJI_202609081002_003/DJI_20260908100617_0001_S.MP4
S_V_SUBTITLE_FULL_PTS_CONFLICT,high,B3,uav-07,1581F7K3325B100AS0AG,,video_visible,@raw/03_第三批_20260908_1006_多火点/01_正式视频/无人机07_1581F7K3325B100AS0AG/DJI_202609081002_003/DJI_20260908100617_0001_V.MP4,DJI_20260908100617_0001_V.MP4,,,,2026-09-08 10:08:40.909,142.876..142.909,focal_len / dzoom_ratio,S=53.40/2.23,V=53.80/2.24,Original PTS interval 142.876..142.909 s (0.033 s); S state first wall time 2026-09-08 10:08:40.886; V state first wall time 2026-09-08 10:08:40.909,@raw/03_第三批_20260908_1006_多火点/01_正式视频/无人机07_1581F7K3325B100AS0AG/DJI_202609081002_003/DJI_20260908100617_0001_S.MP4
S_V_SUBTITLE_FULL_PTS_CONFLICT,high,B3,uav-07,1581F7K3325B100AS0AG,,video_visible,@raw/03_第三批_20260908_1006_多火点/01_正式视频/无人机07_1581F7K3325B100AS0AG/DJI_202609081002_003/DJI_20260908100617_0001_V.MP4,DJI_20260908100617_0001_V.MP4,,,,2026-09-08 10:08:40.909,262.062..263.762,focal_len / dzoom_ratio,S=52.70/1.00,V=53.80/2.24,Original PTS interval 262.062..263.762 s (1.7 s); S state first wall time 2026-09-08 10:10:40.052; V state first wall time 2026-09-08 10:08:40.909,@raw/03_第三批_20260908_1006_多火点/01_正式视频/无人机07_1581F7K3325B100AS0AG/DJI_202609081002_003/DJI_20260908100617_0001_S.MP4
S_V_SUBTITLE_FULL_PTS_CONFLICT,high,B3,uav-08,1581F7K3C256N00DCP1T,,video_visible,@raw/03_第三批_20260908_1006_多火点/01_正式视频/无人机08_1581F7K3C256N00DCP1T/DJI_202609080958_004/DJI_20260908100611_0001_V.MP4,DJI_20260908100611_0001_V.MP4,,,,2026-09-08 10:06:11.895,10.477..17.31,focal_len / dzoom_ratio,S=52.70/1.00,V=24.00/1.00,Original PTS interval 10.477..17.31 s (6.833 s); S state first wall time 2026-09-08 10:06:22.246; V state first wall time 2026-09-08 10:06:11.895,@raw/03_第三批_20260908_1006_多火点/01_正式视频/无人机08_1581F7K3C256N00DCP1T/DJI_202609080958_004/DJI_20260908100611_0001_S.MP4
S_V_SUBTITLE_FULL_PTS_CONFLICT,high,B3,uav-08,1581F7K3C256N00DCP1T,,video_visible,@raw/03_第三批_20260908_1006_多火点/01_正式视频/无人机08_1581F7K3C256N00DCP1T/DJI_202609080958_004/DJI_20260908100611_0001_V.MP4,DJI_20260908100611_0001_V.MP4,,,,2026-09-08 10:06:11.895,25.318..50.885,focal_len / dzoom_ratio,S=52.70/1.00,V=24.00/1.00,Original PTS interval 25.318..50.885 s (25.567 s); S state first wall time 2026-09-08 10:06:37.087; V state first wall time 2026-09-08 10:06:11.895,@raw/03_第三批_20260908_1006_多火点/01_正式视频/无人机08_1581F7K3C256N00DCP1T/DJI_202609080958_004/DJI_20260908100611_0001_S.MP4
S_V_SUBTITLE_FULL_PTS_CONFLICT,high,B3,uav-08,1581F7K3C256N00DCP1T,,video_visible,@raw/03_第三批_20260908_1006_多火点/01_正式视频/无人机08_1581F7K3C256N00DCP1T/DJI_202609080958_004/DJI_20260908100611_0001_V.MP4,DJI_20260908100611_0001_V.MP4,,,,2026-09-08 10:06:11.895,51.953..59.92,focal_len / dzoom_ratio,S=52.70/1.00,V=24.00/1.00,Original PTS interval 51.953..59.92 s (7.967 s); S state first wall time 2026-09-08 10:07:03.655; V state first wall time 2026-09-08 10:06:11.895,@raw/03_第三批_20260908_1006_多火点/01_正式视频/无人机08_1581F7K3C256N00DCP1T/DJI_202609080958_004/DJI_20260908100611_0001_S.MP4
S_V_SUBTITLE_FULL_PTS_CONFLICT,high,B3,uav-08,1581F7K3C256N00DCP1T,,video_visible,@raw/03_第三批_20260908_1006_多火点/01_正式视频/无人机08_1581F7K3C256N00DCP1T/DJI_202609080958_004/DJI_20260908100611_0001_V.MP4,DJI_20260908100611_0001_V.MP4,,,,2026-09-08 10:06:11.895,61.221..123.388,focal_len / dzoom_ratio,S=52.70/1.00,V=24.00/1.00,Original PTS interval 61.221..123.388 s (62.167 s); S state first wall time 2026-09-08 10:07:12.926; V state first wall time 2026-09-08 10:06:11.895,@raw/03_第三批_20260908_1006_多火点/01_正式视频/无人机08_1581F7K3C256N00DCP1T/DJI_202609080958_004/DJI_20260908100611_0001_S.MP4
S_V_SUBTITLE_FULL_PTS_CONFLICT,high,B3,uav-08,1581F7K3C256N00DCP1T,,video_visible,@raw/03_第三批_20260908_1006_多火点/01_正式视频/无人机08_1581F7K3C256N00DCP1T/DJI_202609080958_004/DJI_20260908100611_0001_V.MP4,DJI_20260908100611_0001_V.MP4,,,,2026-09-08 10:06:11.895,129.494..144.094,focal_len / dzoom_ratio,S=52.70/1.00,V=24.00/1.00,Original PTS interval 129.494..144.094 s (14.6 s); S state first wall time 2026-09-08 10:08:21.261; V state first wall time 2026-09-08 10:06:11.895,@raw/03_第三批_20260908_1006_多火点/01_正式视频/无人机08_1581F7K3C256N00DCP1T/DJI_202609080958_004/DJI_20260908100611_0001_S.MP4
S_V_SUBTITLE_FULL_PTS_CONFLICT,high,B3,uav-08,1581F7K3C256N00DCP1T,,video_visible,@raw/03_第三批_20260908_1006_多火点/01_正式视频/无人机08_1581F7K3C256N00DCP1T/DJI_202609080958_004/DJI_20260908100611_0001_V.MP4,DJI_20260908100611_0001_V.MP4,,,,2026-09-08 10:06:11.895,146.629..441.763,focal_len / dzoom_ratio,S=52.70/1.00,V=24.00/1.00,Original PTS interval 146.629..441.763 s (295.134 s); S state first wall time 2026-09-08 10:08:38.421; V state first wall time 2026-09-08 10:06:11.895,@raw/03_第三批_20260908_1006_多火点/01_正式视频/无人机08_1581F7K3C256N00DCP1T/DJI_202609080958_004/DJI_20260908100611_0001_S.MP4
S_V_SUBTITLE_FULL_PTS_CONFLICT,high,B3,uav-08,1581F7K3C256N00DCP1T,,video_visible,@raw/03_第三批_20260908_1006_多火点/01_正式视频/无人机08_1581F7K3C256N00DCP1T/DJI_202609080958_004/DJI_20260908100611_0001_V.MP4,DJI_20260908100611_0001_V.MP4,,,,2026-09-08 10:06:11.895,444.032..507.498,focal_len / dzoom_ratio,S=52.70/1.00,V=24.00/1.00,Original PTS interval 444.032..507.498 s (63.466 s); S state first wall time 2026-09-08 10:13:35.828; V state first wall time 2026-09-08 10:06:11.895,@raw/03_第三批_20260908_1006_多火点/01_正式视频/无人机08_1581F7K3C256N00DCP1T/DJI_202609080958_004/DJI_20260908100611_0001_S.MP4
S_V_SUBTITLE_FULL_PTS_CONFLICT,high,B3,uav-08,1581F7K3C256N00DCP1T,,video_visible,@raw/03_第三批_20260908_1006_多火点/01_正式视频/无人机08_1581F7K3C256N00DCP1T/DJI_202609080958_004/DJI_20260908100611_0001_V.MP4,DJI_20260908100611_0001_V.MP4,,,,2026-09-08 10:06:11.895,510.268..554.068,focal_len / dzoom_ratio,S=52.70/1.00,V=24.00/1.00,Original PTS interval 510.268..554.068 s (43.8 s); S state first wall time 2026-09-08 10:14:42.074; V state first wall time 2026-09-08 10:06:11.895,@raw/03_第三批_20260908_1006_多火点/01_正式视频/无人机08_1581F7K3C256N00DCP1T/DJI_202609080958_004/DJI_20260908100611_0001_S.MP4
S_V_SUBTITLE_FULL_PTS_CONFLICT,high,B3,uav-08,1581F7K3C256N00DCP1T,,video_visible,@raw/03_第三批_20260908_1006_多火点/01_正式视频/无人机08_1581F7K3C256N00DCP1T/DJI_202609080958_004/DJI_20260908100611_0001_V.MP4,DJI_20260908100611_0001_V.MP4,,,,2026-09-08 10:06:11.895,630.444..759.092,focal_len / dzoom_ratio,S=52.70/1.00,V=24.00/1.00,Original PTS interval 630.444..759.092 s (128.648 s); S state first wall time 2026-09-08 10:16:42.263; V state first wall time 2026-09-08 10:06:11.895,@raw/03_第三批_20260908_1006_多火点/01_正式视频/无人机08_1581F7K3C256N00DCP1T/DJI_202609080958_004/DJI_20260908100611_0001_S.MP4
S_V_SUBTITLE_FULL_PTS_CONFLICT,high,B3,uav-09,1581F7K3C24CS00AX535,,video_visible,@raw/03_第三批_20260908_1006_多火点/01_正式视频/无人机09_1581F7K3C24CS00AX535/DJI_202609080957_004/DJI_20260908100604_0001_V.MP4,DJI_20260908100604_0001_V.MP4,,,,2026-09-08 10:06:05.030,8.909..11.142,focal_len / dzoom_ratio,S=52.70/1.00,V=54.70/2.28,Original PTS interval 8.909..11.142 s (2.233 s); S state first wall time 2026-09-08 10:06:13.929; V state first wall time 2026-09-08 10:06:05.030,@raw/03_第三批_20260908_1006_多火点/01_正式视频/无人机09_1581F7K3C24CS00AX535/DJI_202609080957_004/DJI_20260908100604_0001_S.MP4
S_V_SUBTITLE_FULL_PTS_CONFLICT,high,B3,uav-09,1581F7K3C24CS00AX535,,video_visible,@raw/03_第三批_20260908_1006_多火点/01_正式视频/无人机09_1581F7K3C24CS00AX535/DJI_202609080957_004/DJI_20260908100604_0001_V.MP4,DJI_20260908100604_0001_V.MP4,,,,2026-09-08 10:06:05.030,12.777..13.777,focal_len / dzoom_ratio,S=52.70/1.00,V=54.70/2.28,Original PTS interval 12.777..13.777 s (1.0 s); S state first wall time 2026-09-08 10:06:17.795; V state first wall time 2026-09-08 10:06:05.030,@raw/03_第三批_20260908_1006_多火点/01_正式视频/无人机09_1581F7K3C24CS00AX535/DJI_202609080957_004/DJI_20260908100604_0001_S.MP4
S_V_SUBTITLE_FULL_PTS_CONFLICT,high,B3,uav-09,1581F7K3C24CS00AX535,,video_visible,@raw/03_第三批_20260908_1006_多火点/01_正式视频/无人机09_1581F7K3C24CS00AX535/DJI_202609080957_004/DJI_20260908100604_0001_V.MP4,DJI_20260908100604_0001_V.MP4,,,,2026-09-08 10:06:05.030,32.229..159.529,focal_len / dzoom_ratio,S=52.70/1.00,V=54.70/2.28,Original PTS interval 32.229..159.529 s (127.3 s); S state first wall time 2026-09-08 10:06:37.250; V state first wall time 2026-09-08 10:06:05.030,@raw/03_第三批_20260908_1006_多火点/01_正式视频/无人机09_1581F7K3C24CS00AX535/DJI_202609080957_004/DJI_20260908100604_0001_S.MP4
S_V_SUBTITLE_FULL_PTS_CONFLICT,high,B3,uav-09,1581F7K3C24CS00AX535,,video_visible,@raw/03_第三批_20260908_1006_多火点/01_正式视频/无人机09_1581F7K3C24CS00AX535/DJI_202609080957_004/DJI_20260908100604_0001_V.MP4,DJI_20260908100604_0001_V.MP4,,,,2026-09-08 10:06:05.030,168.471..172.838,focal_len / dzoom_ratio,S=52.70/1.00,V=54.70/2.28,Original PTS interval 168.471..172.838 s (4.367 s); S state first wall time 2026-09-08 10:08:53.465; V state first wall time 2026-09-08 10:06:05.030,@raw/03_第三批_20260908_1006_多火点/01_正式视频/无人机09_1581F7K3C24CS00AX535/DJI_202609080957_004/DJI_20260908100604_0001_S.MP4
S_V_SUBTITLE_FULL_PTS_CONFLICT,high,B3,uav-09,1581F7K3C24CS00AX535,,video_visible,@raw/03_第三批_20260908_1006_多火点/01_正式视频/无人机09_1581F7K3C24CS00AX535/DJI_202609080957_004/DJI_20260908100604_0001_V.MP4,DJI_20260908100604_0001_V.MP4,,,,2026-09-08 10:06:05.030,409.341..412.141,focal_len / dzoom_ratio,S=52.70/1.00,V=54.70/2.28,Original PTS interval 409.341..412.141 s (2.8 s); S state first wall time 2026-09-08 10:12:54.326; V state first wall time 2026-09-08 10:06:05.030,@raw/03_第三批_20260908_1006_多火点/01_正式视频/无人机09_1581F7K3C24CS00AX535/DJI_202609080957_004/DJI_20260908100604_0001_S.MP4
S_V_SUBTITLE_FULL_PTS_CONFLICT,high,B3,uav-09,1581F7K3C24CS00AX535,,video_visible,@raw/03_第三批_20260908_1006_多火点/01_正式视频/无人机09_1581F7K3C24CS00AX535/DJI_202609080957_004/DJI_20260908100604_0001_V.MP4,DJI_20260908100604_0001_V.MP4,,,,2026-09-08 10:06:05.030,825.12..827.487,focal_len / dzoom_ratio,S=52.70/1.00,V=54.70/2.28,Original PTS interval 825.12..827.487 s (2.367 s); S state first wall time 2026-09-08 10:19:50.145; V state first wall time 2026-09-08 10:06:05.030,@raw/03_第三批_20260908_1006_多火点/01_正式视频/无人机09_1581F7K3C24CS00AX535/DJI_202609080957_004/DJI_20260908100604_0001_S.MP4
S_V_SUBTITLE_FULL_PTS_CONFLICT,high,B4,uav-01,1581F7K3C251800CYBVP,,video_visible,@raw/04_第四批_20260908_1053_多火点与余热点/02_激光打点与定位验证/01_事后打点候选/无人机01_1581F7K3C251800CYBVP/DJI_202609081117_006/DJI_20260908112447_0010_V.MP4,DJI_20260908112447_0010_V.MP4,,,,2026-09-08 11:24:48.203,14.882..14.915,focal_len / dzoom_ratio,S=24.20/1.01,V=24.00/1.00,Original PTS interval 14.882..14.915 s (0.033 s); S state first wall time 2026-09-08 11:25:03.120; V state first wall time 2026-09-08 11:24:48.203,@raw/04_第四批_20260908_1053_多火点与余热点/02_激光打点与定位验证/01_事后打点候选/无人机01_1581F7K3C251800CYBVP/DJI_202609081117_006/DJI_20260908112447_0010_S.MP4
S_V_SUBTITLE_FULL_PTS_CONFLICT,high,B4,uav-01,1581F7K3C251800CYBVP,,video_visible,@raw/04_第四批_20260908_1053_多火点与余热点/02_激光打点与定位验证/01_事后打点候选/无人机01_1581F7K3C251800CYBVP/DJI_202609081117_006/DJI_20260908112447_0010_V.MP4,DJI_20260908112447_0010_V.MP4,,,,2026-09-08 11:25:03.113,14.915..14.948,focal_len / dzoom_ratio,S=24.30/1.01,V=24.20/1.01,Original PTS interval 14.915..14.948 s (0.033 s); S state first wall time 2026-09-08 11:25:03.149; V state first wall time 2026-09-08 11:25:03.113,@raw/04_第四批_20260908_1053_多火点与余热点/02_激光打点与定位验证/01_事后打点候选/无人机01_1581F7K3C251800CYBVP/DJI_202609081117_006/DJI_20260908112447_0010_S.MP4
S_V_SUBTITLE_FULL_PTS_CONFLICT,high,B4,uav-01,1581F7K3C251800CYBVP,,video_visible,@raw/04_第四批_20260908_1053_多火点与余热点/02_激光打点与定位验证/01_事后打点候选/无人机01_1581F7K3C251800CYBVP/DJI_202609081117_006/DJI_20260908112447_0010_V.MP4,DJI_20260908112447_0010_V.MP4,,,,2026-09-08 11:25:03.146,14.948..14.982,focal_len / dzoom_ratio,S=24.50/1.02,V=24.30/1.01,Original PTS interval 14.948..14.982 s (0.034 s); S state first wall time 2026-09-08 11:25:03.187; V state first wall time 2026-09-08 11:25:03.146,@raw/04_第四批_20260908_1053_多火点与余热点/02_激光打点与定位验证/01_事后打点候选/无人机01_1581F7K3C251800CYBVP/DJI_202609081117_006/DJI_20260908112447_0010_S.MP4
S_V_SUBTITLE_FULL_PTS_CONFLICT,high,B4,uav-01,1581F7K3C251800CYBVP,,video_visible,@raw/04_第四批_20260908_1053_多火点与余热点/02_激光打点与定位验证/01_事后打点候选/无人机01_1581F7K3C251800CYBVP/DJI_202609081117_006/DJI_20260908112447_0010_V.MP4,DJI_20260908112447_0010_V.MP4,,,,2026-09-08 11:25:03.179,14.982..15.015,focal_len / dzoom_ratio,S=24.60/1.03,V=24.50/1.02,Original PTS interval 14.982..15.015 s (0.033 s); S state first wall time 2026-09-08 11:25:03.220; V state first wall time 2026-09-08 11:25:03.179,@raw/04_第四批_20260908_1053_多火点与余热点/02_激光打点与定位验证/01_事后打点候选/无人机01_1581F7K3C251800CYBVP/DJI_202609081117_006/DJI_20260908112447_0010_S.MP4
S_V_SUBTITLE_FULL_PTS_CONFLICT,high,B4,uav-01,1581F7K3C251800CYBVP,,video_visible,@raw/04_第四批_20260908_1053_多火点与余热点/02_激光打点与定位验证/01_事后打点候选/无人机01_1581F7K3C251800CYBVP/DJI_202609081117_006/DJI_20260908112447_0010_V.MP4,DJI_20260908112447_0010_V.MP4,,,,2026-09-08 11:25:03.213,15.015..15.048,focal_len / dzoom_ratio,S=24.80/1.03,V=24.60/1.03,Original PTS interval 15.015..15.048 s (0.033 s); S state first wall time 2026-09-08 11:25:03.251; V state first wall time 2026-09-08 11:25:03.213,@raw/04_第四批_20260908_1053_多火点与余热点/02_激光打点与定位验证/01_事后打点候选/无人机01_1581F7K3C251800CYBVP/DJI_202609081117_006/DJI_20260908112447_0010_S.MP4
S_V_SUBTITLE_FULL_PTS_CONFLICT,high,B4,uav-01,1581F7K3C251800CYBVP,,video_visible,@raw/04_第四批_20260908_1053_多火点与余热点/02_激光打点与定位验证/01_事后打点候选/无人机01_1581F7K3C251800CYBVP/DJI_202609081117_006/DJI_20260908112447_0010_V.MP4,DJI_20260908112447_0010_V.MP4,,,,2026-09-08 11:25:03.247,15.048..15.082,focal_len / dzoom_ratio,S=24.90/1.04,V=24.80/1.03,Original PTS interval 15.048..15.082 s (0.034 s); S state first wall time 2026-09-08 11:25:03.288; V state first wall time 2026-09-08 11:25:03.247,@raw/04_第四批_20260908_1053_多火点与余热点/02_激光打点与定位验证/01_事后打点候选/无人机01_1581F7K3C251800CYBVP/DJI_202609081117_006/DJI_20260908112447_0010_S.MP4
S_V_SUBTITLE_FULL_PTS_CONFLICT,high,B4,uav-01,1581F7K3C251800CYBVP,,video_visible,@raw/04_第四批_20260908_1053_多火点与余热点/02_激光打点与定位验证/01_事后打点候选/无人机01_1581F7K3C251800CYBVP/DJI_202609081117_006/DJI_20260908112447_0010_V.MP4,DJI_20260908112447_0010_V.MP4,,,,2026-09-08 11:25:03.279,15.082..15.115,focal_len / dzoom_ratio,S=25.10/1.05,V=24.90/1.04,Original PTS interval 15.082..15.115 s (0.033 s); S state first wall time 2026-09-08 11:25:03.323; V state first wall time 2026-09-08 11:25:03.279,@raw/04_第四批_20260908_1053_多火点与余热点/02_激光打点与定位验证/01_事后打点候选/无人机01_1581F7K3C251800CYBVP/DJI_202609081117_006/DJI_20260908112447_0010_S.MP4
S_V_SUBTITLE_FULL_PTS_CONFLICT,high,B4,uav-01,1581F7K3C251800CYBVP,,video_visible,@raw/04_第四批_20260908_1053_多火点与余热点/02_激光打点与定位验证/01_事后打点候选/无人机01_1581F7K3C251800CYBVP/DJI_202609081117_006/DJI_20260908112447_0010_V.MP4,DJI_20260908112447_0010_V.MP4,,,,2026-09-08 11:25:03.315,15.115..15.148,focal_len / dzoom_ratio,S=25.30/1.05,V=25.10/1.05,Original PTS interval 15.115..15.148 s (0.033 s); S state first wall time 2026-09-08 11:25:03.354; V state first wall time 2026-09-08 11:25:03.315,@raw/04_第四批_20260908_1053_多火点与余热点/02_激光打点与定位验证/01_事后打点候选/无人机01_1581F7K3C251800CYBVP/DJI_202609081117_006/DJI_20260908112447_0010_S.MP4
S_V_SUBTITLE_FULL_PTS_CONFLICT,high,B4,uav-01,1581F7K3C251800CYBVP,,video_visible,@raw/04_第四批_20260908_1053_多火点与余热点/02_激光打点与定位验证/01_事后打点候选/无人机01_1581F7K3C251800CYBVP/DJI_202609081117_006/DJI_20260908112447_0010_V.MP4,DJI_20260908112447_0010_V.MP4,,,,2026-09-08 11:25:03.346,15.148..15.182,focal_len / dzoom_ratio,S=25.40/1.06,V=25.30/1.05,Original PTS interval 15.148..15.182 s (0.034 s); S state first wall time 2026-09-08 11:25:03.387; V state first wall time 2026-09-08 11:25:03.346,@raw/04_第四批_20260908_1053_多火点与余热点/02_激光打点与定位验证/01_事后打点候选/无人机01_1581F7K3C251800CYBVP/DJI_202609081117_006/DJI_20260908112447_0010_S.MP4
S_V_SUBTITLE_FULL_PTS_CONFLICT,high,B4,uav-01,1581F7K3C251800CYBVP,,video_visible,@raw/04_第四批_20260908_1053_多火点与余热点/02_激光打点与定位验证/01_事后打点候选/无人机01_1581F7K3C251800CYBVP/DJI_202609081117_006/DJI_20260908112447_0010_V.MP4,DJI_20260908112447_0010_V.MP4,,,,2026-09-08 11:25:03.380,15.182..15.215,focal_len / dzoom_ratio,S=25.60/1.07,V=25.40/1.06,Original PTS interval 15.182..15.215 s (0.033 s); S state first wall time 2026-09-08 11:25:03.420; V state first wall time 2026-09-08 11:25:03.380,@raw/04_第四批_20260908_1053_多火点与余热点/02_激光打点与定位验证/01_事后打点候选/无人机01_1581F7K3C251800CYBVP/DJI_202609081117_006/DJI_20260908112447_0010_S.MP4
S_V_SUBTITLE_FULL_PTS_CONFLICT,high,B4,uav-01,1581F7K3C251800CYBVP,,video_visible,@raw/04_第四批_20260908_1053_多火点与余热点/02_激光打点与定位验证/01_事后打点候选/无人机01_1581F7K3C251800CYBVP/DJI_202609081117_006/DJI_20260908112447_0010_V.MP4,DJI_20260908112447_0010_V.MP4,,,,2026-09-08 11:25:03.413,15.215..15.249,focal_len / dzoom_ratio,S=25.80/1.07,V=25.60/1.07,Original PTS interval 15.215..15.249 s (0.034 s); S state first wall time 2026-09-08 11:25:03.452; V state first wall time 2026-09-08 11:25:03.413,@raw/04_第四批_20260908_1053_多火点与余热点/02_激光打点与定位验证/01_事后打点候选/无人机01_1581F7K3C251800CYBVP/DJI_202609081117_006/DJI_20260908112447_0010_S.MP4
S_V_SUBTITLE_FULL_PTS_CONFLICT,high,B4,uav-01,1581F7K3C251800CYBVP,,video_visible,@raw/04_第四批_20260908_1053_多火点与余热点/02_激光打点与定位验证/01_事后打点候选/无人机01_1581F7K3C251800CYBVP/DJI_202609081117_006/DJI_20260908112447_0010_V.MP4,DJI_20260908112447_0010_V.MP4,,,,2026-09-08 11:25:03.447,15.249..15.282,focal_len / dzoom_ratio,S=25.90/1.08,V=25.80/1.07,Original PTS interval 15.249..15.282 s (0.033 s); S state first wall time 2026-09-08 11:25:03.485; V state first wall time 2026-09-08 11:25:03.447,@raw/04_第四批_20260908_1053_多火点与余热点/02_激光打点与定位验证/01_事后打点候选/无人机01_1581F7K3C251800CYBVP/DJI_202609081117_006/DJI_20260908112447_0010_S.MP4
S_V_SUBTITLE_FULL_PTS_CONFLICT,high,B4,uav-01,1581F7K3C251800CYBVP,,video_visible,@raw/04_第四批_20260908_1053_多火点与余热点/02_激光打点与定位验证/01_事后打点候选/无人机01_1581F7K3C251800CYBVP/DJI_202609081117_006/DJI_20260908112447_0010_V.MP4,DJI_20260908112447_0010_V.MP4,,,,2026-09-08 11:25:03.479,15.282..15.315,focal_len / dzoom_ratio,S=26.10/1.09,V=25.90/1.08,Original PTS interval 15.282..15.315 s (0.033 s); S state first wall time 2026-09-08 11:25:03.521; V state first wall time 2026-09-08 11:25:03.479,@raw/04_第四批_20260908_1053_多火点与余热点/02_激光打点与定位验证/01_事后打点候选/无人机01_1581F7K3C251800CYBVP/DJI_202609081117_006/DJI_20260908112447_0010_S.MP4
S_V_SUBTITLE_FULL_PTS_CONFLICT,high,B4,uav-01,1581F7K3C251800CYBVP,,video_visible,@raw/04_第四批_20260908_1053_多火点与余热点/02_激光打点与定位验证/01_事后打点候选/无人机01_1581F7K3C251800CYBVP/DJI_202609081117_006/DJI_20260908112447_0010_V.MP4,DJI_20260908112447_0010_V.MP4,,,,2026-09-08 11:25:03.513,15.315..15.349,focal_len / dzoom_ratio,S=26.30/1.09,V=26.10/1.09,Original PTS interval 15.315..15.349 s (0.034 s); S state first wall time 2026-09-08 11:25:03.553; V state first wall time 2026-09-08 11:25:03.513,@raw/04_第四批_20260908_1053_多火点与余热点/02_激光打点与定位验证/01_事后打点候选/无人机01_1581F7K3C251800CYBVP/DJI_202609081117_006/DJI_20260908112447_0010_S.MP4
S_V_SUBTITLE_FULL_PTS_CONFLICT,high,B4,uav-01,1581F7K3C251800CYBVP,,video_visible,@raw/04_第四批_20260908_1053_多火点与余热点/02_激光打点与定位验证/01_事后打点候选/无人机01_1581F7K3C251800CYBVP/DJI_202609081117_006/DJI_20260908112447_0010_V.MP4,DJI_20260908112447_0010_V.MP4,,,,2026-09-08 11:25:03.547,15.349..15.382,focal_len / dzoom_ratio,S=26.40/1.10,V=26.30/1.09,Original PTS interval 15.349..15.382 s (0.033 s); S state first wall time 2026-09-08 11:25:03.587; V state first wall time 2026-09-08 11:25:03.547,@raw/04_第四批_20260908_1053_多火点与余热点/02_激光打点与定位验证/01_事后打点候选/无人机01_1581F7K3C251800CYBVP/DJI_202609081117_006/DJI_20260908112447_0010_S.MP4
S_V_SUBTITLE_FULL_PTS_CONFLICT,high,B4,uav-01,1581F7K3C251800CYBVP,,video_visible,@raw/04_第四批_20260908_1053_多火点与余热点/02_激光打点与定位验证/01_事后打点候选/无人机01_1581F7K3C251800CYBVP/DJI_202609081117_006/DJI_20260908112447_0010_V.MP4,DJI_20260908112447_0010_V.MP4,,,,2026-09-08 11:25:03.580,15.382..15.415,focal_len / dzoom_ratio,S=26.60/1.11,V=26.40/1.10,Original PTS interval 15.382..15.415 s (0.033 s); S state first wall time 2026-09-08 11:25:03.624; V state first wall time 2026-09-08 11:25:03.580,@raw/04_第四批_20260908_1053_多火点与余热点/02_激光打点与定位验证/01_事后打点候选/无人机01_1581F7K3C251800CYBVP/DJI_202609081117_006/DJI_20260908112447_0010_S.MP4
S_V_SUBTITLE_FULL_PTS_CONFLICT,high,B4,uav-01,1581F7K3C251800CYBVP,,video_visible,@raw/04_第四批_20260908_1053_多火点与余热点/02_激光打点与定位验证/01_事后打点候选/无人机01_1581F7K3C251800CYBVP/DJI_202609081117_006/DJI_20260908112447_0010_V.MP4,DJI_20260908112447_0010_V.MP4,,,,2026-09-08 11:25:03.615,15.415..15.449,focal_len / dzoom_ratio,S=26.80/1.12,V=26.60/1.11,Original PTS interval 15.415..15.449 s (0.034 s); S state first wall time 2026-09-08 11:25:03.652; V state first wall time 2026-09-08 11:25:03.615,@raw/04_第四批_20260908_1053_多火点与余热点/02_激光打点与定位验证/01_事后打点候选/无人机01_1581F7K3C251800CYBVP/DJI_202609081117_006/DJI_20260908112447_0010_S.MP4
S_V_SUBTITLE_FULL_PTS_CONFLICT,high,B4,uav-01,1581F7K3C251800CYBVP,,video_visible,@raw/04_第四批_20260908_1053_多火点与余热点/02_激光打点与定位验证/01_事后打点候选/无人机01_1581F7K3C251800CYBVP/DJI_202609081117_006/DJI_20260908112447_0010_V.MP4,DJI_20260908112447_0010_V.MP4,,,,2026-09-08 11:25:03.646,15.449..15.482,focal_len / dzoom_ratio,S=27.00/1.12,V=26.80/1.12,Original PTS interval 15.449..15.482 s (0.033 s); S state first wall time 2026-09-08 11:25:03.698; V state first wall time 2026-09-08 11:25:03.646,@raw/04_第四批_20260908_1053_多火点与余热点/02_激光打点与定位验证/01_事后打点候选/无人机01_1581F7K3C251800CYBVP/DJI_202609081117_006/DJI_20260908112447_0010_S.MP4
S_V_SUBTITLE_FULL_PTS_CONFLICT,high,B4,uav-01,1581F7K3C251800CYBVP,,video_visible,@raw/04_第四批_20260908_1053_多火点与余热点/02_激光打点与定位验证/01_事后打点候选/无人机01_1581F7K3C251800CYBVP/DJI_202609081117_006/DJI_20260908112447_0010_V.MP4,DJI_20260908112447_0010_V.MP4,,,,2026-09-08 11:25:03.679,15.482..15.516,focal_len / dzoom_ratio,S=27.10/1.13,V=27.00/1.12,Original PTS interval 15.482..15.516 s (0.034 s); S state first wall time 2026-09-08 11:25:03.720; V state first wall time 2026-09-08 11:25:03.679,@raw/04_第四批_20260908_1053_多火点与余热点/02_激光打点与定位验证/01_事后打点候选/无人机01_1581F7K3C251800CYBVP/DJI_202609081117_006/DJI_20260908112447_0010_S.MP4
S_V_SUBTITLE_FULL_PTS_CONFLICT,high,B4,uav-01,1581F7K3C251800CYBVP,,video_visible,@raw/04_第四批_20260908_1053_多火点与余热点/02_激光打点与定位验证/01_事后打点候选/无人机01_1581F7K3C251800CYBVP/DJI_202609081117_006/DJI_20260908112447_0010_V.MP4,DJI_20260908112447_0010_V.MP4,,,,2026-09-08 11:25:03.714,15.516..15.549,focal_len / dzoom_ratio,S=27.30/1.14,V=27.10/1.13,Original PTS interval 15.516..15.549 s (0.033 s); S state first wall time 2026-09-08 11:25:03.755; V state first wall time 2026-09-08 11:25:03.714,@raw/04_第四批_20260908_1053_多火点与余热点/02_激光打点与定位验证/01_事后打点候选/无人机01_1581F7K3C251800CYBVP/DJI_202609081117_006/DJI_20260908112447_0010_S.MP4
S_V_SUBTITLE_FULL_PTS_CONFLICT,high,B4,uav-01,1581F7K3C251800CYBVP,,video_visible,@raw/04_第四批_20260908_1053_多火点与余热点/02_激光打点与定位验证/01_事后打点候选/无人机01_1581F7K3C251800CYBVP/DJI_202609081117_006/DJI_20260908112447_0010_V.MP4,DJI_20260908112447_0010_V.MP4,,,,2026-09-08 11:25:03.748,15.549..15.582,focal_len / dzoom_ratio,S=27.50/1.15,V=27.30/1.14,Original PTS interval 15.549..15.582 s (0.033 s); S state first wall time 2026-09-08 11:25:03.789; V state first wall time 2026-09-08 11:25:03.748,@raw/04_第四批_20260908_1053_多火点与余热点/02_激光打点与定位验证/01_事后打点候选/无人机01_1581F7K3C251800CYBVP/DJI_202609081117_006/DJI_20260908112447_0010_S.MP4
S_V_SUBTITLE_FULL_PTS_CONFLICT,high,B4,uav-01,1581F7K3C251800CYBVP,,video_visible,@raw/04_第四批_20260908_1053_多火点与余热点/02_激光打点与定位验证/01_事后打点候选/无人机01_1581F7K3C251800CYBVP/DJI_202609081117_006/DJI_20260908112447_0010_V.MP4,DJI_20260908112447_0010_V.MP4,,,,2026-09-08 11:25:03.780,15.582..15.616,focal_len / dzoom_ratio,S=27.70/1.15,V=27.50/1.15,Original PTS interval 15.582..15.616 s (0.034 s); S state first wall time 2026-09-08 11:25:03.824; V state first wall time 2026-09-08 11:25:03.780,@raw/04_第四批_20260908_1053_多火点与余热点/02_激光打点与定位验证/01_事后打点候选/无人机01_1581F7K3C251800CYBVP/DJI_202609081117_006/DJI_20260908112447_0010_S.MP4
S_V_SUBTITLE_FULL_PTS_CONFLICT,high,B4,uav-01,1581F7K3C251800CYBVP,,video_visible,@raw/04_第四批_20260908_1053_多火点与余热点/02_激光打点与定位验证/01_事后打点候选/无人机01_1581F7K3C251800CYBVP/DJI_202609081117_006/DJI_20260908112447_0010_V.MP4,DJI_20260908112447_0010_V.MP4,,,,2026-09-08 11:25:03.813,15.616..15.649,focal_len / dzoom_ratio,S=27.80/1.16,V=27.70/1.15,Original PTS interval 15.616..15.649 s (0.033 s); S state first wall time 2026-09-08 11:25:03.852; V state first wall time 2026-09-08 11:25:03.813,@raw/04_第四批_20260908_1053_多火点与余热点/02_激光打点与定位验证/01_事后打点候选/无人机01_1581F7K3C251800CYBVP/DJI_202609081117_006/DJI_20260908112447_0010_S.MP4
S_V_SUBTITLE_FULL_PTS_CONFLICT,high,B4,uav-01,1581F7K3C251800CYBVP,,video_visible,@raw/04_第四批_20260908_1053_多火点与余热点/02_激光打点与定位验证/01_事后打点候选/无人机01_1581F7K3C251800CYBVP/DJI_202609081117_006/DJI_20260908112447_0010_V.MP4,DJI_20260908112447_0010_V.MP4,,,,2026-09-08 11:25:03.846,15.649..15.682,focal_len / dzoom_ratio,S=28.00/1.17,V=27.80/1.16,Original PTS interval 15.649..15.682 s (0.033 s); S state first wall time 2026-09-08 11:25:03.888; V state first wall time 2026-09-08 11:25:03.846,@raw/04_第四批_20260908_1053_多火点与余热点/02_激光打点与定位验证/01_事后打点候选/无人机01_1581F7K3C251800CYBVP/DJI_202609081117_006/DJI_20260908112447_0010_S.MP4
S_V_SUBTITLE_FULL_PTS_CONFLICT,high,B4,uav-01,1581F7K3C251800CYBVP,,video_visible,@raw/04_第四批_20260908_1053_多火点与余热点/02_激光打点与定位验证/01_事后打点候选/无人机01_1581F7K3C251800CYBVP/DJI_202609081117_006/DJI_20260908112447_0010_V.MP4,DJI_20260908112447_0010_V.MP4,,,,2026-09-08 11:25:03.880,15.682..15.716,focal_len / dzoom_ratio,S=28.20/1.17,V=28.00/1.17,Original PTS interval 15.682..15.716 s (0.034 s); S state first wall time 2026-09-08 11:25:03.922; V state first wall time 2026-09-08 11:25:03.880,@raw/04_第四批_20260908_1053_多火点与余热点/02_激光打点与定位验证/01_事后打点候选/无人机01_1581F7K3C251800CYBVP/DJI_202609081117_006/DJI_20260908112447_0010_S.MP4
S_V_SUBTITLE_FULL_PTS_CONFLICT,high,B4,uav-01,1581F7K3C251800CYBVP,,video_visible,@raw/04_第四批_20260908_1053_多火点与余热点/02_激光打点与定位验证/01_事后打点候选/无人机01_1581F7K3C251800CYBVP/DJI_202609081117_006/DJI_20260908112447_0010_V.MP4,DJI_20260908112447_0010_V.MP4,,,,2026-09-08 11:25:03.913,15.716..15.749,focal_len / dzoom_ratio,S=28.40/1.18,V=28.20/1.17,Original PTS interval 15.716..15.749 s (0.033 s); S state first wall time 2026-09-08 11:25:03.953; V state first wall time 2026-09-08 11:25:03.913,@raw/04_第四批_20260908_1053_多火点与余热点/02_激光打点与定位验证/01_事后打点候选/无人机01_1581F7K3C251800CYBVP/DJI_202609081117_006/DJI_20260908112447_0010_S.MP4
S_V_SUBTITLE_FULL_PTS_CONFLICT,high,B4,uav-01,1581F7K3C251800CYBVP,,video_visible,@raw/04_第四批_20260908_1053_多火点与余热点/02_激光打点与定位验证/01_事后打点候选/无人机01_1581F7K3C251800CYBVP/DJI_202609081117_006/DJI_20260908112447_0010_V.MP4,DJI_20260908112447_0010_V.MP4,,,,2026-09-08 11:25:03.946,15.749..15.782,focal_len / dzoom_ratio,S=28.60/1.19,V=28.40/1.18,Original PTS interval 15.749..15.782 s (0.033 s); S state first wall time 2026-09-08 11:25:03.987; V state first wall time 2026-09-08 11:25:03.946,@raw/04_第四批_20260908_1053_多火点与余热点/02_激光打点与定位验证/01_事后打点候选/无人机01_1581F7K3C251800CYBVP/DJI_202609081117_006/DJI_20260908112447_0010_S.MP4
S_V_SUBTITLE_FULL_PTS_CONFLICT,high,B4,uav-01,1581F7K3C251800CYBVP,,video_visible,@raw/04_第四批_20260908_1053_多火点与余热点/02_激光打点与定位验证/01_事后打点候选/无人机01_1581F7K3C251800CYBVP/DJI_202609081117_006/DJI_20260908112447_0010_V.MP4,DJI_20260908112447_0010_V.MP4,,,,2026-09-08 11:25:03.980,15.782..15.816,focal_len / dzoom_ratio,S=28.80/1.20,V=28.60/1.19,Original PTS interval 15.782..15.816 s (0.034 s); S state first wall time 2026-09-08 11:25:04.022; V state first wall time 2026-09-08 11:25:03.980,@raw/04_第四批_20260908_1053_多火点与余热点/02_激光打点与定位验证/01_事后打点候选/无人机01_1581F7K3C251800CYBVP/DJI_202609081117_006/DJI_20260908112447_0010_S.MP4
S_V_SUBTITLE_FULL_PTS_CONFLICT,high,B4,uav-01,1581F7K3C251800CYBVP,,video_visible,@raw/04_第四批_20260908_1053_多火点与余热点/02_激光打点与定位验证/01_事后打点候选/无人机01_1581F7K3C251800CYBVP/DJI_202609081117_006/DJI_20260908112447_0010_V.MP4,DJI_20260908112447_0010_V.MP4,,,,2026-09-08 11:25:04.014,15.816..15.849,focal_len / dzoom_ratio,S=28.90/1.21,V=28.80/1.20,Original PTS interval 15.816..15.849 s (0.033 s); S state first wall time 2026-09-08 11:25:04.054; V state first wall time 2026-09-08 11:25:04.014,@raw/04_第四批_20260908_1053_多火点与余热点/02_激光打点与定位验证/01_事后打点候选/无人机01_1581F7K3C251800CYBVP/DJI_202609081117_006/DJI_20260908112447_0010_S.MP4
S_V_SUBTITLE_FULL_PTS_CONFLICT,high,B4,uav-01,1581F7K3C251800CYBVP,,video_visible,@raw/04_第四批_20260908_1053_多火点与余热点/02_激光打点与定位验证/01_事后打点候选/无人机01_1581F7K3C251800CYBVP/DJI_202609081117_006/DJI_20260908112447_0010_V.MP4,DJI_20260908112447_0010_V.MP4,,,,2026-09-08 11:25:04.047,15.849..15.883,focal_len / dzoom_ratio,S=29.10/1.21,V=28.90/1.21,Original PTS interval 15.849..15.883 s (0.034 s); S state first wall time 2026-09-08 11:25:04.088; V state first wall time 2026-09-08 11:25:04.047,@raw/04_第四批_20260908_1053_多火点与余热点/02_激光打点与定位验证/01_事后打点候选/无人机01_1581F7K3C251800CYBVP/DJI_202609081117_006/DJI_20260908112447_0010_S.MP4
S_V_SUBTITLE_FULL_PTS_CONFLICT,high,B4,uav-01,1581F7K3C251800CYBVP,,video_visible,@raw/04_第四批_20260908_1053_多火点与余热点/02_激光打点与定位验证/01_事后打点候选/无人机01_1581F7K3C251800CYBVP/DJI_202609081117_006/DJI_20260908112447_0010_V.MP4,DJI_20260908112447_0010_V.MP4,,,,2026-09-08 11:25:04.079,15.883..15.916,focal_len / dzoom_ratio,S=29.30/1.22,V=29.10/1.21,Original PTS interval 15.883..15.916 s (0.033 s); S state first wall time 2026-09-08 11:25:04.120; V state first wall time 2026-09-08 11:25:04.079,@raw/04_第四批_20260908_1053_多火点与余热点/02_激光打点与定位验证/01_事后打点候选/无人机01_1581F7K3C251800CYBVP/DJI_202609081117_006/DJI_20260908112447_0010_S.MP4
S_V_SUBTITLE_FULL_PTS_CONFLICT,high,B4,uav-01,1581F7K3C251800CYBVP,,video_visible,@raw/04_第四批_20260908_1053_多火点与余热点/02_激光打点与定位验证/01_事后打点候选/无人机01_1581F7K3C251800CYBVP/DJI_202609081117_006/DJI_20260908112447_0010_V.MP4,DJI_20260908112447_0010_V.MP4,,,,2026-09-08 11:25:04.114,15.916..15.949,focal_len / dzoom_ratio,S=29.50/1.23,V=29.30/1.22,Original PTS interval 15.916..15.949 s (0.033 s); S state first wall time 2026-09-08 11:25:04.153; V state first wall time 2026-09-08 11:25:04.114,@raw/04_第四批_20260908_1053_多火点与余热点/02_激光打点与定位验证/01_事后打点候选/无人机01_1581F7K3C251800CYBVP/DJI_202609081117_006/DJI_20260908112447_0010_S.MP4
S_V_SUBTITLE_FULL_PTS_CONFLICT,high,B4,uav-01,1581F7K3C251800CYBVP,,video_visible,@raw/04_第四批_20260908_1053_多火点与余热点/02_激光打点与定位验证/01_事后打点候选/无人机01_1581F7K3C251800CYBVP/DJI_202609081117_006/DJI_20260908112447_0010_V.MP4,DJI_20260908112447_0010_V.MP4,,,,2026-09-08 11:25:04.147,15.949..15.983,focal_len / dzoom_ratio,S=29.70/1.24,V=29.50/1.23,Original PTS interval 15.949..15.983 s (0.034 s); S state first wall time 2026-09-08 11:25:04.187; V state first wall time 2026-09-08 11:25:04.147,@raw/04_第四批_20260908_1053_多火点与余热点/02_激光打点与定位验证/01_事后打点候选/无人机01_1581F7K3C251800CYBVP/DJI_202609081117_006/DJI_20260908112447_0010_S.MP4
S_V_SUBTITLE_FULL_PTS_CONFLICT,high,B4,uav-01,1581F7K3C251800CYBVP,,video_visible,@raw/04_第四批_20260908_1053_多火点与余热点/02_激光打点与定位验证/01_事后打点候选/无人机01_1581F7K3C251800CYBVP/DJI_202609081117_006/DJI_20260908112447_0010_V.MP4,DJI_20260908112447_0010_V.MP4,,,,2026-09-08 11:25:04.179,15.983..16.016,focal_len / dzoom_ratio,S=29.90/1.25,V=29.70/1.24,Original PTS interval 15.983..16.016 s (0.033 s); S state first wall time 2026-09-08 11:25:04.217; V state first wall time 2026-09-08 11:25:04.179,@raw/04_第四批_20260908_1053_多火点与余热点/02_激光打点与定位验证/01_事后打点候选/无人机01_1581F7K3C251800CYBVP/DJI_202609081117_006/DJI_20260908112447_0010_S.MP4
S_V_SUBTITLE_FULL_PTS_CONFLICT,high,B4,uav-01,1581F7K3C251800CYBVP,,video_visible,@raw/04_第四批_20260908_1053_多火点与余热点/02_激光打点与定位验证/01_事后打点候选/无人机01_1581F7K3C251800CYBVP/DJI_202609081117_006/DJI_20260908112447_0010_V.MP4,DJI_20260908112447_0010_V.MP4,,,,2026-09-08 11:25:04.213,16.016..16.049,focal_len / dzoom_ratio,S=30.10/1.25,V=29.90/1.25,Original PTS interval 16.016..16.049 s (0.033 s); S state first wall time 2026-09-08 11:25:04.253; V state first wall time 2026-09-08 11:25:04.213,@raw/04_第四批_20260908_1053_多火点与余热点/02_激光打点与定位验证/01_事后打点候选/无人机01_1581F7K3C251800CYBVP/DJI_202609081117_006/DJI_20260908112447_0010_S.MP4
S_V_SUBTITLE_FULL_PTS_CONFLICT,high,B4,uav-01,1581F7K3C251800CYBVP,,video_visible,@raw/04_第四批_20260908_1053_多火点与余热点/02_激光打点与定位验证/01_事后打点候选/无人机01_1581F7K3C251800CYBVP/DJI_202609081117_006/DJI_20260908112447_0010_V.MP4,DJI_20260908112447_0010_V.MP4,,,,2026-09-08 11:25:04.247,16.049..16.083,focal_len / dzoom_ratio,S=30.30/1.26,V=30.10/1.25,Original PTS interval 16.049..16.083 s (0.034 s); S state first wall time 2026-09-08 11:25:04.289; V state first wall time 2026-09-08 11:25:04.247,@raw/04_第四批_20260908_1053_多火点与余热点/02_激光打点与定位验证/01_事后打点候选/无人机01_1581F7K3C251800CYBVP/DJI_202609081117_006/DJI_20260908112447_0010_S.MP4
S_V_SUBTITLE_FULL_PTS_CONFLICT,high,B4,uav-01,1581F7K3C251800CYBVP,,video_visible,@raw/04_第四批_20260908_1053_多火点与余热点/02_激光打点与定位验证/01_事后打点候选/无人机01_1581F7K3C251800CYBVP/DJI_202609081117_006/DJI_20260908112447_0010_V.MP4,DJI_20260908112447_0010_V.MP4,,,,2026-09-08 11:25:04.280,16.083..16.116,focal_len / dzoom_ratio,S=30.50/1.27,V=30.30/1.26,Original PTS interval 16.083..16.116 s (0.033 s); S state first wall time 2026-09-08 11:25:04.323; V state first wall time 2026-09-08 11:25:04.280,@raw/04_第四批_20260908_1053_多火点与余热点/02_激光打点与定位验证/01_事后打点候选/无人机01_1581F7K3C251800CYBVP/DJI_202609081117_006/DJI_20260908112447_0010_S.MP4
S_V_SUBTITLE_FULL_PTS_CONFLICT,high,B4,uav-01,1581F7K3C251800CYBVP,,video_visible,@raw/04_第四批_20260908_1053_多火点与余热点/02_激光打点与定位验证/01_事后打点候选/无人机01_1581F7K3C251800CYBVP/DJI_202609081117_006/DJI_20260908112447_0010_V.MP4,DJI_20260908112447_0010_V.MP4,,,,2026-09-08 11:25:04.314,16.116..16.149,focal_len / dzoom_ratio,S=30.70/1.28,V=30.50/1.27,Original PTS interval 16.116..16.149 s (0.033 s); S state first wall time 2026-09-08 11:25:04.354; V state first wall time 2026-09-08 11:25:04.314,@raw/04_第四批_20260908_1053_多火点与余热点/02_激光打点与定位验证/01_事后打点候选/无人机01_1581F7K3C251800CYBVP/DJI_202609081117_006/DJI_20260908112447_0010_S.MP4
S_V_SUBTITLE_FULL_PTS_CONFLICT,high,B4,uav-01,1581F7K3C251800CYBVP,,video_visible,@raw/04_第四批_20260908_1053_多火点与余热点/02_激光打点与定位验证/01_事后打点候选/无人机01_1581F7K3C251800CYBVP/DJI_202609081117_006/DJI_20260908112447_0010_V.MP4,DJI_20260908112447_0010_V.MP4,,,,2026-09-08 11:25:04.347,45.746..45.779,focal_len / dzoom_ratio,S=30.50/1.27,V=30.70/1.28,Original PTS interval 45.746..45.779 s (0.033 s); S state first wall time 2026-09-08 11:25:33.988; V state first wall time 2026-09-08 11:25:04.347,@raw/04_第四批_20260908_1053_多火点与余热点/02_激光打点与定位验证/01_事后打点候选/无人机01_1581F7K3C251800CYBVP/DJI_202609081117_006/DJI_20260908112447_0010_S.MP4
S_V_SUBTITLE_FULL_PTS_CONFLICT,high,B4,uav-01,1581F7K3C251800CYBVP,,video_visible,@raw/04_第四批_20260908_1053_多火点与余热点/02_激光打点与定位验证/01_事后打点候选/无人机01_1581F7K3C251800CYBVP/DJI_202609081117_006/DJI_20260908112447_0010_V.MP4,DJI_20260908112447_0010_V.MP4,,,,2026-09-08 11:25:33.982,45.779..45.812,focal_len / dzoom_ratio,S=30.30/1.26,V=30.50/1.27,Original PTS interval 45.779..45.812 s (0.033 s); S state first wall time 2026-09-08 11:25:34.023; V state first wall time 2026-09-08 11:25:33.982,@raw/04_第四批_20260908_1053_多火点与余热点/02_激光打点与定位验证/01_事后打点候选/无人机01_1581F7K3C251800CYBVP/DJI_202609081117_006/DJI_20260908112447_0010_S.MP4
S_V_SUBTITLE_FULL_PTS_CONFLICT,high,B4,uav-01,1581F7K3C251800CYBVP,,video_visible,@raw/04_第四批_20260908_1053_多火点与余热点/02_激光打点与定位验证/01_事后打点候选/无人机01_1581F7K3C251800CYBVP/DJI_202609081117_006/DJI_20260908112447_0010_V.MP4,DJI_20260908112447_0010_V.MP4,,,,2026-09-08 11:25:34.015,45.812..45.846,focal_len / dzoom_ratio,S=30.10/1.25,V=30.30/1.26,Original PTS interval 45.812..45.846 s (0.034 s); S state first wall time 2026-09-08 11:25:34.056; V state first wall time 2026-09-08 11:25:34.015,@raw/04_第四批_20260908_1053_多火点与余热点/02_激光打点与定位验证/01_事后打点候选/无人机01_1581F7K3C251800CYBVP/DJI_202609081117_006/DJI_20260908112447_0010_S.MP4
S_V_SUBTITLE_FULL_PTS_CONFLICT,high,B4,uav-01,1581F7K3C251800CYBVP,,video_visible,@raw/04_第四批_20260908_1053_多火点与余热点/02_激光打点与定位验证/01_事后打点候选/无人机01_1581F7K3C251800CYBVP/DJI_202609081117_006/DJI_20260908112447_0010_V.MP4,DJI_20260908112447_0010_V.MP4,,,,2026-09-08 11:25:34.049,45.846..45.879,focal_len / dzoom_ratio,S=29.90/1.25,V=30.10/1.25,Original PTS interval 45.846..45.879 s (0.033 s); S state first wall time 2026-09-08 11:25:34.090; V state first wall time 2026-09-08 11:25:34.049,@raw/04_第四批_20260908_1053_多火点与余热点/02_激光打点与定位验证/01_事后打点候选/无人机01_1581F7K3C251800CYBVP/DJI_202609081117_006/DJI_20260908112447_0010_S.MP4
S_V_SUBTITLE_FULL_PTS_CONFLICT,high,B4,uav-01,1581F7K3C251800CYBVP,,video_visible,@raw/04_第四批_20260908_1053_多火点与余热点/02_激光打点与定位验证/01_事后打点候选/无人机01_1581F7K3C251800CYBVP/DJI_202609081117_006/DJI_20260908112447_0010_V.MP4,DJI_20260908112447_0010_V.MP4,,,,2026-09-08 11:25:34.082,45.879..45.913,focal_len / dzoom_ratio,S=29.70/1.24,V=29.90/1.25,Original PTS interval 45.879..45.913 s (0.034 s); S state first wall time 2026-09-08 11:25:34.122; V state first wall time 2026-09-08 11:25:34.082,@raw/04_第四批_20260908_1053_多火点与余热点/02_激光打点与定位验证/01_事后打点候选/无人机01_1581F7K3C251800CYBVP/DJI_202609081117_006/DJI_20260908112447_0010_S.MP4
S_V_SUBTITLE_FULL_PTS_CONFLICT,high,B4,uav-01,1581F7K3C251800CYBVP,,video_visible,@raw/04_第四批_20260908_1053_多火点与余热点/02_激光打点与定位验证/01_事后打点候选/无人机01_1581F7K3C251800CYBVP/DJI_202609081117_006/DJI_20260908112447_0010_V.MP4,DJI_20260908112447_0010_V.MP4,,,,2026-09-08 11:25:34.115,45.913..45.946,focal_len / dzoom_ratio,S=29.50/1.23,V=29.70/1.24,Original PTS interval 45.913..45.946 s (0.033 s); S state first wall time 2026-09-08 11:25:34.156; V state first wall time 2026-09-08 11:25:34.115,@raw/04_第四批_20260908_1053_多火点与余热点/02_激光打点与定位验证/01_事后打点候选/无人机01_1581F7K3C251800CYBVP/DJI_202609081117_006/DJI_20260908112447_0010_S.MP4
S_V_SUBTITLE_FULL_PTS_CONFLICT,high,B4,uav-01,1581F7K3C251800CYBVP,,video_visible,@raw/04_第四批_20260908_1053_多火点与余热点/02_激光打点与定位验证/01_事后打点候选/无人机01_1581F7K3C251800CYBVP/DJI_202609081117_006/DJI_20260908112447_0010_V.MP4,DJI_20260908112447_0010_V.MP4,,,,2026-09-08 11:25:34.150,45.946..45.979,focal_len / dzoom_ratio,S=29.30/1.22,V=29.50/1.23,Original PTS interval 45.946..45.979 s (0.033 s); S state first wall time 2026-09-08 11:25:34.190; V state first wall time 2026-09-08 11:25:34.150,@raw/04_第四批_20260908_1053_多火点与余热点/02_激光打点与定位验证/01_事后打点候选/无人机01_1581F7K3C251800CYBVP/DJI_202609081117_006/DJI_20260908112447_0010_S.MP4
S_V_SUBTITLE_FULL_PTS_CONFLICT,high,B4,uav-01,1581F7K3C251800CYBVP,,video_visible,@raw/04_第四批_20260908_1053_多火点与余热点/02_激光打点与定位验证/01_事后打点候选/无人机01_1581F7K3C251800CYBVP/DJI_202609081117_006/DJI_20260908112447_0010_V.MP4,DJI_20260908112447_0010_V.MP4,,,,2026-09-08 11:25:34.182,45.979..46.013,focal_len / dzoom_ratio,S=29.20/1.21,V=29.30/1.22,Original PTS interval 45.979..46.013 s (0.034 s); S state first wall time 2026-09-08 11:25:34.223; V state first wall time 2026-09-08 11:25:34.182,@raw/04_第四批_20260908_1053_多火点与余热点/02_激光打点与定位验证/01_事后打点候选/无人机01_1581F7K3C251800CYBVP/DJI_202609081117_006/DJI_20260908112447_0010_S.MP4
S_V_SUBTITLE_FULL_PTS_CONFLICT,high,B4,uav-01,1581F7K3C251800CYBVP,,video_visible,@raw/04_第四批_20260908_1053_多火点与余热点/02_激光打点与定位验证/01_事后打点候选/无人机01_1581F7K3C251800CYBVP/DJI_202609081117_006/DJI_20260908112447_0010_V.MP4,DJI_20260908112447_0010_V.MP4,,,,2026-09-08 11:25:34.216,46.013..46.046,focal_len / dzoom_ratio,S=29.00/1.21,V=29.20/1.21,Original PTS interval 46.013..46.046 s (0.033 s); S state first wall time 2026-09-08 11:25:34.257; V state first wall time 2026-09-08 11:25:34.216,@raw/04_第四批_20260908_1053_多火点与余热点/02_激光打点与定位验证/01_事后打点候选/无人机01_1581F7K3C251800CYBVP/DJI_202609081117_006/DJI_20260908112447_0010_S.MP4
S_V_SUBTITLE_FULL_PTS_CONFLICT,high,B4,uav-01,1581F7K3C251800CYBVP,,video_visible,@raw/04_第四批_20260908_1053_多火点与余热点/02_激光打点与定位验证/01_事后打点候选/无人机01_1581F7K3C251800CYBVP/DJI_202609081117_006/DJI_20260908112447_0010_V.MP4,DJI_20260908112447_0010_V.MP4,,,,2026-09-08 11:25:34.249,46.046..46.079,focal_len / dzoom_ratio,S=28.80/1.20,V=29.00/1.21,Original PTS interval 46.046..46.079 s (0.033 s); S state first wall time 2026-09-08 11:25:34.289; V state first wall time 2026-09-08 11:25:34.249,@raw/04_第四批_20260908_1053_多火点与余热点/02_激光打点与定位验证/01_事后打点候选/无人机01_1581F7K3C251800CYBVP/DJI_202609081117_006/DJI_20260908112447_0010_S.MP4
S_V_SUBTITLE_FULL_PTS_CONFLICT,high,B4,uav-01,1581F7K3C251800CYBVP,,video_visible,@raw/04_第四批_20260908_1053_多火点与余热点/02_激光打点与定位验证/01_事后打点候选/无人机01_1581F7K3C251800CYBVP/DJI_202609081117_006/DJI_20260908112447_0010_V.MP4,DJI_20260908112447_0010_V.MP4,,,,2026-09-08 11:25:34.282,46.079..46.113,focal_len / dzoom_ratio,S=28.60/1.19,V=28.80/1.20,Original PTS interval 46.079..46.113 s (0.034 s); S state first wall time 2026-09-08 11:25:34.324; V state first wall time 2026-09-08 11:25:34.282,@raw/04_第四批_20260908_1053_多火点与余热点/02_激光打点与定位验证/01_事后打点候选/无人机01_1581F7K3C251800CYBVP/DJI_202609081117_006/DJI_20260908112447_0010_S.MP4
S_V_SUBTITLE_FULL_PTS_CONFLICT,high,B4,uav-01,1581F7K3C251800CYBVP,,video_visible,@raw/04_第四批_20260908_1053_多火点与余热点/02_激光打点与定位验证/01_事后打点候选/无人机01_1581F7K3C251800CYBVP/DJI_202609081117_006/DJI_20260908112447_0010_V.MP4,DJI_20260908112447_0010_V.MP4,,,,2026-09-08 11:25:34.315,46.113..46.146,focal_len / dzoom_ratio,S=28.40/1.18,V=28.60/1.19,Original PTS interval 46.113..46.146 s (0.033 s); S state first wall time 2026-09-08 11:25:34.355; V state first wall time 2026-09-08 11:25:34.315,@raw/04_第四批_20260908_1053_多火点与余热点/02_激光打点与定位验证/01_事后打点候选/无人机01_1581F7K3C251800CYBVP/DJI_202609081117_006/DJI_20260908112447_0010_S.MP4
S_V_SUBTITLE_FULL_PTS_CONFLICT,high,B4,uav-01,1581F7K3C251800CYBVP,,video_visible,@raw/04_第四批_20260908_1053_多火点与余热点/02_激光打点与定位验证/01_事后打点候选/无人机01_1581F7K3C251800CYBVP/DJI_202609081117_006/DJI_20260908112447_0010_V.MP4,DJI_20260908112447_0010_V.MP4,,,,2026-09-08 11:25:34.349,46.146..46.179,focal_len / dzoom_ratio,S=28.20/1.18,V=28.40/1.18,Original PTS interval 46.146..46.179 s (0.033 s); S state first wall time 2026-09-08 11:25:34.393; V state first wall time 2026-09-08 11:25:34.349,@raw/04_第四批_20260908_1053_多火点与余热点/02_激光打点与定位验证/01_事后打点候选/无人机01_1581F7K3C251800CYBVP/DJI_202609081117_006/DJI_20260908112447_0010_S.MP4
S_V_SUBTITLE_FULL_PTS_CONFLICT,high,B4,uav-01,1581F7K3C251800CYBVP,,video_visible,@raw/04_第四批_20260908_1053_多火点与余热点/02_激光打点与定位验证/01_事后打点候选/无人机01_1581F7K3C251800CYBVP/DJI_202609081117_006/DJI_20260908112447_0010_V.MP4,DJI_20260908112447_0010_V.MP4,,,,2026-09-08 11:25:34.383,46.179..46.213,focal_len / dzoom_ratio,S=28.00/1.17,V=28.20/1.18,Original PTS interval 46.179..46.213 s (0.034 s); S state first wall time 2026-09-08 11:25:34.424; V state first wall time 2026-09-08 11:25:34.383,@raw/04_第四批_20260908_1053_多火点与余热点/02_激光打点与定位验证/01_事后打点候选/无人机01_1581F7K3C251800CYBVP/DJI_202609081117_006/DJI_20260908112447_0010_S.MP4
S_V_SUBTITLE_FULL_PTS_CONFLICT,high,B4,uav-01,1581F7K3C251800CYBVP,,video_visible,@raw/04_第四批_20260908_1053_多火点与余热点/02_激光打点与定位验证/01_事后打点候选/无人机01_1581F7K3C251800CYBVP/DJI_202609081117_006/DJI_20260908112447_0010_V.MP4,DJI_20260908112447_0010_V.MP4,,,,2026-09-08 11:25:34.416,46.213..46.246,focal_len / dzoom_ratio,S=27.90/1.16,V=28.00/1.17,Original PTS interval 46.213..46.246 s (0.033 s); S state first wall time 2026-09-08 11:25:34.457; V state first wall time 2026-09-08 11:25:34.416,@raw/04_第四批_20260908_1053_多火点与余热点/02_激光打点与定位验证/01_事后打点候选/无人机01_1581F7K3C251800CYBVP/DJI_202609081117_006/DJI_20260908112447_0010_S.MP4
S_V_SUBTITLE_FULL_PTS_CONFLICT,high,B4,uav-01,1581F7K3C251800CYBVP,,video_visible,@raw/04_第四批_20260908_1053_多火点与余热点/02_激光打点与定位验证/01_事后打点候选/无人机01_1581F7K3C251800CYBVP/DJI_202609081117_006/DJI_20260908112447_0010_V.MP4,DJI_20260908112447_0010_V.MP4,,,,2026-09-08 11:25:34.449,46.246..46.28,focal_len / dzoom_ratio,S=27.70/1.15,V=27.90/1.16,Original PTS interval 46.246..46.28 s (0.034 s); S state first wall time 2026-09-08 11:25:34.490; V state first wall time 2026-09-08 11:25:34.449,@raw/04_第四批_20260908_1053_多火点与余热点/02_激光打点与定位验证/01_事后打点候选/无人机01_1581F7K3C251800CYBVP/DJI_202609081117_006/DJI_20260908112447_0010_S.MP4
S_V_SUBTITLE_FULL_PTS_CONFLICT,high,B4,uav-02,1581F7K3C267500D2DQD,,video_visible,@raw/04_第四批_20260908_1053_多火点与余热点/01_正式视频/无人机02_1581F7K3C267500D2DQD/DJI_202609081040_006/DJI_20260908105306_0001_V.MP4,DJI_20260908105306_0001_V.MP4,,,,2026-09-08 10:53:07.099,0.0..7.267,focal_len / dzoom_ratio,S=52.70/1.00,V=52.80/2.20,Original PTS interval 0.0..7.267 s (7.267 s); S state first wall time 2026-09-08 10:53:07.055; V state first wall time 2026-09-08 10:53:07.099,@raw/04_第四批_20260908_1053_多火点与余热点/01_正式视频/无人机02_1581F7K3C267500D2DQD/DJI_202609081040_006/DJI_20260908105306_0001_S.MP4
S_V_SUBTITLE_FULL_PTS_CONFLICT,high,B4,uav-02,1581F7K3C267500D2DQD,,video_visible,@raw/04_第四批_20260908_1053_多火点与余热点/01_正式视频/无人机02_1581F7K3C267500D2DQD/DJI_202609081040_006/DJI_20260908105306_0001_V.MP4,DJI_20260908105306_0001_V.MP4,,,,2026-09-08 10:53:07.099,48.541..52.608,focal_len / dzoom_ratio,S=52.70/1.00,V=52.80/2.20,Original PTS interval 48.541..52.608 s (4.067 s); S state first wall time 2026-09-08 10:53:55.537; V state first wall time 2026-09-08 10:53:07.099,@raw/04_第四批_20260908_1053_多火点与余热点/01_正式视频/无人机02_1581F7K3C267500D2DQD/DJI_202609081040_006/DJI_20260908105306_0001_S.MP4
S_V_SUBTITLE_FULL_PTS_CONFLICT,high,B4,uav-02,1581F7K3C267500D2DQD,,video_visible,@raw/04_第四批_20260908_1053_多火点与余热点/01_正式视频/无人机02_1581F7K3C267500D2DQD/DJI_202609081040_006/DJI_20260908105306_0001_V.MP4,DJI_20260908105306_0001_V.MP4,,,,2026-09-08 10:53:07.099,53.409..59.942,focal_len / dzoom_ratio,S=52.70/1.00,V=52.80/2.20,Original PTS interval 53.409..59.942 s (6.533 s); S state first wall time 2026-09-08 10:54:00.426; V state first wall time 2026-09-08 10:53:07.099,@raw/04_第四批_20260908_1053_多火点与余热点/01_正式视频/无人机02_1581F7K3C267500D2DQD/DJI_202609081040_006/DJI_20260908105306_0001_S.MP4
S_V_SUBTITLE_FULL_PTS_CONFLICT,high,B4,uav-02,1581F7K3C267500D2DQD,,video_visible,@raw/04_第四批_20260908_1053_多火点与余热点/01_正式视频/无人机02_1581F7K3C267500D2DQD/DJI_202609081040_006/DJI_20260908105306_0001_V.MP4,DJI_20260908105306_0001_V.MP4,,,,2026-09-08 10:53:07.099,74.156..76.29,focal_len / dzoom_ratio,S=52.70/1.00,V=52.80/2.20,Original PTS interval 74.156..76.29 s (2.134 s); S state first wall time 2026-09-08 10:54:21.199; V state first wall time 2026-09-08 10:53:07.099,@raw/04_第四批_20260908_1053_多火点与余热点/01_正式视频/无人机02_1581F7K3C267500D2DQD/DJI_202609081040_006/DJI_20260908105306_0001_S.MP4
S_V_SUBTITLE_FULL_PTS_CONFLICT,high,B4,uav-02,1581F7K3C267500D2DQD,,video_visible,@raw/04_第四批_20260908_1053_多火点与余热点/01_正式视频/无人机02_1581F7K3C267500D2DQD/DJI_202609081040_006/DJI_20260908105306_0001_V.MP4,DJI_20260908105306_0001_V.MP4,,,,2026-09-08 10:53:07.099,157.204..677.57,focal_len / dzoom_ratio,S=52.70/1.00,V=52.80/2.20,Original PTS interval 157.204..677.57 s (520.366 s); S state first wall time 2026-09-08 10:55:44.204; V state first wall time 2026-09-08 10:53:07.099,@raw/04_第四批_20260908_1053_多火点与余热点/01_正式视频/无人机02_1581F7K3C267500D2DQD/DJI_202609081040_006/DJI_20260908105306_0001_S.MP4
S_V_SUBTITLE_FULL_PTS_CONFLICT,high,B4,uav-02,1581F7K3C267500D2DQD,,video_visible,@raw/04_第四批_20260908_1053_多火点与余热点/01_正式视频/无人机02_1581F7K3C267500D2DQD/DJI_202609081040_006/DJI_20260908105306_0001_V.MP4,DJI_20260908105306_0001_V.MP4,,,,2026-09-08 10:53:07.099,684.611..685.477,focal_len / dzoom_ratio,S=52.70/1.00,V=52.80/2.20,Original PTS interval 684.611..685.477 s (0.866 s); S state first wall time 2026-09-08 11:04:31.675; V state first wall time 2026-09-08 10:53:07.099,@raw/04_第四批_20260908_1053_多火点与余热点/01_正式视频/无人机02_1581F7K3C267500D2DQD/DJI_202609081040_006/DJI_20260908105306_0001_S.MP4
S_V_SUBTITLE_FULL_PTS_CONFLICT,high,B4,uav-02,1581F7K3C267500D2DQD,,video_visible,@raw/04_第四批_20260908_1053_多火点与余热点/01_正式视频/无人机02_1581F7K3C267500D2DQD/DJI_202609081040_006/DJI_20260908105306_0001_V.MP4,DJI_20260908105306_0001_V.MP4,,,,2026-09-08 10:53:07.099,686.845..847.78,focal_len / dzoom_ratio,S=52.70/1.00,V=52.80/2.20,Original PTS interval 686.845..847.78 s (160.935 s); S state first wall time 2026-09-08 11:04:33.879; V state first wall time 2026-09-08 10:53:07.099,@raw/04_第四批_20260908_1053_多火点与余热点/01_正式视频/无人机02_1581F7K3C267500D2DQD/DJI_202609081040_006/DJI_20260908105306_0001_S.MP4
S_V_SUBTITLE_FULL_PTS_CONFLICT,high,B4,uav-03,1581F7K3C255900D76E8,,video_visible,@raw/04_第四批_20260908_1053_多火点与余热点/01_正式视频/无人机03_1581F7K3C255900D76E8/DJI_202609081046_006/DJI_20260908105253_0001_V.MP4,DJI_20260908105253_0001_V.MP4,,,,2026-09-08 10:52:53.536,22.89..24.456,focal_len / dzoom_ratio,S=52.70/1.00,V=24.00/1.00,Original PTS interval 22.89..24.456 s (1.566 s); S state first wall time 2026-09-08 10:53:16.448; V state first wall time 2026-09-08 10:52:53.536,@raw/04_第四批_20260908_1053_多火点与余热点/01_正式视频/无人机03_1581F7K3C255900D76E8/DJI_202609081046_006/DJI_20260908105253_0001_S.MP4
S_V_SUBTITLE_FULL_PTS_CONFLICT,high,B4,uav-03,1581F7K3C255900D76E8,,video_visible,@raw/04_第四批_20260908_1053_多火点与余热点/01_正式视频/无人机03_1581F7K3C255900D76E8/DJI_202609081046_006/DJI_20260908105253_0001_V.MP4,DJI_20260908105253_0001_V.MP4,,,,2026-09-08 10:52:53.536,25.491..27.757,focal_len / dzoom_ratio,S=52.70/1.00,V=24.00/1.00,Original PTS interval 25.491..27.757 s (2.266 s); S state first wall time 2026-09-08 10:53:19.047; V state first wall time 2026-09-08 10:52:53.536,@raw/04_第四批_20260908_1053_多火点与余热点/01_正式视频/无人机03_1581F7K3C255900D76E8/DJI_202609081046_006/DJI_20260908105253_0001_S.MP4
S_V_SUBTITLE_FULL_PTS_CONFLICT,high,B4,uav-03,1581F7K3C255900D76E8,,video_visible,@raw/04_第四批_20260908_1053_多火点与余热点/01_正式视频/无人机03_1581F7K3C255900D76E8/DJI_202609081046_006/DJI_20260908105253_0001_V.MP4,DJI_20260908105253_0001_V.MP4,,,,2026-09-08 10:52:53.536,28.725..29.892,focal_len / dzoom_ratio,S=52.70/1.00,V=24.00/1.00,Original PTS interval 28.725..29.892 s (1.167 s); S state first wall time 2026-09-08 10:53:22.258; V state first wall time 2026-09-08 10:52:53.536,@raw/04_第四批_20260908_1053_多火点与余热点/01_正式视频/无人机03_1581F7K3C255900D76E8/DJI_202609081046_006/DJI_20260908105253_0001_S.MP4
S_V_SUBTITLE_FULL_PTS_CONFLICT,high,B4,uav-03,1581F7K3C255900D76E8,,video_visible,@raw/04_第四批_20260908_1053_多火点与余热点/01_正式视频/无人机03_1581F7K3C255900D76E8/DJI_202609081046_006/DJI_20260908105253_0001_V.MP4,DJI_20260908105253_0001_V.MP4,,,,2026-09-08 10:52:53.536,73.735..77.169,focal_len / dzoom_ratio,S=52.70/1.00,V=24.00/1.00,Original PTS interval 73.735..77.169 s (3.434 s); S state first wall time 2026-09-08 10:54:07.244; V state first wall time 2026-09-08 10:52:53.536,@raw/04_第四批_20260908_1053_多火点与余热点/01_正式视频/无人机03_1581F7K3C255900D76E8/DJI_202609081046_006/DJI_20260908105253_0001_S.MP4
S_V_SUBTITLE_FULL_PTS_CONFLICT,high,B4,uav-03,1581F7K3C255900D76E8,,video_visible,@raw/04_第四批_20260908_1053_多火点与余热点/01_正式视频/无人机03_1581F7K3C255900D76E8/DJI_202609081046_006/DJI_20260908105253_0001_V.MP4,DJI_20260908105253_0001_V.MP4,,,,2026-09-08 10:52:53.536,81.073..93.473,focal_len / dzoom_ratio,S=52.70/1.00,V=24.00/1.00,Original PTS interval 81.073..93.473 s (12.4 s); S state first wall time 2026-09-08 10:54:14.578; V state first wall time 2026-09-08 10:52:53.536,@raw/04_第四批_20260908_1053_多火点与余热点/01_正式视频/无人机03_1581F7K3C255900D76E8/DJI_202609081046_006/DJI_20260908105253_0001_S.MP4
S_V_SUBTITLE_FULL_PTS_CONFLICT,high,B4,uav-03,1581F7K3C255900D76E8,,video_visible,@raw/04_第四批_20260908_1053_多火点与余热点/01_正式视频/无人机03_1581F7K3C255900D76E8/DJI_202609081046_006/DJI_20260908105253_0001_V.MP4,DJI_20260908105253_0001_V.MP4,,,,2026-09-08 10:52:53.536,95.041..103.741,focal_len / dzoom_ratio,S=52.70/1.00,V=24.00/1.00,Original PTS interval 95.041..103.741 s (8.7 s); S state first wall time 2026-09-08 10:54:28.590; V state first wall time 2026-09-08 10:52:53.536,@raw/04_第四批_20260908_1053_多火点与余热点/01_正式视频/无人机03_1581F7K3C255900D76E8/DJI_202609081046_006/DJI_20260908105253_0001_S.MP4
S_V_SUBTITLE_FULL_PTS_CONFLICT,high,B4,uav-03,1581F7K3C255900D76E8,,video_visible,@raw/04_第四批_20260908_1053_多火点与余热点/01_正式视频/无人机03_1581F7K3C255900D76E8/DJI_202609081046_006/DJI_20260908105253_0001_V.MP4,DJI_20260908105253_0001_V.MP4,,,,2026-09-08 10:52:53.536,106.544..107.344,focal_len / dzoom_ratio,S=52.70/1.00,V=24.00/1.00,Original PTS interval 106.544..107.344 s (0.8 s); S state first wall time 2026-09-08 10:54:40.042; V state first wall time 2026-09-08 10:52:53.536,@raw/04_第四批_20260908_1053_多火点与余热点/01_正式视频/无人机03_1581F7K3C255900D76E8/DJI_202609081046_006/DJI_20260908105253_0001_S.MP4
S_V_SUBTITLE_FULL_PTS_CONFLICT,high,B4,uav-03,1581F7K3C255900D76E8,,video_visible,@raw/04_第四批_20260908_1053_多火点与余热点/01_正式视频/无人机03_1581F7K3C255900D76E8/DJI_202609081046_006/DJI_20260908105253_0001_V.MP4,DJI_20260908105253_0001_V.MP4,,,,2026-09-08 10:52:53.536,110.647..111.547,focal_len / dzoom_ratio,S=52.70/1.00,V=24.00/1.00,Original PTS interval 110.647..111.547 s (0.9 s); S state first wall time 2026-09-08 10:54:44.176; V state first wall time 2026-09-08 10:52:53.536,@raw/04_第四批_20260908_1053_多火点与余热点/01_正式视频/无人机03_1581F7K3C255900D76E8/DJI_202609081046_006/DJI_20260908105253_0001_S.MP4
S_V_SUBTITLE_FULL_PTS_CONFLICT,high,B4,uav-03,1581F7K3C255900D76E8,,video_visible,@raw/04_第四批_20260908_1053_多火点与余热点/01_正式视频/无人机03_1581F7K3C255900D76E8/DJI_202609081046_006/DJI_20260908105253_0001_V.MP4,DJI_20260908105253_0001_V.MP4,,,,2026-09-08 10:55:13.707,140.007..140.009,focal_len / dzoom_ratio,S=24.00/1.00,V=172.20/1.02,Original PTS interval 140.007..140.009 s (0.002 s); S state first wall time 2026-09-08 10:54:45.066; V state first wall time 2026-09-08 10:55:13.707,@raw/04_第四批_20260908_1053_多火点与余热点/01_正式视频/无人机03_1581F7K3C255900D76E8/DJI_202609081046_006/DJI_20260908105253_0001_S.MP4
S_V_SUBTITLE_FULL_PTS_CONFLICT,high,B4,uav-03,1581F7K3C255900D76E8,,video_visible,@raw/04_第四批_20260908_1053_多火点与余热点/01_正式视频/无人机03_1581F7K3C255900D76E8/DJI_202609081046_006/DJI_20260908105253_0001_V.MP4,DJI_20260908105253_0001_V.MP4,,,,2026-09-08 10:55:15.317,141.808..141.81,focal_len / dzoom_ratio,S=172.20/1.02,V=24.00/1.00,Original PTS interval 141.808..141.81 s (0.002 s); S state first wall time 2026-09-08 10:55:13.718; V state first wall time 2026-09-08 10:55:15.317,@raw/04_第四批_20260908_1053_多火点与余热点/01_正式视频/无人机03_1581F7K3C255900D76E8/DJI_202609081046_006/DJI_20260908105253_0001_S.MP4
S_V_SUBTITLE_FULL_PTS_CONFLICT,high,B4,uav-03,1581F7K3C255900D76E8,,video_visible,@raw/04_第四批_20260908_1053_多火点与余热点/01_正式视频/无人机03_1581F7K3C255900D76E8/DJI_202609081046_006/DJI_20260908105253_0001_V.MP4,DJI_20260908105253_0001_V.MP4,,,,2026-09-08 10:55:15.317,143.612..145.112,focal_len / dzoom_ratio,S=52.70/1.00,V=24.00/1.00,Original PTS interval 143.612..145.112 s (1.5 s); S state first wall time 2026-09-08 10:55:17.129; V state first wall time 2026-09-08 10:55:15.317,@raw/04_第四批_20260908_1053_多火点与余热点/01_正式视频/无人机03_1581F7K3C255900D76E8/DJI_202609081046_006/DJI_20260908105253_0001_S.MP4
S_V_SUBTITLE_FULL_PTS_CONFLICT,high,B4,uav-03,1581F7K3C255900D76E8,,video_visible,@raw/04_第四批_20260908_1053_多火点与余热点/01_正式视频/无人机03_1581F7K3C255900D76E8/DJI_202609081046_006/DJI_20260908105253_0001_V.MP4,DJI_20260908105253_0001_V.MP4,,,,2026-09-08 10:55:15.317,146.013..148.513,focal_len / dzoom_ratio,S=52.70/1.00,V=24.00/1.00,Original PTS interval 146.013..148.513 s (2.5 s); S state first wall time 2026-09-08 10:55:19.532; V state first wall time 2026-09-08 10:55:15.317,@raw/04_第四批_20260908_1053_多火点与余热点/01_正式视频/无人机03_1581F7K3C255900D76E8/DJI_202609081046_006/DJI_20260908105253_0001_S.MP4
S_V_SUBTITLE_FULL_PTS_CONFLICT,high,B4,uav-03,1581F7K3C255900D76E8,,video_visible,@raw/04_第四批_20260908_1053_多火点与余热点/01_正式视频/无人机03_1581F7K3C255900D76E8/DJI_202609081046_006/DJI_20260908105253_0001_V.MP4,DJI_20260908105253_0001_V.MP4,,,,2026-09-08 10:55:15.317,323.988..325.422,focal_len / dzoom_ratio,S=52.70/1.00,V=24.00/1.00,Original PTS interval 323.988..325.422 s (1.434 s); S state first wall time 2026-09-08 10:58:17.491; V state first wall time 2026-09-08 10:55:15.317,@raw/04_第四批_20260908_1053_多火点与余热点/01_正式视频/无人机03_1581F7K3C255900D76E8/DJI_202609081046_006/DJI_20260908105253_0001_S.MP4
S_V_SUBTITLE_FULL_PTS_CONFLICT,high,B4,uav-03,1581F7K3C255900D76E8,,video_visible,@raw/04_第四批_20260908_1053_多火点与余热点/01_正式视频/无人机03_1581F7K3C255900D76E8/DJI_202609081046_006/DJI_20260908105253_0001_V.MP4,DJI_20260908105253_0001_V.MP4,,,,2026-09-08 10:55:15.317,332.262..333.629,focal_len / dzoom_ratio,S=52.70/1.00,V=24.00/1.00,Original PTS interval 332.262..333.629 s (1.367 s); S state first wall time 2026-09-08 10:58:25.727; V state first wall time 2026-09-08 10:55:15.317,@raw/04_第四批_20260908_1053_多火点与余热点/01_正式视频/无人机03_1581F7K3C255900D76E8/DJI_202609081046_006/DJI_20260908105253_0001_S.MP4
S_V_SUBTITLE_FULL_PTS_CONFLICT,high,B4,uav-03,1581F7K3C255900D76E8,,video_visible,@raw/04_第四批_20260908_1053_多火点与余热点/01_正式视频/无人机03_1581F7K3C255900D76E8/DJI_202609081046_006/DJI_20260908105253_0001_V.MP4,DJI_20260908105253_0001_V.MP4,,,,2026-09-08 10:55:15.317,336.031..338.364,focal_len / dzoom_ratio,S=52.70/1.00,V=24.00/1.00,Original PTS interval 336.031..338.364 s (2.333 s); S state first wall time 2026-09-08 10:58:29.529; V state first wall time 2026-09-08 10:55:15.317,@raw/04_第四批_20260908_1053_多火点与余热点/01_正式视频/无人机03_1581F7K3C255900D76E8/DJI_202609081046_006/DJI_20260908105253_0001_S.MP4
S_V_SUBTITLE_FULL_PTS_CONFLICT,high,B4,uav-03,1581F7K3C255900D76E8,,video_visible,@raw/04_第四批_20260908_1053_多火点与余热点/01_正式视频/无人机03_1581F7K3C255900D76E8/DJI_202609081046_006/DJI_20260908105253_0001_V.MP4,DJI_20260908105253_0001_V.MP4,,,,2026-09-08 10:55:15.317,349.842..360.009,focal_len / dzoom_ratio,S=52.70/1.00,V=24.00/1.00,Original PTS interval 349.842..360.009 s (10.167 s); S state first wall time 2026-09-08 10:58:43.335; V state first wall time 2026-09-08 10:55:15.317,@raw/04_第四批_20260908_1053_多火点与余热点/01_正式视频/无人机03_1581F7K3C255900D76E8/DJI_202609081046_006/DJI_20260908105253_0001_S.MP4
S_V_SUBTITLE_FULL_PTS_CONFLICT,high,B4,uav-04,1581F7K33258900AP021,,video_visible,@raw/04_第四批_20260908_1053_多火点与余热点/01_正式视频/无人机04_1581F7K33258900AP021/DJI_202609081042_036/DJI_20260908105259_0001_V.MP4,DJI_20260908105259_0001_V.MP4,,,,2026-09-08 10:52:59.778,0.0..24.7,focal_len / dzoom_ratio,S=52.70/1.00,V=53.80/2.24,Original PTS interval 0.0..24.7 s (24.7 s); S state first wall time 2026-09-08 10:52:59.816; V state first wall time 2026-09-08 10:52:59.778,@raw/04_第四批_20260908_1053_多火点与余热点/01_正式视频/无人机04_1581F7K33258900AP021/DJI_202609081042_036/DJI_20260908105259_0001_S.MP4
S_V_SUBTITLE_FULL_PTS_CONFLICT,high,B4,uav-04,1581F7K33258900AP021,,video_visible,@raw/04_第四批_20260908_1053_多火点与余热点/01_正式视频/无人机04_1581F7K33258900AP021/DJI_202609081042_036/DJI_20260908105259_0001_V.MP4,DJI_20260908105259_0001_V.MP4,,,,2026-09-08 10:52:59.778,31.507..248.64,focal_len / dzoom_ratio,S=52.70/1.00,V=53.80/2.24,Original PTS interval 31.507..248.64 s (217.133 s); S state first wall time 2026-09-08 10:53:31.293; V state first wall time 2026-09-08 10:52:59.778,@raw/04_第四批_20260908_1053_多火点与余热点/01_正式视频/无人机04_1581F7K33258900AP021/DJI_202609081042_036/DJI_20260908105259_0001_S.MP4
S_V_SUBTITLE_FULL_PTS_CONFLICT,high,B4,uav-04,1581F7K33258900AP021,,video_visible,@raw/04_第四批_20260908_1053_多火点与余热点/01_正式视频/无人机04_1581F7K33258900AP021/DJI_202609081042_036/DJI_20260908105259_0001_V.MP4,DJI_20260908105259_0001_V.MP4,,,,2026-09-08 10:52:59.778,796.754..829.854,focal_len / dzoom_ratio,S=52.70/1.00,V=53.80/2.24,Original PTS interval 796.754..829.854 s (33.1 s); S state first wall time 2026-09-08 11:06:16.580; V state first wall time 2026-09-08 10:52:59.778,@raw/04_第四批_20260908_1053_多火点与余热点/01_正式视频/无人机04_1581F7K33258900AP021/DJI_202609081042_036/DJI_20260908105259_0001_S.MP4
S_V_SUBTITLE_FULL_PTS_CONFLICT,high,B4,uav-04,1581F7K33258900AP021,,video_visible,@raw/04_第四批_20260908_1053_多火点与余热点/01_正式视频/无人机04_1581F7K33258900AP021/DJI_202609081042_036/DJI_20260908105259_0001_V.MP4,DJI_20260908105259_0001_V.MP4,,,,2026-09-08 10:52:59.778,831.456..832.423,focal_len / dzoom_ratio,S=52.70/1.00,V=53.80/2.24,Original PTS interval 831.456..832.423 s (0.967 s); S state first wall time 2026-09-08 11:06:51.282; V state first wall time 2026-09-08 10:52:59.778,@raw/04_第四批_20260908_1053_多火点与余热点/01_正式视频/无人机04_1581F7K33258900AP021/DJI_202609081042_036/DJI_20260908105259_0001_S.MP4
S_V_SUBTITLE_FULL_PTS_CONFLICT,high,B4,uav-04,1581F7K33258900AP021,,video_visible,@raw/04_第四批_20260908_1053_多火点与余热点/01_正式视频/无人机04_1581F7K33258900AP021/DJI_202609081042_036/DJI_20260908105259_0001_V.MP4,DJI_20260908105259_0001_V.MP4,,,,2026-09-08 10:52:59.778,834.458..910.825,focal_len / dzoom_ratio,S=52.70/1.00,V=53.80/2.24,Original PTS interval 834.458..910.825 s (76.367 s); S state first wall time 2026-09-08 11:06:54.314; V state first wall time 2026-09-08 10:52:59.778,@raw/04_第四批_20260908_1053_多火点与余热点/01_正式视频/无人机04_1581F7K33258900AP021/DJI_202609081042_036/DJI_20260908105259_0001_S.MP4
S_V_SUBTITLE_FULL_PTS_CONFLICT,high,B4,uav-04,1581F7K33258900AP021,,video_visible,@raw/04_第四批_20260908_1053_多火点与余热点/01_正式视频/无人机04_1581F7K33258900AP021/DJI_202609081042_036/DJI_20260908105259_0001_V.MP4,DJI_20260908105259_0001_V.MP4,,,,2026-09-08 10:52:59.778,910.825..910.877,focal_len / dzoom_ratio,S=24.00/1.00,V=53.80/2.24,Original PTS interval 910.825..910.877 s (0.052 s); S state first wall time 2026-09-08 11:08:10.693; V state first wall time 2026-09-08 10:52:59.778,@raw/04_第四批_20260908_1053_多火点与余热点/01_正式视频/无人机04_1581F7K33258900AP021/DJI_202609081042_036/DJI_20260908105259_0001_S.MP4
S_V_SUBTITLE_FULL_PTS_CONFLICT,high,B4,uav-05,1581F7K3C251400CFB45,,video_visible,@raw/04_第四批_20260908_1053_多火点与余热点/01_正式视频/无人机05_1581F7K3C251400CFB45/DJI_202609081039_005/DJI_20260908105253_0001_V.MP4,DJI_20260908105253_0001_V.MP4,,,,2026-09-08 10:52:53.718,68.535..167.102,focal_len / dzoom_ratio,S=52.70/1.00,V=55.10/2.30,Original PTS interval 68.535..167.102 s (98.567 s); S state first wall time 2026-09-08 10:54:02.111; V state first wall time 2026-09-08 10:52:53.718,@raw/04_第四批_20260908_1053_多火点与余热点/01_正式视频/无人机05_1581F7K3C251400CFB45/DJI_202609081039_005/DJI_20260908105253_0001_S.MP4
S_V_SUBTITLE_FULL_PTS_CONFLICT,high,B4,uav-05,1581F7K3C251400CFB45,,video_visible,@raw/04_第四批_20260908_1053_多火点与余热点/01_正式视频/无人机05_1581F7K3C251400CFB45/DJI_202609081039_005/DJI_20260908105253_0001_V.MP4,DJI_20260908105253_0001_V.MP4,,,,2026-09-08 10:52:53.718,315.85..545.784,focal_len / dzoom_ratio,S=52.70/1.00,V=55.10/2.30,Original PTS interval 315.85..545.784 s (229.934 s); S state first wall time 2026-09-08 10:58:09.424; V state first wall time 2026-09-08 10:52:53.718,@raw/04_第四批_20260908_1053_多火点与余热点/01_正式视频/无人机05_1581F7K3C251400CFB45/DJI_202609081039_005/DJI_20260908105253_0001_S.MP4
S_V_SUBTITLE_FULL_PTS_CONFLICT,high,B4,uav-05,1581F7K3C251400CFB45,,video_visible,@raw/04_第四批_20260908_1053_多火点与余热点/01_正式视频/无人机05_1581F7K3C251400CFB45/DJI_202609081039_005/DJI_20260908105253_0001_V.MP4,DJI_20260908105253_0001_V.MP4,,,,2026-09-08 10:52:53.718,556.962..563.128,focal_len / dzoom_ratio,S=52.70/1.00,V=55.10/2.30,Original PTS interval 556.962..563.128 s (6.166 s); S state first wall time 2026-09-08 11:02:10.524; V state first wall time 2026-09-08 10:52:53.718,@raw/04_第四批_20260908_1053_多火点与余热点/01_正式视频/无人机05_1581F7K3C251400CFB45/DJI_202609081039_005/DJI_20260908105253_0001_S.MP4
S_V_SUBTITLE_FULL_PTS_CONFLICT,high,B4,uav-05,1581F7K3C251400CFB45,,video_visible,@raw/04_第四批_20260908_1053_多火点与余热点/01_正式视频/无人机05_1581F7K3C251400CFB45/DJI_202609081039_005/DJI_20260908105253_0001_V.MP4,DJI_20260908105253_0001_V.MP4,,,,2026-09-08 10:52:53.718,663.161..968.901,focal_len / dzoom_ratio,S=52.70/1.00,V=55.10/2.30,Original PTS interval 663.161..968.901 s (305.74 s); S state first wall time 2026-09-08 11:03:56.704; V state first wall time 2026-09-08 10:52:53.718,@raw/04_第四批_20260908_1053_多火点与余热点/01_正式视频/无人机05_1581F7K3C251400CFB45/DJI_202609081039_005/DJI_20260908105253_0001_S.MP4
S_V_SUBTITLE_FULL_PTS_CONFLICT,high,B4,uav-05,1581F7K3C251400CFB45,,video_visible,@raw/04_第四批_20260908_1053_多火点与余热点/01_正式视频/无人机05_1581F7K3C251400CFB45/DJI_202609081039_005/DJI_20260908105253_0001_V.MP4,DJI_20260908105253_0001_V.MP4,,,,2026-09-08 11:09:02.615,968.901..969.062,focal_len / dzoom_ratio,S=52.70/1.00,V=24.00/1.00,Original PTS interval 968.901..969.062 s (0.161 s); S state first wall time 2026-09-08 11:03:56.704; V state first wall time 2026-09-08 11:09:02.615,@raw/04_第四批_20260908_1053_多火点与余热点/01_正式视频/无人机05_1581F7K3C251400CFB45/DJI_202609081039_005/DJI_20260908105253_0001_S.MP4
S_V_SUBTITLE_FULL_PTS_CONFLICT,high,B4,uav-06,1581F7K3C254N00D16Y8,,video_visible,@raw/04_第四批_20260908_1053_多火点与余热点/01_正式视频/无人机06_1581F7K3C254N00D16Y8/DJI_202609081040_004/DJI_20260908105300_0001_V.MP4,DJI_20260908105300_0001_V.MP4,,,,2026-09-08 10:55:19.218,138.005..138.171,focal_len / dzoom_ratio,S=54.70/2.28,V=24.00/1.00,Original PTS interval 138.005..138.171 s (0.166 s); S state first wall time 2026-09-08 10:53:01.125; V state first wall time 2026-09-08 10:55:19.218,@raw/04_第四批_20260908_1053_多火点与余热点/01_正式视频/无人机06_1581F7K3C254N00D16Y8/DJI_202609081040_004/DJI_20260908105300_0001_S.MP4
S_V_SUBTITLE_FULL_PTS_CONFLICT,high,B4,uav-06,1581F7K3C254N00D16Y8,,video_visible,@raw/04_第四批_20260908_1053_多火点与余热点/01_正式视频/无人机06_1581F7K3C254N00D16Y8/DJI_202609081040_004/DJI_20260908105300_0001_V.MP4,DJI_20260908105300_0001_V.MP4,,,,2026-09-08 10:55:21.129,139.906..140.073,focal_len / dzoom_ratio,S=24.00/1.00,V=54.70/2.28,Original PTS interval 139.906..140.073 s (0.167 s); S state first wall time 2026-09-08 10:55:19.233; V state first wall time 2026-09-08 10:55:21.129,@raw/04_第四批_20260908_1053_多火点与余热点/01_正式视频/无人机06_1581F7K3C254N00D16Y8/DJI_202609081040_004/DJI_20260908105300_0001_S.MP4
S_V_SUBTITLE_FULL_PTS_CONFLICT,high,B4,uav-06,1581F7K3C254N00D16Y8,,video_visible,@raw/04_第四批_20260908_1053_多火点与余热点/01_正式视频/无人机06_1581F7K3C254N00D16Y8/DJI_202609081040_004/DJI_20260908105300_0001_V.MP4,DJI_20260908105300_0001_V.MP4,,,,2026-09-08 10:55:21.129,141.775..159.375,focal_len / dzoom_ratio,S=52.70/1.00,V=54.70/2.28,Original PTS interval 141.775..159.375 s (17.6 s); S state first wall time 2026-09-08 10:55:22.840; V state first wall time 2026-09-08 10:55:21.129,@raw/04_第四批_20260908_1053_多火点与余热点/01_正式视频/无人机06_1581F7K3C254N00D16Y8/DJI_202609081040_004/DJI_20260908105300_0001_S.MP4
S_V_SUBTITLE_FULL_PTS_CONFLICT,high,B4,uav-06,1581F7K3C254N00D16Y8,,video_visible,@raw/04_第四批_20260908_1053_多火点与余热点/01_正式视频/无人机06_1581F7K3C254N00D16Y8/DJI_202609081040_004/DJI_20260908105300_0001_V.MP4,DJI_20260908105300_0001_V.MP4,,,,2026-09-08 10:55:21.129,162.011..592.625,focal_len / dzoom_ratio,S=52.70/1.00,V=54.70/2.28,Original PTS interval 162.011..592.625 s (430.614 s); S state first wall time 2026-09-08 10:55:43.060; V state first wall time 2026-09-08 10:55:21.129,@raw/04_第四批_20260908_1053_多火点与余热点/01_正式视频/无人机06_1581F7K3C254N00D16Y8/DJI_202609081040_004/DJI_20260908105300_0001_S.MP4
S_V_SUBTITLE_FULL_PTS_CONFLICT,high,B4,uav-06,1581F7K3C254N00D16Y8,,video_visible,@raw/04_第四批_20260908_1053_多火点与余热点/01_正式视频/无人机06_1581F7K3C254N00D16Y8/DJI_202609081040_004/DJI_20260908105300_0001_V.MP4,DJI_20260908105300_0001_V.MP4,,,,2026-09-08 11:02:53.816,592.625..592.811,focal_len / dzoom_ratio,S=52.70/1.00,V=24.00/1.00,Original PTS interval 592.625..592.811 s (0.186 s); S state first wall time 2026-09-08 10:55:43.060; V state first wall time 2026-09-08 11:02:53.816,@raw/04_第四批_20260908_1053_多火点与余热点/01_正式视频/无人机06_1581F7K3C254N00D16Y8/DJI_202609081040_004/DJI_20260908105300_0001_S.MP4
S_V_SUBTITLE_FULL_PTS_CONFLICT,high,B4,uav-06,1581F7K3C254N00D16Y8,,video_visible,@raw/04_第四批_20260908_1053_多火点与余热点/01_正式视频/无人机06_1581F7K3C254N00D16Y8/DJI_202609081040_004/DJI_20260908105300_0001_V.MP4,DJI_20260908105300_0001_V.MP4,,,,2026-09-08 11:02:53.816,595.48..596.714,focal_len / dzoom_ratio,S=52.70/1.00,V=24.00/1.00,Original PTS interval 595.48..596.714 s (1.234 s); S state first wall time 2026-09-08 11:02:56.503; V state first wall time 2026-09-08 11:02:53.816,@raw/04_第四批_20260908_1053_多火点与余热点/01_正式视频/无人机06_1581F7K3C254N00D16Y8/DJI_202609081040_004/DJI_20260908105300_0001_S.MP4
S_V_SUBTITLE_FULL_PTS_CONFLICT,high,B4,uav-06,1581F7K3C254N00D16Y8,,video_visible,@raw/04_第四批_20260908_1053_多火点与余热点/01_正式视频/无人机06_1581F7K3C254N00D16Y8/DJI_202609081040_004/DJI_20260908105300_0001_V.MP4,DJI_20260908105300_0001_V.MP4,,,,2026-09-08 11:02:58.953,597.764..597.948,focal_len / dzoom_ratio,S=24.00/1.00,V=54.70/2.28,Original PTS interval 597.764..597.948 s (0.184 s); S state first wall time 2026-09-08 11:02:57.725; V state first wall time 2026-09-08 11:02:58.953,@raw/04_第四批_20260908_1053_多火点与余热点/01_正式视频/无人机06_1581F7K3C254N00D16Y8/DJI_202609081040_004/DJI_20260908105300_0001_S.MP4
S_V_SUBTITLE_FULL_PTS_CONFLICT,high,B4,uav-07,1581F7K3325B100AS0AG,,video_visible,@raw/04_第四批_20260908_1053_多火点与余热点/01_正式视频/无人机07_1581F7K3325B100AS0AG/DJI_202609081048_005/DJI_20260908105258_0001_V.MP4,DJI_20260908105258_0001_V.MP4,,,,2026-09-08 10:52:59.135,453.887..453.92,focal_len / dzoom_ratio,S=55.60/2.32,V=55.30/2.30,Original PTS interval 453.887..453.92 s (0.033 s); S state first wall time 2026-09-08 11:00:33.053; V state first wall time 2026-09-08 10:52:59.135,@raw/04_第四批_20260908_1053_多火点与余热点/01_正式视频/无人机07_1581F7K3325B100AS0AG/DJI_202609081048_005/DJI_20260908105258_0001_S.MP4
S_V_SUBTITLE_FULL_PTS_CONFLICT,high,B4,uav-07,1581F7K3325B100AS0AG,,video_visible,@raw/04_第四批_20260908_1053_多火点与余热点/01_正式视频/无人机07_1581F7K3325B100AS0AG/DJI_202609081048_005/DJI_20260908105258_0001_V.MP4,DJI_20260908105258_0001_V.MP4,,,,2026-09-08 11:00:33.039,453.92..453.954,focal_len / dzoom_ratio,S=56.60/2.36,V=55.60/2.32,Original PTS interval 453.92..453.954 s (0.034 s); S state first wall time 2026-09-08 11:00:33.078; V state first wall time 2026-09-08 11:00:33.039,@raw/04_第四批_20260908_1053_多火点与余热点/01_正式视频/无人机07_1581F7K3325B100AS0AG/DJI_202609081048_005/DJI_20260908105258_0001_S.MP4
S_V_SUBTITLE_FULL_PTS_CONFLICT,high,B4,uav-07,1581F7K3325B100AS0AG,,video_visible,@raw/04_第四批_20260908_1053_多火点与余热点/01_正式视频/无人机07_1581F7K3325B100AS0AG/DJI_202609081048_005/DJI_20260908105258_0001_V.MP4,DJI_20260908105258_0001_V.MP4,,,,2026-09-08 11:00:33.073,453.954..453.987,focal_len / dzoom_ratio,S=57.50/2.40,V=56.60/2.36,Original PTS interval 453.954..453.987 s (0.033 s); S state first wall time 2026-09-08 11:00:33.113; V state first wall time 2026-09-08 11:00:33.073,@raw/04_第四批_20260908_1053_多火点与余热点/01_正式视频/无人机07_1581F7K3325B100AS0AG/DJI_202609081048_005/DJI_20260908105258_0001_S.MP4
S_V_SUBTITLE_FULL_PTS_CONFLICT,high,B4,uav-07,1581F7K3325B100AS0AG,,video_visible,@raw/04_第四批_20260908_1053_多火点与余热点/01_正式视频/无人机07_1581F7K3325B100AS0AG/DJI_202609081048_005/DJI_20260908105258_0001_V.MP4,DJI_20260908105258_0001_V.MP4,,,,2026-09-08 11:00:33.107,453.987..454.02,focal_len / dzoom_ratio,S=58.50/2.44,V=57.50/2.40,Original PTS interval 453.987..454.02 s (0.033 s); S state first wall time 2026-09-08 11:00:33.146; V state first wall time 2026-09-08 11:00:33.107,@raw/04_第四批_20260908_1053_多火点与余热点/01_正式视频/无人机07_1581F7K3325B100AS0AG/DJI_202609081048_005/DJI_20260908105258_0001_S.MP4
S_V_SUBTITLE_FULL_PTS_CONFLICT,high,B4,uav-07,1581F7K3325B100AS0AG,,video_visible,@raw/04_第四批_20260908_1053_多火点与余热点/01_正式视频/无人机07_1581F7K3325B100AS0AG/DJI_202609081048_005/DJI_20260908105258_0001_V.MP4,DJI_20260908105258_0001_V.MP4,,,,2026-09-08 11:00:33.139,454.02..454.054,focal_len / dzoom_ratio,S=59.50/2.48,V=58.50/2.44,Original PTS interval 454.02..454.054 s (0.034 s); S state first wall time 2026-09-08 11:00:33.181; V state first wall time 2026-09-08 11:00:33.139,@raw/04_第四批_20260908_1053_多火点与余热点/01_正式视频/无人机07_1581F7K3325B100AS0AG/DJI_202609081048_005/DJI_20260908105258_0001_S.MP4
S_V_SUBTITLE_FULL_PTS_CONFLICT,high,B4,uav-07,1581F7K3325B100AS0AG,,video_visible,@raw/04_第四批_20260908_1053_多火点与余热点/01_正式视频/无人机07_1581F7K3325B100AS0AG/DJI_202609081048_005/DJI_20260908105258_0001_V.MP4,DJI_20260908105258_0001_V.MP4,,,,2026-09-08 11:00:33.174,454.054..454.087,focal_len / dzoom_ratio,S=60.50/2.52,V=59.50/2.48,Original PTS interval 454.054..454.087 s (0.033 s); S state first wall time 2026-09-08 11:00:33.214; V state first wall time 2026-09-08 11:00:33.174,@raw/04_第四批_20260908_1053_多火点与余热点/01_正式视频/无人机07_1581F7K3325B100AS0AG/DJI_202609081048_005/DJI_20260908105258_0001_S.MP4
S_V_SUBTITLE_FULL_PTS_CONFLICT,high,B4,uav-07,1581F7K3325B100AS0AG,,video_visible,@raw/04_第四批_20260908_1053_多火点与余热点/01_正式视频/无人机07_1581F7K3325B100AS0AG/DJI_202609081048_005/DJI_20260908105258_0001_V.MP4,DJI_20260908105258_0001_V.MP4,,,,2026-09-08 11:00:33.207,454.087..454.12,focal_len / dzoom_ratio,S=61.60/2.56,V=60.50/2.52,Original PTS interval 454.087..454.12 s (0.033 s); S state first wall time 2026-09-08 11:00:33.247; V state first wall time 2026-09-08 11:00:33.207,@raw/04_第四批_20260908_1053_多火点与余热点/01_正式视频/无人机07_1581F7K3325B100AS0AG/DJI_202609081048_005/DJI_20260908105258_0001_S.MP4
S_V_SUBTITLE_FULL_PTS_CONFLICT,high,B4,uav-07,1581F7K3325B100AS0AG,,video_visible,@raw/04_第四批_20260908_1053_多火点与余热点/01_正式视频/无人机07_1581F7K3325B100AS0AG/DJI_202609081048_005/DJI_20260908105258_0001_V.MP4,DJI_20260908105258_0001_V.MP4,,,,2026-09-08 11:00:33.240,454.12..454.154,focal_len / dzoom_ratio,S=62.60/2.61,V=61.60/2.56,Original PTS interval 454.12..454.154 s (0.034 s); S state first wall time 2026-09-08 11:00:33.277; V state first wall time 2026-09-08 11:00:33.240,@raw/04_第四批_20260908_1053_多火点与余热点/01_正式视频/无人机07_1581F7K3325B100AS0AG/DJI_202609081048_005/DJI_20260908105258_0001_S.MP4
S_V_SUBTITLE_FULL_PTS_CONFLICT,high,B4,uav-07,1581F7K3325B100AS0AG,,video_visible,@raw/04_第四批_20260908_1053_多火点与余热点/01_正式视频/无人机07_1581F7K3325B100AS0AG/DJI_202609081048_005/DJI_20260908105258_0001_V.MP4,DJI_20260908105258_0001_V.MP4,,,,2026-09-08 11:00:33.273,454.154..454.187,focal_len / dzoom_ratio,S=63.70/2.65,V=62.60/2.61,Original PTS interval 454.154..454.187 s (0.033 s); S state first wall time 2026-09-08 11:00:33.313; V state first wall time 2026-09-08 11:00:33.273,@raw/04_第四批_20260908_1053_多火点与余热点/01_正式视频/无人机07_1581F7K3325B100AS0AG/DJI_202609081048_005/DJI_20260908105258_0001_S.MP4
S_V_SUBTITLE_FULL_PTS_CONFLICT,high,B4,uav-07,1581F7K3325B100AS0AG,,video_visible,@raw/04_第四批_20260908_1053_多火点与余热点/01_正式视频/无人机07_1581F7K3325B100AS0AG/DJI_202609081048_005/DJI_20260908105258_0001_V.MP4,DJI_20260908105258_0001_V.MP4,,,,2026-09-08 11:00:33.306,454.187..454.22,focal_len / dzoom_ratio,S=64.50/2.69,V=63.70/2.65,Original PTS interval 454.187..454.22 s (0.033 s); S state first wall time 2026-09-08 11:00:33.343; V state first wall time 2026-09-08 11:00:33.306,@raw/04_第四批_20260908_1053_多火点与余热点/01_正式视频/无人机07_1581F7K3325B100AS0AG/DJI_202609081048_005/DJI_20260908105258_0001_S.MP4
S_V_SUBTITLE_FULL_PTS_CONFLICT,high,B4,uav-07,1581F7K3325B100AS0AG,,video_visible,@raw/04_第四批_20260908_1053_多火点与余热点/01_正式视频/无人机07_1581F7K3325B100AS0AG/DJI_202609081048_005/DJI_20260908105258_0001_V.MP4,DJI_20260908105258_0001_V.MP4,,,,2026-09-08 11:00:33.339,455.121..455.155,focal_len / dzoom_ratio,S=64.10/2.67,V=64.50/2.69,Original PTS interval 455.121..455.155 s (0.034 s); S state first wall time 2026-09-08 11:00:34.277; V state first wall time 2026-09-08 11:00:33.339,@raw/04_第四批_20260908_1053_多火点与余热点/01_正式视频/无人机07_1581F7K3325B100AS0AG/DJI_202609081048_005/DJI_20260908105258_0001_S.MP4
S_V_SUBTITLE_FULL_PTS_CONFLICT,high,B4,uav-07,1581F7K3325B100AS0AG,,video_visible,@raw/04_第四批_20260908_1053_多火点与余热点/01_正式视频/无人机07_1581F7K3325B100AS0AG/DJI_202609081048_005/DJI_20260908105258_0001_V.MP4,DJI_20260908105258_0001_V.MP4,,,,2026-09-08 11:00:34.274,455.155..455.188,focal_len / dzoom_ratio,S=63.60/2.65,V=64.10/2.67,Original PTS interval 455.155..455.188 s (0.033 s); S state first wall time 2026-09-08 11:00:34.313; V state first wall time 2026-09-08 11:00:34.274,@raw/04_第四批_20260908_1053_多火点与余热点/01_正式视频/无人机07_1581F7K3325B100AS0AG/DJI_202609081048_005/DJI_20260908105258_0001_S.MP4
S_V_SUBTITLE_FULL_PTS_CONFLICT,high,B4,uav-07,1581F7K3325B100AS0AG,,video_visible,@raw/04_第四批_20260908_1053_多火点与余热点/01_正式视频/无人机07_1581F7K3325B100AS0AG/DJI_202609081048_005/DJI_20260908105258_0001_V.MP4,DJI_20260908105258_0001_V.MP4,,,,2026-09-08 11:00:34.307,455.188..455.221,focal_len / dzoom_ratio,S=63.10/2.63,V=63.60/2.65,Original PTS interval 455.188..455.221 s (0.033 s); S state first wall time 2026-09-08 11:00:34.348; V state first wall time 2026-09-08 11:00:34.307,@raw/04_第四批_20260908_1053_多火点与余热点/01_正式视频/无人机07_1581F7K3325B100AS0AG/DJI_202609081048_005/DJI_20260908105258_0001_S.MP4
S_V_SUBTITLE_FULL_PTS_CONFLICT,high,B4,uav-07,1581F7K3325B100AS0AG,,video_visible,@raw/04_第四批_20260908_1053_多火点与余热点/01_正式视频/无人机07_1581F7K3325B100AS0AG/DJI_202609081048_005/DJI_20260908105258_0001_V.MP4,DJI_20260908105258_0001_V.MP4,,,,2026-09-08 11:00:34.342,455.221..455.255,focal_len / dzoom_ratio,S=62.50/2.61,V=63.10/2.63,Original PTS interval 455.221..455.255 s (0.034 s); S state first wall time 2026-09-08 11:00:34.380; V state first wall time 2026-09-08 11:00:34.342,@raw/04_第四批_20260908_1053_多火点与余热点/01_正式视频/无人机07_1581F7K3325B100AS0AG/DJI_202609081048_005/DJI_20260908105258_0001_S.MP4
S_V_SUBTITLE_FULL_PTS_CONFLICT,high,B4,uav-07,1581F7K3325B100AS0AG,,video_visible,@raw/04_第四批_20260908_1053_多火点与余热点/01_正式视频/无人机07_1581F7K3325B100AS0AG/DJI_202609081048_005/DJI_20260908105258_0001_V.MP4,DJI_20260908105258_0001_V.MP4,,,,2026-09-08 11:00:34.373,455.255..455.288,focal_len / dzoom_ratio,S=62.00/2.58,V=62.50/2.61,Original PTS interval 455.255..455.288 s (0.033 s); S state first wall time 2026-09-08 11:00:34.416; V state first wall time 2026-09-08 11:00:34.373,@raw/04_第四批_20260908_1053_多火点与余热点/01_正式视频/无人机07_1581F7K3325B100AS0AG/DJI_202609081048_005/DJI_20260908105258_0001_S.MP4
S_V_SUBTITLE_FULL_PTS_CONFLICT,high,B4,uav-07,1581F7K3325B100AS0AG,,video_visible,@raw/04_第四批_20260908_1053_多火点与余热点/01_正式视频/无人机07_1581F7K3325B100AS0AG/DJI_202609081048_005/DJI_20260908105258_0001_V.MP4,DJI_20260908105258_0001_V.MP4,,,,2026-09-08 11:00:34.408,455.288..455.322,focal_len / dzoom_ratio,S=61.50/2.56,V=62.00/2.58,Original PTS interval 455.288..455.322 s (0.034 s); S state first wall time 2026-09-08 11:00:34.447; V state first wall time 2026-09-08 11:00:34.408,@raw/04_第四批_20260908_1053_多火点与余热点/01_正式视频/无人机07_1581F7K3325B100AS0AG/DJI_202609081048_005/DJI_20260908105258_0001_S.MP4
S_V_SUBTITLE_FULL_PTS_CONFLICT,high,B4,uav-07,1581F7K3325B100AS0AG,,video_visible,@raw/04_第四批_20260908_1053_多火点与余热点/01_正式视频/无人机07_1581F7K3325B100AS0AG/DJI_202609081048_005/DJI_20260908105258_0001_V.MP4,DJI_20260908105258_0001_V.MP4,,,,2026-09-08 11:00:34.442,456.156..456.189,focal_len / dzoom_ratio,S=61.00/2.54,V=61.50/2.56,Original PTS interval 456.156..456.189 s (0.033 s); S state first wall time 2026-09-08 11:00:35.313; V state first wall time 2026-09-08 11:00:34.442,@raw/04_第四批_20260908_1053_多火点与余热点/01_正式视频/无人机07_1581F7K3325B100AS0AG/DJI_202609081048_005/DJI_20260908105258_0001_S.MP4
S_V_SUBTITLE_FULL_PTS_CONFLICT,high,B4,uav-07,1581F7K3325B100AS0AG,,video_visible,@raw/04_第四批_20260908_1053_多火点与余热点/01_正式视频/无人机07_1581F7K3325B100AS0AG/DJI_202609081048_005/DJI_20260908105258_0001_V.MP4,DJI_20260908105258_0001_V.MP4,,,,2026-09-08 11:00:35.308,456.189..456.222,focal_len / dzoom_ratio,S=60.40/2.52,V=61.00/2.54,Original PTS interval 456.189..456.222 s (0.033 s); S state first wall time 2026-09-08 11:00:35.346; V state first wall time 2026-09-08 11:00:35.308,@raw/04_第四批_20260908_1053_多火点与余热点/01_正式视频/无人机07_1581F7K3325B100AS0AG/DJI_202609081048_005/DJI_20260908105258_0001_S.MP4
S_V_SUBTITLE_FULL_PTS_CONFLICT,high,B4,uav-07,1581F7K3325B100AS0AG,,video_visible,@raw/04_第四批_20260908_1053_多火点与余热点/01_正式视频/无人机07_1581F7K3325B100AS0AG/DJI_202609081048_005/DJI_20260908105258_0001_V.MP4,DJI_20260908105258_0001_V.MP4,,,,2026-09-08 11:00:35.342,456.222..456.256,focal_len / dzoom_ratio,S=59.60/2.48,V=60.40/2.52,Original PTS interval 456.222..456.256 s (0.034 s); S state first wall time 2026-09-08 11:00:35.380; V state first wall time 2026-09-08 11:00:35.342,@raw/04_第四批_20260908_1053_多火点与余热点/01_正式视频/无人机07_1581F7K3325B100AS0AG/DJI_202609081048_005/DJI_20260908105258_0001_S.MP4
S_V_SUBTITLE_FULL_PTS_CONFLICT,high,B4,uav-07,1581F7K3325B100AS0AG,,video_visible,@raw/04_第四批_20260908_1053_多火点与余热点/01_正式视频/无人机07_1581F7K3325B100AS0AG/DJI_202609081048_005/DJI_20260908105258_0001_V.MP4,DJI_20260908105258_0001_V.MP4,,,,2026-09-08 11:00:35.375,456.256..456.289,focal_len / dzoom_ratio,S=58.90/2.46,V=59.60/2.48,Original PTS interval 456.256..456.289 s (0.033 s); S state first wall time 2026-09-08 11:00:35.415; V state first wall time 2026-09-08 11:00:35.375,@raw/04_第四批_20260908_1053_多火点与余热点/01_正式视频/无人机07_1581F7K3325B100AS0AG/DJI_202609081048_005/DJI_20260908105258_0001_S.MP4
S_V_SUBTITLE_FULL_PTS_CONFLICT,high,B4,uav-07,1581F7K3325B100AS0AG,,video_visible,@raw/04_第四批_20260908_1053_多火点与余热点/01_正式视频/无人机07_1581F7K3325B100AS0AG/DJI_202609081048_005/DJI_20260908105258_0001_V.MP4,DJI_20260908105258_0001_V.MP4,,,,2026-09-08 11:00:35.409,456.289..456.323,focal_len / dzoom_ratio,S=58.30/2.43,V=58.90/2.46,Original PTS interval 456.289..456.323 s (0.034 s); S state first wall time 2026-09-08 11:00:35.444; V state first wall time 2026-09-08 11:00:35.409,@raw/04_第四批_20260908_1053_多火点与余热点/01_正式视频/无人机07_1581F7K3325B100AS0AG/DJI_202609081048_005/DJI_20260908105258_0001_S.MP4
S_V_SUBTITLE_FULL_PTS_CONFLICT,high,B4,uav-07,1581F7K3325B100AS0AG,,video_visible,@raw/04_第四批_20260908_1053_多火点与余热点/01_正式视频/无人机07_1581F7K3325B100AS0AG/DJI_202609081048_005/DJI_20260908105258_0001_V.MP4,DJI_20260908105258_0001_V.MP4,,,,2026-09-08 11:00:35.441,456.823..456.856,focal_len / dzoom_ratio,S=57.90/2.41,V=58.30/2.43,Original PTS interval 456.823..456.856 s (0.033 s); S state first wall time 2026-09-08 11:00:35.981; V state first wall time 2026-09-08 11:00:35.441,@raw/04_第四批_20260908_1053_多火点与余热点/01_正式视频/无人机07_1581F7K3325B100AS0AG/DJI_202609081048_005/DJI_20260908105258_0001_S.MP4
S_V_SUBTITLE_FULL_PTS_CONFLICT,high,B4,uav-07,1581F7K3325B100AS0AG,,video_visible,@raw/04_第四批_20260908_1053_多火点与余热点/01_正式视频/无人机07_1581F7K3325B100AS0AG/DJI_202609081048_005/DJI_20260908105258_0001_V.MP4,DJI_20260908105258_0001_V.MP4,,,,2026-09-08 11:00:35.975,456.856..456.89,focal_len / dzoom_ratio,S=57.30/2.39,V=57.90/2.41,Original PTS interval 456.856..456.89 s (0.034 s); S state first wall time 2026-09-08 11:00:36.016; V state first wall time 2026-09-08 11:00:35.975,@raw/04_第四批_20260908_1053_多火点与余热点/01_正式视频/无人机07_1581F7K3325B100AS0AG/DJI_202609081048_005/DJI_20260908105258_0001_S.MP4
S_V_SUBTITLE_FULL_PTS_CONFLICT,high,B4,uav-07,1581F7K3325B100AS0AG,,video_visible,@raw/04_第四批_20260908_1053_多火点与余热点/01_正式视频/无人机07_1581F7K3325B100AS0AG/DJI_202609081048_005/DJI_20260908105258_0001_V.MP4,DJI_20260908105258_0001_V.MP4,,,,2026-09-08 11:00:36.009,456.89..456.923,focal_len / dzoom_ratio,S=56.30/2.35,V=57.30/2.39,Original PTS interval 456.89..456.923 s (0.033 s); S state first wall time 2026-09-08 11:00:36.048; V state first wall time 2026-09-08 11:00:36.009,@raw/04_第四批_20260908_1053_多火点与余热点/01_正式视频/无人机07_1581F7K3325B100AS0AG/DJI_202609081048_005/DJI_20260908105258_0001_S.MP4
S_V_SUBTITLE_FULL_PTS_CONFLICT,high,B4,uav-07,1581F7K3325B100AS0AG,,video_visible,@raw/04_第四批_20260908_1053_多火点与余热点/01_正式视频/无人机07_1581F7K3325B100AS0AG/DJI_202609081048_005/DJI_20260908105258_0001_V.MP4,DJI_20260908105258_0001_V.MP4,,,,2026-09-08 11:00:36.041,456.923..456.957,focal_len / dzoom_ratio,S=55.40/2.31,V=56.30/2.35,Original PTS interval 456.923..456.957 s (0.034 s); S state first wall time 2026-09-08 11:00:36.080; V state first wall time 2026-09-08 11:00:36.041,@raw/04_第四批_20260908_1053_多火点与余热点/01_正式视频/无人机07_1581F7K3325B100AS0AG/DJI_202609081048_005/DJI_20260908105258_0001_S.MP4
S_V_SUBTITLE_FULL_PTS_CONFLICT,high,B4,uav-07,1581F7K3325B100AS0AG,,video_visible,@raw/04_第四批_20260908_1053_多火点与余热点/01_正式视频/无人机07_1581F7K3325B100AS0AG/DJI_202609081048_005/DJI_20260908105258_0001_V.MP4,DJI_20260908105258_0001_V.MP4,,,,2026-09-08 11:00:36.075,456.957..456.99,focal_len / dzoom_ratio,S=54.50/2.27,V=55.40/2.31,Original PTS interval 456.957..456.99 s (0.033 s); S state first wall time 2026-09-08 11:00:36.112; V state first wall time 2026-09-08 11:00:36.075,@raw/04_第四批_20260908_1053_多火点与余热点/01_正式视频/无人机07_1581F7K3325B100AS0AG/DJI_202609081048_005/DJI_20260908105258_0001_S.MP4
S_V_SUBTITLE_FULL_PTS_CONFLICT,high,B4,uav-07,1581F7K3325B100AS0AG,,video_visible,@raw/04_第四批_20260908_1053_多火点与余热点/01_正式视频/无人机07_1581F7K3325B100AS0AG/DJI_202609081048_005/DJI_20260908105258_0001_V.MP4,DJI_20260908105258_0001_V.MP4,,,,2026-09-08 11:00:36.108,456.99..457.023,focal_len / dzoom_ratio,S=53.60/2.23,V=54.50/2.27,Original PTS interval 456.99..457.023 s (0.033 s); S state first wall time 2026-09-08 11:00:36.145; V state first wall time 2026-09-08 11:00:36.108,@raw/04_第四批_20260908_1053_多火点与余热点/01_正式视频/无人机07_1581F7K3325B100AS0AG/DJI_202609081048_005/DJI_20260908105258_0001_S.MP4
S_V_SUBTITLE_FULL_PTS_CONFLICT,high,B4,uav-07,1581F7K3325B100AS0AG,,video_visible,@raw/04_第四批_20260908_1053_多火点与余热点/01_正式视频/无人机07_1581F7K3325B100AS0AG/DJI_202609081048_005/DJI_20260908105258_0001_V.MP4,DJI_20260908105258_0001_V.MP4,,,,2026-09-08 11:00:36.142,844.177..844.21,focal_len / dzoom_ratio,S=24.00/1.00,V=53.60/2.23,Original PTS interval 844.177..844.21 s (0.033 s); S state first wall time 2026-09-08 11:07:03.344; V state first wall time 2026-09-08 11:00:36.142,@raw/04_第四批_20260908_1053_多火点与余热点/01_正式视频/无人机07_1581F7K3325B100AS0AG/DJI_202609081048_005/DJI_20260908105258_0001_S.MP4
S_V_SUBTITLE_FULL_PTS_CONFLICT,high,B4,uav-08,1581F7K3C256N00DCP1T,,video_visible,@raw/04_第四批_20260908_1053_多火点与余热点/01_正式视频/无人机08_1581F7K3C256N00DCP1T/DJI_202609081036_005/DJI_20260908105257_0001_V.MP4,DJI_20260908105257_0001_V.MP4,,,,2026-09-08 10:52:57.710,25.759..28.592,focal_len / dzoom_ratio,S=52.70/1.00,V=24.00/1.00,Original PTS interval 25.759..28.592 s (2.833 s); S state first wall time 2026-09-08 10:53:23.282; V state first wall time 2026-09-08 10:52:57.710,@raw/04_第四批_20260908_1053_多火点与余热点/01_正式视频/无人机08_1581F7K3C256N00DCP1T/DJI_202609081036_005/DJI_20260908105257_0001_S.MP4
S_V_SUBTITLE_FULL_PTS_CONFLICT,high,B4,uav-08,1581F7K3C256N00DCP1T,,video_visible,@raw/04_第四批_20260908_1053_多火点与余热点/01_正式视频/无人机08_1581F7K3C256N00DCP1T/DJI_202609081036_005/DJI_20260908105257_0001_V.MP4,DJI_20260908105257_0001_V.MP4,,,,2026-09-08 10:52:57.710,78.008..80.408,focal_len / dzoom_ratio,S=52.70/1.00,V=24.00/1.00,Original PTS interval 78.008..80.408 s (2.4 s); S state first wall time 2026-09-08 10:54:15.510; V state first wall time 2026-09-08 10:52:57.710,@raw/04_第四批_20260908_1053_多火点与余热点/01_正式视频/无人机08_1581F7K3C256N00DCP1T/DJI_202609081036_005/DJI_20260908105257_0001_S.MP4
S_V_SUBTITLE_FULL_PTS_CONFLICT,high,B4,uav-08,1581F7K3C256N00DCP1T,,video_visible,@raw/04_第四批_20260908_1053_多火点与余热点/01_正式视频/无人机08_1581F7K3C256N00DCP1T/DJI_202609081036_005/DJI_20260908105257_0001_V.MP4,DJI_20260908105257_0001_V.MP4,,,,2026-09-08 10:52:57.710,91.887..98.653,focal_len / dzoom_ratio,S=52.70/1.00,V=24.00/1.00,Original PTS interval 91.887..98.653 s (6.766 s); S state first wall time 2026-09-08 10:54:29.414; V state first wall time 2026-09-08 10:52:57.710,@raw/04_第四批_20260908_1053_多火点与余热点/01_正式视频/无人机08_1581F7K3C256N00DCP1T/DJI_202609081036_005/DJI_20260908105257_0001_S.MP4
S_V_SUBTITLE_FULL_PTS_CONFLICT,high,B4,uav-08,1581F7K3C256N00DCP1T,,video_visible,@raw/04_第四批_20260908_1053_多火点与余热点/01_正式视频/无人机08_1581F7K3C256N00DCP1T/DJI_202609081036_005/DJI_20260908105257_0001_V.MP4,DJI_20260908105257_0001_V.MP4,,,,2026-09-08 10:52:57.710,128.45..148.383,focal_len / dzoom_ratio,S=52.70/1.00,V=24.00/1.00,Original PTS interval 128.45..148.383 s (19.933 s); S state first wall time 2026-09-08 10:55:05.992; V state first wall time 2026-09-08 10:52:57.710,@raw/04_第四批_20260908_1053_多火点与余热点/01_正式视频/无人机08_1581F7K3C256N00DCP1T/DJI_202609081036_005/DJI_20260908105257_0001_S.MP4
S_V_SUBTITLE_FULL_PTS_CONFLICT,high,B4,uav-08,1581F7K3C256N00DCP1T,,video_visible,@raw/04_第四批_20260908_1053_多火点与余热点/01_正式视频/无人机08_1581F7K3C256N00DCP1T/DJI_202609081036_005/DJI_20260908105257_0001_V.MP4,DJI_20260908105257_0001_V.MP4,,,,2026-09-08 10:52:57.710,151.653..154.42,focal_len / dzoom_ratio,S=52.70/1.00,V=24.00/1.00,Original PTS interval 151.653..154.42 s (2.767 s); S state first wall time 2026-09-08 10:55:29.221; V state first wall time 2026-09-08 10:52:57.710,@raw/04_第四批_20260908_1053_多火点与余热点/01_正式视频/无人机08_1581F7K3C256N00DCP1T/DJI_202609081036_005/DJI_20260908105257_0001_S.MP4
S_V_SUBTITLE_FULL_PTS_CONFLICT,high,B4,uav-08,1581F7K3C256N00DCP1T,,video_visible,@raw/04_第四批_20260908_1053_多火点与余热点/01_正式视频/无人机08_1581F7K3C256N00DCP1T/DJI_202609081036_005/DJI_20260908105257_0001_V.MP4,DJI_20260908105257_0001_V.MP4,,,,2026-09-08 10:52:57.710,170.369..187.936,focal_len / dzoom_ratio,S=52.70/1.00,V=24.00/1.00,Original PTS interval 170.369..187.936 s (17.567 s); S state first wall time 2026-09-08 10:55:47.962; V state first wall time 2026-09-08 10:52:57.710,@raw/04_第四批_20260908_1053_多火点与余热点/01_正式视频/无人机08_1581F7K3C256N00DCP1T/DJI_202609081036_005/DJI_20260908105257_0001_S.MP4
S_V_SUBTITLE_FULL_PTS_CONFLICT,high,B4,uav-08,1581F7K3C256N00DCP1T,,video_visible,@raw/04_第四批_20260908_1053_多火点与余热点/01_正式视频/无人机08_1581F7K3C256N00DCP1T/DJI_202609081036_005/DJI_20260908105257_0001_V.MP4,DJI_20260908105257_0001_V.MP4,,,,2026-09-08 10:52:57.710,190.738..193.972,focal_len / dzoom_ratio,S=52.70/1.00,V=24.00/1.00,Original PTS interval 190.738..193.972 s (3.234 s); S state first wall time 2026-09-08 10:56:08.356; V state first wall time 2026-09-08 10:52:57.710,@raw/04_第四批_20260908_1053_多火点与余热点/01_正式视频/无人机08_1581F7K3C256N00DCP1T/DJI_202609081036_005/DJI_20260908105257_0001_S.MP4
S_V_SUBTITLE_FULL_PTS_CONFLICT,high,B4,uav-08,1581F7K3C256N00DCP1T,,video_visible,@raw/04_第四批_20260908_1053_多火点与余热点/01_正式视频/无人机08_1581F7K3C256N00DCP1T/DJI_202609081036_005/DJI_20260908105257_0001_V.MP4,DJI_20260908105257_0001_V.MP4,,,,2026-09-08 10:52:57.710,325.036..328.236,focal_len / dzoom_ratio,S=52.70/1.00,V=24.00/1.00,Original PTS interval 325.036..328.236 s (3.2 s); S state first wall time 2026-09-08 10:58:22.654; V state first wall time 2026-09-08 10:52:57.710,@raw/04_第四批_20260908_1053_多火点与余热点/01_正式视频/无人机08_1581F7K3C256N00DCP1T/DJI_202609081036_005/DJI_20260908105257_0001_S.MP4
S_V_SUBTITLE_FULL_PTS_CONFLICT,high,B4,uav-08,1581F7K3C256N00DCP1T,,video_visible,@raw/04_第四批_20260908_1053_多火点与余热点/01_正式视频/无人机08_1581F7K3C256N00DCP1T/DJI_202609081036_005/DJI_20260908105257_0001_V.MP4,DJI_20260908105257_0001_V.MP4,,,,2026-09-08 10:52:57.710,329.003..330.57,focal_len / dzoom_ratio,S=52.70/1.00,V=24.00/1.00,Original PTS interval 329.003..330.57 s (1.567 s); S state first wall time 2026-09-08 10:58:26.622; V state first wall time 2026-09-08 10:52:57.710,@raw/04_第四批_20260908_1053_多火点与余热点/01_正式视频/无人机08_1581F7K3C256N00DCP1T/DJI_202609081036_005/DJI_20260908105257_0001_S.MP4
S_V_SUBTITLE_FULL_PTS_CONFLICT,high,B4,uav-08,1581F7K3C256N00DCP1T,,video_visible,@raw/04_第四批_20260908_1053_多火点与余热点/01_正式视频/无人机08_1581F7K3C256N00DCP1T/DJI_202609081036_005/DJI_20260908105257_0001_V.MP4,DJI_20260908105257_0001_V.MP4,,,,2026-09-08 10:52:57.710,331.604..593.938,focal_len / dzoom_ratio,S=52.70/1.00,V=24.00/1.00,Original PTS interval 331.604..593.938 s (262.334 s); S state first wall time 2026-09-08 10:58:29.223; V state first wall time 2026-09-08 10:52:57.710,@raw/04_第四批_20260908_1053_多火点与余热点/01_正式视频/无人机08_1581F7K3C256N00DCP1T/DJI_202609081036_005/DJI_20260908105257_0001_S.MP4
S_V_SUBTITLE_FULL_PTS_CONFLICT,high,B4,uav-08,1581F7K3C256N00DCP1T,,video_visible,@raw/04_第四批_20260908_1053_多火点与余热点/01_正式视频/无人机08_1581F7K3C256N00DCP1T/DJI_202609081036_005/DJI_20260908105257_0001_V.MP4,DJI_20260908105257_0001_V.MP4,,,,2026-09-08 10:52:57.710,744.388..748.121,focal_len / dzoom_ratio,S=52.70/1.00,V=24.00/1.00,Original PTS interval 744.388..748.121 s (3.733 s); S state first wall time 2026-09-08 11:05:22.038; V state first wall time 2026-09-08 10:52:57.710,@raw/04_第四批_20260908_1053_多火点与余热点/01_正式视频/无人机08_1581F7K3C256N00DCP1T/DJI_202609081036_005/DJI_20260908105257_0001_S.MP4
S_V_SUBTITLE_FULL_PTS_CONFLICT,high,B4,uav-09,1581F7K3C24CS00AX535,,video_visible,@raw/04_第四批_20260908_1053_多火点与余热点/01_正式视频/无人机09_1581F7K3C24CS00AX535/DJI_202609081039_006/DJI_20260908105258_0002_V.MP4,DJI_20260908105258_0002_V.MP4,,,,2026-09-08 10:52:58.935,30.197..33.297,focal_len / dzoom_ratio,S=52.70/1.00,V=54.60/2.28,Original PTS interval 30.197..33.297 s (3.1 s); S state first wall time 2026-09-08 10:53:29.116; V state first wall time 2026-09-08 10:52:58.935,@raw/04_第四批_20260908_1053_多火点与余热点/01_正式视频/无人机09_1581F7K3C24CS00AX535/DJI_202609081039_006/DJI_20260908105258_0002_S.MP4
S_V_SUBTITLE_FULL_PTS_CONFLICT,high,B4,uav-09,1581F7K3C24CS00AX535,,video_visible,@raw/04_第四批_20260908_1053_多火点与余热点/01_正式视频/无人机09_1581F7K3C24CS00AX535/DJI_202609081039_006/DJI_20260908105258_0002_V.MP4,DJI_20260908105258_0002_V.MP4,,,,2026-09-08 10:52:58.935,70.934..75.168,focal_len / dzoom_ratio,S=52.70/1.00,V=54.60/2.28,Original PTS interval 70.934..75.168 s (4.234 s); S state first wall time 2026-09-08 10:54:09.850; V state first wall time 2026-09-08 10:52:58.935,@raw/04_第四批_20260908_1053_多火点与余热点/01_正式视频/无人机09_1581F7K3C24CS00AX535/DJI_202609081039_006/DJI_20260908105258_0002_S.MP4
S_V_SUBTITLE_FULL_PTS_CONFLICT,high,B4,uav-09,1581F7K3C24CS00AX535,,video_visible,@raw/04_第四批_20260908_1053_多火点与余热点/01_正式视频/无人机09_1581F7K3C24CS00AX535/DJI_202609081039_006/DJI_20260908105258_0002_V.MP4,DJI_20260908105258_0002_V.MP4,,,,2026-09-08 10:52:58.935,76.135..77.835,focal_len / dzoom_ratio,S=52.70/1.00,V=54.60/2.28,Original PTS interval 76.135..77.835 s (1.7 s); S state first wall time 2026-09-08 10:54:15.057; V state first wall time 2026-09-08 10:52:58.935,@raw/04_第四批_20260908_1053_多火点与余热点/01_正式视频/无人机09_1581F7K3C24CS00AX535/DJI_202609081039_006/DJI_20260908105258_0002_S.MP4
S_V_SUBTITLE_FULL_PTS_CONFLICT,high,B4,uav-09,1581F7K3C24CS00AX535,,video_visible,@raw/04_第四批_20260908_1053_多火点与余热点/01_正式视频/无人机09_1581F7K3C24CS00AX535/DJI_202609081039_006/DJI_20260908105258_0002_V.MP4,DJI_20260908105258_0002_V.MP4,,,,2026-09-08 10:52:58.935,91.149..93.682,focal_len / dzoom_ratio,S=52.70/1.00,V=54.60/2.28,Original PTS interval 91.149..93.682 s (2.533 s); S state first wall time 2026-09-08 10:54:30.048; V state first wall time 2026-09-08 10:52:58.935,@raw/04_第四批_20260908_1053_多火点与余热点/01_正式视频/无人机09_1581F7K3C24CS00AX535/DJI_202609081039_006/DJI_20260908105258_0002_S.MP4
S_V_SUBTITLE_FULL_PTS_CONFLICT,high,B4,uav-09,1581F7K3C24CS00AX535,,video_visible,@raw/04_第四批_20260908_1053_多火点与余热点/01_正式视频/无人机09_1581F7K3C24CS00AX535/DJI_202609081039_006/DJI_20260908105258_0002_V.MP4,DJI_20260908105258_0002_V.MP4,,,,2026-09-08 10:52:58.935,252.941..254.974,focal_len / dzoom_ratio,S=52.70/1.00,V=54.60/2.28,Original PTS interval 252.941..254.974 s (2.033 s); S state first wall time 2026-09-08 10:57:11.858; V state first wall time 2026-09-08 10:52:58.935,@raw/04_第四批_20260908_1053_多火点与余热点/01_正式视频/无人机09_1581F7K3C24CS00AX535/DJI_202609081039_006/DJI_20260908105258_0002_S.MP4
S_V_SUBTITLE_FULL_PTS_CONFLICT,high,B4,uav-09,1581F7K3C24CS00AX535,,video_visible,@raw/04_第四批_20260908_1053_多火点与余热点/01_正式视频/无人机09_1581F7K3C24CS00AX535/DJI_202609081039_006/DJI_20260908105258_0002_V.MP4,DJI_20260908105258_0002_V.MP4,,,,2026-09-08 10:52:58.935,460.48..462.713,focal_len / dzoom_ratio,S=52.70/1.00,V=54.60/2.28,Original PTS interval 460.48..462.713 s (2.233 s); S state first wall time 2026-09-08 11:00:39.398; V state first wall time 2026-09-08 10:52:58.935,@raw/04_第四批_20260908_1053_多火点与余热点/01_正式视频/无人机09_1581F7K3C24CS00AX535/DJI_202609081039_006/DJI_20260908105258_0002_S.MP4
S_V_SUBTITLE_FULL_PTS_CONFLICT,high,B4,uav-09,1581F7K3C24CS00AX535,,video_visible,@raw/04_第四批_20260908_1053_多火点与余热点/01_正式视频/无人机09_1581F7K3C24CS00AX535/DJI_202609081039_006/DJI_20260908105258_0002_V.MP4,DJI_20260908105258_0002_V.MP4,,,,2026-09-08 10:52:58.935,527.111..528.511,focal_len / dzoom_ratio,S=52.70/1.00,V=54.60/2.28,Original PTS interval 527.111..528.511 s (1.4 s); S state first wall time 2026-09-08 11:01:46.065; V state first wall time 2026-09-08 10:52:58.935,@raw/04_第四批_20260908_1053_多火点与余热点/01_正式视频/无人机09_1581F7K3C24CS00AX535/DJI_202609081039_006/DJI_20260908105258_0002_S.MP4
S_V_SUBTITLE_FULL_PTS_CONFLICT,high,B4,uav-09,1581F7K3C24CS00AX535,,video_visible,@raw/04_第四批_20260908_1053_多火点与余热点/01_正式视频/无人机09_1581F7K3C24CS00AX535/DJI_202609081039_006/DJI_20260908105258_0002_V.MP4,DJI_20260908105258_0002_V.MP4,,,,2026-09-08 10:52:58.935,800.549..801.849,focal_len / dzoom_ratio,S=52.70/1.00,V=54.60/2.28,Original PTS interval 800.549..801.849 s (1.3 s); S state first wall time 2026-09-08 11:06:19.473; V state first wall time 2026-09-08 10:52:58.935,@raw/04_第四批_20260908_1053_多火点与余热点/01_正式视频/无人机09_1581F7K3C24CS00AX535/DJI_202609081039_006/DJI_20260908105258_0002_S.MP4
S_V_SUBTITLE_FULL_PTS_CONFLICT,high,B90,uav-01,1581F7K3C251800CYBVP,,video_visible,@raw/90_短视频_试拍_补拍/无人机01_1581F7K3C251800CYBVP/DJI_202609080945_004/DJI_20260908100604_0001_V.MP4,DJI_20260908100604_0001_V.MP4,,,,2026-09-08 10:06:04.818,10.477..13.977,focal_len / dzoom_ratio,S=52.70/1.00,V=54.10/2.25,Original PTS interval 10.477..13.977 s (3.5 s); S state first wall time 2026-09-08 10:06:15.175; V state first wall time 2026-09-08 10:06:04.818,@raw/90_短视频_试拍_补拍/无人机01_1581F7K3C251800CYBVP/DJI_202609080945_004/DJI_20260908100604_0001_S.MP4
S_V_SUBTITLE_FULL_PTS_CONFLICT,high,B90,uav-01,1581F7K3C251800CYBVP,,video_visible,@raw/90_短视频_试拍_补拍/无人机01_1581F7K3C251800CYBVP/DJI_202609080945_004/DJI_20260908100604_0001_V.MP4,DJI_20260908100604_0001_V.MP4,,,,2026-09-08 10:08:13.176,128.395..128.428,focal_len / dzoom_ratio,S=54.10/2.25,V=53.70/2.24,Original PTS interval 128.395..128.428 s (0.033 s); S state first wall time 2026-09-08 10:06:18.664; V state first wall time 2026-09-08 10:08:13.176,@raw/90_短视频_试拍_补拍/无人机01_1581F7K3C251800CYBVP/DJI_202609080945_004/DJI_20260908100604_0001_S.MP4
S_V_SUBTITLE_FULL_PTS_CONFLICT,high,B90,uav-01,1581F7K3C251800CYBVP,,video_visible,@raw/90_短视频_试拍_补拍/无人机01_1581F7K3C251800CYBVP/DJI_202609080945_004/DJI_20260908100604_0001_V.MP4,DJI_20260908100604_0001_V.MP4,,,,2026-09-08 10:08:13.206,128.428..128.462,focal_len / dzoom_ratio,S=54.10/2.25,V=53.00/2.21,Original PTS interval 128.428..128.462 s (0.034 s); S state first wall time 2026-09-08 10:06:18.664; V state first wall time 2026-09-08 10:08:13.206,@raw/90_短视频_试拍_补拍/无人机01_1581F7K3C251800CYBVP/DJI_202609080945_004/DJI_20260908100604_0001_S.MP4
S_V_SUBTITLE_FULL_PTS_CONFLICT,high,B90,uav-01,1581F7K3C251800CYBVP,,video_visible,@raw/90_短视频_试拍_补拍/无人机01_1581F7K3C251800CYBVP/DJI_202609080945_004/DJI_20260908100604_0001_V.MP4,DJI_20260908100604_0001_V.MP4,,,,2026-09-08 10:08:13.240,128.462..128.492,focal_len / dzoom_ratio,S=54.10/2.25,V=52.10/2.17,Original PTS interval 128.462..128.492 s (0.03 s); S state first wall time 2026-09-08 10:06:18.664; V state first wall time 2026-09-08 10:08:13.240,@raw/90_短视频_试拍_补拍/无人机01_1581F7K3C251800CYBVP/DJI_202609080945_004/DJI_20260908100604_0001_S.MP4
S_V_SUBTITLE_FULL_PTS_CONFLICT,high,B90,uav-01,1581F7K3C251800CYBVP,,video_visible,@raw/90_短视频_试拍_补拍/无人机01_1581F7K3C251800CYBVP/DJI_202609080945_004/DJI_20260908100604_0001_V.MP4,DJI_20260908100604_0001_V.MP4,,,,2026-09-08 10:08:13.240,128.492..128.495,focal_len / dzoom_ratio,S=53.70/2.24,V=52.10/2.17,Original PTS interval 128.492..128.495 s (0.003 s); S state first wall time 2026-09-08 10:08:13.183; V state first wall time 2026-09-08 10:08:13.240,@raw/90_短视频_试拍_补拍/无人机01_1581F7K3C251800CYBVP/DJI_202609080945_004/DJI_20260908100604_0001_S.MP4
S_V_SUBTITLE_FULL_PTS_CONFLICT,high,B90,uav-01,1581F7K3C251800CYBVP,,video_visible,@raw/90_短视频_试拍_补拍/无人机01_1581F7K3C251800CYBVP/DJI_202609080945_004/DJI_20260908100604_0001_V.MP4,DJI_20260908100604_0001_V.MP4,,,,2026-09-08 10:08:13.274,128.495..128.525,focal_len / dzoom_ratio,S=53.70/2.24,V=51.20/2.13,Original PTS interval 128.495..128.525 s (0.03 s); S state first wall time 2026-09-08 10:08:13.183; V state first wall time 2026-09-08 10:08:13.274,@raw/90_短视频_试拍_补拍/无人机01_1581F7K3C251800CYBVP/DJI_202609080945_004/DJI_20260908100604_0001_S.MP4
S_V_SUBTITLE_FULL_PTS_CONFLICT,high,B90,uav-01,1581F7K3C251800CYBVP,,video_visible,@raw/90_短视频_试拍_补拍/无人机01_1581F7K3C251800CYBVP/DJI_202609080945_004/DJI_20260908100604_0001_V.MP4,DJI_20260908100604_0001_V.MP4,,,,2026-09-08 10:08:13.274,128.525..128.528,focal_len / dzoom_ratio,S=53.00/2.21,V=51.20/2.13,Original PTS interval 128.525..128.528 s (0.003 s); S state first wall time 2026-09-08 10:08:13.209; V state first wall time 2026-09-08 10:08:13.274,@raw/90_短视频_试拍_补拍/无人机01_1581F7K3C251800CYBVP/DJI_202609080945_004/DJI_20260908100604_0001_S.MP4
S_V_SUBTITLE_FULL_PTS_CONFLICT,high,B90,uav-01,1581F7K3C251800CYBVP,,video_visible,@raw/90_短视频_试拍_补拍/无人机01_1581F7K3C251800CYBVP/DJI_202609080945_004/DJI_20260908100604_0001_V.MP4,DJI_20260908100604_0001_V.MP4,,,,2026-09-08 10:08:13.307,128.528..128.558,focal_len / dzoom_ratio,S=53.00/2.21,V=50.40/2.10,Original PTS interval 128.528..128.558 s (0.03 s); S state first wall time 2026-09-08 10:08:13.209; V state first wall time 2026-09-08 10:08:13.307,@raw/90_短视频_试拍_补拍/无人机01_1581F7K3C251800CYBVP/DJI_202609080945_004/DJI_20260908100604_0001_S.MP4
S_V_SUBTITLE_FULL_PTS_CONFLICT,high,B90,uav-01,1581F7K3C251800CYBVP,,video_visible,@raw/90_短视频_试拍_补拍/无人机01_1581F7K3C251800CYBVP/DJI_202609080945_004/DJI_20260908100604_0001_V.MP4,DJI_20260908100604_0001_V.MP4,,,,2026-09-08 10:08:13.307,128.558..128.562,focal_len / dzoom_ratio,S=52.10/2.17,V=50.40/2.10,Original PTS interval 128.558..128.562 s (0.004 s); S state first wall time 2026-09-08 10:08:13.248; V state first wall time 2026-09-08 10:08:13.307,@raw/90_短视频_试拍_补拍/无人机01_1581F7K3C251800CYBVP/DJI_202609080945_004/DJI_20260908100604_0001_S.MP4
S_V_SUBTITLE_FULL_PTS_CONFLICT,high,B90,uav-01,1581F7K3C251800CYBVP,,video_visible,@raw/90_短视频_试拍_补拍/无人机01_1581F7K3C251800CYBVP/DJI_202609080945_004/DJI_20260908100604_0001_V.MP4,DJI_20260908100604_0001_V.MP4,,,,2026-09-08 10:08:13.339,128.562..128.592,focal_len / dzoom_ratio,S=52.10/2.17,V=49.50/2.06,Original PTS interval 128.562..128.592 s (0.03 s); S state first wall time 2026-09-08 10:08:13.248; V state first wall time 2026-09-08 10:08:13.339,@raw/90_短视频_试拍_补拍/无人机01_1581F7K3C251800CYBVP/DJI_202609080945_004/DJI_20260908100604_0001_S.MP4
S_V_SUBTITLE_FULL_PTS_CONFLICT,high,B90,uav-01,1581F7K3C251800CYBVP,,video_visible,@raw/90_短视频_试拍_补拍/无人机01_1581F7K3C251800CYBVP/DJI_202609080945_004/DJI_20260908100604_0001_V.MP4,DJI_20260908100604_0001_V.MP4,,,,2026-09-08 10:08:13.339,128.592..128.595,focal_len / dzoom_ratio,S=51.20/2.13,V=49.50/2.06,Original PTS interval 128.592..128.595 s (0.003 s); S state first wall time 2026-09-08 10:08:13.278; V state first wall time 2026-09-08 10:08:13.339,@raw/90_短视频_试拍_补拍/无人机01_1581F7K3C251800CYBVP/DJI_202609080945_004/DJI_20260908100604_0001_S.MP4
S_V_SUBTITLE_FULL_PTS_CONFLICT,high,B90,uav-01,1581F7K3C251800CYBVP,,video_visible,@raw/90_短视频_试拍_补拍/无人机01_1581F7K3C251800CYBVP/DJI_202609080945_004/DJI_20260908100604_0001_V.MP4,DJI_20260908100604_0001_V.MP4,,,,2026-09-08 10:08:13.373,128.595..128.625,focal_len / dzoom_ratio,S=51.20/2.13,V=48.70/2.03,Original PTS interval 128.595..128.625 s (0.03 s); S state first wall time 2026-09-08 10:08:13.278; V state first wall time 2026-09-08 10:08:13.373,@raw/90_短视频_试拍_补拍/无人机01_1581F7K3C251800CYBVP/DJI_202609080945_004/DJI_20260908100604_0001_S.MP4
S_V_SUBTITLE_FULL_PTS_CONFLICT,high,B90,uav-01,1581F7K3C251800CYBVP,,video_visible,@raw/90_短视频_试拍_补拍/无人机01_1581F7K3C251800CYBVP/DJI_202609080945_004/DJI_20260908100604_0001_V.MP4,DJI_20260908100604_0001_V.MP4,,,,2026-09-08 10:08:13.373,128.625..128.629,focal_len / dzoom_ratio,S=50.40/2.10,V=48.70/2.03,Original PTS interval 128.625..128.629 s (0.004 s); S state first wall time 2026-09-08 10:08:13.310; V state first wall time 2026-09-08 10:08:13.373,@raw/90_短视频_试拍_补拍/无人机01_1581F7K3C251800CYBVP/DJI_202609080945_004/DJI_20260908100604_0001_S.MP4
S_V_SUBTITLE_FULL_PTS_CONFLICT,high,B90,uav-01,1581F7K3C251800CYBVP,,video_visible,@raw/90_短视频_试拍_补拍/无人机01_1581F7K3C251800CYBVP/DJI_202609080945_004/DJI_20260908100604_0001_V.MP4,DJI_20260908100604_0001_V.MP4,,,,2026-09-08 10:08:13.407,128.629..128.658,focal_len / dzoom_ratio,S=50.40/2.10,V=47.90/2.00,Original PTS interval 128.629..128.658 s (0.029 s); S state first wall time 2026-09-08 10:08:13.310; V state first wall time 2026-09-08 10:08:13.407,@raw/90_短视频_试拍_补拍/无人机01_1581F7K3C251800CYBVP/DJI_202609080945_004/DJI_20260908100604_0001_S.MP4
S_V_SUBTITLE_FULL_PTS_CONFLICT,high,B90,uav-01,1581F7K3C251800CYBVP,,video_visible,@raw/90_短视频_试拍_补拍/无人机01_1581F7K3C251800CYBVP/DJI_202609080945_004/DJI_20260908100604_0001_V.MP4,DJI_20260908100604_0001_V.MP4,,,,2026-09-08 10:08:13.407,128.658..128.662,focal_len / dzoom_ratio,S=49.50/2.06,V=47.90/2.00,Original PTS interval 128.658..128.662 s (0.004 s); S state first wall time 2026-09-08 10:08:13.343; V state first wall time 2026-09-08 10:08:13.407,@raw/90_短视频_试拍_补拍/无人机01_1581F7K3C251800CYBVP/DJI_202609080945_004/DJI_20260908100604_0001_S.MP4
S_V_SUBTITLE_FULL_PTS_CONFLICT,high,B90,uav-01,1581F7K3C251800CYBVP,,video_visible,@raw/90_短视频_试拍_补拍/无人机01_1581F7K3C251800CYBVP/DJI_202609080945_004/DJI_20260908100604_0001_V.MP4,DJI_20260908100604_0001_V.MP4,,,,2026-09-08 10:08:13.439,128.662..128.692,focal_len / dzoom_ratio,S=49.50/2.06,V=47.10/1.96,Original PTS interval 128.662..128.692 s (0.03 s); S state first wall time 2026-09-08 10:08:13.343; V state first wall time 2026-09-08 10:08:13.439,@raw/90_短视频_试拍_补拍/无人机01_1581F7K3C251800CYBVP/DJI_202609080945_004/DJI_20260908100604_0001_S.MP4
S_V_SUBTITLE_FULL_PTS_CONFLICT,high,B90,uav-01,1581F7K3C251800CYBVP,,video_visible,@raw/90_短视频_试拍_补拍/无人机01_1581F7K3C251800CYBVP/DJI_202609080945_004/DJI_20260908100604_0001_V.MP4,DJI_20260908100604_0001_V.MP4,,,,2026-09-08 10:08:13.439,128.692..128.695,focal_len / dzoom_ratio,S=48.70/2.03,V=47.10/1.96,Original PTS interval 128.692..128.695 s (0.003 s); S state first wall time 2026-09-08 10:08:13.376; V state first wall time 2026-09-08 10:08:13.439,@raw/90_短视频_试拍_补拍/无人机01_1581F7K3C251800CYBVP/DJI_202609080945_004/DJI_20260908100604_0001_S.MP4
S_V_SUBTITLE_FULL_PTS_CONFLICT,high,B90,uav-01,1581F7K3C251800CYBVP,,video_visible,@raw/90_短视频_试拍_补拍/无人机01_1581F7K3C251800CYBVP/DJI_202609080945_004/DJI_20260908100604_0001_V.MP4,DJI_20260908100604_0001_V.MP4,,,,2026-09-08 10:08:13.473,128.695..128.725,focal_len / dzoom_ratio,S=48.70/2.03,V=46.30/1.93,Original PTS interval 128.695..128.725 s (0.03 s); S state first wall time 2026-09-08 10:08:13.376; V state first wall time 2026-09-08 10:08:13.473,@raw/90_短视频_试拍_补拍/无人机01_1581F7K3C251800CYBVP/DJI_202609080945_004/DJI_20260908100604_0001_S.MP4
S_V_SUBTITLE_FULL_PTS_CONFLICT,high,B90,uav-01,1581F7K3C251800CYBVP,,video_visible,@raw/90_短视频_试拍_补拍/无人机01_1581F7K3C251800CYBVP/DJI_202609080945_004/DJI_20260908100604_0001_V.MP4,DJI_20260908100604_0001_V.MP4,,,,2026-09-08 10:08:13.473,128.725..128.729,focal_len / dzoom_ratio,S=47.90/2.00,V=46.30/1.93,Original PTS interval 128.725..128.729 s (0.004 s); S state first wall time 2026-09-08 10:08:13.414; V state first wall time 2026-09-08 10:08:13.473,@raw/90_短视频_试拍_补拍/无人机01_1581F7K3C251800CYBVP/DJI_202609080945_004/DJI_20260908100604_0001_S.MP4
S_V_SUBTITLE_FULL_PTS_CONFLICT,high,B90,uav-01,1581F7K3C251800CYBVP,,video_visible,@raw/90_短视频_试拍_补拍/无人机01_1581F7K3C251800CYBVP/DJI_202609080945_004/DJI_20260908100604_0001_V.MP4,DJI_20260908100604_0001_V.MP4,,,,2026-09-08 10:08:13.506,128.729..128.758,focal_len / dzoom_ratio,S=47.90/2.00,V=45.50/1.90,Original PTS interval 128.729..128.758 s (0.029 s); S state first wall time 2026-09-08 10:08:13.414; V state first wall time 2026-09-08 10:08:13.506,@raw/90_短视频_试拍_补拍/无人机01_1581F7K3C251800CYBVP/DJI_202609080945_004/DJI_20260908100604_0001_S.MP4
S_V_SUBTITLE_FULL_PTS_CONFLICT,high,B90,uav-01,1581F7K3C251800CYBVP,,video_visible,@raw/90_短视频_试拍_补拍/无人机01_1581F7K3C251800CYBVP/DJI_202609080945_004/DJI_20260908100604_0001_V.MP4,DJI_20260908100604_0001_V.MP4,,,,2026-09-08 10:08:13.506,128.758..128.762,focal_len / dzoom_ratio,S=47.10/1.96,V=45.50/1.90,Original PTS interval 128.758..128.762 s (0.004 s); S state first wall time 2026-09-08 10:08:13.447; V state first wall time 2026-09-08 10:08:13.506,@raw/90_短视频_试拍_补拍/无人机01_1581F7K3C251800CYBVP/DJI_202609080945_004/DJI_20260908100604_0001_S.MP4
S_V_SUBTITLE_FULL_PTS_CONFLICT,high,B90,uav-01,1581F7K3C251800CYBVP,,video_visible,@raw/90_短视频_试拍_补拍/无人机01_1581F7K3C251800CYBVP/DJI_202609080945_004/DJI_20260908100604_0001_V.MP4,DJI_20260908100604_0001_V.MP4,,,,2026-09-08 10:08:13.539,128.762..128.792,focal_len / dzoom_ratio,S=47.10/1.96,V=44.80/1.87,Original PTS interval 128.762..128.792 s (0.03 s); S state first wall time 2026-09-08 10:08:13.447; V state first wall time 2026-09-08 10:08:13.539,@raw/90_短视频_试拍_补拍/无人机01_1581F7K3C251800CYBVP/DJI_202609080945_004/DJI_20260908100604_0001_S.MP4
S_V_SUBTITLE_FULL_PTS_CONFLICT,high,B90,uav-01,1581F7K3C251800CYBVP,,video_visible,@raw/90_短视频_试拍_补拍/无人机01_1581F7K3C251800CYBVP/DJI_202609080945_004/DJI_20260908100604_0001_V.MP4,DJI_20260908100604_0001_V.MP4,,,,2026-09-08 10:08:13.539,128.792..128.795,focal_len / dzoom_ratio,S=46.30/1.93,V=44.80/1.87,Original PTS interval 128.792..128.795 s (0.003 s); S state first wall time 2026-09-08 10:08:13.476; V state first wall time 2026-09-08 10:08:13.539,@raw/90_短视频_试拍_补拍/无人机01_1581F7K3C251800CYBVP/DJI_202609080945_004/DJI_20260908100604_0001_S.MP4
S_V_SUBTITLE_FULL_PTS_CONFLICT,high,B90,uav-01,1581F7K3C251800CYBVP,,video_visible,@raw/90_短视频_试拍_补拍/无人机01_1581F7K3C251800CYBVP/DJI_202609080945_004/DJI_20260908100604_0001_V.MP4,DJI_20260908100604_0001_V.MP4,,,,2026-09-08 10:08:13.573,128.795..128.825,focal_len / dzoom_ratio,S=46.30/1.93,V=44.00/1.83,Original PTS interval 128.795..128.825 s (0.03 s); S state first wall time 2026-09-08 10:08:13.476; V state first wall time 2026-09-08 10:08:13.573,@raw/90_短视频_试拍_补拍/无人机01_1581F7K3C251800CYBVP/DJI_202609080945_004/DJI_20260908100604_0001_S.MP4
S_V_SUBTITLE_FULL_PTS_CONFLICT,high,B90,uav-01,1581F7K3C251800CYBVP,,video_visible,@raw/90_短视频_试拍_补拍/无人机01_1581F7K3C251800CYBVP/DJI_202609080945_004/DJI_20260908100604_0001_V.MP4,DJI_20260908100604_0001_V.MP4,,,,2026-09-08 10:08:13.573,128.825..128.829,focal_len / dzoom_ratio,S=45.50/1.90,V=44.00/1.83,Original PTS interval 128.825..128.829 s (0.004 s); S state first wall time 2026-09-08 10:08:13.510; V state first wall time 2026-09-08 10:08:13.573,@raw/90_短视频_试拍_补拍/无人机01_1581F7K3C251800CYBVP/DJI_202609080945_004/DJI_20260908100604_0001_S.MP4
S_V_SUBTITLE_FULL_PTS_CONFLICT,high,B90,uav-01,1581F7K3C251800CYBVP,,video_visible,@raw/90_短视频_试拍_补拍/无人机01_1581F7K3C251800CYBVP/DJI_202609080945_004/DJI_20260908100604_0001_V.MP4,DJI_20260908100604_0001_V.MP4,,,,2026-09-08 10:08:13.607,128.829..128.859,focal_len / dzoom_ratio,S=45.50/1.90,V=43.30/1.80,Original PTS interval 128.829..128.859 s (0.03 s); S state first wall time 2026-09-08 10:08:13.510; V state first wall time 2026-09-08 10:08:13.607,@raw/90_短视频_试拍_补拍/无人机01_1581F7K3C251800CYBVP/DJI_202609080945_004/DJI_20260908100604_0001_S.MP4
S_V_SUBTITLE_FULL_PTS_CONFLICT,high,B90,uav-01,1581F7K3C251800CYBVP,,video_visible,@raw/90_短视频_试拍_补拍/无人机01_1581F7K3C251800CYBVP/DJI_202609080945_004/DJI_20260908100604_0001_V.MP4,DJI_20260908100604_0001_V.MP4,,,,2026-09-08 10:08:13.607,128.859..128.892,focal_len / dzoom_ratio,S=44.80/1.87,V=43.30/1.80,Original PTS interval 128.859..128.892 s (0.033 s); S state first wall time 2026-09-08 10:08:13.547; V state first wall time 2026-09-08 10:08:13.607,@raw/90_短视频_试拍_补拍/无人机01_1581F7K3C251800CYBVP/DJI_202609080945_004/DJI_20260908100604_0001_S.MP4
S_V_SUBTITLE_FULL_PTS_CONFLICT,high,B90,uav-01,1581F7K3C251800CYBVP,,video_visible,@raw/90_短视频_试拍_补拍/无人机01_1581F7K3C251800CYBVP/DJI_202609080945_004/DJI_20260908100604_0001_V.MP4,DJI_20260908100604_0001_V.MP4,,,,2026-09-08 10:08:13.607,128.892..128.925,focal_len / dzoom_ratio,S=44.00/1.83,V=43.30/1.80,Original PTS interval 128.892..128.925 s (0.033 s); S state first wall time 2026-09-08 10:08:13.581; V state first wall time 2026-09-08 10:08:13.607,@raw/90_短视频_试拍_补拍/无人机01_1581F7K3C251800CYBVP/DJI_202609080945_004/DJI_20260908100604_0001_S.MP4
S_V_SUBTITLE_FULL_PTS_CONFLICT,high,B90,uav-01,1581F7K3C251800CYBVP,,video_visible,@raw/90_短视频_试拍_补拍/无人机01_1581F7K3C251800CYBVP/DJI_202609080945_004/DJI_20260908100604_0001_V.MP4,DJI_20260908100604_0001_V.MP4,,,,2026-09-08 10:08:17.012,132.232..132.265,focal_len / dzoom_ratio,S=43.30/1.80,V=43.60/1.81,Original PTS interval 132.232..132.265 s (0.033 s); S state first wall time 2026-09-08 10:08:13.611; V state first wall time 2026-09-08 10:08:17.012,@raw/90_短视频_试拍_补拍/无人机01_1581F7K3C251800CYBVP/DJI_202609080945_004/DJI_20260908100604_0001_S.MP4
S_V_SUBTITLE_FULL_PTS_CONFLICT,high,B90,uav-01,1581F7K3C251800CYBVP,,video_visible,@raw/90_短视频_试拍_补拍/无人机01_1581F7K3C251800CYBVP/DJI_202609080945_004/DJI_20260908100604_0001_V.MP4,DJI_20260908100604_0001_V.MP4,,,,2026-09-08 10:08:17.044,132.265..132.299,focal_len / dzoom_ratio,S=43.30/1.80,V=43.80/1.83,Original PTS interval 132.265..132.299 s (0.034 s); S state first wall time 2026-09-08 10:08:13.611; V state first wall time 2026-09-08 10:08:17.044,@raw/90_短视频_试拍_补拍/无人机01_1581F7K3C251800CYBVP/DJI_202609080945_004/DJI_20260908100604_0001_S.MP4
S_V_SUBTITLE_FULL_PTS_CONFLICT,high,B90,uav-01,1581F7K3C251800CYBVP,,video_visible,@raw/90_短视频_试拍_补拍/无人机01_1581F7K3C251800CYBVP/DJI_202609080945_004/DJI_20260908100604_0001_V.MP4,DJI_20260908100604_0001_V.MP4,,,,2026-09-08 10:08:17.078,132.299..132.329,focal_len / dzoom_ratio,S=43.30/1.80,V=44.10/1.84,Original PTS interval 132.299..132.329 s (0.03 s); S state first wall time 2026-09-08 10:08:13.611; V state first wall time 2026-09-08 10:08:17.078,@raw/90_短视频_试拍_补拍/无人机01_1581F7K3C251800CYBVP/DJI_202609080945_004/DJI_20260908100604_0001_S.MP4
S_V_SUBTITLE_FULL_PTS_CONFLICT,high,B90,uav-01,1581F7K3C251800CYBVP,,video_visible,@raw/90_短视频_试拍_补拍/无人机01_1581F7K3C251800CYBVP/DJI_202609080945_004/DJI_20260908100604_0001_V.MP4,DJI_20260908100604_0001_V.MP4,,,,2026-09-08 10:08:17.078,132.329..132.332,focal_len / dzoom_ratio,S=43.60/1.81,V=44.10/1.84,Original PTS interval 132.329..132.332 s (0.003 s); S state first wall time 2026-09-08 10:08:17.017; V state first wall time 2026-09-08 10:08:17.078,@raw/90_短视频_试拍_补拍/无人机01_1581F7K3C251800CYBVP/DJI_202609080945_004/DJI_20260908100604_0001_S.MP4
S_V_SUBTITLE_FULL_PTS_CONFLICT,high,B90,uav-01,1581F7K3C251800CYBVP,,video_visible,@raw/90_短视频_试拍_补拍/无人机01_1581F7K3C251800CYBVP/DJI_202609080945_004/DJI_20260908100604_0001_V.MP4,DJI_20260908100604_0001_V.MP4,,,,2026-09-08 10:08:17.110,132.332..132.362,focal_len / dzoom_ratio,S=43.60/1.81,V=44.40/1.85,Original PTS interval 132.332..132.362 s (0.03 s); S state first wall time 2026-09-08 10:08:17.017; V state first wall time 2026-09-08 10:08:17.110,@raw/90_短视频_试拍_补拍/无人机01_1581F7K3C251800CYBVP/DJI_202609080945_004/DJI_20260908100604_0001_S.MP4
S_V_SUBTITLE_FULL_PTS_CONFLICT,high,B90,uav-01,1581F7K3C251800CYBVP,,video_visible,@raw/90_短视频_试拍_补拍/无人机01_1581F7K3C251800CYBVP/DJI_202609080945_004/DJI_20260908100604_0001_V.MP4,DJI_20260908100604_0001_V.MP4,,,,2026-09-08 10:08:17.110,132.362..132.366,focal_len / dzoom_ratio,S=43.80/1.83,V=44.40/1.85,Original PTS interval 132.362..132.366 s (0.004 s); S state first wall time 2026-09-08 10:08:17.050; V state first wall time 2026-09-08 10:08:17.110,@raw/90_短视频_试拍_补拍/无人机01_1581F7K3C251800CYBVP/DJI_202609080945_004/DJI_20260908100604_0001_S.MP4
S_V_SUBTITLE_FULL_PTS_CONFLICT,high,B90,uav-01,1581F7K3C251800CYBVP,,video_visible,@raw/90_短视频_试拍_补拍/无人机01_1581F7K3C251800CYBVP/DJI_202609080945_004/DJI_20260908100604_0001_V.MP4,DJI_20260908100604_0001_V.MP4,,,,2026-09-08 10:08:17.143,132.366..132.395,focal_len / dzoom_ratio,S=43.80/1.83,V=44.70/1.86,Original PTS interval 132.366..132.395 s (0.029 s); S state first wall time 2026-09-08 10:08:17.050; V state first wall time 2026-09-08 10:08:17.143,@raw/90_短视频_试拍_补拍/无人机01_1581F7K3C251800CYBVP/DJI_202609080945_004/DJI_20260908100604_0001_S.MP4
S_V_SUBTITLE_FULL_PTS_CONFLICT,high,B90,uav-01,1581F7K3C251800CYBVP,,video_visible,@raw/90_短视频_试拍_补拍/无人机01_1581F7K3C251800CYBVP/DJI_202609080945_004/DJI_20260908100604_0001_V.MP4,DJI_20260908100604_0001_V.MP4,,,,2026-09-08 10:08:17.143,132.395..132.399,focal_len / dzoom_ratio,S=44.10/1.84,V=44.70/1.86,Original PTS interval 132.395..132.399 s (0.004 s); S state first wall time 2026-09-08 10:08:17.084; V state first wall time 2026-09-08 10:08:17.143,@raw/90_短视频_试拍_补拍/无人机01_1581F7K3C251800CYBVP/DJI_202609080945_004/DJI_20260908100604_0001_S.MP4
S_V_SUBTITLE_FULL_PTS_CONFLICT,high,B90,uav-01,1581F7K3C251800CYBVP,,video_visible,@raw/90_短视频_试拍_补拍/无人机01_1581F7K3C251800CYBVP/DJI_202609080945_004/DJI_20260908100604_0001_V.MP4,DJI_20260908100604_0001_V.MP4,,,,2026-09-08 10:08:17.177,132.399..132.429,focal_len / dzoom_ratio,S=44.10/1.84,V=45.00/1.87,Original PTS interval 132.399..132.429 s (0.03 s); S state first wall time 2026-09-08 10:08:17.084; V state first wall time 2026-09-08 10:08:17.177,@raw/90_短视频_试拍_补拍/无人机01_1581F7K3C251800CYBVP/DJI_202609080945_004/DJI_20260908100604_0001_S.MP4
S_V_SUBTITLE_FULL_PTS_CONFLICT,high,B90,uav-01,1581F7K3C251800CYBVP,,video_visible,@raw/90_短视频_试拍_补拍/无人机01_1581F7K3C251800CYBVP/DJI_202609080945_004/DJI_20260908100604_0001_V.MP4,DJI_20260908100604_0001_V.MP4,,,,2026-09-08 10:08:17.177,132.429..132.432,focal_len / dzoom_ratio,S=44.40/1.85,V=45.00/1.87,Original PTS interval 132.429..132.432 s (0.003 s); S state first wall time 2026-09-08 10:08:17.113; V state first wall time 2026-09-08 10:08:17.177,@raw/90_短视频_试拍_补拍/无人机01_1581F7K3C251800CYBVP/DJI_202609080945_004/DJI_20260908100604_0001_S.MP4
S_V_SUBTITLE_FULL_PTS_CONFLICT,high,B90,uav-01,1581F7K3C251800CYBVP,,video_visible,@raw/90_短视频_试拍_补拍/无人机01_1581F7K3C251800CYBVP/DJI_202609080945_004/DJI_20260908100604_0001_V.MP4,DJI_20260908100604_0001_V.MP4,,,,2026-09-08 10:08:17.211,132.432..132.462,focal_len / dzoom_ratio,S=44.40/1.85,V=45.30/1.89,Original PTS interval 132.432..132.462 s (0.03 s); S state first wall time 2026-09-08 10:08:17.113; V state first wall time 2026-09-08 10:08:17.211,@raw/90_短视频_试拍_补拍/无人机01_1581F7K3C251800CYBVP/DJI_202609080945_004/DJI_20260908100604_0001_S.MP4
S_V_SUBTITLE_FULL_PTS_CONFLICT,high,B90,uav-01,1581F7K3C251800CYBVP,,video_visible,@raw/90_短视频_试拍_补拍/无人机01_1581F7K3C251800CYBVP/DJI_202609080945_004/DJI_20260908100604_0001_V.MP4,DJI_20260908100604_0001_V.MP4,,,,2026-09-08 10:08:17.211,132.462..132.466,focal_len / dzoom_ratio,S=44.70/1.86,V=45.30/1.89,Original PTS interval 132.462..132.466 s (0.004 s); S state first wall time 2026-09-08 10:08:17.147; V state first wall time 2026-09-08 10:08:17.211,@raw/90_短视频_试拍_补拍/无人机01_1581F7K3C251800CYBVP/DJI_202609080945_004/DJI_20260908100604_0001_S.MP4
S_V_SUBTITLE_FULL_PTS_CONFLICT,high,B90,uav-01,1581F7K3C251800CYBVP,,video_visible,@raw/90_短视频_试拍_补拍/无人机01_1581F7K3C251800CYBVP/DJI_202609080945_004/DJI_20260908100604_0001_V.MP4,DJI_20260908100604_0001_V.MP4,,,,2026-09-08 10:08:17.243,132.466..132.496,focal_len / dzoom_ratio,S=44.70/1.86,V=45.60/1.90,Original PTS interval 132.466..132.496 s (0.03 s); S state first wall time 2026-09-08 10:08:17.147; V state first wall time 2026-09-08 10:08:17.243,@raw/90_短视频_试拍_补拍/无人机01_1581F7K3C251800CYBVP/DJI_202609080945_004/DJI_20260908100604_0001_S.MP4
S_V_SUBTITLE_FULL_PTS_CONFLICT,high,B90,uav-01,1581F7K3C251800CYBVP,,video_visible,@raw/90_短视频_试拍_补拍/无人机01_1581F7K3C251800CYBVP/DJI_202609080945_004/DJI_20260908100604_0001_V.MP4,DJI_20260908100604_0001_V.MP4,,,,2026-09-08 10:08:17.243,132.496..132.499,focal_len / dzoom_ratio,S=45.00/1.87,V=45.60/1.90,Original PTS interval 132.496..132.499 s (0.003 s); S state first wall time 2026-09-08 10:08:17.183; V state first wall time 2026-09-08 10:08:17.243,@raw/90_短视频_试拍_补拍/无人机01_1581F7K3C251800CYBVP/DJI_202609080945_004/DJI_20260908100604_0001_S.MP4
S_V_SUBTITLE_FULL_PTS_CONFLICT,high,B90,uav-01,1581F7K3C251800CYBVP,,video_visible,@raw/90_短视频_试拍_补拍/无人机01_1581F7K3C251800CYBVP/DJI_202609080945_004/DJI_20260908100604_0001_V.MP4,DJI_20260908100604_0001_V.MP4,,,,2026-09-08 10:08:17.277,132.499..132.529,focal_len / dzoom_ratio,S=45.00/1.87,V=46.00/1.92,Original PTS interval 132.499..132.529 s (0.03 s); S state first wall time 2026-09-08 10:08:17.183; V state first wall time 2026-09-08 10:08:17.277,@raw/90_短视频_试拍_补拍/无人机01_1581F7K3C251800CYBVP/DJI_202609080945_004/DJI_20260908100604_0001_S.MP4
S_V_SUBTITLE_FULL_PTS_CONFLICT,high,B90,uav-01,1581F7K3C251800CYBVP,,video_visible,@raw/90_短视频_试拍_补拍/无人机01_1581F7K3C251800CYBVP/DJI_202609080945_004/DJI_20260908100604_0001_V.MP4,DJI_20260908100604_0001_V.MP4,,,,2026-09-08 10:08:17.277,132.529..132.532,focal_len / dzoom_ratio,S=45.30/1.89,V=46.00/1.92,Original PTS interval 132.529..132.532 s (0.003 s); S state first wall time 2026-09-08 10:08:17.217; V state first wall time 2026-09-08 10:08:17.277,@raw/90_短视频_试拍_补拍/无人机01_1581F7K3C251800CYBVP/DJI_202609080945_004/DJI_20260908100604_0001_S.MP4
S_V_SUBTITLE_FULL_PTS_CONFLICT,high,B90,uav-01,1581F7K3C251800CYBVP,,video_visible,@raw/90_短视频_试拍_补拍/无人机01_1581F7K3C251800CYBVP/DJI_202609080945_004/DJI_20260908100604_0001_V.MP4,DJI_20260908100604_0001_V.MP4,,,,2026-09-08 10:08:17.310,132.532..132.562,focal_len / dzoom_ratio,S=45.30/1.89,V=46.30/1.93,Original PTS interval 132.532..132.562 s (0.03 s); S state first wall time 2026-09-08 10:08:17.217; V state first wall time 2026-09-08 10:08:17.310,@raw/90_短视频_试拍_补拍/无人机01_1581F7K3C251800CYBVP/DJI_202609080945_004/DJI_20260908100604_0001_S.MP4
S_V_SUBTITLE_FULL_PTS_CONFLICT,high,B90,uav-01,1581F7K3C251800CYBVP,,video_visible,@raw/90_短视频_试拍_补拍/无人机01_1581F7K3C251800CYBVP/DJI_202609080945_004/DJI_20260908100604_0001_V.MP4,DJI_20260908100604_0001_V.MP4,,,,2026-09-08 10:08:17.310,132.562..132.566,focal_len / dzoom_ratio,S=45.60/1.90,V=46.30/1.93,Original PTS interval 132.562..132.566 s (0.004 s); S state first wall time 2026-09-08 10:08:17.246; V state first wall time 2026-09-08 10:08:17.310,@raw/90_短视频_试拍_补拍/无人机01_1581F7K3C251800CYBVP/DJI_202609080945_004/DJI_20260908100604_0001_S.MP4
S_V_SUBTITLE_FULL_PTS_CONFLICT,high,B90,uav-01,1581F7K3C251800CYBVP,,video_visible,@raw/90_短视频_试拍_补拍/无人机01_1581F7K3C251800CYBVP/DJI_202609080945_004/DJI_20260908100604_0001_V.MP4,DJI_20260908100604_0001_V.MP4,,,,2026-09-08 10:08:17.343,132.566..132.596,focal_len / dzoom_ratio,S=45.60/1.90,V=46.70/1.94,Original PTS interval 132.566..132.596 s (0.03 s); S state first wall time 2026-09-08 10:08:17.246; V state first wall time 2026-09-08 10:08:17.343,@raw/90_短视频_试拍_补拍/无人机01_1581F7K3C251800CYBVP/DJI_202609080945_004/DJI_20260908100604_0001_S.MP4
S_V_SUBTITLE_FULL_PTS_CONFLICT,high,B90,uav-01,1581F7K3C251800CYBVP,,video_visible,@raw/90_短视频_试拍_补拍/无人机01_1581F7K3C251800CYBVP/DJI_202609080945_004/DJI_20260908100604_0001_V.MP4,DJI_20260908100604_0001_V.MP4,,,,2026-09-08 10:08:17.343,132.596..132.599,focal_len / dzoom_ratio,S=46.00/1.92,V=46.70/1.94,Original PTS interval 132.596..132.599 s (0.003 s); S state first wall time 2026-09-08 10:08:17.283; V state first wall time 2026-09-08 10:08:17.343,@raw/90_短视频_试拍_补拍/无人机01_1581F7K3C251800CYBVP/DJI_202609080945_004/DJI_20260908100604_0001_S.MP4
S_V_SUBTITLE_FULL_PTS_CONFLICT,high,B90,uav-01,1581F7K3C251800CYBVP,,video_visible,@raw/90_短视频_试拍_补拍/无人机01_1581F7K3C251800CYBVP/DJI_202609080945_004/DJI_20260908100604_0001_V.MP4,DJI_20260908100604_0001_V.MP4,,,,2026-09-08 10:08:17.376,132.599..132.629,focal_len / dzoom_ratio,S=46.00/1.92,V=47.00/1.96,Original PTS interval 132.599..132.629 s (0.03 s); S state first wall time 2026-09-08 10:08:17.283; V state first wall time 2026-09-08 10:08:17.376,@raw/90_短视频_试拍_补拍/无人机01_1581F7K3C251800CYBVP/DJI_202609080945_004/DJI_20260908100604_0001_S.MP4
S_V_SUBTITLE_FULL_PTS_CONFLICT,high,B90,uav-01,1581F7K3C251800CYBVP,,video_visible,@raw/90_短视频_试拍_补拍/无人机01_1581F7K3C251800CYBVP/DJI_202609080945_004/DJI_20260908100604_0001_V.MP4,DJI_20260908100604_0001_V.MP4,,,,2026-09-08 10:08:17.376,132.629..132.633,focal_len / dzoom_ratio,S=46.30/1.93,V=47.00/1.96,Original PTS interval 132.629..132.633 s (0.004 s); S state first wall time 2026-09-08 10:08:17.316; V state first wall time 2026-09-08 10:08:17.376,@raw/90_短视频_试拍_补拍/无人机01_1581F7K3C251800CYBVP/DJI_202609080945_004/DJI_20260908100604_0001_S.MP4
S_V_SUBTITLE_FULL_PTS_CONFLICT,high,B90,uav-01,1581F7K3C251800CYBVP,,video_visible,@raw/90_短视频_试拍_补拍/无人机01_1581F7K3C251800CYBVP/DJI_202609080945_004/DJI_20260908100604_0001_V.MP4,DJI_20260908100604_0001_V.MP4,,,,2026-09-08 10:08:17.411,132.633..132.662,focal_len / dzoom_ratio,S=46.30/1.93,V=47.30/1.97,Original PTS interval 132.633..132.662 s (0.029 s); S state first wall time 2026-09-08 10:08:17.316; V state first wall time 2026-09-08 10:08:17.411,@raw/90_短视频_试拍_补拍/无人机01_1581F7K3C251800CYBVP/DJI_202609080945_004/DJI_20260908100604_0001_S.MP4
S_V_SUBTITLE_FULL_PTS_CONFLICT,high,B90,uav-01,1581F7K3C251800CYBVP,,video_visible,@raw/90_短视频_试拍_补拍/无人机01_1581F7K3C251800CYBVP/DJI_202609080945_004/DJI_20260908100604_0001_V.MP4,DJI_20260908100604_0001_V.MP4,,,,2026-09-08 10:08:17.411,132.662..132.666,focal_len / dzoom_ratio,S=46.70/1.94,V=47.30/1.97,Original PTS interval 132.662..132.666 s (0.004 s); S state first wall time 2026-09-08 10:08:17.349; V state first wall time 2026-09-08 10:08:17.411,@raw/90_短视频_试拍_补拍/无人机01_1581F7K3C251800CYBVP/DJI_202609080945_004/DJI_20260908100604_0001_S.MP4
S_V_SUBTITLE_FULL_PTS_CONFLICT,high,B90,uav-01,1581F7K3C251800CYBVP,,video_visible,@raw/90_短视频_试拍_补拍/无人机01_1581F7K3C251800CYBVP/DJI_202609080945_004/DJI_20260908100604_0001_V.MP4,DJI_20260908100604_0001_V.MP4,,,,2026-09-08 10:08:17.444,132.666..132.696,focal_len / dzoom_ratio,S=46.70/1.94,V=47.60/1.98,Original PTS interval 132.666..132.696 s (0.03 s); S state first wall time 2026-09-08 10:08:17.349; V state first wall time 2026-09-08 10:08:17.444,@raw/90_短视频_试拍_补拍/无人机01_1581F7K3C251800CYBVP/DJI_202609080945_004/DJI_20260908100604_0001_S.MP4
S_V_SUBTITLE_FULL_PTS_CONFLICT,high,B90,uav-01,1581F7K3C251800CYBVP,,video_visible,@raw/90_短视频_试拍_补拍/无人机01_1581F7K3C251800CYBVP/DJI_202609080945_004/DJI_20260908100604_0001_V.MP4,DJI_20260908100604_0001_V.MP4,,,,2026-09-08 10:08:17.444,132.696..132.699,focal_len / dzoom_ratio,S=47.00/1.96,V=47.60/1.98,Original PTS interval 132.696..132.699 s (0.003 s); S state first wall time 2026-09-08 10:08:17.382; V state first wall time 2026-09-08 10:08:17.444,@raw/90_短视频_试拍_补拍/无人机01_1581F7K3C251800CYBVP/DJI_202609080945_004/DJI_20260908100604_0001_S.MP4
S_V_SUBTITLE_FULL_PTS_CONFLICT,high,B90,uav-01,1581F7K3C251800CYBVP,,video_visible,@raw/90_短视频_试拍_补拍/无人机01_1581F7K3C251800CYBVP/DJI_202609080945_004/DJI_20260908100604_0001_V.MP4,DJI_20260908100604_0001_V.MP4,,,,2026-09-08 10:08:17.479,132.699..132.729,focal_len / dzoom_ratio,S=47.00/1.96,V=47.90/1.99,Original PTS interval 132.699..132.729 s (0.03 s); S state first wall time 2026-09-08 10:08:17.382; V state first wall time 2026-09-08 10:08:17.479,@raw/90_短视频_试拍_补拍/无人机01_1581F7K3C251800CYBVP/DJI_202609080945_004/DJI_20260908100604_0001_S.MP4
S_V_SUBTITLE_FULL_PTS_CONFLICT,high,B90,uav-01,1581F7K3C251800CYBVP,,video_visible,@raw/90_短视频_试拍_补拍/无人机01_1581F7K3C251800CYBVP/DJI_202609080945_004/DJI_20260908100604_0001_V.MP4,DJI_20260908100604_0001_V.MP4,,,,2026-09-08 10:08:17.479,132.729..132.762,focal_len / dzoom_ratio,S=47.30/1.97,V=47.90/1.99,Original PTS interval 132.729..132.762 s (0.033 s); S state first wall time 2026-09-08 10:08:17.414; V state first wall time 2026-09-08 10:08:17.479,@raw/90_短视频_试拍_补拍/无人机01_1581F7K3C251800CYBVP/DJI_202609080945_004/DJI_20260908100604_0001_S.MP4
S_V_SUBTITLE_FULL_PTS_CONFLICT,high,B90,uav-01,1581F7K3C251800CYBVP,,video_visible,@raw/90_短视频_试拍_补拍/无人机01_1581F7K3C251800CYBVP/DJI_202609080945_004/DJI_20260908100604_0001_V.MP4,DJI_20260908100604_0001_V.MP4,,,,2026-09-08 10:08:17.479,132.762..132.796,focal_len / dzoom_ratio,S=47.60/1.98,V=47.90/1.99,Original PTS interval 132.762..132.796 s (0.034 s); S state first wall time 2026-09-08 10:08:17.447; V state first wall time 2026-09-08 10:08:17.479,@raw/90_短视频_试拍_补拍/无人机01_1581F7K3C251800CYBVP/DJI_202609080945_004/DJI_20260908100604_0001_S.MP4
S_V_SUBTITLE_FULL_PTS_CONFLICT,high,B90,uav-01,1581F7K3C251800CYBVP,,video_visible,@raw/90_短视频_试拍_补拍/无人机01_1581F7K3C251800CYBVP/DJI_202609080945_004/DJI_20260908100604_0001_V.MP4,DJI_20260908100604_0001_V.MP4,,,,2026-09-08 10:08:18.578,133.8..133.834,focal_len / dzoom_ratio,S=47.90/1.99,V=48.20/2.01,Original PTS interval 133.8..133.834 s (0.034 s); S state first wall time 2026-09-08 10:08:17.487; V state first wall time 2026-09-08 10:08:18.578,@raw/90_短视频_试拍_补拍/无人机01_1581F7K3C251800CYBVP/DJI_202609080945_004/DJI_20260908100604_0001_S.MP4
S_V_SUBTITLE_FULL_PTS_CONFLICT,high,B90,uav-01,1581F7K3C251800CYBVP,,video_visible,@raw/90_短视频_试拍_补拍/无人机01_1581F7K3C251800CYBVP/DJI_202609080945_004/DJI_20260908100604_0001_V.MP4,DJI_20260908100604_0001_V.MP4,,,,2026-09-08 10:08:18.611,133.834..133.867,focal_len / dzoom_ratio,S=47.90/1.99,V=48.50/2.02,Original PTS interval 133.834..133.867 s (0.033 s); S state first wall time 2026-09-08 10:08:17.487; V state first wall time 2026-09-08 10:08:18.611,@raw/90_短视频_试拍_补拍/无人机01_1581F7K3C251800CYBVP/DJI_202609080945_004/DJI_20260908100604_0001_S.MP4
S_V_SUBTITLE_FULL_PTS_CONFLICT,high,B90,uav-01,1581F7K3C251800CYBVP,,video_visible,@raw/90_短视频_试拍_补拍/无人机01_1581F7K3C251800CYBVP/DJI_202609080945_004/DJI_20260908100604_0001_V.MP4,DJI_20260908100604_0001_V.MP4,,,,2026-09-08 10:08:18.645,133.867..133.897,focal_len / dzoom_ratio,S=47.90/1.99,V=48.80/2.03,Original PTS interval 133.867..133.897 s (0.03 s); S state first wall time 2026-09-08 10:08:17.487; V state first wall time 2026-09-08 10:08:18.645,@raw/90_短视频_试拍_补拍/无人机01_1581F7K3C251800CYBVP/DJI_202609080945_004/DJI_20260908100604_0001_S.MP4
S_V_SUBTITLE_FULL_PTS_CONFLICT,high,B90,uav-01,1581F7K3C251800CYBVP,,video_visible,@raw/90_短视频_试拍_补拍/无人机01_1581F7K3C251800CYBVP/DJI_202609080945_004/DJI_20260908100604_0001_V.MP4,DJI_20260908100604_0001_V.MP4,,,,2026-09-08 10:08:18.645,133.897..133.9,focal_len / dzoom_ratio,S=48.20/2.01,V=48.80/2.03,Original PTS interval 133.897..133.9 s (0.003 s); S state first wall time 2026-09-08 10:08:18.585; V state first wall time 2026-09-08 10:08:18.645,@raw/90_短视频_试拍_补拍/无人机01_1581F7K3C251800CYBVP/DJI_202609080945_004/DJI_20260908100604_0001_S.MP4
S_V_SUBTITLE_FULL_PTS_CONFLICT,high,B90,uav-01,1581F7K3C251800CYBVP,,video_visible,@raw/90_短视频_试拍_补拍/无人机01_1581F7K3C251800CYBVP/DJI_202609080945_004/DJI_20260908100604_0001_V.MP4,DJI_20260908100604_0001_V.MP4,,,,2026-09-08 10:08:18.678,133.9..133.93,focal_len / dzoom_ratio,S=48.20/2.01,V=49.10/2.05,Original PTS interval 133.9..133.93 s (0.03 s); S state first wall time 2026-09-08 10:08:18.585; V state first wall time 2026-09-08 10:08:18.678,@raw/90_短视频_试拍_补拍/无人机01_1581F7K3C251800CYBVP/DJI_202609080945_004/DJI_20260908100604_0001_S.MP4
S_V_SUBTITLE_FULL_PTS_CONFLICT,high,B90,uav-01,1581F7K3C251800CYBVP,,video_visible,@raw/90_短视频_试拍_补拍/无人机01_1581F7K3C251800CYBVP/DJI_202609080945_004/DJI_20260908100604_0001_V.MP4,DJI_20260908100604_0001_V.MP4,,,,2026-09-08 10:08:18.678,133.93..133.934,focal_len / dzoom_ratio,S=48.50/2.02,V=49.10/2.05,Original PTS interval 133.93..133.934 s (0.004 s); S state first wall time 2026-09-08 10:08:18.614; V state first wall time 2026-09-08 10:08:18.678,@raw/90_短视频_试拍_补拍/无人机01_1581F7K3C251800CYBVP/DJI_202609080945_004/DJI_20260908100604_0001_S.MP4
S_V_SUBTITLE_FULL_PTS_CONFLICT,high,B90,uav-01,1581F7K3C251800CYBVP,,video_visible,@raw/90_短视频_试拍_补拍/无人机01_1581F7K3C251800CYBVP/DJI_202609080945_004/DJI_20260908100604_0001_V.MP4,DJI_20260908100604_0001_V.MP4,,,,2026-09-08 10:08:18.712,133.934..133.964,focal_len / dzoom_ratio,S=48.50/2.02,V=49.40/2.06,Original PTS interval 133.934..133.964 s (0.03 s); S state first wall time 2026-09-08 10:08:18.614; V state first wall time 2026-09-08 10:08:18.712,@raw/90_短视频_试拍_补拍/无人机01_1581F7K3C251800CYBVP/DJI_202609080945_004/DJI_20260908100604_0001_S.MP4
S_V_SUBTITLE_FULL_PTS_CONFLICT,high,B90,uav-01,1581F7K3C251800CYBVP,,video_visible,@raw/90_短视频_试拍_补拍/无人机01_1581F7K3C251800CYBVP/DJI_202609080945_004/DJI_20260908100604_0001_V.MP4,DJI_20260908100604_0001_V.MP4,,,,2026-09-08 10:08:18.712,133.964..133.967,focal_len / dzoom_ratio,S=48.80/2.03,V=49.40/2.06,Original PTS interval 133.964..133.967 s (0.003 s); S state first wall time 2026-09-08 10:08:18.649; V state first wall time 2026-09-08 10:08:18.712,@raw/90_短视频_试拍_补拍/无人机01_1581F7K3C251800CYBVP/DJI_202609080945_004/DJI_20260908100604_0001_S.MP4
S_V_SUBTITLE_FULL_PTS_CONFLICT,high,B90,uav-01,1581F7K3C251800CYBVP,,video_visible,@raw/90_短视频_试拍_补拍/无人机01_1581F7K3C251800CYBVP/DJI_202609080945_004/DJI_20260908100604_0001_V.MP4,DJI_20260908100604_0001_V.MP4,,,,2026-09-08 10:08:18.745,133.967..133.997,focal_len / dzoom_ratio,S=48.80/2.03,V=49.80/2.07,Original PTS interval 133.967..133.997 s (0.03 s); S state first wall time 2026-09-08 10:08:18.649; V state first wall time 2026-09-08 10:08:18.745,@raw/90_短视频_试拍_补拍/无人机01_1581F7K3C251800CYBVP/DJI_202609080945_004/DJI_20260908100604_0001_S.MP4
S_V_SUBTITLE_FULL_PTS_CONFLICT,high,B90,uav-01,1581F7K3C251800CYBVP,,video_visible,@raw/90_短视频_试拍_补拍/无人机01_1581F7K3C251800CYBVP/DJI_202609080945_004/DJI_20260908100604_0001_V.MP4,DJI_20260908100604_0001_V.MP4,,,,2026-09-08 10:08:18.745,133.997..134.001,focal_len / dzoom_ratio,S=49.10/2.05,V=49.80/2.07,Original PTS interval 133.997..134.001 s (0.004 s); S state first wall time 2026-09-08 10:08:18.681; V state first wall time 2026-09-08 10:08:18.745,@raw/90_短视频_试拍_补拍/无人机01_1581F7K3C251800CYBVP/DJI_202609080945_004/DJI_20260908100604_0001_S.MP4
S_V_SUBTITLE_FULL_PTS_CONFLICT,high,B90,uav-01,1581F7K3C251800CYBVP,,video_visible,@raw/90_短视频_试拍_补拍/无人机01_1581F7K3C251800CYBVP/DJI_202609080945_004/DJI_20260908100604_0001_V.MP4,DJI_20260908100604_0001_V.MP4,,,,2026-09-08 10:08:18.779,134.001..134.03,focal_len / dzoom_ratio,S=49.10/2.05,V=50.10/2.09,Original PTS interval 134.001..134.03 s (0.029 s); S state first wall time 2026-09-08 10:08:18.681; V state first wall time 2026-09-08 10:08:18.779,@raw/90_短视频_试拍_补拍/无人机01_1581F7K3C251800CYBVP/DJI_202609080945_004/DJI_20260908100604_0001_S.MP4
S_V_SUBTITLE_FULL_PTS_CONFLICT,high,B90,uav-01,1581F7K3C251800CYBVP,,video_visible,@raw/90_短视频_试拍_补拍/无人机01_1581F7K3C251800CYBVP/DJI_202609080945_004/DJI_20260908100604_0001_V.MP4,DJI_20260908100604_0001_V.MP4,,,,2026-09-08 10:08:18.779,134.03..134.064,focal_len / dzoom_ratio,S=49.40/2.06,V=50.10/2.09,Original PTS interval 134.03..134.064 s (0.034 s); S state first wall time 2026-09-08 10:08:18.717; V state first wall time 2026-09-08 10:08:18.779,@raw/90_短视频_试拍_补拍/无人机01_1581F7K3C251800CYBVP/DJI_202609080945_004/DJI_20260908100604_0001_S.MP4
S_V_SUBTITLE_FULL_PTS_CONFLICT,high,B90,uav-01,1581F7K3C251800CYBVP,,video_visible,@raw/90_短视频_试拍_补拍/无人机01_1581F7K3C251800CYBVP/DJI_202609080945_004/DJI_20260908100604_0001_V.MP4,DJI_20260908100604_0001_V.MP4,,,,2026-09-08 10:08:18.779,134.064..134.097,focal_len / dzoom_ratio,S=49.80/2.07,V=50.10/2.09,Original PTS interval 134.064..134.097 s (0.033 s); S state first wall time 2026-09-08 10:08:18.752; V state first wall time 2026-09-08 10:08:18.779,@raw/90_短视频_试拍_补拍/无人机01_1581F7K3C251800CYBVP/DJI_202609080945_004/DJI_20260908100604_0001_S.MP4
S_V_SUBTITLE_FULL_PTS_CONFLICT,high,B90,uav-01,1581F7K3C251800CYBVP,,video_visible,@raw/90_短视频_试拍_补拍/无人机01_1581F7K3C251800CYBVP/DJI_202609080945_004/DJI_20260908100604_0001_V.MP4,DJI_20260908100604_0001_V.MP4,,,,2026-09-08 10:08:19.279,134.501..134.534,focal_len / dzoom_ratio,S=50.10/2.09,V=50.40/2.10,Original PTS interval 134.501..134.534 s (0.033 s); S state first wall time 2026-09-08 10:08:18.782; V state first wall time 2026-09-08 10:08:19.279,@raw/90_短视频_试拍_补拍/无人机01_1581F7K3C251800CYBVP/DJI_202609080945_004/DJI_20260908100604_0001_S.MP4
S_V_SUBTITLE_FULL_PTS_CONFLICT,high,B90,uav-01,1581F7K3C251800CYBVP,,video_visible,@raw/90_短视频_试拍_补拍/无人机01_1581F7K3C251800CYBVP/DJI_202609080945_004/DJI_20260908100604_0001_V.MP4,DJI_20260908100604_0001_V.MP4,,,,2026-09-08 10:08:19.312,134.534..134.568,focal_len / dzoom_ratio,S=50.10/2.09,V=50.70/2.11,Original PTS interval 134.534..134.568 s (0.034 s); S state first wall time 2026-09-08 10:08:18.782; V state first wall time 2026-09-08 10:08:19.312,@raw/90_短视频_试拍_补拍/无人机01_1581F7K3C251800CYBVP/DJI_202609080945_004/DJI_20260908100604_0001_S.MP4
S_V_SUBTITLE_FULL_PTS_CONFLICT,high,B90,uav-01,1581F7K3C251800CYBVP,,video_visible,@raw/90_短视频_试拍_补拍/无人机01_1581F7K3C251800CYBVP/DJI_202609080945_004/DJI_20260908100604_0001_V.MP4,DJI_20260908100604_0001_V.MP4,,,,2026-09-08 10:08:19.346,134.568..134.598,focal_len / dzoom_ratio,S=50.10/2.09,V=51.10/2.13,Original PTS interval 134.568..134.598 s (0.03 s); S state first wall time 2026-09-08 10:08:18.782; V state first wall time 2026-09-08 10:08:19.346,@raw/90_短视频_试拍_补拍/无人机01_1581F7K3C251800CYBVP/DJI_202609080945_004/DJI_20260908100604_0001_S.MP4
S_V_SUBTITLE_FULL_PTS_CONFLICT,high,B90,uav-01,1581F7K3C251800CYBVP,,video_visible,@raw/90_短视频_试拍_补拍/无人机01_1581F7K3C251800CYBVP/DJI_202609080945_004/DJI_20260908100604_0001_V.MP4,DJI_20260908100604_0001_V.MP4,,,,2026-09-08 10:08:19.346,134.598..134.601,focal_len / dzoom_ratio,S=50.40/2.10,V=51.10/2.13,Original PTS interval 134.598..134.601 s (0.003 s); S state first wall time 2026-09-08 10:08:19.282; V state first wall time 2026-09-08 10:08:19.346,@raw/90_短视频_试拍_补拍/无人机01_1581F7K3C251800CYBVP/DJI_202609080945_004/DJI_20260908100604_0001_S.MP4
S_V_SUBTITLE_FULL_PTS_CONFLICT,high,B90,uav-01,1581F7K3C251800CYBVP,,video_visible,@raw/90_短视频_试拍_补拍/无人机01_1581F7K3C251800CYBVP/DJI_202609080945_004/DJI_20260908100604_0001_V.MP4,DJI_20260908100604_0001_V.MP4,,,,2026-09-08 10:08:19.379,134.601..134.631,focal_len / dzoom_ratio,S=50.40/2.10,V=51.70/2.15,Original PTS interval 134.601..134.631 s (0.03 s); S state first wall time 2026-09-08 10:08:19.282; V state first wall time 2026-09-08 10:08:19.379,@raw/90_短视频_试拍_补拍/无人机01_1581F7K3C251800CYBVP/DJI_202609080945_004/DJI_20260908100604_0001_S.MP4
S_V_SUBTITLE_FULL_PTS_CONFLICT,high,B90,uav-01,1581F7K3C251800CYBVP,,video_visible,@raw/90_短视频_试拍_补拍/无人机01_1581F7K3C251800CYBVP/DJI_202609080945_004/DJI_20260908100604_0001_V.MP4,DJI_20260908100604_0001_V.MP4,,,,2026-09-08 10:08:19.379,134.631..134.635,focal_len / dzoom_ratio,S=50.70/2.11,V=51.70/2.15,Original PTS interval 134.631..134.635 s (0.004 s); S state first wall time 2026-09-08 10:08:19.315; V state first wall time 2026-09-08 10:08:19.379,@raw/90_短视频_试拍_补拍/无人机01_1581F7K3C251800CYBVP/DJI_202609080945_004/DJI_20260908100604_0001_S.MP4
S_V_SUBTITLE_FULL_PTS_CONFLICT,high,B90,uav-01,1581F7K3C251800CYBVP,,video_visible,@raw/90_短视频_试拍_补拍/无人机01_1581F7K3C251800CYBVP/DJI_202609080945_004/DJI_20260908100604_0001_V.MP4,DJI_20260908100604_0001_V.MP4,,,,2026-09-08 10:08:19.413,134.635..134.664,focal_len / dzoom_ratio,S=50.70/2.11,V=52.20/2.18,Original PTS interval 134.635..134.664 s (0.029 s); S state first wall time 2026-09-08 10:08:19.315; V state first wall time 2026-09-08 10:08:19.413,@raw/90_短视频_试拍_补拍/无人机01_1581F7K3C251800CYBVP/DJI_202609080945_004/DJI_20260908100604_0001_S.MP4
S_V_SUBTITLE_FULL_PTS_CONFLICT,high,B90,uav-01,1581F7K3C251800CYBVP,,video_visible,@raw/90_短视频_试拍_补拍/无人机01_1581F7K3C251800CYBVP/DJI_202609080945_004/DJI_20260908100604_0001_V.MP4,DJI_20260908100604_0001_V.MP4,,,,2026-09-08 10:08:19.413,134.664..134.668,focal_len / dzoom_ratio,S=51.10/2.13,V=52.20/2.18,Original PTS interval 134.664..134.668 s (0.004 s); S state first wall time 2026-09-08 10:08:19.350; V state first wall time 2026-09-08 10:08:19.413,@raw/90_短视频_试拍_补拍/无人机01_1581F7K3C251800CYBVP/DJI_202609080945_004/DJI_20260908100604_0001_S.MP4
S_V_SUBTITLE_FULL_PTS_CONFLICT,high,B90,uav-01,1581F7K3C251800CYBVP,,video_visible,@raw/90_短视频_试拍_补拍/无人机01_1581F7K3C251800CYBVP/DJI_202609080945_004/DJI_20260908100604_0001_V.MP4,DJI_20260908100604_0001_V.MP4,,,,2026-09-08 10:08:19.447,134.668..134.698,focal_len / dzoom_ratio,S=51.10/2.13,V=52.80/2.20,Original PTS interval 134.668..134.698 s (0.03 s); S state first wall time 2026-09-08 10:08:19.350; V state first wall time 2026-09-08 10:08:19.447,@raw/90_短视频_试拍_补拍/无人机01_1581F7K3C251800CYBVP/DJI_202609080945_004/DJI_20260908100604_0001_S.MP4
S_V_SUBTITLE_FULL_PTS_CONFLICT,high,B90,uav-01,1581F7K3C251800CYBVP,,video_visible,@raw/90_短视频_试拍_补拍/无人机01_1581F7K3C251800CYBVP/DJI_202609080945_004/DJI_20260908100604_0001_V.MP4,DJI_20260908100604_0001_V.MP4,,,,2026-09-08 10:08:19.447,134.698..134.701,focal_len / dzoom_ratio,S=51.70/2.15,V=52.80/2.20,Original PTS interval 134.698..134.701 s (0.003 s); S state first wall time 2026-09-08 10:08:19.383; V state first wall time 2026-09-08 10:08:19.447,@raw/90_短视频_试拍_补拍/无人机01_1581F7K3C251800CYBVP/DJI_202609080945_004/DJI_20260908100604_0001_S.MP4
S_V_SUBTITLE_FULL_PTS_CONFLICT,high,B90,uav-01,1581F7K3C251800CYBVP,,video_visible,@raw/90_短视频_试拍_补拍/无人机01_1581F7K3C251800CYBVP/DJI_202609080945_004/DJI_20260908100604_0001_V.MP4,DJI_20260908100604_0001_V.MP4,,,,2026-09-08 10:08:19.479,134.701..134.731,focal_len / dzoom_ratio,S=51.70/2.15,V=53.30/2.22,Original PTS interval 134.701..134.731 s (0.03 s); S state first wall time 2026-09-08 10:08:19.383; V state first wall time 2026-09-08 10:08:19.479,@raw/90_短视频_试拍_补拍/无人机01_1581F7K3C251800CYBVP/DJI_202609080945_004/DJI_20260908100604_0001_S.MP4
S_V_SUBTITLE_FULL_PTS_CONFLICT,high,B90,uav-01,1581F7K3C251800CYBVP,,video_visible,@raw/90_短视频_试拍_补拍/无人机01_1581F7K3C251800CYBVP/DJI_202609080945_004/DJI_20260908100604_0001_V.MP4,DJI_20260908100604_0001_V.MP4,,,,2026-09-08 10:08:19.479,134.731..134.764,focal_len / dzoom_ratio,S=52.20/2.18,V=53.30/2.22,Original PTS interval 134.731..134.764 s (0.033 s); S state first wall time 2026-09-08 10:08:19.416; V state first wall time 2026-09-08 10:08:19.479,@raw/90_短视频_试拍_补拍/无人机01_1581F7K3C251800CYBVP/DJI_202609080945_004/DJI_20260908100604_0001_S.MP4
S_V_SUBTITLE_FULL_PTS_CONFLICT,high,B90,uav-01,1581F7K3C251800CYBVP,,video_visible,@raw/90_短视频_试拍_补拍/无人机01_1581F7K3C251800CYBVP/DJI_202609080945_004/DJI_20260908100604_0001_V.MP4,DJI_20260908100604_0001_V.MP4,,,,2026-09-08 10:08:19.479,134.764..134.798,focal_len / dzoom_ratio,S=52.80/2.20,V=53.30/2.22,Original PTS interval 134.764..134.798 s (0.034 s); S state first wall time 2026-09-08 10:08:19.453; V state first wall time 2026-09-08 10:08:19.479,@raw/90_短视频_试拍_补拍/无人机01_1581F7K3C251800CYBVP/DJI_202609080945_004/DJI_20260908100604_0001_S.MP4
S_V_SUBTITLE_FULL_PTS_CONFLICT,high,B90,uav-02,1581F7K3C267500D2DQD,,video_visible,@raw/90_短视频_试拍_补拍/无人机02_1581F7K3C267500D2DQD/DJI_202609071516_002/DJI_20260907152749_0001_V.MP4,DJI_20260907152749_0001_V.MP4,,,,2026-09-07 15:27:49.796,0.0..102.97,focal_len / dzoom_ratio,S=52.70/1.00,V=24.00/1.00,Original PTS interval 0.0..102.97 s (102.97 s); S state first wall time 2026-09-07 15:27:49.709; V state first wall time 2026-09-07 15:27:49.796,@raw/90_短视频_试拍_补拍/无人机02_1581F7K3C267500D2DQD/DJI_202609071516_002/DJI_20260907152749_0001_S.MP4
S_V_SUBTITLE_FULL_PTS_CONFLICT,high,B90,uav-02,1581F7K3C267500D2DQD,,video_visible,@raw/90_短视频_试拍_补拍/无人机02_1581F7K3C267500D2DQD/DJI_202609071534_003/DJI_20260907155619_0001_V.MP4,DJI_20260907155619_0001_V.MP4,,,,2026-09-07 15:56:19.385,4.705..4.738,focal_len / dzoom_ratio,S=52.00/2.17,V=51.70/2.15,Original PTS interval 4.705..4.738 s (0.033 s); S state first wall time 2026-09-07 15:56:24.181; V state first wall time 2026-09-07 15:56:19.385,@raw/90_短视频_试拍_补拍/无人机02_1581F7K3C267500D2DQD/DJI_202609071534_003/DJI_20260907155619_0001_S.MP4
S_V_SUBTITLE_FULL_PTS_CONFLICT,high,B90,uav-02,1581F7K3C267500D2DQD,,video_visible,@raw/90_短视频_试拍_补拍/无人机02_1581F7K3C267500D2DQD/DJI_202609071534_003/DJI_20260907155619_0001_V.MP4,DJI_20260907155619_0001_V.MP4,,,,2026-09-07 15:56:19.385,4.738..4.771,focal_len / dzoom_ratio,S=52.40/2.18,V=51.70/2.15,Original PTS interval 4.738..4.771 s (0.033 s); S state first wall time 2026-09-07 15:56:24.217; V state first wall time 2026-09-07 15:56:19.385,@raw/90_短视频_试拍_补拍/无人机02_1581F7K3C267500D2DQD/DJI_202609071534_003/DJI_20260907155619_0001_S.MP4
S_V_SUBTITLE_FULL_PTS_CONFLICT,high,B90,uav-02,1581F7K3C267500D2DQD,,video_visible,@raw/90_短视频_试拍_补拍/无人机02_1581F7K3C267500D2DQD/DJI_202609071534_003/DJI_20260907155619_0001_V.MP4,DJI_20260907155619_0001_V.MP4,,,,2026-09-07 15:56:19.385,4.771..4.805,focal_len / dzoom_ratio,S=52.70/2.20,V=51.70/2.15,Original PTS interval 4.771..4.805 s (0.034 s); S state first wall time 2026-09-07 15:56:24.247; V state first wall time 2026-09-07 15:56:19.385,@raw/90_短视频_试拍_补拍/无人机02_1581F7K3C267500D2DQD/DJI_202609071534_003/DJI_20260907155619_0001_S.MP4
S_V_SUBTITLE_FULL_PTS_CONFLICT,high,B90,uav-02,1581F7K3C267500D2DQD,,video_visible,@raw/90_短视频_试拍_补拍/无人机02_1581F7K3C267500D2DQD/DJI_202609071534_003/DJI_20260907155619_0001_V.MP4,DJI_20260907155619_0001_V.MP4,,,,2026-09-07 15:56:24.177,4.805..4.838,focal_len / dzoom_ratio,S=53.10/2.21,V=52.00/2.17,Original PTS interval 4.805..4.838 s (0.033 s); S state first wall time 2026-09-07 15:56:24.280; V state first wall time 2026-09-07 15:56:24.177,@raw/90_短视频_试拍_补拍/无人机02_1581F7K3C267500D2DQD/DJI_202609071534_003/DJI_20260907155619_0001_S.MP4
S_V_SUBTITLE_FULL_PTS_CONFLICT,high,B90,uav-02,1581F7K3C267500D2DQD,,video_visible,@raw/90_短视频_试拍_补拍/无人机02_1581F7K3C267500D2DQD/DJI_202609071534_003/DJI_20260907155619_0001_V.MP4,DJI_20260907155619_0001_V.MP4,,,,2026-09-07 15:56:24.212,4.838..4.872,focal_len / dzoom_ratio,S=53.40/2.22,V=52.40/2.18,Original PTS interval 4.838..4.872 s (0.034 s); S state first wall time 2026-09-07 15:56:24.314; V state first wall time 2026-09-07 15:56:24.212,@raw/90_短视频_试拍_补拍/无人机02_1581F7K3C267500D2DQD/DJI_202609071534_003/DJI_20260907155619_0001_S.MP4
S_V_SUBTITLE_FULL_PTS_CONFLICT,high,B90,uav-02,1581F7K3C267500D2DQD,,video_visible,@raw/90_短视频_试拍_补拍/无人机02_1581F7K3C267500D2DQD/DJI_202609071534_003/DJI_20260907155619_0001_V.MP4,DJI_20260907155619_0001_V.MP4,,,,2026-09-07 15:56:24.244,4.872..4.905,focal_len / dzoom_ratio,S=53.70/2.24,V=52.70/2.20,Original PTS interval 4.872..4.905 s (0.033 s); S state first wall time 2026-09-07 15:56:24.351; V state first wall time 2026-09-07 15:56:24.244,@raw/90_短视频_试拍_补拍/无人机02_1581F7K3C267500D2DQD/DJI_202609071534_003/DJI_20260907155619_0001_S.MP4
S_V_SUBTITLE_FULL_PTS_CONFLICT,high,B90,uav-02,1581F7K3C267500D2DQD,,video_visible,@raw/90_短视频_试拍_补拍/无人机02_1581F7K3C267500D2DQD/DJI_202609071534_003/DJI_20260907155619_0001_V.MP4,DJI_20260907155619_0001_V.MP4,,,,2026-09-07 15:56:24.277,4.905..4.938,focal_len / dzoom_ratio,S=54.10/2.25,V=53.10/2.21,Original PTS interval 4.905..4.938 s (0.033 s); S state first wall time 2026-09-07 15:56:24.381; V state first wall time 2026-09-07 15:56:24.277,@raw/90_短视频_试拍_补拍/无人机02_1581F7K3C267500D2DQD/DJI_202609071534_003/DJI_20260907155619_0001_S.MP4
S_V_SUBTITLE_FULL_PTS_CONFLICT,high,B90,uav-02,1581F7K3C267500D2DQD,,video_visible,@raw/90_短视频_试拍_补拍/无人机02_1581F7K3C267500D2DQD/DJI_202609071534_003/DJI_20260907155619_0001_V.MP4,DJI_20260907155619_0001_V.MP4,,,,2026-09-07 15:56:24.311,4.938..4.972,focal_len / dzoom_ratio,S=54.10/2.25,V=53.40/2.22,Original PTS interval 4.938..4.972 s (0.034 s); S state first wall time 2026-09-07 15:56:24.381; V state first wall time 2026-09-07 15:56:24.311,@raw/90_短视频_试拍_补拍/无人机02_1581F7K3C267500D2DQD/DJI_202609071534_003/DJI_20260907155619_0001_S.MP4
S_V_SUBTITLE_FULL_PTS_CONFLICT,high,B90,uav-02,1581F7K3C267500D2DQD,,video_visible,@raw/90_短视频_试拍_补拍/无人机02_1581F7K3C267500D2DQD/DJI_202609071534_003/DJI_20260907155619_0001_V.MP4,DJI_20260907155619_0001_V.MP4,,,,2026-09-07 15:56:24.344,4.972..5.005,focal_len / dzoom_ratio,S=54.10/2.25,V=53.70/2.24,Original PTS interval 4.972..5.005 s (0.033 s); S state first wall time 2026-09-07 15:56:24.381; V state first wall time 2026-09-07 15:56:24.344,@raw/90_短视频_试拍_补拍/无人机02_1581F7K3C267500D2DQD/DJI_202609071534_003/DJI_20260907155619_0001_S.MP4
S_V_SUBTITLE_FULL_PTS_CONFLICT,high,B90,uav-03,1581F7K3C255900D76E8,,video_visible,@raw/90_短视频_试拍_补拍/无人机03_1581F7K3C255900D76E8/DJI_202609071609_002/DJI_20260907161154_0001_V.MP4,DJI_20260907161154_0001_V.MP4,,,,2026-09-07 16:13:08.163,73.34..73.373,focal_len / dzoom_ratio,S=49.80/2.07,V=49.20/2.05,Original PTS interval 73.34..73.373 s (0.033 s); S state first wall time 2026-09-07 16:11:54.752; V state first wall time 2026-09-07 16:13:08.163,@raw/90_短视频_试拍_补拍/无人机03_1581F7K3C255900D76E8/DJI_202609071609_002/DJI_20260907161154_0001_S.MP4
S_V_SUBTITLE_FULL_PTS_CONFLICT,high,B90,uav-03,1581F7K3C255900D76E8,,video_visible,@raw/90_短视频_试拍_补拍/无人机03_1581F7K3C255900D76E8/DJI_202609071609_002/DJI_20260907161154_0001_V.MP4,DJI_20260907161154_0001_V.MP4,,,,2026-09-07 16:13:08.196,73.373..73.407,focal_len / dzoom_ratio,S=49.20/2.05,V=48.60/2.02,Original PTS interval 73.373..73.407 s (0.034 s); S state first wall time 2026-09-07 16:13:08.170; V state first wall time 2026-09-07 16:13:08.196,@raw/90_短视频_试拍_补拍/无人机03_1581F7K3C255900D76E8/DJI_202609071609_002/DJI_20260907161154_0001_S.MP4
S_V_SUBTITLE_FULL_PTS_CONFLICT,high,B90,uav-03,1581F7K3C255900D76E8,,video_visible,@raw/90_短视频_试拍_补拍/无人机03_1581F7K3C255900D76E8/DJI_202609071609_002/DJI_20260907161154_0001_V.MP4,DJI_20260907161154_0001_V.MP4,,,,2026-09-07 16:13:08.964,74.141..74.174,focal_len / dzoom_ratio,S=48.60/2.02,V=49.20/2.05,Original PTS interval 74.141..74.174 s (0.033 s); S state first wall time 2026-09-07 16:13:08.199; V state first wall time 2026-09-07 16:13:08.964,@raw/90_短视频_试拍_补拍/无人机03_1581F7K3C255900D76E8/DJI_202609071609_002/DJI_20260907161154_0001_S.MP4
S_V_SUBTITLE_FULL_PTS_CONFLICT,high,B90,uav-03,1581F7K3C255900D76E8,,video_visible,@raw/90_短视频_试拍_补拍/无人机03_1581F7K3C255900D76E8/DJI_202609071609_002/DJI_20260907161154_0001_V.MP4,DJI_20260907161154_0001_V.MP4,,,,2026-09-07 16:13:08.997,74.174..74.207,focal_len / dzoom_ratio,S=49.20/2.05,V=49.90/2.08,Original PTS interval 74.174..74.207 s (0.033 s); S state first wall time 2026-09-07 16:13:08.970; V state first wall time 2026-09-07 16:13:08.997,@raw/90_短视频_试拍_补拍/无人机03_1581F7K3C255900D76E8/DJI_202609071609_002/DJI_20260907161154_0001_S.MP4
S_V_SUBTITLE_FULL_PTS_CONFLICT,high,B90,uav-03,1581F7K3C255900D76E8,,video_visible,@raw/90_短视频_试拍_补拍/无人机03_1581F7K3C255900D76E8/DJI_202609071609_002/DJI_20260907161154_0001_V.MP4,DJI_20260907161154_0001_V.MP4,,,,2026-09-07 16:13:09.031,74.207..74.241,focal_len / dzoom_ratio,S=49.90/2.08,V=50.50/2.11,Original PTS interval 74.207..74.241 s (0.034 s); S state first wall time 2026-09-07 16:13:09.000; V state first wall time 2026-09-07 16:13:09.031,@raw/90_短视频_试拍_补拍/无人机03_1581F7K3C255900D76E8/DJI_202609071609_002/DJI_20260907161154_0001_S.MP4
S_V_SUBTITLE_FULL_PTS_CONFLICT,high,B90,uav-03,1581F7K3C255900D76E8,,video_visible,@raw/90_短视频_试拍_补拍/无人机03_1581F7K3C255900D76E8/DJI_202609071609_002/DJI_20260907161154_0001_V.MP4,DJI_20260907161154_0001_V.MP4,,,,2026-09-07 16:13:09.331,74.508..74.541,focal_len / dzoom_ratio,S=50.50/2.11,V=50.90/2.12,Original PTS interval 74.508..74.541 s (0.033 s); S state first wall time 2026-09-07 16:13:09.038; V state first wall time 2026-09-07 16:13:09.331,@raw/90_短视频_试拍_补拍/无人机03_1581F7K3C255900D76E8/DJI_202609071609_002/DJI_20260907161154_0001_S.MP4
S_V_SUBTITLE_FULL_PTS_CONFLICT,high,B90,uav-03,1581F7K3C255900D76E8,,video_visible,@raw/90_短视频_试拍_补拍/无人机03_1581F7K3C255900D76E8/DJI_202609071609_002/DJI_20260907161154_0001_V.MP4,DJI_20260907161154_0001_V.MP4,,,,2026-09-07 16:13:09.365,74.541..74.575,focal_len / dzoom_ratio,S=50.90/2.12,V=51.50/2.15,Original PTS interval 74.541..74.575 s (0.034 s); S state first wall time 2026-09-07 16:13:09.337; V state first wall time 2026-09-07 16:13:09.365,@raw/90_短视频_试拍_补拍/无人机03_1581F7K3C255900D76E8/DJI_202609071609_002/DJI_20260907161154_0001_S.MP4
S_V_SUBTITLE_FULL_PTS_CONFLICT,high,B90,uav-03,1581F7K3C255900D76E8,,video_visible,@raw/90_短视频_试拍_补拍/无人机03_1581F7K3C255900D76E8/DJI_202609071609_002/DJI_20260907161154_0001_V.MP4,DJI_20260907161154_0001_V.MP4,,,,2026-09-07 16:13:09.397,74.575..74.608,focal_len / dzoom_ratio,S=51.50/2.15,V=52.20/2.18,Original PTS interval 74.575..74.608 s (0.033 s); S state first wall time 2026-09-07 16:13:09.372; V state first wall time 2026-09-07 16:13:09.397,@raw/90_短视频_试拍_补拍/无人机03_1581F7K3C255900D76E8/DJI_202609071609_002/DJI_20260907161154_0001_S.MP4
S_V_SUBTITLE_FULL_PTS_CONFLICT,high,B90,uav-03,1581F7K3C255900D76E8,,video_visible,@raw/90_短视频_试拍_补拍/无人机03_1581F7K3C255900D76E8/DJI_202609071609_002/DJI_20260907161154_0001_V.MP4,DJI_20260907161154_0001_V.MP4,,,,2026-09-07 16:13:09.431,74.608..74.641,focal_len / dzoom_ratio,S=52.20/2.18,V=52.90/2.20,Original PTS interval 74.608..74.641 s (0.033 s); S state first wall time 2026-09-07 16:13:09.405; V state first wall time 2026-09-07 16:13:09.431,@raw/90_短视频_试拍_补拍/无人机03_1581F7K3C255900D76E8/DJI_202609071609_002/DJI_20260907161154_0001_S.MP4
S_V_SUBTITLE_FULL_PTS_CONFLICT,high,B90,uav-03,1581F7K3C255900D76E8,,video_visible,@raw/90_短视频_试拍_补拍/无人机03_1581F7K3C255900D76E8/DJI_202609071609_002/DJI_20260907161154_0001_V.MP4,DJI_20260907161154_0001_V.MP4,,,,2026-09-07 16:13:09.431,84.351..98.732,focal_len / dzoom_ratio,S=52.70/1.00,V=52.90/2.20,Original PTS interval 84.351..98.732 s (14.381 s); S state first wall time 2026-09-07 16:13:19.155; V state first wall time 2026-09-07 16:13:09.431,@raw/90_短视频_试拍_补拍/无人机03_1581F7K3C255900D76E8/DJI_202609071609_002/DJI_20260907161154_0001_S.MP4
S_V_SUBTITLE_FULL_PTS_CONFLICT,high,B90,uav-05,1581F7K3C251400CFB45,,video_visible,@raw/90_短视频_试拍_补拍/无人机05_1581F7K3C251400CFB45/DJI_202609071622_002/DJI_20260907162723_0002_V.MP4,DJI_20260907162723_0002_V.MP4,,,,2026-09-07 16:27:24.043,0.0..3.337,focal_len / dzoom_ratio,S=52.70/1.00,V=172.10/2.46,Original PTS interval 0.0..3.337 s (3.337 s); S state first wall time 2026-09-07 16:27:23.940; V state first wall time 2026-09-07 16:27:24.043,@raw/90_短视频_试拍_补拍/无人机05_1581F7K3C251400CFB45/DJI_202609071622_002/DJI_20260907162723_0002_S.MP4
S_V_SUBTITLE_FULL_PTS_CONFLICT,high,B90,uav-09,1581F7K3C24CS00AX535,,video_visible,@raw/90_短视频_试拍_补拍/无人机09_1581F7K3C24CS00AX535/DJI_202609071543_001/DJI_20260907154450_0001_V.MP4,DJI_20260907154450_0001_V.MP4,,,,2026-09-07 15:44:50.798,0.0..1.833,focal_len / dzoom_ratio,S=52.70/1.00,V=24.00/1.00,Original PTS interval 0.0..1.833 s (1.833 s); S state first wall time 2026-09-07 15:44:50.842; V state first wall time 2026-09-07 15:44:50.798,@raw/90_短视频_试拍_补拍/无人机09_1581F7K3C24CS00AX535/DJI_202609071543_001/DJI_20260907154450_0001_S.MP4
