path,batch,uav,channel,focal_len,zoom,start_pts_s,end_pts_s,start_frame,end_frame,first_subtitle_local_time,last_subtitle_local_time,frame_count
@raw/01_第一批_20260907_1602_单火点/01_正式视频/无人机01_1581F7K3C251800CYBVP/DJI_202609071553_002/DJI_20260907160207_0001_S.MP4,B1,uav-01,S,53.30,2.22,0.0,80.447,0,2411,2026-09-07 16:02:07.501,2026-09-07 16:03:27.851,2412
@raw/01_第一批_20260907_1602_单火点/01_正式视频/无人机01_1581F7K3C251800CYBVP/DJI_202609071553_002/DJI_20260907160207_0001_S.MP4,B1,uav-01,S,52.70,1.00,80.48,188.78,2412,5662,2026-09-07 16:03:27.899,2026-09-07 16:05:16.206,3250
@raw/01_第一批_20260907_1602_单火点/01_正式视频/无人机01_1581F7K3C251800CYBVP/DJI_202609071553_002/DJI_20260907160207_0001_S.MP4,B1,uav-01,S,53.30,2.22,188.814,202.094,5663,6061,2026-09-07 16:05:16.234,2026-09-07 16:05:29.512,399
@raw/01_第一批_20260907_1602_单火点/01_正式视频/无人机01_1581F7K3C251800CYBVP/DJI_202609071553_002/DJI_20260907160207_0001_S.MP4,B1,uav-01,S,52.70,1.00,202.127,339.394,6062,10181,2026-09-07 16:05:29.567,2026-09-07 16:07:46.829,4119
@raw/01_第一批_20260907_1602_单火点/01_正式视频/无人机01_1581F7K3C251800CYBVP/DJI_202609071553_002/DJI_20260907160207_0001_S.MP4,B1,uav-01,S,53.30,2.22,339.427,458.713,10182,13759,2026-09-07 16:07:46.877,2026-09-07 16:09:46.170,3576
@raw/01_第一批_20260907_1602_单火点/01_正式视频/无人机01_1581F7K3C251800CYBVP/DJI_202609071553_002/DJI_20260907160207_0001_S.MP4,B1,uav-01,S,52.70,1.00,458.746,518.446,13760,15552,2026-09-07 16:09:46.207,2026-09-07 16:10:45.903,1792
@raw/01_第一批_20260907_1602_单火点/01_正式视频/无人机01_1581F7K3C251800CYBVP/DJI_202609071553_002/DJI_20260907160207_0001_S.MP4,B1,uav-01,S,53.30,2.22,518.48,904.765,15553,27134,2026-09-07 16:10:45.958,2026-09-07 16:17:12.263,11578
@raw/01_第一批_20260907_1602_单火点/01_正式视频/无人机01_1581F7K3C251800CYBVP/DJI_202609071553_002/DJI_20260907160207_0001_V.MP4,B1,uav-01,V,53.30,2.22,0.0,904.737,0,27124,2026-09-07 16:02:07.532,2026-09-07 16:17:12.259,27116
@raw/01_第一批_20260907_1602_单火点/01_正式视频/无人机02_1581F7K3C267500D2DQD/DJI_202609071534_003/DJI_20260907160153_0005_S.MP4,B1,uav-02,S,54.10,2.25,0.0,203.07,0,6087,2026-09-07 16:01:54.080,2026-09-07 16:05:17.114,6087
@raw/01_第一批_20260907_1602_单火点/01_正式视频/无人机02_1581F7K3C267500D2DQD/DJI_202609071534_003/DJI_20260907160153_0005_S.MP4,B1,uav-02,S,52.70,1.00,203.103,210.27,6088,6303,2026-09-07 16:05:17.157,2026-09-07 16:05:24.306,216
@raw/01_第一批_20260907_1602_单火点/01_正式视频/无人机02_1581F7K3C267500D2DQD/DJI_202609071534_003/DJI_20260907160153_0005_S.MP4,B1,uav-02,S,54.10,2.25,210.303,426.385,6304,12783,2026-09-07 16:05:24.351,2026-09-07 16:09:00.476,6477
@raw/01_第一批_20260907_1602_单火点/01_正式视频/无人机02_1581F7K3C267500D2DQD/DJI_202609071534_003/DJI_20260907160153_0005_S.MP4,B1,uav-02,S,52.70,1.00,426.419,431.952,12784,12950,2026-09-07 16:09:00.526,2026-09-07 16:09:06.055,167
@raw/01_第一批_20260907_1602_单火点/01_正式视频/无人机02_1581F7K3C267500D2DQD/DJI_202609071534_003/DJI_20260907160153_0005_S.MP4,B1,uav-02,S,54.10,2.25,431.985,916.57,12951,27479,2026-09-07 16:09:06.086,2026-09-07 16:17:10.629,14524
@raw/01_第一批_20260907_1602_单火点/01_正式视频/无人机02_1581F7K3C267500D2DQD/DJI_202609071534_003/DJI_20260907160153_0005_V.MP4,B1,uav-02,V,54.10,2.25,0.0,916.582,0,27478,2026-09-07 16:01:54.072,2026-09-07 16:17:10.623,27471
@raw/01_第一批_20260907_1602_单火点/01_正式视频/无人机04_1581F7K33258900AP021/DJI_202609071553_033/DJI_20260907160203_0002_S.MP4,B1,uav-04,S,52.70,1.00,0.0,16.9,0,507,2026-09-07 16:02:03.788,2026-09-07 16:02:20.636,508
@raw/01_第一批_20260907_1602_单火点/01_正式视频/无人机04_1581F7K33258900AP021/DJI_202609071553_033/DJI_20260907160203_0002_S.MP4,B1,uav-04,S,55.30,2.30,16.933,136.82,508,4103,2026-09-07 16:02:20.663,2026-09-07 16:04:20.563,3594
@raw/01_第一批_20260907_1602_单火点/01_正式视频/无人机04_1581F7K33258900AP021/DJI_202609071553_033/DJI_20260907160203_0002_S.MP4,B1,uav-04,S,52.70,1.00,136.853,260.986,4104,7830,2026-09-07 16:04:20.608,2026-09-07 16:06:24.727,3725
@raw/01_第一批_20260907_1602_单火点/01_正式视频/无人机04_1581F7K33258900AP021/DJI_202609071553_033/DJI_20260907160203_0002_S.MP4,B1,uav-04,S,55.30,2.30,261.02,439.231,7831,13176,2026-09-07 16:06:24.748,2026-09-07 16:09:22.971,5342
@raw/01_第一批_20260907_1602_单火点/01_正式视频/无人机04_1581F7K33258900AP021/DJI_202609071553_033/DJI_20260907160203_0002_S.MP4,B1,uav-04,S,52.70,1.00,439.265,460.231,13177,13807,2026-09-07 16:09:23.009,2026-09-07 16:09:43.978,630
@raw/01_第一批_20260907_1602_单火点/01_正式视频/无人机04_1581F7K33258900AP021/DJI_202609071553_033/DJI_20260907160203_0002_S.MP4,B1,uav-04,S,55.30,2.30,460.265,462.7,13808,13881,2026-09-07 16:09:43.994,2026-09-07 16:09:46.432,74
@raw/01_第一批_20260907_1602_单火点/01_正式视频/无人机04_1581F7K33258900AP021/DJI_202609071553_033/DJI_20260907160203_0002_S.MP4,B1,uav-04,S,52.70,1.00,462.734,465.2,13882,13956,2026-09-07 16:09:46.478,2026-09-07 16:09:48.945,75
@raw/01_第一批_20260907_1602_单火点/01_正式视频/无人机04_1581F7K33258900AP021/DJI_202609071553_033/DJI_20260907160203_0002_S.MP4,B1,uav-04,S,55.30,2.30,465.234,505.607,13957,15167,2026-09-07 16:09:49.001,2026-09-07 16:10:29.372,1211
@raw/01_第一批_20260907_1602_单火点/01_正式视频/无人机04_1581F7K33258900AP021/DJI_202609071553_033/DJI_20260907160203_0002_S.MP4,B1,uav-04,S,24.00,1.00,505.641,508.877,15168,15265,2026-09-07 16:10:29.409,2026-09-07 16:10:32.649,98
@raw/01_第一批_20260907_1602_单火点/01_正式视频/无人机04_1581F7K33258900AP021/DJI_202609071553_033/DJI_20260907160203_0002_S.MP4,B1,uav-04,S,52.70,1.00,508.911,513.044,15266,15390,2026-09-07 16:10:32.683,2026-09-07 16:10:36.814,125
@raw/01_第一批_20260907_1602_单火点/01_正式视频/无人机04_1581F7K33258900AP021/DJI_202609071553_033/DJI_20260907160203_0002_S.MP4,B1,uav-04,S,55.30,2.30,513.077,569.867,15391,17093,2026-09-07 16:10:36.858,2026-09-07 16:11:33.438,1703
@raw/01_第一批_20260907_1602_单火点/01_正式视频/无人机04_1581F7K33258900AP021/DJI_202609071553_033/DJI_20260907160203_0002_S.MP4,B1,uav-04,S,52.70,1.00,569.901,571.301,17094,17136,2026-09-07 16:11:33.482,2026-09-07 16:11:34.885,43
@raw/01_第一批_20260907_1602_单火点/01_正式视频/无人机04_1581F7K33258900AP021/DJI_202609071553_033/DJI_20260907160203_0002_S.MP4,B1,uav-04,S,55.30,2.30,571.334,574.604,17137,17235,2026-09-07 16:11:34.912,2026-09-07 16:11:38.177,99
@raw/01_第一批_20260907_1602_单火点/01_正式视频/无人机04_1581F7K33258900AP021/DJI_202609071553_033/DJI_20260907160203_0002_S.MP4,B1,uav-04,S,52.70,1.00,574.637,615.504,17236,18462,2026-09-07 16:11:38.218,2026-09-07 16:12:19.089,1227
@raw/01_第一批_20260907_1602_单火点/01_正式视频/无人机04_1581F7K33258900AP021/DJI_202609071553_033/DJI_20260907160203_0002_S.MP4,B1,uav-04,S,55.30,2.30,615.537,638.594,18463,19156,2026-09-07 16:12:19.120,2026-09-07 16:12:42.160,692
@raw/01_第一批_20260907_1602_单火点/01_正式视频/无人机04_1581F7K33258900AP021/DJI_202609071553_033/DJI_20260907160203_0002_S.MP4,B1,uav-04,S,52.70,1.00,638.627,906.927,19157,27212,2026-09-07 16:12:42.176,2026-09-07 16:17:10.494,8050
@raw/01_第一批_20260907_1602_单火点/01_正式视频/无人机04_1581F7K33258900AP021/DJI_202609071553_033/DJI_20260907160203_0002_V.MP4,B1,uav-04,V,55.30,2.30,0.0,505.638,0,15165,2026-09-07 16:02:03.730,2026-09-07 16:10:29.369,15155
@raw/01_第一批_20260907_1602_单火点/01_正式视频/无人机04_1581F7K33258900AP021/DJI_202609071553_033/DJI_20260907160203_0002_V.MP4,B1,uav-04,V,24.00,1.00,505.672,512.879,15166,15382,2026-09-07 16:10:29.403,2026-09-07 16:10:36.703,217
@raw/01_第一批_20260907_1602_单火点/01_正式视频/无人机04_1581F7K33258900AP021/DJI_202609071553_033/DJI_20260907160203_0002_V.MP4,B1,uav-04,V,55.30,2.30,512.912,906.773,15383,27196,2026-09-07 16:10:36.850,2026-09-07 16:17:10.515,11805
@raw/01_第一批_20260907_1602_单火点/01_正式视频/无人机05_1581F7K3C251400CFB45/DJI_202609071530_001/DJI_20260907160158_0003_S.MP4,B1,uav-05,S,55.10,2.30,0.0,573.973,0,17215,2026-09-07 16:01:58.722,2026-09-07 16:11:32.697,17203
@raw/01_第一批_20260907_1602_单火点/01_正式视频/无人机05_1581F7K3C251400CFB45/DJI_202609071530_001/DJI_20260907160158_0003_S.MP4,B1,uav-05,S,52.70,1.00,574.007,909.34,17216,27281,2026-09-07 16:11:32.747,2026-09-07 16:17:08.081,10061
@raw/01_第一批_20260907_1602_单火点/01_正式视频/无人机06_1581F7K3C254N00D16Y8/DJI_202609071535_001/DJI_20260907160153_0002_S.MP4,B1,uav-06,S,54.50,2.27,0.0,220.253,0,6603,2026-09-07 16:01:53.567,2026-09-07 16:05:33.800,6602
@raw/01_第一批_20260907_1602_单火点/01_正式视频/无人机06_1581F7K3C254N00D16Y8/DJI_202609071535_001/DJI_20260907160153_0002_S.MP4,B1,uav-06,S,52.70,1.00,220.287,315.853,6604,9473,2026-09-07 16:05:33.816,2026-09-07 16:07:09.352,2868
@raw/01_第一批_20260907_1602_单火点/01_正式视频/无人机06_1581F7K3C254N00D16Y8/DJI_202609071535_001/DJI_20260907160153_0002_S.MP4,B1,uav-06,S,24.00,1.00,315.887,424.695,9474,12736,2026-09-07 16:07:09.368,2026-09-07 16:08:58.237,3262
@raw/01_第一批_20260907_1602_单火点/01_正式视频/无人机06_1581F7K3C254N00D16Y8/DJI_202609071535_001/DJI_20260907160153_0002_S.MP4,B1,uav-06,S,54.50,2.27,424.729,427.965,12737,12834,2026-09-07 16:08:58.259,2026-09-07 16:09:01.474,98
@raw/01_第一批_20260907_1602_单火点/01_正式视频/无人机06_1581F7K3C254N00D16Y8/DJI_202609071535_001/DJI_20260907160153_0002_S.MP4,B1,uav-06,S,24.00,1.00,427.999,430.701,12835,12917,2026-09-07 16:09:01.513,2026-09-07 16:09:04.214,82
@raw/01_第一批_20260907_1602_单火点/01_正式视频/无人机06_1581F7K3C254N00D16Y8/DJI_202609071535_001/DJI_20260907160153_0002_S.MP4,B1,uav-06,S,52.70,1.00,430.735,915.535,12918,27468,2026-09-07 16:09:04.253,2026-09-07 16:17:09.056,14545
@raw/01_第一批_20260907_1602_单火点/01_正式视频/无人机06_1581F7K3C254N00D16Y8/DJI_202609071535_001/DJI_20260907160153_0002_V.MP4,B1,uav-06,V,54.50,2.27,0.0,315.816,0,9469,2026-09-07 16:01:53.543,2026-09-07 16:07:09.328,9466
@raw/01_第一批_20260907_1602_单火点/01_正式视频/无人机06_1581F7K3C254N00D16Y8/DJI_202609071535_001/DJI_20260907160153_0002_V.MP4,B1,uav-06,V,24.00,1.00,315.849,424.658,9470,12731,2026-09-07 16:07:09.363,2026-09-07 16:08:58.234,3262
@raw/01_第一批_20260907_1602_单火点/01_正式视频/无人机06_1581F7K3C254N00D16Y8/DJI_202609071535_001/DJI_20260907160153_0002_V.MP4,B1,uav-06,V,54.50,2.27,424.691,427.928,12732,12829,2026-09-07 16:08:58.254,2026-09-07 16:09:01.470,98
@raw/01_第一批_20260907_1602_单火点/01_正式视频/无人机06_1581F7K3C254N00D16Y8/DJI_202609071535_001/DJI_20260907160153_0002_V.MP4,B1,uav-06,V,24.00,1.00,427.961,915.515,12830,27446,2026-09-07 16:09:01.505,2026-09-07 16:17:09.064,14613
@raw/01_第一批_20260907_1602_单火点/01_正式视频/无人机07_1581F7K3325B100AS0AG/DJI_202609071532_001/DJI_20260907160202_0005_S.MP4,B1,uav-07,S,54.00,2.25,0.0,6.24,0,187,2026-09-07 16:02:02.873,2026-09-07 16:02:09.027,188
@raw/01_第一批_20260907_1602_单火点/01_正式视频/无人机07_1581F7K3325B100AS0AG/DJI_202609071532_001/DJI_20260907160202_0005_S.MP4,B1,uav-07,S,52.70,1.00,6.273,34.04,188,1021,2026-09-07 16:02:09.038,2026-09-07 16:02:36.800,834
@raw/01_第一批_20260907_1602_单火点/01_正式视频/无人机07_1581F7K3325B100AS0AG/DJI_202609071532_001/DJI_20260907160202_0005_S.MP4,B1,uav-07,S,54.00,2.25,34.073,60.599,1022,1817,2026-09-07 16:02:36.821,2026-09-07 16:03:03.343,796
@raw/01_第一批_20260907_1602_单火点/01_正式视频/无人机07_1581F7K3325B100AS0AG/DJI_202609071532_001/DJI_20260907160202_0005_S.MP4,B1,uav-07,S,52.70,1.00,60.633,176.399,1818,5293,2026-09-07 16:03:03.397,2026-09-07 16:04:59.171,3474
@raw/01_第一批_20260907_1602_单火点/01_正式视频/无人机07_1581F7K3325B100AS0AG/DJI_202609071532_001/DJI_20260907160202_0005_S.MP4,B1,uav-07,S,54.00,2.25,176.433,190.38,5294,5712,2026-09-07 16:04:59.229,2026-09-07 16:05:13.177,419
@raw/01_第一批_20260907_1602_单火点/01_正式视频/无人机07_1581F7K3325B100AS0AG/DJI_202609071532_001/DJI_20260907160202_0005_S.MP4,B1,uav-07,S,52.70,1.00,190.413,325.113,5713,9756,2026-09-07 16:05:13.235,2026-09-07 16:07:27.935,4042
@raw/01_第一批_20260907_1602_单火点/01_正式视频/无人机07_1581F7K3325B100AS0AG/DJI_202609071532_001/DJI_20260907160202_0005_S.MP4,B1,uav-07,S,54.00,2.25,325.147,332.988,9757,9992,2026-09-07 16:07:27.948,2026-09-07 16:07:35.784,236
@raw/01_第一批_20260907_1602_单火点/01_正式视频/无人机07_1581F7K3325B100AS0AG/DJI_202609071532_001/DJI_20260907160202_0005_S.MP4,B1,uav-07,S,52.70,1.00,333.021,336.155,9993,10087,2026-09-07 16:07:35.802,2026-09-07 16:07:38.942,95
@raw/01_第一批_20260907_1602_单火点/01_正式视频/无人机07_1581F7K3325B100AS0AG/DJI_202609071532_001/DJI_20260907160202_0005_S.MP4,B1,uav-07,S,54.00,2.25,336.188,338.757,10088,10165,2026-09-07 16:07:39.000,2026-09-07 16:07:41.563,78
@raw/01_第一批_20260907_1602_单火点/01_正式视频/无人机07_1581F7K3325B100AS0AG/DJI_202609071532_001/DJI_20260907160202_0005_S.MP4,B1,uav-07,S,52.70,1.00,338.791,340.224,10166,10209,2026-09-07 16:07:41.578,2026-09-07 16:07:43.011,44
@raw/01_第一批_20260907_1602_单火点/01_正式视频/无人机07_1581F7K3325B100AS0AG/DJI_202609071532_001/DJI_20260907160202_0005_S.MP4,B1,uav-07,S,54.00,2.25,340.257,424.341,10210,12731,2026-09-07 16:07:43.031,2026-09-07 16:09:07.111,2521
@raw/01_第一批_20260907_1602_单火点/01_正式视频/无人机07_1581F7K3325B100AS0AG/DJI_202609071532_001/DJI_20260907160202_0005_S.MP4,B1,uav-07,S,52.70,1.00,424.375,857.975,12732,25745,2026-09-07 16:09:07.167,2026-09-07 16:16:20.789,13009
@raw/01_第一批_20260907_1602_单火点/01_正式视频/无人机07_1581F7K3325B100AS0AG/DJI_202609071532_001/DJI_20260907160202_0005_S.MP4,B1,uav-07,S,54.00,2.25,858.008,1065.916,25746,31978,2026-09-07 16:16:20.804,2026-09-07 16:19:48.705,6232
@raw/01_第一批_20260907_1602_单火点/01_正式视频/无人机07_1581F7K3325B100AS0AG/DJI_202609071532_001/DJI_20260907160202_0005_S.MP4,B1,uav-07,S,24.00,1.00,1065.949,1078.462,31979,32354,2026-09-07 16:19:48.743,2026-09-07 16:20:01.255,376
@raw/01_第一批_20260907_1602_单火点/01_正式视频/无人机07_1581F7K3325B100AS0AG/DJI_202609071532_001/DJI_20260907160202_0005_V.MP4,B1,uav-07,V,54.00,2.25,0.0,1065.798,0,31952,2026-09-07 16:02:02.915,2026-09-07 16:19:48.702,31943
@raw/01_第一批_20260907_1602_单火点/01_正式视频/无人机07_1581F7K3325B100AS0AG/DJI_202609071532_001/DJI_20260907160202_0005_V.MP4,B1,uav-07,V,24.00,1.00,1065.831,1078.377,31953,32329,2026-09-07 16:19:48.737,2026-09-07 16:20:01.282,377
@raw/01_第一批_20260907_1602_单火点/01_正式视频/无人机08_1581F7K3C256N00DCP1T/DJI_202609071536_001/DJI_20260907160201_0001_S.MP4,B1,uav-08,S,53.40,2.23,0.0,204.371,0,6126,2026-09-07 16:02:01.852,2026-09-07 16:05:26.114,6126
@raw/01_第一批_20260907_1602_单火点/01_正式视频/无人机08_1581F7K3C256N00DCP1T/DJI_202609071536_001/DJI_20260907160201_0001_S.MP4,B1,uav-08,S,52.70,1.00,204.404,299.671,6127,8987,2026-09-07 16:05:26.138,2026-09-07 16:07:01.414,2859
@raw/01_第一批_20260907_1602_单火点/01_正式视频/无人机08_1581F7K3C256N00DCP1T/DJI_202609071536_001/DJI_20260907160201_0001_S.MP4,B1,uav-08,S,53.40,2.23,299.704,310.782,8988,9320,2026-09-07 16:07:01.442,2026-09-07 16:07:12.519,333
@raw/01_第一批_20260907_1602_单火点/01_正式视频/无人机08_1581F7K3C256N00DCP1T/DJI_202609071536_001/DJI_20260907160201_0001_S.MP4,B1,uav-08,S,52.70,1.00,310.815,416.782,9321,12501,2026-09-07 16:07:12.570,2026-09-07 16:08:58.541,3180
@raw/01_第一批_20260907_1602_单火点/01_正式视频/无人机08_1581F7K3C256N00DCP1T/DJI_202609071536_001/DJI_20260907160201_0001_S.MP4,B1,uav-08,S,53.40,2.23,416.815,427.192,12502,12814,2026-09-07 16:08:58.566,2026-09-07 16:09:08.939,312
@raw/01_第一批_20260907_1602_单火点/01_正式视频/无人机08_1581F7K3C256N00DCP1T/DJI_202609071536_001/DJI_20260907160201_0001_S.MP4,B1,uav-08,S,52.70,1.00,427.226,430.759,12815,12921,2026-09-07 16:09:08.976,2026-09-07 16:09:12.514,107
@raw/01_第一批_20260907_1602_单火点/01_正式视频/无人机08_1581F7K3C256N00DCP1T/DJI_202609071536_001/DJI_20260907160201_0001_S.MP4,B1,uav-08,S,53.40,2.23,430.792,519.181,12922,15572,2026-09-07 16:09:12.550,2026-09-07 16:10:40.925,2650
@raw/01_第一批_20260907_1602_单火点/01_正式视频/无人机08_1581F7K3C256N00DCP1T/DJI_202609071536_001/DJI_20260907160201_0001_S.MP4,B1,uav-08,S,52.70,1.00,519.214,566.047,15573,16978,2026-09-07 16:10:40.971,2026-09-07 16:11:27.833,1406
@raw/01_第一批_20260907_1602_单火点/01_正式视频/无人机08_1581F7K3C256N00DCP1T/DJI_202609071536_001/DJI_20260907160201_0001_S.MP4,B1,uav-08,S,53.40,2.23,566.081,708.957,16979,21263,2026-09-07 16:11:27.865,2026-09-07 16:13:50.727,4283
@raw/01_第一批_20260907_1602_单火点/01_正式视频/无人机08_1581F7K3C256N00DCP1T/DJI_202609071536_001/DJI_20260907160201_0001_S.MP4,B1,uav-08,S,52.70,1.00,708.99,725.857,21264,21771,2026-09-07 16:13:50.780,2026-09-07 16:14:07.663,507
@raw/01_第一批_20260907_1602_单火点/01_正式视频/无人机08_1581F7K3C256N00DCP1T/DJI_202609071536_001/DJI_20260907160201_0001_S.MP4,B1,uav-08,S,53.40,2.23,725.89,768.766,21772,23058,2026-09-07 16:14:07.694,2026-09-07 16:14:50.566,1286
@raw/01_第一批_20260907_1602_单火点/01_正式视频/无人机08_1581F7K3C256N00DCP1T/DJI_202609071536_001/DJI_20260907160201_0001_S.MP4,B1,uav-08,S,52.70,1.00,768.8,855.766,23059,25668,2026-09-07 16:14:50.624,2026-09-07 16:16:17.601,2610
@raw/01_第一批_20260907_1602_单火点/01_正式视频/无人机08_1581F7K3C256N00DCP1T/DJI_202609071536_001/DJI_20260907160201_0001_S.MP4,B1,uav-08,S,53.40,2.23,855.8,991.902,25669,29748,2026-09-07 16:16:17.627,2026-09-07 16:18:33.728,4080
@raw/01_第一批_20260907_1602_单火点/01_正式视频/无人机08_1581F7K3C256N00DCP1T/DJI_202609071536_001/DJI_20260907160201_0001_S.MP4,B1,uav-08,S,24.00,1.00,991.936,1001.345,29749,30032,2026-09-07 16:18:33.766,2026-09-07 16:18:43.178,283
@raw/01_第一批_20260907_1602_单火点/01_正式视频/无人机08_1581F7K3C256N00DCP1T/DJI_202609071536_001/DJI_20260907160201_0001_V.MP4,B1,uav-08,V,53.40,2.23,0.0,991.924,0,29740,2026-09-07 16:02:01.853,2026-09-07 16:18:33.724,29729
@raw/01_第一批_20260907_1602_单火点/01_正式视频/无人机08_1581F7K3C256N00DCP1T/DJI_202609071536_001/DJI_20260907160201_0001_V.MP4,B1,uav-08,V,24.00,1.00,991.958,1001.367,29741,30023,2026-09-07 16:18:33.759,2026-09-07 16:18:43.171,283
@raw/01_第一批_20260907_1602_单火点/01_正式视频/无人机09_1581F7K3C24CS00AX535/DJI_202609071543_001/DJI_20260907160202_0003_S.MP4,B1,uav-09,S,54.60,2.27,0.0,573.54,0,17194,2026-09-07 16:02:03.197,2026-09-07 16:11:36.699,17190
@raw/01_第一批_20260907_1602_单火点/01_正式视频/无人机09_1581F7K3C24CS00AX535/DJI_202609071543_001/DJI_20260907160202_0003_S.MP4,B1,uav-09,S,52.70,1.00,573.573,586.74,17195,17590,2026-09-07 16:11:36.752,2026-09-07 16:11:49.923,396
@raw/01_第一批_20260907_1602_单火点/01_正式视频/无人机09_1581F7K3C24CS00AX535/DJI_202609071543_001/DJI_20260907160202_0003_S.MP4,B1,uav-09,S,54.60,2.27,586.773,915.435,17591,27445,2026-09-07 16:11:49.946,2026-09-07 16:17:18.619,9851
@raw/01_第一批_20260907_1602_单火点/01_正式视频/无人机09_1581F7K3C24CS00AX535/DJI_202609071543_001/DJI_20260907160202_0003_V.MP4,B1,uav-09,V,54.60,2.27,0.0,915.481,0,27449,2026-09-07 16:02:03.174,2026-09-07 16:17:18.650,27438
@raw/02_第二批_20260908_0924_单火点/01_正式视频/无人机01_1581F7K3C251800CYBVP/DJI_202609080913_003/DJI_20260908092431_0003_S.MP4,B2,uav-01,S,53.60,2.23,0.0,992.191,0,29750,2026-09-08 09:24:31.860,2026-09-08 09:41:04.058,29737
@raw/02_第二批_20260908_0924_单火点/01_正式视频/无人机01_1581F7K3C251800CYBVP/DJI_202609080913_003/DJI_20260908092431_0003_V.MP4,B2,uav-01,V,53.60,2.23,0.0,992.191,0,29748,2026-09-08 09:24:31.837,2026-09-08 09:41:04.055,29737
@raw/02_第二批_20260908_0924_单火点/01_正式视频/无人机02_1581F7K3C267500D2DQD/DJI_202609080909_004/DJI_20260908092422_0002_S.MP4,B2,uav-02,S,53.80,2.24,0.0,257.557,0,7722,2026-09-08 09:24:22.749,2026-09-08 09:28:40.320,7720
@raw/02_第二批_20260908_0924_单火点/01_正式视频/无人机02_1581F7K3C267500D2DQD/DJI_202609080909_004/DJI_20260908092422_0002_S.MP4,B2,uav-02,S,52.70,1.00,257.591,1002.791,7723,30087,2026-09-08 09:28:40.360,2026-09-08 09:41:05.560,22357
@raw/02_第二批_20260908_0924_单火点/01_正式视频/无人机02_1581F7K3C267500D2DQD/DJI_202609080909_004/DJI_20260908092422_0002_V.MP4,B2,uav-02,V,53.80,2.24,0.0,1002.902,0,30066,2026-09-08 09:24:22.660,2026-09-08 09:41:05.582,30058
@raw/02_第二批_20260908_0924_单火点/01_正式视频/无人机03_1581F7K3C255900D76E8/DJI_202609080916_004/DJI_20260908092454_0002_S.MP4,B2,uav-03,S,24.00,1.00,0.0,142.709,0,4278,2026-09-08 09:24:54.665,2026-09-08 09:27:17.345,4278
@raw/02_第二批_20260908_0924_单火点/01_正式视频/无人机03_1581F7K3C255900D76E8/DJI_202609080916_004/DJI_20260908092454_0002_S.MP4,B2,uav-03,S,52.70,1.00,142.743,144.676,4279,4337,2026-09-08 09:27:17.391,2026-09-08 09:27:19.315,59
@raw/02_第二批_20260908_0924_单火点/01_正式视频/无人机03_1581F7K3C255900D76E8/DJI_202609080916_004/DJI_20260908092454_0002_S.MP4,B2,uav-03,S,24.00,1.00,144.709,158.79,4338,4760,2026-09-08 09:27:19.381,2026-09-08 09:27:33.456,423
@raw/02_第二批_20260908_0924_单火点/01_正式视频/无人机03_1581F7K3C255900D76E8/DJI_202609080916_004/DJI_20260908092454_0002_S.MP4,B2,uav-03,S,52.70,1.00,158.823,163.39,4761,4898,2026-09-08 09:27:33.509,2026-09-08 09:27:38.077,138
@raw/02_第二批_20260908_0924_单火点/01_正式视频/无人机03_1581F7K3C255900D76E8/DJI_202609080916_004/DJI_20260908092454_0002_S.MP4,B2,uav-03,S,24.00,1.00,163.423,240.5,4899,7210,2026-09-08 09:27:38.099,2026-09-08 09:28:55.175,2311
@raw/02_第二批_20260908_0924_单火点/01_正式视频/无人机03_1581F7K3C255900D76E8/DJI_202609080916_004/DJI_20260908092454_0002_S.MP4,B2,uav-03,S,52.70,1.00,240.534,242.667,7211,7275,2026-09-08 09:28:55.219,2026-09-08 09:28:57.354,65
@raw/02_第二批_20260908_0924_单火点/01_正式视频/无人机03_1581F7K3C255900D76E8/DJI_202609080916_004/DJI_20260908092454_0002_S.MP4,B2,uav-03,S,24.00,1.00,242.7,265.323,7276,7954,2026-09-08 09:28:57.386,2026-09-08 09:29:19.992,679
@raw/02_第二批_20260908_0924_单火点/01_正式视频/无人机03_1581F7K3C255900D76E8/DJI_202609080916_004/DJI_20260908092454_0002_S.MP4,B2,uav-03,S,52.70,1.00,265.356,275.09,7955,8247,2026-09-08 09:29:20.000,2026-09-08 09:29:29.741,293
@raw/02_第二批_20260908_0924_单火点/01_正式视频/无人机03_1581F7K3C255900D76E8/DJI_202609080916_004/DJI_20260908092454_0002_S.MP4,B2,uav-03,S,24.00,1.00,275.123,701.749,8248,21039,2026-09-08 09:29:29.767,2026-09-08 09:36:36.428,12787
@raw/02_第二批_20260908_0924_单火点/01_正式视频/无人机03_1581F7K3C255900D76E8/DJI_202609080916_004/DJI_20260908092454_0002_S.MP4,B2,uav-03,S,52.70,1.00,701.783,703.883,21040,21103,2026-09-08 09:36:36.484,2026-09-08 09:36:38.574,64
@raw/02_第二批_20260908_0924_单火点/01_正式视频/无人机03_1581F7K3C255900D76E8/DJI_202609080916_004/DJI_20260908092454_0002_S.MP4,B2,uav-03,S,24.00,1.00,703.916,705.317,21104,21146,2026-09-08 09:36:38.597,2026-09-08 09:36:40.001,43
@raw/02_第二批_20260908_0924_单火点/01_正式视频/无人机03_1581F7K3C255900D76E8/DJI_202609080916_004/DJI_20260908092454_0002_S.MP4,B2,uav-03,S,52.70,1.00,705.351,707.217,21147,21203,2026-09-08 09:36:40.040,2026-09-08 09:36:41.905,57
@raw/02_第二批_20260908_0924_单火点/01_正式视频/无人机03_1581F7K3C255900D76E8/DJI_202609080916_004/DJI_20260908092454_0002_S.MP4,B2,uav-03,S,24.00,1.00,707.251,711.055,21204,21318,2026-09-08 09:36:41.937,2026-09-08 09:36:45.742,115
@raw/02_第二批_20260908_0924_单火点/01_正式视频/无人机03_1581F7K3C255900D76E8/DJI_202609080916_004/DJI_20260908092454_0002_S.MP4,B2,uav-03,S,52.70,1.00,711.088,712.755,21319,21369,2026-09-08 09:36:45.775,2026-09-08 09:36:47.442,51
@raw/02_第二批_20260908_0924_单火点/01_正式视频/无人机03_1581F7K3C255900D76E8/DJI_202609080916_004/DJI_20260908092454_0002_S.MP4,B2,uav-03,S,24.00,1.00,712.788,714.289,21370,21415,2026-09-08 09:36:47.474,2026-09-08 09:36:48.974,46
@raw/02_第二批_20260908_0924_单火点/01_正式视频/无人机03_1581F7K3C255900D76E8/DJI_202609080916_004/DJI_20260908092454_0002_S.MP4,B2,uav-03,S,52.70,1.00,714.323,718.856,21416,21552,2026-09-08 09:36:49.010,2026-09-08 09:36:53.550,137
@raw/02_第二批_20260908_0924_单火点/01_正式视频/无人机03_1581F7K3C255900D76E8/DJI_202609080916_004/DJI_20260908092454_0002_S.MP4,B2,uav-03,S,24.00,1.00,718.889,722.493,21553,21661,2026-09-08 09:36:53.580,2026-09-08 09:36:57.182,109
@raw/02_第二批_20260908_0924_单火点/01_正式视频/无人机03_1581F7K3C255900D76E8/DJI_202609080916_004/DJI_20260908092454_0002_S.MP4,B2,uav-03,S,52.70,1.00,722.526,723.46,21662,21690,2026-09-08 09:36:57.204,2026-09-08 09:36:58.137,29
@raw/02_第二批_20260908_0924_单火点/01_正式视频/无人机03_1581F7K3C255900D76E8/DJI_202609080916_004/DJI_20260908092454_0002_S.MP4,B2,uav-03,S,24.00,1.00,723.493,1010.88,21691,30306,2026-09-08 09:36:58.151,2026-09-08 09:41:45.543,8614
@raw/02_第二批_20260908_0924_单火点/01_正式视频/无人机03_1581F7K3C255900D76E8/DJI_202609080916_004/DJI_20260908092454_0002_V.MP4,B2,uav-03,V,24.00,1.00,0.0,1010.943,0,30309,2026-09-08 09:24:54.559,2026-09-08 09:41:45.537,30299
@raw/02_第二批_20260908_0924_单火点/01_正式视频/无人机04_1581F7K33258900AP021/DJI_202609080915_034/DJI_20260908092436_0002_S.MP4,B2,uav-04,S,55.00,2.29,0.0,50.45,0,1512,2026-09-08 09:24:36.578,2026-09-08 09:25:27.003,1513
@raw/02_第二批_20260908_0924_单火点/01_正式视频/无人机04_1581F7K33258900AP021/DJI_202609080915_034/DJI_20260908092436_0002_S.MP4,B2,uav-04,S,52.70,1.00,50.484,53.717,1513,1610,2026-09-08 09:25:27.043,2026-09-08 09:25:30.278,98
@raw/02_第二批_20260908_0924_单火点/01_正式视频/无人机04_1581F7K33258900AP021/DJI_202609080915_034/DJI_20260908092436_0002_S.MP4,B2,uav-04,S,55.00,2.29,53.75,97.995,1611,2939,2026-09-08 09:25:30.312,2026-09-08 09:26:14.556,1327
@raw/02_第二批_20260908_0924_单火点/01_正式视频/无人机04_1581F7K33258900AP021/DJI_202609080915_034/DJI_20260908092436_0002_S.MP4,B2,uav-04,S,52.70,1.00,98.028,107.095,2940,3212,2026-09-08 09:26:14.606,2026-09-08 09:26:23.677,273
@raw/02_第二批_20260908_0924_单火点/01_正式视频/无人机04_1581F7K33258900AP021/DJI_202609080915_034/DJI_20260908092436_0002_S.MP4,B2,uav-04,S,55.00,2.29,107.128,107.862,3213,3235,2026-09-08 09:26:23.704,2026-09-08 09:26:24.437,23
@raw/02_第二批_20260908_0924_单火点/01_正式视频/无人机04_1581F7K33258900AP021/DJI_202609080915_034/DJI_20260908092436_0002_S.MP4,B2,uav-04,S,52.70,1.00,107.895,123.329,3236,3699,2026-09-08 09:26:24.445,2026-09-08 09:26:39.873,464
@raw/02_第二批_20260908_0924_单火点/01_正式视频/无人机04_1581F7K33258900AP021/DJI_202609080915_034/DJI_20260908092436_0002_S.MP4,B2,uav-04,S,55.00,2.29,123.362,128.801,3700,3863,2026-09-08 09:26:39.916,2026-09-08 09:26:45.353,164
@raw/02_第二批_20260908_0924_单火点/01_正式视频/无人机04_1581F7K33258900AP021/DJI_202609080915_034/DJI_20260908092436_0002_S.MP4,B2,uav-04,S,52.70,1.00,128.834,130.734,3864,3921,2026-09-08 09:26:45.408,2026-09-08 09:26:47.307,58
@raw/02_第二批_20260908_0924_单火点/01_正式视频/无人机04_1581F7K33258900AP021/DJI_202609080915_034/DJI_20260908092436_0002_S.MP4,B2,uav-04,S,55.00,2.29,130.768,132.636,3922,3978,2026-09-08 09:26:47.324,2026-09-08 09:26:49.191,57
@raw/02_第二批_20260908_0924_单火点/01_正式视频/无人机04_1581F7K33258900AP021/DJI_202609080915_034/DJI_20260908092436_0002_S.MP4,B2,uav-04,S,52.70,1.00,132.669,235.036,3979,7053,2026-09-08 09:26:49.239,2026-09-08 09:28:31.612,3072
@raw/02_第二批_20260908_0924_单火点/01_正式视频/无人机04_1581F7K33258900AP021/DJI_202609080915_034/DJI_20260908092436_0002_S.MP4,B2,uav-04,S,55.00,2.29,235.069,284.853,7054,8546,2026-09-08 09:28:31.635,2026-09-08 09:29:21.412,1493
@raw/02_第二批_20260908_0924_单火点/01_正式视频/无人机04_1581F7K33258900AP021/DJI_202609080915_034/DJI_20260908092436_0002_S.MP4,B2,uav-04,S,52.70,1.00,284.886,336.853,8547,10107,2026-09-08 09:29:21.450,2026-09-08 09:30:13.402,1560
@raw/02_第二批_20260908_0924_单火点/01_正式视频/无人机04_1581F7K33258900AP021/DJI_202609080915_034/DJI_20260908092436_0002_S.MP4,B2,uav-04,S,55.00,2.29,336.886,435.785,10108,13074,2026-09-08 09:30:13.427,2026-09-08 09:31:52.342,2965
@raw/02_第二批_20260908_0924_单火点/01_正式视频/无人机04_1581F7K33258900AP021/DJI_202609080915_034/DJI_20260908092436_0002_S.MP4,B2,uav-04,S,52.70,1.00,435.818,444.918,13075,13348,2026-09-08 09:31:52.353,2026-09-08 09:32:01.456,274
@raw/02_第二批_20260908_0924_单火点/01_正式视频/无人机04_1581F7K33258900AP021/DJI_202609080915_034/DJI_20260908092436_0002_S.MP4,B2,uav-04,S,55.00,2.29,444.951,606.313,13349,18189,2026-09-08 09:32:01.487,2026-09-08 09:34:42.846,4837
@raw/02_第二批_20260908_0924_单火点/01_正式视频/无人机04_1581F7K33258900AP021/DJI_202609080915_034/DJI_20260908092436_0002_S.MP4,B2,uav-04,S,52.70,1.00,606.346,610.779,18190,18323,2026-09-08 09:34:42.856,2026-09-08 09:34:47.286,134
@raw/02_第二批_20260908_0924_单火点/01_正式视频/无人机04_1581F7K33258900AP021/DJI_202609080915_034/DJI_20260908092436_0002_S.MP4,B2,uav-04,S,55.00,2.29,610.813,650.686,18324,19519,2026-09-08 09:34:47.311,2026-09-08 09:35:27.185,1196
@raw/02_第二批_20260908_0924_单火点/01_正式视频/无人机04_1581F7K33258900AP021/DJI_202609080915_034/DJI_20260908092436_0002_S.MP4,B2,uav-04,S,52.70,1.00,650.719,653.152,19520,19593,2026-09-08 09:35:27.224,2026-09-08 09:35:29.659,74
@raw/02_第二批_20260908_0924_单火点/01_正式视频/无人机04_1581F7K33258900AP021/DJI_202609080915_034/DJI_20260908092436_0002_S.MP4,B2,uav-04,S,55.00,2.29,653.186,756.289,19594,22686,2026-09-08 09:35:29.692,2026-09-08 09:37:12.810,3091
@raw/02_第二批_20260908_0924_单火点/01_正式视频/无人机04_1581F7K33258900AP021/DJI_202609080915_034/DJI_20260908092436_0002_S.MP4,B2,uav-04,S,52.70,1.00,756.322,759.356,22687,22778,2026-09-08 09:37:12.865,2026-09-08 09:37:15.899,92
@raw/02_第二批_20260908_0924_单火点/01_正式视频/无人机04_1581F7K33258900AP021/DJI_202609080915_034/DJI_20260908092436_0002_S.MP4,B2,uav-04,S,55.00,2.29,759.389,994.19,22779,29821,2026-09-08 09:37:15.942,2026-09-08 09:41:10.741,7038
@raw/02_第二批_20260908_0924_单火点/01_正式视频/无人机04_1581F7K33258900AP021/DJI_202609080915_034/DJI_20260908092436_0002_V.MP4,B2,uav-04,V,55.00,2.29,0.0,994.26,0,29817,2026-09-08 09:24:36.480,2026-09-08 09:41:10.737,29799
@raw/02_第二批_20260908_0924_单火点/01_正式视频/无人机05_1581F7K3C251400CFB45/DJI_202609080912_003/DJI_20260908092427_0002_S.MP4,B2,uav-05,S,54.00,2.25,0.0,997.697,0,29921,2026-09-08 09:24:28.021,2026-09-08 09:41:05.716,29902
@raw/02_第二批_20260908_0924_单火点/01_正式视频/无人机05_1581F7K3C251400CFB45/DJI_202609080912_003/DJI_20260908092427_0002_V.MP4,B2,uav-05,V,54.00,2.25,0.0,997.763,0,29925,2026-09-08 09:24:27.964,2026-09-08 09:41:05.713,29904
@raw/02_第二批_20260908_0924_单火点/01_正式视频/无人机06_1581F7K3C254N00D16Y8/DJI_202609080910_002/DJI_20260908092438_0002_S.MP4,B2,uav-06,S,52.80,2.20,0.0,995.962,0,29859,2026-09-08 09:24:38.722,2026-09-08 09:41:14.704,29850
@raw/02_第二批_20260908_0924_单火点/01_正式视频/无人机06_1581F7K3C254N00D16Y8/DJI_202609080910_002/DJI_20260908092438_0002_V.MP4,B2,uav-06,V,52.80,2.20,0.0,995.995,0,29860,2026-09-08 09:24:38.686,2026-09-08 09:41:14.696,29851
@raw/02_第二批_20260908_0924_单火点/01_正式视频/无人机07_1581F7K3325B100AS0AG/DJI_202609080909_002/DJI_20260908092438_0002_S.MP4,B2,uav-07,S,52.70,1.00,0.0,32.133,0,964,2026-09-08 09:24:38.444,2026-09-08 09:25:10.516,965
@raw/02_第二批_20260908_0924_单火点/01_正式视频/无人机07_1581F7K3325B100AS0AG/DJI_202609080909_002/DJI_20260908092438_0002_S.MP4,B2,uav-07,S,54.10,2.25,32.167,33.368,965,1001,2026-09-08 09:25:10.568,2026-09-08 09:25:11.776,37
@raw/02_第二批_20260908_0924_单火点/01_正式视频/无人机07_1581F7K3325B100AS0AG/DJI_202609080909_002/DJI_20260908092438_0002_S.MP4,B2,uav-07,S,52.70,1.00,33.401,40.001,1002,1200,2026-09-08 09:25:11.782,2026-09-08 09:25:18.384,199
@raw/02_第二批_20260908_0924_单火点/01_正式视频/无人机07_1581F7K3325B100AS0AG/DJI_202609080909_002/DJI_20260908092438_0002_S.MP4,B2,uav-07,S,54.10,2.25,40.035,41.036,1201,1231,2026-09-08 09:25:18.415,2026-09-08 09:25:19.411,31
@raw/02_第二批_20260908_0924_单火点/01_正式视频/无人机07_1581F7K3325B100AS0AG/DJI_202609080909_002/DJI_20260908092438_0002_S.MP4,B2,uav-07,S,52.70,1.00,41.069,42.202,1232,1266,2026-09-08 09:25:19.452,2026-09-08 09:25:20.587,35
@raw/02_第二批_20260908_0924_单火点/01_正式视频/无人机07_1581F7K3325B100AS0AG/DJI_202609080909_002/DJI_20260908092438_0002_S.MP4,B2,uav-07,S,54.10,2.25,42.236,43.27,1267,1298,2026-09-08 09:25:20.616,2026-09-08 09:25:21.652,32
@raw/02_第二批_20260908_0924_单火点/01_正式视频/无人机07_1581F7K3325B100AS0AG/DJI_202609080909_002/DJI_20260908092438_0002_S.MP4,B2,uav-07,S,52.70,1.00,43.303,45.87,1299,1376,2026-09-08 09:25:21.688,2026-09-08 09:25:24.257,78
@raw/02_第二批_20260908_0924_单火点/01_正式视频/无人机07_1581F7K3325B100AS0AG/DJI_202609080909_002/DJI_20260908092438_0002_S.MP4,B2,uav-07,S,54.10,2.25,45.903,74.165,1377,2224,2026-09-08 09:25:24.287,2026-09-08 09:25:52.545,848
@raw/02_第二批_20260908_0924_单火点/01_正式视频/无人机07_1581F7K3325B100AS0AG/DJI_202609080909_002/DJI_20260908092438_0002_S.MP4,B2,uav-07,S,52.70,1.00,74.198,127.065,2225,3812,2026-09-08 09:25:52.586,2026-09-08 09:26:45.437,1587
@raw/02_第二批_20260908_0924_单火点/01_正式视频/无人机07_1581F7K3325B100AS0AG/DJI_202609080909_002/DJI_20260908092438_0002_S.MP4,B2,uav-07,S,54.10,2.25,127.098,149.554,3813,4486,2026-09-08 09:26:45.458,2026-09-08 09:27:07.909,674
@raw/02_第二批_20260908_0924_单火点/01_正式视频/无人机07_1581F7K3325B100AS0AG/DJI_202609080909_002/DJI_20260908092438_0002_S.MP4,B2,uav-07,S,52.70,1.00,149.587,309.321,4487,9281,2026-09-08 09:27:07.968,2026-09-08 09:29:47.725,4793
@raw/02_第二批_20260908_0924_单火点/01_正式视频/无人机07_1581F7K3325B100AS0AG/DJI_202609080909_002/DJI_20260908092438_0002_S.MP4,B2,uav-07,S,54.10,2.25,309.354,529.274,9282,15876,2026-09-08 09:29:47.756,2026-09-08 09:33:27.671,6592
@raw/02_第二批_20260908_0924_单火点/01_正式视频/无人机07_1581F7K3325B100AS0AG/DJI_202609080909_002/DJI_20260908092438_0002_S.MP4,B2,uav-07,S,52.70,1.00,529.307,612.04,15877,18359,2026-09-08 09:33:27.719,2026-09-08 09:34:50.464,2483
@raw/02_第二批_20260908_0924_单火点/01_正式视频/无人机07_1581F7K3325B100AS0AG/DJI_202609080909_002/DJI_20260908092438_0002_S.MP4,B2,uav-07,S,54.10,2.25,612.074,714.109,18360,21419,2026-09-08 09:34:50.492,2026-09-08 09:36:32.535,3059
@raw/02_第二批_20260908_0924_单火点/01_正式视频/无人机07_1581F7K3325B100AS0AG/DJI_202609080909_002/DJI_20260908092438_0002_S.MP4,B2,uav-07,S,52.70,1.00,714.142,727.509,21420,21822,2026-09-08 09:36:32.571,2026-09-08 09:36:45.928,402
@raw/02_第二批_20260908_0924_单火点/01_正式视频/无人机07_1581F7K3325B100AS0AG/DJI_202609080909_002/DJI_20260908092438_0002_S.MP4,B2,uav-07,S,54.10,2.25,727.542,756.939,21823,22704,2026-09-08 09:36:45.949,2026-09-08 09:37:15.340,882
@raw/02_第二批_20260908_0924_单火点/01_正式视频/无人机07_1581F7K3325B100AS0AG/DJI_202609080909_002/DJI_20260908092438_0002_S.MP4,B2,uav-07,S,52.70,1.00,756.972,759.039,22705,22767,2026-09-08 09:37:15.393,2026-09-08 09:37:17.460,63
@raw/02_第二批_20260908_0924_单火点/01_正式视频/无人机07_1581F7K3325B100AS0AG/DJI_202609080909_002/DJI_20260908092438_0002_S.MP4,B2,uav-07,S,54.10,2.25,759.072,761.541,22768,22842,2026-09-08 09:37:17.477,2026-09-08 09:37:19.947,75
@raw/02_第二批_20260908_0924_单火点/01_正式视频/无人机07_1581F7K3325B100AS0AG/DJI_202609080909_002/DJI_20260908092438_0002_S.MP4,B2,uav-07,S,52.70,1.00,761.574,762.574,22843,22873,2026-09-08 09:37:19.994,2026-09-08 09:37:20.995,31
@raw/02_第二批_20260908_0924_单火点/01_正式视频/无人机07_1581F7K3325B100AS0AG/DJI_202609080909_002/DJI_20260908092438_0002_S.MP4,B2,uav-07,S,54.10,2.25,762.608,817.696,22874,24525,2026-09-08 09:37:21.018,2026-09-08 09:38:16.103,1652
@raw/02_第二批_20260908_0924_单火点/01_正式视频/无人机07_1581F7K3325B100AS0AG/DJI_202609080909_002/DJI_20260908092438_0002_S.MP4,B2,uav-07,S,52.70,1.00,817.729,943.763,24526,28309,2026-09-08 09:38:16.127,2026-09-08 09:40:22.169,3782
@raw/02_第二批_20260908_0924_单火点/01_正式视频/无人机07_1581F7K3325B100AS0AG/DJI_202609080909_002/DJI_20260908092438_0002_S.MP4,B2,uav-07,S,54.10,2.25,943.796,994.947,28310,29844,2026-09-08 09:40:22.203,2026-09-08 09:41:13.349,1534
@raw/02_第二批_20260908_0924_单火点/01_正式视频/无人机07_1581F7K3325B100AS0AG/DJI_202609080909_002/DJI_20260908092438_0002_V.MP4,B2,uav-07,V,54.10,2.25,0.0,995.061,0,29834,2026-09-08 09:24:38.306,2026-09-08 09:41:13.381,29823
@raw/02_第二批_20260908_0924_单火点/01_正式视频/无人机08_1581F7K3C256N00DCP1T/DJI_202609080922_003/DJI_20260908092433_0001_S.MP4,B2,uav-08,S,55.10,2.30,0.0,220.62,0,6614,2026-09-08 09:24:34.053,2026-09-08 09:28:14.648,6613
@raw/02_第二批_20260908_0924_单火点/01_正式视频/无人机08_1581F7K3C256N00DCP1T/DJI_202609080922_003/DJI_20260908092433_0001_S.MP4,B2,uav-08,S,52.70,1.00,220.654,221.787,6615,6649,2026-09-08 09:28:14.679,2026-09-08 09:28:15.807,35
@raw/02_第二批_20260908_0924_单火点/01_正式视频/无人机08_1581F7K3C256N00DCP1T/DJI_202609080922_003/DJI_20260908092433_0001_S.MP4,B2,uav-08,S,55.10,2.30,221.82,1073.371,6650,32184,2026-09-08 09:28:15.819,2026-09-08 09:42:27.368,25522
@raw/02_第二批_20260908_0924_单火点/01_正式视频/无人机08_1581F7K3C256N00DCP1T/DJI_202609080922_003/DJI_20260908092433_0001_S.MP4,B2,uav-08,S,24.00,1.00,1073.405,1083.348,32185,32483,2026-09-08 09:42:27.406,2026-09-08 09:42:37.348,299
@raw/02_第二批_20260908_0924_单火点/01_正式视频/无人机08_1581F7K3C256N00DCP1T/DJI_202609080922_003/DJI_20260908092433_0001_V.MP4,B2,uav-08,V,55.10,2.30,0.0,1073.339,0,32178,2026-09-08 09:24:34.030,2026-09-08 09:42:27.364,32169
@raw/02_第二批_20260908_0924_单火点/01_正式视频/无人机08_1581F7K3C256N00DCP1T/DJI_202609080922_003/DJI_20260908092433_0001_V.MP4,B2,uav-08,V,24.00,1.00,1073.372,1083.316,32179,32477,2026-09-08 09:42:27.399,2026-09-08 09:42:37.342,299
@raw/02_第二批_20260908_0924_单火点/01_正式视频/无人机09_1581F7K3C24CS00AX535/DJI_202609080915_003/DJI_20260908092435_0004_S.MP4,B2,uav-09,S,53.30,2.22,0.0,125.993,0,3776,2026-09-08 09:24:36.123,2026-09-08 09:26:42.100,3777
@raw/02_第二批_20260908_0924_单火点/01_正式视频/无人机09_1581F7K3C24CS00AX535/DJI_202609080915_003/DJI_20260908092435_0004_S.MP4,B2,uav-09,S,52.70,1.00,126.026,129.726,3777,3888,2026-09-08 09:26:42.138,2026-09-08 09:26:45.836,112
@raw/02_第二批_20260908_0924_单火点/01_正式视频/无人机09_1581F7K3C24CS00AX535/DJI_202609080915_003/DJI_20260908092435_0004_S.MP4,B2,uav-09,S,53.30,2.22,129.759,163.96,3889,4914,2026-09-08 09:26:45.869,2026-09-08 09:27:20.051,1026
@raw/02_第二批_20260908_0924_单火点/01_正式视频/无人机09_1581F7K3C24CS00AX535/DJI_202609080915_003/DJI_20260908092435_0004_S.MP4,B2,uav-09,S,52.70,1.00,163.993,164.927,4915,4943,2026-09-08 09:27:20.090,2026-09-08 09:27:21.022,29
@raw/02_第二批_20260908_0924_单火点/01_正式视频/无人机09_1581F7K3C24CS00AX535/DJI_202609080915_003/DJI_20260908092435_0004_S.MP4,B2,uav-09,S,53.30,2.22,164.96,517.479,4944,15513,2026-09-08 09:27:21.052,2026-09-08 09:33:13.586,10566
@raw/02_第二批_20260908_0924_单火点/01_正式视频/无人机09_1581F7K3C24CS00AX535/DJI_202609080915_003/DJI_20260908092435_0004_S.MP4,B2,uav-09,S,52.70,1.00,517.512,521.079,15514,15621,2026-09-08 09:33:13.630,2026-09-08 09:33:17.200,108
@raw/02_第二批_20260908_0924_单火点/01_正式视频/无人机09_1581F7K3C24CS00AX535/DJI_202609080915_003/DJI_20260908092435_0004_S.MP4,B2,uav-09,S,53.30,2.22,521.112,523.081,15622,15681,2026-09-08 09:33:17.254,2026-09-08 09:33:19.222,60
@raw/02_第二批_20260908_0924_单火点/01_正式视频/无人机09_1581F7K3C24CS00AX535/DJI_202609080915_003/DJI_20260908092435_0004_S.MP4,B2,uav-09,S,52.70,1.00,523.114,526.348,15682,15779,2026-09-08 09:33:19.265,2026-09-08 09:33:22.499,98
@raw/02_第二批_20260908_0924_单火点/01_正式视频/无人机09_1581F7K3C24CS00AX535/DJI_202609080915_003/DJI_20260908092435_0004_S.MP4,B2,uav-09,S,53.30,2.22,526.381,533.121,15780,15982,2026-09-08 09:33:22.526,2026-09-08 09:33:29.268,203
@raw/02_第二批_20260908_0924_单火点/01_正式视频/无人机09_1581F7K3C24CS00AX535/DJI_202609080915_003/DJI_20260908092435_0004_S.MP4,B2,uav-09,S,52.70,1.00,533.154,535.588,15983,16056,2026-09-08 09:33:29.303,2026-09-08 09:33:31.738,74
@raw/02_第二批_20260908_0924_单火点/01_正式视频/无人机09_1581F7K3C24CS00AX535/DJI_202609080915_003/DJI_20260908092435_0004_S.MP4,B2,uav-09,S,53.30,2.22,535.621,837.556,16057,25111,2026-09-08 09:33:31.771,2026-09-08 09:38:33.730,9050
@raw/02_第二批_20260908_0924_单火点/01_正式视频/无人机09_1581F7K3C24CS00AX535/DJI_202609080915_003/DJI_20260908092435_0004_S.MP4,B2,uav-09,S,52.70,1.00,837.589,839.123,25112,25158,2026-09-08 09:38:33.754,2026-09-08 09:38:35.284,47
@raw/02_第二批_20260908_0924_单火点/01_正式视频/无人机09_1581F7K3C24CS00AX535/DJI_202609080915_003/DJI_20260908092435_0004_S.MP4,B2,uav-09,S,53.30,2.22,839.156,959.143,25159,28757,2026-09-08 09:38:35.298,2026-09-08 09:40:35.284,3597
@raw/02_第二批_20260908_0924_单火点/01_正式视频/无人机09_1581F7K3C24CS00AX535/DJI_202609080915_003/DJI_20260908092435_0004_S.MP4,B2,uav-09,S,52.70,1.00,959.176,960.143,28758,28787,2026-09-08 09:40:35.321,2026-09-08 09:40:36.286,30
@raw/02_第二批_20260908_0924_单火点/01_正式视频/无人机09_1581F7K3C24CS00AX535/DJI_202609080915_003/DJI_20260908092435_0004_S.MP4,B2,uav-09,S,53.30,2.22,960.176,961.444,28788,28826,2026-09-08 09:40:36.317,2026-09-08 09:40:37.583,39
@raw/02_第二批_20260908_0924_单火点/01_正式视频/无人机09_1581F7K3C24CS00AX535/DJI_202609080915_003/DJI_20260908092435_0004_S.MP4,B2,uav-09,S,52.70,1.00,961.477,962.677,28827,28863,2026-09-08 09:40:37.622,2026-09-08 09:40:38.825,37
@raw/02_第二批_20260908_0924_单火点/01_正式视频/无人机09_1581F7K3C24CS00AX535/DJI_202609080915_003/DJI_20260908092435_0004_S.MP4,B2,uav-09,S,53.30,2.22,962.711,1000.982,28864,30011,2026-09-08 09:40:38.851,2026-09-08 09:41:17.039,1148
@raw/02_第二批_20260908_0924_单火点/01_正式视频/无人机09_1581F7K3C24CS00AX535/DJI_202609080915_003/DJI_20260908092435_0004_V.MP4,B2,uav-09,V,53.30,2.22,0.0,1001.033,0,30011,2026-09-08 09:24:36.082,2026-09-08 09:41:17.035,30002
@raw/03_第三批_20260908_1006_多火点/01_正式视频/无人机01_1581F7K3C251800CYBVP/DJI_202609080945_004/DJI_20260908100826_0002_S.MP4,B3,uav-01,S,53.30,2.22,0.0,552.652,0,16569,2026-09-08 10:08:26.471,2026-09-08 10:17:39.092,16564
@raw/03_第三批_20260908_1006_多火点/01_正式视频/无人机01_1581F7K3C251800CYBVP/DJI_202609080945_004/DJI_20260908100826_0002_S.MP4,B3,uav-01,S,52.70,1.00,552.685,562.052,16570,16851,2026-09-08 10:17:39.148,2026-09-08 10:17:48.514,282
@raw/03_第三批_20260908_1006_多火点/01_正式视频/无人机01_1581F7K3C251800CYBVP/DJI_202609080945_004/DJI_20260908100826_0002_S.MP4,B3,uav-01,S,53.30,2.22,562.085,693.55,16852,20794,2026-09-08 10:17:48.572,2026-09-08 10:20:00.009,3941
@raw/03_第三批_20260908_1006_多火点/01_正式视频/无人机01_1581F7K3C251800CYBVP/DJI_202609080945_004/DJI_20260908100826_0002_V.MP4,B3,uav-01,V,53.30,2.22,0.0,693.593,0,20795,2026-09-08 10:08:26.449,2026-09-08 10:20:00.006,20788
@raw/03_第三批_20260908_1006_多火点/01_正式视频/无人机02_1581F7K3C267500D2DQD/DJI_202609080957_005/DJI_20260908100606_0001_S.MP4,B3,uav-02,S,53.00,2.21,0.0,86.219,0,2584,2026-09-08 10:06:07.221,2026-09-08 10:07:33.355,2585
@raw/03_第三批_20260908_1006_多火点/01_正式视频/无人机02_1581F7K3C267500D2DQD/DJI_202609080957_005/DJI_20260908100606_0001_S.MP4,B3,uav-02,S,52.70,1.00,86.253,88.286,2585,2646,2026-09-08 10:07:33.368,2026-09-08 10:07:35.402,62
@raw/03_第三批_20260908_1006_多火点/01_正式视频/无人机02_1581F7K3C267500D2DQD/DJI_202609080957_005/DJI_20260908100606_0001_S.MP4,B3,uav-02,S,53.00,2.21,88.32,501.132,2647,15024,2026-09-08 10:07:35.423,2026-09-08 10:14:28.214,12373
@raw/03_第三批_20260908_1006_多火点/01_正式视频/无人机02_1581F7K3C267500D2DQD/DJI_202609080957_005/DJI_20260908100606_0001_S.MP4,B3,uav-02,S,52.70,1.00,501.165,853.599,15025,25602,2026-09-08 10:14:28.237,2026-09-08 10:20:20.698,10574
@raw/03_第三批_20260908_1006_多火点/01_正式视频/无人机02_1581F7K3C267500D2DQD/DJI_202609080957_005/DJI_20260908100606_0001_V.MP4,B3,uav-02,V,53.00,2.21,0.0,853.453,0,25587,2026-09-08 10:06:07.282,2026-09-08 10:20:20.707,25579
@raw/03_第三批_20260908_1006_多火点/01_正式视频/无人机03_1581F7K3C255900D76E8/DJI_202609080957_005/DJI_20260908100550_0001_S.MP4,B3,uav-03,S,33.80,1.41,0.0,72.072,0,2160,2026-09-08 10:05:51.419,2026-09-08 10:07:03.475,2161
@raw/03_第三批_20260908_1006_多火点/01_正式视频/无人机03_1581F7K3C255900D76E8/DJI_202609080957_005/DJI_20260908100550_0001_S.MP4,B3,uav-03,S,52.70,1.00,72.105,74.139,2161,2222,2026-09-08 10:07:03.524,2026-09-08 10:07:05.556,62
@raw/03_第三批_20260908_1006_多火点/01_正式视频/无人机03_1581F7K3C255900D76E8/DJI_202609080957_005/DJI_20260908100550_0001_S.MP4,B3,uav-03,S,33.80,1.41,74.172,81.646,2223,2447,2026-09-08 10:07:05.579,2026-09-08 10:07:13.053,225
@raw/03_第三批_20260908_1006_多火点/01_正式视频/无人机03_1581F7K3C255900D76E8/DJI_202609080957_005/DJI_20260908100550_0001_S.MP4,B3,uav-03,S,52.70,1.00,81.68,83.28,2448,2496,2026-09-08 10:07:13.094,2026-09-08 10:07:14.695,49
@raw/03_第三批_20260908_1006_多火点/01_正式视频/无人机03_1581F7K3C255900D76E8/DJI_202609080957_005/DJI_20260908100550_0001_S.MP4,B3,uav-03,S,33.80,1.41,83.313,84.247,2497,2525,2026-09-08 10:07:14.755,2026-09-08 10:07:15.688,29
@raw/03_第三批_20260908_1006_多火点/01_正式视频/无人机03_1581F7K3C255900D76E8/DJI_202609080957_005/DJI_20260908100550_0001_S.MP4,B3,uav-03,S,52.70,1.00,84.28,84.98,2526,2547,2026-09-08 10:07:15.728,2026-09-08 10:07:16.427,22
@raw/03_第三批_20260908_1006_多火点/01_正式视频/无人机03_1581F7K3C255900D76E8/DJI_202609080957_005/DJI_20260908100550_0001_S.MP4,B3,uav-03,S,33.80,1.41,85.014,95.491,2548,2862,2026-09-08 10:07:16.458,2026-09-08 10:07:26.934,315
@raw/03_第三批_20260908_1006_多火点/01_正式视频/无人机03_1581F7K3C255900D76E8/DJI_202609080957_005/DJI_20260908100550_0001_S.MP4,B3,uav-03,S,52.70,1.00,95.524,99.058,2863,2969,2026-09-08 10:07:26.957,2026-09-08 10:07:30.490,107
@raw/03_第三批_20260908_1006_多火点/01_正式视频/无人机03_1581F7K3C255900D76E8/DJI_202609080957_005/DJI_20260908100550_0001_S.MP4,B3,uav-03,S,33.80,1.41,99.091,102.161,2970,3062,2026-09-08 10:07:30.537,2026-09-08 10:07:33.605,93
@raw/03_第三批_20260908_1006_多火点/01_正式视频/无人机03_1581F7K3C255900D76E8/DJI_202609080957_005/DJI_20260908100550_0001_S.MP4,B3,uav-03,S,52.70,1.00,102.194,112.294,3063,3366,2026-09-08 10:07:33.657,2026-09-08 10:07:43.759,304
@raw/03_第三批_20260908_1006_多火点/01_正式视频/无人机03_1581F7K3C255900D76E8/DJI_202609080957_005/DJI_20260908100550_0001_S.MP4,B3,uav-03,S,33.80,1.41,112.327,113.062,3367,3389,2026-09-08 10:07:43.813,2026-09-08 10:07:44.547,23
@raw/03_第三批_20260908_1006_多火点/01_正式视频/无人机03_1581F7K3C255900D76E8/DJI_202609080957_005/DJI_20260908100550_0001_S.MP4,B3,uav-03,S,52.70,1.00,113.095,116.995,3390,3507,2026-09-08 10:07:44.562,2026-09-08 10:07:48.463,118
@raw/03_第三批_20260908_1006_多火点/01_正式视频/无人机03_1581F7K3C255900D76E8/DJI_202609080957_005/DJI_20260908100550_0001_S.MP4,B3,uav-03,S,33.80,1.41,117.028,117.929,3508,3535,2026-09-08 10:07:48.488,2026-09-08 10:07:49.389,28
@raw/03_第三批_20260908_1006_多火点/01_正式视频/无人机03_1581F7K3C255900D76E8/DJI_202609080957_005/DJI_20260908100550_0001_S.MP4,B3,uav-03,S,52.70,1.00,117.962,123.029,3536,3689,2026-09-08 10:07:49.425,2026-09-08 10:07:54.496,153
@raw/03_第三批_20260908_1006_多火点/01_正式视频/无人机03_1581F7K3C255900D76E8/DJI_202609080957_005/DJI_20260908100550_0001_S.MP4,B3,uav-03,S,33.80,1.41,123.062,123.963,3690,3717,2026-09-08 10:07:54.524,2026-09-08 10:07:55.424,28
@raw/03_第三批_20260908_1006_多火点/01_正式视频/无人机03_1581F7K3C255900D76E8/DJI_202609080957_005/DJI_20260908100550_0001_S.MP4,B3,uav-03,S,52.70,1.00,123.997,125.663,3718,3768,2026-09-08 10:07:55.465,2026-09-08 10:07:57.116,51
@raw/03_第三批_20260908_1006_多火点/01_正式视频/无人机03_1581F7K3C255900D76E8/DJI_202609080957_005/DJI_20260908100550_0001_S.MP4,B3,uav-03,S,33.80,1.41,125.697,175.213,3769,5253,2026-09-08 10:07:57.149,2026-09-08 10:08:46.660,1485
@raw/03_第三批_20260908_1006_多火点/01_正式视频/无人机03_1581F7K3C255900D76E8/DJI_202609080957_005/DJI_20260908100550_0001_S.MP4,B3,uav-03,S,52.70,1.00,175.246,177.246,5254,5314,2026-09-08 10:08:46.676,2026-09-08 10:08:48.673,61
@raw/03_第三批_20260908_1006_多火点/01_正式视频/无人机03_1581F7K3C255900D76E8/DJI_202609080957_005/DJI_20260908100550_0001_S.MP4,B3,uav-03,S,33.80,1.41,177.28,233.069,5315,6987,2026-09-08 10:08:48.695,2026-09-08 10:09:44.502,1673
@raw/03_第三批_20260908_1006_多火点/01_正式视频/无人机03_1581F7K3C255900D76E8/DJI_202609080957_005/DJI_20260908100550_0001_S.MP4,B3,uav-03,S,52.70,1.00,233.102,236.302,6988,7085,2026-09-08 10:09:44.522,2026-09-08 10:09:47.721,97
@raw/03_第三批_20260908_1006_多火点/01_正式视频/无人机03_1581F7K3C255900D76E8/DJI_202609080957_005/DJI_20260908100550_0001_S.MP4,B3,uav-03,S,33.80,1.41,236.335,237.27,7086,7114,2026-09-08 10:09:47.768,2026-09-08 10:09:48.702,29
@raw/03_第三批_20260908_1006_多火点/01_正式视频/无人机03_1581F7K3C255900D76E8/DJI_202609080957_005/DJI_20260908100550_0001_S.MP4,B3,uav-03,S,52.70,1.00,237.303,238.336,7115,7146,2026-09-08 10:09:48.721,2026-09-08 10:09:49.753,32
@raw/03_第三批_20260908_1006_多火点/01_正式视频/无人机03_1581F7K3C255900D76E8/DJI_202609080957_005/DJI_20260908100550_0001_S.MP4,B3,uav-03,S,33.80,1.41,238.37,239.204,7147,7172,2026-09-08 10:09:49.776,2026-09-08 10:09:50.604,26
@raw/03_第三批_20260908_1006_多火点/01_正式视频/无人机03_1581F7K3C255900D76E8/DJI_202609080957_005/DJI_20260908100550_0001_S.MP4,B3,uav-03,S,52.70,1.00,239.237,241.137,7173,7230,2026-09-08 10:09:50.654,2026-09-08 10:09:52.554,58
@raw/03_第三批_20260908_1006_多火点/01_正式视频/无人机03_1581F7K3C255900D76E8/DJI_202609080957_005/DJI_20260908100550_0001_S.MP4,B3,uav-03,S,33.80,1.41,241.171,242.172,7231,7261,2026-09-08 10:09:52.610,2026-09-08 10:09:53.611,31
@raw/03_第三批_20260908_1006_多火点/01_正式视频/无人机03_1581F7K3C255900D76E8/DJI_202609080957_005/DJI_20260908100550_0001_S.MP4,B3,uav-03,S,52.70,1.00,242.205,243.838,7262,7311,2026-09-08 10:09:53.621,2026-09-08 10:09:55.256,50
@raw/03_第三批_20260908_1006_多火点/01_正式视频/无人机03_1581F7K3C255900D76E8/DJI_202609080957_005/DJI_20260908100550_0001_S.MP4,B3,uav-03,S,33.80,1.41,243.872,250.278,7312,7504,2026-09-08 10:09:55.311,2026-09-08 10:10:01.730,193
@raw/03_第三批_20260908_1006_多火点/01_正式视频/无人机03_1581F7K3C255900D76E8/DJI_202609080957_005/DJI_20260908100550_0001_S.MP4,B3,uav-03,S,52.70,1.00,250.311,253.911,7505,7613,2026-09-08 10:10:01.767,2026-09-08 10:10:05.367,109
@raw/03_第三批_20260908_1006_多火点/01_正式视频/无人机03_1581F7K3C255900D76E8/DJI_202609080957_005/DJI_20260908100550_0001_S.MP4,B3,uav-03,S,33.80,1.41,253.945,254.612,7614,7634,2026-09-08 10:10:05.398,2026-09-08 10:10:06.068,21
@raw/03_第三批_20260908_1006_多火点/01_正式视频/无人机03_1581F7K3C255900D76E8/DJI_202609080957_005/DJI_20260908100550_0001_S.MP4,B3,uav-03,S,52.70,1.00,254.645,259.512,7635,7781,2026-09-08 10:10:06.072,2026-09-08 10:10:10.938,147
@raw/03_第三批_20260908_1006_多火点/01_正式视频/无人机03_1581F7K3C255900D76E8/DJI_202609080957_005/DJI_20260908100550_0001_S.MP4,B3,uav-03,S,33.80,1.41,259.545,263.316,7782,7895,2026-09-08 10:10:10.971,2026-09-08 10:10:14.736,114
@raw/03_第三批_20260908_1006_多火点/01_正式视频/无人机03_1581F7K3C255900D76E8/DJI_202609080957_005/DJI_20260908100550_0001_S.MP4,B3,uav-03,S,52.70,1.00,263.349,264.482,7896,7930,2026-09-08 10:10:14.762,2026-09-08 10:10:15.896,35
@raw/03_第三批_20260908_1006_多火点/01_正式视频/无人机03_1581F7K3C255900D76E8/DJI_202609080957_005/DJI_20260908100550_0001_S.MP4,B3,uav-03,S,33.80,1.41,264.516,371.389,7931,11136,2026-09-08 10:10:15.908,2026-09-08 10:12:02.779,3204
@raw/03_第三批_20260908_1006_多火点/01_正式视频/无人机03_1581F7K3C255900D76E8/DJI_202609080957_005/DJI_20260908100550_0001_S.MP4,B3,uav-03,S,52.70,1.00,371.423,373.856,11137,11210,2026-09-08 10:12:02.793,2026-09-08 10:12:05.225,74
@raw/03_第三批_20260908_1006_多火点/01_正式视频/无人机03_1581F7K3C255900D76E8/DJI_202609080957_005/DJI_20260908100550_0001_S.MP4,B3,uav-03,S,33.80,1.41,373.889,407.389,11211,12215,2026-09-08 10:12:05.248,2026-09-08 10:12:38.743,1005
@raw/03_第三批_20260908_1006_多火点/01_正式视频/无人机03_1581F7K3C255900D76E8/DJI_202609080957_005/DJI_20260908100550_0001_S.MP4,B3,uav-03,S,52.70,1.00,407.423,408.456,12216,12247,2026-09-08 10:12:38.793,2026-09-08 10:12:39.823,32
@raw/03_第三批_20260908_1006_多火点/01_正式视频/无人机03_1581F7K3C255900D76E8/DJI_202609080957_005/DJI_20260908100550_0001_S.MP4,B3,uav-03,S,33.80,1.41,408.489,454.135,12248,13616,2026-09-08 10:12:39.844,2026-09-08 10:13:25.490,1369
@raw/03_第三批_20260908_1006_多火点/01_正式视频/无人机03_1581F7K3C255900D76E8/DJI_202609080957_005/DJI_20260908100550_0001_S.MP4,B3,uav-03,S,52.70,1.00,454.168,455.268,13617,13650,2026-09-08 10:13:25.527,2026-09-08 10:13:26.629,34
@raw/03_第三批_20260908_1006_多火点/01_正式视频/无人机03_1581F7K3C255900D76E8/DJI_202609080957_005/DJI_20260908100550_0001_S.MP4,B3,uav-03,S,33.80,1.41,455.302,527.073,13651,15802,2026-09-08 10:13:26.659,2026-09-08 10:14:38.435,2152
@raw/03_第三批_20260908_1006_多火点/01_正式视频/无人机03_1581F7K3C255900D76E8/DJI_202609080957_005/DJI_20260908100550_0001_S.MP4,B3,uav-03,S,52.70,1.00,527.107,530.973,15803,15919,2026-09-08 10:14:38.473,2026-09-08 10:14:42.326,117
@raw/03_第三批_20260908_1006_多火点/01_正式视频/无人机03_1581F7K3C255900D76E8/DJI_202609080957_005/DJI_20260908100550_0001_S.MP4,B3,uav-03,S,33.80,1.41,531.007,789.699,15920,23677,2026-09-08 10:14:42.336,2026-09-08 10:19:01.047,7754
@raw/03_第三批_20260908_1006_多火点/01_正式视频/无人机03_1581F7K3C255900D76E8/DJI_202609080957_005/DJI_20260908100550_0001_S.MP4,B3,uav-03,S,52.70,1.00,789.732,794.399,23678,23818,2026-09-08 10:19:01.085,2026-09-08 10:19:05.753,141
@raw/03_第三批_20260908_1006_多火点/01_正式视频/无人机03_1581F7K3C255900D76E8/DJI_202609080957_005/DJI_20260908100550_0001_S.MP4,B3,uav-03,S,33.80,1.41,794.432,851.689,23819,25536,2026-09-08 10:19:05.787,2026-09-08 10:20:03.050,1717
@raw/03_第三批_20260908_1006_多火点/01_正式视频/无人机03_1581F7K3C255900D76E8/DJI_202609080957_005/DJI_20260908100550_0001_V.MP4,B3,uav-03,V,33.80,1.41,0.0,851.651,0,25533,2026-09-08 10:05:51.359,2026-09-08 10:20:03.042,25525
@raw/03_第三批_20260908_1006_多火点/01_正式视频/无人机04_1581F7K33258900AP021/DJI_202609080957_035/DJI_20260908100549_0001_S.MP4,B3,uav-04,S,53.80,2.24,0.0,16.316,0,489,2026-09-08 10:05:49.512,2026-09-08 10:06:05.781,490
@raw/03_第三批_20260908_1006_多火点/01_正式视频/无人机04_1581F7K33258900AP021/DJI_202609080957_035/DJI_20260908100549_0001_S.MP4,B3,uav-04,S,52.70,1.00,16.35,74.016,490,2220,2026-09-08 10:06:05.822,2026-09-08 10:07:03.486,1731
@raw/03_第三批_20260908_1006_多火点/01_正式视频/无人机04_1581F7K33258900AP021/DJI_202609080957_035/DJI_20260908100549_0001_S.MP4,B3,uav-04,S,53.80,2.24,74.05,77.52,2221,2325,2026-09-08 10:07:03.535,2026-09-08 10:07:07.008,105
@raw/03_第三批_20260908_1006_多火点/01_正式视频/无人机04_1581F7K33258900AP021/DJI_202609080957_035/DJI_20260908100549_0001_S.MP4,B3,uav-04,S,52.70,1.00,77.553,120.753,2326,3624,2026-09-08 10:07:07.054,2026-09-08 10:07:50.265,1297
@raw/03_第三批_20260908_1006_多火点/01_正式视频/无人机04_1581F7K33258900AP021/DJI_202609080957_035/DJI_20260908100549_0001_S.MP4,B3,uav-04,S,53.80,2.24,120.787,244.51,3625,7335,2026-09-08 10:07:50.290,2026-09-08 10:09:54.014,3709
@raw/03_第三批_20260908_1006_多火点/01_正式视频/无人机04_1581F7K33258900AP021/DJI_202609080957_035/DJI_20260908100549_0001_S.MP4,B3,uav-04,S,52.70,1.00,244.543,419.743,7336,12595,2026-09-08 10:09:54.061,2026-09-08 10:12:49.265,5257
@raw/03_第三批_20260908_1006_多火点/01_正式视频/无人机04_1581F7K33258900AP021/DJI_202609080957_035/DJI_20260908100549_0001_S.MP4,B3,uav-04,S,53.80,2.24,419.777,512.97,12596,15391,2026-09-08 10:12:49.435,2026-09-08 10:14:22.482,2794
@raw/03_第三批_20260908_1006_多火点/01_正式视频/无人机04_1581F7K33258900AP021/DJI_202609080957_035/DJI_20260908100549_0001_S.MP4,B3,uav-04,S,52.70,1.00,513.003,528.437,15392,15856,2026-09-08 10:14:22.528,2026-09-08 10:14:37.971,464
@raw/03_第三批_20260908_1006_多火点/01_正式视频/无人机04_1581F7K33258900AP021/DJI_202609080957_035/DJI_20260908100549_0001_S.MP4,B3,uav-04,S,53.80,2.24,528.47,876.518,15857,26296,2026-09-08 10:14:38.035,2026-09-08 10:20:26.089,10432
@raw/03_第三批_20260908_1006_多火点/01_正式视频/无人机04_1581F7K33258900AP021/DJI_202609080957_035/DJI_20260908100549_0001_V.MP4,B3,uav-04,V,53.80,2.24,0.0,876.576,0,26290,2026-09-08 10:05:49.566,2026-09-08 10:20:26.121,26272
@raw/03_第三批_20260908_1006_多火点/01_正式视频/无人机05_1581F7K3C251400CFB45/DJI_202609080957_004/DJI_20260908100545_0001_S.MP4,B3,uav-05,S,52.70,1.00,0.0,3.2,0,96,2026-09-08 10:05:46.201,2026-09-08 10:05:49.346,97
@raw/03_第三批_20260908_1006_多火点/01_正式视频/无人机05_1581F7K3C251400CFB45/DJI_202609080957_004/DJI_20260908100545_0001_S.MP4,B3,uav-05,S,53.00,2.21,3.233,84.448,97,2532,2026-09-08 10:05:49.377,2026-09-08 10:07:10.571,2435
@raw/03_第三批_20260908_1006_多火点/01_正式视频/无人机05_1581F7K3C251400CFB45/DJI_202609080957_004/DJI_20260908100545_0001_S.MP4,B3,uav-05,S,52.70,1.00,84.481,216.748,2533,6505,2026-09-08 10:07:10.623,2026-09-08 10:09:22.880,3969
@raw/03_第三批_20260908_1006_多火点/01_正式视频/无人机05_1581F7K3C251400CFB45/DJI_202609080957_004/DJI_20260908100545_0001_S.MP4,B3,uav-05,S,53.00,2.21,216.781,417.181,6506,12516,2026-09-08 10:09:22.896,2026-09-08 10:12:43.332,6007
@raw/03_第三批_20260908_1006_多火点/01_正式视频/无人机05_1581F7K3C251400CFB45/DJI_202609080957_004/DJI_20260908100545_0001_S.MP4,B3,uav-05,S,52.70,1.00,417.215,533.981,12517,16022,2026-09-08 10:12:43.507,2026-09-08 10:14:40.152,3504
@raw/03_第三批_20260908_1006_多火点/01_正式视频/无人机05_1581F7K3C251400CFB45/DJI_202609080957_004/DJI_20260908100545_0001_S.MP4,B3,uav-05,S,53.00,2.21,534.015,627.909,16023,18839,2026-09-08 10:14:40.214,2026-09-08 10:16:14.111,2815
@raw/03_第三批_20260908_1006_多火点/01_正式视频/无人机05_1581F7K3C251400CFB45/DJI_202609080957_004/DJI_20260908100545_0001_S.MP4,B3,uav-05,S,52.70,1.00,627.942,873.442,18840,26208,2026-09-08 10:16:14.120,2026-09-08 10:20:19.635,7366
@raw/03_第三批_20260908_1006_多火点/01_正式视频/无人机05_1581F7K3C251400CFB45/DJI_202609080957_004/DJI_20260908100545_0001_V.MP4,B3,uav-05,V,53.00,2.21,0.0,873.506,0,26197,2026-09-08 10:05:46.121,2026-09-08 10:20:19.627,26180
@raw/03_第三批_20260908_1006_多火点/01_正式视频/无人机06_1581F7K3C254N00D16Y8/DJI_202609080946_003/DJI_20260908100628_0001_V.MP4,B3,uav-06,V,54.40,2.27,0.0,766.633,0,22985,2026-09-08 10:06:29.468,2026-09-08 10:19:16.061,22977
@raw/03_第三批_20260908_1006_多火点/01_正式视频/无人机06_1581F7K3C254N00D16Y8/DJI_202609080946_003/DJI_20260908100629_0001_S.MP4,B3,uav-06,S,52.70,1.00,0.0,766.667,0,23008,2026-09-08 10:06:29.413,2026-09-08 10:19:16.048,23001
@raw/03_第三批_20260908_1006_多火点/01_正式视频/无人机07_1581F7K3325B100AS0AG/DJI_202609081002_003/DJI_20260908100617_0001_S.MP4,B3,uav-07,S,53.10,2.21,0.0,142.843,0,4283,2026-09-08 10:06:18.024,2026-09-08 10:08:40.852,4282
@raw/03_第三批_20260908_1006_多火点/01_正式视频/无人机07_1581F7K3325B100AS0AG/DJI_202609081002_003/DJI_20260908100617_0001_S.MP4,B3,uav-07,S,53.40,2.23,142.876,142.876,4284,4284,2026-09-08 10:08:40.886,2026-09-08 10:08:40.886,1
@raw/03_第三批_20260908_1006_多火点/01_正式视频/无人机07_1581F7K3325B100AS0AG/DJI_202609081002_003/DJI_20260908100617_0001_S.MP4,B3,uav-07,S,53.80,2.24,142.909,262.028,4285,7855,2026-09-08 10:08:40.918,2026-09-08 10:10:40.001,3571
@raw/03_第三批_20260908_1006_多火点/01_正式视频/无人机07_1581F7K3325B100AS0AG/DJI_202609081002_003/DJI_20260908100617_0001_S.MP4,B3,uav-07,S,52.70,1.00,262.062,263.728,7856,7906,2026-09-08 10:10:40.052,2026-09-08 10:10:41.717,51
@raw/03_第三批_20260908_1006_多火点/01_正式视频/无人机07_1581F7K3325B100AS0AG/DJI_202609081002_003/DJI_20260908100617_0001_S.MP4,B3,uav-07,S,53.80,2.24,263.762,503.234,7907,15087,2026-09-08 10:10:41.770,2026-09-08 10:14:41.290,7178
@raw/03_第三批_20260908_1006_多火点/01_正式视频/无人机07_1581F7K3325B100AS0AG/DJI_202609081002_003/DJI_20260908100617_0001_V.MP4,B3,uav-07,V,53.10,2.21,0.0,142.809,0,4282,2026-09-08 10:06:18.050,2026-09-08 10:08:40.843,4281
@raw/03_第三批_20260908_1006_多火点/01_正式视频/无人机07_1581F7K3325B100AS0AG/DJI_202609081002_003/DJI_20260908100617_0001_V.MP4,B3,uav-07,V,53.40,2.23,142.843,142.843,4283,4283,2026-09-08 10:08:40.877,2026-09-08 10:08:40.877,1
@raw/03_第三批_20260908_1006_多火点/01_正式视频/无人机07_1581F7K3325B100AS0AG/DJI_202609081002_003/DJI_20260908100617_0001_V.MP4,B3,uav-07,V,53.80,2.24,142.876,503.236,4284,15088,2026-09-08 10:08:40.909,2026-09-08 10:14:41.284,10801
@raw/03_第三批_20260908_1006_多火点/01_正式视频/无人机08_1581F7K3C256N00DCP1T/DJI_202609080958_004/DJI_20260908100611_0001_S.MP4,B3,uav-08,S,24.00,1.00,0.0,10.444,0,313,2026-09-08 10:06:11.891,2026-09-08 10:06:22.229,314
@raw/03_第三批_20260908_1006_多火点/01_正式视频/无人机08_1581F7K3C256N00DCP1T/DJI_202609080958_004/DJI_20260908100611_0001_S.MP4,B3,uav-08,S,52.70,1.00,10.477,17.277,314,518,2026-09-08 10:06:22.246,2026-09-08 10:06:29.046,205
@raw/03_第三批_20260908_1006_多火点/01_正式视频/无人机08_1581F7K3C256N00DCP1T/DJI_202609080958_004/DJI_20260908100611_0001_S.MP4,B3,uav-08,S,24.00,1.00,17.31,25.285,519,758,2026-09-08 10:06:29.069,2026-09-08 10:06:37.042,240
@raw/03_第三批_20260908_1006_多火点/01_正式视频/无人机08_1581F7K3C256N00DCP1T/DJI_202609080958_004/DJI_20260908100611_0001_S.MP4,B3,uav-08,S,52.70,1.00,25.318,50.852,759,1525,2026-09-08 10:06:37.087,2026-09-08 10:07:02.555,767
@raw/03_第三批_20260908_1006_多火点/01_正式视频/无人机08_1581F7K3C256N00DCP1T/DJI_202609080958_004/DJI_20260908100611_0001_S.MP4,B3,uav-08,S,24.00,1.00,50.885,51.92,1526,1557,2026-09-08 10:07:02.609,2026-09-08 10:07:03.643,32
@raw/03_第三批_20260908_1006_多火点/01_正式视频/无人机08_1581F7K3C256N00DCP1T/DJI_202609080958_004/DJI_20260908100611_0001_S.MP4,B3,uav-08,S,52.70,1.00,51.953,59.886,1558,1796,2026-09-08 10:07:03.655,2026-09-08 10:07:11.590,239
@raw/03_第三批_20260908_1006_多火点/01_正式视频/无人机08_1581F7K3C256N00DCP1T/DJI_202609080958_004/DJI_20260908100611_0001_S.MP4,B3,uav-08,S,24.00,1.00,59.92,61.187,1797,1835,2026-09-08 10:07:11.620,2026-09-08 10:07:12.887,39
@raw/03_第三批_20260908_1006_多火点/01_正式视频/无人机08_1581F7K3C256N00DCP1T/DJI_202609080958_004/DJI_20260908100611_0001_S.MP4,B3,uav-08,S,52.70,1.00,61.221,123.354,1836,3701,2026-09-08 10:07:12.926,2026-09-08 10:08:15.122,1865
@raw/03_第三批_20260908_1006_多火点/01_正式视频/无人机08_1581F7K3C256N00DCP1T/DJI_202609080958_004/DJI_20260908100611_0001_S.MP4,B3,uav-08,S,24.00,1.00,123.388,129.46,3702,3884,2026-09-08 10:08:15.149,2026-09-08 10:08:21.225,183
@raw/03_第三批_20260908_1006_多火点/01_正式视频/无人机08_1581F7K3C256N00DCP1T/DJI_202609080958_004/DJI_20260908100611_0001_S.MP4,B3,uav-08,S,52.70,1.00,129.494,144.06,3885,4323,2026-09-08 10:08:21.261,2026-09-08 10:08:35.820,438
@raw/03_第三批_20260908_1006_多火点/01_正式视频/无人机08_1581F7K3C256N00DCP1T/DJI_202609080958_004/DJI_20260908100611_0001_S.MP4,B3,uav-08,S,24.00,1.00,144.094,146.596,4324,4399,2026-09-08 10:08:35.869,2026-09-08 10:08:38.371,76
@raw/03_第三批_20260908_1006_多火点/01_正式视频/无人机08_1581F7K3C256N00DCP1T/DJI_202609080958_004/DJI_20260908100611_0001_S.MP4,B3,uav-08,S,52.70,1.00,146.629,441.729,4400,13255,2026-09-08 10:08:38.421,2026-09-08 10:13:33.531,8854
@raw/03_第三批_20260908_1006_多火点/01_正式视频/无人机08_1581F7K3C256N00DCP1T/DJI_202609080958_004/DJI_20260908100611_0001_S.MP4,B3,uav-08,S,24.00,1.00,441.763,443.998,13256,13323,2026-09-08 10:13:33.575,2026-09-08 10:13:35.808,68
@raw/03_第三批_20260908_1006_多火点/01_正式视频/无人机08_1581F7K3C256N00DCP1T/DJI_202609080958_004/DJI_20260908100611_0001_S.MP4,B3,uav-08,S,52.70,1.00,444.032,507.465,13324,15229,2026-09-08 10:13:35.828,2026-09-08 10:14:39.273,1904
@raw/03_第三批_20260908_1006_多火点/01_正式视频/无人机08_1581F7K3C256N00DCP1T/DJI_202609080958_004/DJI_20260908100611_0001_S.MP4,B3,uav-08,S,24.00,1.00,507.498,510.234,15230,15312,2026-09-08 10:14:39.317,2026-09-08 10:14:42.056,83
@raw/03_第三批_20260908_1006_多火点/01_正式视频/无人机08_1581F7K3C256N00DCP1T/DJI_202609080958_004/DJI_20260908100611_0001_S.MP4,B3,uav-08,S,52.70,1.00,510.268,554.034,15313,16627,2026-09-08 10:14:42.074,2026-09-08 10:15:26.827,1314
@raw/03_第三批_20260908_1006_多火点/01_正式视频/无人机08_1581F7K3C256N00DCP1T/DJI_202609080958_004/DJI_20260908100611_0001_S.MP4,B3,uav-08,S,24.00,1.00,554.068,630.411,16628,18917,2026-09-08 10:15:26.884,2026-09-08 10:16:42.224,2289
@raw/03_第三批_20260908_1006_多火点/01_正式视频/无人机08_1581F7K3C256N00DCP1T/DJI_202609080958_004/DJI_20260908100611_0001_S.MP4,B3,uav-08,S,52.70,1.00,630.444,759.077,18918,22779,2026-09-08 10:16:42.263,2026-09-08 10:18:50.911,3860
@raw/03_第三批_20260908_1006_多火点/01_正式视频/无人机08_1581F7K3C256N00DCP1T/DJI_202609080958_004/DJI_20260908100611_0001_V.MP4,B3,uav-08,V,24.00,1.00,0.0,759.058,0,22758,2026-09-08 10:06:11.895,2026-09-08 10:18:50.932,22750
@raw/03_第三批_20260908_1006_多火点/01_正式视频/无人机09_1581F7K3C24CS00AX535/DJI_202609080957_004/DJI_20260908100604_0001_S.MP4,B3,uav-09,S,54.70,2.28,0.0,8.876,0,266,2026-09-08 10:06:05.059,2026-09-08 10:06:13.878,267
@raw/03_第三批_20260908_1006_多火点/01_正式视频/无人机09_1581F7K3C24CS00AX535/DJI_202609080957_004/DJI_20260908100604_0001_S.MP4,B3,uav-09,S,52.70,1.00,8.909,11.109,267,333,2026-09-08 10:06:13.929,2026-09-08 10:06:16.128,67
@raw/03_第三批_20260908_1006_多火点/01_正式视频/无人机09_1581F7K3C24CS00AX535/DJI_202609080957_004/DJI_20260908100604_0001_S.MP4,B3,uav-09,S,54.70,2.28,11.142,12.744,334,382,2026-09-08 10:06:16.150,2026-09-08 10:06:17.749,49
@raw/03_第三批_20260908_1006_多火点/01_正式视频/无人机09_1581F7K3C24CS00AX535/DJI_202609080957_004/DJI_20260908100604_0001_S.MP4,B3,uav-09,S,52.70,1.00,12.777,13.744,383,412,2026-09-08 10:06:17.795,2026-09-08 10:06:18.762,30
@raw/03_第三批_20260908_1006_多火点/01_正式视频/无人机09_1581F7K3C24CS00AX535/DJI_202609080957_004/DJI_20260908100604_0001_S.MP4,B3,uav-09,S,54.70,2.28,13.777,32.196,413,965,2026-09-08 10:06:18.786,2026-09-08 10:06:37.211,553
@raw/03_第三批_20260908_1006_多火点/01_正式视频/无人机09_1581F7K3C24CS00AX535/DJI_202609080957_004/DJI_20260908100604_0001_S.MP4,B3,uav-09,S,52.70,1.00,32.229,159.496,966,4785,2026-09-08 10:06:37.250,2026-09-08 10:08:44.504,3819
@raw/03_第三批_20260908_1006_多火点/01_正式视频/无人机09_1581F7K3C24CS00AX535/DJI_202609080957_004/DJI_20260908100604_0001_S.MP4,B3,uav-09,S,54.70,2.28,159.529,168.438,4786,5053,2026-09-08 10:08:44.533,2026-09-08 10:08:53.441,268
@raw/03_第三批_20260908_1006_多火点/01_正式视频/无人机09_1581F7K3C24CS00AX535/DJI_202609080957_004/DJI_20260908100604_0001_S.MP4,B3,uav-09,S,52.70,1.00,168.471,172.805,5054,5184,2026-09-08 10:08:53.465,2026-09-08 10:08:57.798,131
@raw/03_第三批_20260908_1006_多火点/01_正式视频/无人机09_1581F7K3C24CS00AX535/DJI_202609080957_004/DJI_20260908100604_0001_S.MP4,B3,uav-09,S,54.70,2.28,172.838,409.307,5185,12275,2026-09-08 10:08:57.852,2026-09-08 10:12:54.311,7088
@raw/03_第三批_20260908_1006_多火点/01_正式视频/无人机09_1581F7K3C24CS00AX535/DJI_202609080957_004/DJI_20260908100604_0001_S.MP4,B3,uav-09,S,52.70,1.00,409.341,412.107,12276,12359,2026-09-08 10:12:54.326,2026-09-08 10:12:57.091,84
@raw/03_第三批_20260908_1006_多火点/01_正式视频/无人机09_1581F7K3C24CS00AX535/DJI_202609080957_004/DJI_20260908100604_0001_S.MP4,B3,uav-09,S,54.70,2.28,412.141,825.087,12360,24739,2026-09-08 10:12:57.149,2026-09-08 10:19:50.098,12377
@raw/03_第三批_20260908_1006_多火点/01_正式视频/无人机09_1581F7K3C24CS00AX535/DJI_202609080957_004/DJI_20260908100604_0001_S.MP4,B3,uav-09,S,52.70,1.00,825.12,827.453,24740,24810,2026-09-08 10:19:50.145,2026-09-08 10:19:52.461,71
@raw/03_第三批_20260908_1006_多火点/01_正式视频/无人机09_1581F7K3C24CS00AX535/DJI_202609080957_004/DJI_20260908100604_0001_S.MP4,B3,uav-09,S,54.70,2.28,827.487,937.697,24811,28115,2026-09-08 10:19:52.503,2026-09-08 10:21:42.731,3304
@raw/03_第三批_20260908_1006_多火点/01_正式视频/无人机09_1581F7K3C24CS00AX535/DJI_202609080957_004/DJI_20260908100604_0001_V.MP4,B3,uav-09,V,54.70,2.28,0.0,937.737,0,28114,2026-09-08 10:06:05.030,2026-09-08 10:21:42.762,28105
@raw/04_第四批_20260908_1053_多火点与余热点/01_正式视频/无人机01_1581F7K3C251800CYBVP/DJI_202609081030_005/DJI_20260908105248_0002_S.MP4,B4,uav-01,S,31.40,1.31,0.0,1001.067,0,30012,2026-09-08 10:52:49.122,2026-09-08 11:09:30.085,30003
@raw/04_第四批_20260908_1053_多火点与余热点/01_正式视频/无人机01_1581F7K3C251800CYBVP/DJI_202609081030_005/DJI_20260908105248_0002_V.MP4,B4,uav-01,V,31.40,1.31,0.0,1001.0,0,30014,2026-09-08 10:52:49.099,2026-09-08 11:09:30.111,30001
@raw/04_第四批_20260908_1053_多火点与余热点/01_正式视频/无人机02_1581F7K3C267500D2DQD/DJI_202609081040_006/DJI_20260908105306_0001_S.MP4,B4,uav-02,S,52.70,1.00,0.0,7.233,0,217,2026-09-08 10:53:07.055,2026-09-08 10:53:14.231,218
@raw/04_第四批_20260908_1053_多火点与余热点/01_正式视频/无人机02_1581F7K3C267500D2DQD/DJI_202609081040_006/DJI_20260908105306_0001_S.MP4,B4,uav-02,S,52.80,2.20,7.267,48.508,218,1454,2026-09-08 10:53:14.262,2026-09-08 10:53:55.499,1237
@raw/04_第四批_20260908_1053_多火点与余热点/01_正式视频/无人机02_1581F7K3C267500D2DQD/DJI_202609081040_006/DJI_20260908105306_0001_S.MP4,B4,uav-02,S,52.70,1.00,48.541,52.575,1455,1576,2026-09-08 10:53:55.537,2026-09-08 10:53:59.560,122
@raw/04_第四批_20260908_1053_多火点与余热点/01_正式视频/无人机02_1581F7K3C267500D2DQD/DJI_202609081040_006/DJI_20260908105306_0001_S.MP4,B4,uav-02,S,52.80,2.20,52.608,53.375,1577,1600,2026-09-08 10:53:59.605,2026-09-08 10:54:00.368,24
@raw/04_第四批_20260908_1053_多火点与余热点/01_正式视频/无人机02_1581F7K3C267500D2DQD/DJI_202609081040_006/DJI_20260908105306_0001_S.MP4,B4,uav-02,S,52.70,1.00,53.409,59.909,1601,1796,2026-09-08 10:54:00.426,2026-09-08 10:54:06.924,196
@raw/04_第四批_20260908_1053_多火点与余热点/01_正式视频/无人机02_1581F7K3C267500D2DQD/DJI_202609081040_006/DJI_20260908105306_0001_S.MP4,B4,uav-02,S,52.80,2.20,59.942,74.123,1797,2222,2026-09-08 10:54:06.942,2026-09-08 10:54:21.165,426
@raw/04_第四批_20260908_1053_多火点与余热点/01_正式视频/无人机02_1581F7K3C267500D2DQD/DJI_202609081040_006/DJI_20260908105306_0001_S.MP4,B4,uav-02,S,52.70,1.00,74.156,76.256,2223,2286,2026-09-08 10:54:21.199,2026-09-08 10:54:23.303,64
@raw/04_第四批_20260908_1053_多火点与余热点/01_正式视频/无人机02_1581F7K3C267500D2DQD/DJI_202609081040_006/DJI_20260908105306_0001_S.MP4,B4,uav-02,S,52.80,2.20,76.29,157.17,2287,4712,2026-09-08 10:54:23.332,2026-09-08 10:55:44.185,2425
@raw/04_第四批_20260908_1053_多火点与余热点/01_正式视频/无人机02_1581F7K3C267500D2DQD/DJI_202609081040_006/DJI_20260908105306_0001_S.MP4,B4,uav-02,S,52.70,1.00,157.204,677.537,4713,20328,2026-09-08 10:55:44.204,2026-09-08 11:04:24.571,15611
@raw/04_第四批_20260908_1053_多火点与余热点/01_正式视频/无人机02_1581F7K3C267500D2DQD/DJI_202609081040_006/DJI_20260908105306_0001_S.MP4,B4,uav-02,S,52.80,2.20,677.57,684.577,20329,20539,2026-09-08 11:04:24.633,2026-09-08 11:04:31.628,211
@raw/04_第四批_20260908_1053_多火点与余热点/01_正式视频/无人机02_1581F7K3C267500D2DQD/DJI_202609081040_006/DJI_20260908105306_0001_S.MP4,B4,uav-02,S,52.70,1.00,684.611,685.444,20540,20565,2026-09-08 11:04:31.675,2026-09-08 11:04:32.507,26
@raw/04_第四批_20260908_1053_多火点与余热点/01_正式视频/无人机02_1581F7K3C267500D2DQD/DJI_202609081040_006/DJI_20260908105306_0001_S.MP4,B4,uav-02,S,52.80,2.20,685.477,686.812,20566,20606,2026-09-08 11:04:32.529,2026-09-08 11:04:33.865,41
@raw/04_第四批_20260908_1053_多火点与余热点/01_正式视频/无人机02_1581F7K3C267500D2DQD/DJI_202609081040_006/DJI_20260908105306_0001_S.MP4,B4,uav-02,S,52.70,1.00,686.845,847.779,20607,25436,2026-09-08 11:04:33.879,2026-09-08 11:07:14.811,4829
@raw/04_第四批_20260908_1053_多火点与余热点/01_正式视频/无人机02_1581F7K3C267500D2DQD/DJI_202609081040_006/DJI_20260908105306_0001_V.MP4,B4,uav-02,V,52.80,2.20,0.0,847.747,0,25417,2026-09-08 10:53:07.099,2026-09-08 11:07:14.830,25408
@raw/04_第四批_20260908_1053_多火点与余热点/01_正式视频/无人机03_1581F7K3C255900D76E8/DJI_202609081046_006/DJI_20260908105253_0001_S.MP4,B4,uav-03,S,24.00,1.00,0.0,22.856,0,685,2026-09-08 10:52:53.578,2026-09-08 10:53:16.414,686
@raw/04_第四批_20260908_1053_多火点与余热点/01_正式视频/无人机03_1581F7K3C255900D76E8/DJI_202609081046_006/DJI_20260908105253_0001_S.MP4,B4,uav-03,S,52.70,1.00,22.89,24.423,686,732,2026-09-08 10:53:16.448,2026-09-08 10:53:17.982,47
@raw/04_第四批_20260908_1053_多火点与余热点/01_正式视频/无人机03_1581F7K3C255900D76E8/DJI_202609081046_006/DJI_20260908105253_0001_S.MP4,B4,uav-03,S,24.00,1.00,24.456,25.457,733,763,2026-09-08 10:53:18.013,2026-09-08 10:53:19.014,31
@raw/04_第四批_20260908_1053_多火点与余热点/01_正式视频/无人机03_1581F7K3C255900D76E8/DJI_202609081046_006/DJI_20260908105253_0001_S.MP4,B4,uav-03,S,52.70,1.00,25.491,27.724,764,831,2026-09-08 10:53:19.047,2026-09-08 10:53:21.285,68
@raw/04_第四批_20260908_1053_多火点与余热点/01_正式视频/无人机03_1581F7K3C255900D76E8/DJI_202609081046_006/DJI_20260908105253_0001_S.MP4,B4,uav-03,S,24.00,1.00,27.757,28.692,832,860,2026-09-08 10:53:21.314,2026-09-08 10:53:22.252,29
@raw/04_第四批_20260908_1053_多火点与余热点/01_正式视频/无人机03_1581F7K3C255900D76E8/DJI_202609081046_006/DJI_20260908105253_0001_S.MP4,B4,uav-03,S,52.70,1.00,28.725,29.858,861,895,2026-09-08 10:53:22.258,2026-09-08 10:53:23.385,35
@raw/04_第四批_20260908_1053_多火点与余热点/01_正式视频/无人机03_1581F7K3C255900D76E8/DJI_202609081046_006/DJI_20260908105253_0001_S.MP4,B4,uav-03,S,24.00,1.00,29.892,73.702,896,2209,2026-09-08 10:53:23.419,2026-09-08 10:54:07.228,1314
@raw/04_第四批_20260908_1053_多火点与余热点/01_正式视频/无人机03_1581F7K3C255900D76E8/DJI_202609081046_006/DJI_20260908105253_0001_S.MP4,B4,uav-03,S,52.70,1.00,73.735,77.135,2210,2312,2026-09-08 10:54:07.244,2026-09-08 10:54:10.643,103
@raw/04_第四批_20260908_1053_多火点与余热点/01_正式视频/无人机03_1581F7K3C255900D76E8/DJI_202609081046_006/DJI_20260908105253_0001_S.MP4,B4,uav-03,S,24.00,1.00,77.169,81.039,2313,2429,2026-09-08 10:54:10.666,2026-09-08 10:54:14.534,117
@raw/04_第四批_20260908_1053_多火点与余热点/01_正式视频/无人机03_1581F7K3C255900D76E8/DJI_202609081046_006/DJI_20260908105253_0001_S.MP4,B4,uav-03,S,52.70,1.00,81.073,93.439,2430,2801,2026-09-08 10:54:14.578,2026-09-08 10:54:26.952,372
@raw/04_第四批_20260908_1053_多火点与余热点/01_正式视频/无人机03_1581F7K3C255900D76E8/DJI_202609081046_006/DJI_20260908105253_0001_S.MP4,B4,uav-03,S,24.00,1.00,93.473,95.007,2802,2848,2026-09-08 10:54:27.012,2026-09-08 10:54:28.553,47
@raw/04_第四批_20260908_1053_多火点与余热点/01_正式视频/无人机03_1581F7K3C255900D76E8/DJI_202609081046_006/DJI_20260908105253_0001_S.MP4,B4,uav-03,S,52.70,1.00,95.041,103.707,2849,3109,2026-09-08 10:54:28.590,2026-09-08 10:54:37.243,261
@raw/04_第四批_20260908_1053_多火点与余热点/01_正式视频/无人机03_1581F7K3C255900D76E8/DJI_202609081046_006/DJI_20260908105253_0001_S.MP4,B4,uav-03,S,24.00,1.00,103.741,106.51,3110,3193,2026-09-08 10:54:37.260,2026-09-08 10:54:40.028,84
@raw/04_第四批_20260908_1053_多火点与余热点/01_正式视频/无人机03_1581F7K3C255900D76E8/DJI_202609081046_006/DJI_20260908105253_0001_S.MP4,B4,uav-03,S,52.70,1.00,106.544,107.31,3194,3217,2026-09-08 10:54:40.042,2026-09-08 10:54:40.808,24
@raw/04_第四批_20260908_1053_多火点与余热点/01_正式视频/无人机03_1581F7K3C255900D76E8/DJI_202609081046_006/DJI_20260908105253_0001_S.MP4,B4,uav-03,S,24.00,1.00,107.344,110.614,3218,3316,2026-09-08 10:54:40.862,2026-09-08 10:54:44.132,99
@raw/04_第四批_20260908_1053_多火点与余热点/01_正式视频/无人机03_1581F7K3C255900D76E8/DJI_202609081046_006/DJI_20260908105253_0001_S.MP4,B4,uav-03,S,52.70,1.00,110.647,111.514,3317,3343,2026-09-08 10:54:44.176,2026-09-08 10:54:45.041,27
@raw/04_第四批_20260908_1053_多火点与余热点/01_正式视频/无人机03_1581F7K3C255900D76E8/DJI_202609081046_006/DJI_20260908105253_0001_S.MP4,B4,uav-03,S,24.00,1.00,111.547,139.842,3344,4193,2026-09-08 10:54:45.066,2026-09-08 10:55:13.400,849
@raw/04_第四批_20260908_1053_多火点与余热点/01_正式视频/无人机03_1581F7K3C255900D76E8/DJI_202609081046_006/DJI_20260908105253_0001_S.MP4,B4,uav-03,S,172.20,1.02,140.009,141.477,4194,4238,2026-09-08 10:55:13.718,2026-09-08 10:55:15.036,45
@raw/04_第四批_20260908_1053_多火点与余热点/01_正式视频/无人机03_1581F7K3C255900D76E8/DJI_202609081046_006/DJI_20260908105253_0001_S.MP4,B4,uav-03,S,24.00,1.00,141.81,143.579,4239,4292,2026-09-08 10:55:15.325,2026-09-08 10:55:17.093,54
@raw/04_第四批_20260908_1053_多火点与余热点/01_正式视频/无人机03_1581F7K3C255900D76E8/DJI_202609081046_006/DJI_20260908105253_0001_S.MP4,B4,uav-03,S,52.70,1.00,143.612,145.079,4293,4337,2026-09-08 10:55:17.129,2026-09-08 10:55:18.600,45
@raw/04_第四批_20260908_1053_多火点与余热点/01_正式视频/无人机03_1581F7K3C255900D76E8/DJI_202609081046_006/DJI_20260908105253_0001_S.MP4,B4,uav-03,S,24.00,1.00,145.112,145.98,4338,4364,2026-09-08 10:55:18.628,2026-09-08 10:55:19.505,27
@raw/04_第四批_20260908_1053_多火点与余热点/01_正式视频/无人机03_1581F7K3C255900D76E8/DJI_202609081046_006/DJI_20260908105253_0001_S.MP4,B4,uav-03,S,52.70,1.00,146.013,148.48,4365,4439,2026-09-08 10:55:19.532,2026-09-08 10:55:22.000,75
@raw/04_第四批_20260908_1053_多火点与余热点/01_正式视频/无人机03_1581F7K3C255900D76E8/DJI_202609081046_006/DJI_20260908105253_0001_S.MP4,B4,uav-03,S,24.00,1.00,148.513,323.955,4440,9700,2026-09-08 10:55:22.033,2026-09-08 10:58:17.474,5259
@raw/04_第四批_20260908_1053_多火点与余热点/01_正式视频/无人机03_1581F7K3C255900D76E8/DJI_202609081046_006/DJI_20260908105253_0001_S.MP4,B4,uav-03,S,52.70,1.00,323.988,325.388,9701,9743,2026-09-08 10:58:17.491,2026-09-08 10:58:18.893,43
@raw/04_第四批_20260908_1053_多火点与余热点/01_正式视频/无人机03_1581F7K3C255900D76E8/DJI_202609081046_006/DJI_20260908105253_0001_S.MP4,B4,uav-03,S,24.00,1.00,325.422,332.229,9744,9948,2026-09-08 10:58:18.907,2026-09-08 10:58:25.713,205
@raw/04_第四批_20260908_1053_多火点与余热点/01_正式视频/无人机03_1581F7K3C255900D76E8/DJI_202609081046_006/DJI_20260908105253_0001_S.MP4,B4,uav-03,S,52.70,1.00,332.262,333.595,9949,9989,2026-09-08 10:58:25.727,2026-09-08 10:58:27.059,41
@raw/04_第四批_20260908_1053_多火点与余热点/01_正式视频/无人机03_1581F7K3C255900D76E8/DJI_202609081046_006/DJI_20260908105253_0001_S.MP4,B4,uav-03,S,24.00,1.00,333.629,335.998,9990,10061,2026-09-08 10:58:27.112,2026-09-08 10:58:29.483,72
@raw/04_第四批_20260908_1053_多火点与余热点/01_正式视频/无人机03_1581F7K3C255900D76E8/DJI_202609081046_006/DJI_20260908105253_0001_S.MP4,B4,uav-03,S,52.70,1.00,336.031,338.331,10062,10131,2026-09-08 10:58:29.529,2026-09-08 10:58:31.830,70
@raw/04_第四批_20260908_1053_多火点与余热点/01_正式视频/无人机03_1581F7K3C255900D76E8/DJI_202609081046_006/DJI_20260908105253_0001_S.MP4,B4,uav-03,S,24.00,1.00,338.364,349.809,10132,10475,2026-09-08 10:58:31.851,2026-09-08 10:58:43.300,344
@raw/04_第四批_20260908_1053_多火点与余热点/01_正式视频/无人机03_1581F7K3C255900D76E8/DJI_202609081046_006/DJI_20260908105253_0001_S.MP4,B4,uav-03,S,52.70,1.00,349.842,359.976,10476,10780,2026-09-08 10:58:43.335,2026-09-08 10:58:53.460,305
@raw/04_第四批_20260908_1053_多火点与余热点/01_正式视频/无人机03_1581F7K3C255900D76E8/DJI_202609081046_006/DJI_20260908105253_0001_S.MP4,B4,uav-03,S,24.00,1.00,360.009,854.27,10781,25600,2026-09-08 10:58:53.473,2026-09-08 11:07:07.723,14814
@raw/04_第四批_20260908_1053_多火点与余热点/01_正式视频/无人机03_1581F7K3C255900D76E8/DJI_202609081046_006/DJI_20260908105253_0001_V.MP4,B4,uav-03,V,24.00,1.00,0.0,139.84,0,4191,2026-09-08 10:52:53.536,2026-09-08 10:55:13.395,4192
@raw/04_第四批_20260908_1053_多火点与余热点/01_正式视频/无人机03_1581F7K3C255900D76E8/DJI_202609081046_006/DJI_20260908105253_0001_V.MP4,B4,uav-03,V,172.20,1.02,140.007,141.475,4192,4236,2026-09-08 10:55:13.707,2026-09-08 10:55:15.032,45
@raw/04_第四批_20260908_1053_多火点与余热点/01_正式视频/无人机03_1581F7K3C255900D76E8/DJI_202609081046_006/DJI_20260908105253_0001_V.MP4,B4,uav-03,V,24.00,1.00,141.808,854.22,4237,25596,2026-09-08 10:55:15.317,2026-09-08 11:07:07.718,21352
@raw/04_第四批_20260908_1053_多火点与余热点/01_正式视频/无人机04_1581F7K33258900AP021/DJI_202609081042_036/DJI_20260908105259_0001_S.MP4,B4,uav-04,S,52.70,1.00,0.0,24.667,0,740,2026-09-08 10:52:59.816,2026-09-08 10:53:24.426,741
@raw/04_第四批_20260908_1053_多火点与余热点/01_正式视频/无人机04_1581F7K33258900AP021/DJI_202609081042_036/DJI_20260908105259_0001_S.MP4,B4,uav-04,S,53.80,2.24,24.7,31.473,741,944,2026-09-08 10:53:24.470,2026-09-08 10:53:31.240,204
@raw/04_第四批_20260908_1053_多火点与余热点/01_正式视频/无人机04_1581F7K33258900AP021/DJI_202609081042_036/DJI_20260908105259_0001_S.MP4,B4,uav-04,S,52.70,1.00,31.507,248.607,945,7461,2026-09-08 10:53:31.293,2026-09-08 10:57:08.399,6514
@raw/04_第四批_20260908_1053_多火点与余热点/01_正式视频/无人机04_1581F7K33258900AP021/DJI_202609081042_036/DJI_20260908105259_0001_S.MP4,B4,uav-04,S,53.80,2.24,248.64,796.721,7462,23900,2026-09-08 10:57:08.438,2026-09-08 11:06:16.522,16427
@raw/04_第四批_20260908_1053_多火点与余热点/01_正式视频/无人机04_1581F7K33258900AP021/DJI_202609081042_036/DJI_20260908105259_0001_S.MP4,B4,uav-04,S,52.70,1.00,796.754,829.821,23901,24894,2026-09-08 11:06:16.580,2026-09-08 11:06:49.650,993
@raw/04_第四批_20260908_1053_多火点与余热点/01_正式视频/无人机04_1581F7K33258900AP021/DJI_202609081042_036/DJI_20260908105259_0001_S.MP4,B4,uav-04,S,53.80,2.24,829.854,831.423,24895,24942,2026-09-08 11:06:49.666,2026-09-08 11:06:51.230,48
@raw/04_第四批_20260908_1053_多火点与余热点/01_正式视频/无人机04_1581F7K33258900AP021/DJI_202609081042_036/DJI_20260908105259_0001_S.MP4,B4,uav-04,S,52.70,1.00,831.456,832.389,24943,24971,2026-09-08 11:06:51.282,2026-09-08 11:06:52.213,29
@raw/04_第四批_20260908_1053_多火点与余热点/01_正式视频/无人机04_1581F7K33258900AP021/DJI_202609081042_036/DJI_20260908105259_0001_S.MP4,B4,uav-04,S,53.80,2.24,832.423,834.425,24972,25032,2026-09-08 11:06:52.263,2026-09-08 11:06:54.268,61
@raw/04_第四批_20260908_1053_多火点与余热点/01_正式视频/无人机04_1581F7K33258900AP021/DJI_202609081042_036/DJI_20260908105259_0001_S.MP4,B4,uav-04,S,52.70,1.00,834.458,910.791,25033,27324,2026-09-08 11:06:54.314,2026-09-08 11:08:10.658,2291
@raw/04_第四批_20260908_1053_多火点与余热点/01_正式视频/无人机04_1581F7K33258900AP021/DJI_202609081042_036/DJI_20260908105259_0001_S.MP4,B4,uav-04,S,24.00,1.00,910.825,918.366,27325,27551,2026-09-08 11:08:10.693,2026-09-08 11:08:18.226,227
@raw/04_第四批_20260908_1053_多火点与余热点/01_正式视频/无人机04_1581F7K33258900AP021/DJI_202609081042_036/DJI_20260908105259_0001_V.MP4,B4,uav-04,V,53.80,2.24,0.0,910.843,0,27317,2026-09-08 10:52:59.778,2026-09-08 11:08:10.642,27299
@raw/04_第四批_20260908_1053_多火点与余热点/01_正式视频/无人机04_1581F7K33258900AP021/DJI_202609081042_036/DJI_20260908105259_0001_V.MP4,B4,uav-04,V,24.00,1.00,910.877,918.451,27318,27545,2026-09-08 11:08:10.676,2026-09-08 11:08:18.251,228
@raw/04_第四批_20260908_1053_多火点与余热点/01_正式视频/无人机05_1581F7K3C251400CFB45/DJI_202609081039_005/DJI_20260908105253_0001_S.MP4,B4,uav-05,S,55.10,2.30,0.0,68.502,0,2053,2026-09-08 10:52:53.653,2026-09-08 10:54:02.088,2054
@raw/04_第四批_20260908_1053_多火点与余热点/01_正式视频/无人机05_1581F7K3C251400CFB45/DJI_202609081039_005/DJI_20260908105253_0001_S.MP4,B4,uav-05,S,52.70,1.00,68.535,167.068,2054,5013,2026-09-08 10:54:02.111,2026-09-08 10:55:40.630,2957
@raw/04_第四批_20260908_1053_多火点与余热点/01_正式视频/无人机05_1581F7K3C251400CFB45/DJI_202609081039_005/DJI_20260908105253_0001_S.MP4,B4,uav-05,S,55.10,2.30,167.102,315.817,5014,9475,2026-09-08 10:55:40.643,2026-09-08 10:58:09.376,4458
@raw/04_第四批_20260908_1053_多火点与余热点/01_正式视频/无人机05_1581F7K3C251400CFB45/DJI_202609081039_005/DJI_20260908105253_0001_S.MP4,B4,uav-05,S,52.70,1.00,315.85,545.75,9476,16378,2026-09-08 10:58:09.424,2026-09-08 11:01:59.318,6898
@raw/04_第四批_20260908_1053_多火点与余热点/01_正式视频/无人机05_1581F7K3C251400CFB45/DJI_202609081039_005/DJI_20260908105253_0001_S.MP4,B4,uav-05,S,55.10,2.30,545.784,556.928,16379,16714,2026-09-08 11:01:59.356,2026-09-08 11:02:10.485,335
@raw/04_第四批_20260908_1053_多火点与余热点/01_正式视频/无人机05_1581F7K3C251400CFB45/DJI_202609081039_005/DJI_20260908105253_0001_S.MP4,B4,uav-05,S,52.70,1.00,556.962,563.095,16715,16899,2026-09-08 11:02:10.524,2026-09-08 11:02:16.668,185
@raw/04_第四批_20260908_1053_多火点与余热点/01_正式视频/无人机05_1581F7K3C251400CFB45/DJI_202609081039_005/DJI_20260908105253_0001_S.MP4,B4,uav-05,S,55.10,2.30,563.128,663.128,16900,19899,2026-09-08 11:02:16.698,2026-09-08 11:03:56.670,2998
@raw/04_第四批_20260908_1053_多火点与余热点/01_正式视频/无人机05_1581F7K3C251400CFB45/DJI_202609081039_005/DJI_20260908105253_0001_S.MP4,B4,uav-05,S,52.70,1.00,663.161,969.028,19900,29083,2026-09-08 11:03:56.704,2026-09-08 11:09:02.607,9177
@raw/04_第四批_20260908_1053_多火点与余热点/01_正式视频/无人机05_1581F7K3C251400CFB45/DJI_202609081039_005/DJI_20260908105253_0001_S.MP4,B4,uav-05,S,24.00,1.00,969.062,974.834,29084,29257,2026-09-08 11:09:02.623,2026-09-08 11:09:08.393,174
@raw/04_第四批_20260908_1053_多火点与余热点/01_正式视频/无人机05_1581F7K3C251400CFB45/DJI_202609081039_005/DJI_20260908105253_0001_V.MP4,B4,uav-05,V,55.10,2.30,0.0,968.868,0,29054,2026-09-08 10:52:53.718,2026-09-08 11:09:02.589,29038
@raw/04_第四批_20260908_1053_多火点与余热点/01_正式视频/无人机05_1581F7K3C251400CFB45/DJI_202609081039_005/DJI_20260908105253_0001_V.MP4,B4,uav-05,V,24.00,1.00,968.901,974.707,29055,29229,2026-09-08 11:09:02.615,2026-09-08 11:09:08.421,175
@raw/04_第四批_20260908_1053_多火点与余热点/01_正式视频/无人机06_1581F7K3C254N00D16Y8/DJI_202609081040_004/DJI_20260908105300_0001_S.MP4,B4,uav-06,S,54.70,2.28,0.0,138.138,0,4141,2026-09-08 10:53:01.125,2026-09-08 10:55:19.188,4141
@raw/04_第四批_20260908_1053_多火点与余热点/01_正式视频/无人机06_1581F7K3C254N00D16Y8/DJI_202609081040_004/DJI_20260908105300_0001_S.MP4,B4,uav-06,S,24.00,1.00,138.171,140.04,4142,4198,2026-09-08 10:55:19.233,2026-09-08 10:55:21.113,57
@raw/04_第四批_20260908_1053_多火点与余热点/01_正式视频/无人机06_1581F7K3C254N00D16Y8/DJI_202609081040_004/DJI_20260908105300_0001_S.MP4,B4,uav-06,S,54.70,2.28,140.073,141.742,4199,4249,2026-09-08 10:55:21.136,2026-09-08 10:55:22.791,51
@raw/04_第四批_20260908_1053_多火点与余热点/01_正式视频/无人机06_1581F7K3C254N00D16Y8/DJI_202609081040_004/DJI_20260908105300_0001_S.MP4,B4,uav-06,S,52.70,1.00,141.775,159.342,4250,4778,2026-09-08 10:55:22.840,2026-09-08 10:55:40.393,528
@raw/04_第四批_20260908_1053_多火点与余热点/01_正式视频/无人机06_1581F7K3C254N00D16Y8/DJI_202609081040_004/DJI_20260908105300_0001_S.MP4,B4,uav-06,S,54.70,2.28,159.375,161.978,4779,4857,2026-09-08 10:55:40.412,2026-09-08 10:55:43.010,79
@raw/04_第四批_20260908_1053_多火点与余热点/01_正式视频/无人机06_1581F7K3C254N00D16Y8/DJI_202609081040_004/DJI_20260908105300_0001_S.MP4,B4,uav-06,S,52.70,1.00,162.011,592.778,4858,17785,2026-09-08 10:55:43.060,2026-09-08 11:02:53.805,12924
@raw/04_第四批_20260908_1053_多火点与余热点/01_正式视频/无人机06_1581F7K3C254N00D16Y8/DJI_202609081040_004/DJI_20260908105300_0001_S.MP4,B4,uav-06,S,24.00,1.00,592.811,595.447,17786,17865,2026-09-08 11:02:53.836,2026-09-08 11:02:56.456,80
@raw/04_第四批_20260908_1053_多火点与余热点/01_正式视频/无人机06_1581F7K3C254N00D16Y8/DJI_202609081040_004/DJI_20260908105300_0001_S.MP4,B4,uav-06,S,52.70,1.00,595.48,596.68,17866,17902,2026-09-08 11:02:56.503,2026-09-08 11:02:57.701,37
@raw/04_第四批_20260908_1053_多火点与余热点/01_正式视频/无人机06_1581F7K3C254N00D16Y8/DJI_202609081040_004/DJI_20260908105300_0001_S.MP4,B4,uav-06,S,24.00,1.00,596.714,597.915,17903,17940,2026-09-08 11:02:57.725,2026-09-08 11:02:58.943,37
@raw/04_第四批_20260908_1053_多火点与余热点/01_正式视频/无人机06_1581F7K3C254N00D16Y8/DJI_202609081040_004/DJI_20260908105300_0001_S.MP4,B4,uav-06,S,54.70,2.28,597.948,851.034,17941,25528,2026-09-08 11:02:58.958,2026-09-08 11:07:11.930,7586
@raw/04_第四批_20260908_1053_多火点与余热点/01_正式视频/无人机06_1581F7K3C254N00D16Y8/DJI_202609081040_004/DJI_20260908105300_0001_V.MP4,B4,uav-06,V,54.70,2.28,0.0,137.971,0,4135,2026-09-08 10:53:01.200,2026-09-08 10:55:19.184,4136
@raw/04_第四批_20260908_1053_多火点与余热点/01_正式视频/无人机06_1581F7K3C254N00D16Y8/DJI_202609081040_004/DJI_20260908105300_0001_V.MP4,B4,uav-06,V,24.00,1.00,138.005,139.873,4136,4192,2026-09-08 10:55:19.218,2026-09-08 10:55:21.110,57
@raw/04_第四批_20260908_1053_多火点与余热点/01_正式视频/无人机06_1581F7K3C254N00D16Y8/DJI_202609081040_004/DJI_20260908105300_0001_V.MP4,B4,uav-06,V,54.70,2.28,139.906,592.592,4193,17765,2026-09-08 10:55:21.129,2026-09-08 11:02:53.781,13568
@raw/04_第四批_20260908_1053_多火点与余热点/01_正式视频/无人机06_1581F7K3C254N00D16Y8/DJI_202609081040_004/DJI_20260908105300_0001_V.MP4,B4,uav-06,V,24.00,1.00,592.625,597.73,17766,17919,2026-09-08 11:02:53.816,2026-09-08 11:02:58.936,154
@raw/04_第四批_20260908_1053_多火点与余热点/01_正式视频/无人机06_1581F7K3C254N00D16Y8/DJI_202609081040_004/DJI_20260908105300_0001_V.MP4,B4,uav-06,V,54.70,2.28,597.764,850.85,17920,25508,2026-09-08 11:02:58.953,2026-09-08 11:07:11.924,7586
@raw/04_第四批_20260908_1053_多火点与余热点/01_正式视频/无人机07_1581F7K3325B100AS0AG/DJI_202609081048_005/DJI_20260908105258_0001_S.MP4,B4,uav-07,S,55.30,2.30,0.0,453.853,0,13605,2026-09-08 10:52:59.179,2026-09-08 11:00:33.015,13603
@raw/04_第四批_20260908_1053_多火点与余热点/01_正式视频/无人机07_1581F7K3325B100AS0AG/DJI_202609081048_005/DJI_20260908105258_0001_S.MP4,B4,uav-07,S,55.60,2.32,453.887,453.887,13606,13606,2026-09-08 11:00:33.053,2026-09-08 11:00:33.053,1
@raw/04_第四批_20260908_1053_多火点与余热点/01_正式视频/无人机07_1581F7K3325B100AS0AG/DJI_202609081048_005/DJI_20260908105258_0001_S.MP4,B4,uav-07,S,56.60,2.36,453.92,453.92,13607,13607,2026-09-08 11:00:33.078,2026-09-08 11:00:33.078,1
@raw/04_第四批_20260908_1053_多火点与余热点/01_正式视频/无人机07_1581F7K3325B100AS0AG/DJI_202609081048_005/DJI_20260908105258_0001_S.MP4,B4,uav-07,S,57.50,2.40,453.954,453.954,13608,13608,2026-09-08 11:00:33.113,2026-09-08 11:00:33.113,1
@raw/04_第四批_20260908_1053_多火点与余热点/01_正式视频/无人机07_1581F7K3325B100AS0AG/DJI_202609081048_005/DJI_20260908105258_0001_S.MP4,B4,uav-07,S,58.50,2.44,453.987,453.987,13609,13609,2026-09-08 11:00:33.146,2026-09-08 11:00:33.146,1
@raw/04_第四批_20260908_1053_多火点与余热点/01_正式视频/无人机07_1581F7K3325B100AS0AG/DJI_202609081048_005/DJI_20260908105258_0001_S.MP4,B4,uav-07,S,59.50,2.48,454.02,454.02,13610,13610,2026-09-08 11:00:33.181,2026-09-08 11:00:33.181,1
@raw/04_第四批_20260908_1053_多火点与余热点/01_正式视频/无人机07_1581F7K3325B100AS0AG/DJI_202609081048_005/DJI_20260908105258_0001_S.MP4,B4,uav-07,S,60.50,2.52,454.054,454.054,13611,13611,2026-09-08 11:00:33.214,2026-09-08 11:00:33.214,1
@raw/04_第四批_20260908_1053_多火点与余热点/01_正式视频/无人机07_1581F7K3325B100AS0AG/DJI_202609081048_005/DJI_20260908105258_0001_S.MP4,B4,uav-07,S,61.60,2.56,454.087,454.087,13612,13612,2026-09-08 11:00:33.247,2026-09-08 11:00:33.247,1
@raw/04_第四批_20260908_1053_多火点与余热点/01_正式视频/无人机07_1581F7K3325B100AS0AG/DJI_202609081048_005/DJI_20260908105258_0001_S.MP4,B4,uav-07,S,62.60,2.61,454.12,454.12,13613,13613,2026-09-08 11:00:33.277,2026-09-08 11:00:33.277,1
@raw/04_第四批_20260908_1053_多火点与余热点/01_正式视频/无人机07_1581F7K3325B100AS0AG/DJI_202609081048_005/DJI_20260908105258_0001_S.MP4,B4,uav-07,S,63.70,2.65,454.154,454.154,13614,13614,2026-09-08 11:00:33.313,2026-09-08 11:00:33.313,1
@raw/04_第四批_20260908_1053_多火点与余热点/01_正式视频/无人机07_1581F7K3325B100AS0AG/DJI_202609081048_005/DJI_20260908105258_0001_S.MP4,B4,uav-07,S,64.50,2.69,454.187,455.088,13615,13642,2026-09-08 11:00:33.343,2026-09-08 11:00:34.248,28
@raw/04_第四批_20260908_1053_多火点与余热点/01_正式视频/无人机07_1581F7K3325B100AS0AG/DJI_202609081048_005/DJI_20260908105258_0001_S.MP4,B4,uav-07,S,64.10,2.67,455.121,455.121,13643,13643,2026-09-08 11:00:34.277,2026-09-08 11:00:34.277,1
@raw/04_第四批_20260908_1053_多火点与余热点/01_正式视频/无人机07_1581F7K3325B100AS0AG/DJI_202609081048_005/DJI_20260908105258_0001_S.MP4,B4,uav-07,S,63.60,2.65,455.155,455.155,13644,13644,2026-09-08 11:00:34.313,2026-09-08 11:00:34.313,1
@raw/04_第四批_20260908_1053_多火点与余热点/01_正式视频/无人机07_1581F7K3325B100AS0AG/DJI_202609081048_005/DJI_20260908105258_0001_S.MP4,B4,uav-07,S,63.10,2.63,455.188,455.188,13645,13645,2026-09-08 11:00:34.348,2026-09-08 11:00:34.348,1
@raw/04_第四批_20260908_1053_多火点与余热点/01_正式视频/无人机07_1581F7K3325B100AS0AG/DJI_202609081048_005/DJI_20260908105258_0001_S.MP4,B4,uav-07,S,62.50,2.61,455.221,455.221,13646,13646,2026-09-08 11:00:34.380,2026-09-08 11:00:34.380,1
@raw/04_第四批_20260908_1053_多火点与余热点/01_正式视频/无人机07_1581F7K3325B100AS0AG/DJI_202609081048_005/DJI_20260908105258_0001_S.MP4,B4,uav-07,S,62.00,2.58,455.255,455.255,13647,13647,2026-09-08 11:00:34.416,2026-09-08 11:00:34.416,1
@raw/04_第四批_20260908_1053_多火点与余热点/01_正式视频/无人机07_1581F7K3325B100AS0AG/DJI_202609081048_005/DJI_20260908105258_0001_S.MP4,B4,uav-07,S,61.50,2.56,455.288,456.122,13648,13673,2026-09-08 11:00:34.447,2026-09-08 11:00:35.281,26
@raw/04_第四批_20260908_1053_多火点与余热点/01_正式视频/无人机07_1581F7K3325B100AS0AG/DJI_202609081048_005/DJI_20260908105258_0001_S.MP4,B4,uav-07,S,61.00,2.54,456.156,456.156,13674,13674,2026-09-08 11:00:35.313,2026-09-08 11:00:35.313,1
@raw/04_第四批_20260908_1053_多火点与余热点/01_正式视频/无人机07_1581F7K3325B100AS0AG/DJI_202609081048_005/DJI_20260908105258_0001_S.MP4,B4,uav-07,S,60.40,2.52,456.189,456.189,13675,13675,2026-09-08 11:00:35.346,2026-09-08 11:00:35.346,1
@raw/04_第四批_20260908_1053_多火点与余热点/01_正式视频/无人机07_1581F7K3325B100AS0AG/DJI_202609081048_005/DJI_20260908105258_0001_S.MP4,B4,uav-07,S,59.60,2.48,456.222,456.222,13676,13676,2026-09-08 11:00:35.380,2026-09-08 11:00:35.380,1
@raw/04_第四批_20260908_1053_多火点与余热点/01_正式视频/无人机07_1581F7K3325B100AS0AG/DJI_202609081048_005/DJI_20260908105258_0001_S.MP4,B4,uav-07,S,58.90,2.46,456.256,456.256,13677,13677,2026-09-08 11:00:35.415,2026-09-08 11:00:35.415,1
@raw/04_第四批_20260908_1053_多火点与余热点/01_正式视频/无人机07_1581F7K3325B100AS0AG/DJI_202609081048_005/DJI_20260908105258_0001_S.MP4,B4,uav-07,S,58.30,2.43,456.289,456.79,13678,13693,2026-09-08 11:00:35.444,2026-09-08 11:00:35.945,16
@raw/04_第四批_20260908_1053_多火点与余热点/01_正式视频/无人机07_1581F7K3325B100AS0AG/DJI_202609081048_005/DJI_20260908105258_0001_S.MP4,B4,uav-07,S,57.90,2.41,456.823,456.823,13694,13694,2026-09-08 11:00:35.981,2026-09-08 11:00:35.981,1
@raw/04_第四批_20260908_1053_多火点与余热点/01_正式视频/无人机07_1581F7K3325B100AS0AG/DJI_202609081048_005/DJI_20260908105258_0001_S.MP4,B4,uav-07,S,57.30,2.39,456.856,456.856,13695,13695,2026-09-08 11:00:36.016,2026-09-08 11:00:36.016,1
@raw/04_第四批_20260908_1053_多火点与余热点/01_正式视频/无人机07_1581F7K3325B100AS0AG/DJI_202609081048_005/DJI_20260908105258_0001_S.MP4,B4,uav-07,S,56.30,2.35,456.89,456.89,13696,13696,2026-09-08 11:00:36.048,2026-09-08 11:00:36.048,1
@raw/04_第四批_20260908_1053_多火点与余热点/01_正式视频/无人机07_1581F7K3325B100AS0AG/DJI_202609081048_005/DJI_20260908105258_0001_S.MP4,B4,uav-07,S,55.40,2.31,456.923,456.923,13697,13697,2026-09-08 11:00:36.080,2026-09-08 11:00:36.080,1
@raw/04_第四批_20260908_1053_多火点与余热点/01_正式视频/无人机07_1581F7K3325B100AS0AG/DJI_202609081048_005/DJI_20260908105258_0001_S.MP4,B4,uav-07,S,54.50,2.27,456.957,456.957,13698,13698,2026-09-08 11:00:36.112,2026-09-08 11:00:36.112,1
@raw/04_第四批_20260908_1053_多火点与余热点/01_正式视频/无人机07_1581F7K3325B100AS0AG/DJI_202609081048_005/DJI_20260908105258_0001_S.MP4,B4,uav-07,S,53.60,2.23,456.99,844.143,13699,25304,2026-09-08 11:00:36.145,2026-09-08 11:07:03.311,11604
@raw/04_第四批_20260908_1053_多火点与余热点/01_正式视频/无人机07_1581F7K3325B100AS0AG/DJI_202609081048_005/DJI_20260908105258_0001_S.MP4,B4,uav-07,S,24.00,1.00,844.177,848.748,25305,25442,2026-09-08 11:07:03.344,2026-09-08 11:07:07.911,138
@raw/04_第四批_20260908_1053_多火点与余热点/01_正式视频/无人机07_1581F7K3325B100AS0AG/DJI_202609081048_005/DJI_20260908105258_0001_V.MP4,B4,uav-07,V,55.30,2.30,0.0,453.887,0,13607,2026-09-08 10:52:59.135,2026-09-08 11:00:33.006,13604
@raw/04_第四批_20260908_1053_多火点与余热点/01_正式视频/无人机07_1581F7K3325B100AS0AG/DJI_202609081048_005/DJI_20260908105258_0001_V.MP4,B4,uav-07,V,55.60,2.32,453.92,453.92,13608,13608,2026-09-08 11:00:33.039,2026-09-08 11:00:33.039,1
@raw/04_第四批_20260908_1053_多火点与余热点/01_正式视频/无人机07_1581F7K3325B100AS0AG/DJI_202609081048_005/DJI_20260908105258_0001_V.MP4,B4,uav-07,V,56.60,2.36,453.954,453.954,13609,13609,2026-09-08 11:00:33.073,2026-09-08 11:00:33.073,1
@raw/04_第四批_20260908_1053_多火点与余热点/01_正式视频/无人机07_1581F7K3325B100AS0AG/DJI_202609081048_005/DJI_20260908105258_0001_V.MP4,B4,uav-07,V,57.50,2.40,453.987,453.987,13610,13610,2026-09-08 11:00:33.107,2026-09-08 11:00:33.107,1
@raw/04_第四批_20260908_1053_多火点与余热点/01_正式视频/无人机07_1581F7K3325B100AS0AG/DJI_202609081048_005/DJI_20260908105258_0001_V.MP4,B4,uav-07,V,58.50,2.44,454.02,454.02,13611,13611,2026-09-08 11:00:33.139,2026-09-08 11:00:33.139,1
@raw/04_第四批_20260908_1053_多火点与余热点/01_正式视频/无人机07_1581F7K3325B100AS0AG/DJI_202609081048_005/DJI_20260908105258_0001_V.MP4,B4,uav-07,V,59.50,2.48,454.054,454.054,13612,13612,2026-09-08 11:00:33.174,2026-09-08 11:00:33.174,1
@raw/04_第四批_20260908_1053_多火点与余热点/01_正式视频/无人机07_1581F7K3325B100AS0AG/DJI_202609081048_005/DJI_20260908105258_0001_V.MP4,B4,uav-07,V,60.50,2.52,454.087,454.087,13613,13613,2026-09-08 11:00:33.207,2026-09-08 11:00:33.207,1
@raw/04_第四批_20260908_1053_多火点与余热点/01_正式视频/无人机07_1581F7K3325B100AS0AG/DJI_202609081048_005/DJI_20260908105258_0001_V.MP4,B4,uav-07,V,61.60,2.56,454.12,454.12,13614,13614,2026-09-08 11:00:33.240,2026-09-08 11:00:33.240,1
@raw/04_第四批_20260908_1053_多火点与余热点/01_正式视频/无人机07_1581F7K3325B100AS0AG/DJI_202609081048_005/DJI_20260908105258_0001_V.MP4,B4,uav-07,V,62.60,2.61,454.154,454.154,13615,13615,2026-09-08 11:00:33.273,2026-09-08 11:00:33.273,1
@raw/04_第四批_20260908_1053_多火点与余热点/01_正式视频/无人机07_1581F7K3325B100AS0AG/DJI_202609081048_005/DJI_20260908105258_0001_V.MP4,B4,uav-07,V,63.70,2.65,454.187,454.187,13616,13616,2026-09-08 11:00:33.306,2026-09-08 11:00:33.306,1
@raw/04_第四批_20260908_1053_多火点与余热点/01_正式视频/无人机07_1581F7K3325B100AS0AG/DJI_202609081048_005/DJI_20260908105258_0001_V.MP4,B4,uav-07,V,64.50,2.69,454.22,455.121,13617,13644,2026-09-08 11:00:33.339,2026-09-08 11:00:34.241,28
@raw/04_第四批_20260908_1053_多火点与余热点/01_正式视频/无人机07_1581F7K3325B100AS0AG/DJI_202609081048_005/DJI_20260908105258_0001_V.MP4,B4,uav-07,V,64.10,2.67,455.155,455.155,13645,13645,2026-09-08 11:00:34.274,2026-09-08 11:00:34.274,1
@raw/04_第四批_20260908_1053_多火点与余热点/01_正式视频/无人机07_1581F7K3325B100AS0AG/DJI_202609081048_005/DJI_20260908105258_0001_V.MP4,B4,uav-07,V,63.60,2.65,455.188,455.188,13646,13646,2026-09-08 11:00:34.307,2026-09-08 11:00:34.307,1
@raw/04_第四批_20260908_1053_多火点与余热点/01_正式视频/无人机07_1581F7K3325B100AS0AG/DJI_202609081048_005/DJI_20260908105258_0001_V.MP4,B4,uav-07,V,63.10,2.63,455.221,455.221,13647,13647,2026-09-08 11:00:34.342,2026-09-08 11:00:34.342,1
@raw/04_第四批_20260908_1053_多火点与余热点/01_正式视频/无人机07_1581F7K3325B100AS0AG/DJI_202609081048_005/DJI_20260908105258_0001_V.MP4,B4,uav-07,V,62.50,2.61,455.255,455.255,13648,13648,2026-09-08 11:00:34.373,2026-09-08 11:00:34.373,1
@raw/04_第四批_20260908_1053_多火点与余热点/01_正式视频/无人机07_1581F7K3325B100AS0AG/DJI_202609081048_005/DJI_20260908105258_0001_V.MP4,B4,uav-07,V,62.00,2.58,455.288,455.288,13649,13649,2026-09-08 11:00:34.408,2026-09-08 11:00:34.408,1
@raw/04_第四批_20260908_1053_多火点与余热点/01_正式视频/无人机07_1581F7K3325B100AS0AG/DJI_202609081048_005/DJI_20260908105258_0001_V.MP4,B4,uav-07,V,61.50,2.56,455.322,456.156,13650,13675,2026-09-08 11:00:34.442,2026-09-08 11:00:35.275,26
@raw/04_第四批_20260908_1053_多火点与余热点/01_正式视频/无人机07_1581F7K3325B100AS0AG/DJI_202609081048_005/DJI_20260908105258_0001_V.MP4,B4,uav-07,V,61.00,2.54,456.189,456.189,13676,13676,2026-09-08 11:00:35.308,2026-09-08 11:00:35.308,1
@raw/04_第四批_20260908_1053_多火点与余热点/01_正式视频/无人机07_1581F7K3325B100AS0AG/DJI_202609081048_005/DJI_20260908105258_0001_V.MP4,B4,uav-07,V,60.40,2.52,456.222,456.222,13677,13677,2026-09-08 11:00:35.342,2026-09-08 11:00:35.342,1
@raw/04_第四批_20260908_1053_多火点与余热点/01_正式视频/无人机07_1581F7K3325B100AS0AG/DJI_202609081048_005/DJI_20260908105258_0001_V.MP4,B4,uav-07,V,59.60,2.48,456.256,456.256,13678,13678,2026-09-08 11:00:35.375,2026-09-08 11:00:35.375,1
@raw/04_第四批_20260908_1053_多火点与余热点/01_正式视频/无人机07_1581F7K3325B100AS0AG/DJI_202609081048_005/DJI_20260908105258_0001_V.MP4,B4,uav-07,V,58.90,2.46,456.289,456.289,13679,13679,2026-09-08 11:00:35.409,2026-09-08 11:00:35.409,1
@raw/04_第四批_20260908_1053_多火点与余热点/01_正式视频/无人机07_1581F7K3325B100AS0AG/DJI_202609081048_005/DJI_20260908105258_0001_V.MP4,B4,uav-07,V,58.30,2.43,456.323,456.823,13680,13695,2026-09-08 11:00:35.441,2026-09-08 11:00:35.942,16
@raw/04_第四批_20260908_1053_多火点与余热点/01_正式视频/无人机07_1581F7K3325B100AS0AG/DJI_202609081048_005/DJI_20260908105258_0001_V.MP4,B4,uav-07,V,57.90,2.41,456.856,456.856,13696,13696,2026-09-08 11:00:35.975,2026-09-08 11:00:35.975,1
@raw/04_第四批_20260908_1053_多火点与余热点/01_正式视频/无人机07_1581F7K3325B100AS0AG/DJI_202609081048_005/DJI_20260908105258_0001_V.MP4,B4,uav-07,V,57.30,2.39,456.89,456.89,13697,13697,2026-09-08 11:00:36.009,2026-09-08 11:00:36.009,1
@raw/04_第四批_20260908_1053_多火点与余热点/01_正式视频/无人机07_1581F7K3325B100AS0AG/DJI_202609081048_005/DJI_20260908105258_0001_V.MP4,B4,uav-07,V,56.30,2.35,456.923,456.923,13698,13698,2026-09-08 11:00:36.041,2026-09-08 11:00:36.041,1
@raw/04_第四批_20260908_1053_多火点与余热点/01_正式视频/无人机07_1581F7K3325B100AS0AG/DJI_202609081048_005/DJI_20260908105258_0001_V.MP4,B4,uav-07,V,55.40,2.31,456.957,456.957,13699,13699,2026-09-08 11:00:36.075,2026-09-08 11:00:36.075,1
@raw/04_第四批_20260908_1053_多火点与余热点/01_正式视频/无人机07_1581F7K3325B100AS0AG/DJI_202609081048_005/DJI_20260908105258_0001_V.MP4,B4,uav-07,V,54.50,2.27,456.99,456.99,13700,13700,2026-09-08 11:00:36.108,2026-09-08 11:00:36.108,1
@raw/04_第四批_20260908_1053_多火点与余热点/01_正式视频/无人机07_1581F7K3325B100AS0AG/DJI_202609081048_005/DJI_20260908105258_0001_V.MP4,B4,uav-07,V,53.60,2.23,457.023,844.177,13701,25310,2026-09-08 11:00:36.142,2026-09-08 11:07:03.304,11604
@raw/04_第四批_20260908_1053_多火点与余热点/01_正式视频/无人机07_1581F7K3325B100AS0AG/DJI_202609081048_005/DJI_20260908105258_0001_V.MP4,B4,uav-07,V,24.00,1.00,844.21,848.815,25311,25449,2026-09-08 11:07:03.337,2026-09-08 11:07:07.941,139
@raw/04_第四批_20260908_1053_多火点与余热点/01_正式视频/无人机08_1581F7K3C256N00DCP1T/DJI_202609081036_005/DJI_20260908105257_0001_S.MP4,B4,uav-08,S,24.00,1.00,0.0,25.726,0,771,2026-09-08 10:52:57.559,2026-09-08 10:53:23.236,772
@raw/04_第四批_20260908_1053_多火点与余热点/01_正式视频/无人机08_1581F7K3C256N00DCP1T/DJI_202609081036_005/DJI_20260908105257_0001_S.MP4,B4,uav-08,S,52.70,1.00,25.759,28.559,772,856,2026-09-08 10:53:23.282,2026-09-08 10:53:26.080,85
@raw/04_第四批_20260908_1053_多火点与余热点/01_正式视频/无人机08_1581F7K3C256N00DCP1T/DJI_202609081036_005/DJI_20260908105257_0001_S.MP4,B4,uav-08,S,24.00,1.00,28.592,77.975,857,2337,2026-09-08 10:53:26.112,2026-09-08 10:54:15.493,1481
@raw/04_第四批_20260908_1053_多火点与余热点/01_正式视频/无人机08_1581F7K3C256N00DCP1T/DJI_202609081036_005/DJI_20260908105257_0001_S.MP4,B4,uav-08,S,52.70,1.00,78.008,80.375,2338,2409,2026-09-08 10:54:15.510,2026-09-08 10:54:17.876,72
@raw/04_第四批_20260908_1053_多火点与余热点/01_正式视频/无人机08_1581F7K3C256N00DCP1T/DJI_202609081036_005/DJI_20260908105257_0001_S.MP4,B4,uav-08,S,24.00,1.00,80.408,91.853,2410,2753,2026-09-08 10:54:17.925,2026-09-08 10:54:29.370,344
@raw/04_第四批_20260908_1053_多火点与余热点/01_正式视频/无人机08_1581F7K3C256N00DCP1T/DJI_202609081036_005/DJI_20260908105257_0001_S.MP4,B4,uav-08,S,52.70,1.00,91.887,98.62,2754,2956,2026-09-08 10:54:29.414,2026-09-08 10:54:36.148,203
@raw/04_第四批_20260908_1053_多火点与余热点/01_正式视频/无人机08_1581F7K3C256N00DCP1T/DJI_202609081036_005/DJI_20260908105257_0001_S.MP4,B4,uav-08,S,24.00,1.00,98.653,128.416,2957,3850,2026-09-08 10:54:36.180,2026-09-08 10:55:05.956,893
@raw/04_第四批_20260908_1053_多火点与余热点/01_正式视频/无人机08_1581F7K3C256N00DCP1T/DJI_202609081036_005/DJI_20260908105257_0001_S.MP4,B4,uav-08,S,52.70,1.00,128.45,148.35,3851,4448,2026-09-08 10:55:05.992,2026-09-08 10:55:25.888,598
@raw/04_第四批_20260908_1053_多火点与余热点/01_正式视频/无人机08_1581F7K3C256N00DCP1T/DJI_202609081036_005/DJI_20260908105257_0001_S.MP4,B4,uav-08,S,24.00,1.00,148.383,151.62,4449,4546,2026-09-08 10:55:25.938,2026-09-08 10:55:29.176,98
@raw/04_第四批_20260908_1053_多火点与余热点/01_正式视频/无人机08_1581F7K3C256N00DCP1T/DJI_202609081036_005/DJI_20260908105257_0001_S.MP4,B4,uav-08,S,52.70,1.00,151.653,154.386,4547,4629,2026-09-08 10:55:29.221,2026-09-08 10:55:31.958,83
@raw/04_第四批_20260908_1053_多火点与余热点/01_正式视频/无人机08_1581F7K3C256N00DCP1T/DJI_202609081036_005/DJI_20260908105257_0001_S.MP4,B4,uav-08,S,24.00,1.00,154.42,170.336,4630,5107,2026-09-08 10:55:32.012,2026-09-08 10:55:47.928,478
@raw/04_第四批_20260908_1053_多火点与余热点/01_正式视频/无人机08_1581F7K3C256N00DCP1T/DJI_202609081036_005/DJI_20260908105257_0001_S.MP4,B4,uav-08,S,52.70,1.00,170.369,187.902,5108,5634,2026-09-08 10:55:47.962,2026-09-08 10:56:05.488,527
@raw/04_第四批_20260908_1053_多火点与余热点/01_正式视频/无人机08_1581F7K3C256N00DCP1T/DJI_202609081036_005/DJI_20260908105257_0001_S.MP4,B4,uav-08,S,24.00,1.00,187.936,190.705,5635,5718,2026-09-08 10:56:05.544,2026-09-08 10:56:08.314,84
@raw/04_第四批_20260908_1053_多火点与余热点/01_正式视频/无人机08_1581F7K3C256N00DCP1T/DJI_202609081036_005/DJI_20260908105257_0001_S.MP4,B4,uav-08,S,52.70,1.00,190.738,193.938,5719,5815,2026-09-08 10:56:08.356,2026-09-08 10:56:11.558,97
@raw/04_第四批_20260908_1053_多火点与余热点/01_正式视频/无人机08_1581F7K3C256N00DCP1T/DJI_202609081036_005/DJI_20260908105257_0001_S.MP4,B4,uav-08,S,24.00,1.00,193.972,325.003,5816,9744,2026-09-08 10:56:11.581,2026-09-08 10:58:22.610,3928
@raw/04_第四批_20260908_1053_多火点与余热点/01_正式视频/无人机08_1581F7K3C256N00DCP1T/DJI_202609081036_005/DJI_20260908105257_0001_S.MP4,B4,uav-08,S,52.70,1.00,325.036,328.203,9745,9840,2026-09-08 10:58:22.654,2026-09-08 10:58:25.819,96
@raw/04_第四批_20260908_1053_多火点与余热点/01_正式视频/无人机08_1581F7K3C256N00DCP1T/DJI_202609081036_005/DJI_20260908105257_0001_S.MP4,B4,uav-08,S,24.00,1.00,328.236,328.97,9841,9863,2026-09-08 10:58:25.852,2026-09-08 10:58:26.586,23
@raw/04_第四批_20260908_1053_多火点与余热点/01_正式视频/无人机08_1581F7K3C256N00DCP1T/DJI_202609081036_005/DJI_20260908105257_0001_S.MP4,B4,uav-08,S,52.70,1.00,329.003,330.537,9864,9910,2026-09-08 10:58:26.622,2026-09-08 10:58:28.156,47
@raw/04_第四批_20260908_1053_多火点与余热点/01_正式视频/无人机08_1581F7K3C256N00DCP1T/DJI_202609081036_005/DJI_20260908105257_0001_S.MP4,B4,uav-08,S,24.00,1.00,330.57,331.571,9911,9941,2026-09-08 10:58:28.188,2026-09-08 10:58:29.187,31
@raw/04_第四批_20260908_1053_多火点与余热点/01_正式视频/无人机08_1581F7K3C256N00DCP1T/DJI_202609081036_005/DJI_20260908105257_0001_S.MP4,B4,uav-08,S,52.70,1.00,331.604,593.904,9942,17814,2026-09-08 10:58:29.223,2026-09-08 11:02:51.535,7870
@raw/04_第四批_20260908_1053_多火点与余热点/01_正式视频/无人机08_1581F7K3C256N00DCP1T/DJI_202609081036_005/DJI_20260908105257_0001_S.MP4,B4,uav-08,S,24.00,1.00,593.938,744.355,17815,22324,2026-09-08 11:02:51.566,2026-09-08 11:05:21.983,4509
@raw/04_第四批_20260908_1053_多火点与余热点/01_正式视频/无人机08_1581F7K3C256N00DCP1T/DJI_202609081036_005/DJI_20260908105257_0001_S.MP4,B4,uav-08,S,52.70,1.00,744.388,748.088,22325,22436,2026-09-08 11:05:22.038,2026-09-08 11:05:25.736,112
@raw/04_第四批_20260908_1053_多火点与余热点/01_正式视频/无人机08_1581F7K3C256N00DCP1T/DJI_202609081036_005/DJI_20260908105257_0001_S.MP4,B4,uav-08,S,24.00,1.00,748.121,1079.319,22437,32367,2026-09-08 11:05:25.787,2026-09-08 11:10:56.987,9927
@raw/04_第四批_20260908_1053_多火点与余热点/01_正式视频/无人机08_1581F7K3C256N00DCP1T/DJI_202609081036_005/DJI_20260908105257_0001_V.MP4,B4,uav-08,V,24.00,1.00,0.0,1079.245,0,32356,2026-09-08 10:52:57.710,2026-09-08 11:10:56.983,32346
@raw/04_第四批_20260908_1053_多火点与余热点/01_正式视频/无人机09_1581F7K3C24CS00AX535/DJI_202609081039_006/DJI_20260908105258_0002_S.MP4,B4,uav-09,S,54.60,2.28,0.0,30.163,0,904,2026-09-08 10:52:58.959,2026-09-08 10:53:29.069,905
@raw/04_第四批_20260908_1053_多火点与余热点/01_正式视频/无人机09_1581F7K3C24CS00AX535/DJI_202609081039_006/DJI_20260908105258_0002_S.MP4,B4,uav-09,S,52.70,1.00,30.197,33.263,905,997,2026-09-08 10:53:29.116,2026-09-08 10:53:32.186,93
@raw/04_第四批_20260908_1053_多火点与余热点/01_正式视频/无人机09_1581F7K3C24CS00AX535/DJI_202609081039_006/DJI_20260908105258_0002_S.MP4,B4,uav-09,S,54.60,2.28,33.297,70.901,998,2125,2026-09-08 10:53:32.206,2026-09-08 10:54:09.809,1128
@raw/04_第四批_20260908_1053_多火点与余热点/01_正式视频/无人机09_1581F7K3C24CS00AX535/DJI_202609081039_006/DJI_20260908105258_0002_S.MP4,B4,uav-09,S,52.70,1.00,70.934,75.134,2126,2252,2026-09-08 10:54:09.850,2026-09-08 10:54:14.052,127
@raw/04_第四批_20260908_1053_多火点与余热点/01_正式视频/无人机09_1581F7K3C24CS00AX535/DJI_202609081039_006/DJI_20260908105258_0002_S.MP4,B4,uav-09,S,54.60,2.28,75.168,76.102,2253,2281,2026-09-08 10:54:14.080,2026-09-08 10:54:15.015,29
@raw/04_第四批_20260908_1053_多火点与余热点/01_正式视频/无人机09_1581F7K3C24CS00AX535/DJI_202609081039_006/DJI_20260908105258_0002_S.MP4,B4,uav-09,S,52.70,1.00,76.135,77.802,2282,2332,2026-09-08 10:54:15.057,2026-09-08 10:54:16.721,51
@raw/04_第四批_20260908_1053_多火点与余热点/01_正式视频/无人机09_1581F7K3C24CS00AX535/DJI_202609081039_006/DJI_20260908105258_0002_S.MP4,B4,uav-09,S,54.60,2.28,77.835,91.115,2333,2731,2026-09-08 10:54:16.753,2026-09-08 10:54:30.030,399
@raw/04_第四批_20260908_1053_多火点与余热点/01_正式视频/无人机09_1581F7K3C24CS00AX535/DJI_202609081039_006/DJI_20260908105258_0002_S.MP4,B4,uav-09,S,52.70,1.00,91.149,93.649,2732,2807,2026-09-08 10:54:30.048,2026-09-08 10:54:32.546,76
@raw/04_第四批_20260908_1053_多火点与余热点/01_正式视频/无人机09_1581F7K3C24CS00AX535/DJI_202609081039_006/DJI_20260908105258_0002_S.MP4,B4,uav-09,S,54.60,2.28,93.682,252.908,2808,7582,2026-09-08 10:54:32.569,2026-09-08 10:57:11.805,4773
@raw/04_第四批_20260908_1053_多火点与余热点/01_正式视频/无人机09_1581F7K3C24CS00AX535/DJI_202609081039_006/DJI_20260908105258_0002_S.MP4,B4,uav-09,S,52.70,1.00,252.941,254.941,7583,7643,2026-09-08 10:57:11.858,2026-09-08 10:57:13.859,61
@raw/04_第四批_20260908_1053_多火点与余热点/01_正式视频/无人机09_1581F7K3C24CS00AX535/DJI_202609081039_006/DJI_20260908105258_0002_S.MP4,B4,uav-09,S,54.60,2.28,254.974,460.446,7644,13805,2026-09-08 10:57:13.910,2026-09-08 11:00:39.382,6159
@raw/04_第四批_20260908_1053_多火点与余热点/01_正式视频/无人机09_1581F7K3C24CS00AX535/DJI_202609081039_006/DJI_20260908105258_0002_S.MP4,B4,uav-09,S,52.70,1.00,460.48,462.68,13806,13872,2026-09-08 11:00:39.398,2026-09-08 11:00:41.594,67
@raw/04_第四批_20260908_1053_多火点与余热点/01_正式视频/无人机09_1581F7K3C24CS00AX535/DJI_202609081039_006/DJI_20260908105258_0002_S.MP4,B4,uav-09,S,54.60,2.28,462.713,527.077,13873,15802,2026-09-08 11:00:41.650,2026-09-08 11:01:46.018,1930
@raw/04_第四批_20260908_1053_多火点与余热点/01_正式视频/无人机09_1581F7K3C24CS00AX535/DJI_202609081039_006/DJI_20260908105258_0002_S.MP4,B4,uav-09,S,52.70,1.00,527.111,528.477,15803,15844,2026-09-08 11:01:46.065,2026-09-08 11:01:47.432,42
@raw/04_第四批_20260908_1053_多火点与余热点/01_正式视频/无人机09_1581F7K3C24CS00AX535/DJI_202609081039_006/DJI_20260908105258_0002_S.MP4,B4,uav-09,S,54.60,2.28,528.511,800.516,15845,24000,2026-09-08 11:01:47.452,2026-09-08 11:06:19.467,8153
@raw/04_第四批_20260908_1053_多火点与余热点/01_正式视频/无人机09_1581F7K3C24CS00AX535/DJI_202609081039_006/DJI_20260908105258_0002_S.MP4,B4,uav-09,S,52.70,1.00,800.549,801.816,24001,24039,2026-09-08 11:06:19.473,2026-09-08 11:06:20.734,39
@raw/04_第四批_20260908_1053_多火点与余热点/01_正式视频/无人机09_1581F7K3C24CS00AX535/DJI_202609081039_006/DJI_20260908105258_0002_S.MP4,B4,uav-09,S,54.60,2.28,801.849,881.796,24040,26437,2026-09-08 11:06:20.767,2026-09-08 11:07:40.705,2397
@raw/04_第四批_20260908_1053_多火点与余热点/01_正式视频/无人机09_1581F7K3C24CS00AX535/DJI_202609081039_006/DJI_20260908105258_0002_V.MP4,B4,uav-09,V,54.60,2.28,0.0,881.814,0,26438,2026-09-08 10:52:58.935,2026-09-08 11:07:40.734,26429
@raw/04_第四批_20260908_1053_多火点与余热点/02_激光打点与定位验证/01_事后打点候选/无人机01_1581F7K3C251800CYBVP/DJI_202609081117_006/DJI_20260908112447_0010_S.MP4,B4,uav-01,S,24.00,1.00,0.0,14.848,0,445,2026-09-08 11:24:48.249,2026-09-08 11:25:03.085,446
@raw/04_第四批_20260908_1053_多火点与余热点/02_激光打点与定位验证/01_事后打点候选/无人机01_1581F7K3C251800CYBVP/DJI_202609081117_006/DJI_20260908112447_0010_S.MP4,B4,uav-01,S,24.20,1.01,14.882,14.882,446,446,2026-09-08 11:25:03.120,2026-09-08 11:25:03.120,1
@raw/04_第四批_20260908_1053_多火点与余热点/02_激光打点与定位验证/01_事后打点候选/无人机01_1581F7K3C251800CYBVP/DJI_202609081117_006/DJI_20260908112447_0010_S.MP4,B4,uav-01,S,24.30,1.01,14.915,14.915,447,447,2026-09-08 11:25:03.149,2026-09-08 11:25:03.149,1
@raw/04_第四批_20260908_1053_多火点与余热点/02_激光打点与定位验证/01_事后打点候选/无人机01_1581F7K3C251800CYBVP/DJI_202609081117_006/DJI_20260908112447_0010_S.MP4,B4,uav-01,S,24.50,1.02,14.948,14.948,448,448,2026-09-08 11:25:03.187,2026-09-08 11:25:03.187,1
@raw/04_第四批_20260908_1053_多火点与余热点/02_激光打点与定位验证/01_事后打点候选/无人机01_1581F7K3C251800CYBVP/DJI_202609081117_006/DJI_20260908112447_0010_S.MP4,B4,uav-01,S,24.60,1.03,14.982,14.982,449,449,2026-09-08 11:25:03.220,2026-09-08 11:25:03.220,1
@raw/04_第四批_20260908_1053_多火点与余热点/02_激光打点与定位验证/01_事后打点候选/无人机01_1581F7K3C251800CYBVP/DJI_202609081117_006/DJI_20260908112447_0010_S.MP4,B4,uav-01,S,24.80,1.03,15.015,15.015,450,450,2026-09-08 11:25:03.251,2026-09-08 11:25:03.251,1
@raw/04_第四批_20260908_1053_多火点与余热点/02_激光打点与定位验证/01_事后打点候选/无人机01_1581F7K3C251800CYBVP/DJI_202609081117_006/DJI_20260908112447_0010_S.MP4,B4,uav-01,S,24.90,1.04,15.048,15.048,451,451,2026-09-08 11:25:03.288,2026-09-08 11:25:03.288,1
@raw/04_第四批_20260908_1053_多火点与余热点/02_激光打点与定位验证/01_事后打点候选/无人机01_1581F7K3C251800CYBVP/DJI_202609081117_006/DJI_20260908112447_0010_S.MP4,B4,uav-01,S,25.10,1.05,15.082,15.082,452,452,2026-09-08 11:25:03.323,2026-09-08 11:25:03.323,1
@raw/04_第四批_20260908_1053_多火点与余热点/02_激光打点与定位验证/01_事后打点候选/无人机01_1581F7K3C251800CYBVP/DJI_202609081117_006/DJI_20260908112447_0010_S.MP4,B4,uav-01,S,25.30,1.05,15.115,15.115,453,453,2026-09-08 11:25:03.354,2026-09-08 11:25:03.354,1
@raw/04_第四批_20260908_1053_多火点与余热点/02_激光打点与定位验证/01_事后打点候选/无人机01_1581F7K3C251800CYBVP/DJI_202609081117_006/DJI_20260908112447_0010_S.MP4,B4,uav-01,S,25.40,1.06,15.148,15.148,454,454,2026-09-08 11:25:03.387,2026-09-08 11:25:03.387,1
@raw/04_第四批_20260908_1053_多火点与余热点/02_激光打点与定位验证/01_事后打点候选/无人机01_1581F7K3C251800CYBVP/DJI_202609081117_006/DJI_20260908112447_0010_S.MP4,B4,uav-01,S,25.60,1.07,15.182,15.182,455,455,2026-09-08 11:25:03.420,2026-09-08 11:25:03.420,1
@raw/04_第四批_20260908_1053_多火点与余热点/02_激光打点与定位验证/01_事后打点候选/无人机01_1581F7K3C251800CYBVP/DJI_202609081117_006/DJI_20260908112447_0010_S.MP4,B4,uav-01,S,25.80,1.07,15.215,15.215,456,456,2026-09-08 11:25:03.452,2026-09-08 11:25:03.452,1
@raw/04_第四批_20260908_1053_多火点与余热点/02_激光打点与定位验证/01_事后打点候选/无人机01_1581F7K3C251800CYBVP/DJI_202609081117_006/DJI_20260908112447_0010_S.MP4,B4,uav-01,S,25.90,1.08,15.249,15.249,457,457,2026-09-08 11:25:03.485,2026-09-08 11:25:03.485,1
@raw/04_第四批_20260908_1053_多火点与余热点/02_激光打点与定位验证/01_事后打点候选/无人机01_1581F7K3C251800CYBVP/DJI_202609081117_006/DJI_20260908112447_0010_S.MP4,B4,uav-01,S,26.10,1.09,15.282,15.282,458,458,2026-09-08 11:25:03.521,2026-09-08 11:25:03.521,1
@raw/04_第四批_20260908_1053_多火点与余热点/02_激光打点与定位验证/01_事后打点候选/无人机01_1581F7K3C251800CYBVP/DJI_202609081117_006/DJI_20260908112447_0010_S.MP4,B4,uav-01,S,26.30,1.09,15.315,15.315,459,459,2026-09-08 11:25:03.553,2026-09-08 11:25:03.553,1
@raw/04_第四批_20260908_1053_多火点与余热点/02_激光打点与定位验证/01_事后打点候选/无人机01_1581F7K3C251800CYBVP/DJI_202609081117_006/DJI_20260908112447_0010_S.MP4,B4,uav-01,S,26.40,1.10,15.349,15.349,460,460,2026-09-08 11:25:03.587,2026-09-08 11:25:03.587,1
@raw/04_第四批_20260908_1053_多火点与余热点/02_激光打点与定位验证/01_事后打点候选/无人机01_1581F7K3C251800CYBVP/DJI_202609081117_006/DJI_20260908112447_0010_S.MP4,B4,uav-01,S,26.60,1.11,15.382,15.382,461,461,2026-09-08 11:25:03.624,2026-09-08 11:25:03.624,1
@raw/04_第四批_20260908_1053_多火点与余热点/02_激光打点与定位验证/01_事后打点候选/无人机01_1581F7K3C251800CYBVP/DJI_202609081117_006/DJI_20260908112447_0010_S.MP4,B4,uav-01,S,26.80,1.12,15.415,15.415,462,462,2026-09-08 11:25:03.652,2026-09-08 11:25:03.652,1
@raw/04_第四批_20260908_1053_多火点与余热点/02_激光打点与定位验证/01_事后打点候选/无人机01_1581F7K3C251800CYBVP/DJI_202609081117_006/DJI_20260908112447_0010_S.MP4,B4,uav-01,S,27.00,1.12,15.449,15.449,463,463,2026-09-08 11:25:03.698,2026-09-08 11:25:03.698,1
@raw/04_第四批_20260908_1053_多火点与余热点/02_激光打点与定位验证/01_事后打点候选/无人机01_1581F7K3C251800CYBVP/DJI_202609081117_006/DJI_20260908112447_0010_S.MP4,B4,uav-01,S,27.10,1.13,15.482,15.482,464,464,2026-09-08 11:25:03.720,2026-09-08 11:25:03.720,1
@raw/04_第四批_20260908_1053_多火点与余热点/02_激光打点与定位验证/01_事后打点候选/无人机01_1581F7K3C251800CYBVP/DJI_202609081117_006/DJI_20260908112447_0010_S.MP4,B4,uav-01,S,27.30,1.14,15.516,15.516,465,465,2026-09-08 11:25:03.755,2026-09-08 11:25:03.755,1
@raw/04_第四批_20260908_1053_多火点与余热点/02_激光打点与定位验证/01_事后打点候选/无人机01_1581F7K3C251800CYBVP/DJI_202609081117_006/DJI_20260908112447_0010_S.MP4,B4,uav-01,S,27.50,1.15,15.549,15.549,466,466,2026-09-08 11:25:03.789,2026-09-08 11:25:03.789,1
@raw/04_第四批_20260908_1053_多火点与余热点/02_激光打点与定位验证/01_事后打点候选/无人机01_1581F7K3C251800CYBVP/DJI_202609081117_006/DJI_20260908112447_0010_S.MP4,B4,uav-01,S,27.70,1.15,15.582,15.582,467,467,2026-09-08 11:25:03.824,2026-09-08 11:25:03.824,1
@raw/04_第四批_20260908_1053_多火点与余热点/02_激光打点与定位验证/01_事后打点候选/无人机01_1581F7K3C251800CYBVP/DJI_202609081117_006/DJI_20260908112447_0010_S.MP4,B4,uav-01,S,27.80,1.16,15.616,15.616,468,468,2026-09-08 11:25:03.852,2026-09-08 11:25:03.852,1
@raw/04_第四批_20260908_1053_多火点与余热点/02_激光打点与定位验证/01_事后打点候选/无人机01_1581F7K3C251800CYBVP/DJI_202609081117_006/DJI_20260908112447_0010_S.MP4,B4,uav-01,S,28.00,1.17,15.649000000000001,15.649000000000001,469,469,2026-09-08 11:25:03.888,2026-09-08 11:25:03.888,1
@raw/04_第四批_20260908_1053_多火点与余热点/02_激光打点与定位验证/01_事后打点候选/无人机01_1581F7K3C251800CYBVP/DJI_202609081117_006/DJI_20260908112447_0010_S.MP4,B4,uav-01,S,28.20,1.17,15.682,15.682,470,470,2026-09-08 11:25:03.922,2026-09-08 11:25:03.922,1
@raw/04_第四批_20260908_1053_多火点与余热点/02_激光打点与定位验证/01_事后打点候选/无人机01_1581F7K3C251800CYBVP/DJI_202609081117_006/DJI_20260908112447_0010_S.MP4,B4,uav-01,S,28.40,1.18,15.716,15.716,471,471,2026-09-08 11:25:03.953,2026-09-08 11:25:03.953,1
@raw/04_第四批_20260908_1053_多火点与余热点/02_激光打点与定位验证/01_事后打点候选/无人机01_1581F7K3C251800CYBVP/DJI_202609081117_006/DJI_20260908112447_0010_S.MP4,B4,uav-01,S,28.60,1.19,15.749,15.749,472,472,2026-09-08 11:25:03.987,2026-09-08 11:25:03.987,1
@raw/04_第四批_20260908_1053_多火点与余热点/02_激光打点与定位验证/01_事后打点候选/无人机01_1581F7K3C251800CYBVP/DJI_202609081117_006/DJI_20260908112447_0010_S.MP4,B4,uav-01,S,28.80,1.20,15.782,15.782,473,473,2026-09-08 11:25:04.022,2026-09-08 11:25:04.022,1
@raw/04_第四批_20260908_1053_多火点与余热点/02_激光打点与定位验证/01_事后打点候选/无人机01_1581F7K3C251800CYBVP/DJI_202609081117_006/DJI_20260908112447_0010_S.MP4,B4,uav-01,S,28.90,1.21,15.816,15.816,474,474,2026-09-08 11:25:04.054,2026-09-08 11:25:04.054,1
@raw/04_第四批_20260908_1053_多火点与余热点/02_激光打点与定位验证/01_事后打点候选/无人机01_1581F7K3C251800CYBVP/DJI_202609081117_006/DJI_20260908112447_0010_S.MP4,B4,uav-01,S,29.10,1.21,15.849,15.849,475,475,2026-09-08 11:25:04.088,2026-09-08 11:25:04.088,1
@raw/04_第四批_20260908_1053_多火点与余热点/02_激光打点与定位验证/01_事后打点候选/无人机01_1581F7K3C251800CYBVP/DJI_202609081117_006/DJI_20260908112447_0010_S.MP4,B4,uav-01,S,29.30,1.22,15.883,15.883,476,476,2026-09-08 11:25:04.120,2026-09-08 11:25:04.120,1
@raw/04_第四批_20260908_1053_多火点与余热点/02_激光打点与定位验证/01_事后打点候选/无人机01_1581F7K3C251800CYBVP/DJI_202609081117_006/DJI_20260908112447_0010_S.MP4,B4,uav-01,S,29.50,1.23,15.916,15.916,477,477,2026-09-08 11:25:04.153,2026-09-08 11:25:04.153,1
@raw/04_第四批_20260908_1053_多火点与余热点/02_激光打点与定位验证/01_事后打点候选/无人机01_1581F7K3C251800CYBVP/DJI_202609081117_006/DJI_20260908112447_0010_S.MP4,B4,uav-01,S,29.70,1.24,15.949,15.949,478,478,2026-09-08 11:25:04.187,2026-09-08 11:25:04.187,1
@raw/04_第四批_20260908_1053_多火点与余热点/02_激光打点与定位验证/01_事后打点候选/无人机01_1581F7K3C251800CYBVP/DJI_202609081117_006/DJI_20260908112447_0010_S.MP4,B4,uav-01,S,29.90,1.25,15.983,15.983,479,479,2026-09-08 11:25:04.217,2026-09-08 11:25:04.217,1
@raw/04_第四批_20260908_1053_多火点与余热点/02_激光打点与定位验证/01_事后打点候选/无人机01_1581F7K3C251800CYBVP/DJI_202609081117_006/DJI_20260908112447_0010_S.MP4,B4,uav-01,S,30.10,1.25,16.016,16.016,480,480,2026-09-08 11:25:04.253,2026-09-08 11:25:04.253,1
@raw/04_第四批_20260908_1053_多火点与余热点/02_激光打点与定位验证/01_事后打点候选/无人机01_1581F7K3C251800CYBVP/DJI_202609081117_006/DJI_20260908112447_0010_S.MP4,B4,uav-01,S,30.30,1.26,16.049,16.049,481,481,2026-09-08 11:25:04.289,2026-09-08 11:25:04.289,1
@raw/04_第四批_20260908_1053_多火点与余热点/02_激光打点与定位验证/01_事后打点候选/无人机01_1581F7K3C251800CYBVP/DJI_202609081117_006/DJI_20260908112447_0010_S.MP4,B4,uav-01,S,30.50,1.27,16.083,16.083,482,482,2026-09-08 11:25:04.323,2026-09-08 11:25:04.323,1
@raw/04_第四批_20260908_1053_多火点与余热点/02_激光打点与定位验证/01_事后打点候选/无人机01_1581F7K3C251800CYBVP/DJI_202609081117_006/DJI_20260908112447_0010_S.MP4,B4,uav-01,S,30.70,1.28,16.116,45.712,483,1370,2026-09-08 11:25:04.354,2026-09-08 11:25:33.957,888
@raw/04_第四批_20260908_1053_多火点与余热点/02_激光打点与定位验证/01_事后打点候选/无人机01_1581F7K3C251800CYBVP/DJI_202609081117_006/DJI_20260908112447_0010_S.MP4,B4,uav-01,S,30.50,1.27,45.746,45.746,1371,1371,2026-09-08 11:25:33.988,2026-09-08 11:25:33.988,1
@raw/04_第四批_20260908_1053_多火点与余热点/02_激光打点与定位验证/01_事后打点候选/无人机01_1581F7K3C251800CYBVP/DJI_202609081117_006/DJI_20260908112447_0010_S.MP4,B4,uav-01,S,30.30,1.26,45.779,45.779,1372,1372,2026-09-08 11:25:34.023,2026-09-08 11:25:34.023,1
@raw/04_第四批_20260908_1053_多火点与余热点/02_激光打点与定位验证/01_事后打点候选/无人机01_1581F7K3C251800CYBVP/DJI_202609081117_006/DJI_20260908112447_0010_S.MP4,B4,uav-01,S,30.10,1.25,45.812,45.812,1373,1373,2026-09-08 11:25:34.056,2026-09-08 11:25:34.056,1
@raw/04_第四批_20260908_1053_多火点与余热点/02_激光打点与定位验证/01_事后打点候选/无人机01_1581F7K3C251800CYBVP/DJI_202609081117_006/DJI_20260908112447_0010_S.MP4,B4,uav-01,S,29.90,1.25,45.846,45.846,1374,1374,2026-09-08 11:25:34.090,2026-09-08 11:25:34.090,1
@raw/04_第四批_20260908_1053_多火点与余热点/02_激光打点与定位验证/01_事后打点候选/无人机01_1581F7K3C251800CYBVP/DJI_202609081117_006/DJI_20260908112447_0010_S.MP4,B4,uav-01,S,29.70,1.24,45.879,45.879,1375,1375,2026-09-08 11:25:34.122,2026-09-08 11:25:34.122,1
@raw/04_第四批_20260908_1053_多火点与余热点/02_激光打点与定位验证/01_事后打点候选/无人机01_1581F7K3C251800CYBVP/DJI_202609081117_006/DJI_20260908112447_0010_S.MP4,B4,uav-01,S,29.50,1.23,45.913,45.913,1376,1376,2026-09-08 11:25:34.156,2026-09-08 11:25:34.156,1
@raw/04_第四批_20260908_1053_多火点与余热点/02_激光打点与定位验证/01_事后打点候选/无人机01_1581F7K3C251800CYBVP/DJI_202609081117_006/DJI_20260908112447_0010_S.MP4,B4,uav-01,S,29.30,1.22,45.946,45.946,1377,1377,2026-09-08 11:25:34.190,2026-09-08 11:25:34.190,1
@raw/04_第四批_20260908_1053_多火点与余热点/02_激光打点与定位验证/01_事后打点候选/无人机01_1581F7K3C251800CYBVP/DJI_202609081117_006/DJI_20260908112447_0010_S.MP4,B4,uav-01,S,29.20,1.21,45.979,45.979,1378,1378,2026-09-08 11:25:34.223,2026-09-08 11:25:34.223,1
@raw/04_第四批_20260908_1053_多火点与余热点/02_激光打点与定位验证/01_事后打点候选/无人机01_1581F7K3C251800CYBVP/DJI_202609081117_006/DJI_20260908112447_0010_S.MP4,B4,uav-01,S,29.00,1.21,46.013,46.013,1379,1379,2026-09-08 11:25:34.257,2026-09-08 11:25:34.257,1
@raw/04_第四批_20260908_1053_多火点与余热点/02_激光打点与定位验证/01_事后打点候选/无人机01_1581F7K3C251800CYBVP/DJI_202609081117_006/DJI_20260908112447_0010_S.MP4,B4,uav-01,S,28.80,1.20,46.046,46.046,1380,1380,2026-09-08 11:25:34.289,2026-09-08 11:25:34.289,1
@raw/04_第四批_20260908_1053_多火点与余热点/02_激光打点与定位验证/01_事后打点候选/无人机01_1581F7K3C251800CYBVP/DJI_202609081117_006/DJI_20260908112447_0010_S.MP4,B4,uav-01,S,28.60,1.19,46.079,46.079,1381,1381,2026-09-08 11:25:34.324,2026-09-08 11:25:34.324,1
@raw/04_第四批_20260908_1053_多火点与余热点/02_激光打点与定位验证/01_事后打点候选/无人机01_1581F7K3C251800CYBVP/DJI_202609081117_006/DJI_20260908112447_0010_S.MP4,B4,uav-01,S,28.40,1.18,46.113,46.113,1382,1382,2026-09-08 11:25:34.355,2026-09-08 11:25:34.355,1
@raw/04_第四批_20260908_1053_多火点与余热点/02_激光打点与定位验证/01_事后打点候选/无人机01_1581F7K3C251800CYBVP/DJI_202609081117_006/DJI_20260908112447_0010_S.MP4,B4,uav-01,S,28.20,1.18,46.146,46.146,1383,1383,2026-09-08 11:25:34.393,2026-09-08 11:25:34.393,1
@raw/04_第四批_20260908_1053_多火点与余热点/02_激光打点与定位验证/01_事后打点候选/无人机01_1581F7K3C251800CYBVP/DJI_202609081117_006/DJI_20260908112447_0010_S.MP4,B4,uav-01,S,28.00,1.17,46.179,46.179,1384,1384,2026-09-08 11:25:34.424,2026-09-08 11:25:34.424,1
@raw/04_第四批_20260908_1053_多火点与余热点/02_激光打点与定位验证/01_事后打点候选/无人机01_1581F7K3C251800CYBVP/DJI_202609081117_006/DJI_20260908112447_0010_S.MP4,B4,uav-01,S,27.90,1.16,46.213,46.213,1385,1385,2026-09-08 11:25:34.457,2026-09-08 11:25:34.457,1
@raw/04_第四批_20260908_1053_多火点与余热点/02_激光打点与定位验证/01_事后打点候选/无人机01_1581F7K3C251800CYBVP/DJI_202609081117_006/DJI_20260908112447_0010_S.MP4,B4,uav-01,S,27.70,1.15,46.246,84.751,1386,2540,2026-09-08 11:25:34.490,2026-09-08 11:26:12.994,1155
@raw/04_第四批_20260908_1053_多火点与余热点/02_激光打点与定位验证/01_事后打点候选/无人机01_1581F7K3C251800CYBVP/DJI_202609081117_006/DJI_20260908112447_0010_V.MP4,B4,uav-01,V,24.00,1.00,0.0,14.882,0,446,2026-09-08 11:24:48.203,2026-09-08 11:25:03.080,447
@raw/04_第四批_20260908_1053_多火点与余热点/02_激光打点与定位验证/01_事后打点候选/无人机01_1581F7K3C251800CYBVP/DJI_202609081117_006/DJI_20260908112447_0010_V.MP4,B4,uav-01,V,24.20,1.01,14.915,14.915,447,447,2026-09-08 11:25:03.113,2026-09-08 11:25:03.113,1
@raw/04_第四批_20260908_1053_多火点与余热点/02_激光打点与定位验证/01_事后打点候选/无人机01_1581F7K3C251800CYBVP/DJI_202609081117_006/DJI_20260908112447_0010_V.MP4,B4,uav-01,V,24.30,1.01,14.948,14.948,448,448,2026-09-08 11:25:03.146,2026-09-08 11:25:03.146,1
@raw/04_第四批_20260908_1053_多火点与余热点/02_激光打点与定位验证/01_事后打点候选/无人机01_1581F7K3C251800CYBVP/DJI_202609081117_006/DJI_20260908112447_0010_V.MP4,B4,uav-01,V,24.50,1.02,14.982,14.982,449,449,2026-09-08 11:25:03.179,2026-09-08 11:25:03.179,1
@raw/04_第四批_20260908_1053_多火点与余热点/02_激光打点与定位验证/01_事后打点候选/无人机01_1581F7K3C251800CYBVP/DJI_202609081117_006/DJI_20260908112447_0010_V.MP4,B4,uav-01,V,24.60,1.03,15.015,15.015,450,450,2026-09-08 11:25:03.213,2026-09-08 11:25:03.213,1
@raw/04_第四批_20260908_1053_多火点与余热点/02_激光打点与定位验证/01_事后打点候选/无人机01_1581F7K3C251800CYBVP/DJI_202609081117_006/DJI_20260908112447_0010_V.MP4,B4,uav-01,V,24.80,1.03,15.048,15.048,451,451,2026-09-08 11:25:03.247,2026-09-08 11:25:03.247,1
@raw/04_第四批_20260908_1053_多火点与余热点/02_激光打点与定位验证/01_事后打点候选/无人机01_1581F7K3C251800CYBVP/DJI_202609081117_006/DJI_20260908112447_0010_V.MP4,B4,uav-01,V,24.90,1.04,15.082,15.082,452,452,2026-09-08 11:25:03.279,2026-09-08 11:25:03.279,1
@raw/04_第四批_20260908_1053_多火点与余热点/02_激光打点与定位验证/01_事后打点候选/无人机01_1581F7K3C251800CYBVP/DJI_202609081117_006/DJI_20260908112447_0010_V.MP4,B4,uav-01,V,25.10,1.05,15.115,15.115,453,453,2026-09-08 11:25:03.315,2026-09-08 11:25:03.315,1
@raw/04_第四批_20260908_1053_多火点与余热点/02_激光打点与定位验证/01_事后打点候选/无人机01_1581F7K3C251800CYBVP/DJI_202609081117_006/DJI_20260908112447_0010_V.MP4,B4,uav-01,V,25.30,1.05,15.148,15.148,454,454,2026-09-08 11:25:03.346,2026-09-08 11:25:03.346,1
@raw/04_第四批_20260908_1053_多火点与余热点/02_激光打点与定位验证/01_事后打点候选/无人机01_1581F7K3C251800CYBVP/DJI_202609081117_006/DJI_20260908112447_0010_V.MP4,B4,uav-01,V,25.40,1.06,15.182,15.182,455,455,2026-09-08 11:25:03.380,2026-09-08 11:25:03.380,1
@raw/04_第四批_20260908_1053_多火点与余热点/02_激光打点与定位验证/01_事后打点候选/无人机01_1581F7K3C251800CYBVP/DJI_202609081117_006/DJI_20260908112447_0010_V.MP4,B4,uav-01,V,25.60,1.07,15.215,15.215,456,456,2026-09-08 11:25:03.413,2026-09-08 11:25:03.413,1
@raw/04_第四批_20260908_1053_多火点与余热点/02_激光打点与定位验证/01_事后打点候选/无人机01_1581F7K3C251800CYBVP/DJI_202609081117_006/DJI_20260908112447_0010_V.MP4,B4,uav-01,V,25.80,1.07,15.249,15.249,457,457,2026-09-08 11:25:03.447,2026-09-08 11:25:03.447,1
@raw/04_第四批_20260908_1053_多火点与余热点/02_激光打点与定位验证/01_事后打点候选/无人机01_1581F7K3C251800CYBVP/DJI_202609081117_006/DJI_20260908112447_0010_V.MP4,B4,uav-01,V,25.90,1.08,15.282,15.282,458,458,2026-09-08 11:25:03.479,2026-09-08 11:25:03.479,1
@raw/04_第四批_20260908_1053_多火点与余热点/02_激光打点与定位验证/01_事后打点候选/无人机01_1581F7K3C251800CYBVP/DJI_202609081117_006/DJI_20260908112447_0010_V.MP4,B4,uav-01,V,26.10,1.09,15.315,15.315,459,459,2026-09-08 11:25:03.513,2026-09-08 11:25:03.513,1
@raw/04_第四批_20260908_1053_多火点与余热点/02_激光打点与定位验证/01_事后打点候选/无人机01_1581F7K3C251800CYBVP/DJI_202609081117_006/DJI_20260908112447_0010_V.MP4,B4,uav-01,V,26.30,1.09,15.349,15.349,460,460,2026-09-08 11:25:03.547,2026-09-08 11:25:03.547,1
@raw/04_第四批_20260908_1053_多火点与余热点/02_激光打点与定位验证/01_事后打点候选/无人机01_1581F7K3C251800CYBVP/DJI_202609081117_006/DJI_20260908112447_0010_V.MP4,B4,uav-01,V,26.40,1.10,15.382,15.382,461,461,2026-09-08 11:25:03.580,2026-09-08 11:25:03.580,1
@raw/04_第四批_20260908_1053_多火点与余热点/02_激光打点与定位验证/01_事后打点候选/无人机01_1581F7K3C251800CYBVP/DJI_202609081117_006/DJI_20260908112447_0010_V.MP4,B4,uav-01,V,26.60,1.11,15.415,15.415,462,462,2026-09-08 11:25:03.615,2026-09-08 11:25:03.615,1
@raw/04_第四批_20260908_1053_多火点与余热点/02_激光打点与定位验证/01_事后打点候选/无人机01_1581F7K3C251800CYBVP/DJI_202609081117_006/DJI_20260908112447_0010_V.MP4,B4,uav-01,V,26.80,1.12,15.449,15.449,463,463,2026-09-08 11:25:03.646,2026-09-08 11:25:03.646,1
@raw/04_第四批_20260908_1053_多火点与余热点/02_激光打点与定位验证/01_事后打点候选/无人机01_1581F7K3C251800CYBVP/DJI_202609081117_006/DJI_20260908112447_0010_V.MP4,B4,uav-01,V,27.00,1.12,15.482,15.482,464,464,2026-09-08 11:25:03.679,2026-09-08 11:25:03.679,1
@raw/04_第四批_20260908_1053_多火点与余热点/02_激光打点与定位验证/01_事后打点候选/无人机01_1581F7K3C251800CYBVP/DJI_202609081117_006/DJI_20260908112447_0010_V.MP4,B4,uav-01,V,27.10,1.13,15.516,15.516,465,465,2026-09-08 11:25:03.714,2026-09-08 11:25:03.714,1
@raw/04_第四批_20260908_1053_多火点与余热点/02_激光打点与定位验证/01_事后打点候选/无人机01_1581F7K3C251800CYBVP/DJI_202609081117_006/DJI_20260908112447_0010_V.MP4,B4,uav-01,V,27.30,1.14,15.549,15.549,466,466,2026-09-08 11:25:03.748,2026-09-08 11:25:03.748,1
@raw/04_第四批_20260908_1053_多火点与余热点/02_激光打点与定位验证/01_事后打点候选/无人机01_1581F7K3C251800CYBVP/DJI_202609081117_006/DJI_20260908112447_0010_V.MP4,B4,uav-01,V,27.50,1.15,15.582,15.582,467,467,2026-09-08 11:25:03.780,2026-09-08 11:25:03.780,1
@raw/04_第四批_20260908_1053_多火点与余热点/02_激光打点与定位验证/01_事后打点候选/无人机01_1581F7K3C251800CYBVP/DJI_202609081117_006/DJI_20260908112447_0010_V.MP4,B4,uav-01,V,27.70,1.15,15.616,15.616,468,468,2026-09-08 11:25:03.813,2026-09-08 11:25:03.813,1
@raw/04_第四批_20260908_1053_多火点与余热点/02_激光打点与定位验证/01_事后打点候选/无人机01_1581F7K3C251800CYBVP/DJI_202609081117_006/DJI_20260908112447_0010_V.MP4,B4,uav-01,V,27.80,1.16,15.649000000000001,15.649000000000001,469,469,2026-09-08 11:25:03.846,2026-09-08 11:25:03.846,1
@raw/04_第四批_20260908_1053_多火点与余热点/02_激光打点与定位验证/01_事后打点候选/无人机01_1581F7K3C251800CYBVP/DJI_202609081117_006/DJI_20260908112447_0010_V.MP4,B4,uav-01,V,28.00,1.17,15.682,15.682,470,470,2026-09-08 11:25:03.880,2026-09-08 11:25:03.880,1
@raw/04_第四批_20260908_1053_多火点与余热点/02_激光打点与定位验证/01_事后打点候选/无人机01_1581F7K3C251800CYBVP/DJI_202609081117_006/DJI_20260908112447_0010_V.MP4,B4,uav-01,V,28.20,1.17,15.716,15.716,471,471,2026-09-08 11:25:03.913,2026-09-08 11:25:03.913,1
@raw/04_第四批_20260908_1053_多火点与余热点/02_激光打点与定位验证/01_事后打点候选/无人机01_1581F7K3C251800CYBVP/DJI_202609081117_006/DJI_20260908112447_0010_V.MP4,B4,uav-01,V,28.40,1.18,15.749,15.749,472,472,2026-09-08 11:25:03.946,2026-09-08 11:25:03.946,1
@raw/04_第四批_20260908_1053_多火点与余热点/02_激光打点与定位验证/01_事后打点候选/无人机01_1581F7K3C251800CYBVP/DJI_202609081117_006/DJI_20260908112447_0010_V.MP4,B4,uav-01,V,28.60,1.19,15.782,15.782,473,473,2026-09-08 11:25:03.980,2026-09-08 11:25:03.980,1
@raw/04_第四批_20260908_1053_多火点与余热点/02_激光打点与定位验证/01_事后打点候选/无人机01_1581F7K3C251800CYBVP/DJI_202609081117_006/DJI_20260908112447_0010_V.MP4,B4,uav-01,V,28.80,1.20,15.816,15.816,474,474,2026-09-08 11:25:04.014,2026-09-08 11:25:04.014,1
@raw/04_第四批_20260908_1053_多火点与余热点/02_激光打点与定位验证/01_事后打点候选/无人机01_1581F7K3C251800CYBVP/DJI_202609081117_006/DJI_20260908112447_0010_V.MP4,B4,uav-01,V,28.90,1.21,15.849,15.849,475,475,2026-09-08 11:25:04.047,2026-09-08 11:25:04.047,1
@raw/04_第四批_20260908_1053_多火点与余热点/02_激光打点与定位验证/01_事后打点候选/无人机01_1581F7K3C251800CYBVP/DJI_202609081117_006/DJI_20260908112447_0010_V.MP4,B4,uav-01,V,29.10,1.21,15.883,15.883,476,476,2026-09-08 11:25:04.079,2026-09-08 11:25:04.079,1
@raw/04_第四批_20260908_1053_多火点与余热点/02_激光打点与定位验证/01_事后打点候选/无人机01_1581F7K3C251800CYBVP/DJI_202609081117_006/DJI_20260908112447_0010_V.MP4,B4,uav-01,V,29.30,1.22,15.916,15.916,477,477,2026-09-08 11:25:04.114,2026-09-08 11:25:04.114,1
@raw/04_第四批_20260908_1053_多火点与余热点/02_激光打点与定位验证/01_事后打点候选/无人机01_1581F7K3C251800CYBVP/DJI_202609081117_006/DJI_20260908112447_0010_V.MP4,B4,uav-01,V,29.50,1.23,15.949,15.949,478,478,2026-09-08 11:25:04.147,2026-09-08 11:25:04.147,1
@raw/04_第四批_20260908_1053_多火点与余热点/02_激光打点与定位验证/01_事后打点候选/无人机01_1581F7K3C251800CYBVP/DJI_202609081117_006/DJI_20260908112447_0010_V.MP4,B4,uav-01,V,29.70,1.24,15.983,15.983,479,479,2026-09-08 11:25:04.179,2026-09-08 11:25:04.179,1
@raw/04_第四批_20260908_1053_多火点与余热点/02_激光打点与定位验证/01_事后打点候选/无人机01_1581F7K3C251800CYBVP/DJI_202609081117_006/DJI_20260908112447_0010_V.MP4,B4,uav-01,V,29.90,1.25,16.016,16.016,480,480,2026-09-08 11:25:04.213,2026-09-08 11:25:04.213,1
@raw/04_第四批_20260908_1053_多火点与余热点/02_激光打点与定位验证/01_事后打点候选/无人机01_1581F7K3C251800CYBVP/DJI_202609081117_006/DJI_20260908112447_0010_V.MP4,B4,uav-01,V,30.10,1.25,16.049,16.049,481,481,2026-09-08 11:25:04.247,2026-09-08 11:25:04.247,1
@raw/04_第四批_20260908_1053_多火点与余热点/02_激光打点与定位验证/01_事后打点候选/无人机01_1581F7K3C251800CYBVP/DJI_202609081117_006/DJI_20260908112447_0010_V.MP4,B4,uav-01,V,30.30,1.26,16.083,16.083,482,482,2026-09-08 11:25:04.280,2026-09-08 11:25:04.280,1
@raw/04_第四批_20260908_1053_多火点与余热点/02_激光打点与定位验证/01_事后打点候选/无人机01_1581F7K3C251800CYBVP/DJI_202609081117_006/DJI_20260908112447_0010_V.MP4,B4,uav-01,V,30.50,1.27,16.116,16.116,483,483,2026-09-08 11:25:04.314,2026-09-08 11:25:04.314,1
@raw/04_第四批_20260908_1053_多火点与余热点/02_激光打点与定位验证/01_事后打点候选/无人机01_1581F7K3C251800CYBVP/DJI_202609081117_006/DJI_20260908112447_0010_V.MP4,B4,uav-01,V,30.70,1.28,16.149,45.746,484,1371,2026-09-08 11:25:04.347,2026-09-08 11:25:33.950,888
@raw/04_第四批_20260908_1053_多火点与余热点/02_激光打点与定位验证/01_事后打点候选/无人机01_1581F7K3C251800CYBVP/DJI_202609081117_006/DJI_20260908112447_0010_V.MP4,B4,uav-01,V,30.50,1.27,45.779,45.779,1372,1372,2026-09-08 11:25:33.982,2026-09-08 11:25:33.982,1
@raw/04_第四批_20260908_1053_多火点与余热点/02_激光打点与定位验证/01_事后打点候选/无人机01_1581F7K3C251800CYBVP/DJI_202609081117_006/DJI_20260908112447_0010_V.MP4,B4,uav-01,V,30.30,1.26,45.812,45.812,1373,1373,2026-09-08 11:25:34.015,2026-09-08 11:25:34.015,1
@raw/04_第四批_20260908_1053_多火点与余热点/02_激光打点与定位验证/01_事后打点候选/无人机01_1581F7K3C251800CYBVP/DJI_202609081117_006/DJI_20260908112447_0010_V.MP4,B4,uav-01,V,30.10,1.25,45.846,45.846,1374,1374,2026-09-08 11:25:34.049,2026-09-08 11:25:34.049,1
@raw/04_第四批_20260908_1053_多火点与余热点/02_激光打点与定位验证/01_事后打点候选/无人机01_1581F7K3C251800CYBVP/DJI_202609081117_006/DJI_20260908112447_0010_V.MP4,B4,uav-01,V,29.90,1.25,45.879,45.879,1375,1375,2026-09-08 11:25:34.082,2026-09-08 11:25:34.082,1
@raw/04_第四批_20260908_1053_多火点与余热点/02_激光打点与定位验证/01_事后打点候选/无人机01_1581F7K3C251800CYBVP/DJI_202609081117_006/DJI_20260908112447_0010_V.MP4,B4,uav-01,V,29.70,1.24,45.913,45.913,1376,1376,2026-09-08 11:25:34.115,2026-09-08 11:25:34.115,1
@raw/04_第四批_20260908_1053_多火点与余热点/02_激光打点与定位验证/01_事后打点候选/无人机01_1581F7K3C251800CYBVP/DJI_202609081117_006/DJI_20260908112447_0010_V.MP4,B4,uav-01,V,29.50,1.23,45.946,45.946,1377,1377,2026-09-08 11:25:34.150,2026-09-08 11:25:34.150,1
@raw/04_第四批_20260908_1053_多火点与余热点/02_激光打点与定位验证/01_事后打点候选/无人机01_1581F7K3C251800CYBVP/DJI_202609081117_006/DJI_20260908112447_0010_V.MP4,B4,uav-01,V,29.30,1.22,45.979,45.979,1378,1378,2026-09-08 11:25:34.182,2026-09-08 11:25:34.182,1
@raw/04_第四批_20260908_1053_多火点与余热点/02_激光打点与定位验证/01_事后打点候选/无人机01_1581F7K3C251800CYBVP/DJI_202609081117_006/DJI_20260908112447_0010_V.MP4,B4,uav-01,V,29.20,1.21,46.013,46.013,1379,1379,2026-09-08 11:25:34.216,2026-09-08 11:25:34.216,1
@raw/04_第四批_20260908_1053_多火点与余热点/02_激光打点与定位验证/01_事后打点候选/无人机01_1581F7K3C251800CYBVP/DJI_202609081117_006/DJI_20260908112447_0010_V.MP4,B4,uav-01,V,29.00,1.21,46.046,46.046,1380,1380,2026-09-08 11:25:34.249,2026-09-08 11:25:34.249,1
@raw/04_第四批_20260908_1053_多火点与余热点/02_激光打点与定位验证/01_事后打点候选/无人机01_1581F7K3C251800CYBVP/DJI_202609081117_006/DJI_20260908112447_0010_V.MP4,B4,uav-01,V,28.80,1.20,46.079,46.079,1381,1381,2026-09-08 11:25:34.282,2026-09-08 11:25:34.282,1
@raw/04_第四批_20260908_1053_多火点与余热点/02_激光打点与定位验证/01_事后打点候选/无人机01_1581F7K3C251800CYBVP/DJI_202609081117_006/DJI_20260908112447_0010_V.MP4,B4,uav-01,V,28.60,1.19,46.113,46.113,1382,1382,2026-09-08 11:25:34.315,2026-09-08 11:25:34.315,1
@raw/04_第四批_20260908_1053_多火点与余热点/02_激光打点与定位验证/01_事后打点候选/无人机01_1581F7K3C251800CYBVP/DJI_202609081117_006/DJI_20260908112447_0010_V.MP4,B4,uav-01,V,28.40,1.18,46.146,46.146,1383,1383,2026-09-08 11:25:34.349,2026-09-08 11:25:34.349,1
@raw/04_第四批_20260908_1053_多火点与余热点/02_激光打点与定位验证/01_事后打点候选/无人机01_1581F7K3C251800CYBVP/DJI_202609081117_006/DJI_20260908112447_0010_V.MP4,B4,uav-01,V,28.20,1.18,46.179,46.179,1384,1384,2026-09-08 11:25:34.383,2026-09-08 11:25:34.383,1
@raw/04_第四批_20260908_1053_多火点与余热点/02_激光打点与定位验证/01_事后打点候选/无人机01_1581F7K3C251800CYBVP/DJI_202609081117_006/DJI_20260908112447_0010_V.MP4,B4,uav-01,V,28.00,1.17,46.213,46.213,1385,1385,2026-09-08 11:25:34.416,2026-09-08 11:25:34.416,1
@raw/04_第四批_20260908_1053_多火点与余热点/02_激光打点与定位验证/01_事后打点候选/无人机01_1581F7K3C251800CYBVP/DJI_202609081117_006/DJI_20260908112447_0010_V.MP4,B4,uav-01,V,27.90,1.16,46.246,46.246,1386,1386,2026-09-08 11:25:34.449,2026-09-08 11:25:34.449,1
@raw/04_第四批_20260908_1053_多火点与余热点/02_激光打点与定位验证/01_事后打点候选/无人机01_1581F7K3C251800CYBVP/DJI_202609081117_006/DJI_20260908112447_0010_V.MP4,B4,uav-01,V,27.70,1.15,46.28,84.785,1387,2541,2026-09-08 11:25:34.483,2026-09-08 11:26:12.987,1155
@raw/04_第四批_20260908_1053_多火点与余热点/02_激光打点与定位验证/01_事后打点候选/无人机01_1581F7K3C251800CYBVP/DJI_202609081117_006/DJI_20260908113147_0011_S.MP4,B4,uav-01,S,29.10,1.21,0.0,0.734,0,22,2026-09-08 11:31:47.911,2026-09-08 11:31:48.603,23
@raw/04_第四批_20260908_1053_多火点与余热点/02_激光打点与定位验证/01_事后打点候选/无人机01_1581F7K3C251800CYBVP/DJI_202609081117_006/DJI_20260908113147_0011_S.MP4,B4,uav-01,S,28.90,1.20,0.767,0.767,23,23,2026-09-08 11:31:48.639,2026-09-08 11:31:48.639,1
@raw/04_第四批_20260908_1053_多火点与余热点/02_激光打点与定位验证/01_事后打点候选/无人机01_1581F7K3C251800CYBVP/DJI_202609081117_006/DJI_20260908113147_0011_S.MP4,B4,uav-01,S,28.70,1.20,0.801,0.801,24,24,2026-09-08 11:31:48.674,2026-09-08 11:31:48.674,1
@raw/04_第四批_20260908_1053_多火点与余热点/02_激光打点与定位验证/01_事后打点候选/无人机01_1581F7K3C251800CYBVP/DJI_202609081117_006/DJI_20260908113147_0011_S.MP4,B4,uav-01,S,28.50,1.19,0.834,0.834,25,25,2026-09-08 11:31:48.709,2026-09-08 11:31:48.709,1
@raw/04_第四批_20260908_1053_多火点与余热点/02_激光打点与定位验证/01_事后打点候选/无人机01_1581F7K3C251800CYBVP/DJI_202609081117_006/DJI_20260908113147_0011_S.MP4,B4,uav-01,S,28.40,1.18,0.868,0.868,26,26,2026-09-08 11:31:48.739,2026-09-08 11:31:48.739,1
@raw/04_第四批_20260908_1053_多火点与余热点/02_激光打点与定位验证/01_事后打点候选/无人机01_1581F7K3C251800CYBVP/DJI_202609081117_006/DJI_20260908113147_0011_S.MP4,B4,uav-01,S,28.20,1.17,0.901,0.901,27,27,2026-09-08 11:31:48.772,2026-09-08 11:31:48.772,1
@raw/04_第四批_20260908_1053_多火点与余热点/02_激光打点与定位验证/01_事后打点候选/无人机01_1581F7K3C251800CYBVP/DJI_202609081117_006/DJI_20260908113147_0011_S.MP4,B4,uav-01,S,28.00,1.17,0.934,0.934,28,28,2026-09-08 11:31:48.804,2026-09-08 11:31:48.804,1
@raw/04_第四批_20260908_1053_多火点与余热点/02_激光打点与定位验证/01_事后打点候选/无人机01_1581F7K3C251800CYBVP/DJI_202609081117_006/DJI_20260908113147_0011_S.MP4,B4,uav-01,S,27.80,1.16,0.968,0.968,29,29,2026-09-08 11:31:48.839,2026-09-08 11:31:48.839,1
@raw/04_第四批_20260908_1053_多火点与余热点/02_激光打点与定位验证/01_事后打点候选/无人机01_1581F7K3C251800CYBVP/DJI_202609081117_006/DJI_20260908113147_0011_S.MP4,B4,uav-01,S,27.60,1.15,1.001,1.001,30,30,2026-09-08 11:31:48.873,2026-09-08 11:31:48.873,1
@raw/04_第四批_20260908_1053_多火点与余热点/02_激光打点与定位验证/01_事后打点候选/无人机01_1581F7K3C251800CYBVP/DJI_202609081117_006/DJI_20260908113147_0011_S.MP4,B4,uav-01,S,27.50,1.14,1.034,1.034,31,31,2026-09-08 11:31:48.904,2026-09-08 11:31:48.904,1
@raw/04_第四批_20260908_1053_多火点与余热点/02_激光打点与定位验证/01_事后打点候选/无人机01_1581F7K3C251800CYBVP/DJI_202609081117_006/DJI_20260908113147_0011_S.MP4,B4,uav-01,S,27.30,1.14,1.068,1.068,32,32,2026-09-08 11:31:48.939,2026-09-08 11:31:48.939,1
@raw/04_第四批_20260908_1053_多火点与余热点/02_激光打点与定位验证/01_事后打点候选/无人机01_1581F7K3C251800CYBVP/DJI_202609081117_006/DJI_20260908113147_0011_S.MP4,B4,uav-01,S,27.10,1.13,1.101,1.101,33,33,2026-09-08 11:31:48.972,2026-09-08 11:31:48.972,1
@raw/04_第四批_20260908_1053_多火点与余热点/02_激光打点与定位验证/01_事后打点候选/无人机01_1581F7K3C251800CYBVP/DJI_202609081117_006/DJI_20260908113147_0011_S.MP4,B4,uav-01,S,26.90,1.12,1.134,1.134,34,34,2026-09-08 11:31:49.002,2026-09-08 11:31:49.002,1
@raw/04_第四批_20260908_1053_多火点与余热点/02_激光打点与定位验证/01_事后打点候选/无人机01_1581F7K3C251800CYBVP/DJI_202609081117_006/DJI_20260908113147_0011_S.MP4,B4,uav-01,S,26.80,1.11,1.168,1.168,35,35,2026-09-08 11:31:49.039,2026-09-08 11:31:49.039,1
@raw/04_第四批_20260908_1053_多火点与余热点/02_激光打点与定位验证/01_事后打点候选/无人机01_1581F7K3C251800CYBVP/DJI_202609081117_006/DJI_20260908113147_0011_S.MP4,B4,uav-01,S,26.60,1.11,1.201,1.201,36,36,2026-09-08 11:31:49.073,2026-09-08 11:31:49.073,1
@raw/04_第四批_20260908_1053_多火点与余热点/02_激光打点与定位验证/01_事后打点候选/无人机01_1581F7K3C251800CYBVP/DJI_202609081117_006/DJI_20260908113147_0011_S.MP4,B4,uav-01,S,26.40,1.10,1.2349999999999999,1.2349999999999999,37,37,2026-09-08 11:31:49.105,2026-09-08 11:31:49.105,1
@raw/04_第四批_20260908_1053_多火点与余热点/02_激光打点与定位验证/01_事后打点候选/无人机01_1581F7K3C251800CYBVP/DJI_202609081117_006/DJI_20260908113147_0011_S.MP4,B4,uav-01,S,26.20,1.09,1.268,1.268,38,38,2026-09-08 11:31:49.139,2026-09-08 11:31:49.139,1
@raw/04_第四批_20260908_1053_多火点与余热点/02_激光打点与定位验证/01_事后打点候选/无人机01_1581F7K3C251800CYBVP/DJI_202609081117_006/DJI_20260908113147_0011_S.MP4,B4,uav-01,S,26.10,1.09,1.301,1.301,39,39,2026-09-08 11:31:49.174,2026-09-08 11:31:49.174,1
@raw/04_第四批_20260908_1053_多火点与余热点/02_激光打点与定位验证/01_事后打点候选/无人机01_1581F7K3C251800CYBVP/DJI_202609081117_006/DJI_20260908113147_0011_S.MP4,B4,uav-01,S,25.90,1.08,1.335,1.335,40,40,2026-09-08 11:31:49.204,2026-09-08 11:31:49.204,1
@raw/04_第四批_20260908_1053_多火点与余热点/02_激光打点与定位验证/01_事后打点候选/无人机01_1581F7K3C251800CYBVP/DJI_202609081117_006/DJI_20260908113147_0011_S.MP4,B4,uav-01,S,25.70,1.07,1.3679999999999999,1.3679999999999999,41,41,2026-09-08 11:31:49.241,2026-09-08 11:31:49.241,1
@raw/04_第四批_20260908_1053_多火点与余热点/02_激光打点与定位验证/01_事后打点候选/无人机01_1581F7K3C251800CYBVP/DJI_202609081117_006/DJI_20260908113147_0011_S.MP4,B4,uav-01,S,25.60,1.07,1.401,1.401,42,42,2026-09-08 11:31:49.273,2026-09-08 11:31:49.273,1
@raw/04_第四批_20260908_1053_多火点与余热点/02_激光打点与定位验证/01_事后打点候选/无人机01_1581F7K3C251800CYBVP/DJI_202609081117_006/DJI_20260908113147_0011_S.MP4,B4,uav-01,S,25.40,1.06,1.435,1.435,43,43,2026-09-08 11:31:49.306,2026-09-08 11:31:49.306,1
@raw/04_第四批_20260908_1053_多火点与余热点/02_激光打点与定位验证/01_事后打点候选/无人机01_1581F7K3C251800CYBVP/DJI_202609081117_006/DJI_20260908113147_0011_S.MP4,B4,uav-01,S,25.20,1.05,1.468,1.468,44,44,2026-09-08 11:31:49.339,2026-09-08 11:31:49.339,1
@raw/04_第四批_20260908_1053_多火点与余热点/02_激光打点与定位验证/01_事后打点候选/无人机01_1581F7K3C251800CYBVP/DJI_202609081117_006/DJI_20260908113147_0011_S.MP4,B4,uav-01,S,25.10,1.05,1.502,1.502,45,45,2026-09-08 11:31:49.373,2026-09-08 11:31:49.373,1
@raw/04_第四批_20260908_1053_多火点与余热点/02_激光打点与定位验证/01_事后打点候选/无人机01_1581F7K3C251800CYBVP/DJI_202609081117_006/DJI_20260908113147_0011_S.MP4,B4,uav-01,S,24.90,1.04,1.5350000000000001,1.5350000000000001,46,46,2026-09-08 11:31:49.403,2026-09-08 11:31:49.403,1
@raw/04_第四批_20260908_1053_多火点与余热点/02_激光打点与定位验证/01_事后打点候选/无人机01_1581F7K3C251800CYBVP/DJI_202609081117_006/DJI_20260908113147_0011_S.MP4,B4,uav-01,S,24.80,1.03,1.568,1.568,47,47,2026-09-08 11:31:49.440,2026-09-08 11:31:49.440,1
@raw/04_第四批_20260908_1053_多火点与余热点/02_激光打点与定位验证/01_事后打点候选/无人机01_1581F7K3C251800CYBVP/DJI_202609081117_006/DJI_20260908113147_0011_S.MP4,B4,uav-01,S,24.60,1.03,1.6019999999999999,1.6019999999999999,48,48,2026-09-08 11:31:49.474,2026-09-08 11:31:49.474,1
@raw/04_第四批_20260908_1053_多火点与余热点/02_激光打点与定位验证/01_事后打点候选/无人机01_1581F7K3C251800CYBVP/DJI_202609081117_006/DJI_20260908113147_0011_S.MP4,B4,uav-01,S,24.80,1.03,1.635,1.635,49,49,2026-09-08 11:31:49.505,2026-09-08 11:31:49.505,1
@raw/04_第四批_20260908_1053_多火点与余热点/02_激光打点与定位验证/01_事后打点候选/无人机01_1581F7K3C251800CYBVP/DJI_202609081117_006/DJI_20260908113147_0011_S.MP4,B4,uav-01,S,24.90,1.04,1.6680000000000001,1.6680000000000001,50,50,2026-09-08 11:31:49.539,2026-09-08 11:31:49.539,1
@raw/04_第四批_20260908_1053_多火点与余热点/02_激光打点与定位验证/01_事后打点候选/无人机01_1581F7K3C251800CYBVP/DJI_202609081117_006/DJI_20260908113147_0011_S.MP4,B4,uav-01,S,25.10,1.05,1.702,1.702,51,51,2026-09-08 11:31:49.575,2026-09-08 11:31:49.575,1
@raw/04_第四批_20260908_1053_多火点与余热点/02_激光打点与定位验证/01_事后打点候选/无人机01_1581F7K3C251800CYBVP/DJI_202609081117_006/DJI_20260908113147_0011_S.MP4,B4,uav-01,S,25.20,1.05,1.7349999999999999,1.7349999999999999,52,52,2026-09-08 11:31:49.604,2026-09-08 11:31:49.604,1
@raw/04_第四批_20260908_1053_多火点与余热点/02_激光打点与定位验证/01_事后打点候选/无人机01_1581F7K3C251800CYBVP/DJI_202609081117_006/DJI_20260908113147_0011_S.MP4,B4,uav-01,S,25.40,1.06,1.768,1.768,53,53,2026-09-08 11:31:49.639,2026-09-08 11:31:49.639,1
@raw/04_第四批_20260908_1053_多火点与余热点/02_激光打点与定位验证/01_事后打点候选/无人机01_1581F7K3C251800CYBVP/DJI_202609081117_006/DJI_20260908113147_0011_S.MP4,B4,uav-01,S,25.60,1.07,1.802,1.802,54,54,2026-09-08 11:31:49.675,2026-09-08 11:31:49.675,1
@raw/04_第四批_20260908_1053_多火点与余热点/02_激光打点与定位验证/01_事后打点候选/无人机01_1581F7K3C251800CYBVP/DJI_202609081117_006/DJI_20260908113147_0011_S.MP4,B4,uav-01,S,25.70,1.07,1.835,1.835,55,55,2026-09-08 11:31:49.703,2026-09-08 11:31:49.703,1
@raw/04_第四批_20260908_1053_多火点与余热点/02_激光打点与定位验证/01_事后打点候选/无人机01_1581F7K3C251800CYBVP/DJI_202609081117_006/DJI_20260908113147_0011_S.MP4,B4,uav-01,S,25.90,1.08,1.869,1.869,56,56,2026-09-08 11:31:49.741,2026-09-08 11:31:49.741,1
@raw/04_第四批_20260908_1053_多火点与余热点/02_激光打点与定位验证/01_事后打点候选/无人机01_1581F7K3C251800CYBVP/DJI_202609081117_006/DJI_20260908113147_0011_S.MP4,B4,uav-01,S,26.10,1.09,1.9020000000000001,1.9020000000000001,57,57,2026-09-08 11:31:49.776,2026-09-08 11:31:49.776,1
@raw/04_第四批_20260908_1053_多火点与余热点/02_激光打点与定位验证/01_事后打点候选/无人机01_1581F7K3C251800CYBVP/DJI_202609081117_006/DJI_20260908113147_0011_S.MP4,B4,uav-01,S,26.20,1.09,1.935,1.935,58,58,2026-09-08 11:31:49.803,2026-09-08 11:31:49.803,1
@raw/04_第四批_20260908_1053_多火点与余热点/02_激光打点与定位验证/01_事后打点候选/无人机01_1581F7K3C251800CYBVP/DJI_202609081117_006/DJI_20260908113147_0011_S.MP4,B4,uav-01,S,26.40,1.10,1.9689999999999999,1.9689999999999999,59,59,2026-09-08 11:31:49.841,2026-09-08 11:31:49.841,1
@raw/04_第四批_20260908_1053_多火点与余热点/02_激光打点与定位验证/01_事后打点候选/无人机01_1581F7K3C251800CYBVP/DJI_202609081117_006/DJI_20260908113147_0011_S.MP4,B4,uav-01,S,26.60,1.11,2.002,2.703,60,81,2026-09-08 11:31:49.872,2026-09-08 11:31:50.571,22
@raw/04_第四批_20260908_1053_多火点与余热点/02_激光打点与定位验证/01_事后打点候选/无人机01_1581F7K3C251800CYBVP/DJI_202609081117_006/DJI_20260908113147_0011_S.MP4,B4,uav-01,S,26.80,1.12,2.7359999999999998,2.7359999999999998,82,82,2026-09-08 11:31:50.607,2026-09-08 11:31:50.607,1
@raw/04_第四批_20260908_1053_多火点与余热点/02_激光打点与定位验证/01_事后打点候选/无人机01_1581F7K3C251800CYBVP/DJI_202609081117_006/DJI_20260908113147_0011_S.MP4,B4,uav-01,S,26.90,1.12,2.769,2.769,83,83,2026-09-08 11:31:50.641,2026-09-08 11:31:50.641,1
@raw/04_第四批_20260908_1053_多火点与余热点/02_激光打点与定位验证/01_事后打点候选/无人机01_1581F7K3C251800CYBVP/DJI_202609081117_006/DJI_20260908113147_0011_S.MP4,B4,uav-01,S,27.10,1.13,2.803,2.803,84,84,2026-09-08 11:31:50.673,2026-09-08 11:31:50.673,1
@raw/04_第四批_20260908_1053_多火点与余热点/02_激光打点与定位验证/01_事后打点候选/无人机01_1581F7K3C251800CYBVP/DJI_202609081117_006/DJI_20260908113147_0011_S.MP4,B4,uav-01,S,27.20,1.13,2.836,2.836,85,85,2026-09-08 11:31:50.710,2026-09-08 11:31:50.710,1
@raw/04_第四批_20260908_1053_多火点与余热点/02_激光打点与定位验证/01_事后打点候选/无人机01_1581F7K3C251800CYBVP/DJI_202609081117_006/DJI_20260908113147_0011_S.MP4,B4,uav-01,S,27.40,1.14,2.87,2.87,86,86,2026-09-08 11:31:50.740,2026-09-08 11:31:50.740,1
@raw/04_第四批_20260908_1053_多火点与余热点/02_激光打点与定位验证/01_事后打点候选/无人机01_1581F7K3C251800CYBVP/DJI_202609081117_006/DJI_20260908113147_0011_S.MP4,B4,uav-01,S,27.60,1.15,2.903,2.936,87,88,2026-09-08 11:31:50.774,2026-09-08 11:31:50.808,2
@raw/04_第四批_20260908_1053_多火点与余热点/02_激光打点与定位验证/01_事后打点候选/无人机01_1581F7K3C251800CYBVP/DJI_202609081117_006/DJI_20260908113147_0011_S.MP4,B4,uav-01,S,27.80,1.16,2.9699999999999998,2.9699999999999998,89,89,2026-09-08 11:31:50.840,2026-09-08 11:31:50.840,1
@raw/04_第四批_20260908_1053_多火点与余热点/02_激光打点与定位验证/01_事后打点候选/无人机01_1581F7K3C251800CYBVP/DJI_202609081117_006/DJI_20260908113147_0011_S.MP4,B4,uav-01,S,28.00,1.16,3.003,3.003,90,90,2026-09-08 11:31:50.871,2026-09-08 11:31:50.871,1
@raw/04_第四批_20260908_1053_多火点与余热点/02_激光打点与定位验证/01_事后打点候选/无人机01_1581F7K3C251800CYBVP/DJI_202609081117_006/DJI_20260908113147_0011_S.MP4,B4,uav-01,S,28.10,1.17,3.036,3.036,91,91,2026-09-08 11:31:50.904,2026-09-08 11:31:50.904,1
@raw/04_第四批_20260908_1053_多火点与余热点/02_激光打点与定位验证/01_事后打点候选/无人机01_1581F7K3C251800CYBVP/DJI_202609081117_006/DJI_20260908113147_0011_S.MP4,B4,uav-01,S,28.30,1.18,3.07,3.07,92,92,2026-09-08 11:31:50.942,2026-09-08 11:31:50.942,1
@raw/04_第四批_20260908_1053_多火点与余热点/02_激光打点与定位验证/01_事后打点候选/无人机01_1581F7K3C251800CYBVP/DJI_202609081117_006/DJI_20260908113147_0011_S.MP4,B4,uav-01,S,28.50,1.19,3.103,3.103,93,93,2026-09-08 11:31:50.972,2026-09-08 11:31:50.972,1
@raw/04_第四批_20260908_1053_多火点与余热点/02_激光打点与定位验证/01_事后打点候选/无人机01_1581F7K3C251800CYBVP/DJI_202609081117_006/DJI_20260908113147_0011_S.MP4,B4,uav-01,S,28.70,1.20,3.136,3.8369999999999997,94,115,2026-09-08 11:31:51.008,2026-09-08 11:31:51.710,22
@raw/04_第四批_20260908_1053_多火点与余热点/02_激光打点与定位验证/01_事后打点候选/无人机01_1581F7K3C251800CYBVP/DJI_202609081117_006/DJI_20260908113147_0011_S.MP4,B4,uav-01,S,28.90,1.20,3.871,3.871,116,116,2026-09-08 11:31:51.747,2026-09-08 11:31:51.747,1
@raw/04_第四批_20260908_1053_多火点与余热点/02_激光打点与定位验证/01_事后打点候选/无人机01_1581F7K3C251800CYBVP/DJI_202609081117_006/DJI_20260908113147_0011_S.MP4,B4,uav-01,S,29.10,1.21,3.904,3.904,117,117,2026-09-08 11:31:51.776,2026-09-08 11:31:51.776,1
@raw/04_第四批_20260908_1053_多火点与余热点/02_激光打点与定位验证/01_事后打点候选/无人机01_1581F7K3C251800CYBVP/DJI_202609081117_006/DJI_20260908113147_0011_S.MP4,B4,uav-01,S,29.30,1.22,3.9370000000000003,3.9370000000000003,118,118,2026-09-08 11:31:51.810,2026-09-08 11:31:51.810,1
@raw/04_第四批_20260908_1053_多火点与余热点/02_激光打点与定位验证/01_事后打点候选/无人机01_1581F7K3C251800CYBVP/DJI_202609081117_006/DJI_20260908113147_0011_S.MP4,B4,uav-01,S,29.50,1.23,3.971,3.971,119,119,2026-09-08 11:31:51.841,2026-09-08 11:31:51.841,1
@raw/04_第四批_20260908_1053_多火点与余热点/02_激光打点与定位验证/01_事后打点候选/无人机01_1581F7K3C251800CYBVP/DJI_202609081117_006/DJI_20260908113147_0011_S.MP4,B4,uav-01,S,29.60,1.24,4.004,4.004,120,120,2026-09-08 11:31:51.877,2026-09-08 11:31:51.877,1
@raw/04_第四批_20260908_1053_多火点与余热点/02_激光打点与定位验证/01_事后打点候选/无人机01_1581F7K3C251800CYBVP/DJI_202609081117_006/DJI_20260908113147_0011_S.MP4,B4,uav-01,S,29.70,1.24,4.037,4.037,121,121,2026-09-08 11:31:51.911,2026-09-08 11:31:51.911,1
@raw/04_第四批_20260908_1053_多火点与余热点/02_激光打点与定位验证/01_事后打点候选/无人机01_1581F7K3C251800CYBVP/DJI_202609081117_006/DJI_20260908113147_0011_S.MP4,B4,uav-01,S,29.90,1.25,4.071,4.071,122,122,2026-09-08 11:31:51.944,2026-09-08 11:31:51.944,1
@raw/04_第四批_20260908_1053_多火点与余热点/02_激光打点与定位验证/01_事后打点候选/无人机01_1581F7K3C251800CYBVP/DJI_202609081117_006/DJI_20260908113147_0011_S.MP4,B4,uav-01,S,30.10,1.25,4.104,4.104,123,123,2026-09-08 11:31:51.976,2026-09-08 11:31:51.976,1
@raw/04_第四批_20260908_1053_多火点与余热点/02_激光打点与定位验证/01_事后打点候选/无人机01_1581F7K3C251800CYBVP/DJI_202609081117_006/DJI_20260908113147_0011_S.MP4,B4,uav-01,S,30.20,1.26,4.1370000000000005,4.1370000000000005,124,124,2026-09-08 11:31:52.010,2026-09-08 11:31:52.010,1
@raw/04_第四批_20260908_1053_多火点与余热点/02_激光打点与定位验证/01_事后打点候选/无人机01_1581F7K3C251800CYBVP/DJI_202609081117_006/DJI_20260908113147_0011_S.MP4,B4,uav-01,S,30.40,1.27,4.171,4.171,125,125,2026-09-08 11:31:52.039,2026-09-08 11:31:52.039,1
@raw/04_第四批_20260908_1053_多火点与余热点/02_激光打点与定位验证/01_事后打点候选/无人机01_1581F7K3C251800CYBVP/DJI_202609081117_006/DJI_20260908113147_0011_S.MP4,B4,uav-01,S,30.60,1.27,4.204,4.204,126,126,2026-09-08 11:31:52.072,2026-09-08 11:31:52.072,1
@raw/04_第四批_20260908_1053_多火点与余热点/02_激光打点与定位验证/01_事后打点候选/无人机01_1581F7K3C251800CYBVP/DJI_202609081117_006/DJI_20260908113147_0011_S.MP4,B4,uav-01,S,30.80,1.28,4.2379999999999995,4.2379999999999995,127,127,2026-09-08 11:31:52.105,2026-09-08 11:31:52.105,1
@raw/04_第四批_20260908_1053_多火点与余热点/02_激光打点与定位验证/01_事后打点候选/无人机01_1581F7K3C251800CYBVP/DJI_202609081117_006/DJI_20260908113147_0011_S.MP4,B4,uav-01,S,31.00,1.29,4.271,4.938,128,148,2026-09-08 11:31:52.143,2026-09-08 11:31:52.810,21
@raw/04_第四批_20260908_1053_多火点与余热点/02_激光打点与定位验证/01_事后打点候选/无人机01_1581F7K3C251800CYBVP/DJI_202609081117_006/DJI_20260908113147_0011_S.MP4,B4,uav-01,S,31.20,1.30,4.9719999999999995,4.9719999999999995,149,149,2026-09-08 11:31:52.844,2026-09-08 11:31:52.844,1
@raw/04_第四批_20260908_1053_多火点与余热点/02_激光打点与定位验证/01_事后打点候选/无人机01_1581F7K3C251800CYBVP/DJI_202609081117_006/DJI_20260908113147_0011_S.MP4,B4,uav-01,S,31.40,1.31,5.005,5.005,150,150,2026-09-08 11:31:52.876,2026-09-08 11:31:52.876,1
@raw/04_第四批_20260908_1053_多火点与余热点/02_激光打点与定位验证/01_事后打点候选/无人机01_1581F7K3C251800CYBVP/DJI_202609081117_006/DJI_20260908113147_0011_S.MP4,B4,uav-01,S,31.60,1.32,5.038,5.038,151,151,2026-09-08 11:31:52.910,2026-09-08 11:31:52.910,1
@raw/04_第四批_20260908_1053_多火点与余热点/02_激光打点与定位验证/01_事后打点候选/无人机01_1581F7K3C251800CYBVP/DJI_202609081117_006/DJI_20260908113147_0011_S.MP4,B4,uav-01,S,31.80,1.33,5.072,5.072,152,152,2026-09-08 11:31:52.940,2026-09-08 11:31:52.940,1
@raw/04_第四批_20260908_1053_多火点与余热点/02_激光打点与定位验证/01_事后打点候选/无人机01_1581F7K3C251800CYBVP/DJI_202609081117_006/DJI_20260908113147_0011_S.MP4,B4,uav-01,S,32.00,1.33,5.105,5.105,153,153,2026-09-08 11:31:52.973,2026-09-08 11:31:52.973,1
@raw/04_第四批_20260908_1053_多火点与余热点/02_激光打点与定位验证/01_事后打点候选/无人机01_1581F7K3C251800CYBVP/DJI_202609081117_006/DJI_20260908113147_0011_S.MP4,B4,uav-01,S,32.10,1.34,5.138,5.172,154,155,2026-09-08 11:31:53.011,2026-09-08 11:31:53.040,2
@raw/04_第四批_20260908_1053_多火点与余热点/02_激光打点与定位验证/01_事后打点候选/无人机01_1581F7K3C251800CYBVP/DJI_202609081117_006/DJI_20260908113147_0011_S.MP4,B4,uav-01,S,32.30,1.35,5.205,5.205,156,156,2026-09-08 11:31:53.073,2026-09-08 11:31:53.073,1
@raw/04_第四批_20260908_1053_多火点与余热点/02_激光打点与定位验证/01_事后打点候选/无人机01_1581F7K3C251800CYBVP/DJI_202609081117_006/DJI_20260908113147_0011_S.MP4,B4,uav-01,S,32.50,1.35,5.239,5.239,157,157,2026-09-08 11:31:53.107,2026-09-08 11:31:53.107,1
@raw/04_第四批_20260908_1053_多火点与余热点/02_激光打点与定位验证/01_事后打点候选/无人机01_1581F7K3C251800CYBVP/DJI_202609081117_006/DJI_20260908113147_0011_S.MP4,B4,uav-01,S,32.70,1.36,5.272,5.272,158,158,2026-09-08 11:31:53.140,2026-09-08 11:31:53.140,1
@raw/04_第四批_20260908_1053_多火点与余热点/02_激光打点与定位验证/01_事后打点候选/无人机01_1581F7K3C251800CYBVP/DJI_202609081117_006/DJI_20260908113147_0011_S.MP4,B4,uav-01,S,32.90,1.37,5.305,5.305,159,159,2026-09-08 11:31:53.173,2026-09-08 11:31:53.173,1
@raw/04_第四批_20260908_1053_多火点与余热点/02_激光打点与定位验证/01_事后打点候选/无人机01_1581F7K3C251800CYBVP/DJI_202609081117_006/DJI_20260908113147_0011_S.MP4,B4,uav-01,S,33.20,1.38,5.339,5.339,160,160,2026-09-08 11:31:53.211,2026-09-08 11:31:53.211,1
@raw/04_第四批_20260908_1053_多火点与余热点/02_激光打点与定位验证/01_事后打点候选/无人机01_1581F7K3C251800CYBVP/DJI_202609081117_006/DJI_20260908113147_0011_S.MP4,B4,uav-01,S,33.40,1.39,5.372,5.372,161,161,2026-09-08 11:31:53.240,2026-09-08 11:31:53.240,1
@raw/04_第四批_20260908_1053_多火点与余热点/02_激光打点与定位验证/01_事后打点候选/无人机01_1581F7K3C251800CYBVP/DJI_202609081117_006/DJI_20260908113147_0011_S.MP4,B4,uav-01,S,33.50,1.40,5.405,6.039,162,181,2026-09-08 11:31:53.279,2026-09-08 11:31:53.909,20
@raw/04_第四批_20260908_1053_多火点与余热点/02_激光打点与定位验证/01_事后打点候选/无人机01_1581F7K3C251800CYBVP/DJI_202609081117_006/DJI_20260908113147_0011_S.MP4,B4,uav-01,S,33.70,1.40,6.073,6.073,182,182,2026-09-08 11:31:53.945,2026-09-08 11:31:53.945,1
@raw/04_第四批_20260908_1053_多火点与余热点/02_激光打点与定位验证/01_事后打点候选/无人机01_1581F7K3C251800CYBVP/DJI_202609081117_006/DJI_20260908113147_0011_S.MP4,B4,uav-01,S,33.90,1.41,6.106,6.139,183,184,2026-09-08 11:31:53.978,2026-09-08 11:31:54.011,2
@raw/04_第四批_20260908_1053_多火点与余热点/02_激光打点与定位验证/01_事后打点候选/无人机01_1581F7K3C251800CYBVP/DJI_202609081117_006/DJI_20260908113147_0011_S.MP4,B4,uav-01,S,34.10,1.42,6.173,6.173,185,185,2026-09-08 11:31:54.041,2026-09-08 11:31:54.041,1
@raw/04_第四批_20260908_1053_多火点与余热点/02_激光打点与定位验证/01_事后打点候选/无人机01_1581F7K3C251800CYBVP/DJI_202609081117_006/DJI_20260908113147_0011_S.MP4,B4,uav-01,S,34.30,1.43,6.206,6.206,186,186,2026-09-08 11:31:54.080,2026-09-08 11:31:54.080,1
@raw/04_第四批_20260908_1053_多火点与余热点/02_激光打点与定位验证/01_事后打点候选/无人机01_1581F7K3C251800CYBVP/DJI_202609081117_006/DJI_20260908113147_0011_S.MP4,B4,uav-01,S,34.60,1.44,6.24,6.24,187,187,2026-09-08 11:31:54.108,2026-09-08 11:31:54.108,1
@raw/04_第四批_20260908_1053_多火点与余热点/02_激光打点与定位验证/01_事后打点候选/无人机01_1581F7K3C251800CYBVP/DJI_202609081117_006/DJI_20260908113147_0011_S.MP4,B4,uav-01,S,34.70,1.45,6.273,6.273,188,188,2026-09-08 11:31:54.144,2026-09-08 11:31:54.144,1
@raw/04_第四批_20260908_1053_多火点与余热点/02_激光打点与定位验证/01_事后打点候选/无人机01_1581F7K3C251800CYBVP/DJI_202609081117_006/DJI_20260908113147_0011_S.MP4,B4,uav-01,S,34.90,1.45,6.306,6.34,189,190,2026-09-08 11:31:54.173,2026-09-08 11:31:54.212,2
@raw/04_第四批_20260908_1053_多火点与余热点/02_激光打点与定位验证/01_事后打点候选/无人机01_1581F7K3C251800CYBVP/DJI_202609081117_006/DJI_20260908113147_0011_S.MP4,B4,uav-01,S,35.10,1.46,6.373,6.373,191,191,2026-09-08 11:31:54.244,2026-09-08 11:31:54.244,1
@raw/04_第四批_20260908_1053_多火点与余热点/02_激光打点与定位验证/01_事后打点候选/无人机01_1581F7K3C251800CYBVP/DJI_202609081117_006/DJI_20260908113147_0011_S.MP4,B4,uav-01,S,35.40,1.47,6.406,6.406,192,192,2026-09-08 11:31:54.278,2026-09-08 11:31:54.278,1
@raw/04_第四批_20260908_1053_多火点与余热点/02_激光打点与定位验证/01_事后打点候选/无人机01_1581F7K3C251800CYBVP/DJI_202609081117_006/DJI_20260908113147_0011_S.MP4,B4,uav-01,S,35.60,1.48,6.44,6.44,193,193,2026-09-08 11:31:54.310,2026-09-08 11:31:54.310,1
@raw/04_第四批_20260908_1053_多火点与余热点/02_激光打点与定位验证/01_事后打点候选/无人机01_1581F7K3C251800CYBVP/DJI_202609081117_006/DJI_20260908113147_0011_S.MP4,B4,uav-01,S,35.80,1.49,6.473,6.473,194,194,2026-09-08 11:31:54.345,2026-09-08 11:31:54.345,1
@raw/04_第四批_20260908_1053_多火点与余热点/02_激光打点与定位验证/01_事后打点候选/无人机01_1581F7K3C251800CYBVP/DJI_202609081117_006/DJI_20260908113147_0011_S.MP4,B4,uav-01,S,36.00,1.50,6.507,6.507,195,195,2026-09-08 11:31:54.374,2026-09-08 11:31:54.374,1
@raw/04_第四批_20260908_1053_多火点与余热点/02_激光打点与定位验证/01_事后打点候选/无人机01_1581F7K3C251800CYBVP/DJI_202609081117_006/DJI_20260908113147_0011_S.MP4,B4,uav-01,S,36.20,1.51,6.54,7.174,196,215,2026-09-08 11:31:54.408,2026-09-08 11:31:55.044,20
@raw/04_第四批_20260908_1053_多火点与余热点/02_激光打点与定位验证/01_事后打点候选/无人机01_1581F7K3C251800CYBVP/DJI_202609081117_006/DJI_20260908113147_0011_S.MP4,B4,uav-01,S,36.40,1.52,7.207,7.207,216,216,2026-09-08 11:31:55.075,2026-09-08 11:31:55.075,1
@raw/04_第四批_20260908_1053_多火点与余热点/02_激光打点与定位验证/01_事后打点候选/无人机01_1581F7K3C251800CYBVP/DJI_202609081117_006/DJI_20260908113147_0011_S.MP4,B4,uav-01,S,36.70,1.53,7.241,7.241,217,217,2026-09-08 11:31:55.114,2026-09-08 11:31:55.114,1
@raw/04_第四批_20260908_1053_多火点与余热点/02_激光打点与定位验证/01_事后打点候选/无人机01_1581F7K3C251800CYBVP/DJI_202609081117_006/DJI_20260908113147_0011_S.MP4,B4,uav-01,S,36.90,1.54,7.274,7.274,218,218,2026-09-08 11:31:55.144,2026-09-08 11:31:55.144,1
@raw/04_第四批_20260908_1053_多火点与余热点/02_激光打点与定位验证/01_事后打点候选/无人机01_1581F7K3C251800CYBVP/DJI_202609081117_006/DJI_20260908113147_0011_S.MP4,B4,uav-01,S,37.10,1.55,7.307,7.307,219,219,2026-09-08 11:31:55.180,2026-09-08 11:31:55.180,1
@raw/04_第四批_20260908_1053_多火点与余热点/02_激光打点与定位验证/01_事后打点候选/无人机01_1581F7K3C251800CYBVP/DJI_202609081117_006/DJI_20260908113147_0011_S.MP4,B4,uav-01,S,37.30,1.55,7.341,7.341,220,220,2026-09-08 11:31:55.214,2026-09-08 11:31:55.214,1
@raw/04_第四批_20260908_1053_多火点与余热点/02_激光打点与定位验证/01_事后打点候选/无人机01_1581F7K3C251800CYBVP/DJI_202609081117_006/DJI_20260908113147_0011_S.MP4,B4,uav-01,S,37.50,1.56,7.374,7.374,221,221,2026-09-08 11:31:55.242,2026-09-08 11:31:55.242,1
@raw/04_第四批_20260908_1053_多火点与余热点/02_激光打点与定位验证/01_事后打点候选/无人机01_1581F7K3C251800CYBVP/DJI_202609081117_006/DJI_20260908113147_0011_S.MP4,B4,uav-01,S,37.70,1.57,7.407,7.441,222,223,2026-09-08 11:31:55.276,2026-09-08 11:31:55.312,2
@raw/04_第四批_20260908_1053_多火点与余热点/02_激光打点与定位验证/01_事后打点候选/无人机01_1581F7K3C251800CYBVP/DJI_202609081117_006/DJI_20260908113147_0011_S.MP4,B4,uav-01,S,37.90,1.58,7.474,7.474,224,224,2026-09-08 11:31:55.342,2026-09-08 11:31:55.342,1
@raw/04_第四批_20260908_1053_多火点与余热点/02_激光打点与定位验证/01_事后打点候选/无人机01_1581F7K3C251800CYBVP/DJI_202609081117_006/DJI_20260908113147_0011_S.MP4,B4,uav-01,S,38.20,1.59,7.508,7.508,225,225,2026-09-08 11:31:55.379,2026-09-08 11:31:55.379,1
@raw/04_第四批_20260908_1053_多火点与余热点/02_激光打点与定位验证/01_事后打点候选/无人机01_1581F7K3C251800CYBVP/DJI_202609081117_006/DJI_20260908113147_0011_S.MP4,B4,uav-01,S,38.40,1.60,7.541,7.574,226,227,2026-09-08 11:31:55.413,2026-09-08 11:31:55.442,2
@raw/04_第四批_20260908_1053_多火点与余热点/02_激光打点与定位验证/01_事后打点候选/无人机01_1581F7K3C251800CYBVP/DJI_202609081117_006/DJI_20260908113147_0011_S.MP4,B4,uav-01,S,38.60,1.61,7.608,7.608,228,228,2026-09-08 11:31:55.479,2026-09-08 11:31:55.479,1
@raw/04_第四批_20260908_1053_多火点与余热点/02_激光打点与定位验证/01_事后打点候选/无人机01_1581F7K3C251800CYBVP/DJI_202609081117_006/DJI_20260908113147_0011_S.MP4,B4,uav-01,S,38.90,1.62,7.641,7.641,229,229,2026-09-08 11:31:55.509,2026-09-08 11:31:55.509,1
@raw/04_第四批_20260908_1053_多火点与余热点/02_激光打点与定位验证/01_事后打点候选/无人机01_1581F7K3C251800CYBVP/DJI_202609081117_006/DJI_20260908113147_0011_S.MP4,B4,uav-01,S,39.20,1.63,7.674,8.275,230,248,2026-09-08 11:31:55.547,2026-09-08 11:31:56.149,19
@raw/04_第四批_20260908_1053_多火点与余热点/02_激光打点与定位验证/01_事后打点候选/无人机01_1581F7K3C251800CYBVP/DJI_202609081117_006/DJI_20260908113147_0011_S.MP4,B4,uav-01,S,39.40,1.64,8.308,8.308,249,249,2026-09-08 11:31:56.180,2026-09-08 11:31:56.180,1
@raw/04_第四批_20260908_1053_多火点与余热点/02_激光打点与定位验证/01_事后打点候选/无人机01_1581F7K3C251800CYBVP/DJI_202609081117_006/DJI_20260908113147_0011_S.MP4,B4,uav-01,S,39.70,1.65,8.342,8.375,250,251,2026-09-08 11:31:56.214,2026-09-08 11:31:56.242,2
@raw/04_第四批_20260908_1053_多火点与余热点/02_激光打点与定位验证/01_事后打点候选/无人机01_1581F7K3C251800CYBVP/DJI_202609081117_006/DJI_20260908113147_0011_S.MP4,B4,uav-01,S,40.00,1.66,8.408,8.408,252,252,2026-09-08 11:31:56.276,2026-09-08 11:31:56.276,1
@raw/04_第四批_20260908_1053_多火点与余热点/02_激光打点与定位验证/01_事后打点候选/无人机01_1581F7K3C251800CYBVP/DJI_202609081117_006/DJI_20260908113147_0011_S.MP4,B4,uav-01,S,40.20,1.68,8.442,8.442,253,253,2026-09-08 11:31:56.312,2026-09-08 11:31:56.312,1
@raw/04_第四批_20260908_1053_多火点与余热点/02_激光打点与定位验证/01_事后打点候选/无人机01_1581F7K3C251800CYBVP/DJI_202609081117_006/DJI_20260908113147_0011_S.MP4,B4,uav-01,S,40.50,1.69,8.475,8.475,254,254,2026-09-08 11:31:56.347,2026-09-08 11:31:56.347,1
@raw/04_第四批_20260908_1053_多火点与余热点/02_激光打点与定位验证/01_事后打点候选/无人机01_1581F7K3C251800CYBVP/DJI_202609081117_006/DJI_20260908113147_0011_S.MP4,B4,uav-01,S,40.70,1.70,8.509,8.509,255,255,2026-09-08 11:31:56.376,2026-09-08 11:31:56.376,1
@raw/04_第四批_20260908_1053_多火点与余热点/02_激光打点与定位验证/01_事后打点候选/无人机01_1581F7K3C251800CYBVP/DJI_202609081117_006/DJI_20260908113147_0011_S.MP4,B4,uav-01,S,40.80,1.70,8.542,8.542,256,256,2026-09-08 11:31:56.414,2026-09-08 11:31:56.414,1
@raw/04_第四批_20260908_1053_多火点与余热点/02_激光打点与定位验证/01_事后打点候选/无人机01_1581F7K3C251800CYBVP/DJI_202609081117_006/DJI_20260908113147_0011_S.MP4,B4,uav-01,S,41.00,1.71,8.575,8.575,257,257,2026-09-08 11:31:56.448,2026-09-08 11:31:56.448,1
@raw/04_第四批_20260908_1053_多火点与余热点/02_激光打点与定位验证/01_事后打点候选/无人机01_1581F7K3C251800CYBVP/DJI_202609081117_006/DJI_20260908113147_0011_S.MP4,B4,uav-01,S,41.30,1.72,8.609,8.609,258,258,2026-09-08 11:31:56.482,2026-09-08 11:31:56.482,1
@raw/04_第四批_20260908_1053_多火点与余热点/02_激光打点与定位验证/01_事后打点候选/无人机01_1581F7K3C251800CYBVP/DJI_202609081117_006/DJI_20260908113147_0011_S.MP4,B4,uav-01,S,41.50,1.73,8.642,8.642,259,259,2026-09-08 11:31:56.513,2026-09-08 11:31:56.513,1
@raw/04_第四批_20260908_1053_多火点与余热点/02_激光打点与定位验证/01_事后打点候选/无人机01_1581F7K3C251800CYBVP/DJI_202609081117_006/DJI_20260908113147_0011_S.MP4,B4,uav-01,S,41.80,1.74,8.675,8.709,260,261,2026-09-08 11:31:56.547,2026-09-08 11:31:56.579,2
@raw/04_第四批_20260908_1053_多火点与余热点/02_激光打点与定位验证/01_事后打点候选/无人机01_1581F7K3C251800CYBVP/DJI_202609081117_006/DJI_20260908113147_0011_S.MP4,B4,uav-01,S,42.00,1.75,8.742,8.742,262,262,2026-09-08 11:31:56.613,2026-09-08 11:31:56.613,1
@raw/04_第四批_20260908_1053_多火点与余热点/02_激光打点与定位验证/01_事后打点候选/无人机01_1581F7K3C251800CYBVP/DJI_202609081117_006/DJI_20260908113147_0011_S.MP4,B4,uav-01,S,42.30,1.76,8.775,8.775,263,263,2026-09-08 11:31:56.647,2026-09-08 11:31:56.647,1
@raw/04_第四批_20260908_1053_多火点与余热点/02_激光打点与定位验证/01_事后打点候选/无人机01_1581F7K3C251800CYBVP/DJI_202609081117_006/DJI_20260908113147_0011_S.MP4,B4,uav-01,S,42.40,1.77,8.809,9.343,264,280,2026-09-08 11:31:56.677,2026-09-08 11:31:57.211,17
@raw/04_第四批_20260908_1053_多火点与余热点/02_激光打点与定位验证/01_事后打点候选/无人机01_1581F7K3C251800CYBVP/DJI_202609081117_006/DJI_20260908113147_0011_S.MP4,B4,uav-01,S,42.70,1.78,9.376,9.409,281,282,2026-09-08 11:31:57.259,2026-09-08 11:31:57.280,2
@raw/04_第四批_20260908_1053_多火点与余热点/02_激光打点与定位验证/01_事后打点候选/无人机01_1581F7K3C251800CYBVP/DJI_202609081117_006/DJI_20260908113147_0011_S.MP4,B4,uav-01,S,42.90,1.79,9.443,9.51,283,285,2026-09-08 11:31:57.310,2026-09-08 11:31:57.382,3
@raw/04_第四批_20260908_1053_多火点与余热点/02_激光打点与定位验证/01_事后打点候选/无人机01_1581F7K3C251800CYBVP/DJI_202609081117_006/DJI_20260908113147_0011_S.MP4,B4,uav-01,S,43.20,1.80,9.543,9.543,286,286,2026-09-08 11:31:57.415,2026-09-08 11:31:57.415,1
@raw/04_第四批_20260908_1053_多火点与余热点/02_激光打点与定位验证/01_事后打点候选/无人机01_1581F7K3C251800CYBVP/DJI_202609081117_006/DJI_20260908113147_0011_S.MP4,B4,uav-01,S,43.50,1.81,9.576,9.576,287,287,2026-09-08 11:31:57.451,2026-09-08 11:31:57.451,1
@raw/04_第四批_20260908_1053_多火点与余热点/02_激光打点与定位验证/01_事后打点候选/无人机01_1581F7K3C251800CYBVP/DJI_202609081117_006/DJI_20260908113147_0011_S.MP4,B4,uav-01,S,43.70,1.82,9.61,9.61,288,288,2026-09-08 11:31:57.483,2026-09-08 11:31:57.483,1
@raw/04_第四批_20260908_1053_多火点与余热点/02_激光打点与定位验证/01_事后打点候选/无人机01_1581F7K3C251800CYBVP/DJI_202609081117_006/DJI_20260908113147_0011_S.MP4,B4,uav-01,S,44.00,1.83,9.643,9.643,289,289,2026-09-08 11:31:57.515,2026-09-08 11:31:57.515,1
@raw/04_第四批_20260908_1053_多火点与余热点/02_激光打点与定位验证/01_事后打点候选/无人机01_1581F7K3C251800CYBVP/DJI_202609081117_006/DJI_20260908113147_0011_S.MP4,B4,uav-01,S,44.30,1.85,9.676,9.676,290,290,2026-09-08 11:31:57.549,2026-09-08 11:31:57.549,1
@raw/04_第四批_20260908_1053_多火点与余热点/02_激光打点与定位验证/01_事后打点候选/无人机01_1581F7K3C251800CYBVP/DJI_202609081117_006/DJI_20260908113147_0011_S.MP4,B4,uav-01,S,44.40,1.85,9.71,9.71,291,291,2026-09-08 11:31:57.584,2026-09-08 11:31:57.584,1
@raw/04_第四批_20260908_1053_多火点与余热点/02_激光打点与定位验证/01_事后打点候选/无人机01_1581F7K3C251800CYBVP/DJI_202609081117_006/DJI_20260908113147_0011_S.MP4,B4,uav-01,S,44.50,1.85,9.743,9.743,292,292,2026-09-08 11:31:57.616,2026-09-08 11:31:57.616,1
@raw/04_第四批_20260908_1053_多火点与余热点/02_激光打点与定位验证/01_事后打点候选/无人机01_1581F7K3C251800CYBVP/DJI_202609081117_006/DJI_20260908113147_0011_S.MP4,B4,uav-01,S,44.80,1.87,9.776,10.444,293,313,2026-09-08 11:31:57.649,2026-09-08 11:31:58.317,21
@raw/04_第四批_20260908_1053_多火点与余热点/02_激光打点与定位验证/01_事后打点候选/无人机01_1581F7K3C251800CYBVP/DJI_202609081117_006/DJI_20260908113147_0011_S.MP4,B4,uav-01,S,44.90,1.87,10.477,10.511,314,315,2026-09-08 11:31:58.350,2026-09-08 11:31:58.378,2
@raw/04_第四批_20260908_1053_多火点与余热点/02_激光打点与定位验证/01_事后打点候选/无人机01_1581F7K3C251800CYBVP/DJI_202609081117_006/DJI_20260908113147_0011_S.MP4,B4,uav-01,S,45.00,1.88,10.544,10.644,316,319,2026-09-08 11:31:58.416,2026-09-08 11:31:58.516,4
@raw/04_第四批_20260908_1053_多火点与余热点/02_激光打点与定位验证/01_事后打点候选/无人机01_1581F7K3C251800CYBVP/DJI_202609081117_006/DJI_20260908113147_0011_S.MP4,B4,uav-01,S,45.10,1.88,10.677,11.545,320,346,2026-09-08 11:31:58.549,2026-09-08 11:31:59.417,27
@raw/04_第四批_20260908_1053_多火点与余热点/02_激光打点与定位验证/01_事后打点候选/无人机01_1581F7K3C251800CYBVP/DJI_202609081117_006/DJI_20260908113147_0011_S.MP4,B4,uav-01,S,45.30,1.89,11.578,11.745,347,352,2026-09-08 11:31:59.450,2026-09-08 11:31:59.618,6
@raw/04_第四批_20260908_1053_多火点与余热点/02_激光打点与定位验证/01_事后打点候选/无人机01_1581F7K3C251800CYBVP/DJI_202609081117_006/DJI_20260908113147_0011_S.MP4,B4,uav-01,S,45.40,1.89,11.778,12.012,353,360,2026-09-08 11:31:59.649,2026-09-08 11:31:59.882,8
@raw/04_第四批_20260908_1053_多火点与余热点/02_激光打点与定位验证/01_事后打点候选/无人机01_1581F7K3C251800CYBVP/DJI_202609081117_006/DJI_20260908113147_0011_S.MP4,B4,uav-01,S,45.50,1.90,12.045,12.379,361,371,2026-09-08 11:31:59.915,2026-09-08 11:32:00.247,11
@raw/04_第四批_20260908_1053_多火点与余热点/02_激光打点与定位验证/01_事后打点候选/无人机01_1581F7K3C251800CYBVP/DJI_202609081117_006/DJI_20260908113147_0011_S.MP4,B4,uav-01,S,45.40,1.89,12.412,12.513,372,375,2026-09-08 11:32:00.285,2026-09-08 11:32:00.380,4
@raw/04_第四批_20260908_1053_多火点与余热点/02_激光打点与定位验证/01_事后打点候选/无人机01_1581F7K3C251800CYBVP/DJI_202609081117_006/DJI_20260908113147_0011_S.MP4,B4,uav-01,S,45.30,1.89,12.546,12.613,376,378,2026-09-08 11:32:00.417,2026-09-08 11:32:00.480,3
@raw/04_第四批_20260908_1053_多火点与余热点/02_激光打点与定位验证/01_事后打点候选/无人机01_1581F7K3C251800CYBVP/DJI_202609081117_006/DJI_20260908113147_0011_S.MP4,B4,uav-01,S,45.10,1.88,12.646,12.746,379,382,2026-09-08 11:32:00.516,2026-09-08 11:32:00.618,4
@raw/04_第四批_20260908_1053_多火点与余热点/02_激光打点与定位验证/01_事后打点候选/无人机01_1581F7K3C251800CYBVP/DJI_202609081117_006/DJI_20260908113147_0011_S.MP4,B4,uav-01,S,45.00,1.88,12.779,12.779,383,383,2026-09-08 11:32:00.648,2026-09-08 11:32:00.648,1
@raw/04_第四批_20260908_1053_多火点与余热点/02_激光打点与定位验证/01_事后打点候选/无人机01_1581F7K3C251800CYBVP/DJI_202609081117_006/DJI_20260908113147_0011_S.MP4,B4,uav-01,S,44.90,1.87,12.813,12.913,384,387,2026-09-08 11:32:00.680,2026-09-08 11:32:00.784,4
@raw/04_第四批_20260908_1053_多火点与余热点/02_激光打点与定位验证/01_事后打点候选/无人机01_1581F7K3C251800CYBVP/DJI_202609081117_006/DJI_20260908113147_0011_S.MP4,B4,uav-01,S,44.80,1.87,12.946,13.013,388,390,2026-09-08 11:32:00.818,2026-09-08 11:32:00.880,3
@raw/04_第四批_20260908_1053_多火点与余热点/02_激光打点与定位验证/01_事后打点候选/无人机01_1581F7K3C251800CYBVP/DJI_202609081117_006/DJI_20260908113147_0011_S.MP4,B4,uav-01,S,44.60,1.86,13.046,13.38,391,401,2026-09-08 11:32:00.917,2026-09-08 11:32:01.247,11
@raw/04_第四批_20260908_1053_多火点与余热点/02_激光打点与定位验证/01_事后打点候选/无人机01_1581F7K3C251800CYBVP/DJI_202609081117_006/DJI_20260908113147_0011_S.MP4,B4,uav-01,S,44.50,1.85,13.413,13.514,402,405,2026-09-08 11:32:01.285,2026-09-08 11:32:01.380,4
@raw/04_第四批_20260908_1053_多火点与余热点/02_激光打点与定位验证/01_事后打点候选/无人机01_1581F7K3C251800CYBVP/DJI_202609081117_006/DJI_20260908113147_0011_S.MP4,B4,uav-01,S,44.40,1.85,13.547,13.614,406,408,2026-09-08 11:32:01.417,2026-09-08 11:32:01.481,3
@raw/04_第四批_20260908_1053_多火点与余热点/02_激光打点与定位验证/01_事后打点候选/无人机01_1581F7K3C251800CYBVP/DJI_202609081117_006/DJI_20260908113147_0011_S.MP4,B4,uav-01,S,44.30,1.85,13.647,13.747,409,412,2026-09-08 11:32:01.515,2026-09-08 11:32:01.619,4
@raw/04_第四批_20260908_1053_多火点与余热点/02_激光打点与定位验证/01_事后打点候选/无人机01_1581F7K3C251800CYBVP/DJI_202609081117_006/DJI_20260908113147_0011_S.MP4,B4,uav-01,S,44.10,1.84,13.78,13.847,413,415,2026-09-08 11:32:01.651,2026-09-08 11:32:01.715,3
@raw/04_第四批_20260908_1053_多火点与余热点/02_激光打点与定位验证/01_事后打点候选/无人机01_1581F7K3C251800CYBVP/DJI_202609081117_006/DJI_20260908113147_0011_S.MP4,B4,uav-01,S,44.00,1.83,13.881,14.781,416,443,2026-09-08 11:32:01.751,2026-09-08 11:32:02.649,28
@raw/04_第四批_20260908_1053_多火点与余热点/02_激光打点与定位验证/01_事后打点候选/无人机01_1581F7K3C251800CYBVP/DJI_202609081117_006/DJI_20260908113147_0011_S.MP4,B4,uav-01,S,43.90,1.83,14.815,14.915,444,447,2026-09-08 11:32:02.687,2026-09-08 11:32:02.783,4
@raw/04_第四批_20260908_1053_多火点与余热点/02_激光打点与定位验证/01_事后打点候选/无人机01_1581F7K3C251800CYBVP/DJI_202609081117_006/DJI_20260908113147_0011_S.MP4,B4,uav-01,S,43.80,1.83,14.948,15.048,448,451,2026-09-08 11:32:02.818,2026-09-08 11:32:02.919,4
@raw/04_第四批_20260908_1053_多火点与余热点/02_激光打点与定位验证/01_事后打点候选/无人机01_1581F7K3C251800CYBVP/DJI_202609081117_006/DJI_20260908113147_0011_S.MP4,B4,uav-01,S,43.60,1.82,15.082,15.148,452,454,2026-09-08 11:32:02.949,2026-09-08 11:32:03.019,3
@raw/04_第四批_20260908_1053_多火点与余热点/02_激光打点与定位验证/01_事后打点候选/无人机01_1581F7K3C251800CYBVP/DJI_202609081117_006/DJI_20260908113147_0011_S.MP4,B4,uav-01,S,43.50,1.81,15.182,15.215,455,456,2026-09-08 11:32:03.052,2026-09-08 11:32:03.082,2
@raw/04_第四批_20260908_1053_多火点与余热点/02_激光打点与定位验证/01_事后打点候选/无人机01_1581F7K3C251800CYBVP/DJI_202609081117_006/DJI_20260908113147_0011_S.MP4,B4,uav-01,S,43.40,1.81,15.249,15.282,457,458,2026-09-08 11:32:03.116,2026-09-08 11:32:03.153,2
@raw/04_第四批_20260908_1053_多火点与余热点/02_激光打点与定位验证/01_事后打点候选/无人机01_1581F7K3C251800CYBVP/DJI_202609081117_006/DJI_20260908113147_0011_S.MP4,B4,uav-01,S,43.30,1.80,15.315,15.315,459,459,2026-09-08 11:32:03.183,2026-09-08 11:32:03.183,1
@raw/04_第四批_20260908_1053_多火点与余热点/02_激光打点与定位验证/01_事后打点候选/无人机01_1581F7K3C251800CYBVP/DJI_202609081117_006/DJI_20260908113147_0011_S.MP4,B4,uav-01,S,43.10,1.80,15.349,15.415,460,462,2026-09-08 11:32:03.216,2026-09-08 11:32:03.288,3
@raw/04_第四批_20260908_1053_多火点与余热点/02_激光打点与定位验证/01_事后打点候选/无人机01_1581F7K3C251800CYBVP/DJI_202609081117_006/DJI_20260908113147_0011_S.MP4,B4,uav-01,S,42.90,1.79,15.449,15.516,463,465,2026-09-08 11:32:03.321,2026-09-08 11:32:03.386,3
@raw/04_第四批_20260908_1053_多火点与余热点/02_激光打点与定位验证/01_事后打点候选/无人机01_1581F7K3C251800CYBVP/DJI_202609081117_006/DJI_20260908113147_0011_S.MP4,B4,uav-01,S,42.80,1.78,15.549,15.549,466,466,2026-09-08 11:32:03.417,2026-09-08 11:32:03.417,1
@raw/04_第四批_20260908_1053_多火点与余热点/02_激光打点与定位验证/01_事后打点候选/无人机01_1581F7K3C251800CYBVP/DJI_202609081117_006/DJI_20260908113147_0011_S.MP4,B4,uav-01,S,42.70,1.78,15.582,15.616,467,468,2026-09-08 11:32:03.450,2026-09-08 11:32:03.487,2
@raw/04_第四批_20260908_1053_多火点与余热点/02_激光打点与定位验证/01_事后打点候选/无人机01_1581F7K3C251800CYBVP/DJI_202609081117_006/DJI_20260908113147_0011_S.MP4,B4,uav-01,S,42.50,1.77,15.649000000000001,15.649000000000001,469,469,2026-09-08 11:32:03.517,2026-09-08 11:32:03.517,1
@raw/04_第四批_20260908_1053_多火点与余热点/02_激光打点与定位验证/01_事后打点候选/无人机01_1581F7K3C251800CYBVP/DJI_202609081117_006/DJI_20260908113147_0011_S.MP4,B4,uav-01,S,42.40,1.77,15.682,15.716,470,471,2026-09-08 11:32:03.555,2026-09-08 11:32:03.587,2
@raw/04_第四批_20260908_1053_多火点与余热点/02_激光打点与定位验证/01_事后打点候选/无人机01_1581F7K3C251800CYBVP/DJI_202609081117_006/DJI_20260908113147_0011_S.MP4,B4,uav-01,S,42.30,1.76,15.749,15.749,472,472,2026-09-08 11:32:03.620,2026-09-08 11:32:03.620,1
@raw/04_第四批_20260908_1053_多火点与余热点/02_激光打点与定位验证/01_事后打点候选/无人机01_1581F7K3C251800CYBVP/DJI_202609081117_006/DJI_20260908113147_0011_S.MP4,B4,uav-01,S,42.20,1.76,15.782,15.782,473,473,2026-09-08 11:32:03.650,2026-09-08 11:32:03.650,1
@raw/04_第四批_20260908_1053_多火点与余热点/02_激光打点与定位验证/01_事后打点候选/无人机01_1581F7K3C251800CYBVP/DJI_202609081117_006/DJI_20260908113147_0011_S.MP4,B4,uav-01,S,42.00,1.75,15.816,15.816,474,474,2026-09-08 11:32:03.686,2026-09-08 11:32:03.686,1
@raw/04_第四批_20260908_1053_多火点与余热点/02_激光打点与定位验证/01_事后打点候选/无人机01_1581F7K3C251800CYBVP/DJI_202609081117_006/DJI_20260908113147_0011_S.MP4,B4,uav-01,S,41.90,1.75,15.849,15.849,475,475,2026-09-08 11:32:03.722,2026-09-08 11:32:03.722,1
@raw/04_第四批_20260908_1053_多火点与余热点/02_激光打点与定位验证/01_事后打点候选/无人机01_1581F7K3C251800CYBVP/DJI_202609081117_006/DJI_20260908113147_0011_S.MP4,B4,uav-01,S,41.80,1.74,15.883,15.883,476,476,2026-09-08 11:32:03.755,2026-09-08 11:32:03.755,1
@raw/04_第四批_20260908_1053_多火点与余热点/02_激光打点与定位验证/01_事后打点候选/无人机01_1581F7K3C251800CYBVP/DJI_202609081117_006/DJI_20260908113147_0011_S.MP4,B4,uav-01,S,41.70,1.74,15.916,15.949,477,478,2026-09-08 11:32:03.786,2026-09-08 11:32:03.821,2
@raw/04_第四批_20260908_1053_多火点与余热点/02_激光打点与定位验证/01_事后打点候选/无人机01_1581F7K3C251800CYBVP/DJI_202609081117_006/DJI_20260908113147_0011_S.MP4,B4,uav-01,S,41.40,1.73,15.983,16.016,479,480,2026-09-08 11:32:03.853,2026-09-08 11:32:03.884,2
@raw/04_第四批_20260908_1053_多火点与余热点/02_激光打点与定位验证/01_事后打点候选/无人机01_1581F7K3C251800CYBVP/DJI_202609081117_006/DJI_20260908113147_0011_S.MP4,B4,uav-01,S,41.30,1.72,16.049,16.049,481,481,2026-09-08 11:32:03.917,2026-09-08 11:32:03.917,1
@raw/04_第四批_20260908_1053_多火点与余热点/02_激光打点与定位验证/01_事后打点候选/无人机01_1581F7K3C251800CYBVP/DJI_202609081117_006/DJI_20260908113147_0011_S.MP4,B4,uav-01,S,41.00,1.71,16.083,16.116,482,483,2026-09-08 11:32:03.954,2026-09-08 11:32:03.984,2
@raw/04_第四批_20260908_1053_多火点与余热点/02_激光打点与定位验证/01_事后打点候选/无人机01_1581F7K3C251800CYBVP/DJI_202609081117_006/DJI_20260908113147_0011_S.MP4,B4,uav-01,S,40.90,1.70,16.149,16.149,484,484,2026-09-08 11:32:04.020,2026-09-08 11:32:04.020,1
@raw/04_第四批_20260908_1053_多火点与余热点/02_激光打点与定位验证/01_事后打点候选/无人机01_1581F7K3C251800CYBVP/DJI_202609081117_006/DJI_20260908113147_0011_S.MP4,B4,uav-01,S,40.70,1.70,16.183,16.216,485,486,2026-09-08 11:32:04.051,2026-09-08 11:32:04.084,2
@raw/04_第四批_20260908_1053_多火点与余热点/02_激光打点与定位验证/01_事后打点候选/无人机01_1581F7K3C251800CYBVP/DJI_202609081117_006/DJI_20260908113147_0011_S.MP4,B4,uav-01,S,40.50,1.69,16.25,16.25,487,487,2026-09-08 11:32:04.117,2026-09-08 11:32:04.117,1
@raw/04_第四批_20260908_1053_多火点与余热点/02_激光打点与定位验证/01_事后打点候选/无人机01_1581F7K3C251800CYBVP/DJI_202609081117_006/DJI_20260908113147_0011_S.MP4,B4,uav-01,S,40.30,1.68,16.283,16.316,488,489,2026-09-08 11:32:04.154,2026-09-08 11:32:04.188,2
@raw/04_第四批_20260908_1053_多火点与余热点/02_激光打点与定位验证/01_事后打点候选/无人机01_1581F7K3C251800CYBVP/DJI_202609081117_006/DJI_20260908113147_0011_S.MP4,B4,uav-01,S,40.00,1.67,16.35,16.35,490,490,2026-09-08 11:32:04.221,2026-09-08 11:32:04.221,1
@raw/04_第四批_20260908_1053_多火点与余热点/02_激光打点与定位验证/01_事后打点候选/无人机01_1581F7K3C251800CYBVP/DJI_202609081117_006/DJI_20260908113147_0011_S.MP4,B4,uav-01,S,39.90,1.66,16.383,16.416,491,492,2026-09-08 11:32:04.256,2026-09-08 11:32:04.286,2
@raw/04_第四批_20260908_1053_多火点与余热点/02_激光打点与定位验证/01_事后打点候选/无人机01_1581F7K3C251800CYBVP/DJI_202609081117_006/DJI_20260908113147_0011_S.MP4,B4,uav-01,S,39.80,1.66,16.45,16.45,493,493,2026-09-08 11:32:04.320,2026-09-08 11:32:04.320,1
@raw/04_第四批_20260908_1053_多火点与余热点/02_激光打点与定位验证/01_事后打点候选/无人机01_1581F7K3C251800CYBVP/DJI_202609081117_006/DJI_20260908113147_0011_S.MP4,B4,uav-01,S,39.50,1.65,16.483,16.483,494,494,2026-09-08 11:32:04.355,2026-09-08 11:32:04.355,1
@raw/04_第四批_20260908_1053_多火点与余热点/02_激光打点与定位验证/01_事后打点候选/无人机01_1581F7K3C251800CYBVP/DJI_202609081117_006/DJI_20260908113147_0011_S.MP4,B4,uav-01,S,39.40,1.64,16.517,16.517,495,495,2026-09-08 11:32:04.386,2026-09-08 11:32:04.386,1
@raw/04_第四批_20260908_1053_多火点与余热点/02_激光打点与定位验证/01_事后打点候选/无人机01_1581F7K3C251800CYBVP/DJI_202609081117_006/DJI_20260908113147_0011_S.MP4,B4,uav-01,S,39.30,1.64,16.55,16.55,496,496,2026-09-08 11:32:04.418,2026-09-08 11:32:04.418,1
@raw/04_第四批_20260908_1053_多火点与余热点/02_激光打点与定位验证/01_事后打点候选/无人机01_1581F7K3C251800CYBVP/DJI_202609081117_006/DJI_20260908113147_0011_S.MP4,B4,uav-01,S,39.20,1.63,16.583,16.583,497,497,2026-09-08 11:32:04.451,2026-09-08 11:32:04.451,1
@raw/04_第四批_20260908_1053_多火点与余热点/02_激光打点与定位验证/01_事后打点候选/无人机01_1581F7K3C251800CYBVP/DJI_202609081117_006/DJI_20260908113147_0011_S.MP4,B4,uav-01,S,39.00,1.62,16.617,16.617,498,498,2026-09-08 11:32:04.484,2026-09-08 11:32:04.484,1
@raw/04_第四批_20260908_1053_多火点与余热点/02_激光打点与定位验证/01_事后打点候选/无人机01_1581F7K3C251800CYBVP/DJI_202609081117_006/DJI_20260908113147_0011_S.MP4,B4,uav-01,S,38.80,1.62,16.65,16.65,499,499,2026-09-08 11:32:04.518,2026-09-08 11:32:04.518,1
@raw/04_第四批_20260908_1053_多火点与余热点/02_激光打点与定位验证/01_事后打点候选/无人机01_1581F7K3C251800CYBVP/DJI_202609081117_006/DJI_20260908113147_0011_S.MP4,B4,uav-01,S,38.70,1.61,16.683,16.683,500,500,2026-09-08 11:32:04.551,2026-09-08 11:32:04.551,1
@raw/04_第四批_20260908_1053_多火点与余热点/02_激光打点与定位验证/01_事后打点候选/无人机01_1581F7K3C251800CYBVP/DJI_202609081117_006/DJI_20260908113147_0011_S.MP4,B4,uav-01,S,38.50,1.60,16.717,16.717,501,501,2026-09-08 11:32:04.589,2026-09-08 11:32:04.589,1
@raw/04_第四批_20260908_1053_多火点与余热点/02_激光打点与定位验证/01_事后打点候选/无人机01_1581F7K3C251800CYBVP/DJI_202609081117_006/DJI_20260908113147_0011_S.MP4,B4,uav-01,S,38.30,1.60,16.75,16.783,502,503,2026-09-08 11:32:04.622,2026-09-08 11:32:04.654,2
@raw/04_第四批_20260908_1053_多火点与余热点/02_激光打点与定位验证/01_事后打点候选/无人机01_1581F7K3C251800CYBVP/DJI_202609081117_006/DJI_20260908113147_0011_S.MP4,B4,uav-01,S,38.20,1.59,16.817,16.817,504,504,2026-09-08 11:32:04.688,2026-09-08 11:32:04.688,1
@raw/04_第四批_20260908_1053_多火点与余热点/02_激光打点与定位验证/01_事后打点候选/无人机01_1581F7K3C251800CYBVP/DJI_202609081117_006/DJI_20260908113147_0011_S.MP4,B4,uav-01,S,38.00,1.58,16.85,16.85,505,505,2026-09-08 11:32:04.723,2026-09-08 11:32:04.723,1
@raw/04_第四批_20260908_1053_多火点与余热点/02_激光打点与定位验证/01_事后打点候选/无人机01_1581F7K3C251800CYBVP/DJI_202609081117_006/DJI_20260908113147_0011_S.MP4,B4,uav-01,S,37.80,1.58,16.884,16.884,506,506,2026-09-08 11:32:04.754,2026-09-08 11:32:04.754,1
@raw/04_第四批_20260908_1053_多火点与余热点/02_激光打点与定位验证/01_事后打点候选/无人机01_1581F7K3C251800CYBVP/DJI_202609081117_006/DJI_20260908113147_0011_S.MP4,B4,uav-01,S,37.70,1.57,16.917,16.95,507,508,2026-09-08 11:32:04.788,2026-09-08 11:32:04.818,2
@raw/04_第四批_20260908_1053_多火点与余热点/02_激光打点与定位验证/01_事后打点候选/无人机01_1581F7K3C251800CYBVP/DJI_202609081117_006/DJI_20260908113147_0011_S.MP4,B4,uav-01,S,37.50,1.56,16.984,16.984,509,509,2026-09-08 11:32:04.851,2026-09-08 11:32:04.851,1
@raw/04_第四批_20260908_1053_多火点与余热点/02_激光打点与定位验证/01_事后打点候选/无人机01_1581F7K3C251800CYBVP/DJI_202609081117_006/DJI_20260908113147_0011_S.MP4,B4,uav-01,S,37.30,1.55,17.017,17.05,510,511,2026-09-08 11:32:04.885,2026-09-08 11:32:04.921,2
@raw/04_第四批_20260908_1053_多火点与余热点/02_激光打点与定位验证/01_事后打点候选/无人机01_1581F7K3C251800CYBVP/DJI_202609081117_006/DJI_20260908113147_0011_S.MP4,B4,uav-01,S,37.10,1.55,17.084,17.084,512,512,2026-09-08 11:32:04.954,2026-09-08 11:32:04.954,1
@raw/04_第四批_20260908_1053_多火点与余热点/02_激光打点与定位验证/01_事后打点候选/无人机01_1581F7K3C251800CYBVP/DJI_202609081117_006/DJI_20260908113147_0011_S.MP4,B4,uav-01,S,36.90,1.54,17.117,17.15,513,514,2026-09-08 11:32:04.988,2026-09-08 11:32:05.022,2
@raw/04_第四批_20260908_1053_多火点与余热点/02_激光打点与定位验证/01_事后打点候选/无人机01_1581F7K3C251800CYBVP/DJI_202609081117_006/DJI_20260908113147_0011_S.MP4,B4,uav-01,S,36.80,1.53,17.184,17.184,515,515,2026-09-08 11:32:05.053,2026-09-08 11:32:05.053,1
@raw/04_第四批_20260908_1053_多火点与余热点/02_激光打点与定位验证/01_事后打点候选/无人机01_1581F7K3C251800CYBVP/DJI_202609081117_006/DJI_20260908113147_0011_S.MP4,B4,uav-01,S,36.70,1.53,17.217,17.217,516,516,2026-09-08 11:32:05.088,2026-09-08 11:32:05.088,1
@raw/04_第四批_20260908_1053_多火点与余热点/02_激光打点与定位验证/01_事后打点候选/无人机01_1581F7K3C251800CYBVP/DJI_202609081117_006/DJI_20260908113147_0011_S.MP4,B4,uav-01,S,36.60,1.52,17.251,17.284,517,518,2026-09-08 11:32:05.122,2026-09-08 11:32:05.153,2
@raw/04_第四批_20260908_1053_多火点与余热点/02_激光打点与定位验证/01_事后打点候选/无人机01_1581F7K3C251800CYBVP/DJI_202609081117_006/DJI_20260908113147_0011_S.MP4,B4,uav-01,S,36.40,1.52,17.317,17.317,519,519,2026-09-08 11:32:05.189,2026-09-08 11:32:05.189,1
@raw/04_第四批_20260908_1053_多火点与余热点/02_激光打点与定位验证/01_事后打点候选/无人机01_1581F7K3C251800CYBVP/DJI_202609081117_006/DJI_20260908113147_0011_S.MP4,B4,uav-01,S,36.20,1.51,17.351,17.351,520,520,2026-09-08 11:32:05.221,2026-09-08 11:32:05.221,1
@raw/04_第四批_20260908_1053_多火点与余热点/02_激光打点与定位验证/01_事后打点候选/无人机01_1581F7K3C251800CYBVP/DJI_202609081117_006/DJI_20260908113147_0011_S.MP4,B4,uav-01,S,36.00,1.50,17.384,17.384,521,521,2026-09-08 11:32:05.257,2026-09-08 11:32:05.257,1
@raw/04_第四批_20260908_1053_多火点与余热点/02_激光打点与定位验证/01_事后打点候选/无人机01_1581F7K3C251800CYBVP/DJI_202609081117_006/DJI_20260908113147_0011_S.MP4,B4,uav-01,S,35.90,1.50,17.417,17.417,522,522,2026-09-08 11:32:05.289,2026-09-08 11:32:05.289,1
@raw/04_第四批_20260908_1053_多火点与余热点/02_激光打点与定位验证/01_事后打点候选/无人机01_1581F7K3C251800CYBVP/DJI_202609081117_006/DJI_20260908113147_0011_S.MP4,B4,uav-01,S,35.70,1.49,17.451,17.451,523,523,2026-09-08 11:32:05.321,2026-09-08 11:32:05.321,1
@raw/04_第四批_20260908_1053_多火点与余热点/02_激光打点与定位验证/01_事后打点候选/无人机01_1581F7K3C251800CYBVP/DJI_202609081117_006/DJI_20260908113147_0011_S.MP4,B4,uav-01,S,35.40,1.48,17.484,17.484,524,524,2026-09-08 11:32:05.356,2026-09-08 11:32:05.356,1
@raw/04_第四批_20260908_1053_多火点与余热点/02_激光打点与定位验证/01_事后打点候选/无人机01_1581F7K3C251800CYBVP/DJI_202609081117_006/DJI_20260908113147_0011_S.MP4,B4,uav-01,S,35.20,1.47,17.518,17.518,525,525,2026-09-08 11:32:05.389,2026-09-08 11:32:05.389,1
@raw/04_第四批_20260908_1053_多火点与余热点/02_激光打点与定位验证/01_事后打点候选/无人机01_1581F7K3C251800CYBVP/DJI_202609081117_006/DJI_20260908113147_0011_S.MP4,B4,uav-01,S,35.00,1.46,17.551,17.551,526,526,2026-09-08 11:32:05.422,2026-09-08 11:32:05.422,1
@raw/04_第四批_20260908_1053_多火点与余热点/02_激光打点与定位验证/01_事后打点候选/无人机01_1581F7K3C251800CYBVP/DJI_202609081117_006/DJI_20260908113147_0011_S.MP4,B4,uav-01,S,34.80,1.45,17.584,17.584,527,527,2026-09-08 11:32:05.456,2026-09-08 11:32:05.456,1
@raw/04_第四批_20260908_1053_多火点与余热点/02_激光打点与定位验证/01_事后打点候选/无人机01_1581F7K3C251800CYBVP/DJI_202609081117_006/DJI_20260908113147_0011_S.MP4,B4,uav-01,S,34.50,1.44,17.618,17.618,528,528,2026-09-08 11:32:05.488,2026-09-08 11:32:05.488,1
@raw/04_第四批_20260908_1053_多火点与余热点/02_激光打点与定位验证/01_事后打点候选/无人机01_1581F7K3C251800CYBVP/DJI_202609081117_006/DJI_20260908113147_0011_S.MP4,B4,uav-01,S,34.30,1.43,17.651,17.651,529,529,2026-09-08 11:32:05.522,2026-09-08 11:32:05.522,1
@raw/04_第四批_20260908_1053_多火点与余热点/02_激光打点与定位验证/01_事后打点候选/无人机01_1581F7K3C251800CYBVP/DJI_202609081117_006/DJI_20260908113147_0011_S.MP4,B4,uav-01,S,34.10,1.42,17.684,17.684,530,530,2026-09-08 11:32:05.555,2026-09-08 11:32:05.555,1
@raw/04_第四批_20260908_1053_多火点与余热点/02_激光打点与定位验证/01_事后打点候选/无人机01_1581F7K3C251800CYBVP/DJI_202609081117_006/DJI_20260908113147_0011_S.MP4,B4,uav-01,S,33.90,1.41,17.718,17.718,531,531,2026-09-08 11:32:05.591,2026-09-08 11:32:05.591,1
@raw/04_第四批_20260908_1053_多火点与余热点/02_激光打点与定位验证/01_事后打点候选/无人机01_1581F7K3C251800CYBVP/DJI_202609081117_006/DJI_20260908113147_0011_S.MP4,B4,uav-01,S,33.70,1.40,17.751,17.751,532,532,2026-09-08 11:32:05.622,2026-09-08 11:32:05.622,1
@raw/04_第四批_20260908_1053_多火点与余热点/02_激光打点与定位验证/01_事后打点候选/无人机01_1581F7K3C251800CYBVP/DJI_202609081117_006/DJI_20260908113147_0011_S.MP4,B4,uav-01,S,33.40,1.39,17.784,17.784,533,533,2026-09-08 11:32:05.653,2026-09-08 11:32:05.653,1
@raw/04_第四批_20260908_1053_多火点与余热点/02_激光打点与定位验证/01_事后打点候选/无人机01_1581F7K3C251800CYBVP/DJI_202609081117_006/DJI_20260908113147_0011_S.MP4,B4,uav-01,S,33.20,1.38,17.818,17.818,534,534,2026-09-08 11:32:05.690,2026-09-08 11:32:05.690,1
@raw/04_第四批_20260908_1053_多火点与余热点/02_激光打点与定位验证/01_事后打点候选/无人机01_1581F7K3C251800CYBVP/DJI_202609081117_006/DJI_20260908113147_0011_S.MP4,B4,uav-01,S,33.00,1.38,17.851,17.851,535,535,2026-09-08 11:32:05.723,2026-09-08 11:32:05.723,1
@raw/04_第四批_20260908_1053_多火点与余热点/02_激光打点与定位验证/01_事后打点候选/无人机01_1581F7K3C251800CYBVP/DJI_202609081117_006/DJI_20260908113147_0011_S.MP4,B4,uav-01,S,32.80,1.37,17.885,17.885,536,536,2026-09-08 11:32:05.752,2026-09-08 11:32:05.752,1
@raw/04_第四批_20260908_1053_多火点与余热点/02_激光打点与定位验证/01_事后打点候选/无人机01_1581F7K3C251800CYBVP/DJI_202609081117_006/DJI_20260908113147_0011_S.MP4,B4,uav-01,S,32.60,1.36,17.918,17.918,537,537,2026-09-08 11:32:05.786,2026-09-08 11:32:05.786,1
@raw/04_第四批_20260908_1053_多火点与余热点/02_激光打点与定位验证/01_事后打点候选/无人机01_1581F7K3C251800CYBVP/DJI_202609081117_006/DJI_20260908113147_0011_S.MP4,B4,uav-01,S,32.40,1.35,17.951,17.951,538,538,2026-09-08 11:32:05.822,2026-09-08 11:32:05.822,1
@raw/04_第四批_20260908_1053_多火点与余热点/02_激光打点与定位验证/01_事后打点候选/无人机01_1581F7K3C251800CYBVP/DJI_202609081117_006/DJI_20260908113147_0011_S.MP4,B4,uav-01,S,32.20,1.34,17.985,17.985,539,539,2026-09-08 11:32:05.855,2026-09-08 11:32:05.855,1
@raw/04_第四批_20260908_1053_多火点与余热点/02_激光打点与定位验证/01_事后打点候选/无人机01_1581F7K3C251800CYBVP/DJI_202609081117_006/DJI_20260908113147_0011_S.MP4,B4,uav-01,S,32.00,1.33,18.018,18.018,540,540,2026-09-08 11:32:05.891,2026-09-08 11:32:05.891,1
@raw/04_第四批_20260908_1053_多火点与余热点/02_激光打点与定位验证/01_事后打点候选/无人机01_1581F7K3C251800CYBVP/DJI_202609081117_006/DJI_20260908113147_0011_S.MP4,B4,uav-01,S,31.80,1.32,18.051,18.051,541,541,2026-09-08 11:32:05.924,2026-09-08 11:32:05.924,1
@raw/04_第四批_20260908_1053_多火点与余热点/02_激光打点与定位验证/01_事后打点候选/无人机01_1581F7K3C251800CYBVP/DJI_202609081117_006/DJI_20260908113147_0011_S.MP4,B4,uav-01,S,31.60,1.31,18.085,27.761,542,832,2026-09-08 11:32:05.956,2026-09-08 11:32:15.629,291
@raw/04_第四批_20260908_1053_多火点与余热点/02_激光打点与定位验证/01_事后打点候选/无人机01_1581F7K3C251800CYBVP/DJI_202609081117_006/DJI_20260908113147_0011_S.MP4,B4,uav-01,S,31.30,1.30,27.794,27.794,833,833,2026-09-08 11:32:15.666,2026-09-08 11:32:15.666,1
@raw/04_第四批_20260908_1053_多火点与余热点/02_激光打点与定位验证/01_事后打点候选/无人机01_1581F7K3C251800CYBVP/DJI_202609081117_006/DJI_20260908113147_0011_S.MP4,B4,uav-01,S,31.10,1.30,27.828,27.828,834,834,2026-09-08 11:32:15.695,2026-09-08 11:32:15.695,1
@raw/04_第四批_20260908_1053_多火点与余热点/02_激光打点与定位验证/01_事后打点候选/无人机01_1581F7K3C251800CYBVP/DJI_202609081117_006/DJI_20260908113147_0011_S.MP4,B4,uav-01,S,30.70,1.28,27.861,27.861,835,835,2026-09-08 11:32:15.730,2026-09-08 11:32:15.730,1
@raw/04_第四批_20260908_1053_多火点与余热点/02_激光打点与定位验证/01_事后打点候选/无人机01_1581F7K3C251800CYBVP/DJI_202609081117_006/DJI_20260908113147_0011_S.MP4,B4,uav-01,S,30.00,1.25,27.895,27.895,836,836,2026-09-08 11:32:15.762,2026-09-08 11:32:15.762,1
@raw/04_第四批_20260908_1053_多火点与余热点/02_激光打点与定位验证/01_事后打点候选/无人机01_1581F7K3C251800CYBVP/DJI_202609081117_006/DJI_20260908113147_0011_S.MP4,B4,uav-01,S,29.20,1.22,27.928,27.928,837,837,2026-09-08 11:32:15.798,2026-09-08 11:32:15.798,1
@raw/04_第四批_20260908_1053_多火点与余热点/02_激光打点与定位验证/01_事后打点候选/无人机01_1581F7K3C251800CYBVP/DJI_202609081117_006/DJI_20260908113147_0011_S.MP4,B4,uav-01,S,28.40,1.18,27.961,27.961,838,838,2026-09-08 11:32:15.833,2026-09-08 11:32:15.833,1
@raw/04_第四批_20260908_1053_多火点与余热点/02_激光打点与定位验证/01_事后打点候选/无人机01_1581F7K3C251800CYBVP/DJI_202609081117_006/DJI_20260908113147_0011_S.MP4,B4,uav-01,S,27.70,1.15,27.995,27.995,839,839,2026-09-08 11:32:15.866,2026-09-08 11:32:15.866,1
@raw/04_第四批_20260908_1053_多火点与余热点/02_激光打点与定位验证/01_事后打点候选/无人机01_1581F7K3C251800CYBVP/DJI_202609081117_006/DJI_20260908113147_0011_S.MP4,B4,uav-01,S,27.00,1.12,28.028,28.028,840,840,2026-09-08 11:32:15.900,2026-09-08 11:32:15.900,1
@raw/04_第四批_20260908_1053_多火点与余热点/02_激光打点与定位验证/01_事后打点候选/无人机01_1581F7K3C251800CYBVP/DJI_202609081117_006/DJI_20260908113147_0011_S.MP4,B4,uav-01,S,26.30,1.09,28.061,28.061,841,841,2026-09-08 11:32:15.929,2026-09-08 11:32:15.929,1
@raw/04_第四批_20260908_1053_多火点与余热点/02_激光打点与定位验证/01_事后打点候选/无人机01_1581F7K3C251800CYBVP/DJI_202609081117_006/DJI_20260908113147_0011_S.MP4,B4,uav-01,S,25.60,1.07,28.095,28.095,842,842,2026-09-08 11:32:15.968,2026-09-08 11:32:15.968,1
@raw/04_第四批_20260908_1053_多火点与余热点/02_激光打点与定位验证/01_事后打点候选/无人机01_1581F7K3C251800CYBVP/DJI_202609081117_006/DJI_20260908113147_0011_S.MP4,B4,uav-01,S,25.30,1.05,28.128,28.128,843,843,2026-09-08 11:32:16.000,2026-09-08 11:32:16.000,1
@raw/04_第四批_20260908_1053_多火点与余热点/02_激光打点与定位验证/01_事后打点候选/无人机01_1581F7K3C251800CYBVP/DJI_202609081117_006/DJI_20260908113147_0011_S.MP4,B4,uav-01,S,24.80,1.03,28.161,28.161,844,844,2026-09-08 11:32:16.033,2026-09-08 11:32:16.033,1
@raw/04_第四批_20260908_1053_多火点与余热点/02_激光打点与定位验证/01_事后打点候选/无人机01_1581F7K3C251800CYBVP/DJI_202609081117_006/DJI_20260908113147_0011_S.MP4,B4,uav-01,S,24.60,1.02,28.195,28.629,845,858,2026-09-08 11:32:16.066,2026-09-08 11:32:16.500,14
@raw/04_第四批_20260908_1053_多火点与余热点/02_激光打点与定位验证/01_事后打点候选/无人机01_1581F7K3C251800CYBVP/DJI_202609081117_006/DJI_20260908113147_0011_S.MP4,B4,uav-01,S,24.80,1.03,28.662,28.662,859,859,2026-09-08 11:32:16.533,2026-09-08 11:32:16.533,1
@raw/04_第四批_20260908_1053_多火点与余热点/02_激光打点与定位验证/01_事后打点候选/无人机01_1581F7K3C251800CYBVP/DJI_202609081117_006/DJI_20260908113147_0011_S.MP4,B4,uav-01,S,25.00,1.04,28.695,28.695,860,860,2026-09-08 11:32:16.566,2026-09-08 11:32:16.566,1
@raw/04_第四批_20260908_1053_多火点与余热点/02_激光打点与定位验证/01_事后打点候选/无人机01_1581F7K3C251800CYBVP/DJI_202609081117_006/DJI_20260908113147_0011_S.MP4,B4,uav-01,S,25.30,1.05,28.729,28.729,861,861,2026-09-08 11:32:16.596,2026-09-08 11:32:16.596,1
@raw/04_第四批_20260908_1053_多火点与余热点/02_激光打点与定位验证/01_事后打点候选/无人机01_1581F7K3C251800CYBVP/DJI_202609081117_006/DJI_20260908113147_0011_S.MP4,B4,uav-01,S,25.60,1.07,28.762,28.762,862,862,2026-09-08 11:32:16.632,2026-09-08 11:32:16.632,1
@raw/04_第四批_20260908_1053_多火点与余热点/02_激光打点与定位验证/01_事后打点候选/无人机01_1581F7K3C251800CYBVP/DJI_202609081117_006/DJI_20260908113147_0011_S.MP4,B4,uav-01,S,26.00,1.08,28.795,28.795,863,863,2026-09-08 11:32:16.665,2026-09-08 11:32:16.665,1
@raw/04_第四批_20260908_1053_多火点与余热点/02_激光打点与定位验证/01_事后打点候选/无人机01_1581F7K3C251800CYBVP/DJI_202609081117_006/DJI_20260908113147_0011_S.MP4,B4,uav-01,S,26.20,1.09,28.829,28.829,864,864,2026-09-08 11:32:16.697,2026-09-08 11:32:16.697,1
@raw/04_第四批_20260908_1053_多火点与余热点/02_激光打点与定位验证/01_事后打点候选/无人机01_1581F7K3C251800CYBVP/DJI_202609081117_006/DJI_20260908113147_0011_S.MP4,B4,uav-01,S,26.40,1.10,28.862,28.862,865,865,2026-09-08 11:32:16.730,2026-09-08 11:32:16.730,1
@raw/04_第四批_20260908_1053_多火点与余热点/02_激光打点与定位验证/01_事后打点候选/无人机01_1581F7K3C251800CYBVP/DJI_202609081117_006/DJI_20260908113147_0011_S.MP4,B4,uav-01,S,26.50,1.11,28.896,29.596,866,887,2026-09-08 11:32:16.767,2026-09-08 11:32:17.469,22
@raw/04_第四批_20260908_1053_多火点与余热点/02_激光打点与定位验证/01_事后打点候选/无人机01_1581F7K3C251800CYBVP/DJI_202609081117_006/DJI_20260908113147_0011_S.MP4,B4,uav-01,S,26.70,1.11,29.63,29.63,888,888,2026-09-08 11:32:17.498,2026-09-08 11:32:17.498,1
@raw/04_第四批_20260908_1053_多火点与余热点/02_激光打点与定位验证/01_事后打点候选/无人机01_1581F7K3C251800CYBVP/DJI_202609081117_006/DJI_20260908113147_0011_S.MP4,B4,uav-01,S,26.90,1.12,29.663,29.663,889,889,2026-09-08 11:32:17.532,2026-09-08 11:32:17.532,1
@raw/04_第四批_20260908_1053_多火点与余热点/02_激光打点与定位验证/01_事后打点候选/无人机01_1581F7K3C251800CYBVP/DJI_202609081117_006/DJI_20260908113147_0011_S.MP4,B4,uav-01,S,27.20,1.13,29.696,29.696,890,890,2026-09-08 11:32:17.568,2026-09-08 11:32:17.568,1
@raw/04_第四批_20260908_1053_多火点与余热点/02_激光打点与定位验证/01_事后打点候选/无人机01_1581F7K3C251800CYBVP/DJI_202609081117_006/DJI_20260908113147_0011_S.MP4,B4,uav-01,S,27.50,1.14,29.73,29.73,891,891,2026-09-08 11:32:17.600,2026-09-08 11:32:17.600,1
@raw/04_第四批_20260908_1053_多火点与余热点/02_激光打点与定位验证/01_事后打点候选/无人机01_1581F7K3C251800CYBVP/DJI_202609081117_006/DJI_20260908113147_0011_S.MP4,B4,uav-01,S,27.70,1.15,29.763,29.763,892,892,2026-09-08 11:32:17.633,2026-09-08 11:32:17.633,1
@raw/04_第四批_20260908_1053_多火点与余热点/02_激光打点与定位验证/01_事后打点候选/无人机01_1581F7K3C251800CYBVP/DJI_202609081117_006/DJI_20260908113147_0011_S.MP4,B4,uav-01,S,27.90,1.16,29.796,29.796,893,893,2026-09-08 11:32:17.666,2026-09-08 11:32:17.666,1
@raw/04_第四批_20260908_1053_多火点与余热点/02_激光打点与定位验证/01_事后打点候选/无人机01_1581F7K3C251800CYBVP/DJI_202609081117_006/DJI_20260908113147_0011_S.MP4,B4,uav-01,S,28.20,1.17,29.83,35.769,894,1072,2026-09-08 11:32:17.702,2026-09-08 11:32:23.639,179
@raw/04_第四批_20260908_1053_多火点与余热点/02_激光打点与定位验证/01_事后打点候选/无人机01_1581F7K3C251800CYBVP/DJI_202609081117_006/DJI_20260908113147_0011_S.MP4,B4,uav-01,S,28.40,1.18,35.802,35.802,1073,1073,2026-09-08 11:32:23.673,2026-09-08 11:32:23.673,1
@raw/04_第四批_20260908_1053_多火点与余热点/02_激光打点与定位验证/01_事后打点候选/无人机01_1581F7K3C251800CYBVP/DJI_202609081117_006/DJI_20260908113147_0011_S.MP4,B4,uav-01,S,28.60,1.19,35.836,35.836,1074,1074,2026-09-08 11:32:23.708,2026-09-08 11:32:23.708,1
@raw/04_第四批_20260908_1053_多火点与余热点/02_激光打点与定位验证/01_事后打点候选/无人机01_1581F7K3C251800CYBVP/DJI_202609081117_006/DJI_20260908113147_0011_S.MP4,B4,uav-01,S,28.90,1.20,35.869,35.869,1075,1075,2026-09-08 11:32:23.742,2026-09-08 11:32:23.742,1
@raw/04_第四批_20260908_1053_多火点与余热点/02_激光打点与定位验证/01_事后打点候选/无人机01_1581F7K3C251800CYBVP/DJI_202609081117_006/DJI_20260908113147_0011_S.MP4,B4,uav-01,S,29.30,1.22,35.903,35.903,1076,1076,2026-09-08 11:32:23.775,2026-09-08 11:32:23.775,1
@raw/04_第四批_20260908_1053_多火点与余热点/02_激光打点与定位验证/01_事后打点候选/无人机01_1581F7K3C251800CYBVP/DJI_202609081117_006/DJI_20260908113147_0011_S.MP4,B4,uav-01,S,29.60,1.24,35.936,35.936,1077,1077,2026-09-08 11:32:23.808,2026-09-08 11:32:23.808,1
@raw/04_第四批_20260908_1053_多火点与余热点/02_激光打点与定位验证/01_事后打点候选/无人机01_1581F7K3C251800CYBVP/DJI_202609081117_006/DJI_20260908113147_0011_S.MP4,B4,uav-01,S,30.00,1.25,35.969,36.003,1078,1079,2026-09-08 11:32:23.841,2026-09-08 11:32:23.872,2
@raw/04_第四批_20260908_1053_多火点与余热点/02_激光打点与定位验证/01_事后打点候选/无人机01_1581F7K3C251800CYBVP/DJI_202609081117_006/DJI_20260908113147_0011_S.MP4,B4,uav-01,S,30.20,1.26,36.036,46.647,1080,1398,2026-09-08 11:32:23.904,2026-09-08 11:32:34.521,319
@raw/04_第四批_20260908_1053_多火点与余热点/02_激光打点与定位验证/01_事后打点候选/无人机01_1581F7K3C251800CYBVP/DJI_202609081117_006/DJI_20260908113147_0011_S.MP4,B4,uav-01,S,30.00,1.25,46.68,46.68,1399,1399,2026-09-08 11:32:34.553,2026-09-08 11:32:34.553,1
@raw/04_第四批_20260908_1053_多火点与余热点/02_激光打点与定位验证/01_事后打点候选/无人机01_1581F7K3C251800CYBVP/DJI_202609081117_006/DJI_20260908113147_0011_S.MP4,B4,uav-01,S,29.80,1.24,46.713,46.713,1400,1400,2026-09-08 11:32:34.591,2026-09-08 11:32:34.591,1
@raw/04_第四批_20260908_1053_多火点与余热点/02_激光打点与定位验证/01_事后打点候选/无人机01_1581F7K3C251800CYBVP/DJI_202609081117_006/DJI_20260908113147_0011_S.MP4,B4,uav-01,S,29.60,1.24,46.747,46.747,1401,1401,2026-09-08 11:32:34.621,2026-09-08 11:32:34.621,1
@raw/04_第四批_20260908_1053_多火点与余热点/02_激光打点与定位验证/01_事后打点候选/无人机01_1581F7K3C251800CYBVP/DJI_202609081117_006/DJI_20260908113147_0011_S.MP4,B4,uav-01,S,29.50,1.23,46.78,46.78,1402,1402,2026-09-08 11:32:34.655,2026-09-08 11:32:34.655,1
@raw/04_第四批_20260908_1053_多火点与余热点/02_激光打点与定位验证/01_事后打点候选/无人机01_1581F7K3C251800CYBVP/DJI_202609081117_006/DJI_20260908113147_0011_S.MP4,B4,uav-01,S,29.30,1.22,46.813,46.813,1403,1403,2026-09-08 11:32:34.688,2026-09-08 11:32:34.688,1
@raw/04_第四批_20260908_1053_多火点与余热点/02_激光打点与定位验证/01_事后打点候选/无人机01_1581F7K3C251800CYBVP/DJI_202609081117_006/DJI_20260908113147_0011_S.MP4,B4,uav-01,S,29.10,1.21,46.847,46.847,1404,1404,2026-09-08 11:32:34.720,2026-09-08 11:32:34.720,1
@raw/04_第四批_20260908_1053_多火点与余热点/02_激光打点与定位验证/01_事后打点候选/无人机01_1581F7K3C251800CYBVP/DJI_202609081117_006/DJI_20260908113147_0011_S.MP4,B4,uav-01,S,28.90,1.20,46.88,46.88,1405,1405,2026-09-08 11:32:34.753,2026-09-08 11:32:34.753,1
@raw/04_第四批_20260908_1053_多火点与余热点/02_激光打点与定位验证/01_事后打点候选/无人机01_1581F7K3C251800CYBVP/DJI_202609081117_006/DJI_20260908113147_0011_S.MP4,B4,uav-01,S,28.70,1.20,46.914,46.914,1406,1406,2026-09-08 11:32:34.787,2026-09-08 11:32:34.787,1
@raw/04_第四批_20260908_1053_多火点与余热点/02_激光打点与定位验证/01_事后打点候选/无人机01_1581F7K3C251800CYBVP/DJI_202609081117_006/DJI_20260908113147_0011_S.MP4,B4,uav-01,S,28.50,1.19,46.947,46.947,1407,1407,2026-09-08 11:32:34.822,2026-09-08 11:32:34.822,1
@raw/04_第四批_20260908_1053_多火点与余热点/02_激光打点与定位验证/01_事后打点候选/无人机01_1581F7K3C251800CYBVP/DJI_202609081117_006/DJI_20260908113147_0011_S.MP4,B4,uav-01,S,28.30,1.18,46.98,46.98,1408,1408,2026-09-08 11:32:34.857,2026-09-08 11:32:34.857,1
@raw/04_第四批_20260908_1053_多火点与余热点/02_激光打点与定位验证/01_事后打点候选/无人机01_1581F7K3C251800CYBVP/DJI_202609081117_006/DJI_20260908113147_0011_S.MP4,B4,uav-01,S,28.20,1.17,47.014,47.014,1409,1409,2026-09-08 11:32:34.885,2026-09-08 11:32:34.885,1
@raw/04_第四批_20260908_1053_多火点与余热点/02_激光打点与定位验证/01_事后打点候选/无人机01_1581F7K3C251800CYBVP/DJI_202609081117_006/DJI_20260908113147_0011_S.MP4,B4,uav-01,S,28.00,1.17,47.047,47.047,1410,1410,2026-09-08 11:32:34.921,2026-09-08 11:32:34.921,1
@raw/04_第四批_20260908_1053_多火点与余热点/02_激光打点与定位验证/01_事后打点候选/无人机01_1581F7K3C251800CYBVP/DJI_202609081117_006/DJI_20260908113147_0011_S.MP4,B4,uav-01,S,27.80,1.16,47.08,47.08,1411,1411,2026-09-08 11:32:34.954,2026-09-08 11:32:34.954,1
@raw/04_第四批_20260908_1053_多火点与余热点/02_激光打点与定位验证/01_事后打点候选/无人机01_1581F7K3C251800CYBVP/DJI_202609081117_006/DJI_20260908113147_0011_S.MP4,B4,uav-01,S,27.60,1.15,47.114,47.114,1412,1412,2026-09-08 11:32:34.987,2026-09-08 11:32:34.987,1
@raw/04_第四批_20260908_1053_多火点与余热点/02_激光打点与定位验证/01_事后打点候选/无人机01_1581F7K3C251800CYBVP/DJI_202609081117_006/DJI_20260908113147_0011_S.MP4,B4,uav-01,S,27.40,1.14,47.147,47.147,1413,1413,2026-09-08 11:32:35.020,2026-09-08 11:32:35.020,1
@raw/04_第四批_20260908_1053_多火点与余热点/02_激光打点与定位验证/01_事后打点候选/无人机01_1581F7K3C251800CYBVP/DJI_202609081117_006/DJI_20260908113147_0011_S.MP4,B4,uav-01,S,27.30,1.14,47.18,47.18,1414,1414,2026-09-08 11:32:35.057,2026-09-08 11:32:35.057,1
@raw/04_第四批_20260908_1053_多火点与余热点/02_激光打点与定位验证/01_事后打点候选/无人机01_1581F7K3C251800CYBVP/DJI_202609081117_006/DJI_20260908113147_0011_S.MP4,B4,uav-01,S,27.10,1.13,47.214,47.214,1415,1415,2026-09-08 11:32:35.088,2026-09-08 11:32:35.088,1
@raw/04_第四批_20260908_1053_多火点与余热点/02_激光打点与定位验证/01_事后打点候选/无人机01_1581F7K3C251800CYBVP/DJI_202609081117_006/DJI_20260908113147_0011_S.MP4,B4,uav-01,S,26.90,1.12,47.247,47.247,1416,1416,2026-09-08 11:32:35.123,2026-09-08 11:32:35.123,1
@raw/04_第四批_20260908_1053_多火点与余热点/02_激光打点与定位验证/01_事后打点候选/无人机01_1581F7K3C251800CYBVP/DJI_202609081117_006/DJI_20260908113147_0011_S.MP4,B4,uav-01,S,26.70,1.11,47.281,47.281,1417,1417,2026-09-08 11:32:35.157,2026-09-08 11:32:35.157,1
@raw/04_第四批_20260908_1053_多火点与余热点/02_激光打点与定位验证/01_事后打点候选/无人机01_1581F7K3C251800CYBVP/DJI_202609081117_006/DJI_20260908113147_0011_S.MP4,B4,uav-01,S,26.60,1.11,47.314,47.314,1418,1418,2026-09-08 11:32:35.188,2026-09-08 11:32:35.188,1
@raw/04_第四批_20260908_1053_多火点与余热点/02_激光打点与定位验证/01_事后打点候选/无人机01_1581F7K3C251800CYBVP/DJI_202609081117_006/DJI_20260908113147_0011_S.MP4,B4,uav-01,S,26.40,1.10,47.347,47.347,1419,1419,2026-09-08 11:32:35.220,2026-09-08 11:32:35.220,1
@raw/04_第四批_20260908_1053_多火点与余热点/02_激光打点与定位验证/01_事后打点候选/无人机01_1581F7K3C251800CYBVP/DJI_202609081117_006/DJI_20260908113147_0011_S.MP4,B4,uav-01,S,26.20,1.09,47.381,47.381,1420,1420,2026-09-08 11:32:35.255,2026-09-08 11:32:35.255,1
@raw/04_第四批_20260908_1053_多火点与余热点/02_激光打点与定位验证/01_事后打点候选/无人机01_1581F7K3C251800CYBVP/DJI_202609081117_006/DJI_20260908113147_0011_S.MP4,B4,uav-01,S,26.10,1.09,47.414,47.414,1421,1421,2026-09-08 11:32:35.290,2026-09-08 11:32:35.290,1
@raw/04_第四批_20260908_1053_多火点与余热点/02_激光打点与定位验证/01_事后打点候选/无人机01_1581F7K3C251800CYBVP/DJI_202609081117_006/DJI_20260908113147_0011_S.MP4,B4,uav-01,S,25.90,1.08,47.447,47.447,1422,1422,2026-09-08 11:32:35.321,2026-09-08 11:32:35.321,1
@raw/04_第四批_20260908_1053_多火点与余热点/02_激光打点与定位验证/01_事后打点候选/无人机01_1581F7K3C251800CYBVP/DJI_202609081117_006/DJI_20260908113147_0011_S.MP4,B4,uav-01,S,25.70,1.07,47.481,47.481,1423,1423,2026-09-08 11:32:35.356,2026-09-08 11:32:35.356,1
@raw/04_第四批_20260908_1053_多火点与余热点/02_激光打点与定位验证/01_事后打点候选/无人机01_1581F7K3C251800CYBVP/DJI_202609081117_006/DJI_20260908113147_0011_S.MP4,B4,uav-01,S,25.60,1.06,47.514,47.514,1424,1424,2026-09-08 11:32:35.389,2026-09-08 11:32:35.389,1
@raw/04_第四批_20260908_1053_多火点与余热点/02_激光打点与定位验证/01_事后打点候选/无人机01_1581F7K3C251800CYBVP/DJI_202609081117_006/DJI_20260908113147_0011_S.MP4,B4,uav-01,S,25.40,1.06,47.548,47.548,1425,1425,2026-09-08 11:32:35.421,2026-09-08 11:32:35.421,1
@raw/04_第四批_20260908_1053_多火点与余热点/02_激光打点与定位验证/01_事后打点候选/无人机01_1581F7K3C251800CYBVP/DJI_202609081117_006/DJI_20260908113147_0011_S.MP4,B4,uav-01,S,25.20,1.05,47.581,47.581,1426,1426,2026-09-08 11:32:35.460,2026-09-08 11:32:35.460,1
@raw/04_第四批_20260908_1053_多火点与余热点/02_激光打点与定位验证/01_事后打点候选/无人机01_1581F7K3C251800CYBVP/DJI_202609081117_006/DJI_20260908113147_0011_S.MP4,B4,uav-01,S,25.10,1.04,47.614,47.614,1427,1427,2026-09-08 11:32:35.487,2026-09-08 11:32:35.487,1
@raw/04_第四批_20260908_1053_多火点与余热点/02_激光打点与定位验证/01_事后打点候选/无人机01_1581F7K3C251800CYBVP/DJI_202609081117_006/DJI_20260908113147_0011_S.MP4,B4,uav-01,S,24.90,1.04,47.648,47.648,1428,1428,2026-09-08 11:32:35.522,2026-09-08 11:32:35.522,1
@raw/04_第四批_20260908_1053_多火点与余热点/02_激光打点与定位验证/01_事后打点候选/无人机01_1581F7K3C251800CYBVP/DJI_202609081117_006/DJI_20260908113147_0011_S.MP4,B4,uav-01,S,24.70,1.03,47.681,47.681,1429,1429,2026-09-08 11:32:35.555,2026-09-08 11:32:35.555,1
@raw/04_第四批_20260908_1053_多火点与余热点/02_激光打点与定位验证/01_事后打点候选/无人机01_1581F7K3C251800CYBVP/DJI_202609081117_006/DJI_20260908113147_0011_S.MP4,B4,uav-01,S,24.60,1.02,47.714,47.714,1430,1430,2026-09-08 11:32:35.586,2026-09-08 11:32:35.586,1
@raw/04_第四批_20260908_1053_多火点与余热点/02_激光打点与定位验证/01_事后打点候选/无人机01_1581F7K3C251800CYBVP/DJI_202609081117_006/DJI_20260908113147_0011_S.MP4,B4,uav-01,S,24.40,1.02,47.748,47.748,1431,1431,2026-09-08 11:32:35.619,2026-09-08 11:32:35.619,1
@raw/04_第四批_20260908_1053_多火点与余热点/02_激光打点与定位验证/01_事后打点候选/无人机01_1581F7K3C251800CYBVP/DJI_202609081117_006/DJI_20260908113147_0011_S.MP4,B4,uav-01,S,24.30,1.01,47.781,47.781,1432,1432,2026-09-08 11:32:35.654,2026-09-08 11:32:35.654,1
@raw/04_第四批_20260908_1053_多火点与余热点/02_激光打点与定位验证/01_事后打点候选/无人机01_1581F7K3C251800CYBVP/DJI_202609081117_006/DJI_20260908113147_0011_S.MP4,B4,uav-01,S,24.10,1.00,47.814,47.814,1433,1433,2026-09-08 11:32:35.690,2026-09-08 11:32:35.690,1
@raw/04_第四批_20260908_1053_多火点与余热点/02_激光打点与定位验证/01_事后打点候选/无人机01_1581F7K3C251800CYBVP/DJI_202609081117_006/DJI_20260908113147_0011_S.MP4,B4,uav-01,S,24.00,1.00,47.848,53.353,1434,1599,2026-09-08 11:32:35.722,2026-09-08 11:32:41.225,166
@raw/04_第四批_20260908_1053_多火点与余热点/02_激光打点与定位验证/01_事后打点候选/无人机01_1581F7K3C251800CYBVP/DJI_202609081117_006/DJI_20260908113147_0011_S.MP4,B4,uav-01,S,24.20,1.01,53.387,53.387,1600,1600,2026-09-08 11:32:41.261,2026-09-08 11:32:41.261,1
@raw/04_第四批_20260908_1053_多火点与余热点/02_激光打点与定位验证/01_事后打点候选/无人机01_1581F7K3C251800CYBVP/DJI_202609081117_006/DJI_20260908113147_0011_S.MP4,B4,uav-01,S,24.30,1.01,53.42,53.42,1601,1601,2026-09-08 11:32:41.295,2026-09-08 11:32:41.295,1
@raw/04_第四批_20260908_1053_多火点与余热点/02_激光打点与定位验证/01_事后打点候选/无人机01_1581F7K3C251800CYBVP/DJI_202609081117_006/DJI_20260908113147_0011_S.MP4,B4,uav-01,S,24.50,1.02,53.453,53.453,1602,1602,2026-09-08 11:32:41.325,2026-09-08 11:32:41.325,1
@raw/04_第四批_20260908_1053_多火点与余热点/02_激光打点与定位验证/01_事后打点候选/无人机01_1581F7K3C251800CYBVP/DJI_202609081117_006/DJI_20260908113147_0011_S.MP4,B4,uav-01,S,24.60,1.03,53.487,53.487,1603,1603,2026-09-08 11:32:41.360,2026-09-08 11:32:41.360,1
@raw/04_第四批_20260908_1053_多火点与余热点/02_激光打点与定位验证/01_事后打点候选/无人机01_1581F7K3C251800CYBVP/DJI_202609081117_006/DJI_20260908113147_0011_S.MP4,B4,uav-01,S,24.80,1.03,53.52,53.52,1604,1604,2026-09-08 11:32:41.395,2026-09-08 11:32:41.395,1
@raw/04_第四批_20260908_1053_多火点与余热点/02_激光打点与定位验证/01_事后打点候选/无人机01_1581F7K3C251800CYBVP/DJI_202609081117_006/DJI_20260908113147_0011_S.MP4,B4,uav-01,S,24.90,1.04,53.554,53.554,1605,1605,2026-09-08 11:32:41.428,2026-09-08 11:32:41.428,1
@raw/04_第四批_20260908_1053_多火点与余热点/02_激光打点与定位验证/01_事后打点候选/无人机01_1581F7K3C251800CYBVP/DJI_202609081117_006/DJI_20260908113147_0011_S.MP4,B4,uav-01,S,25.10,1.05,53.587,53.587,1606,1606,2026-09-08 11:32:41.461,2026-09-08 11:32:41.461,1
@raw/04_第四批_20260908_1053_多火点与余热点/02_激光打点与定位验证/01_事后打点候选/无人机01_1581F7K3C251800CYBVP/DJI_202609081117_006/DJI_20260908113147_0011_S.MP4,B4,uav-01,S,25.30,1.05,53.62,53.62,1607,1607,2026-09-08 11:32:41.492,2026-09-08 11:32:41.492,1
@raw/04_第四批_20260908_1053_多火点与余热点/02_激光打点与定位验证/01_事后打点候选/无人机01_1581F7K3C251800CYBVP/DJI_202609081117_006/DJI_20260908113147_0011_S.MP4,B4,uav-01,S,25.40,1.06,53.654,53.654,1608,1608,2026-09-08 11:32:41.527,2026-09-08 11:32:41.527,1
@raw/04_第四批_20260908_1053_多火点与余热点/02_激光打点与定位验证/01_事后打点候选/无人机01_1581F7K3C251800CYBVP/DJI_202609081117_006/DJI_20260908113147_0011_S.MP4,B4,uav-01,S,25.60,1.07,53.687,53.687,1609,1609,2026-09-08 11:32:41.561,2026-09-08 11:32:41.561,1
@raw/04_第四批_20260908_1053_多火点与余热点/02_激光打点与定位验证/01_事后打点候选/无人机01_1581F7K3C251800CYBVP/DJI_202609081117_006/DJI_20260908113147_0011_S.MP4,B4,uav-01,S,25.80,1.07,53.72,53.72,1610,1610,2026-09-08 11:32:41.594,2026-09-08 11:32:41.594,1
@raw/04_第四批_20260908_1053_多火点与余热点/02_激光打点与定位验证/01_事后打点候选/无人机01_1581F7K3C251800CYBVP/DJI_202609081117_006/DJI_20260908113147_0011_S.MP4,B4,uav-01,S,25.90,1.08,53.754,53.754,1611,1611,2026-09-08 11:32:41.627,2026-09-08 11:32:41.627,1
@raw/04_第四批_20260908_1053_多火点与余热点/02_激光打点与定位验证/01_事后打点候选/无人机01_1581F7K3C251800CYBVP/DJI_202609081117_006/DJI_20260908113147_0011_S.MP4,B4,uav-01,S,26.10,1.09,53.787,53.787,1612,1612,2026-09-08 11:32:41.660,2026-09-08 11:32:41.660,1
@raw/04_第四批_20260908_1053_多火点与余热点/02_激光打点与定位验证/01_事后打点候选/无人机01_1581F7K3C251800CYBVP/DJI_202609081117_006/DJI_20260908113147_0011_S.MP4,B4,uav-01,S,26.30,1.09,53.82,53.82,1613,1613,2026-09-08 11:32:41.693,2026-09-08 11:32:41.693,1
@raw/04_第四批_20260908_1053_多火点与余热点/02_激光打点与定位验证/01_事后打点候选/无人机01_1581F7K3C251800CYBVP/DJI_202609081117_006/DJI_20260908113147_0011_S.MP4,B4,uav-01,S,26.40,1.10,53.854,53.854,1614,1614,2026-09-08 11:32:41.727,2026-09-08 11:32:41.727,1
@raw/04_第四批_20260908_1053_多火点与余热点/02_激光打点与定位验证/01_事后打点候选/无人机01_1581F7K3C251800CYBVP/DJI_202609081117_006/DJI_20260908113147_0011_S.MP4,B4,uav-01,S,26.60,1.11,53.887,53.887,1615,1615,2026-09-08 11:32:41.760,2026-09-08 11:32:41.760,1
@raw/04_第四批_20260908_1053_多火点与余热点/02_激光打点与定位验证/01_事后打点候选/无人机01_1581F7K3C251800CYBVP/DJI_202609081117_006/DJI_20260908113147_0011_S.MP4,B4,uav-01,S,26.80,1.12,53.921,53.921,1616,1616,2026-09-08 11:32:41.794,2026-09-08 11:32:41.794,1
@raw/04_第四批_20260908_1053_多火点与余热点/02_激光打点与定位验证/01_事后打点候选/无人机01_1581F7K3C251800CYBVP/DJI_202609081117_006/DJI_20260908113147_0011_S.MP4,B4,uav-01,S,27.00,1.12,53.954,53.954,1617,1617,2026-09-08 11:32:41.826,2026-09-08 11:32:41.826,1
@raw/04_第四批_20260908_1053_多火点与余热点/02_激光打点与定位验证/01_事后打点候选/无人机01_1581F7K3C251800CYBVP/DJI_202609081117_006/DJI_20260908113147_0011_S.MP4,B4,uav-01,S,27.10,1.13,53.987,53.987,1618,1618,2026-09-08 11:32:41.861,2026-09-08 11:32:41.861,1
@raw/04_第四批_20260908_1053_多火点与余热点/02_激光打点与定位验证/01_事后打点候选/无人机01_1581F7K3C251800CYBVP/DJI_202609081117_006/DJI_20260908113147_0011_S.MP4,B4,uav-01,S,27.30,1.14,54.021,54.021,1619,1619,2026-09-08 11:32:41.895,2026-09-08 11:32:41.895,1
@raw/04_第四批_20260908_1053_多火点与余热点/02_激光打点与定位验证/01_事后打点候选/无人机01_1581F7K3C251800CYBVP/DJI_202609081117_006/DJI_20260908113147_0011_S.MP4,B4,uav-01,S,27.50,1.15,54.054,54.054,1620,1620,2026-09-08 11:32:41.928,2026-09-08 11:32:41.928,1
@raw/04_第四批_20260908_1053_多火点与余热点/02_激光打点与定位验证/01_事后打点候选/无人机01_1581F7K3C251800CYBVP/DJI_202609081117_006/DJI_20260908113147_0011_S.MP4,B4,uav-01,S,27.70,1.15,54.087,54.087,1621,1621,2026-09-08 11:32:41.962,2026-09-08 11:32:41.962,1
@raw/04_第四批_20260908_1053_多火点与余热点/02_激光打点与定位验证/01_事后打点候选/无人机01_1581F7K3C251800CYBVP/DJI_202609081117_006/DJI_20260908113147_0011_S.MP4,B4,uav-01,S,27.80,1.16,54.121,54.121,1622,1622,2026-09-08 11:32:41.992,2026-09-08 11:32:41.992,1
@raw/04_第四批_20260908_1053_多火点与余热点/02_激光打点与定位验证/01_事后打点候选/无人机01_1581F7K3C251800CYBVP/DJI_202609081117_006/DJI_20260908113147_0011_S.MP4,B4,uav-01,S,28.00,1.17,54.154,54.154,1623,1623,2026-09-08 11:32:42.029,2026-09-08 11:32:42.029,1
@raw/04_第四批_20260908_1053_多火点与余热点/02_激光打点与定位验证/01_事后打点候选/无人机01_1581F7K3C251800CYBVP/DJI_202609081117_006/DJI_20260908113147_0011_S.MP4,B4,uav-01,S,28.20,1.17,54.187,54.187,1624,1624,2026-09-08 11:32:42.061,2026-09-08 11:32:42.061,1
@raw/04_第四批_20260908_1053_多火点与余热点/02_激光打点与定位验证/01_事后打点候选/无人机01_1581F7K3C251800CYBVP/DJI_202609081117_006/DJI_20260908113147_0011_S.MP4,B4,uav-01,S,28.40,1.18,54.221,54.221,1625,1625,2026-09-08 11:32:42.094,2026-09-08 11:32:42.094,1
@raw/04_第四批_20260908_1053_多火点与余热点/02_激光打点与定位验证/01_事后打点候选/无人机01_1581F7K3C251800CYBVP/DJI_202609081117_006/DJI_20260908113147_0011_S.MP4,B4,uav-01,S,28.60,1.19,54.254,54.254,1626,1626,2026-09-08 11:32:42.130,2026-09-08 11:32:42.130,1
@raw/04_第四批_20260908_1053_多火点与余热点/02_激光打点与定位验证/01_事后打点候选/无人机01_1581F7K3C251800CYBVP/DJI_202609081117_006/DJI_20260908113147_0011_S.MP4,B4,uav-01,S,28.80,1.20,54.288,54.288,1627,1627,2026-09-08 11:32:42.160,2026-09-08 11:32:42.160,1
@raw/04_第四批_20260908_1053_多火点与余热点/02_激光打点与定位验证/01_事后打点候选/无人机01_1581F7K3C251800CYBVP/DJI_202609081117_006/DJI_20260908113147_0011_S.MP4,B4,uav-01,S,28.90,1.21,54.321,54.321,1628,1628,2026-09-08 11:32:42.192,2026-09-08 11:32:42.192,1
@raw/04_第四批_20260908_1053_多火点与余热点/02_激光打点与定位验证/01_事后打点候选/无人机01_1581F7K3C251800CYBVP/DJI_202609081117_006/DJI_20260908113147_0011_S.MP4,B4,uav-01,S,29.10,1.21,54.354,54.354,1629,1629,2026-09-08 11:32:42.227,2026-09-08 11:32:42.227,1
@raw/04_第四批_20260908_1053_多火点与余热点/02_激光打点与定位验证/01_事后打点候选/无人机01_1581F7K3C251800CYBVP/DJI_202609081117_006/DJI_20260908113147_0011_S.MP4,B4,uav-01,S,29.30,1.22,54.388,54.388,1630,1630,2026-09-08 11:32:42.262,2026-09-08 11:32:42.262,1
@raw/04_第四批_20260908_1053_多火点与余热点/02_激光打点与定位验证/01_事后打点候选/无人机01_1581F7K3C251800CYBVP/DJI_202609081117_006/DJI_20260908113147_0011_S.MP4,B4,uav-01,S,29.50,1.23,54.421,54.421,1631,1631,2026-09-08 11:32:42.295,2026-09-08 11:32:42.295,1
@raw/04_第四批_20260908_1053_多火点与余热点/02_激光打点与定位验证/01_事后打点候选/无人机01_1581F7K3C251800CYBVP/DJI_202609081117_006/DJI_20260908113147_0011_S.MP4,B4,uav-01,S,29.70,1.24,54.454,54.454,1632,1632,2026-09-08 11:32:42.328,2026-09-08 11:32:42.328,1
@raw/04_第四批_20260908_1053_多火点与余热点/02_激光打点与定位验证/01_事后打点候选/无人机01_1581F7K3C251800CYBVP/DJI_202609081117_006/DJI_20260908113147_0011_S.MP4,B4,uav-01,S,29.90,1.25,54.488,54.488,1633,1633,2026-09-08 11:32:42.361,2026-09-08 11:32:42.361,1
@raw/04_第四批_20260908_1053_多火点与余热点/02_激光打点与定位验证/01_事后打点候选/无人机01_1581F7K3C251800CYBVP/DJI_202609081117_006/DJI_20260908113147_0011_S.MP4,B4,uav-01,S,30.10,1.25,54.521,54.521,1634,1634,2026-09-08 11:32:42.395,2026-09-08 11:32:42.395,1
@raw/04_第四批_20260908_1053_多火点与余热点/02_激光打点与定位验证/01_事后打点候选/无人机01_1581F7K3C251800CYBVP/DJI_202609081117_006/DJI_20260908113147_0011_S.MP4,B4,uav-01,S,30.30,1.26,54.555,54.555,1635,1635,2026-09-08 11:32:42.426,2026-09-08 11:32:42.426,1
@raw/04_第四批_20260908_1053_多火点与余热点/02_激光打点与定位验证/01_事后打点候选/无人机01_1581F7K3C251800CYBVP/DJI_202609081117_006/DJI_20260908113147_0011_S.MP4,B4,uav-01,S,30.50,1.27,54.588,54.588,1636,1636,2026-09-08 11:32:42.462,2026-09-08 11:32:42.462,1
@raw/04_第四批_20260908_1053_多火点与余热点/02_激光打点与定位验证/01_事后打点候选/无人机01_1581F7K3C251800CYBVP/DJI_202609081117_006/DJI_20260908113147_0011_S.MP4,B4,uav-01,S,30.70,1.28,54.621,63.897,1637,1915,2026-09-08 11:32:42.494,2026-09-08 11:32:51.768,279
@raw/04_第四批_20260908_1053_多火点与余热点/02_激光打点与定位验证/01_事后打点候选/无人机01_1581F7K3C251800CYBVP/DJI_202609081117_006/DJI_20260908113147_0011_S.MP4,B4,uav-01,S,30.50,1.27,63.931,63.931,1916,1916,2026-09-08 11:32:51.802,2026-09-08 11:32:51.802,1
@raw/04_第四批_20260908_1053_多火点与余热点/02_激光打点与定位验证/01_事后打点候选/无人机01_1581F7K3C251800CYBVP/DJI_202609081117_006/DJI_20260908113147_0011_S.MP4,B4,uav-01,S,30.30,1.26,63.964,63.964,1917,1917,2026-09-08 11:32:51.833,2026-09-08 11:32:51.833,1
@raw/04_第四批_20260908_1053_多火点与余热点/02_激光打点与定位验证/01_事后打点候选/无人机01_1581F7K3C251800CYBVP/DJI_202609081117_006/DJI_20260908113147_0011_S.MP4,B4,uav-01,S,30.10,1.25,63.997,63.997,1918,1918,2026-09-08 11:32:51.871,2026-09-08 11:32:51.871,1
@raw/04_第四批_20260908_1053_多火点与余热点/02_激光打点与定位验证/01_事后打点候选/无人机01_1581F7K3C251800CYBVP/DJI_202609081117_006/DJI_20260908113147_0011_S.MP4,B4,uav-01,S,29.90,1.25,64.031,64.031,1919,1919,2026-09-08 11:32:51.902,2026-09-08 11:32:51.902,1
@raw/04_第四批_20260908_1053_多火点与余热点/02_激光打点与定位验证/01_事后打点候选/无人机01_1581F7K3C251800CYBVP/DJI_202609081117_006/DJI_20260908113147_0011_S.MP4,B4,uav-01,S,29.70,1.24,64.064,64.064,1920,1920,2026-09-08 11:32:51.936,2026-09-08 11:32:51.936,1
@raw/04_第四批_20260908_1053_多火点与余热点/02_激光打点与定位验证/01_事后打点候选/无人机01_1581F7K3C251800CYBVP/DJI_202609081117_006/DJI_20260908113147_0011_S.MP4,B4,uav-01,S,29.50,1.23,64.097,64.097,1921,1921,2026-09-08 11:32:51.970,2026-09-08 11:32:51.970,1
@raw/04_第四批_20260908_1053_多火点与余热点/02_激光打点与定位验证/01_事后打点候选/无人机01_1581F7K3C251800CYBVP/DJI_202609081117_006/DJI_20260908113147_0011_S.MP4,B4,uav-01,S,29.30,1.22,64.131,64.131,1922,1922,2026-09-08 11:32:52.001,2026-09-08 11:32:52.001,1
@raw/04_第四批_20260908_1053_多火点与余热点/02_激光打点与定位验证/01_事后打点候选/无人机01_1581F7K3C251800CYBVP/DJI_202609081117_006/DJI_20260908113147_0011_S.MP4,B4,uav-01,S,29.20,1.21,64.164,64.164,1923,1923,2026-09-08 11:32:52.036,2026-09-08 11:32:52.036,1
@raw/04_第四批_20260908_1053_多火点与余热点/02_激光打点与定位验证/01_事后打点候选/无人机01_1581F7K3C251800CYBVP/DJI_202609081117_006/DJI_20260908113147_0011_S.MP4,B4,uav-01,S,29.00,1.21,64.197,64.197,1924,1924,2026-09-08 11:32:52.073,2026-09-08 11:32:52.073,1
@raw/04_第四批_20260908_1053_多火点与余热点/02_激光打点与定位验证/01_事后打点候选/无人机01_1581F7K3C251800CYBVP/DJI_202609081117_006/DJI_20260908113147_0011_S.MP4,B4,uav-01,S,28.80,1.20,64.231,64.231,1925,1925,2026-09-08 11:32:52.103,2026-09-08 11:32:52.103,1
@raw/04_第四批_20260908_1053_多火点与余热点/02_激光打点与定位验证/01_事后打点候选/无人机01_1581F7K3C251800CYBVP/DJI_202609081117_006/DJI_20260908113147_0011_S.MP4,B4,uav-01,S,28.60,1.19,64.264,64.264,1926,1926,2026-09-08 11:32:52.134,2026-09-08 11:32:52.134,1
@raw/04_第四批_20260908_1053_多火点与余热点/02_激光打点与定位验证/01_事后打点候选/无人机01_1581F7K3C251800CYBVP/DJI_202609081117_006/DJI_20260908113147_0011_S.MP4,B4,uav-01,S,28.40,1.18,64.298,64.298,1927,1927,2026-09-08 11:32:52.170,2026-09-08 11:32:52.170,1
@raw/04_第四批_20260908_1053_多火点与余热点/02_激光打点与定位验证/01_事后打点候选/无人机01_1581F7K3C251800CYBVP/DJI_202609081117_006/DJI_20260908113147_0011_S.MP4,B4,uav-01,S,28.20,1.18,64.331,64.331,1928,1928,2026-09-08 11:32:52.203,2026-09-08 11:32:52.203,1
@raw/04_第四批_20260908_1053_多火点与余热点/02_激光打点与定位验证/01_事后打点候选/无人机01_1581F7K3C251800CYBVP/DJI_202609081117_006/DJI_20260908113147_0011_S.MP4,B4,uav-01,S,28.00,1.17,64.364,64.364,1929,1929,2026-09-08 11:32:52.236,2026-09-08 11:32:52.236,1
@raw/04_第四批_20260908_1053_多火点与余热点/02_激光打点与定位验证/01_事后打点候选/无人机01_1581F7K3C251800CYBVP/DJI_202609081117_006/DJI_20260908113147_0011_S.MP4,B4,uav-01,S,27.90,1.16,64.398,64.398,1930,1930,2026-09-08 11:32:52.268,2026-09-08 11:32:52.268,1
@raw/04_第四批_20260908_1053_多火点与余热点/02_激光打点与定位验证/01_事后打点候选/无人机01_1581F7K3C251800CYBVP/DJI_202609081117_006/DJI_20260908113147_0011_S.MP4,B4,uav-01,S,27.70,1.15,64.431,66.133,1931,1982,2026-09-08 11:32:52.303,2026-09-08 11:32:54.006,52
@raw/04_第四批_20260908_1053_多火点与余热点/02_激光打点与定位验证/01_事后打点候选/无人机01_1581F7K3C251800CYBVP/DJI_202609081117_006/DJI_20260908113147_0011_S.MP4,B4,uav-01,S,27.90,1.16,66.166,66.166,1983,1983,2026-09-08 11:32:54.038,2026-09-08 11:32:54.038,1
@raw/04_第四批_20260908_1053_多火点与余热点/02_激光打点与定位验证/01_事后打点候选/无人机01_1581F7K3C251800CYBVP/DJI_202609081117_006/DJI_20260908113147_0011_S.MP4,B4,uav-01,S,28.10,1.17,66.199,66.199,1984,1984,2026-09-08 11:32:54.074,2026-09-08 11:32:54.074,1
@raw/04_第四批_20260908_1053_多火点与余热点/02_激光打点与定位验证/01_事后打点候选/无人机01_1581F7K3C251800CYBVP/DJI_202609081117_006/DJI_20260908113147_0011_S.MP4,B4,uav-01,S,28.20,1.18,66.233,66.233,1985,1985,2026-09-08 11:32:54.107,2026-09-08 11:32:54.107,1
@raw/04_第四批_20260908_1053_多火点与余热点/02_激光打点与定位验证/01_事后打点候选/无人机01_1581F7K3C251800CYBVP/DJI_202609081117_006/DJI_20260908113147_0011_S.MP4,B4,uav-01,S,28.40,1.18,66.266,66.266,1986,1986,2026-09-08 11:32:54.135,2026-09-08 11:32:54.135,1
@raw/04_第四批_20260908_1053_多火点与余热点/02_激光打点与定位验证/01_事后打点候选/无人机01_1581F7K3C251800CYBVP/DJI_202609081117_006/DJI_20260908113147_0011_S.MP4,B4,uav-01,S,28.60,1.19,66.3,66.3,1987,1987,2026-09-08 11:32:54.171,2026-09-08 11:32:54.171,1
@raw/04_第四批_20260908_1053_多火点与余热点/02_激光打点与定位验证/01_事后打点候选/无人机01_1581F7K3C251800CYBVP/DJI_202609081117_006/DJI_20260908113147_0011_S.MP4,B4,uav-01,S,28.80,1.20,66.333,66.333,1988,1988,2026-09-08 11:32:54.202,2026-09-08 11:32:54.202,1
@raw/04_第四批_20260908_1053_多火点与余热点/02_激光打点与定位验证/01_事后打点候选/无人机01_1581F7K3C251800CYBVP/DJI_202609081117_006/DJI_20260908113147_0011_S.MP4,B4,uav-01,S,29.00,1.21,66.366,66.366,1989,1989,2026-09-08 11:32:54.239,2026-09-08 11:32:54.239,1
@raw/04_第四批_20260908_1053_多火点与余热点/02_激光打点与定位验证/01_事后打点候选/无人机01_1581F7K3C251800CYBVP/DJI_202609081117_006/DJI_20260908113147_0011_S.MP4,B4,uav-01,S,29.20,1.22,66.4,66.4,1990,1990,2026-09-08 11:32:54.274,2026-09-08 11:32:54.274,1
@raw/04_第四批_20260908_1053_多火点与余热点/02_激光打点与定位验证/01_事后打点候选/无人机01_1581F7K3C251800CYBVP/DJI_202609081117_006/DJI_20260908113147_0011_S.MP4,B4,uav-01,S,29.40,1.22,66.433,66.433,1991,1991,2026-09-08 11:32:54.304,2026-09-08 11:32:54.304,1
@raw/04_第四批_20260908_1053_多火点与余热点/02_激光打点与定位验证/01_事后打点候选/无人机01_1581F7K3C251800CYBVP/DJI_202609081117_006/DJI_20260908113147_0011_S.MP4,B4,uav-01,S,29.50,1.23,66.466,66.466,1992,1992,2026-09-08 11:32:54.335,2026-09-08 11:32:54.335,1
@raw/04_第四批_20260908_1053_多火点与余热点/02_激光打点与定位验证/01_事后打点候选/无人机01_1581F7K3C251800CYBVP/DJI_202609081117_006/DJI_20260908113147_0011_S.MP4,B4,uav-01,S,29.70,1.24,66.5,66.5,1993,1993,2026-09-08 11:32:54.374,2026-09-08 11:32:54.374,1
@raw/04_第四批_20260908_1053_多火点与余热点/02_激光打点与定位验证/01_事后打点候选/无人机01_1581F7K3C251800CYBVP/DJI_202609081117_006/DJI_20260908113147_0011_S.MP4,B4,uav-01,S,29.90,1.25,66.533,66.533,1994,1994,2026-09-08 11:32:54.405,2026-09-08 11:32:54.405,1
@raw/04_第四批_20260908_1053_多火点与余热点/02_激光打点与定位验证/01_事后打点候选/无人机01_1581F7K3C251800CYBVP/DJI_202609081117_006/DJI_20260908113147_0011_S.MP4,B4,uav-01,S,30.10,1.26,66.567,66.567,1995,1995,2026-09-08 11:32:54.435,2026-09-08 11:32:54.435,1
@raw/04_第四批_20260908_1053_多火点与余热点/02_激光打点与定位验证/01_事后打点候选/无人机01_1581F7K3C251800CYBVP/DJI_202609081117_006/DJI_20260908113147_0011_S.MP4,B4,uav-01,S,30.30,1.26,66.6,66.6,1996,1996,2026-09-08 11:32:54.473,2026-09-08 11:32:54.473,1
@raw/04_第四批_20260908_1053_多火点与余热点/02_激光打点与定位验证/01_事后打点候选/无人机01_1581F7K3C251800CYBVP/DJI_202609081117_006/DJI_20260908113147_0011_S.MP4,B4,uav-01,S,30.50,1.27,66.633,66.633,1997,1997,2026-09-08 11:32:54.508,2026-09-08 11:32:54.508,1
@raw/04_第四批_20260908_1053_多火点与余热点/02_激光打点与定位验证/01_事后打点候选/无人机01_1581F7K3C251800CYBVP/DJI_202609081117_006/DJI_20260908113147_0011_S.MP4,B4,uav-01,S,30.70,1.28,66.667,66.667,1998,1998,2026-09-08 11:32:54.539,2026-09-08 11:32:54.539,1
@raw/04_第四批_20260908_1053_多火点与余热点/02_激光打点与定位验证/01_事后打点候选/无人机01_1581F7K3C251800CYBVP/DJI_202609081117_006/DJI_20260908113147_0011_S.MP4,B4,uav-01,S,30.90,1.29,66.7,66.7,1999,1999,2026-09-08 11:32:54.572,2026-09-08 11:32:54.572,1
@raw/04_第四批_20260908_1053_多火点与余热点/02_激光打点与定位验证/01_事后打点候选/无人机01_1581F7K3C251800CYBVP/DJI_202609081117_006/DJI_20260908113147_0011_S.MP4,B4,uav-01,S,31.10,1.30,66.733,66.733,2000,2000,2026-09-08 11:32:54.605,2026-09-08 11:32:54.605,1
@raw/04_第四批_20260908_1053_多火点与余热点/02_激光打点与定位验证/01_事后打点候选/无人机01_1581F7K3C251800CYBVP/DJI_202609081117_006/DJI_20260908113147_0011_S.MP4,B4,uav-01,S,31.30,1.30,66.767,66.767,2001,2001,2026-09-08 11:32:54.640,2026-09-08 11:32:54.640,1
@raw/04_第四批_20260908_1053_多火点与余热点/02_激光打点与定位验证/01_事后打点候选/无人机01_1581F7K3C251800CYBVP/DJI_202609081117_006/DJI_20260908113147_0011_S.MP4,B4,uav-01,S,31.50,1.31,66.8,66.8,2002,2002,2026-09-08 11:32:54.672,2026-09-08 11:32:54.672,1
@raw/04_第四批_20260908_1053_多火点与余热点/02_激光打点与定位验证/01_事后打点候选/无人机01_1581F7K3C251800CYBVP/DJI_202609081117_006/DJI_20260908113147_0011_S.MP4,B4,uav-01,S,31.70,1.32,66.833,66.833,2003,2003,2026-09-08 11:32:54.703,2026-09-08 11:32:54.703,1
@raw/04_第四批_20260908_1053_多火点与余热点/02_激光打点与定位验证/01_事后打点候选/无人机01_1581F7K3C251800CYBVP/DJI_202609081117_006/DJI_20260908113147_0011_S.MP4,B4,uav-01,S,31.90,1.33,66.867,66.867,2004,2004,2026-09-08 11:32:54.741,2026-09-08 11:32:54.741,1
@raw/04_第四批_20260908_1053_多火点与余热点/02_激光打点与定位验证/01_事后打点候选/无人机01_1581F7K3C251800CYBVP/DJI_202609081117_006/DJI_20260908113147_0011_S.MP4,B4,uav-01,S,32.10,1.34,66.9,66.9,2005,2005,2026-09-08 11:32:54.774,2026-09-08 11:32:54.774,1
@raw/04_第四批_20260908_1053_多火点与余热点/02_激光打点与定位验证/01_事后打点候选/无人机01_1581F7K3C251800CYBVP/DJI_202609081117_006/DJI_20260908113147_0011_S.MP4,B4,uav-01,S,32.30,1.35,66.934,66.934,2006,2006,2026-09-08 11:32:54.808,2026-09-08 11:32:54.808,1
@raw/04_第四批_20260908_1053_多火点与余热点/02_激光打点与定位验证/01_事后打点候选/无人机01_1581F7K3C251800CYBVP/DJI_202609081117_006/DJI_20260908113147_0011_S.MP4,B4,uav-01,S,32.50,1.36,66.967,66.967,2007,2007,2026-09-08 11:32:54.838,2026-09-08 11:32:54.838,1
@raw/04_第四批_20260908_1053_多火点与余热点/02_激光打点与定位验证/01_事后打点候选/无人机01_1581F7K3C251800CYBVP/DJI_202609081117_006/DJI_20260908113147_0011_S.MP4,B4,uav-01,S,32.80,1.36,67.0,67.0,2008,2008,2026-09-08 11:32:54.871,2026-09-08 11:32:54.871,1
@raw/04_第四批_20260908_1053_多火点与余热点/02_激光打点与定位验证/01_事后打点候选/无人机01_1581F7K3C251800CYBVP/DJI_202609081117_006/DJI_20260908113147_0011_S.MP4,B4,uav-01,S,33.00,1.37,67.034,67.034,2009,2009,2026-09-08 11:32:54.906,2026-09-08 11:32:54.906,1
@raw/04_第四批_20260908_1053_多火点与余热点/02_激光打点与定位验证/01_事后打点候选/无人机01_1581F7K3C251800CYBVP/DJI_202609081117_006/DJI_20260908113147_0011_S.MP4,B4,uav-01,S,33.20,1.38,67.067,67.067,2010,2010,2026-09-08 11:32:54.936,2026-09-08 11:32:54.936,1
@raw/04_第四批_20260908_1053_多火点与余热点/02_激光打点与定位验证/01_事后打点候选/无人机01_1581F7K3C251800CYBVP/DJI_202609081117_006/DJI_20260908113147_0011_S.MP4,B4,uav-01,S,33.40,1.39,67.1,67.1,2011,2011,2026-09-08 11:32:54.971,2026-09-08 11:32:54.971,1
@raw/04_第四批_20260908_1053_多火点与余热点/02_激光打点与定位验证/01_事后打点候选/无人机01_1581F7K3C251800CYBVP/DJI_202609081117_006/DJI_20260908113147_0011_S.MP4,B4,uav-01,S,33.60,1.40,67.134,67.134,2012,2012,2026-09-08 11:32:55.002,2026-09-08 11:32:55.002,1
@raw/04_第四批_20260908_1053_多火点与余热点/02_激光打点与定位验证/01_事后打点候选/无人机01_1581F7K3C251800CYBVP/DJI_202609081117_006/DJI_20260908113147_0011_S.MP4,B4,uav-01,S,33.80,1.41,67.167,67.167,2013,2013,2026-09-08 11:32:55.036,2026-09-08 11:32:55.036,1
@raw/04_第四批_20260908_1053_多火点与余热点/02_激光打点与定位验证/01_事后打点候选/无人机01_1581F7K3C251800CYBVP/DJI_202609081117_006/DJI_20260908113147_0011_S.MP4,B4,uav-01,S,34.10,1.42,67.2,67.2,2014,2014,2026-09-08 11:32:55.071,2026-09-08 11:32:55.071,1
@raw/04_第四批_20260908_1053_多火点与余热点/02_激光打点与定位验证/01_事后打点候选/无人机01_1581F7K3C251800CYBVP/DJI_202609081117_006/DJI_20260908113147_0011_S.MP4,B4,uav-01,S,34.30,1.43,67.234,67.234,2015,2015,2026-09-08 11:32:55.108,2026-09-08 11:32:55.108,1
@raw/04_第四批_20260908_1053_多火点与余热点/02_激光打点与定位验证/01_事后打点候选/无人机01_1581F7K3C251800CYBVP/DJI_202609081117_006/DJI_20260908113147_0011_S.MP4,B4,uav-01,S,34.50,1.44,67.267,67.267,2016,2016,2026-09-08 11:32:55.142,2026-09-08 11:32:55.142,1
@raw/04_第四批_20260908_1053_多火点与余热点/02_激光打点与定位验证/01_事后打点候选/无人机01_1581F7K3C251800CYBVP/DJI_202609081117_006/DJI_20260908113147_0011_S.MP4,B4,uav-01,S,34.70,1.45,67.301,67.301,2017,2017,2026-09-08 11:32:55.172,2026-09-08 11:32:55.172,1
@raw/04_第四批_20260908_1053_多火点与余热点/02_激光打点与定位验证/01_事后打点候选/无人机01_1581F7K3C251800CYBVP/DJI_202609081117_006/DJI_20260908113147_0011_S.MP4,B4,uav-01,S,34.90,1.46,67.334,67.334,2018,2018,2026-09-08 11:32:55.206,2026-09-08 11:32:55.206,1
@raw/04_第四批_20260908_1053_多火点与余热点/02_激光打点与定位验证/01_事后打点候选/无人机01_1581F7K3C251800CYBVP/DJI_202609081117_006/DJI_20260908113147_0011_S.MP4,B4,uav-01,S,35.20,1.47,67.367,67.367,2019,2019,2026-09-08 11:32:55.242,2026-09-08 11:32:55.242,1
@raw/04_第四批_20260908_1053_多火点与余热点/02_激光打点与定位验证/01_事后打点候选/无人机01_1581F7K3C251800CYBVP/DJI_202609081117_006/DJI_20260908113147_0011_S.MP4,B4,uav-01,S,35.40,1.47,67.401,67.401,2020,2020,2026-09-08 11:32:55.273,2026-09-08 11:32:55.273,1
@raw/04_第四批_20260908_1053_多火点与余热点/02_激光打点与定位验证/01_事后打点候选/无人机01_1581F7K3C251800CYBVP/DJI_202609081117_006/DJI_20260908113147_0011_S.MP4,B4,uav-01,S,35.60,1.48,67.434,67.434,2021,2021,2026-09-08 11:32:55.307,2026-09-08 11:32:55.307,1
@raw/04_第四批_20260908_1053_多火点与余热点/02_激光打点与定位验证/01_事后打点候选/无人机01_1581F7K3C251800CYBVP/DJI_202609081117_006/DJI_20260908113147_0011_S.MP4,B4,uav-01,S,35.90,1.49,67.467,67.467,2022,2022,2026-09-08 11:32:55.336,2026-09-08 11:32:55.336,1
@raw/04_第四批_20260908_1053_多火点与余热点/02_激光打点与定位验证/01_事后打点候选/无人机01_1581F7K3C251800CYBVP/DJI_202609081117_006/DJI_20260908113147_0011_S.MP4,B4,uav-01,S,36.10,1.50,67.501,67.501,2023,2023,2026-09-08 11:32:55.374,2026-09-08 11:32:55.374,1
@raw/04_第四批_20260908_1053_多火点与余热点/02_激光打点与定位验证/01_事后打点候选/无人机01_1581F7K3C251800CYBVP/DJI_202609081117_006/DJI_20260908113147_0011_S.MP4,B4,uav-01,S,36.30,1.51,67.534,67.534,2024,2024,2026-09-08 11:32:55.408,2026-09-08 11:32:55.408,1
@raw/04_第四批_20260908_1053_多火点与余热点/02_激光打点与定位验证/01_事后打点候选/无人机01_1581F7K3C251800CYBVP/DJI_202609081117_006/DJI_20260908113147_0011_S.MP4,B4,uav-01,S,36.60,1.52,67.568,67.568,2025,2025,2026-09-08 11:32:55.439,2026-09-08 11:32:55.439,1
@raw/04_第四批_20260908_1053_多火点与余热点/02_激光打点与定位验证/01_事后打点候选/无人机01_1581F7K3C251800CYBVP/DJI_202609081117_006/DJI_20260908113147_0011_S.MP4,B4,uav-01,S,36.80,1.53,67.601,67.601,2026,2026,2026-09-08 11:32:55.472,2026-09-08 11:32:55.472,1
@raw/04_第四批_20260908_1053_多火点与余热点/02_激光打点与定位验证/01_事后打点候选/无人机01_1581F7K3C251800CYBVP/DJI_202609081117_006/DJI_20260908113147_0011_S.MP4,B4,uav-01,S,37.00,1.54,67.634,67.634,2027,2027,2026-09-08 11:32:55.507,2026-09-08 11:32:55.507,1
@raw/04_第四批_20260908_1053_多火点与余热点/02_激光打点与定位验证/01_事后打点候选/无人机01_1581F7K3C251800CYBVP/DJI_202609081117_006/DJI_20260908113147_0011_S.MP4,B4,uav-01,S,37.30,1.55,67.668,67.668,2028,2028,2026-09-08 11:32:55.541,2026-09-08 11:32:55.541,1
@raw/04_第四批_20260908_1053_多火点与余热点/02_激光打点与定位验证/01_事后打点候选/无人机01_1581F7K3C251800CYBVP/DJI_202609081117_006/DJI_20260908113147_0011_S.MP4,B4,uav-01,S,37.50,1.56,67.701,67.701,2029,2029,2026-09-08 11:32:55.571,2026-09-08 11:32:55.571,1
@raw/04_第四批_20260908_1053_多火点与余热点/02_激光打点与定位验证/01_事后打点候选/无人机01_1581F7K3C251800CYBVP/DJI_202609081117_006/DJI_20260908113147_0011_S.MP4,B4,uav-01,S,37.80,1.57,67.734,67.734,2030,2030,2026-09-08 11:32:55.609,2026-09-08 11:32:55.609,1
@raw/04_第四批_20260908_1053_多火点与余热点/02_激光打点与定位验证/01_事后打点候选/无人机01_1581F7K3C251800CYBVP/DJI_202609081117_006/DJI_20260908113147_0011_S.MP4,B4,uav-01,S,38.00,1.58,67.768,67.768,2031,2031,2026-09-08 11:32:55.640,2026-09-08 11:32:55.640,1
@raw/04_第四批_20260908_1053_多火点与余热点/02_激光打点与定位验证/01_事后打点候选/无人机01_1581F7K3C251800CYBVP/DJI_202609081117_006/DJI_20260908113147_0011_S.MP4,B4,uav-01,S,38.20,1.59,67.801,67.801,2032,2032,2026-09-08 11:32:55.672,2026-09-08 11:32:55.672,1
@raw/04_第四批_20260908_1053_多火点与余热点/02_激光打点与定位验证/01_事后打点候选/无人机01_1581F7K3C251800CYBVP/DJI_202609081117_006/DJI_20260908113147_0011_S.MP4,B4,uav-01,S,38.50,1.60,67.834,67.834,2033,2033,2026-09-08 11:32:55.707,2026-09-08 11:32:55.707,1
@raw/04_第四批_20260908_1053_多火点与余热点/02_激光打点与定位验证/01_事后打点候选/无人机01_1581F7K3C251800CYBVP/DJI_202609081117_006/DJI_20260908113147_0011_S.MP4,B4,uav-01,S,38.70,1.61,67.868,67.868,2034,2034,2026-09-08 11:32:55.743,2026-09-08 11:32:55.743,1
@raw/04_第四批_20260908_1053_多火点与余热点/02_激光打点与定位验证/01_事后打点候选/无人机01_1581F7K3C251800CYBVP/DJI_202609081117_006/DJI_20260908113147_0011_S.MP4,B4,uav-01,S,39.00,1.62,67.901,67.901,2035,2035,2026-09-08 11:32:55.770,2026-09-08 11:32:55.770,1
@raw/04_第四批_20260908_1053_多火点与余热点/02_激光打点与定位验证/01_事后打点候选/无人机01_1581F7K3C251800CYBVP/DJI_202609081117_006/DJI_20260908113147_0011_S.MP4,B4,uav-01,S,39.20,1.64,67.935,67.935,2036,2036,2026-09-08 11:32:55.808,2026-09-08 11:32:55.808,1
@raw/04_第四批_20260908_1053_多火点与余热点/02_激光打点与定位验证/01_事后打点候选/无人机01_1581F7K3C251800CYBVP/DJI_202609081117_006/DJI_20260908113147_0011_S.MP4,B4,uav-01,S,39.50,1.65,67.968,67.968,2037,2037,2026-09-08 11:32:55.837,2026-09-08 11:32:55.837,1
@raw/04_第四批_20260908_1053_多火点与余热点/02_激光打点与定位验证/01_事后打点候选/无人机01_1581F7K3C251800CYBVP/DJI_202609081117_006/DJI_20260908113147_0011_S.MP4,B4,uav-01,S,39.80,1.66,68.001,68.001,2038,2038,2026-09-08 11:32:55.873,2026-09-08 11:32:55.873,1
@raw/04_第四批_20260908_1053_多火点与余热点/02_激光打点与定位验证/01_事后打点候选/无人机01_1581F7K3C251800CYBVP/DJI_202609081117_006/DJI_20260908113147_0011_S.MP4,B4,uav-01,S,40.00,1.67,68.035,68.035,2039,2039,2026-09-08 11:32:55.904,2026-09-08 11:32:55.904,1
@raw/04_第四批_20260908_1053_多火点与余热点/02_激光打点与定位验证/01_事后打点候选/无人机01_1581F7K3C251800CYBVP/DJI_202609081117_006/DJI_20260908113147_0011_S.MP4,B4,uav-01,S,40.30,1.68,68.068,68.068,2040,2040,2026-09-08 11:32:55.941,2026-09-08 11:32:55.941,1
@raw/04_第四批_20260908_1053_多火点与余热点/02_激光打点与定位验证/01_事后打点候选/无人机01_1581F7K3C251800CYBVP/DJI_202609081117_006/DJI_20260908113147_0011_S.MP4,B4,uav-01,S,40.50,1.69,68.101,68.101,2041,2041,2026-09-08 11:32:55.973,2026-09-08 11:32:55.973,1
@raw/04_第四批_20260908_1053_多火点与余热点/02_激光打点与定位验证/01_事后打点候选/无人机01_1581F7K3C251800CYBVP/DJI_202609081117_006/DJI_20260908113147_0011_S.MP4,B4,uav-01,S,40.80,1.70,68.135,68.135,2042,2042,2026-09-08 11:32:56.006,2026-09-08 11:32:56.006,1
@raw/04_第四批_20260908_1053_多火点与余热点/02_激光打点与定位验证/01_事后打点候选/无人机01_1581F7K3C251800CYBVP/DJI_202609081117_006/DJI_20260908113147_0011_S.MP4,B4,uav-01,S,41.10,1.71,68.168,68.168,2043,2043,2026-09-08 11:32:56.037,2026-09-08 11:32:56.037,1
@raw/04_第四批_20260908_1053_多火点与余热点/02_激光打点与定位验证/01_事后打点候选/无人机01_1581F7K3C251800CYBVP/DJI_202609081117_006/DJI_20260908113147_0011_S.MP4,B4,uav-01,S,41.30,1.72,68.201,68.201,2044,2044,2026-09-08 11:32:56.074,2026-09-08 11:32:56.074,1
@raw/04_第四批_20260908_1053_多火点与余热点/02_激光打点与定位验证/01_事后打点候选/无人机01_1581F7K3C251800CYBVP/DJI_202609081117_006/DJI_20260908113147_0011_S.MP4,B4,uav-01,S,41.60,1.73,68.235,68.235,2045,2045,2026-09-08 11:32:56.104,2026-09-08 11:32:56.104,1
@raw/04_第四批_20260908_1053_多火点与余热点/02_激光打点与定位验证/01_事后打点候选/无人机01_1581F7K3C251800CYBVP/DJI_202609081117_006/DJI_20260908113147_0011_S.MP4,B4,uav-01,S,41.90,1.74,68.268,68.268,2046,2046,2026-09-08 11:32:56.141,2026-09-08 11:32:56.141,1
@raw/04_第四批_20260908_1053_多火点与余热点/02_激光打点与定位验证/01_事后打点候选/无人机01_1581F7K3C251800CYBVP/DJI_202609081117_006/DJI_20260908113147_0011_S.MP4,B4,uav-01,S,42.10,1.76,68.302,68.302,2047,2047,2026-09-08 11:32:56.174,2026-09-08 11:32:56.174,1
@raw/04_第四批_20260908_1053_多火点与余热点/02_激光打点与定位验证/01_事后打点候选/无人机01_1581F7K3C251800CYBVP/DJI_202609081117_006/DJI_20260908113147_0011_S.MP4,B4,uav-01,S,42.40,1.77,68.335,68.335,2048,2048,2026-09-08 11:32:56.209,2026-09-08 11:32:56.209,1
@raw/04_第四批_20260908_1053_多火点与余热点/02_激光打点与定位验证/01_事后打点候选/无人机01_1581F7K3C251800CYBVP/DJI_202609081117_006/DJI_20260908113147_0011_S.MP4,B4,uav-01,S,42.70,1.78,68.368,68.368,2049,2049,2026-09-08 11:32:56.243,2026-09-08 11:32:56.243,1
@raw/04_第四批_20260908_1053_多火点与余热点/02_激光打点与定位验证/01_事后打点候选/无人机01_1581F7K3C251800CYBVP/DJI_202609081117_006/DJI_20260908113147_0011_S.MP4,B4,uav-01,S,43.00,1.79,68.402,68.402,2050,2050,2026-09-08 11:32:56.276,2026-09-08 11:32:56.276,1
@raw/04_第四批_20260908_1053_多火点与余热点/02_激光打点与定位验证/01_事后打点候选/无人机01_1581F7K3C251800CYBVP/DJI_202609081117_006/DJI_20260908113147_0011_S.MP4,B4,uav-01,S,43.20,1.80,68.435,68.435,2051,2051,2026-09-08 11:32:56.307,2026-09-08 11:32:56.307,1
@raw/04_第四批_20260908_1053_多火点与余热点/02_激光打点与定位验证/01_事后打点候选/无人机01_1581F7K3C251800CYBVP/DJI_202609081117_006/DJI_20260908113147_0011_S.MP4,B4,uav-01,S,43.50,1.81,68.468,68.468,2052,2052,2026-09-08 11:32:56.341,2026-09-08 11:32:56.341,1
@raw/04_第四批_20260908_1053_多火点与余热点/02_激光打点与定位验证/01_事后打点候选/无人机01_1581F7K3C251800CYBVP/DJI_202609081117_006/DJI_20260908113147_0011_S.MP4,B4,uav-01,S,43.80,1.82,68.502,68.502,2053,2053,2026-09-08 11:32:56.370,2026-09-08 11:32:56.370,1
@raw/04_第四批_20260908_1053_多火点与余热点/02_激光打点与定位验证/01_事后打点候选/无人机01_1581F7K3C251800CYBVP/DJI_202609081117_006/DJI_20260908113147_0011_S.MP4,B4,uav-01,S,44.10,1.84,68.535,68.535,2054,2054,2026-09-08 11:32:56.407,2026-09-08 11:32:56.407,1
@raw/04_第四批_20260908_1053_多火点与余热点/02_激光打点与定位验证/01_事后打点候选/无人机01_1581F7K3C251800CYBVP/DJI_202609081117_006/DJI_20260908113147_0011_S.MP4,B4,uav-01,S,44.40,1.85,68.569,68.569,2055,2055,2026-09-08 11:32:56.437,2026-09-08 11:32:56.437,1
@raw/04_第四批_20260908_1053_多火点与余热点/02_激光打点与定位验证/01_事后打点候选/无人机01_1581F7K3C251800CYBVP/DJI_202609081117_006/DJI_20260908113147_0011_S.MP4,B4,uav-01,S,44.70,1.86,68.602,68.602,2056,2056,2026-09-08 11:32:56.475,2026-09-08 11:32:56.475,1
@raw/04_第四批_20260908_1053_多火点与余热点/02_激光打点与定位验证/01_事后打点候选/无人机01_1581F7K3C251800CYBVP/DJI_202609081117_006/DJI_20260908113147_0011_S.MP4,B4,uav-01,S,44.90,1.87,68.635,68.635,2057,2057,2026-09-08 11:32:56.508,2026-09-08 11:32:56.508,1
@raw/04_第四批_20260908_1053_多火点与余热点/02_激光打点与定位验证/01_事后打点候选/无人机01_1581F7K3C251800CYBVP/DJI_202609081117_006/DJI_20260908113147_0011_S.MP4,B4,uav-01,S,45.20,1.88,68.669,68.669,2058,2058,2026-09-08 11:32:56.542,2026-09-08 11:32:56.542,1
@raw/04_第四批_20260908_1053_多火点与余热点/02_激光打点与定位验证/01_事后打点候选/无人机01_1581F7K3C251800CYBVP/DJI_202609081117_006/DJI_20260908113147_0011_S.MP4,B4,uav-01,S,45.50,1.90,68.702,68.702,2059,2059,2026-09-08 11:32:56.571,2026-09-08 11:32:56.571,1
@raw/04_第四批_20260908_1053_多火点与余热点/02_激光打点与定位验证/01_事后打点候选/无人机01_1581F7K3C251800CYBVP/DJI_202609081117_006/DJI_20260908113147_0011_S.MP4,B4,uav-01,S,45.80,1.91,68.735,68.735,2060,2060,2026-09-08 11:32:56.610,2026-09-08 11:32:56.610,1
@raw/04_第四批_20260908_1053_多火点与余热点/02_激光打点与定位验证/01_事后打点候选/无人机01_1581F7K3C251800CYBVP/DJI_202609081117_006/DJI_20260908113147_0011_S.MP4,B4,uav-01,S,46.10,1.92,68.769,68.769,2061,2061,2026-09-08 11:32:56.638,2026-09-08 11:32:56.638,1
@raw/04_第四批_20260908_1053_多火点与余热点/02_激光打点与定位验证/01_事后打点候选/无人机01_1581F7K3C251800CYBVP/DJI_202609081117_006/DJI_20260908113147_0011_S.MP4,B4,uav-01,S,46.40,1.93,68.802,68.802,2062,2062,2026-09-08 11:32:56.678,2026-09-08 11:32:56.678,1
@raw/04_第四批_20260908_1053_多火点与余热点/02_激光打点与定位验证/01_事后打点候选/无人机01_1581F7K3C251800CYBVP/DJI_202609081117_006/DJI_20260908113147_0011_S.MP4,B4,uav-01,S,46.70,1.95,68.835,68.835,2063,2063,2026-09-08 11:32:56.706,2026-09-08 11:32:56.706,1
@raw/04_第四批_20260908_1053_多火点与余热点/02_激光打点与定位验证/01_事后打点候选/无人机01_1581F7K3C251800CYBVP/DJI_202609081117_006/DJI_20260908113147_0011_S.MP4,B4,uav-01,S,47.00,1.96,68.869,68.869,2064,2064,2026-09-08 11:32:56.740,2026-09-08 11:32:56.740,1
@raw/04_第四批_20260908_1053_多火点与余热点/02_激光打点与定位验证/01_事后打点候选/无人机01_1581F7K3C251800CYBVP/DJI_202609081117_006/DJI_20260908113147_0011_S.MP4,B4,uav-01,S,47.30,1.97,68.902,68.902,2065,2065,2026-09-08 11:32:56.775,2026-09-08 11:32:56.775,1
@raw/04_第四批_20260908_1053_多火点与余热点/02_激光打点与定位验证/01_事后打点候选/无人机01_1581F7K3C251800CYBVP/DJI_202609081117_006/DJI_20260908113147_0011_S.MP4,B4,uav-01,S,47.60,1.98,68.936,68.936,2066,2066,2026-09-08 11:32:56.810,2026-09-08 11:32:56.810,1
@raw/04_第四批_20260908_1053_多火点与余热点/02_激光打点与定位验证/01_事后打点候选/无人机01_1581F7K3C251800CYBVP/DJI_202609081117_006/DJI_20260908113147_0011_S.MP4,B4,uav-01,S,47.90,2.00,68.969,68.969,2067,2067,2026-09-08 11:32:56.841,2026-09-08 11:32:56.841,1
@raw/04_第四批_20260908_1053_多火点与余热点/02_激光打点与定位验证/01_事后打点候选/无人机01_1581F7K3C251800CYBVP/DJI_202609081117_006/DJI_20260908113147_0011_S.MP4,B4,uav-01,S,48.20,2.01,69.002,69.002,2068,2068,2026-09-08 11:32:56.875,2026-09-08 11:32:56.875,1
@raw/04_第四批_20260908_1053_多火点与余热点/02_激光打点与定位验证/01_事后打点候选/无人机01_1581F7K3C251800CYBVP/DJI_202609081117_006/DJI_20260908113147_0011_S.MP4,B4,uav-01,S,48.60,2.02,69.036,69.036,2069,2069,2026-09-08 11:32:56.905,2026-09-08 11:32:56.905,1
@raw/04_第四批_20260908_1053_多火点与余热点/02_激光打点与定位验证/01_事后打点候选/无人机01_1581F7K3C251800CYBVP/DJI_202609081117_006/DJI_20260908113147_0011_S.MP4,B4,uav-01,S,48.90,2.04,69.069,69.069,2070,2070,2026-09-08 11:32:56.941,2026-09-08 11:32:56.941,1
@raw/04_第四批_20260908_1053_多火点与余热点/02_激光打点与定位验证/01_事后打点候选/无人机01_1581F7K3C251800CYBVP/DJI_202609081117_006/DJI_20260908113147_0011_S.MP4,B4,uav-01,S,49.20,2.05,69.102,69.102,2071,2071,2026-09-08 11:32:56.975,2026-09-08 11:32:56.975,1
@raw/04_第四批_20260908_1053_多火点与余热点/02_激光打点与定位验证/01_事后打点候选/无人机01_1581F7K3C251800CYBVP/DJI_202609081117_006/DJI_20260908113147_0011_S.MP4,B4,uav-01,S,49.50,2.06,69.136,69.136,2072,2072,2026-09-08 11:32:57.010,2026-09-08 11:32:57.010,1
@raw/04_第四批_20260908_1053_多火点与余热点/02_激光打点与定位验证/01_事后打点候选/无人机01_1581F7K3C251800CYBVP/DJI_202609081117_006/DJI_20260908113147_0011_S.MP4,B4,uav-01,S,49.80,2.08,69.169,69.169,2073,2073,2026-09-08 11:32:57.043,2026-09-08 11:32:57.043,1
@raw/04_第四批_20260908_1053_多火点与余热点/02_激光打点与定位验证/01_事后打点候选/无人机01_1581F7K3C251800CYBVP/DJI_202609081117_006/DJI_20260908113147_0011_S.MP4,B4,uav-01,S,50.20,2.09,69.202,69.202,2074,2074,2026-09-08 11:32:57.077,2026-09-08 11:32:57.077,1
@raw/04_第四批_20260908_1053_多火点与余热点/02_激光打点与定位验证/01_事后打点候选/无人机01_1581F7K3C251800CYBVP/DJI_202609081117_006/DJI_20260908113147_0011_S.MP4,B4,uav-01,S,50.50,2.10,69.236,69.236,2075,2075,2026-09-08 11:32:57.107,2026-09-08 11:32:57.107,1
@raw/04_第四批_20260908_1053_多火点与余热点/02_激光打点与定位验证/01_事后打点候选/无人机01_1581F7K3C251800CYBVP/DJI_202609081117_006/DJI_20260908113147_0011_S.MP4,B4,uav-01,S,50.60,2.11,69.269,69.536,2076,2084,2026-09-08 11:32:57.143,2026-09-08 11:32:57.409,9
@raw/04_第四批_20260908_1053_多火点与余热点/02_激光打点与定位验证/01_事后打点候选/无人机01_1581F7K3C251800CYBVP/DJI_202609081117_006/DJI_20260908113147_0011_S.MP4,B4,uav-01,S,50.30,2.09,69.57,69.57,2085,2085,2026-09-08 11:32:57.439,2026-09-08 11:32:57.439,1
@raw/04_第四批_20260908_1053_多火点与余热点/02_激光打点与定位验证/01_事后打点候选/无人机01_1581F7K3C251800CYBVP/DJI_202609081117_006/DJI_20260908113147_0011_S.MP4,B4,uav-01,S,50.00,2.08,69.603,69.603,2086,2086,2026-09-08 11:32:57.478,2026-09-08 11:32:57.478,1
@raw/04_第四批_20260908_1053_多火点与余热点/02_激光打点与定位验证/01_事后打点候选/无人机01_1581F7K3C251800CYBVP/DJI_202609081117_006/DJI_20260908113147_0011_S.MP4,B4,uav-01,S,49.60,2.07,69.636,69.636,2087,2087,2026-09-08 11:32:57.505,2026-09-08 11:32:57.505,1
@raw/04_第四批_20260908_1053_多火点与余热点/02_激光打点与定位验证/01_事后打点候选/无人机01_1581F7K3C251800CYBVP/DJI_202609081117_006/DJI_20260908113147_0011_S.MP4,B4,uav-01,S,49.30,2.05,69.67,69.67,2088,2088,2026-09-08 11:32:57.538,2026-09-08 11:32:57.538,1
@raw/04_第四批_20260908_1053_多火点与余热点/02_激光打点与定位验证/01_事后打点候选/无人机01_1581F7K3C251800CYBVP/DJI_202609081117_006/DJI_20260908113147_0011_S.MP4,B4,uav-01,S,49.00,2.04,69.703,69.703,2089,2089,2026-09-08 11:32:57.575,2026-09-08 11:32:57.575,1
@raw/04_第四批_20260908_1053_多火点与余热点/02_激光打点与定位验证/01_事后打点候选/无人机01_1581F7K3C251800CYBVP/DJI_202609081117_006/DJI_20260908113147_0011_S.MP4,B4,uav-01,S,48.70,2.03,69.736,69.736,2090,2090,2026-09-08 11:32:57.610,2026-09-08 11:32:57.610,1
@raw/04_第四批_20260908_1053_多火点与余热点/02_激光打点与定位验证/01_事后打点候选/无人机01_1581F7K3C251800CYBVP/DJI_202609081117_006/DJI_20260908113147_0011_S.MP4,B4,uav-01,S,48.40,2.02,69.77,69.77,2091,2091,2026-09-08 11:32:57.639,2026-09-08 11:32:57.639,1
@raw/04_第四批_20260908_1053_多火点与余热点/02_激光打点与定位验证/01_事后打点候选/无人机01_1581F7K3C251800CYBVP/DJI_202609081117_006/DJI_20260908113147_0011_S.MP4,B4,uav-01,S,48.10,2.00,69.803,69.803,2092,2092,2026-09-08 11:32:57.675,2026-09-08 11:32:57.675,1
@raw/04_第四批_20260908_1053_多火点与余热点/02_激光打点与定位验证/01_事后打点候选/无人机01_1581F7K3C251800CYBVP/DJI_202609081117_006/DJI_20260908113147_0011_S.MP4,B4,uav-01,S,47.70,1.99,69.836,69.836,2093,2093,2026-09-08 11:32:57.711,2026-09-08 11:32:57.711,1
@raw/04_第四批_20260908_1053_多火点与余热点/02_激光打点与定位验证/01_事后打点候选/无人机01_1581F7K3C251800CYBVP/DJI_202609081117_006/DJI_20260908113147_0011_S.MP4,B4,uav-01,S,47.40,1.98,69.87,69.87,2094,2094,2026-09-08 11:32:57.745,2026-09-08 11:32:57.745,1
@raw/04_第四批_20260908_1053_多火点与余热点/02_激光打点与定位验证/01_事后打点候选/无人机01_1581F7K3C251800CYBVP/DJI_202609081117_006/DJI_20260908113147_0011_S.MP4,B4,uav-01,S,47.10,1.96,69.903,69.903,2095,2095,2026-09-08 11:32:57.772,2026-09-08 11:32:57.772,1
@raw/04_第四批_20260908_1053_多火点与余热点/02_激光打点与定位验证/01_事后打点候选/无人机01_1581F7K3C251800CYBVP/DJI_202609081117_006/DJI_20260908113147_0011_S.MP4,B4,uav-01,S,46.80,1.95,69.937,69.937,2096,2096,2026-09-08 11:32:57.809,2026-09-08 11:32:57.809,1
@raw/04_第四批_20260908_1053_多火点与余热点/02_激光打点与定位验证/01_事后打点候选/无人机01_1581F7K3C251800CYBVP/DJI_202609081117_006/DJI_20260908113147_0011_S.MP4,B4,uav-01,S,46.50,1.94,69.97,69.97,2097,2097,2026-09-08 11:32:57.843,2026-09-08 11:32:57.843,1
@raw/04_第四批_20260908_1053_多火点与余热点/02_激光打点与定位验证/01_事后打点候选/无人机01_1581F7K3C251800CYBVP/DJI_202609081117_006/DJI_20260908113147_0011_S.MP4,B4,uav-01,S,46.20,1.93,70.003,70.003,2098,2098,2026-09-08 11:32:57.877,2026-09-08 11:32:57.877,1
@raw/04_第四批_20260908_1053_多火点与余热点/02_激光打点与定位验证/01_事后打点候选/无人机01_1581F7K3C251800CYBVP/DJI_202609081117_006/DJI_20260908113147_0011_S.MP4,B4,uav-01,S,45.90,1.91,70.037,70.037,2099,2099,2026-09-08 11:32:57.905,2026-09-08 11:32:57.905,1
@raw/04_第四批_20260908_1053_多火点与余热点/02_激光打点与定位验证/01_事后打点候选/无人机01_1581F7K3C251800CYBVP/DJI_202609081117_006/DJI_20260908113147_0011_S.MP4,B4,uav-01,S,45.60,1.90,70.07,70.07,2100,2100,2026-09-08 11:32:57.942,2026-09-08 11:32:57.942,1
@raw/04_第四批_20260908_1053_多火点与余热点/02_激光打点与定位验证/01_事后打点候选/无人机01_1581F7K3C251800CYBVP/DJI_202609081117_006/DJI_20260908113147_0011_S.MP4,B4,uav-01,S,45.30,1.89,70.103,70.103,2101,2101,2026-09-08 11:32:57.972,2026-09-08 11:32:57.972,1
@raw/04_第四批_20260908_1053_多火点与余热点/02_激光打点与定位验证/01_事后打点候选/无人机01_1581F7K3C251800CYBVP/DJI_202609081117_006/DJI_20260908113147_0011_S.MP4,B4,uav-01,S,45.10,1.88,70.137,70.137,2102,2102,2026-09-08 11:32:58.007,2026-09-08 11:32:58.007,1
@raw/04_第四批_20260908_1053_多火点与余热点/02_激光打点与定位验证/01_事后打点候选/无人机01_1581F7K3C251800CYBVP/DJI_202609081117_006/DJI_20260908113147_0011_S.MP4,B4,uav-01,S,44.80,1.87,70.17,70.17,2103,2103,2026-09-08 11:32:58.043,2026-09-08 11:32:58.043,1
@raw/04_第四批_20260908_1053_多火点与余热点/02_激光打点与定位验证/01_事后打点候选/无人机01_1581F7K3C251800CYBVP/DJI_202609081117_006/DJI_20260908113147_0011_S.MP4,B4,uav-01,S,44.50,1.85,70.203,70.203,2104,2104,2026-09-08 11:32:58.073,2026-09-08 11:32:58.073,1
@raw/04_第四批_20260908_1053_多火点与余热点/02_激光打点与定位验证/01_事后打点候选/无人机01_1581F7K3C251800CYBVP/DJI_202609081117_006/DJI_20260908113147_0011_S.MP4,B4,uav-01,S,44.20,1.84,70.237,70.237,2105,2105,2026-09-08 11:32:58.109,2026-09-08 11:32:58.109,1
@raw/04_第四批_20260908_1053_多火点与余热点/02_激光打点与定位验证/01_事后打点候选/无人机01_1581F7K3C251800CYBVP/DJI_202609081117_006/DJI_20260908113147_0011_S.MP4,B4,uav-01,S,43.90,1.83,70.27,70.27,2106,2106,2026-09-08 11:32:58.142,2026-09-08 11:32:58.142,1
@raw/04_第四批_20260908_1053_多火点与余热点/02_激光打点与定位验证/01_事后打点候选/无人机01_1581F7K3C251800CYBVP/DJI_202609081117_006/DJI_20260908113147_0011_S.MP4,B4,uav-01,S,43.60,1.82,70.304,84.751,2107,2540,2026-09-08 11:32:58.172,2026-09-08 11:33:12.626,434
@raw/04_第四批_20260908_1053_多火点与余热点/02_激光打点与定位验证/01_事后打点候选/无人机01_1581F7K3C251800CYBVP/DJI_202609081117_006/DJI_20260908113147_0011_S.MP4,B4,uav-01,S,43.90,1.83,84.785,84.785,2541,2541,2026-09-08 11:33:12.656,2026-09-08 11:33:12.656,1
@raw/04_第四批_20260908_1053_多火点与余热点/02_激光打点与定位验证/01_事后打点候选/无人机01_1581F7K3C251800CYBVP/DJI_202609081117_006/DJI_20260908113147_0011_S.MP4,B4,uav-01,S,44.20,1.84,84.818,84.818,2542,2542,2026-09-08 11:33:12.691,2026-09-08 11:33:12.691,1
@raw/04_第四批_20260908_1053_多火点与余热点/02_激光打点与定位验证/01_事后打点候选/无人机01_1581F7K3C251800CYBVP/DJI_202609081117_006/DJI_20260908113147_0011_S.MP4,B4,uav-01,S,44.50,1.85,84.851,84.851,2543,2543,2026-09-08 11:33:12.726,2026-09-08 11:33:12.726,1
@raw/04_第四批_20260908_1053_多火点与余热点/02_激光打点与定位验证/01_事后打点候选/无人机01_1581F7K3C251800CYBVP/DJI_202609081117_006/DJI_20260908113147_0011_S.MP4,B4,uav-01,S,44.70,1.86,84.885,84.885,2544,2544,2026-09-08 11:33:12.759,2026-09-08 11:33:12.759,1
@raw/04_第四批_20260908_1053_多火点与余热点/02_激光打点与定位验证/01_事后打点候选/无人机01_1581F7K3C251800CYBVP/DJI_202609081117_006/DJI_20260908113147_0011_S.MP4,B4,uav-01,S,45.00,1.88,84.918,84.918,2545,2545,2026-09-08 11:33:12.789,2026-09-08 11:33:12.789,1
@raw/04_第四批_20260908_1053_多火点与余热点/02_激光打点与定位验证/01_事后打点候选/无人机01_1581F7K3C251800CYBVP/DJI_202609081117_006/DJI_20260908113147_0011_S.MP4,B4,uav-01,S,45.30,1.89,84.952,84.952,2546,2546,2026-09-08 11:33:12.825,2026-09-08 11:33:12.825,1
@raw/04_第四批_20260908_1053_多火点与余热点/02_激光打点与定位验证/01_事后打点候选/无人机01_1581F7K3C251800CYBVP/DJI_202609081117_006/DJI_20260908113147_0011_S.MP4,B4,uav-01,S,45.60,1.90,84.985,84.985,2547,2547,2026-09-08 11:33:12.859,2026-09-08 11:33:12.859,1
@raw/04_第四批_20260908_1053_多火点与余热点/02_激光打点与定位验证/01_事后打点候选/无人机01_1581F7K3C251800CYBVP/DJI_202609081117_006/DJI_20260908113147_0011_S.MP4,B4,uav-01,S,45.90,1.91,85.018,85.018,2548,2548,2026-09-08 11:33:12.893,2026-09-08 11:33:12.893,1
@raw/04_第四批_20260908_1053_多火点与余热点/02_激光打点与定位验证/01_事后打点候选/无人机01_1581F7K3C251800CYBVP/DJI_202609081117_006/DJI_20260908113147_0011_S.MP4,B4,uav-01,S,46.20,1.93,85.052,85.052,2549,2549,2026-09-08 11:33:12.925,2026-09-08 11:33:12.925,1
@raw/04_第四批_20260908_1053_多火点与余热点/02_激光打点与定位验证/01_事后打点候选/无人机01_1581F7K3C251800CYBVP/DJI_202609081117_006/DJI_20260908113147_0011_S.MP4,B4,uav-01,S,46.50,1.94,85.085,85.085,2550,2550,2026-09-08 11:33:12.957,2026-09-08 11:33:12.957,1
@raw/04_第四批_20260908_1053_多火点与余热点/02_激光打点与定位验证/01_事后打点候选/无人机01_1581F7K3C251800CYBVP/DJI_202609081117_006/DJI_20260908113147_0011_S.MP4,B4,uav-01,S,46.80,1.95,85.118,85.118,2551,2551,2026-09-08 11:33:12.993,2026-09-08 11:33:12.993,1
@raw/04_第四批_20260908_1053_多火点与余热点/02_激光打点与定位验证/01_事后打点候选/无人机01_1581F7K3C251800CYBVP/DJI_202609081117_006/DJI_20260908113147_0011_S.MP4,B4,uav-01,S,47.10,1.96,85.152,85.152,2552,2552,2026-09-08 11:33:13.026,2026-09-08 11:33:13.026,1
@raw/04_第四批_20260908_1053_多火点与余热点/02_激光打点与定位验证/01_事后打点候选/无人机01_1581F7K3C251800CYBVP/DJI_202609081117_006/DJI_20260908113147_0011_S.MP4,B4,uav-01,S,47.40,1.98,85.185,85.185,2553,2553,2026-09-08 11:33:13.059,2026-09-08 11:33:13.059,1
@raw/04_第四批_20260908_1053_多火点与余热点/02_激光打点与定位验证/01_事后打点候选/无人机01_1581F7K3C251800CYBVP/DJI_202609081117_006/DJI_20260908113147_0011_S.MP4,B4,uav-01,S,47.70,1.99,85.218,85.218,2554,2554,2026-09-08 11:33:13.094,2026-09-08 11:33:13.094,1
@raw/04_第四批_20260908_1053_多火点与余热点/02_激光打点与定位验证/01_事后打点候选/无人机01_1581F7K3C251800CYBVP/DJI_202609081117_006/DJI_20260908113147_0011_S.MP4,B4,uav-01,S,48.00,2.00,85.252,85.252,2555,2555,2026-09-08 11:33:13.124,2026-09-08 11:33:13.124,1
@raw/04_第四批_20260908_1053_多火点与余热点/02_激光打点与定位验证/01_事后打点候选/无人机01_1581F7K3C251800CYBVP/DJI_202609081117_006/DJI_20260908113147_0011_S.MP4,B4,uav-01,S,48.30,2.01,85.285,85.285,2556,2556,2026-09-08 11:33:13.158,2026-09-08 11:33:13.158,1
@raw/04_第四批_20260908_1053_多火点与余热点/02_激光打点与定位验证/01_事后打点候选/无人机01_1581F7K3C251800CYBVP/DJI_202609081117_006/DJI_20260908113147_0011_S.MP4,B4,uav-01,S,48.70,2.03,85.319,85.319,2557,2557,2026-09-08 11:33:13.190,2026-09-08 11:33:13.190,1
@raw/04_第四批_20260908_1053_多火点与余热点/02_激光打点与定位验证/01_事后打点候选/无人机01_1581F7K3C251800CYBVP/DJI_202609081117_006/DJI_20260908113147_0011_S.MP4,B4,uav-01,S,49.00,2.04,85.352,85.352,2558,2558,2026-09-08 11:33:13.224,2026-09-08 11:33:13.224,1
@raw/04_第四批_20260908_1053_多火点与余热点/02_激光打点与定位验证/01_事后打点候选/无人机01_1581F7K3C251800CYBVP/DJI_202609081117_006/DJI_20260908113147_0011_S.MP4,B4,uav-01,S,49.30,2.05,85.385,85.385,2559,2559,2026-09-08 11:33:13.258,2026-09-08 11:33:13.258,1
@raw/04_第四批_20260908_1053_多火点与余热点/02_激光打点与定位验证/01_事后打点候选/无人机01_1581F7K3C251800CYBVP/DJI_202609081117_006/DJI_20260908113147_0011_S.MP4,B4,uav-01,S,49.60,2.07,85.419,85.419,2560,2560,2026-09-08 11:33:13.291,2026-09-08 11:33:13.291,1
@raw/04_第四批_20260908_1053_多火点与余热点/02_激光打点与定位验证/01_事后打点候选/无人机01_1581F7K3C251800CYBVP/DJI_202609081117_006/DJI_20260908113147_0011_S.MP4,B4,uav-01,S,49.90,2.08,85.452,85.452,2561,2561,2026-09-08 11:33:13.325,2026-09-08 11:33:13.325,1
@raw/04_第四批_20260908_1053_多火点与余热点/02_激光打点与定位验证/01_事后打点候选/无人机01_1581F7K3C251800CYBVP/DJI_202609081117_006/DJI_20260908113147_0011_S.MP4,B4,uav-01,S,50.30,2.09,85.485,85.485,2562,2562,2026-09-08 11:33:13.358,2026-09-08 11:33:13.358,1
@raw/04_第四批_20260908_1053_多火点与余热点/02_激光打点与定位验证/01_事后打点候选/无人机01_1581F7K3C251800CYBVP/DJI_202609081117_006/DJI_20260908113147_0011_S.MP4,B4,uav-01,S,50.60,2.11,85.519,85.519,2563,2563,2026-09-08 11:33:13.389,2026-09-08 11:33:13.389,1
@raw/04_第四批_20260908_1053_多火点与余热点/02_激光打点与定位验证/01_事后打点候选/无人机01_1581F7K3C251800CYBVP/DJI_202609081117_006/DJI_20260908113147_0011_S.MP4,B4,uav-01,S,50.90,2.12,85.552,85.552,2564,2564,2026-09-08 11:33:13.425,2026-09-08 11:33:13.425,1
@raw/04_第四批_20260908_1053_多火点与余热点/02_激光打点与定位验证/01_事后打点候选/无人机01_1581F7K3C251800CYBVP/DJI_202609081117_006/DJI_20260908113147_0011_S.MP4,B4,uav-01,S,51.20,2.13,85.586,85.586,2565,2565,2026-09-08 11:33:13.455,2026-09-08 11:33:13.455,1
@raw/04_第四批_20260908_1053_多火点与余热点/02_激光打点与定位验证/01_事后打点候选/无人机01_1581F7K3C251800CYBVP/DJI_202609081117_006/DJI_20260908113147_0011_S.MP4,B4,uav-01,S,51.60,2.15,85.619,85.619,2566,2566,2026-09-08 11:33:13.492,2026-09-08 11:33:13.492,1
@raw/04_第四批_20260908_1053_多火点与余热点/02_激光打点与定位验证/01_事后打点候选/无人机01_1581F7K3C251800CYBVP/DJI_202609081117_006/DJI_20260908113147_0011_S.MP4,B4,uav-01,S,51.90,2.16,85.652,85.652,2567,2567,2026-09-08 11:33:13.522,2026-09-08 11:33:13.522,1
@raw/04_第四批_20260908_1053_多火点与余热点/02_激光打点与定位验证/01_事后打点候选/无人机01_1581F7K3C251800CYBVP/DJI_202609081117_006/DJI_20260908113147_0011_S.MP4,B4,uav-01,S,52.20,2.18,85.686,85.686,2568,2568,2026-09-08 11:33:13.558,2026-09-08 11:33:13.558,1
@raw/04_第四批_20260908_1053_多火点与余热点/02_激光打点与定位验证/01_事后打点候选/无人机01_1581F7K3C251800CYBVP/DJI_202609081117_006/DJI_20260908113147_0011_S.MP4,B4,uav-01,S,52.60,2.19,85.719,85.719,2569,2569,2026-09-08 11:33:13.588,2026-09-08 11:33:13.588,1
@raw/04_第四批_20260908_1053_多火点与余热点/02_激光打点与定位验证/01_事后打点候选/无人机01_1581F7K3C251800CYBVP/DJI_202609081117_006/DJI_20260908113147_0011_S.MP4,B4,uav-01,S,52.90,2.20,85.752,85.752,2570,2570,2026-09-08 11:33:13.625,2026-09-08 11:33:13.625,1
@raw/04_第四批_20260908_1053_多火点与余热点/02_激光打点与定位验证/01_事后打点候选/无人机01_1581F7K3C251800CYBVP/DJI_202609081117_006/DJI_20260908113147_0011_S.MP4,B4,uav-01,S,53.30,2.22,85.786,85.786,2571,2571,2026-09-08 11:33:13.656,2026-09-08 11:33:13.656,1
@raw/04_第四批_20260908_1053_多火点与余热点/02_激光打点与定位验证/01_事后打点候选/无人机01_1581F7K3C251800CYBVP/DJI_202609081117_006/DJI_20260908113147_0011_S.MP4,B4,uav-01,S,53.60,2.23,85.819,85.819,2572,2572,2026-09-08 11:33:13.692,2026-09-08 11:33:13.692,1
@raw/04_第四批_20260908_1053_多火点与余热点/02_激光打点与定位验证/01_事后打点候选/无人机01_1581F7K3C251800CYBVP/DJI_202609081117_006/DJI_20260908113147_0011_S.MP4,B4,uav-01,S,53.90,2.25,85.852,85.852,2573,2573,2026-09-08 11:33:13.724,2026-09-08 11:33:13.724,1
@raw/04_第四批_20260908_1053_多火点与余热点/02_激光打点与定位验证/01_事后打点候选/无人机01_1581F7K3C251800CYBVP/DJI_202609081117_006/DJI_20260908113147_0011_S.MP4,B4,uav-01,S,54.30,2.26,85.886,85.886,2574,2574,2026-09-08 11:33:13.761,2026-09-08 11:33:13.761,1
@raw/04_第四批_20260908_1053_多火点与余热点/02_激光打点与定位验证/01_事后打点候选/无人机01_1581F7K3C251800CYBVP/DJI_202609081117_006/DJI_20260908113147_0011_S.MP4,B4,uav-01,S,54.60,2.28,85.919,85.919,2575,2575,2026-09-08 11:33:13.788,2026-09-08 11:33:13.788,1
@raw/04_第四批_20260908_1053_多火点与余热点/02_激光打点与定位验证/01_事后打点候选/无人机01_1581F7K3C251800CYBVP/DJI_202609081117_006/DJI_20260908113147_0011_S.MP4,B4,uav-01,S,55.00,2.29,85.953,85.953,2576,2576,2026-09-08 11:33:13.825,2026-09-08 11:33:13.825,1
@raw/04_第四批_20260908_1053_多火点与余热点/02_激光打点与定位验证/01_事后打点候选/无人机01_1581F7K3C251800CYBVP/DJI_202609081117_006/DJI_20260908113147_0011_S.MP4,B4,uav-01,S,55.10,2.30,85.986,86.553,2577,2594,2026-09-08 11:33:13.857,2026-09-08 11:33:14.426,18
@raw/04_第四批_20260908_1053_多火点与余热点/02_激光打点与定位验证/01_事后打点候选/无人机01_1581F7K3C251800CYBVP/DJI_202609081117_006/DJI_20260908113147_0011_S.MP4,B4,uav-01,S,54.70,2.28,86.587,86.587,2595,2595,2026-09-08 11:33:14.459,2026-09-08 11:33:14.459,1
@raw/04_第四批_20260908_1053_多火点与余热点/02_激光打点与定位验证/01_事后打点候选/无人机01_1581F7K3C251800CYBVP/DJI_202609081117_006/DJI_20260908113147_0011_S.MP4,B4,uav-01,S,54.40,2.27,86.62,86.62,2596,2596,2026-09-08 11:33:14.491,2026-09-08 11:33:14.491,1
@raw/04_第四批_20260908_1053_多火点与余热点/02_激光打点与定位验证/01_事后打点候选/无人机01_1581F7K3C251800CYBVP/DJI_202609081117_006/DJI_20260908113147_0011_S.MP4,B4,uav-01,S,54.00,2.25,86.653,86.653,2597,2597,2026-09-08 11:33:14.526,2026-09-08 11:33:14.526,1
@raw/04_第四批_20260908_1053_多火点与余热点/02_激光打点与定位验证/01_事后打点候选/无人机01_1581F7K3C251800CYBVP/DJI_202609081117_006/DJI_20260908113147_0011_S.MP4,B4,uav-01,S,53.70,2.24,86.687,86.687,2598,2598,2026-09-08 11:33:14.560,2026-09-08 11:33:14.560,1
@raw/04_第四批_20260908_1053_多火点与余热点/02_激光打点与定位验证/01_事后打点候选/无人机01_1581F7K3C251800CYBVP/DJI_202609081117_006/DJI_20260908113147_0011_S.MP4,B4,uav-01,S,53.40,2.22,86.72,86.72,2599,2599,2026-09-08 11:33:14.592,2026-09-08 11:33:14.592,1
@raw/04_第四批_20260908_1053_多火点与余热点/02_激光打点与定位验证/01_事后打点候选/无人机01_1581F7K3C251800CYBVP/DJI_202609081117_006/DJI_20260908113147_0011_S.MP4,B4,uav-01,S,53.00,2.21,86.753,86.753,2600,2600,2026-09-08 11:33:14.626,2026-09-08 11:33:14.626,1
@raw/04_第四批_20260908_1053_多火点与余热点/02_激光打点与定位验证/01_事后打点候选/无人机01_1581F7K3C251800CYBVP/DJI_202609081117_006/DJI_20260908113147_0011_S.MP4,B4,uav-01,S,52.70,2.19,86.787,86.787,2601,2601,2026-09-08 11:33:14.659,2026-09-08 11:33:14.659,1
@raw/04_第四批_20260908_1053_多火点与余热点/02_激光打点与定位验证/01_事后打点候选/无人机01_1581F7K3C251800CYBVP/DJI_202609081117_006/DJI_20260908113147_0011_S.MP4,B4,uav-01,S,52.30,2.18,86.82,86.82,2602,2602,2026-09-08 11:33:14.693,2026-09-08 11:33:14.693,1
@raw/04_第四批_20260908_1053_多火点与余热点/02_激光打点与定位验证/01_事后打点候选/无人机01_1581F7K3C251800CYBVP/DJI_202609081117_006/DJI_20260908113147_0011_S.MP4,B4,uav-01,S,52.00,2.17,86.853,86.853,2603,2603,2026-09-08 11:33:14.725,2026-09-08 11:33:14.725,1
@raw/04_第四批_20260908_1053_多火点与余热点/02_激光打点与定位验证/01_事后打点候选/无人机01_1581F7K3C251800CYBVP/DJI_202609081117_006/DJI_20260908113147_0011_S.MP4,B4,uav-01,S,51.70,2.15,86.887,86.887,2604,2604,2026-09-08 11:33:14.761,2026-09-08 11:33:14.761,1
@raw/04_第四批_20260908_1053_多火点与余热点/02_激光打点与定位验证/01_事后打点候选/无人机01_1581F7K3C251800CYBVP/DJI_202609081117_006/DJI_20260908113147_0011_S.MP4,B4,uav-01,S,51.30,2.14,86.92,86.92,2605,2605,2026-09-08 11:33:14.791,2026-09-08 11:33:14.791,1
@raw/04_第四批_20260908_1053_多火点与余热点/02_激光打点与定位验证/01_事后打点候选/无人机01_1581F7K3C251800CYBVP/DJI_202609081117_006/DJI_20260908113147_0011_S.MP4,B4,uav-01,S,51.00,2.12,86.954,90.157,2606,2702,2026-09-08 11:33:14.828,2026-09-08 11:33:18.030,97
@raw/04_第四批_20260908_1053_多火点与余热点/02_激光打点与定位验证/01_事后打点候选/无人机01_1581F7K3C251800CYBVP/DJI_202609081117_006/DJI_20260908113147_0011_S.MP4,B4,uav-01,S,51.30,2.14,90.19,90.19,2703,2703,2026-09-08 11:33:18.061,2026-09-08 11:33:18.061,1
@raw/04_第四批_20260908_1053_多火点与余热点/02_激光打点与定位验证/01_事后打点候选/无人机01_1581F7K3C251800CYBVP/DJI_202609081117_006/DJI_20260908113147_0011_S.MP4,B4,uav-01,S,51.70,2.15,90.223,90.223,2704,2704,2026-09-08 11:33:18.092,2026-09-08 11:33:18.092,1
@raw/04_第四批_20260908_1053_多火点与余热点/02_激光打点与定位验证/01_事后打点候选/无人机01_1581F7K3C251800CYBVP/DJI_202609081117_006/DJI_20260908113147_0011_S.MP4,B4,uav-01,S,52.00,2.17,90.257,90.257,2705,2705,2026-09-08 11:33:18.127,2026-09-08 11:33:18.127,1
@raw/04_第四批_20260908_1053_多火点与余热点/02_激光打点与定位验证/01_事后打点候选/无人机01_1581F7K3C251800CYBVP/DJI_202609081117_006/DJI_20260908113147_0011_S.MP4,B4,uav-01,S,52.30,2.18,90.29,90.29,2706,2706,2026-09-08 11:33:18.159,2026-09-08 11:33:18.159,1
@raw/04_第四批_20260908_1053_多火点与余热点/02_激光打点与定位验证/01_事后打点候选/无人机01_1581F7K3C251800CYBVP/DJI_202609081117_006/DJI_20260908113147_0011_S.MP4,B4,uav-01,S,52.70,2.19,90.324,90.324,2707,2707,2026-09-08 11:33:18.193,2026-09-08 11:33:18.193,1
@raw/04_第四批_20260908_1053_多火点与余热点/02_激光打点与定位验证/01_事后打点候选/无人机01_1581F7K3C251800CYBVP/DJI_202609081117_006/DJI_20260908113147_0011_S.MP4,B4,uav-01,S,53.00,2.21,90.357,90.357,2708,2708,2026-09-08 11:33:18.226,2026-09-08 11:33:18.226,1
@raw/04_第四批_20260908_1053_多火点与余热点/02_激光打点与定位验证/01_事后打点候选/无人机01_1581F7K3C251800CYBVP/DJI_202609081117_006/DJI_20260908113147_0011_S.MP4,B4,uav-01,S,53.40,2.22,90.39,90.39,2709,2709,2026-09-08 11:33:18.262,2026-09-08 11:33:18.262,1
@raw/04_第四批_20260908_1053_多火点与余热点/02_激光打点与定位验证/01_事后打点候选/无人机01_1581F7K3C251800CYBVP/DJI_202609081117_006/DJI_20260908113147_0011_S.MP4,B4,uav-01,S,53.70,2.24,90.424,90.424,2710,2710,2026-09-08 11:33:18.296,2026-09-08 11:33:18.296,1
@raw/04_第四批_20260908_1053_多火点与余热点/02_激光打点与定位验证/01_事后打点候选/无人机01_1581F7K3C251800CYBVP/DJI_202609081117_006/DJI_20260908113147_0011_S.MP4,B4,uav-01,S,54.00,2.25,90.457,90.457,2711,2711,2026-09-08 11:33:18.328,2026-09-08 11:33:18.328,1
@raw/04_第四批_20260908_1053_多火点与余热点/02_激光打点与定位验证/01_事后打点候选/无人机01_1581F7K3C251800CYBVP/DJI_202609081117_006/DJI_20260908113147_0011_S.MP4,B4,uav-01,S,54.40,2.27,90.49,90.49,2712,2712,2026-09-08 11:33:18.361,2026-09-08 11:33:18.361,1
@raw/04_第四批_20260908_1053_多火点与余热点/02_激光打点与定位验证/01_事后打点候选/无人机01_1581F7K3C251800CYBVP/DJI_202609081117_006/DJI_20260908113147_0011_S.MP4,B4,uav-01,S,54.80,2.28,90.524,90.524,2713,2713,2026-09-08 11:33:18.392,2026-09-08 11:33:18.392,1
@raw/04_第四批_20260908_1053_多火点与余热点/02_激光打点与定位验证/01_事后打点候选/无人机01_1581F7K3C251800CYBVP/DJI_202609081117_006/DJI_20260908113147_0011_S.MP4,B4,uav-01,S,55.10,2.30,90.557,90.557,2714,2714,2026-09-08 11:33:18.426,2026-09-08 11:33:18.426,1
@raw/04_第四批_20260908_1053_多火点与余热点/02_激光打点与定位验证/01_事后打点候选/无人机01_1581F7K3C251800CYBVP/DJI_202609081117_006/DJI_20260908113147_0011_S.MP4,B4,uav-01,S,55.50,2.31,90.591,90.591,2715,2715,2026-09-08 11:33:18.458,2026-09-08 11:33:18.458,1
@raw/04_第四批_20260908_1053_多火点与余热点/02_激光打点与定位验证/01_事后打点候选/无人机01_1581F7K3C251800CYBVP/DJI_202609081117_006/DJI_20260908113147_0011_S.MP4,B4,uav-01,S,55.80,2.33,90.624,90.624,2716,2716,2026-09-08 11:33:18.495,2026-09-08 11:33:18.495,1
@raw/04_第四批_20260908_1053_多火点与余热点/02_激光打点与定位验证/01_事后打点候选/无人机01_1581F7K3C251800CYBVP/DJI_202609081117_006/DJI_20260908113147_0011_S.MP4,B4,uav-01,S,56.20,2.34,90.657,90.657,2717,2717,2026-09-08 11:33:18.528,2026-09-08 11:33:18.528,1
@raw/04_第四批_20260908_1053_多火点与余热点/02_激光打点与定位验证/01_事后打点候选/无人机01_1581F7K3C251800CYBVP/DJI_202609081117_006/DJI_20260908113147_0011_S.MP4,B4,uav-01,S,56.50,2.36,90.691,90.691,2718,2718,2026-09-08 11:33:18.559,2026-09-08 11:33:18.559,1
@raw/04_第四批_20260908_1053_多火点与余热点/02_激光打点与定位验证/01_事后打点候选/无人机01_1581F7K3C251800CYBVP/DJI_202609081117_006/DJI_20260908113147_0011_S.MP4,B4,uav-01,S,56.90,2.37,90.724,90.724,2719,2719,2026-09-08 11:33:18.592,2026-09-08 11:33:18.592,1
@raw/04_第四批_20260908_1053_多火点与余热点/02_激光打点与定位验证/01_事后打点候选/无人机01_1581F7K3C251800CYBVP/DJI_202609081117_006/DJI_20260908113147_0011_S.MP4,B4,uav-01,S,57.30,2.39,90.757,90.757,2720,2720,2026-09-08 11:33:18.632,2026-09-08 11:33:18.632,1
@raw/04_第四批_20260908_1053_多火点与余热点/02_激光打点与定位验证/01_事后打点候选/无人机01_1581F7K3C251800CYBVP/DJI_202609081117_006/DJI_20260908113147_0011_S.MP4,B4,uav-01,S,57.70,2.40,90.791,90.791,2721,2721,2026-09-08 11:33:18.662,2026-09-08 11:33:18.662,1
@raw/04_第四批_20260908_1053_多火点与余热点/02_激光打点与定位验证/01_事后打点候选/无人机01_1581F7K3C251800CYBVP/DJI_202609081117_006/DJI_20260908113147_0011_S.MP4,B4,uav-01,S,58.00,2.42,90.824,90.824,2722,2722,2026-09-08 11:33:18.697,2026-09-08 11:33:18.697,1
@raw/04_第四批_20260908_1053_多火点与余热点/02_激光打点与定位验证/01_事后打点候选/无人机01_1581F7K3C251800CYBVP/DJI_202609081117_006/DJI_20260908113147_0011_S.MP4,B4,uav-01,S,58.40,2.43,90.857,90.857,2723,2723,2026-09-08 11:33:18.732,2026-09-08 11:33:18.732,1
@raw/04_第四批_20260908_1053_多火点与余热点/02_激光打点与定位验证/01_事后打点候选/无人机01_1581F7K3C251800CYBVP/DJI_202609081117_006/DJI_20260908113147_0011_S.MP4,B4,uav-01,S,58.80,2.45,90.891,90.891,2724,2724,2026-09-08 11:33:18.762,2026-09-08 11:33:18.762,1
@raw/04_第四批_20260908_1053_多火点与余热点/02_激光打点与定位验证/01_事后打点候选/无人机01_1581F7K3C251800CYBVP/DJI_202609081117_006/DJI_20260908113147_0011_S.MP4,B4,uav-01,S,59.20,2.46,90.924,90.924,2725,2725,2026-09-08 11:33:18.793,2026-09-08 11:33:18.793,1
@raw/04_第四批_20260908_1053_多火点与余热点/02_激光打点与定位验证/01_事后打点候选/无人机01_1581F7K3C251800CYBVP/DJI_202609081117_006/DJI_20260908113147_0011_S.MP4,B4,uav-01,S,59.50,2.48,90.958,90.958,2726,2726,2026-09-08 11:33:18.828,2026-09-08 11:33:18.828,1
@raw/04_第四批_20260908_1053_多火点与余热点/02_激光打点与定位验证/01_事后打点候选/无人机01_1581F7K3C251800CYBVP/DJI_202609081117_006/DJI_20260908113147_0011_S.MP4,B4,uav-01,S,59.90,2.50,90.991,90.991,2727,2727,2026-09-08 11:33:18.859,2026-09-08 11:33:18.859,1
@raw/04_第四批_20260908_1053_多火点与余热点/02_激光打点与定位验证/01_事后打点候选/无人机01_1581F7K3C251800CYBVP/DJI_202609081117_006/DJI_20260908113147_0011_S.MP4,B4,uav-01,S,60.30,2.51,91.024,91.024,2728,2728,2026-09-08 11:33:18.896,2026-09-08 11:33:18.896,1
@raw/04_第四批_20260908_1053_多火点与余热点/02_激光打点与定位验证/01_事后打点候选/无人机01_1581F7K3C251800CYBVP/DJI_202609081117_006/DJI_20260908113147_0011_S.MP4,B4,uav-01,S,60.70,2.53,91.058,91.058,2729,2729,2026-09-08 11:33:18.926,2026-09-08 11:33:18.926,1
@raw/04_第四批_20260908_1053_多火点与余热点/02_激光打点与定位验证/01_事后打点候选/无人机01_1581F7K3C251800CYBVP/DJI_202609081117_006/DJI_20260908113147_0011_S.MP4,B4,uav-01,S,61.10,2.55,91.091,91.091,2730,2730,2026-09-08 11:33:18.963,2026-09-08 11:33:18.963,1
@raw/04_第四批_20260908_1053_多火点与余热点/02_激光打点与定位验证/01_事后打点候选/无人机01_1581F7K3C251800CYBVP/DJI_202609081117_006/DJI_20260908113147_0011_S.MP4,B4,uav-01,S,61.50,2.56,91.124,91.124,2731,2731,2026-09-08 11:33:18.993,2026-09-08 11:33:18.993,1
@raw/04_第四批_20260908_1053_多火点与余热点/02_激光打点与定位验证/01_事后打点候选/无人机01_1581F7K3C251800CYBVP/DJI_202609081117_006/DJI_20260908113147_0011_S.MP4,B4,uav-01,S,61.90,2.58,91.158,91.158,2732,2732,2026-09-08 11:33:19.026,2026-09-08 11:33:19.026,1
@raw/04_第四批_20260908_1053_多火点与余热点/02_激光打点与定位验证/01_事后打点候选/无人机01_1581F7K3C251800CYBVP/DJI_202609081117_006/DJI_20260908113147_0011_S.MP4,B4,uav-01,S,62.30,2.60,91.191,91.191,2733,2733,2026-09-08 11:33:19.059,2026-09-08 11:33:19.059,1
@raw/04_第四批_20260908_1053_多火点与余热点/02_激光打点与定位验证/01_事后打点候选/无人机01_1581F7K3C251800CYBVP/DJI_202609081117_006/DJI_20260908113147_0011_S.MP4,B4,uav-01,S,62.70,2.61,91.224,91.224,2734,2734,2026-09-08 11:33:19.097,2026-09-08 11:33:19.097,1
@raw/04_第四批_20260908_1053_多火点与余热点/02_激光打点与定位验证/01_事后打点候选/无人机01_1581F7K3C251800CYBVP/DJI_202609081117_006/DJI_20260908113147_0011_S.MP4,B4,uav-01,S,63.10,2.63,91.258,91.258,2735,2735,2026-09-08 11:33:19.131,2026-09-08 11:33:19.131,1
@raw/04_第四批_20260908_1053_多火点与余热点/02_激光打点与定位验证/01_事后打点候选/无人机01_1581F7K3C251800CYBVP/DJI_202609081117_006/DJI_20260908113147_0011_S.MP4,B4,uav-01,S,63.50,2.65,91.291,91.291,2736,2736,2026-09-08 11:33:19.160,2026-09-08 11:33:19.160,1
@raw/04_第四批_20260908_1053_多火点与余热点/02_激光打点与定位验证/01_事后打点候选/无人机01_1581F7K3C251800CYBVP/DJI_202609081117_006/DJI_20260908113147_0011_S.MP4,B4,uav-01,S,63.90,2.66,91.325,91.325,2737,2737,2026-09-08 11:33:19.194,2026-09-08 11:33:19.194,1
@raw/04_第四批_20260908_1053_多火点与余热点/02_激光打点与定位验证/01_事后打点候选/无人机01_1581F7K3C251800CYBVP/DJI_202609081117_006/DJI_20260908113147_0011_S.MP4,B4,uav-01,S,64.30,2.68,91.358,91.358,2738,2738,2026-09-08 11:33:19.226,2026-09-08 11:33:19.226,1
@raw/04_第四批_20260908_1053_多火点与余热点/02_激光打点与定位验证/01_事后打点候选/无人机01_1581F7K3C251800CYBVP/DJI_202609081117_006/DJI_20260908113147_0011_S.MP4,B4,uav-01,S,64.80,2.70,91.391,91.391,2739,2739,2026-09-08 11:33:19.263,2026-09-08 11:33:19.263,1
@raw/04_第四批_20260908_1053_多火点与余热点/02_激光打点与定位验证/01_事后打点候选/无人机01_1581F7K3C251800CYBVP/DJI_202609081117_006/DJI_20260908113147_0011_S.MP4,B4,uav-01,S,65.20,2.72,91.425,91.425,2740,2740,2026-09-08 11:33:19.293,2026-09-08 11:33:19.293,1
@raw/04_第四批_20260908_1053_多火点与余热点/02_激光打点与定位验证/01_事后打点候选/无人机01_1581F7K3C251800CYBVP/DJI_202609081117_006/DJI_20260908113147_0011_S.MP4,B4,uav-01,S,65.60,2.73,91.458,91.458,2741,2741,2026-09-08 11:33:19.326,2026-09-08 11:33:19.326,1
@raw/04_第四批_20260908_1053_多火点与余热点/02_激光打点与定位验证/01_事后打点候选/无人机01_1581F7K3C251800CYBVP/DJI_202609081117_006/DJI_20260908113147_0011_S.MP4,B4,uav-01,S,66.00,2.75,91.491,91.491,2742,2742,2026-09-08 11:33:19.360,2026-09-08 11:33:19.360,1
@raw/04_第四批_20260908_1053_多火点与余热点/02_激光打点与定位验证/01_事后打点候选/无人机01_1581F7K3C251800CYBVP/DJI_202609081117_006/DJI_20260908113147_0011_S.MP4,B4,uav-01,S,66.40,2.77,91.525,91.525,2743,2743,2026-09-08 11:33:19.393,2026-09-08 11:33:19.393,1
@raw/04_第四批_20260908_1053_多火点与余热点/02_激光打点与定位验证/01_事后打点候选/无人机01_1581F7K3C251800CYBVP/DJI_202609081117_006/DJI_20260908113147_0011_S.MP4,B4,uav-01,S,66.90,2.79,91.558,91.558,2744,2744,2026-09-08 11:33:19.428,2026-09-08 11:33:19.428,1
@raw/04_第四批_20260908_1053_多火点与余热点/02_激光打点与定位验证/01_事后打点候选/无人机01_1581F7K3C251800CYBVP/DJI_202609081117_006/DJI_20260908113147_0011_S.MP4,B4,uav-01,S,67.30,2.80,91.592,91.592,2745,2745,2026-09-08 11:33:19.460,2026-09-08 11:33:19.460,1
@raw/04_第四批_20260908_1053_多火点与余热点/02_激光打点与定位验证/01_事后打点候选/无人机01_1581F7K3C251800CYBVP/DJI_202609081117_006/DJI_20260908113147_0011_S.MP4,B4,uav-01,S,67.70,2.82,91.625,91.625,2746,2746,2026-09-08 11:33:19.493,2026-09-08 11:33:19.493,1
@raw/04_第四批_20260908_1053_多火点与余热点/02_激光打点与定位验证/01_事后打点候选/无人机01_1581F7K3C251800CYBVP/DJI_202609081117_006/DJI_20260908113147_0011_S.MP4,B4,uav-01,S,68.20,2.84,91.658,91.658,2747,2747,2026-09-08 11:33:19.527,2026-09-08 11:33:19.527,1
@raw/04_第四批_20260908_1053_多火点与余热点/02_激光打点与定位验证/01_事后打点候选/无人机01_1581F7K3C251800CYBVP/DJI_202609081117_006/DJI_20260908113147_0011_S.MP4,B4,uav-01,S,68.60,2.86,91.692,91.692,2748,2748,2026-09-08 11:33:19.565,2026-09-08 11:33:19.565,1
@raw/04_第四批_20260908_1053_多火点与余热点/02_激光打点与定位验证/01_事后打点候选/无人机01_1581F7K3C251800CYBVP/DJI_202609081117_006/DJI_20260908113147_0011_S.MP4,B4,uav-01,S,69.10,2.88,91.725,91.725,2749,2749,2026-09-08 11:33:19.599,2026-09-08 11:33:19.599,1
@raw/04_第四批_20260908_1053_多火点与余热点/02_激光打点与定位验证/01_事后打点候选/无人机01_1581F7K3C251800CYBVP/DJI_202609081117_006/DJI_20260908113147_0011_S.MP4,B4,uav-01,S,69.50,2.90,91.758,91.758,2750,2750,2026-09-08 11:33:19.630,2026-09-08 11:33:19.630,1
@raw/04_第四批_20260908_1053_多火点与余热点/02_激光打点与定位验证/01_事后打点候选/无人机01_1581F7K3C251800CYBVP/DJI_202609081117_006/DJI_20260908113147_0011_S.MP4,B4,uav-01,S,70.00,2.92,91.792,91.792,2751,2751,2026-09-08 11:33:19.660,2026-09-08 11:33:19.660,1
@raw/04_第四批_20260908_1053_多火点与余热点/02_激光打点与定位验证/01_事后打点候选/无人机01_1581F7K3C251800CYBVP/DJI_202609081117_006/DJI_20260908113147_0011_S.MP4,B4,uav-01,S,70.40,2.93,91.825,91.825,2752,2752,2026-09-08 11:33:19.697,2026-09-08 11:33:19.697,1
@raw/04_第四批_20260908_1053_多火点与余热点/02_激光打点与定位验证/01_事后打点候选/无人机01_1581F7K3C251800CYBVP/DJI_202609081117_006/DJI_20260908113147_0011_S.MP4,B4,uav-01,S,70.80,2.95,91.858,92.659,2753,2777,2026-09-08 11:33:19.727,2026-09-08 11:33:20.527,25
@raw/04_第四批_20260908_1053_多火点与余热点/02_激光打点与定位验证/01_事后打点候选/无人机01_1581F7K3C251800CYBVP/DJI_202609081117_006/DJI_20260908113147_0011_S.MP4,B4,uav-01,S,71.30,2.97,92.693,92.693,2778,2778,2026-09-08 11:33:20.560,2026-09-08 11:33:20.560,1
@raw/04_第四批_20260908_1053_多火点与余热点/02_激光打点与定位验证/01_事后打点候选/无人机01_1581F7K3C251800CYBVP/DJI_202609081117_006/DJI_20260908113147_0011_S.MP4,B4,uav-01,S,71.70,2.99,92.726,92.726,2779,2779,2026-09-08 11:33:20.595,2026-09-08 11:33:20.595,1
@raw/04_第四批_20260908_1053_多火点与余热点/02_激光打点与定位验证/01_事后打点候选/无人机01_1581F7K3C251800CYBVP/DJI_202609081117_006/DJI_20260908113147_0011_S.MP4,B4,uav-01,S,72.20,3.01,92.759,92.759,2780,2780,2026-09-08 11:33:20.628,2026-09-08 11:33:20.628,1
@raw/04_第四批_20260908_1053_多火点与余热点/02_激光打点与定位验证/01_事后打点候选/无人机01_1581F7K3C251800CYBVP/DJI_202609081117_006/DJI_20260908113147_0011_S.MP4,B4,uav-01,S,72.70,3.03,92.793,92.793,2781,2781,2026-09-08 11:33:20.661,2026-09-08 11:33:20.661,1
@raw/04_第四批_20260908_1053_多火点与余热点/02_激光打点与定位验证/01_事后打点候选/无人机01_1581F7K3C251800CYBVP/DJI_202609081117_006/DJI_20260908113147_0011_S.MP4,B4,uav-01,S,73.10,3.05,92.826,92.826,2782,2782,2026-09-08 11:33:20.697,2026-09-08 11:33:20.697,1
@raw/04_第四批_20260908_1053_多火点与余热点/02_激光打点与定位验证/01_事后打点候选/无人机01_1581F7K3C251800CYBVP/DJI_202609081117_006/DJI_20260908113147_0011_S.MP4,B4,uav-01,S,73.60,3.07,92.859,92.859,2783,2783,2026-09-08 11:33:20.728,2026-09-08 11:33:20.728,1
@raw/04_第四批_20260908_1053_多火点与余热点/02_激光打点与定位验证/01_事后打点候选/无人机01_1581F7K3C251800CYBVP/DJI_202609081117_006/DJI_20260908113147_0011_S.MP4,B4,uav-01,S,74.10,3.09,92.893,92.893,2784,2784,2026-09-08 11:33:20.767,2026-09-08 11:33:20.767,1
@raw/04_第四批_20260908_1053_多火点与余热点/02_激光打点与定位验证/01_事后打点候选/无人机01_1581F7K3C251800CYBVP/DJI_202609081117_006/DJI_20260908113147_0011_S.MP4,B4,uav-01,S,74.60,3.11,92.926,92.926,2785,2785,2026-09-08 11:33:20.797,2026-09-08 11:33:20.797,1
@raw/04_第四批_20260908_1053_多火点与余热点/02_激光打点与定位验证/01_事后打点候选/无人机01_1581F7K3C251800CYBVP/DJI_202609081117_006/DJI_20260908113147_0011_S.MP4,B4,uav-01,S,75.00,3.13,92.96,92.96,2786,2786,2026-09-08 11:33:20.827,2026-09-08 11:33:20.827,1
@raw/04_第四批_20260908_1053_多火点与余热点/02_激光打点与定位验证/01_事后打点候选/无人机01_1581F7K3C251800CYBVP/DJI_202609081117_006/DJI_20260908113147_0011_S.MP4,B4,uav-01,S,75.50,3.15,92.993,92.993,2787,2787,2026-09-08 11:33:20.864,2026-09-08 11:33:20.864,1
@raw/04_第四批_20260908_1053_多火点与余热点/02_激光打点与定位验证/01_事后打点候选/无人机01_1581F7K3C251800CYBVP/DJI_202609081117_006/DJI_20260908113147_0011_S.MP4,B4,uav-01,S,76.00,3.17,93.026,93.026,2788,2788,2026-09-08 11:33:20.894,2026-09-08 11:33:20.894,1
@raw/04_第四批_20260908_1053_多火点与余热点/02_激光打点与定位验证/01_事后打点候选/无人机01_1581F7K3C251800CYBVP/DJI_202609081117_006/DJI_20260908113147_0011_S.MP4,B4,uav-01,S,76.50,3.19,93.06,93.06,2789,2789,2026-09-08 11:33:20.928,2026-09-08 11:33:20.928,1
@raw/04_第四批_20260908_1053_多火点与余热点/02_激光打点与定位验证/01_事后打点候选/无人机01_1581F7K3C251800CYBVP/DJI_202609081117_006/DJI_20260908113147_0011_S.MP4,B4,uav-01,S,77.00,3.21,93.093,93.093,2790,2790,2026-09-08 11:33:20.961,2026-09-08 11:33:20.961,1
@raw/04_第四批_20260908_1053_多火点与余热点/02_激光打点与定位验证/01_事后打点候选/无人机01_1581F7K3C251800CYBVP/DJI_202609081117_006/DJI_20260908113147_0011_S.MP4,B4,uav-01,S,77.50,3.23,93.126,93.126,2791,2791,2026-09-08 11:33:20.994,2026-09-08 11:33:20.994,1
@raw/04_第四批_20260908_1053_多火点与余热点/02_激光打点与定位验证/01_事后打点候选/无人机01_1581F7K3C251800CYBVP/DJI_202609081117_006/DJI_20260908113147_0011_S.MP4,B4,uav-01,S,78.10,3.25,93.16,93.16,2792,2792,2026-09-08 11:33:21.028,2026-09-08 11:33:21.028,1
@raw/04_第四批_20260908_1053_多火点与余热点/02_激光打点与定位验证/01_事后打点候选/无人机01_1581F7K3C251800CYBVP/DJI_202609081117_006/DJI_20260908113147_0011_S.MP4,B4,uav-01,S,78.70,3.28,93.193,93.193,2793,2793,2026-09-08 11:33:21.064,2026-09-08 11:33:21.064,1
@raw/04_第四批_20260908_1053_多火点与余热点/02_激光打点与定位验证/01_事后打点候选/无人机01_1581F7K3C251800CYBVP/DJI_202609081117_006/DJI_20260908113147_0011_S.MP4,B4,uav-01,S,79.30,3.30,93.226,93.226,2794,2794,2026-09-08 11:33:21.095,2026-09-08 11:33:21.095,1
@raw/04_第四批_20260908_1053_多火点与余热点/02_激光打点与定位验证/01_事后打点候选/无人机01_1581F7K3C251800CYBVP/DJI_202609081117_006/DJI_20260908113147_0011_S.MP4,B4,uav-01,S,79.90,3.33,93.26,93.26,2795,2795,2026-09-08 11:33:21.128,2026-09-08 11:33:21.128,1
@raw/04_第四批_20260908_1053_多火点与余热点/02_激光打点与定位验证/01_事后打点候选/无人机01_1581F7K3C251800CYBVP/DJI_202609081117_006/DJI_20260908113147_0011_S.MP4,B4,uav-01,S,80.50,3.35,93.293,93.293,2796,2796,2026-09-08 11:33:21.165,2026-09-08 11:33:21.165,1
@raw/04_第四批_20260908_1053_多火点与余热点/02_激光打点与定位验证/01_事后打点候选/无人机01_1581F7K3C251800CYBVP/DJI_202609081117_006/DJI_20260908113147_0011_S.MP4,B4,uav-01,S,81.10,3.38,93.327,93.327,2797,2797,2026-09-08 11:33:21.197,2026-09-08 11:33:21.197,1
@raw/04_第四批_20260908_1053_多火点与余热点/02_激光打点与定位验证/01_事后打点候选/无人机01_1581F7K3C251800CYBVP/DJI_202609081117_006/DJI_20260908113147_0011_S.MP4,B4,uav-01,S,81.20,1.16,93.46,93.46,2798,2798,2026-09-08 11:33:21.379,2026-09-08 11:33:21.379,1
@raw/04_第四批_20260908_1053_多火点与余热点/02_激光打点与定位验证/01_事后打点候选/无人机01_1581F7K3C251800CYBVP/DJI_202609081117_006/DJI_20260908113147_0011_S.MP4,B4,uav-01,S,81.80,1.17,93.493,93.493,2799,2799,2026-09-08 11:33:21.408,2026-09-08 11:33:21.408,1
@raw/04_第四批_20260908_1053_多火点与余热点/02_激光打点与定位验证/01_事后打点候选/无人机01_1581F7K3C251800CYBVP/DJI_202609081117_006/DJI_20260908113147_0011_S.MP4,B4,uav-01,S,82.40,1.18,93.527,93.527,2800,2800,2026-09-08 11:33:21.438,2026-09-08 11:33:21.438,1
@raw/04_第四批_20260908_1053_多火点与余热点/02_激光打点与定位验证/01_事后打点候选/无人机01_1581F7K3C251800CYBVP/DJI_202609081117_006/DJI_20260908113147_0011_S.MP4,B4,uav-01,S,83.00,1.19,93.56,93.56,2801,2801,2026-09-08 11:33:21.476,2026-09-08 11:33:21.476,1
@raw/04_第四批_20260908_1053_多火点与余热点/02_激光打点与定位验证/01_事后打点候选/无人机01_1581F7K3C251800CYBVP/DJI_202609081117_006/DJI_20260908113147_0011_S.MP4,B4,uav-01,S,83.70,1.20,93.594,93.594,2802,2802,2026-09-08 11:33:21.505,2026-09-08 11:33:21.505,1
@raw/04_第四批_20260908_1053_多火点与余热点/02_激光打点与定位验证/01_事后打点候选/无人机01_1581F7K3C251800CYBVP/DJI_202609081117_006/DJI_20260908113147_0011_S.MP4,B4,uav-01,S,84.20,1.20,93.627,93.627,2803,2803,2026-09-08 11:33:21.539,2026-09-08 11:33:21.539,1
@raw/04_第四批_20260908_1053_多火点与余热点/02_激光打点与定位验证/01_事后打点候选/无人机01_1581F7K3C251800CYBVP/DJI_202609081117_006/DJI_20260908113147_0011_S.MP4,B4,uav-01,S,84.80,1.21,93.66,93.66,2804,2804,2026-09-08 11:33:21.573,2026-09-08 11:33:21.573,1
@raw/04_第四批_20260908_1053_多火点与余热点/02_激光打点与定位验证/01_事后打点候选/无人机01_1581F7K3C251800CYBVP/DJI_202609081117_006/DJI_20260908113147_0011_S.MP4,B4,uav-01,S,85.30,1.22,93.694,93.694,2805,2805,2026-09-08 11:33:21.610,2026-09-08 11:33:21.610,1
@raw/04_第四批_20260908_1053_多火点与余热点/02_激光打点与定位验证/01_事后打点候选/无人机01_1581F7K3C251800CYBVP/DJI_202609081117_006/DJI_20260908113147_0011_S.MP4,B4,uav-01,S,85.90,1.23,93.727,93.727,2806,2806,2026-09-08 11:33:21.640,2026-09-08 11:33:21.640,1
@raw/04_第四批_20260908_1053_多火点与余热点/02_激光打点与定位验证/01_事后打点候选/无人机01_1581F7K3C251800CYBVP/DJI_202609081117_006/DJI_20260908113147_0011_S.MP4,B4,uav-01,S,86.50,1.24,93.76,93.76,2807,2807,2026-09-08 11:33:21.673,2026-09-08 11:33:21.673,1
@raw/04_第四批_20260908_1053_多火点与余热点/02_激光打点与定位验证/01_事后打点候选/无人机01_1581F7K3C251800CYBVP/DJI_202609081117_006/DJI_20260908113147_0011_S.MP4,B4,uav-01,S,87.20,1.25,93.794,93.794,2808,2808,2026-09-08 11:33:21.710,2026-09-08 11:33:21.710,1
@raw/04_第四批_20260908_1053_多火点与余热点/02_激光打点与定位验证/01_事后打点候选/无人机01_1581F7K3C251800CYBVP/DJI_202609081117_006/DJI_20260908113147_0011_S.MP4,B4,uav-01,S,87.80,1.25,93.827,93.827,2809,2809,2026-09-08 11:33:21.739,2026-09-08 11:33:21.739,1
@raw/04_第四批_20260908_1053_多火点与余热点/02_激光打点与定位验证/01_事后打点候选/无人机01_1581F7K3C251800CYBVP/DJI_202609081117_006/DJI_20260908113147_0011_S.MP4,B4,uav-01,S,88.50,1.26,93.86,93.86,2810,2810,2026-09-08 11:33:21.774,2026-09-08 11:33:21.774,1
@raw/04_第四批_20260908_1053_多火点与余热点/02_激光打点与定位验证/01_事后打点候选/无人机01_1581F7K3C251800CYBVP/DJI_202609081117_006/DJI_20260908113147_0011_S.MP4,B4,uav-01,S,89.10,1.27,93.894,93.894,2811,2811,2026-09-08 11:33:21.811,2026-09-08 11:33:21.811,1
@raw/04_第四批_20260908_1053_多火点与余热点/02_激光打点与定位验证/01_事后打点候选/无人机01_1581F7K3C251800CYBVP/DJI_202609081117_006/DJI_20260908113147_0011_S.MP4,B4,uav-01,S,89.80,1.28,93.927,93.927,2812,2812,2026-09-08 11:33:21.843,2026-09-08 11:33:21.843,1
@raw/04_第四批_20260908_1053_多火点与余热点/02_激光打点与定位验证/01_事后打点候选/无人机01_1581F7K3C251800CYBVP/DJI_202609081117_006/DJI_20260908113147_0011_S.MP4,B4,uav-01,S,90.50,1.29,93.961,93.961,2813,2813,2026-09-08 11:33:21.879,2026-09-08 11:33:21.879,1
@raw/04_第四批_20260908_1053_多火点与余热点/02_激光打点与定位验证/01_事后打点候选/无人机01_1581F7K3C251800CYBVP/DJI_202609081117_006/DJI_20260908113147_0011_S.MP4,B4,uav-01,S,91.20,1.30,93.994,93.994,2814,2814,2026-09-08 11:33:21.910,2026-09-08 11:33:21.910,1
@raw/04_第四批_20260908_1053_多火点与余热点/02_激光打点与定位验证/01_事后打点候选/无人机01_1581F7K3C251800CYBVP/DJI_202609081117_006/DJI_20260908113147_0011_S.MP4,B4,uav-01,S,91.80,1.31,94.027,94.027,2815,2815,2026-09-08 11:33:21.942,2026-09-08 11:33:21.942,1
@raw/04_第四批_20260908_1053_多火点与余热点/02_激光打点与定位验证/01_事后打点候选/无人机01_1581F7K3C251800CYBVP/DJI_202609081117_006/DJI_20260908113147_0011_S.MP4,B4,uav-01,S,92.40,1.32,94.061,94.061,2816,2816,2026-09-08 11:33:21.973,2026-09-08 11:33:21.973,1
@raw/04_第四批_20260908_1053_多火点与余热点/02_激光打点与定位验证/01_事后打点候选/无人机01_1581F7K3C251800CYBVP/DJI_202609081117_006/DJI_20260908113147_0011_S.MP4,B4,uav-01,S,93.00,1.33,94.094,94.094,2817,2817,2026-09-08 11:33:22.011,2026-09-08 11:33:22.011,1
@raw/04_第四批_20260908_1053_多火点与余热点/02_激光打点与定位验证/01_事后打点候选/无人机01_1581F7K3C251800CYBVP/DJI_202609081117_006/DJI_20260908113147_0011_S.MP4,B4,uav-01,S,93.60,1.34,94.127,94.127,2818,2818,2026-09-08 11:33:22.040,2026-09-08 11:33:22.040,1
@raw/04_第四批_20260908_1053_多火点与余热点/02_激光打点与定位验证/01_事后打点候选/无人机01_1581F7K3C251800CYBVP/DJI_202609081117_006/DJI_20260908113147_0011_S.MP4,B4,uav-01,S,94.20,1.35,94.161,94.161,2819,2819,2026-09-08 11:33:22.073,2026-09-08 11:33:22.073,1
@raw/04_第四批_20260908_1053_多火点与余热点/02_激光打点与定位验证/01_事后打点候选/无人机01_1581F7K3C251800CYBVP/DJI_202609081117_006/DJI_20260908113147_0011_S.MP4,B4,uav-01,S,94.90,1.36,94.194,94.194,2820,2820,2026-09-08 11:33:22.110,2026-09-08 11:33:22.110,1
@raw/04_第四批_20260908_1053_多火点与余热点/02_激光打点与定位验证/01_事后打点候选/无人机01_1581F7K3C251800CYBVP/DJI_202609081117_006/DJI_20260908113147_0011_S.MP4,B4,uav-01,S,95.50,1.36,94.227,94.227,2821,2821,2026-09-08 11:33:22.140,2026-09-08 11:33:22.140,1
@raw/04_第四批_20260908_1053_多火点与余热点/02_激光打点与定位验证/01_事后打点候选/无人机01_1581F7K3C251800CYBVP/DJI_202609081117_006/DJI_20260908113147_0011_S.MP4,B4,uav-01,S,96.10,1.37,94.261,94.261,2822,2822,2026-09-08 11:33:22.173,2026-09-08 11:33:22.173,1
@raw/04_第四批_20260908_1053_多火点与余热点/02_激光打点与定位验证/01_事后打点候选/无人机01_1581F7K3C251800CYBVP/DJI_202609081117_006/DJI_20260908113147_0011_S.MP4,B4,uav-01,S,96.70,1.38,94.294,94.294,2823,2823,2026-09-08 11:33:22.210,2026-09-08 11:33:22.210,1
@raw/04_第四批_20260908_1053_多火点与余热点/02_激光打点与定位验证/01_事后打点候选/无人机01_1581F7K3C251800CYBVP/DJI_202609081117_006/DJI_20260908113147_0011_S.MP4,B4,uav-01,S,97.30,1.39,94.328,94.328,2824,2824,2026-09-08 11:33:22.240,2026-09-08 11:33:22.240,1
@raw/04_第四批_20260908_1053_多火点与余热点/02_激光打点与定位验证/01_事后打点候选/无人机01_1581F7K3C251800CYBVP/DJI_202609081117_006/DJI_20260908113147_0011_S.MP4,B4,uav-01,S,98.00,1.40,94.361,94.361,2825,2825,2026-09-08 11:33:22.273,2026-09-08 11:33:22.273,1
@raw/04_第四批_20260908_1053_多火点与余热点/02_激光打点与定位验证/01_事后打点候选/无人机01_1581F7K3C251800CYBVP/DJI_202609081117_006/DJI_20260908113147_0011_S.MP4,B4,uav-01,S,98.60,1.41,94.394,94.394,2826,2826,2026-09-08 11:33:22.307,2026-09-08 11:33:22.307,1
@raw/04_第四批_20260908_1053_多火点与余热点/02_激光打点与定位验证/01_事后打点候选/无人机01_1581F7K3C251800CYBVP/DJI_202609081117_006/DJI_20260908113147_0011_S.MP4,B4,uav-01,S,99.20,1.42,94.428,94.428,2827,2827,2026-09-08 11:33:22.340,2026-09-08 11:33:22.340,1
@raw/04_第四批_20260908_1053_多火点与余热点/02_激光打点与定位验证/01_事后打点候选/无人机01_1581F7K3C251800CYBVP/DJI_202609081117_006/DJI_20260908113147_0011_S.MP4,B4,uav-01,S,99.90,1.43,94.461,94.461,2828,2828,2026-09-08 11:33:22.374,2026-09-08 11:33:22.374,1
@raw/04_第四批_20260908_1053_多火点与余热点/02_激光打点与定位验证/01_事后打点候选/无人机01_1581F7K3C251800CYBVP/DJI_202609081117_006/DJI_20260908113147_0011_S.MP4,B4,uav-01,S,100.50,1.44,94.494,94.494,2829,2829,2026-09-08 11:33:22.410,2026-09-08 11:33:22.410,1
@raw/04_第四批_20260908_1053_多火点与余热点/02_激光打点与定位验证/01_事后打点候选/无人机01_1581F7K3C251800CYBVP/DJI_202609081117_006/DJI_20260908113147_0011_S.MP4,B4,uav-01,S,101.20,1.45,94.528,94.528,2830,2830,2026-09-08 11:33:22.441,2026-09-08 11:33:22.441,1
@raw/04_第四批_20260908_1053_多火点与余热点/02_激光打点与定位验证/01_事后打点候选/无人机01_1581F7K3C251800CYBVP/DJI_202609081117_006/DJI_20260908113147_0011_S.MP4,B4,uav-01,S,101.80,1.45,94.561,94.561,2831,2831,2026-09-08 11:33:22.473,2026-09-08 11:33:22.473,1
@raw/04_第四批_20260908_1053_多火点与余热点/02_激光打点与定位验证/01_事后打点候选/无人机01_1581F7K3C251800CYBVP/DJI_202609081117_006/DJI_20260908113147_0011_S.MP4,B4,uav-01,S,102.50,1.46,94.595,94.595,2832,2832,2026-09-08 11:33:22.506,2026-09-08 11:33:22.506,1
@raw/04_第四批_20260908_1053_多火点与余热点/02_激光打点与定位验证/01_事后打点候选/无人机01_1581F7K3C251800CYBVP/DJI_202609081117_006/DJI_20260908113147_0011_S.MP4,B4,uav-01,S,103.20,1.47,94.628,94.628,2833,2833,2026-09-08 11:33:22.544,2026-09-08 11:33:22.544,1
@raw/04_第四批_20260908_1053_多火点与余热点/02_激光打点与定位验证/01_事后打点候选/无人机01_1581F7K3C251800CYBVP/DJI_202609081117_006/DJI_20260908113147_0011_S.MP4,B4,uav-01,S,103.80,1.48,94.661,94.661,2834,2834,2026-09-08 11:33:22.573,2026-09-08 11:33:22.573,1
@raw/04_第四批_20260908_1053_多火点与余热点/02_激光打点与定位验证/01_事后打点候选/无人机01_1581F7K3C251800CYBVP/DJI_202609081117_006/DJI_20260908113147_0011_S.MP4,B4,uav-01,S,104.50,1.49,94.695,94.695,2835,2835,2026-09-08 11:33:22.610,2026-09-08 11:33:22.610,1
@raw/04_第四批_20260908_1053_多火点与余热点/02_激光打点与定位验证/01_事后打点候选/无人机01_1581F7K3C251800CYBVP/DJI_202609081117_006/DJI_20260908113147_0011_S.MP4,B4,uav-01,S,105.20,1.50,94.728,94.728,2836,2836,2026-09-08 11:33:22.640,2026-09-08 11:33:22.640,1
@raw/04_第四批_20260908_1053_多火点与余热点/02_激光打点与定位验证/01_事后打点候选/无人机01_1581F7K3C251800CYBVP/DJI_202609081117_006/DJI_20260908113147_0011_S.MP4,B4,uav-01,S,105.90,1.51,94.761,94.761,2837,2837,2026-09-08 11:33:22.674,2026-09-08 11:33:22.674,1
@raw/04_第四批_20260908_1053_多火点与余热点/02_激光打点与定位验证/01_事后打点候选/无人机01_1581F7K3C251800CYBVP/DJI_202609081117_006/DJI_20260908113147_0011_S.MP4,B4,uav-01,S,106.50,1.52,94.795,94.795,2838,2838,2026-09-08 11:33:22.711,2026-09-08 11:33:22.711,1
@raw/04_第四批_20260908_1053_多火点与余热点/02_激光打点与定位验证/01_事后打点候选/无人机01_1581F7K3C251800CYBVP/DJI_202609081117_006/DJI_20260908113147_0011_S.MP4,B4,uav-01,S,107.20,1.53,94.828,94.828,2839,2839,2026-09-08 11:33:22.743,2026-09-08 11:33:22.743,1
@raw/04_第四批_20260908_1053_多火点与余热点/02_激光打点与定位验证/01_事后打点候选/无人机01_1581F7K3C251800CYBVP/DJI_202609081117_006/DJI_20260908113147_0011_S.MP4,B4,uav-01,S,107.90,1.54,94.861,94.861,2840,2840,2026-09-08 11:33:22.774,2026-09-08 11:33:22.774,1
@raw/04_第四批_20260908_1053_多火点与余热点/02_激光打点与定位验证/01_事后打点候选/无人机01_1581F7K3C251800CYBVP/DJI_202609081117_006/DJI_20260908113147_0011_S.MP4,B4,uav-01,S,108.60,1.55,94.895,94.895,2841,2841,2026-09-08 11:33:22.808,2026-09-08 11:33:22.808,1
@raw/04_第四批_20260908_1053_多火点与余热点/02_激光打点与定位验证/01_事后打点候选/无人机01_1581F7K3C251800CYBVP/DJI_202609081117_006/DJI_20260908113147_0011_S.MP4,B4,uav-01,S,109.30,1.56,94.928,94.928,2842,2842,2026-09-08 11:33:22.843,2026-09-08 11:33:22.843,1
@raw/04_第四批_20260908_1053_多火点与余热点/02_激光打点与定位验证/01_事后打点候选/无人机01_1581F7K3C251800CYBVP/DJI_202609081117_006/DJI_20260908113147_0011_S.MP4,B4,uav-01,S,110.00,1.57,94.962,94.962,2843,2843,2026-09-08 11:33:22.877,2026-09-08 11:33:22.877,1
@raw/04_第四批_20260908_1053_多火点与余热点/02_激光打点与定位验证/01_事后打点候选/无人机01_1581F7K3C251800CYBVP/DJI_202609081117_006/DJI_20260908113147_0011_S.MP4,B4,uav-01,S,110.70,1.58,94.995,94.995,2844,2844,2026-09-08 11:33:22.906,2026-09-08 11:33:22.906,1
@raw/04_第四批_20260908_1053_多火点与余热点/02_激光打点与定位验证/01_事后打点候选/无人机01_1581F7K3C251800CYBVP/DJI_202609081117_006/DJI_20260908113147_0011_S.MP4,B4,uav-01,S,111.50,1.59,95.028,95.028,2845,2845,2026-09-08 11:33:22.941,2026-09-08 11:33:22.941,1
@raw/04_第四批_20260908_1053_多火点与余热点/02_激光打点与定位验证/01_事后打点候选/无人机01_1581F7K3C251800CYBVP/DJI_202609081117_006/DJI_20260908113147_0011_S.MP4,B4,uav-01,S,112.20,1.60,95.062,95.062,2846,2846,2026-09-08 11:33:22.973,2026-09-08 11:33:22.973,1
@raw/04_第四批_20260908_1053_多火点与余热点/02_激光打点与定位验证/01_事后打点候选/无人机01_1581F7K3C251800CYBVP/DJI_202609081117_006/DJI_20260908113147_0011_S.MP4,B4,uav-01,S,112.90,1.61,95.095,95.095,2847,2847,2026-09-08 11:33:23.010,2026-09-08 11:33:23.010,1
@raw/04_第四批_20260908_1053_多火点与余热点/02_激光打点与定位验证/01_事后打点候选/无人机01_1581F7K3C251800CYBVP/DJI_202609081117_006/DJI_20260908113147_0011_S.MP4,B4,uav-01,S,113.60,1.62,95.128,95.128,2848,2848,2026-09-08 11:33:23.041,2026-09-08 11:33:23.041,1
@raw/04_第四批_20260908_1053_多火点与余热点/02_激光打点与定位验证/01_事后打点候选/无人机01_1581F7K3C251800CYBVP/DJI_202609081117_006/DJI_20260908113147_0011_S.MP4,B4,uav-01,S,114.40,1.63,95.162,95.162,2849,2849,2026-09-08 11:33:23.082,2026-09-08 11:33:23.082,1
@raw/04_第四批_20260908_1053_多火点与余热点/02_激光打点与定位验证/01_事后打点候选/无人机01_1581F7K3C251800CYBVP/DJI_202609081117_006/DJI_20260908113147_0011_S.MP4,B4,uav-01,S,115.10,1.64,95.195,95.195,2850,2850,2026-09-08 11:33:23.107,2026-09-08 11:33:23.107,1
@raw/04_第四批_20260908_1053_多火点与余热点/02_激光打点与定位验证/01_事后打点候选/无人机01_1581F7K3C251800CYBVP/DJI_202609081117_006/DJI_20260908113147_0011_S.MP4,B4,uav-01,S,115.90,1.66,95.228,95.228,2851,2851,2026-09-08 11:33:23.140,2026-09-08 11:33:23.140,1
@raw/04_第四批_20260908_1053_多火点与余热点/02_激光打点与定位验证/01_事后打点候选/无人机01_1581F7K3C251800CYBVP/DJI_202609081117_006/DJI_20260908113147_0011_S.MP4,B4,uav-01,S,116.60,1.67,95.262,95.262,2852,2852,2026-09-08 11:33:23.179,2026-09-08 11:33:23.179,1
@raw/04_第四批_20260908_1053_多火点与余热点/02_激光打点与定位验证/01_事后打点候选/无人机01_1581F7K3C251800CYBVP/DJI_202609081117_006/DJI_20260908113147_0011_S.MP4,B4,uav-01,S,117.40,1.68,95.295,95.295,2853,2853,2026-09-08 11:33:23.207,2026-09-08 11:33:23.207,1
@raw/04_第四批_20260908_1053_多火点与余热点/02_激光打点与定位验证/01_事后打点候选/无人机01_1581F7K3C251800CYBVP/DJI_202609081117_006/DJI_20260908113147_0011_S.MP4,B4,uav-01,S,118.10,1.69,95.329,95.329,2854,2854,2026-09-08 11:33:23.246,2026-09-08 11:33:23.246,1
@raw/04_第四批_20260908_1053_多火点与余热点/02_激光打点与定位验证/01_事后打点候选/无人机01_1581F7K3C251800CYBVP/DJI_202609081117_006/DJI_20260908113147_0011_S.MP4,B4,uav-01,S,118.90,1.70,95.362,95.362,2855,2855,2026-09-08 11:33:23.273,2026-09-08 11:33:23.273,1
@raw/04_第四批_20260908_1053_多火点与余热点/02_激光打点与定位验证/01_事后打点候选/无人机01_1581F7K3C251800CYBVP/DJI_202609081117_006/DJI_20260908113147_0011_S.MP4,B4,uav-01,S,119.70,1.71,95.395,95.395,2856,2856,2026-09-08 11:33:23.307,2026-09-08 11:33:23.307,1
@raw/04_第四批_20260908_1053_多火点与余热点/02_激光打点与定位验证/01_事后打点候选/无人机01_1581F7K3C251800CYBVP/DJI_202609081117_006/DJI_20260908113147_0011_S.MP4,B4,uav-01,S,120.40,1.72,95.429,95.429,2857,2857,2026-09-08 11:33:23.340,2026-09-08 11:33:23.340,1
@raw/04_第四批_20260908_1053_多火点与余热点/02_激光打点与定位验证/01_事后打点候选/无人机01_1581F7K3C251800CYBVP/DJI_202609081117_006/DJI_20260908113147_0011_S.MP4,B4,uav-01,S,121.20,1.73,95.462,95.462,2858,2858,2026-09-08 11:33:23.379,2026-09-08 11:33:23.379,1
@raw/04_第四批_20260908_1053_多火点与余热点/02_激光打点与定位验证/01_事后打点候选/无人机01_1581F7K3C251800CYBVP/DJI_202609081117_006/DJI_20260908113147_0011_S.MP4,B4,uav-01,S,122.00,1.74,95.495,95.495,2859,2859,2026-09-08 11:33:23.408,2026-09-08 11:33:23.408,1
@raw/04_第四批_20260908_1053_多火点与余热点/02_激光打点与定位验证/01_事后打点候选/无人机01_1581F7K3C251800CYBVP/DJI_202609081117_006/DJI_20260908113147_0011_S.MP4,B4,uav-01,S,122.80,1.75,95.529,95.529,2860,2860,2026-09-08 11:33:23.446,2026-09-08 11:33:23.446,1
@raw/04_第四批_20260908_1053_多火点与余热点/02_激光打点与定位验证/01_事后打点候选/无人机01_1581F7K3C251800CYBVP/DJI_202609081117_006/DJI_20260908113147_0011_S.MP4,B4,uav-01,S,123.60,1.77,95.562,95.562,2861,2861,2026-09-08 11:33:23.479,2026-09-08 11:33:23.479,1
@raw/04_第四批_20260908_1053_多火点与余热点/02_激光打点与定位验证/01_事后打点候选/无人机01_1581F7K3C251800CYBVP/DJI_202609081117_006/DJI_20260908113147_0011_S.MP4,B4,uav-01,S,124.40,1.78,95.596,95.596,2862,2862,2026-09-08 11:33:23.507,2026-09-08 11:33:23.507,1
@raw/04_第四批_20260908_1053_多火点与余热点/02_激光打点与定位验证/01_事后打点候选/无人机01_1581F7K3C251800CYBVP/DJI_202609081117_006/DJI_20260908113147_0011_S.MP4,B4,uav-01,S,125.20,1.79,95.629,95.629,2863,2863,2026-09-08 11:33:23.541,2026-09-08 11:33:23.541,1
@raw/04_第四批_20260908_1053_多火点与余热点/02_激光打点与定位验证/01_事后打点候选/无人机01_1581F7K3C251800CYBVP/DJI_202609081117_006/DJI_20260908113147_0011_S.MP4,B4,uav-01,S,126.00,1.80,95.662,95.662,2864,2864,2026-09-08 11:33:23.575,2026-09-08 11:33:23.575,1
@raw/04_第四批_20260908_1053_多火点与余热点/02_激光打点与定位验证/01_事后打点候选/无人机01_1581F7K3C251800CYBVP/DJI_202609081117_006/DJI_20260908113147_0011_S.MP4,B4,uav-01,S,126.80,1.81,95.696,95.696,2865,2865,2026-09-08 11:33:23.608,2026-09-08 11:33:23.608,1
@raw/04_第四批_20260908_1053_多火点与余热点/02_激光打点与定位验证/01_事后打点候选/无人机01_1581F7K3C251800CYBVP/DJI_202609081117_006/DJI_20260908113147_0011_S.MP4,B4,uav-01,S,127.60,1.82,95.729,95.729,2866,2866,2026-09-08 11:33:23.640,2026-09-08 11:33:23.640,1
@raw/04_第四批_20260908_1053_多火点与余热点/02_激光打点与定位验证/01_事后打点候选/无人机01_1581F7K3C251800CYBVP/DJI_202609081117_006/DJI_20260908113147_0011_S.MP4,B4,uav-01,S,128.50,1.84,95.762,95.762,2867,2867,2026-09-08 11:33:23.673,2026-09-08 11:33:23.673,1
@raw/04_第四批_20260908_1053_多火点与余热点/02_激光打点与定位验证/01_事后打点候选/无人机01_1581F7K3C251800CYBVP/DJI_202609081117_006/DJI_20260908113147_0011_S.MP4,B4,uav-01,S,129.30,1.85,95.796,106.006,2868,3174,2026-09-08 11:33:23.712,2026-09-08 11:33:33.925,307
@raw/04_第四批_20260908_1053_多火点与余热点/02_激光打点与定位验证/01_事后打点候选/无人机01_1581F7K3C251800CYBVP/DJI_202609081117_006/DJI_20260908113147_0011_S.MP4,B4,uav-01,S,128.50,1.84,106.039,106.039,3175,3175,2026-09-08 11:33:33.958,2026-09-08 11:33:33.958,1
@raw/04_第四批_20260908_1053_多火点与余热点/02_激光打点与定位验证/01_事后打点候选/无人机01_1581F7K3C251800CYBVP/DJI_202609081117_006/DJI_20260908113147_0011_S.MP4,B4,uav-01,S,127.60,1.82,106.073,106.073,3176,3176,2026-09-08 11:33:33.992,2026-09-08 11:33:33.992,1
@raw/04_第四批_20260908_1053_多火点与余热点/02_激光打点与定位验证/01_事后打点候选/无人机01_1581F7K3C251800CYBVP/DJI_202609081117_006/DJI_20260908113147_0011_S.MP4,B4,uav-01,S,126.80,1.81,106.106,106.106,3177,3177,2026-09-08 11:33:34.029,2026-09-08 11:33:34.029,1
@raw/04_第四批_20260908_1053_多火点与余热点/02_激光打点与定位验证/01_事后打点候选/无人机01_1581F7K3C251800CYBVP/DJI_202609081117_006/DJI_20260908113147_0011_S.MP4,B4,uav-01,S,126.00,1.80,106.139,106.139,3178,3178,2026-09-08 11:33:34.061,2026-09-08 11:33:34.061,1
@raw/04_第四批_20260908_1053_多火点与余热点/02_激光打点与定位验证/01_事后打点候选/无人机01_1581F7K3C251800CYBVP/DJI_202609081117_006/DJI_20260908113147_0011_S.MP4,B4,uav-01,S,125.10,1.79,106.173,106.173,3179,3179,2026-09-08 11:33:34.091,2026-09-08 11:33:34.091,1
@raw/04_第四批_20260908_1053_多火点与余热点/02_激光打点与定位验证/01_事后打点候选/无人机01_1581F7K3C251800CYBVP/DJI_202609081117_006/DJI_20260908113147_0011_S.MP4,B4,uav-01,S,124.10,1.77,106.206,106.206,3180,3180,2026-09-08 11:33:34.125,2026-09-08 11:33:34.125,1
@raw/04_第四批_20260908_1053_多火点与余热点/02_激光打点与定位验证/01_事后打点候选/无人机01_1581F7K3C251800CYBVP/DJI_202609081117_006/DJI_20260908113147_0011_S.MP4,B4,uav-01,S,123.20,1.76,106.239,106.239,3181,3181,2026-09-08 11:33:34.158,2026-09-08 11:33:34.158,1
@raw/04_第四批_20260908_1053_多火点与余热点/02_激光打点与定位验证/01_事后打点候选/无人机01_1581F7K3C251800CYBVP/DJI_202609081117_006/DJI_20260908113147_0011_S.MP4,B4,uav-01,S,122.30,1.75,106.273,106.273,3182,3182,2026-09-08 11:33:34.192,2026-09-08 11:33:34.192,1
@raw/04_第四批_20260908_1053_多火点与余热点/02_激光打点与定位验证/01_事后打点候选/无人机01_1581F7K3C251800CYBVP/DJI_202609081117_006/DJI_20260908113147_0011_S.MP4,B4,uav-01,S,121.40,1.73,106.306,106.306,3183,3183,2026-09-08 11:33:34.225,2026-09-08 11:33:34.225,1
@raw/04_第四批_20260908_1053_多火点与余热点/02_激光打点与定位验证/01_事后打点候选/无人机01_1581F7K3C251800CYBVP/DJI_202609081117_006/DJI_20260908113147_0011_S.MP4,B4,uav-01,S,120.50,1.72,106.34,106.34,3184,3184,2026-09-08 11:33:34.261,2026-09-08 11:33:34.261,1
@raw/04_第四批_20260908_1053_多火点与余热点/02_激光打点与定位验证/01_事后打点候选/无人机01_1581F7K3C251800CYBVP/DJI_202609081117_006/DJI_20260908113147_0011_S.MP4,B4,uav-01,S,119.60,1.71,106.373,106.373,3185,3185,2026-09-08 11:33:34.295,2026-09-08 11:33:34.295,1
@raw/04_第四批_20260908_1053_多火点与余热点/02_激光打点与定位验证/01_事后打点候选/无人机01_1581F7K3C251800CYBVP/DJI_202609081117_006/DJI_20260908113147_0011_S.MP4,B4,uav-01,S,118.70,1.70,106.406,106.406,3186,3186,2026-09-08 11:33:34.325,2026-09-08 11:33:34.325,1
@raw/04_第四批_20260908_1053_多火点与余热点/02_激光打点与定位验证/01_事后打点候选/无人机01_1581F7K3C251800CYBVP/DJI_202609081117_006/DJI_20260908113147_0011_S.MP4,B4,uav-01,S,117.80,1.68,106.44,106.44,3187,3187,2026-09-08 11:33:34.359,2026-09-08 11:33:34.359,1
@raw/04_第四批_20260908_1053_多火点与余热点/02_激光打点与定位验证/01_事后打点候选/无人机01_1581F7K3C251800CYBVP/DJI_202609081117_006/DJI_20260908113147_0011_S.MP4,B4,uav-01,S,116.90,1.67,106.473,106.473,3188,3188,2026-09-08 11:33:34.392,2026-09-08 11:33:34.392,1
@raw/04_第四批_20260908_1053_多火点与余热点/02_激光打点与定位验证/01_事后打点候选/无人机01_1581F7K3C251800CYBVP/DJI_202609081117_006/DJI_20260908113147_0011_S.MP4,B4,uav-01,S,116.00,1.66,106.506,106.506,3189,3189,2026-09-08 11:33:34.425,2026-09-08 11:33:34.425,1
@raw/04_第四批_20260908_1053_多火点与余热点/02_激光打点与定位验证/01_事后打点候选/无人机01_1581F7K3C251800CYBVP/DJI_202609081117_006/DJI_20260908113147_0011_S.MP4,B4,uav-01,S,115.20,1.65,106.54,106.54,3190,3190,2026-09-08 11:33:34.459,2026-09-08 11:33:34.459,1
@raw/04_第四批_20260908_1053_多火点与余热点/02_激光打点与定位验证/01_事后打点候选/无人机01_1581F7K3C251800CYBVP/DJI_202609081117_006/DJI_20260908113147_0011_S.MP4,B4,uav-01,S,114.30,1.63,106.573,106.573,3191,3191,2026-09-08 11:33:34.492,2026-09-08 11:33:34.492,1
@raw/04_第四批_20260908_1053_多火点与余热点/02_激光打点与定位验证/01_事后打点候选/无人机01_1581F7K3C251800CYBVP/DJI_202609081117_006/DJI_20260908113147_0011_S.MP4,B4,uav-01,S,113.50,1.62,106.607,106.607,3192,3192,2026-09-08 11:33:34.525,2026-09-08 11:33:34.525,1
@raw/04_第四批_20260908_1053_多火点与余热点/02_激光打点与定位验证/01_事后打点候选/无人机01_1581F7K3C251800CYBVP/DJI_202609081117_006/DJI_20260908113147_0011_S.MP4,B4,uav-01,S,112.60,1.61,106.64,106.64,3193,3193,2026-09-08 11:33:34.561,2026-09-08 11:33:34.561,1
@raw/04_第四批_20260908_1053_多火点与余热点/02_激光打点与定位验证/01_事后打点候选/无人机01_1581F7K3C251800CYBVP/DJI_202609081117_006/DJI_20260908113147_0011_S.MP4,B4,uav-01,S,111.80,1.60,106.673,106.673,3194,3194,2026-09-08 11:33:34.596,2026-09-08 11:33:34.596,1
@raw/04_第四批_20260908_1053_多火点与余热点/02_激光打点与定位验证/01_事后打点候选/无人机01_1581F7K3C251800CYBVP/DJI_202609081117_006/DJI_20260908113147_0011_S.MP4,B4,uav-01,S,110.90,1.58,106.707,106.707,3195,3195,2026-09-08 11:33:34.626,2026-09-08 11:33:34.626,1
@raw/04_第四批_20260908_1053_多火点与余热点/02_激光打点与定位验证/01_事后打点候选/无人机01_1581F7K3C251800CYBVP/DJI_202609081117_006/DJI_20260908113147_0011_S.MP4,B4,uav-01,S,110.10,1.57,106.74,106.74,3196,3196,2026-09-08 11:33:34.658,2026-09-08 11:33:34.658,1
@raw/04_第四批_20260908_1053_多火点与余热点/02_激光打点与定位验证/01_事后打点候选/无人机01_1581F7K3C251800CYBVP/DJI_202609081117_006/DJI_20260908113147_0011_S.MP4,B4,uav-01,S,109.30,1.56,106.773,106.773,3197,3197,2026-09-08 11:33:34.696,2026-09-08 11:33:34.696,1
@raw/04_第四批_20260908_1053_多火点与余热点/02_激光打点与定位验证/01_事后打点候选/无人机01_1581F7K3C251800CYBVP/DJI_202609081117_006/DJI_20260908113147_0011_S.MP4,B4,uav-01,S,110.00,1.57,106.807,106.807,3198,3198,2026-09-08 11:33:34.729,2026-09-08 11:33:34.729,1
@raw/04_第四批_20260908_1053_多火点与余热点/02_激光打点与定位验证/01_事后打点候选/无人机01_1581F7K3C251800CYBVP/DJI_202609081117_006/DJI_20260908113147_0011_S.MP4,B4,uav-01,S,110.70,1.58,106.84,106.84,3199,3199,2026-09-08 11:33:34.761,2026-09-08 11:33:34.761,1
@raw/04_第四批_20260908_1053_多火点与余热点/02_激光打点与定位验证/01_事后打点候选/无人机01_1581F7K3C251800CYBVP/DJI_202609081117_006/DJI_20260908113147_0011_S.MP4,B4,uav-01,S,111.40,1.59,106.873,106.873,3200,3200,2026-09-08 11:33:34.792,2026-09-08 11:33:34.792,1
@raw/04_第四批_20260908_1053_多火点与余热点/02_激光打点与定位验证/01_事后打点候选/无人机01_1581F7K3C251800CYBVP/DJI_202609081117_006/DJI_20260908113147_0011_S.MP4,B4,uav-01,S,112.10,1.60,106.907,106.907,3201,3201,2026-09-08 11:33:34.825,2026-09-08 11:33:34.825,1
@raw/04_第四批_20260908_1053_多火点与余热点/02_激光打点与定位验证/01_事后打点候选/无人机01_1581F7K3C251800CYBVP/DJI_202609081117_006/DJI_20260908113147_0011_S.MP4,B4,uav-01,S,112.90,1.61,106.94,106.94,3202,3202,2026-09-08 11:33:34.860,2026-09-08 11:33:34.860,1
@raw/04_第四批_20260908_1053_多火点与余热点/02_激光打点与定位验证/01_事后打点候选/无人机01_1581F7K3C251800CYBVP/DJI_202609081117_006/DJI_20260908113147_0011_S.MP4,B4,uav-01,S,113.60,1.62,106.974,106.974,3203,3203,2026-09-08 11:33:34.891,2026-09-08 11:33:34.891,1
@raw/04_第四批_20260908_1053_多火点与余热点/02_激光打点与定位验证/01_事后打点候选/无人机01_1581F7K3C251800CYBVP/DJI_202609081117_006/DJI_20260908113147_0011_S.MP4,B4,uav-01,S,114.30,1.63,107.007,107.007,3204,3204,2026-09-08 11:33:34.926,2026-09-08 11:33:34.926,1
@raw/04_第四批_20260908_1053_多火点与余热点/02_激光打点与定位验证/01_事后打点候选/无人机01_1581F7K3C251800CYBVP/DJI_202609081117_006/DJI_20260908113147_0011_S.MP4,B4,uav-01,S,115.10,1.64,107.04,107.04,3205,3205,2026-09-08 11:33:34.959,2026-09-08 11:33:34.959,1
@raw/04_第四批_20260908_1053_多火点与余热点/02_激光打点与定位验证/01_事后打点候选/无人机01_1581F7K3C251800CYBVP/DJI_202609081117_006/DJI_20260908113147_0011_S.MP4,B4,uav-01,S,115.80,1.65,107.074,107.074,3206,3206,2026-09-08 11:33:34.996,2026-09-08 11:33:34.996,1
@raw/04_第四批_20260908_1053_多火点与余热点/02_激光打点与定位验证/01_事后打点候选/无人机01_1581F7K3C251800CYBVP/DJI_202609081117_006/DJI_20260908113147_0011_S.MP4,B4,uav-01,S,116.60,1.67,107.107,107.107,3207,3207,2026-09-08 11:33:35.026,2026-09-08 11:33:35.026,1
@raw/04_第四批_20260908_1053_多火点与余热点/02_激光打点与定位验证/01_事后打点候选/无人机01_1581F7K3C251800CYBVP/DJI_202609081117_006/DJI_20260908113147_0011_S.MP4,B4,uav-01,S,117.30,1.68,107.14,107.14,3208,3208,2026-09-08 11:33:35.059,2026-09-08 11:33:35.059,1
@raw/04_第四批_20260908_1053_多火点与余热点/02_激光打点与定位验证/01_事后打点候选/无人机01_1581F7K3C251800CYBVP/DJI_202609081117_006/DJI_20260908113147_0011_S.MP4,B4,uav-01,S,118.10,1.69,107.174,107.174,3209,3209,2026-09-08 11:33:35.094,2026-09-08 11:33:35.094,1
@raw/04_第四批_20260908_1053_多火点与余热点/02_激光打点与定位验证/01_事后打点候选/无人机01_1581F7K3C251800CYBVP/DJI_202609081117_006/DJI_20260908113147_0011_S.MP4,B4,uav-01,S,118.80,1.70,107.207,107.207,3210,3210,2026-09-08 11:33:35.132,2026-09-08 11:33:35.132,1
@raw/04_第四批_20260908_1053_多火点与余热点/02_激光打点与定位验证/01_事后打点候选/无人机01_1581F7K3C251800CYBVP/DJI_202609081117_006/DJI_20260908113147_0011_S.MP4,B4,uav-01,S,119.60,1.71,107.24,107.24,3211,3211,2026-09-08 11:33:35.162,2026-09-08 11:33:35.162,1
@raw/04_第四批_20260908_1053_多火点与余热点/02_激光打点与定位验证/01_事后打点候选/无人机01_1581F7K3C251800CYBVP/DJI_202609081117_006/DJI_20260908113147_0011_S.MP4,B4,uav-01,S,120.40,1.72,107.274,107.274,3212,3212,2026-09-08 11:33:35.193,2026-09-08 11:33:35.193,1
@raw/04_第四批_20260908_1053_多火点与余热点/02_激光打点与定位验证/01_事后打点候选/无人机01_1581F7K3C251800CYBVP/DJI_202609081117_006/DJI_20260908113147_0011_S.MP4,B4,uav-01,S,121.20,1.73,107.307,107.307,3213,3213,2026-09-08 11:33:35.225,2026-09-08 11:33:35.225,1
@raw/04_第四批_20260908_1053_多火点与余热点/02_激光打点与定位验证/01_事后打点候选/无人机01_1581F7K3C251800CYBVP/DJI_202609081117_006/DJI_20260908113147_0011_S.MP4,B4,uav-01,S,122.00,1.74,107.341,107.341,3214,3214,2026-09-08 11:33:35.259,2026-09-08 11:33:35.259,1
@raw/04_第四批_20260908_1053_多火点与余热点/02_激光打点与定位验证/01_事后打点候选/无人机01_1581F7K3C251800CYBVP/DJI_202609081117_006/DJI_20260908113147_0011_S.MP4,B4,uav-01,S,122.70,1.75,107.374,107.374,3215,3215,2026-09-08 11:33:35.294,2026-09-08 11:33:35.294,1
@raw/04_第四批_20260908_1053_多火点与余热点/02_激光打点与定位验证/01_事后打点候选/无人机01_1581F7K3C251800CYBVP/DJI_202609081117_006/DJI_20260908113147_0011_S.MP4,B4,uav-01,S,123.50,1.76,107.407,107.407,3216,3216,2026-09-08 11:33:35.326,2026-09-08 11:33:35.326,1
@raw/04_第四批_20260908_1053_多火点与余热点/02_激光打点与定位验证/01_事后打点候选/无人机01_1581F7K3C251800CYBVP/DJI_202609081117_006/DJI_20260908113147_0011_S.MP4,B4,uav-01,S,124.30,1.78,107.441,107.441,3217,3217,2026-09-08 11:33:35.360,2026-09-08 11:33:35.360,1
@raw/04_第四批_20260908_1053_多火点与余热点/02_激光打点与定位验证/01_事后打点候选/无人机01_1581F7K3C251800CYBVP/DJI_202609081117_006/DJI_20260908113147_0011_S.MP4,B4,uav-01,S,124.40,1.78,107.474,107.908,3218,3231,2026-09-08 11:33:35.392,2026-09-08 11:33:35.829,14
@raw/04_第四批_20260908_1053_多火点与余热点/02_激光打点与定位验证/01_事后打点候选/无人机01_1581F7K3C251800CYBVP/DJI_202609081117_006/DJI_20260908113147_0011_S.MP4,B4,uav-01,S,125.20,1.79,107.941,107.941,3232,3232,2026-09-08 11:33:35.860,2026-09-08 11:33:35.860,1
@raw/04_第四批_20260908_1053_多火点与余热点/02_激光打点与定位验证/01_事后打点候选/无人机01_1581F7K3C251800CYBVP/DJI_202609081117_006/DJI_20260908113147_0011_S.MP4,B4,uav-01,S,126.00,1.80,107.975,107.975,3233,3233,2026-09-08 11:33:35.894,2026-09-08 11:33:35.894,1
@raw/04_第四批_20260908_1053_多火点与余热点/02_激光打点与定位验证/01_事后打点候选/无人机01_1581F7K3C251800CYBVP/DJI_202609081117_006/DJI_20260908113147_0011_S.MP4,B4,uav-01,S,126.70,1.81,108.008,108.041,3234,3235,2026-09-08 11:33:35.930,2026-09-08 11:33:35.959,2
@raw/04_第四批_20260908_1053_多火点与余热点/02_激光打点与定位验证/01_事后打点候选/无人机01_1581F7K3C251800CYBVP/DJI_202609081117_006/DJI_20260908113147_0011_S.MP4,B4,uav-01,S,127.50,1.82,108.075,108.075,3236,3236,2026-09-08 11:33:35.994,2026-09-08 11:33:35.994,1
@raw/04_第四批_20260908_1053_多火点与余热点/02_激光打点与定位验证/01_事后打点候选/无人机01_1581F7K3C251800CYBVP/DJI_202609081117_006/DJI_20260908113147_0011_S.MP4,B4,uav-01,S,128.30,1.83,108.108,108.108,3237,3237,2026-09-08 11:33:36.027,2026-09-08 11:33:36.027,1
@raw/04_第四批_20260908_1053_多火点与余热点/02_激光打点与定位验证/01_事后打点候选/无人机01_1581F7K3C251800CYBVP/DJI_202609081117_006/DJI_20260908113147_0011_S.MP4,B4,uav-01,S,129.20,1.85,108.141,108.141,3238,3238,2026-09-08 11:33:36.061,2026-09-08 11:33:36.061,1
@raw/04_第四批_20260908_1053_多火点与余热点/02_激光打点与定位验证/01_事后打点候选/无人机01_1581F7K3C251800CYBVP/DJI_202609081117_006/DJI_20260908113147_0011_S.MP4,B4,uav-01,S,130.00,1.86,108.175,108.175,3239,3239,2026-09-08 11:33:36.093,2026-09-08 11:33:36.093,1
@raw/04_第四批_20260908_1053_多火点与余热点/02_激光打点与定位验证/01_事后打点候选/无人机01_1581F7K3C251800CYBVP/DJI_202609081117_006/DJI_20260908113147_0011_S.MP4,B4,uav-01,S,130.90,1.87,108.208,108.208,3240,3240,2026-09-08 11:33:36.127,2026-09-08 11:33:36.127,1
@raw/04_第四批_20260908_1053_多火点与余热点/02_激光打点与定位验证/01_事后打点候选/无人机01_1581F7K3C251800CYBVP/DJI_202609081117_006/DJI_20260908113147_0011_S.MP4,B4,uav-01,S,131.70,1.88,108.241,108.241,3241,3241,2026-09-08 11:33:36.160,2026-09-08 11:33:36.160,1
@raw/04_第四批_20260908_1053_多火点与余热点/02_激光打点与定位验证/01_事后打点候选/无人机01_1581F7K3C251800CYBVP/DJI_202609081117_006/DJI_20260908113147_0011_S.MP4,B4,uav-01,S,132.60,1.89,108.275,108.275,3242,3242,2026-09-08 11:33:36.194,2026-09-08 11:33:36.194,1
@raw/04_第四批_20260908_1053_多火点与余热点/02_激光打点与定位验证/01_事后打点候选/无人机01_1581F7K3C251800CYBVP/DJI_202609081117_006/DJI_20260908113147_0011_S.MP4,B4,uav-01,S,133.40,1.91,108.308,108.308,3243,3243,2026-09-08 11:33:36.227,2026-09-08 11:33:36.227,1
@raw/04_第四批_20260908_1053_多火点与余热点/02_激光打点与定位验证/01_事后打点候选/无人机01_1581F7K3C251800CYBVP/DJI_202609081117_006/DJI_20260908113147_0011_S.MP4,B4,uav-01,S,134.30,1.92,108.342,108.342,3244,3244,2026-09-08 11:33:36.260,2026-09-08 11:33:36.260,1
@raw/04_第四批_20260908_1053_多火点与余热点/02_激光打点与定位验证/01_事后打点候选/无人机01_1581F7K3C251800CYBVP/DJI_202609081117_006/DJI_20260908113147_0011_S.MP4,B4,uav-01,S,135.10,1.93,108.375,108.375,3245,3245,2026-09-08 11:33:36.298,2026-09-08 11:33:36.298,1
@raw/04_第四批_20260908_1053_多火点与余热点/02_激光打点与定位验证/01_事后打点候选/无人机01_1581F7K3C251800CYBVP/DJI_202609081117_006/DJI_20260908113147_0011_S.MP4,B4,uav-01,S,136.00,1.94,108.408,108.408,3246,3246,2026-09-08 11:33:36.330,2026-09-08 11:33:36.330,1
@raw/04_第四批_20260908_1053_多火点与余热点/02_激光打点与定位验证/01_事后打点候选/无人机01_1581F7K3C251800CYBVP/DJI_202609081117_006/DJI_20260908113147_0011_S.MP4,B4,uav-01,S,136.90,1.96,108.442,108.442,3247,3247,2026-09-08 11:33:36.361,2026-09-08 11:33:36.361,1
@raw/04_第四批_20260908_1053_多火点与余热点/02_激光打点与定位验证/01_事后打点候选/无人机01_1581F7K3C251800CYBVP/DJI_202609081117_006/DJI_20260908113147_0011_S.MP4,B4,uav-01,S,137.80,1.97,108.475,108.475,3248,3248,2026-09-08 11:33:36.399,2026-09-08 11:33:36.399,1
@raw/04_第四批_20260908_1053_多火点与余热点/02_激光打点与定位验证/01_事后打点候选/无人机01_1581F7K3C251800CYBVP/DJI_202609081117_006/DJI_20260908113147_0011_S.MP4,B4,uav-01,S,138.70,1.98,108.508,108.508,3249,3249,2026-09-08 11:33:36.431,2026-09-08 11:33:36.431,1
@raw/04_第四批_20260908_1053_多火点与余热点/02_激光打点与定位验证/01_事后打点候选/无人机01_1581F7K3C251800CYBVP/DJI_202609081117_006/DJI_20260908113147_0011_S.MP4,B4,uav-01,S,139.60,1.99,108.542,108.542,3250,3250,2026-09-08 11:33:36.461,2026-09-08 11:33:36.461,1
@raw/04_第四批_20260908_1053_多火点与余热点/02_激光打点与定位验证/01_事后打点候选/无人机01_1581F7K3C251800CYBVP/DJI_202609081117_006/DJI_20260908113147_0011_S.MP4,B4,uav-01,S,140.50,2.01,108.575,108.575,3251,3251,2026-09-08 11:33:36.495,2026-09-08 11:33:36.495,1
@raw/04_第四批_20260908_1053_多火点与余热点/02_激光打点与定位验证/01_事后打点候选/无人机01_1581F7K3C251800CYBVP/DJI_202609081117_006/DJI_20260908113147_0011_S.MP4,B4,uav-01,S,141.40,2.02,108.609,108.609,3252,3252,2026-09-08 11:33:36.530,2026-09-08 11:33:36.530,1
@raw/04_第四批_20260908_1053_多火点与余热点/02_激光打点与定位验证/01_事后打点候选/无人机01_1581F7K3C251800CYBVP/DJI_202609081117_006/DJI_20260908113147_0011_S.MP4,B4,uav-01,S,141.60,2.02,108.642,109.009,3253,3264,2026-09-08 11:33:36.560,2026-09-08 11:33:36.927,12
@raw/04_第四批_20260908_1053_多火点与余热点/02_激光打点与定位验证/01_事后打点候选/无人机01_1581F7K3C251800CYBVP/DJI_202609081117_006/DJI_20260908113147_0011_S.MP4,B4,uav-01,S,142.40,2.03,109.042,109.076,3265,3266,2026-09-08 11:33:36.961,2026-09-08 11:33:36.993,2
@raw/04_第四批_20260908_1053_多火点与余热点/02_激光打点与定位验证/01_事后打点候选/无人机01_1581F7K3C251800CYBVP/DJI_202609081117_006/DJI_20260908113147_0011_S.MP4,B4,uav-01,S,143.30,2.05,109.109,109.109,3267,3267,2026-09-08 11:33:37.028,2026-09-08 11:33:37.028,1
@raw/04_第四批_20260908_1053_多火点与余热点/02_激光打点与定位验证/01_事后打点候选/无人机01_1581F7K3C251800CYBVP/DJI_202609081117_006/DJI_20260908113147_0011_S.MP4,B4,uav-01,S,144.20,2.06,109.142,109.209,3268,3270,2026-09-08 11:33:37.062,2026-09-08 11:33:37.128,3
@raw/04_第四批_20260908_1053_多火点与余热点/02_激光打点与定位验证/01_事后打点候选/无人机01_1581F7K3C251800CYBVP/DJI_202609081117_006/DJI_20260908113147_0011_S.MP4,B4,uav-01,S,145.10,2.07,109.242,109.242,3271,3271,2026-09-08 11:33:37.160,2026-09-08 11:33:37.160,1
@raw/04_第四批_20260908_1053_多火点与余热点/02_激光打点与定位验证/01_事后打点候选/无人机01_1581F7K3C251800CYBVP/DJI_202609081117_006/DJI_20260908113147_0011_S.MP4,B4,uav-01,S,146.10,2.09,109.276,109.276,3272,3272,2026-09-08 11:33:37.195,2026-09-08 11:33:37.195,1
@raw/04_第四批_20260908_1053_多火点与余热点/02_激光打点与定位验证/01_事后打点候选/无人机01_1581F7K3C251800CYBVP/DJI_202609081117_006/DJI_20260908113147_0011_S.MP4,B4,uav-01,S,146.90,2.10,109.309,109.309,3273,3273,2026-09-08 11:33:37.227,2026-09-08 11:33:37.227,1
@raw/04_第四批_20260908_1053_多火点与余热点/02_激光打点与定位验证/01_事后打点候选/无人机01_1581F7K3C251800CYBVP/DJI_202609081117_006/DJI_20260908113147_0011_S.MP4,B4,uav-01,S,147.90,2.11,109.343,109.343,3274,3274,2026-09-08 11:33:37.262,2026-09-08 11:33:37.262,1
@raw/04_第四批_20260908_1053_多火点与余热点/02_激光打点与定位验证/01_事后打点候选/无人机01_1581F7K3C251800CYBVP/DJI_202609081117_006/DJI_20260908113147_0011_S.MP4,B4,uav-01,S,148.80,2.13,109.376,109.376,3275,3275,2026-09-08 11:33:37.294,2026-09-08 11:33:37.294,1
@raw/04_第四批_20260908_1053_多火点与余热点/02_激光打点与定位验证/01_事后打点候选/无人机01_1581F7K3C251800CYBVP/DJI_202609081117_006/DJI_20260908113147_0011_S.MP4,B4,uav-01,S,149.80,2.14,109.409,109.409,3276,3276,2026-09-08 11:33:37.328,2026-09-08 11:33:37.328,1
@raw/04_第四批_20260908_1053_多火点与余热点/02_激光打点与定位验证/01_事后打点候选/无人机01_1581F7K3C251800CYBVP/DJI_202609081117_006/DJI_20260908113147_0011_S.MP4,B4,uav-01,S,150.70,2.15,109.443,109.443,3277,3277,2026-09-08 11:33:37.365,2026-09-08 11:33:37.365,1
@raw/04_第四批_20260908_1053_多火点与余热点/02_激光打点与定位验证/01_事后打点候选/无人机01_1581F7K3C251800CYBVP/DJI_202609081117_006/DJI_20260908113147_0011_S.MP4,B4,uav-01,S,151.70,2.17,109.476,109.476,3278,3278,2026-09-08 11:33:37.400,2026-09-08 11:33:37.400,1
@raw/04_第四批_20260908_1053_多火点与余热点/02_激光打点与定位验证/01_事后打点候选/无人机01_1581F7K3C251800CYBVP/DJI_202609081117_006/DJI_20260908113147_0011_S.MP4,B4,uav-01,S,152.70,2.18,109.509,109.509,3279,3279,2026-09-08 11:33:37.428,2026-09-08 11:33:37.428,1
@raw/04_第四批_20260908_1053_多火点与余热点/02_激光打点与定位验证/01_事后打点候选/无人机01_1581F7K3C251800CYBVP/DJI_202609081117_006/DJI_20260908113147_0011_S.MP4,B4,uav-01,S,153.70,2.20,109.543,109.543,3280,3280,2026-09-08 11:33:37.462,2026-09-08 11:33:37.462,1
@raw/04_第四批_20260908_1053_多火点与余热点/02_激光打点与定位验证/01_事后打点候选/无人机01_1581F7K3C251800CYBVP/DJI_202609081117_006/DJI_20260908113147_0011_S.MP4,B4,uav-01,S,154.70,2.21,109.576,109.576,3281,3281,2026-09-08 11:33:37.497,2026-09-08 11:33:37.497,1
@raw/04_第四批_20260908_1053_多火点与余热点/02_激光打点与定位验证/01_事后打点候选/无人机01_1581F7K3C251800CYBVP/DJI_202609081117_006/DJI_20260908113147_0011_S.MP4,B4,uav-01,S,155.70,2.22,109.61,109.61,3282,3282,2026-09-08 11:33:37.532,2026-09-08 11:33:37.532,1
@raw/04_第四批_20260908_1053_多火点与余热点/02_激光打点与定位验证/01_事后打点候选/无人机01_1581F7K3C251800CYBVP/DJI_202609081117_006/DJI_20260908113147_0011_S.MP4,B4,uav-01,S,156.70,2.24,109.643,109.643,3283,3283,2026-09-08 11:33:37.560,2026-09-08 11:33:37.560,1
@raw/04_第四批_20260908_1053_多火点与余热点/02_激光打点与定位验证/01_事后打点候选/无人机01_1581F7K3C251800CYBVP/DJI_202609081117_006/DJI_20260908113147_0011_S.MP4,B4,uav-01,S,157.70,2.25,109.676,109.676,3284,3284,2026-09-08 11:33:37.595,2026-09-08 11:33:37.595,1
@raw/04_第四批_20260908_1053_多火点与余热点/02_激光打点与定位验证/01_事后打点候选/无人机01_1581F7K3C251800CYBVP/DJI_202609081117_006/DJI_20260908113147_0011_S.MP4,B4,uav-01,S,158.70,2.27,109.71,109.71,3285,3285,2026-09-08 11:33:37.629,2026-09-08 11:33:37.629,1
@raw/04_第四批_20260908_1053_多火点与余热点/02_激光打点与定位验证/01_事后打点候选/无人机01_1581F7K3C251800CYBVP/DJI_202609081117_006/DJI_20260908113147_0011_S.MP4,B4,uav-01,S,159.80,2.28,109.743,109.743,3286,3286,2026-09-08 11:33:37.663,2026-09-08 11:33:37.663,1
@raw/04_第四批_20260908_1053_多火点与余热点/02_激光打点与定位验证/01_事后打点候选/无人机01_1581F7K3C251800CYBVP/DJI_202609081117_006/DJI_20260908113147_0011_S.MP4,B4,uav-01,S,160.80,2.30,109.776,109.776,3287,3287,2026-09-08 11:33:37.695,2026-09-08 11:33:37.695,1
@raw/04_第四批_20260908_1053_多火点与余热点/02_激光打点与定位验证/01_事后打点候选/无人机01_1581F7K3C251800CYBVP/DJI_202609081117_006/DJI_20260908113147_0011_S.MP4,B4,uav-01,S,161.10,2.30,109.81,110.143,3288,3298,2026-09-08 11:33:37.729,2026-09-08 11:33:38.062,11
@raw/04_第四批_20260908_1053_多火点与余热点/02_激光打点与定位验证/01_事后打点候选/无人机01_1581F7K3C251800CYBVP/DJI_202609081117_006/DJI_20260908113147_0011_S.MP4,B4,uav-01,S,162.00,2.31,110.177,110.21,3299,3300,2026-09-08 11:33:38.095,2026-09-08 11:33:38.129,2
@raw/04_第四批_20260908_1053_多火点与余热点/02_激光打点与定位验证/01_事后打点候选/无人机01_1581F7K3C251800CYBVP/DJI_202609081117_006/DJI_20260908113147_0011_S.MP4,B4,uav-01,S,163.00,2.33,110.243,110.243,3301,3301,2026-09-08 11:33:38.163,2026-09-08 11:33:38.163,1
@raw/04_第四批_20260908_1053_多火点与余热点/02_激光打点与定位验证/01_事后打点候选/无人机01_1581F7K3C251800CYBVP/DJI_202609081117_006/DJI_20260908113147_0011_S.MP4,B4,uav-01,S,163.10,2.33,110.277,110.277,3302,3302,2026-09-08 11:33:38.199,2026-09-08 11:33:38.199,1
@raw/04_第四批_20260908_1053_多火点与余热点/02_激光打点与定位验证/01_事后打点候选/无人机01_1581F7K3C251800CYBVP/DJI_202609081117_006/DJI_20260908113147_0011_S.MP4,B4,uav-01,S,163.30,2.33,110.31,110.31,3303,3303,2026-09-08 11:33:38.230,2026-09-08 11:33:38.230,1
@raw/04_第四批_20260908_1053_多火点与余热点/02_激光打点与定位验证/01_事后打点候选/无人机01_1581F7K3C251800CYBVP/DJI_202609081117_006/DJI_20260908113147_0011_S.MP4,B4,uav-01,S,163.10,2.33,110.344,110.344,3304,3304,2026-09-08 11:33:38.266,2026-09-08 11:33:38.266,1
@raw/04_第四批_20260908_1053_多火点与余热点/02_激光打点与定位验证/01_事后打点候选/无人机01_1581F7K3C251800CYBVP/DJI_202609081117_006/DJI_20260908113147_0011_S.MP4,B4,uav-01,S,162.30,2.32,110.377,110.377,3305,3305,2026-09-08 11:33:38.296,2026-09-08 11:33:38.296,1
@raw/04_第四批_20260908_1053_多火点与余热点/02_激光打点与定位验证/01_事后打点候选/无人机01_1581F7K3C251800CYBVP/DJI_202609081117_006/DJI_20260908113147_0011_S.MP4,B4,uav-01,S,162.20,2.32,110.41,110.41,3306,3306,2026-09-08 11:33:38.330,2026-09-08 11:33:38.330,1
@raw/04_第四批_20260908_1053_多火点与余热点/02_激光打点与定位验证/01_事后打点候选/无人机01_1581F7K3C251800CYBVP/DJI_202609081117_006/DJI_20260908113147_0011_S.MP4,B4,uav-01,S,161.60,2.31,110.444,110.444,3307,3307,2026-09-08 11:33:38.365,2026-09-08 11:33:38.365,1
@raw/04_第四批_20260908_1053_多火点与余热点/02_激光打点与定位验证/01_事后打点候选/无人机01_1581F7K3C251800CYBVP/DJI_202609081117_006/DJI_20260908113147_0011_S.MP4,B4,uav-01,S,161.50,2.31,110.477,110.477,3308,3308,2026-09-08 11:33:38.397,2026-09-08 11:33:38.397,1
@raw/04_第四批_20260908_1053_多火点与余热点/02_激光打点与定位验证/01_事后打点候选/无人机01_1581F7K3C251800CYBVP/DJI_202609081117_006/DJI_20260908113147_0011_S.MP4,B4,uav-01,S,161.30,2.30,110.51,110.51,3309,3309,2026-09-08 11:33:38.430,2026-09-08 11:33:38.430,1
@raw/04_第四批_20260908_1053_多火点与余热点/02_激光打点与定位验证/01_事后打点候选/无人机01_1581F7K3C251800CYBVP/DJI_202609081117_006/DJI_20260908113147_0011_S.MP4,B4,uav-01,S,161.10,2.30,110.544,110.577,3310,3311,2026-09-08 11:33:38.462,2026-09-08 11:33:38.495,2
@raw/04_第四批_20260908_1053_多火点与余热点/02_激光打点与定位验证/01_事后打点候选/无人机01_1581F7K3C251800CYBVP/DJI_202609081117_006/DJI_20260908113147_0011_S.MP4,B4,uav-01,S,161.00,2.30,110.611,110.611,3312,3312,2026-09-08 11:33:38.529,2026-09-08 11:33:38.529,1
@raw/04_第四批_20260908_1053_多火点与余热点/02_激光打点与定位验证/01_事后打点候选/无人机01_1581F7K3C251800CYBVP/DJI_202609081117_006/DJI_20260908113147_0011_S.MP4,B4,uav-01,S,160.50,2.29,110.644,110.644,3313,3313,2026-09-08 11:33:38.562,2026-09-08 11:33:38.562,1
@raw/04_第四批_20260908_1053_多火点与余热点/02_激光打点与定位验证/01_事后打点候选/无人机01_1581F7K3C251800CYBVP/DJI_202609081117_006/DJI_20260908113147_0011_S.MP4,B4,uav-01,S,160.40,2.29,110.677,110.677,3314,3314,2026-09-08 11:33:38.596,2026-09-08 11:33:38.596,1
@raw/04_第四批_20260908_1053_多火点与余热点/02_激光打点与定位验证/01_事后打点候选/无人机01_1581F7K3C251800CYBVP/DJI_202609081117_006/DJI_20260908113147_0011_S.MP4,B4,uav-01,S,160.00,2.29,110.711,110.711,3315,3315,2026-09-08 11:33:38.631,2026-09-08 11:33:38.631,1
@raw/04_第四批_20260908_1053_多火点与余热点/02_激光打点与定位验证/01_事后打点候选/无人机01_1581F7K3C251800CYBVP/DJI_202609081117_006/DJI_20260908113147_0011_S.MP4,B4,uav-01,S,159.90,2.28,110.744,110.744,3316,3316,2026-09-08 11:33:38.661,2026-09-08 11:33:38.661,1
@raw/04_第四批_20260908_1053_多火点与余热点/02_激光打点与定位验证/01_事后打点候选/无人机01_1581F7K3C251800CYBVP/DJI_202609081117_006/DJI_20260908113147_0011_S.MP4,B4,uav-01,S,159.80,2.28,110.777,110.777,3317,3317,2026-09-08 11:33:38.701,2026-09-08 11:33:38.701,1
@raw/04_第四批_20260908_1053_多火点与余热点/02_激光打点与定位验证/01_事后打点候选/无人机01_1581F7K3C251800CYBVP/DJI_202609081117_006/DJI_20260908113147_0011_S.MP4,B4,uav-01,S,159.60,2.28,110.811,110.811,3318,3318,2026-09-08 11:33:38.732,2026-09-08 11:33:38.732,1
@raw/04_第四批_20260908_1053_多火点与余热点/02_激光打点与定位验证/01_事后打点候选/无人机01_1581F7K3C251800CYBVP/DJI_202609081117_006/DJI_20260908113147_0011_S.MP4,B4,uav-01,S,159.20,2.27,110.844,110.844,3319,3319,2026-09-08 11:33:38.762,2026-09-08 11:33:38.762,1
@raw/04_第四批_20260908_1053_多火点与余热点/02_激光打点与定位验证/01_事后打点候选/无人机01_1581F7K3C251800CYBVP/DJI_202609081117_006/DJI_20260908113147_0011_S.MP4,B4,uav-01,S,158.90,2.27,110.877,110.877,3320,3320,2026-09-08 11:33:38.796,2026-09-08 11:33:38.796,1
@raw/04_第四批_20260908_1053_多火点与余热点/02_激光打点与定位验证/01_事后打点候选/无人机01_1581F7K3C251800CYBVP/DJI_202609081117_006/DJI_20260908113147_0011_S.MP4,B4,uav-01,S,158.70,2.27,110.911,110.911,3321,3321,2026-09-08 11:33:38.830,2026-09-08 11:33:38.830,1
@raw/04_第四批_20260908_1053_多火点与余热点/02_激光打点与定位验证/01_事后打点候选/无人机01_1581F7K3C251800CYBVP/DJI_202609081117_006/DJI_20260908113147_0011_S.MP4,B4,uav-01,S,158.60,2.27,110.944,110.944,3322,3322,2026-09-08 11:33:38.866,2026-09-08 11:33:38.866,1
@raw/04_第四批_20260908_1053_多火点与余热点/02_激光打点与定位验证/01_事后打点候选/无人机01_1581F7K3C251800CYBVP/DJI_202609081117_006/DJI_20260908113147_0011_S.MP4,B4,uav-01,S,158.30,2.26,110.978,111.011,3323,3324,2026-09-08 11:33:38.899,2026-09-08 11:33:38.929,2
@raw/04_第四批_20260908_1053_多火点与余热点/02_激光打点与定位验证/01_事后打点候选/无人机01_1581F7K3C251800CYBVP/DJI_202609081117_006/DJI_20260908113147_0011_S.MP4,B4,uav-01,S,158.00,2.26,111.044,111.044,3325,3325,2026-09-08 11:33:38.963,2026-09-08 11:33:38.963,1
@raw/04_第四批_20260908_1053_多火点与余热点/02_激光打点与定位验证/01_事后打点候选/无人机01_1581F7K3C251800CYBVP/DJI_202609081117_006/DJI_20260908113147_0011_S.MP4,B4,uav-01,S,157.60,2.25,111.078,111.078,3326,3326,2026-09-08 11:33:39.000,2026-09-08 11:33:39.000,1
@raw/04_第四批_20260908_1053_多火点与余热点/02_激光打点与定位验证/01_事后打点候选/无人机01_1581F7K3C251800CYBVP/DJI_202609081117_006/DJI_20260908113147_0011_S.MP4,B4,uav-01,S,157.50,2.25,111.111,111.111,3327,3327,2026-09-08 11:33:39.030,2026-09-08 11:33:39.030,1
@raw/04_第四批_20260908_1053_多火点与余热点/02_激光打点与定位验证/01_事后打点候选/无人机01_1581F7K3C251800CYBVP/DJI_202609081117_006/DJI_20260908113147_0011_S.MP4,B4,uav-01,S,157.20,2.25,111.144,111.178,3328,3329,2026-09-08 11:33:39.062,2026-09-08 11:33:39.102,2
@raw/04_第四批_20260908_1053_多火点与余热点/02_激光打点与定位验证/01_事后打点候选/无人机01_1581F7K3C251800CYBVP/DJI_202609081117_006/DJI_20260908113147_0011_S.MP4,B4,uav-01,S,157.00,2.24,111.211,111.211,3330,3330,2026-09-08 11:33:39.134,2026-09-08 11:33:39.134,1
@raw/04_第四批_20260908_1053_多火点与余热点/02_激光打点与定位验证/01_事后打点候选/无人机01_1581F7K3C251800CYBVP/DJI_202609081117_006/DJI_20260908113147_0011_S.MP4,B4,uav-01,S,156.70,2.24,111.244,111.244,3331,3331,2026-09-08 11:33:39.162,2026-09-08 11:33:39.162,1
@raw/04_第四批_20260908_1053_多火点与余热点/02_激光打点与定位验证/01_事后打点候选/无人机01_1581F7K3C251800CYBVP/DJI_202609081117_006/DJI_20260908113147_0011_S.MP4,B4,uav-01,S,156.50,2.24,111.278,111.278,3332,3332,2026-09-08 11:33:39.196,2026-09-08 11:33:39.196,1
@raw/04_第四批_20260908_1053_多火点与余热点/02_激光打点与定位验证/01_事后打点候选/无人机01_1581F7K3C251800CYBVP/DJI_202609081117_006/DJI_20260908113147_0011_S.MP4,B4,uav-01,S,156.30,2.23,111.311,111.311,3333,3333,2026-09-08 11:33:39.229,2026-09-08 11:33:39.229,1
@raw/04_第四批_20260908_1053_多火点与余热点/02_激光打点与定位验证/01_事后打点候选/无人机01_1581F7K3C251800CYBVP/DJI_202609081117_006/DJI_20260908113147_0011_S.MP4,B4,uav-01,S,156.00,2.23,111.345,111.345,3334,3334,2026-09-08 11:33:39.264,2026-09-08 11:33:39.264,1
@raw/04_第四批_20260908_1053_多火点与余热点/02_激光打点与定位验证/01_事后打点候选/无人机01_1581F7K3C251800CYBVP/DJI_202609081117_006/DJI_20260908113147_0011_S.MP4,B4,uav-01,S,155.70,2.22,111.378,111.411,3335,3336,2026-09-08 11:33:39.297,2026-09-08 11:33:39.330,2
@raw/04_第四批_20260908_1053_多火点与余热点/02_激光打点与定位验证/01_事后打点候选/无人机01_1581F7K3C251800CYBVP/DJI_202609081117_006/DJI_20260908113147_0011_S.MP4,B4,uav-01,S,155.30,2.22,111.445,111.445,3337,3337,2026-09-08 11:33:39.363,2026-09-08 11:33:39.363,1
@raw/04_第四批_20260908_1053_多火点与余热点/02_激光打点与定位验证/01_事后打点候选/无人机01_1581F7K3C251800CYBVP/DJI_202609081117_006/DJI_20260908113147_0011_S.MP4,B4,uav-01,S,155.10,2.22,111.478,111.478,3338,3338,2026-09-08 11:33:39.402,2026-09-08 11:33:39.402,1
@raw/04_第四批_20260908_1053_多火点与余热点/02_激光打点与定位验证/01_事后打点候选/无人机01_1581F7K3C251800CYBVP/DJI_202609081117_006/DJI_20260908113147_0011_S.MP4,B4,uav-01,S,155.00,2.21,111.511,111.511,3339,3339,2026-09-08 11:33:39.430,2026-09-08 11:33:39.430,1
@raw/04_第四批_20260908_1053_多火点与余热点/02_激光打点与定位验证/01_事后打点候选/无人机01_1581F7K3C251800CYBVP/DJI_202609081117_006/DJI_20260908113147_0011_S.MP4,B4,uav-01,S,154.80,2.21,111.545,111.545,3340,3340,2026-09-08 11:33:39.463,2026-09-08 11:33:39.463,1
@raw/04_第四批_20260908_1053_多火点与余热点/02_激光打点与定位验证/01_事后打点候选/无人机01_1581F7K3C251800CYBVP/DJI_202609081117_006/DJI_20260908113147_0011_S.MP4,B4,uav-01,S,154.70,2.21,111.578,111.578,3341,3341,2026-09-08 11:33:39.498,2026-09-08 11:33:39.498,1
@raw/04_第四批_20260908_1053_多火点与余热点/02_激光打点与定位验证/01_事后打点候选/无人机01_1581F7K3C251800CYBVP/DJI_202609081117_006/DJI_20260908113147_0011_S.MP4,B4,uav-01,S,154.30,2.20,111.612,111.612,3342,3342,2026-09-08 11:33:39.531,2026-09-08 11:33:39.531,1
@raw/04_第四批_20260908_1053_多火点与余热点/02_激光打点与定位验证/01_事后打点候选/无人机01_1581F7K3C251800CYBVP/DJI_202609081117_006/DJI_20260908113147_0011_S.MP4,B4,uav-01,S,154.10,2.20,111.645,111.645,3343,3343,2026-09-08 11:33:39.567,2026-09-08 11:33:39.567,1
@raw/04_第四批_20260908_1053_多火点与余热点/02_激光打点与定位验证/01_事后打点候选/无人机01_1581F7K3C251800CYBVP/DJI_202609081117_006/DJI_20260908113147_0011_S.MP4,B4,uav-01,S,154.00,2.20,111.678,111.678,3344,3344,2026-09-08 11:33:39.597,2026-09-08 11:33:39.597,1
@raw/04_第四批_20260908_1053_多火点与余热点/02_激光打点与定位验证/01_事后打点候选/无人机01_1581F7K3C251800CYBVP/DJI_202609081117_006/DJI_20260908113147_0011_S.MP4,B4,uav-01,S,153.70,2.20,111.712,111.712,3345,3345,2026-09-08 11:33:39.630,2026-09-08 11:33:39.630,1
@raw/04_第四批_20260908_1053_多火点与余热点/02_激光打点与定位验证/01_事后打点候选/无人机01_1581F7K3C251800CYBVP/DJI_202609081117_006/DJI_20260908113147_0011_S.MP4,B4,uav-01,S,153.50,2.19,111.745,111.745,3346,3346,2026-09-08 11:33:39.665,2026-09-08 11:33:39.665,1
@raw/04_第四批_20260908_1053_多火点与余热点/02_激光打点与定位验证/01_事后打点候选/无人机01_1581F7K3C251800CYBVP/DJI_202609081117_006/DJI_20260908113147_0011_S.MP4,B4,uav-01,S,153.40,2.19,111.778,111.778,3347,3347,2026-09-08 11:33:39.699,2026-09-08 11:33:39.699,1
@raw/04_第四批_20260908_1053_多火点与余热点/02_激光打点与定位验证/01_事后打点候选/无人机01_1581F7K3C251800CYBVP/DJI_202609081117_006/DJI_20260908113147_0011_S.MP4,B4,uav-01,S,153.30,2.19,111.812,111.812,3348,3348,2026-09-08 11:33:39.730,2026-09-08 11:33:39.730,1
@raw/04_第四批_20260908_1053_多火点与余热点/02_激光打点与定位验证/01_事后打点候选/无人机01_1581F7K3C251800CYBVP/DJI_202609081117_006/DJI_20260908113147_0011_S.MP4,B4,uav-01,S,153.00,2.19,111.845,111.845,3349,3349,2026-09-08 11:33:39.765,2026-09-08 11:33:39.765,1
@raw/04_第四批_20260908_1053_多火点与余热点/02_激光打点与定位验证/01_事后打点候选/无人机01_1581F7K3C251800CYBVP/DJI_202609081117_006/DJI_20260908113147_0011_S.MP4,B4,uav-01,S,152.80,2.18,111.878,111.878,3350,3350,2026-09-08 11:33:39.800,2026-09-08 11:33:39.800,1
@raw/04_第四批_20260908_1053_多火点与余热点/02_激光打点与定位验证/01_事后打点候选/无人机01_1581F7K3C251800CYBVP/DJI_202609081117_006/DJI_20260908113147_0011_S.MP4,B4,uav-01,S,152.50,2.18,111.912,111.912,3351,3351,2026-09-08 11:33:39.829,2026-09-08 11:33:39.829,1
@raw/04_第四批_20260908_1053_多火点与余热点/02_激光打点与定位验证/01_事后打点候选/无人机01_1581F7K3C251800CYBVP/DJI_202609081117_006/DJI_20260908113147_0011_S.MP4,B4,uav-01,S,152.20,2.17,111.945,111.945,3352,3352,2026-09-08 11:33:39.867,2026-09-08 11:33:39.867,1
@raw/04_第四批_20260908_1053_多火点与余热点/02_激光打点与定位验证/01_事后打点候选/无人机01_1581F7K3C251800CYBVP/DJI_202609081117_006/DJI_20260908113147_0011_S.MP4,B4,uav-01,S,152.00,2.17,111.979,112.012,3353,3354,2026-09-08 11:33:39.901,2026-09-08 11:33:39.930,2
@raw/04_第四批_20260908_1053_多火点与余热点/02_激光打点与定位验证/01_事后打点候选/无人机01_1581F7K3C251800CYBVP/DJI_202609081117_006/DJI_20260908113147_0011_S.MP4,B4,uav-01,S,151.70,2.17,112.045,112.045,3355,3355,2026-09-08 11:33:39.969,2026-09-08 11:33:39.969,1
@raw/04_第四批_20260908_1053_多火点与余热点/02_激光打点与定位验证/01_事后打点候选/无人机01_1581F7K3C251800CYBVP/DJI_202609081117_006/DJI_20260908113147_0011_S.MP4,B4,uav-01,S,151.60,2.17,112.079,112.079,3356,3356,2026-09-08 11:33:40.001,2026-09-08 11:33:40.001,1
@raw/04_第四批_20260908_1053_多火点与余热点/02_激光打点与定位验证/01_事后打点候选/无人机01_1581F7K3C251800CYBVP/DJI_202609081117_006/DJI_20260908113147_0011_S.MP4,B4,uav-01,S,151.40,2.16,112.112,112.112,3357,3357,2026-09-08 11:33:40.030,2026-09-08 11:33:40.030,1
@raw/04_第四批_20260908_1053_多火点与余热点/02_激光打点与定位验证/01_事后打点候选/无人机01_1581F7K3C251800CYBVP/DJI_202609081117_006/DJI_20260908113147_0011_S.MP4,B4,uav-01,S,151.00,2.16,112.145,112.145,3358,3358,2026-09-08 11:33:40.069,2026-09-08 11:33:40.069,1
@raw/04_第四批_20260908_1053_多火点与余热点/02_激光打点与定位验证/01_事后打点候选/无人机01_1581F7K3C251800CYBVP/DJI_202609081117_006/DJI_20260908113147_0011_S.MP4,B4,uav-01,S,150.80,2.15,112.179,112.212,3359,3360,2026-09-08 11:33:40.101,2026-09-08 11:33:40.134,2
@raw/04_第四批_20260908_1053_多火点与余热点/02_激光打点与定位验证/01_事后打点候选/无人机01_1581F7K3C251800CYBVP/DJI_202609081117_006/DJI_20260908113147_0011_S.MP4,B4,uav-01,S,150.50,2.15,112.245,112.245,3361,3361,2026-09-08 11:33:40.164,2026-09-08 11:33:40.164,1
@raw/04_第四批_20260908_1053_多火点与余热点/02_激光打点与定位验证/01_事后打点候选/无人机01_1581F7K3C251800CYBVP/DJI_202609081117_006/DJI_20260908113147_0011_S.MP4,B4,uav-01,S,150.00,2.14,112.279,112.279,3362,3362,2026-09-08 11:33:40.201,2026-09-08 11:33:40.201,1
@raw/04_第四批_20260908_1053_多火点与余热点/02_激光打点与定位验证/01_事后打点候选/无人机01_1581F7K3C251800CYBVP/DJI_202609081117_006/DJI_20260908113147_0011_S.MP4,B4,uav-01,S,149.70,2.14,112.312,112.312,3363,3363,2026-09-08 11:33:40.230,2026-09-08 11:33:40.230,1
@raw/04_第四批_20260908_1053_多火点与余热点/02_激光打点与定位验证/01_事后打点候选/无人机01_1581F7K3C251800CYBVP/DJI_202609081117_006/DJI_20260908113147_0011_S.MP4,B4,uav-01,S,149.60,2.14,112.346,112.346,3364,3364,2026-09-08 11:33:40.263,2026-09-08 11:33:40.263,1
@raw/04_第四批_20260908_1053_多火点与余热点/02_激光打点与定位验证/01_事后打点候选/无人机01_1581F7K3C251800CYBVP/DJI_202609081117_006/DJI_20260908113147_0011_S.MP4,B4,uav-01,S,149.00,2.13,112.379,112.379,3365,3365,2026-09-08 11:33:40.302,2026-09-08 11:33:40.302,1
@raw/04_第四批_20260908_1053_多火点与余热点/02_激光打点与定位验证/01_事后打点候选/无人机01_1581F7K3C251800CYBVP/DJI_202609081117_006/DJI_20260908113147_0011_S.MP4,B4,uav-01,S,148.70,2.12,112.412,112.412,3366,3366,2026-09-08 11:33:40.335,2026-09-08 11:33:40.335,1
@raw/04_第四批_20260908_1053_多火点与余热点/02_激光打点与定位验证/01_事后打点候选/无人机01_1581F7K3C251800CYBVP/DJI_202609081117_006/DJI_20260908113147_0011_S.MP4,B4,uav-01,S,148.10,2.12,112.446,112.446,3367,3367,2026-09-08 11:33:40.368,2026-09-08 11:33:40.368,1
@raw/04_第四批_20260908_1053_多火点与余热点/02_激光打点与定位验证/01_事后打点候选/无人机01_1581F7K3C251800CYBVP/DJI_202609081117_006/DJI_20260908113147_0011_S.MP4,B4,uav-01,S,147.90,2.11,112.479,112.479,3368,3368,2026-09-08 11:33:40.403,2026-09-08 11:33:40.403,1
@raw/04_第四批_20260908_1053_多火点与余热点/02_激光打点与定位验证/01_事后打点候选/无人机01_1581F7K3C251800CYBVP/DJI_202609081117_006/DJI_20260908113147_0011_S.MP4,B4,uav-01,S,147.30,2.10,112.512,112.512,3369,3369,2026-09-08 11:33:40.431,2026-09-08 11:33:40.431,1
@raw/04_第四批_20260908_1053_多火点与余热点/02_激光打点与定位验证/01_事后打点候选/无人机01_1581F7K3C251800CYBVP/DJI_202609081117_006/DJI_20260908113147_0011_S.MP4,B4,uav-01,S,146.90,2.10,112.546,112.546,3370,3370,2026-09-08 11:33:40.465,2026-09-08 11:33:40.465,1
@raw/04_第四批_20260908_1053_多火点与余热点/02_激光打点与定位验证/01_事后打点候选/无人机01_1581F7K3C251800CYBVP/DJI_202609081117_006/DJI_20260908113147_0011_S.MP4,B4,uav-01,S,146.20,2.09,112.579,112.579,3371,3371,2026-09-08 11:33:40.498,2026-09-08 11:33:40.498,1
@raw/04_第四批_20260908_1053_多火点与余热点/02_激光打点与定位验证/01_事后打点候选/无人机01_1581F7K3C251800CYBVP/DJI_202609081117_006/DJI_20260908113147_0011_S.MP4,B4,uav-01,S,146.10,2.09,112.613,112.613,3372,3372,2026-09-08 11:33:40.535,2026-09-08 11:33:40.535,1
@raw/04_第四批_20260908_1053_多火点与余热点/02_激光打点与定位验证/01_事后打点候选/无人机01_1581F7K3C251800CYBVP/DJI_202609081117_006/DJI_20260908113147_0011_S.MP4,B4,uav-01,S,145.40,2.08,112.646,112.646,3373,3373,2026-09-08 11:33:40.567,2026-09-08 11:33:40.567,1
@raw/04_第四批_20260908_1053_多火点与余热点/02_激光打点与定位验证/01_事后打点候选/无人机01_1581F7K3C251800CYBVP/DJI_202609081117_006/DJI_20260908113147_0011_S.MP4,B4,uav-01,S,145.20,2.07,112.679,112.679,3374,3374,2026-09-08 11:33:40.603,2026-09-08 11:33:40.603,1
@raw/04_第四批_20260908_1053_多火点与余热点/02_激光打点与定位验证/01_事后打点候选/无人机01_1581F7K3C251800CYBVP/DJI_202609081117_006/DJI_20260908113147_0011_S.MP4,B4,uav-01,S,144.30,2.06,112.713,112.746,3375,3376,2026-09-08 11:33:40.631,2026-09-08 11:33:40.664,2
@raw/04_第四批_20260908_1053_多火点与余热点/02_激光打点与定位验证/01_事后打点候选/无人机01_1581F7K3C251800CYBVP/DJI_202609081117_006/DJI_20260908113147_0011_S.MP4,B4,uav-01,S,143.50,2.05,112.779,112.779,3377,3377,2026-09-08 11:33:40.702,2026-09-08 11:33:40.702,1
@raw/04_第四批_20260908_1053_多火点与余热点/02_激光打点与定位验证/01_事后打点候选/无人机01_1581F7K3C251800CYBVP/DJI_202609081117_006/DJI_20260908113147_0011_S.MP4,B4,uav-01,S,143.20,2.05,112.813,112.813,3378,3378,2026-09-08 11:33:40.731,2026-09-08 11:33:40.731,1
@raw/04_第四批_20260908_1053_多火点与余热点/02_激光打点与定位验证/01_事后打点候选/无人机01_1581F7K3C251800CYBVP/DJI_202609081117_006/DJI_20260908113147_0011_S.MP4,B4,uav-01,S,142.40,2.03,112.846,112.846,3379,3379,2026-09-08 11:33:40.765,2026-09-08 11:33:40.765,1
@raw/04_第四批_20260908_1053_多火点与余热点/02_激光打点与定位验证/01_事后打点候选/无人机01_1581F7K3C251800CYBVP/DJI_202609081117_006/DJI_20260908113147_0011_S.MP4,B4,uav-01,S,142.20,2.03,112.879,112.879,3380,3380,2026-09-08 11:33:40.798,2026-09-08 11:33:40.798,1
@raw/04_第四批_20260908_1053_多火点与余热点/02_激光打点与定位验证/01_事后打点候选/无人机01_1581F7K3C251800CYBVP/DJI_202609081117_006/DJI_20260908113147_0011_S.MP4,B4,uav-01,S,141.60,2.02,112.913,112.913,3381,3381,2026-09-08 11:33:40.831,2026-09-08 11:33:40.831,1
@raw/04_第四批_20260908_1053_多火点与余热点/02_激光打点与定位验证/01_事后打点候选/无人机01_1581F7K3C251800CYBVP/DJI_202609081117_006/DJI_20260908113147_0011_S.MP4,B4,uav-01,S,141.40,2.02,112.946,112.946,3382,3382,2026-09-08 11:33:40.864,2026-09-08 11:33:40.864,1
@raw/04_第四批_20260908_1053_多火点与余热点/02_激光打点与定位验证/01_事后打点候选/无人机01_1581F7K3C251800CYBVP/DJI_202609081117_006/DJI_20260908113147_0011_S.MP4,B4,uav-01,S,140.50,2.01,112.98,112.98,3383,3383,2026-09-08 11:33:40.901,2026-09-08 11:33:40.901,1
@raw/04_第四批_20260908_1053_多火点与余热点/02_激光打点与定位验证/01_事后打点候选/无人机01_1581F7K3C251800CYBVP/DJI_202609081117_006/DJI_20260908113147_0011_S.MP4,B4,uav-01,S,140.40,2.01,113.013,113.013,3384,3384,2026-09-08 11:33:40.930,2026-09-08 11:33:40.930,1
@raw/04_第四批_20260908_1053_多火点与余热点/02_激光打点与定位验证/01_事后打点候选/无人机01_1581F7K3C251800CYBVP/DJI_202609081117_006/DJI_20260908113147_0011_S.MP4,B4,uav-01,S,139.60,1.99,113.046,113.046,3385,3385,2026-09-08 11:33:40.966,2026-09-08 11:33:40.966,1
@raw/04_第四批_20260908_1053_多火点与余热点/02_激光打点与定位验证/01_事后打点候选/无人机01_1581F7K3C251800CYBVP/DJI_202609081117_006/DJI_20260908113147_0011_S.MP4,B4,uav-01,S,139.20,1.99,113.08,113.08,3386,3386,2026-09-08 11:33:41.002,2026-09-08 11:33:41.002,1
@raw/04_第四批_20260908_1053_多火点与余热点/02_激光打点与定位验证/01_事后打点候选/无人机01_1581F7K3C251800CYBVP/DJI_202609081117_006/DJI_20260908113147_0011_S.MP4,B4,uav-01,S,138.70,1.98,113.113,113.113,3387,3387,2026-09-08 11:33:41.034,2026-09-08 11:33:41.034,1
@raw/04_第四批_20260908_1053_多火点与余热点/02_激光打点与定位验证/01_事后打点候选/无人机01_1581F7K3C251800CYBVP/DJI_202609081117_006/DJI_20260908113147_0011_S.MP4,B4,uav-01,S,138.30,1.98,113.146,113.146,3388,3388,2026-09-08 11:33:41.066,2026-09-08 11:33:41.066,1
@raw/04_第四批_20260908_1053_多火点与余热点/02_激光打点与定位验证/01_事后打点候选/无人机01_1581F7K3C251800CYBVP/DJI_202609081117_006/DJI_20260908113147_0011_S.MP4,B4,uav-01,S,137.70,1.97,113.18,113.18,3389,3389,2026-09-08 11:33:41.105,2026-09-08 11:33:41.105,1
@raw/04_第四批_20260908_1053_多火点与余热点/02_激光打点与定位验证/01_事后打点候选/无人机01_1581F7K3C251800CYBVP/DJI_202609081117_006/DJI_20260908113147_0011_S.MP4,B4,uav-01,S,137.50,1.96,113.213,113.213,3390,3390,2026-09-08 11:33:41.136,2026-09-08 11:33:41.136,1
@raw/04_第四批_20260908_1053_多火点与余热点/02_激光打点与定位验证/01_事后打点候选/无人机01_1581F7K3C251800CYBVP/DJI_202609081117_006/DJI_20260908113147_0011_S.MP4,B4,uav-01,S,136.80,1.95,113.246,113.246,3391,3391,2026-09-08 11:33:41.164,2026-09-08 11:33:41.164,1
@raw/04_第四批_20260908_1053_多火点与余热点/02_激光打点与定位验证/01_事后打点候选/无人机01_1581F7K3C251800CYBVP/DJI_202609081117_006/DJI_20260908113147_0011_S.MP4,B4,uav-01,S,136.50,1.95,113.28,113.28,3392,3392,2026-09-08 11:33:41.199,2026-09-08 11:33:41.199,1
@raw/04_第四批_20260908_1053_多火点与余热点/02_激光打点与定位验证/01_事后打点候选/无人机01_1581F7K3C251800CYBVP/DJI_202609081117_006/DJI_20260908113147_0011_S.MP4,B4,uav-01,S,135.90,1.94,113.313,113.313,3393,3393,2026-09-08 11:33:41.232,2026-09-08 11:33:41.232,1
@raw/04_第四批_20260908_1053_多火点与余热点/02_激光打点与定位验证/01_事后打点候选/无人机01_1581F7K3C251800CYBVP/DJI_202609081117_006/DJI_20260908113147_0011_S.MP4,B4,uav-01,S,135.80,1.94,113.347,113.347,3394,3394,2026-09-08 11:33:41.268,2026-09-08 11:33:41.268,1
@raw/04_第四批_20260908_1053_多火点与余热点/02_激光打点与定位验证/01_事后打点候选/无人机01_1581F7K3C251800CYBVP/DJI_202609081117_006/DJI_20260908113147_0011_S.MP4,B4,uav-01,S,135.00,1.93,113.38,113.38,3395,3395,2026-09-08 11:33:41.299,2026-09-08 11:33:41.299,1
@raw/04_第四批_20260908_1053_多火点与余热点/02_激光打点与定位验证/01_事后打点候选/无人机01_1581F7K3C251800CYBVP/DJI_202609081117_006/DJI_20260908113147_0011_S.MP4,B4,uav-01,S,134.80,1.93,113.413,113.413,3396,3396,2026-09-08 11:33:41.332,2026-09-08 11:33:41.332,1
@raw/04_第四批_20260908_1053_多火点与余热点/02_激光打点与定位验证/01_事后打点候选/无人机01_1581F7K3C251800CYBVP/DJI_202609081117_006/DJI_20260908113147_0011_S.MP4,B4,uav-01,S,134.10,1.92,113.447,113.447,3397,3397,2026-09-08 11:33:41.365,2026-09-08 11:33:41.365,1
@raw/04_第四批_20260908_1053_多火点与余热点/02_激光打点与定位验证/01_事后打点候选/无人机01_1581F7K3C251800CYBVP/DJI_202609081117_006/DJI_20260908113147_0011_S.MP4,B4,uav-01,S,133.90,1.91,113.48,113.48,3398,3398,2026-09-08 11:33:41.398,2026-09-08 11:33:41.398,1
@raw/04_第四批_20260908_1053_多火点与余热点/02_激光打点与定位验证/01_事后打点候选/无人机01_1581F7K3C251800CYBVP/DJI_202609081117_006/DJI_20260908113147_0011_S.MP4,B4,uav-01,S,133.40,1.91,113.513,113.513,3399,3399,2026-09-08 11:33:41.432,2026-09-08 11:33:41.432,1
@raw/04_第四批_20260908_1053_多火点与余热点/02_激光打点与定位验证/01_事后打点候选/无人机01_1581F7K3C251800CYBVP/DJI_202609081117_006/DJI_20260908113147_0011_S.MP4,B4,uav-01,S,133.30,1.90,113.547,113.547,3400,3400,2026-09-08 11:33:41.465,2026-09-08 11:33:41.465,1
@raw/04_第四批_20260908_1053_多火点与余热点/02_激光打点与定位验证/01_事后打点候选/无人机01_1581F7K3C251800CYBVP/DJI_202609081117_006/DJI_20260908113147_0011_S.MP4,B4,uav-01,S,132.50,1.89,113.58,113.58,3401,3401,2026-09-08 11:33:41.502,2026-09-08 11:33:41.502,1
@raw/04_第四批_20260908_1053_多火点与余热点/02_激光打点与定位验证/01_事后打点候选/无人机01_1581F7K3C251800CYBVP/DJI_202609081117_006/DJI_20260908113147_0011_S.MP4,B4,uav-01,S,132.40,1.89,113.614,113.614,3402,3402,2026-09-08 11:33:41.531,2026-09-08 11:33:41.531,1
@raw/04_第四批_20260908_1053_多火点与余热点/02_激光打点与定位验证/01_事后打点候选/无人机01_1581F7K3C251800CYBVP/DJI_202609081117_006/DJI_20260908113147_0011_S.MP4,B4,uav-01,S,131.80,1.88,113.647,113.647,3403,3403,2026-09-08 11:33:41.565,2026-09-08 11:33:41.565,1
@raw/04_第四批_20260908_1053_多火点与余热点/02_激光打点与定位验证/01_事后打点候选/无人机01_1581F7K3C251800CYBVP/DJI_202609081117_006/DJI_20260908113147_0011_S.MP4,B4,uav-01,S,131.50,1.88,113.68,113.68,3404,3404,2026-09-08 11:33:41.599,2026-09-08 11:33:41.599,1
@raw/04_第四批_20260908_1053_多火点与余热点/02_激光打点与定位验证/01_事后打点候选/无人机01_1581F7K3C251800CYBVP/DJI_202609081117_006/DJI_20260908113147_0011_S.MP4,B4,uav-01,S,131.00,1.87,113.714,113.714,3405,3405,2026-09-08 11:33:41.632,2026-09-08 11:33:41.632,1
@raw/04_第四批_20260908_1053_多火点与余热点/02_激光打点与定位验证/01_事后打点候选/无人机01_1581F7K3C251800CYBVP/DJI_202609081117_006/DJI_20260908113147_0011_S.MP4,B4,uav-01,S,130.80,1.87,113.747,113.747,3406,3406,2026-09-08 11:33:41.668,2026-09-08 11:33:41.668,1
@raw/04_第四批_20260908_1053_多火点与余热点/02_激光打点与定位验证/01_事后打点候选/无人机01_1581F7K3C251800CYBVP/DJI_202609081117_006/DJI_20260908113147_0011_S.MP4,B4,uav-01,S,130.30,1.86,113.78,113.78,3407,3407,2026-09-08 11:33:41.700,2026-09-08 11:33:41.700,1
@raw/04_第四批_20260908_1053_多火点与余热点/02_激光打点与定位验证/01_事后打点候选/无人机01_1581F7K3C251800CYBVP/DJI_202609081117_006/DJI_20260908113147_0011_S.MP4,B4,uav-01,S,130.00,1.86,113.814,113.814,3408,3408,2026-09-08 11:33:41.738,2026-09-08 11:33:41.738,1
@raw/04_第四批_20260908_1053_多火点与余热点/02_激光打点与定位验证/01_事后打点候选/无人机01_1581F7K3C251800CYBVP/DJI_202609081117_006/DJI_20260908113147_0011_S.MP4,B4,uav-01,S,129.50,1.85,113.847,113.847,3409,3409,2026-09-08 11:33:41.769,2026-09-08 11:33:41.769,1
@raw/04_第四批_20260908_1053_多火点与余热点/02_激光打点与定位验证/01_事后打点候选/无人机01_1581F7K3C251800CYBVP/DJI_202609081117_006/DJI_20260908113147_0011_S.MP4,B4,uav-01,S,129.40,1.85,113.88,113.88,3410,3410,2026-09-08 11:33:41.801,2026-09-08 11:33:41.801,1
@raw/04_第四批_20260908_1053_多火点与余热点/02_激光打点与定位验证/01_事后打点候选/无人机01_1581F7K3C251800CYBVP/DJI_202609081117_006/DJI_20260908113147_0011_S.MP4,B4,uav-01,S,128.80,1.84,113.914,113.914,3411,3411,2026-09-08 11:33:41.832,2026-09-08 11:33:41.832,1
@raw/04_第四批_20260908_1053_多火点与余热点/02_激光打点与定位验证/01_事后打点候选/无人机01_1581F7K3C251800CYBVP/DJI_202609081117_006/DJI_20260908113147_0011_S.MP4,B4,uav-01,S,128.60,1.84,113.947,113.947,3412,3412,2026-09-08 11:33:41.866,2026-09-08 11:33:41.866,1
@raw/04_第四批_20260908_1053_多火点与余热点/02_激光打点与定位验证/01_事后打点候选/无人机01_1581F7K3C251800CYBVP/DJI_202609081117_006/DJI_20260908113147_0011_S.MP4,B4,uav-01,S,128.10,1.83,113.981,114.014,3413,3414,2026-09-08 11:33:41.904,2026-09-08 11:33:41.932,2
@raw/04_第四批_20260908_1053_多火点与余热点/02_激光打点与定位验证/01_事后打点候选/无人机01_1581F7K3C251800CYBVP/DJI_202609081117_006/DJI_20260908113147_0011_S.MP4,B4,uav-01,S,127.40,1.82,114.047,114.047,3415,3415,2026-09-08 11:33:41.968,2026-09-08 11:33:41.968,1
@raw/04_第四批_20260908_1053_多火点与余热点/02_激光打点与定位验证/01_事后打点候选/无人机01_1581F7K3C251800CYBVP/DJI_202609081117_006/DJI_20260908113147_0011_S.MP4,B4,uav-01,S,127.30,1.82,114.081,114.081,3416,3416,2026-09-08 11:33:42.004,2026-09-08 11:33:42.004,1
@raw/04_第四批_20260908_1053_多火点与余热点/02_激光打点与定位验证/01_事后打点候选/无人机01_1581F7K3C251800CYBVP/DJI_202609081117_006/DJI_20260908113147_0011_S.MP4,B4,uav-01,S,126.80,1.81,114.114,114.114,3417,3417,2026-09-08 11:33:42.034,2026-09-08 11:33:42.034,1
@raw/04_第四批_20260908_1053_多火点与余热点/02_激光打点与定位验证/01_事后打点候选/无人机01_1581F7K3C251800CYBVP/DJI_202609081117_006/DJI_20260908113147_0011_S.MP4,B4,uav-01,S,126.70,1.81,114.147,114.147,3418,3418,2026-09-08 11:33:42.067,2026-09-08 11:33:42.067,1
@raw/04_第四批_20260908_1053_多火点与余热点/02_激光打点与定位验证/01_事后打点候选/无人机01_1581F7K3C251800CYBVP/DJI_202609081117_006/DJI_20260908113147_0011_S.MP4,B4,uav-01,S,126.10,1.80,114.181,114.214,3419,3420,2026-09-08 11:33:42.099,2026-09-08 11:33:42.138,2
@raw/04_第四批_20260908_1053_多火点与余热点/02_激光打点与定位验证/01_事后打点候选/无人机01_1581F7K3C251800CYBVP/DJI_202609081117_006/DJI_20260908113147_0011_S.MP4,B4,uav-01,S,125.50,1.79,114.247,114.247,3421,3421,2026-09-08 11:33:42.166,2026-09-08 11:33:42.166,1
@raw/04_第四批_20260908_1053_多火点与余热点/02_激光打点与定位验证/01_事后打点候选/无人机01_1581F7K3C251800CYBVP/DJI_202609081117_006/DJI_20260908113147_0011_S.MP4,B4,uav-01,S,125.20,1.79,114.281,114.281,3422,3422,2026-09-08 11:33:42.200,2026-09-08 11:33:42.200,1
@raw/04_第四批_20260908_1053_多火点与余热点/02_激光打点与定位验证/01_事后打点候选/无人机01_1581F7K3C251800CYBVP/DJI_202609081117_006/DJI_20260908113147_0011_S.MP4,B4,uav-01,S,124.80,1.78,114.314,114.314,3423,3423,2026-09-08 11:33:42.233,2026-09-08 11:33:42.233,1
@raw/04_第四批_20260908_1053_多火点与余热点/02_激光打点与定位验证/01_事后打点候选/无人机01_1581F7K3C251800CYBVP/DJI_202609081117_006/DJI_20260908113147_0011_S.MP4,B4,uav-01,S,124.70,1.78,114.348,114.348,3424,3424,2026-09-08 11:33:42.266,2026-09-08 11:33:42.266,1
@raw/04_第四批_20260908_1053_多火点与余热点/02_激光打点与定位验证/01_事后打点候选/无人机01_1581F7K3C251800CYBVP/DJI_202609081117_006/DJI_20260908113147_0011_S.MP4,B4,uav-01,S,124.20,1.77,114.381,114.381,3425,3425,2026-09-08 11:33:42.300,2026-09-08 11:33:42.300,1
@raw/04_第四批_20260908_1053_多火点与余热点/02_激光打点与定位验证/01_事后打点候选/无人机01_1581F7K3C251800CYBVP/DJI_202609081117_006/DJI_20260908113147_0011_S.MP4,B4,uav-01,S,124.00,1.77,114.414,114.414,3426,3426,2026-09-08 11:33:42.334,2026-09-08 11:33:42.334,1
@raw/04_第四批_20260908_1053_多火点与余热点/02_激光打点与定位验证/01_事后打点候选/无人机01_1581F7K3C251800CYBVP/DJI_202609081117_006/DJI_20260908113147_0011_S.MP4,B4,uav-01,S,123.50,1.76,114.448,114.448,3427,3427,2026-09-08 11:33:42.367,2026-09-08 11:33:42.367,1
@raw/04_第四批_20260908_1053_多火点与余热点/02_激光打点与定位验证/01_事后打点候选/无人机01_1581F7K3C251800CYBVP/DJI_202609081117_006/DJI_20260908113147_0011_S.MP4,B4,uav-01,S,123.30,1.76,114.481,114.514,3428,3429,2026-09-08 11:33:42.404,2026-09-08 11:33:42.433,2
@raw/04_第四批_20260908_1053_多火点与余热点/02_激光打点与定位验证/01_事后打点候选/无人机01_1581F7K3C251800CYBVP/DJI_202609081117_006/DJI_20260908113147_0011_S.MP4,B4,uav-01,S,122.60,1.75,114.548,114.548,3430,3430,2026-09-08 11:33:42.466,2026-09-08 11:33:42.466,1
@raw/04_第四批_20260908_1053_多火点与余热点/02_激光打点与定位验证/01_事后打点候选/无人机01_1581F7K3C251800CYBVP/DJI_202609081117_006/DJI_20260908113147_0011_S.MP4,B4,uav-01,S,122.20,1.75,114.581,114.581,3431,3431,2026-09-08 11:33:42.500,2026-09-08 11:33:42.500,1
@raw/04_第四批_20260908_1053_多火点与余热点/02_激光打点与定位验证/01_事后打点候选/无人机01_1581F7K3C251800CYBVP/DJI_202609081117_006/DJI_20260908113147_0011_S.MP4,B4,uav-01,S,122.10,1.74,114.615,114.615,3432,3432,2026-09-08 11:33:42.536,2026-09-08 11:33:42.536,1
@raw/04_第四批_20260908_1053_多火点与余热点/02_激光打点与定位验证/01_事后打点候选/无人机01_1581F7K3C251800CYBVP/DJI_202609081117_006/DJI_20260908113147_0011_S.MP4,B4,uav-01,S,121.80,1.74,114.648,114.648,3433,3433,2026-09-08 11:33:42.567,2026-09-08 11:33:42.567,1
@raw/04_第四批_20260908_1053_多火点与余热点/02_激光打点与定位验证/01_事后打点候选/无人机01_1581F7K3C251800CYBVP/DJI_202609081117_006/DJI_20260908113147_0011_S.MP4,B4,uav-01,S,121.70,1.74,114.681,114.681,3434,3434,2026-09-08 11:33:42.599,2026-09-08 11:33:42.599,1
@raw/04_第四批_20260908_1053_多火点与余热点/02_激光打点与定位验证/01_事后打点候选/无人机01_1581F7K3C251800CYBVP/DJI_202609081117_006/DJI_20260908113147_0011_S.MP4,B4,uav-01,S,120.90,1.73,114.715,114.748,3435,3436,2026-09-08 11:33:42.635,2026-09-08 11:33:42.666,2
@raw/04_第四批_20260908_1053_多火点与余热点/02_激光打点与定位验证/01_事后打点候选/无人机01_1581F7K3C251800CYBVP/DJI_202609081117_006/DJI_20260908113147_0011_S.MP4,B4,uav-01,S,120.40,1.72,114.781,114.815,3437,3438,2026-09-08 11:33:42.702,2026-09-08 11:33:42.733,2
@raw/04_第四批_20260908_1053_多火点与余热点/02_激光打点与定位验证/01_事后打点候选/无人机01_1581F7K3C251800CYBVP/DJI_202609081117_006/DJI_20260908113147_0011_S.MP4,B4,uav-01,S,119.70,1.71,114.848,114.848,3439,3439,2026-09-08 11:33:42.773,2026-09-08 11:33:42.773,1
@raw/04_第四批_20260908_1053_多火点与余热点/02_激光打点与定位验证/01_事后打点候选/无人机01_1581F7K3C251800CYBVP/DJI_202609081117_006/DJI_20260908113147_0011_S.MP4,B4,uav-01,S,119.60,1.71,114.881,114.881,3440,3440,2026-09-08 11:33:42.800,2026-09-08 11:33:42.800,1
@raw/04_第四批_20260908_1053_多火点与余热点/02_激光打点与定位验证/01_事后打点候选/无人机01_1581F7K3C251800CYBVP/DJI_202609081117_006/DJI_20260908113147_0011_S.MP4,B4,uav-01,S,119.20,1.70,114.915,114.915,3441,3441,2026-09-08 11:33:42.833,2026-09-08 11:33:42.833,1
@raw/04_第四批_20260908_1053_多火点与余热点/02_激光打点与定位验证/01_事后打点候选/无人机01_1581F7K3C251800CYBVP/DJI_202609081117_006/DJI_20260908113147_0011_S.MP4,B4,uav-01,S,119.10,1.70,114.948,114.948,3442,3442,2026-09-08 11:33:42.867,2026-09-08 11:33:42.867,1
@raw/04_第四批_20260908_1053_多火点与余热点/02_激光打点与定位验证/01_事后打点候选/无人机01_1581F7K3C251800CYBVP/DJI_202609081117_006/DJI_20260908113147_0011_S.MP4,B4,uav-01,S,118.50,1.69,114.982,115.015,3443,3444,2026-09-08 11:33:42.903,2026-09-08 11:33:42.934,2
@raw/04_第四批_20260908_1053_多火点与余热点/02_激光打点与定位验证/01_事后打点候选/无人机01_1581F7K3C251800CYBVP/DJI_202609081117_006/DJI_20260908113147_0011_S.MP4,B4,uav-01,S,118.10,1.69,115.048,115.048,3445,3445,2026-09-08 11:33:42.969,2026-09-08 11:33:42.969,1
@raw/04_第四批_20260908_1053_多火点与余热点/02_激光打点与定位验证/01_事后打点候选/无人机01_1581F7K3C251800CYBVP/DJI_202609081117_006/DJI_20260908113147_0011_S.MP4,B4,uav-01,S,117.90,1.68,115.082,115.082,3446,3446,2026-09-08 11:33:43.001,2026-09-08 11:33:43.001,1
@raw/04_第四批_20260908_1053_多火点与余热点/02_激光打点与定位验证/01_事后打点候选/无人机01_1581F7K3C251800CYBVP/DJI_202609081117_006/DJI_20260908113147_0011_S.MP4,B4,uav-01,S,117.50,1.68,115.115,115.115,3447,3447,2026-09-08 11:33:43.033,2026-09-08 11:33:43.033,1
@raw/04_第四批_20260908_1053_多火点与余热点/02_激光打点与定位验证/01_事后打点候选/无人机01_1581F7K3C251800CYBVP/DJI_202609081117_006/DJI_20260908113147_0011_S.MP4,B4,uav-01,S,117.30,1.68,115.148,115.148,3448,3448,2026-09-08 11:33:43.066,2026-09-08 11:33:43.066,1
@raw/04_第四批_20260908_1053_多火点与余热点/02_激光打点与定位验证/01_事后打点候选/无人机01_1581F7K3C251800CYBVP/DJI_202609081117_006/DJI_20260908113147_0011_S.MP4,B4,uav-01,S,117.00,1.67,115.182,115.215,3449,3450,2026-09-08 11:33:43.100,2026-09-08 11:33:43.133,2
@raw/04_第四批_20260908_1053_多火点与余热点/02_激光打点与定位验证/01_事后打点候选/无人机01_1581F7K3C251800CYBVP/DJI_202609081117_006/DJI_20260908113147_0011_S.MP4,B4,uav-01,S,116.50,1.66,115.248,115.248,3451,3451,2026-09-08 11:33:43.166,2026-09-08 11:33:43.166,1
@raw/04_第四批_20260908_1053_多火点与余热点/02_激光打点与定位验证/01_事后打点候选/无人机01_1581F7K3C251800CYBVP/DJI_202609081117_006/DJI_20260908113147_0011_S.MP4,B4,uav-01,S,116.20,1.66,115.282,115.282,3452,3452,2026-09-08 11:33:43.201,2026-09-08 11:33:43.201,1
@raw/04_第四批_20260908_1053_多火点与余热点/02_激光打点与定位验证/01_事后打点候选/无人机01_1581F7K3C251800CYBVP/DJI_202609081117_006/DJI_20260908113147_0011_S.MP4,B4,uav-01,S,115.90,1.66,115.315,115.349,3453,3454,2026-09-08 11:33:43.233,2026-09-08 11:33:43.267,2
@raw/04_第四批_20260908_1053_多火点与余热点/02_激光打点与定位验证/01_事后打点候选/无人机01_1581F7K3C251800CYBVP/DJI_202609081117_006/DJI_20260908113147_0011_S.MP4,B4,uav-01,S,115.40,1.65,115.382,115.382,3455,3455,2026-09-08 11:33:43.301,2026-09-08 11:33:43.301,1
@raw/04_第四批_20260908_1053_多火点与余热点/02_激光打点与定位验证/01_事后打点候选/无人机01_1581F7K3C251800CYBVP/DJI_202609081117_006/DJI_20260908113147_0011_S.MP4,B4,uav-01,S,115.30,1.65,115.415,115.415,3456,3456,2026-09-08 11:33:43.336,2026-09-08 11:33:43.336,1
@raw/04_第四批_20260908_1053_多火点与余热点/02_激光打点与定位验证/01_事后打点候选/无人机01_1581F7K3C251800CYBVP/DJI_202609081117_006/DJI_20260908113147_0011_S.MP4,B4,uav-01,S,114.90,1.64,115.449,115.449,3457,3457,2026-09-08 11:33:43.368,2026-09-08 11:33:43.368,1
@raw/04_第四批_20260908_1053_多火点与余热点/02_激光打点与定位验证/01_事后打点候选/无人机01_1581F7K3C251800CYBVP/DJI_202609081117_006/DJI_20260908113147_0011_S.MP4,B4,uav-01,S,114.70,1.64,115.482,115.482,3458,3458,2026-09-08 11:33:43.400,2026-09-08 11:33:43.400,1
@raw/04_第四批_20260908_1053_多火点与余热点/02_激光打点与定位验证/01_事后打点候选/无人机01_1581F7K3C251800CYBVP/DJI_202609081117_006/DJI_20260908113147_0011_S.MP4,B4,uav-01,S,114.40,1.63,115.515,115.515,3459,3459,2026-09-08 11:33:43.433,2026-09-08 11:33:43.433,1
@raw/04_第四批_20260908_1053_多火点与余热点/02_激光打点与定位验证/01_事后打点候选/无人机01_1581F7K3C251800CYBVP/DJI_202609081117_006/DJI_20260908113147_0011_S.MP4,B4,uav-01,S,114.20,1.63,115.549,115.582,3460,3461,2026-09-08 11:33:43.470,2026-09-08 11:33:43.501,2
@raw/04_第四批_20260908_1053_多火点与余热点/02_激光打点与定位验证/01_事后打点候选/无人机01_1581F7K3C251800CYBVP/DJI_202609081117_006/DJI_20260908113147_0011_S.MP4,B4,uav-01,S,113.80,1.63,115.616,115.616,3462,3462,2026-09-08 11:33:43.534,2026-09-08 11:33:43.534,1
@raw/04_第四批_20260908_1053_多火点与余热点/02_激光打点与定位验证/01_事后打点候选/无人机01_1581F7K3C251800CYBVP/DJI_202609081117_006/DJI_20260908113147_0011_S.MP4,B4,uav-01,S,113.30,1.62,115.649,115.649,3463,3463,2026-09-08 11:33:43.574,2026-09-08 11:33:43.574,1
@raw/04_第四批_20260908_1053_多火点与余热点/02_激光打点与定位验证/01_事后打点候选/无人机01_1581F7K3C251800CYBVP/DJI_202609081117_006/DJI_20260908113147_0011_S.MP4,B4,uav-01,S,113.20,1.62,115.682,115.682,3464,3464,2026-09-08 11:33:43.601,2026-09-08 11:33:43.601,1
@raw/04_第四批_20260908_1053_多火点与余热点/02_激光打点与定位验证/01_事后打点候选/无人机01_1581F7K3C251800CYBVP/DJI_202609081117_006/DJI_20260908113147_0011_S.MP4,B4,uav-01,S,113.00,1.61,115.716,115.716,3465,3465,2026-09-08 11:33:43.636,2026-09-08 11:33:43.636,1
@raw/04_第四批_20260908_1053_多火点与余热点/02_激光打点与定位验证/01_事后打点候选/无人机01_1581F7K3C251800CYBVP/DJI_202609081117_006/DJI_20260908113147_0011_S.MP4,B4,uav-01,S,112.60,1.61,115.749,115.749,3466,3466,2026-09-08 11:33:43.667,2026-09-08 11:33:43.667,1
@raw/04_第四批_20260908_1053_多火点与余热点/02_激光打点与定位验证/01_事后打点候选/无人机01_1581F7K3C251800CYBVP/DJI_202609081117_006/DJI_20260908113147_0011_S.MP4,B4,uav-01,S,112.50,1.61,115.782,115.782,3467,3467,2026-09-08 11:33:43.702,2026-09-08 11:33:43.702,1
@raw/04_第四批_20260908_1053_多火点与余热点/02_激光打点与定位验证/01_事后打点候选/无人机01_1581F7K3C251800CYBVP/DJI_202609081117_006/DJI_20260908113147_0011_S.MP4,B4,uav-01,S,112.10,1.60,115.816,115.816,3468,3468,2026-09-08 11:33:43.734,2026-09-08 11:33:43.734,1
@raw/04_第四批_20260908_1053_多火点与余热点/02_激光打点与定位验证/01_事后打点候选/无人机01_1581F7K3C251800CYBVP/DJI_202609081117_006/DJI_20260908113147_0011_S.MP4,B4,uav-01,S,111.80,1.60,115.849,115.882,3469,3470,2026-09-08 11:33:43.773,2026-09-08 11:33:43.802,2
@raw/04_第四批_20260908_1053_多火点与余热点/02_激光打点与定位验证/01_事后打点候选/无人机01_1581F7K3C251800CYBVP/DJI_202609081117_006/DJI_20260908113147_0011_S.MP4,B4,uav-01,S,111.30,1.59,115.916,115.916,3471,3471,2026-09-08 11:33:43.835,2026-09-08 11:33:43.835,1
@raw/04_第四批_20260908_1053_多火点与余热点/02_激光打点与定位验证/01_事后打点候选/无人机01_1581F7K3C251800CYBVP/DJI_202609081117_006/DJI_20260908113147_0011_S.MP4,B4,uav-01,S,111.20,1.59,115.949,115.949,3472,3472,2026-09-08 11:33:43.867,2026-09-08 11:33:43.867,1
@raw/04_第四批_20260908_1053_多火点与余热点/02_激光打点与定位验证/01_事后打点候选/无人机01_1581F7K3C251800CYBVP/DJI_202609081117_006/DJI_20260908113147_0011_S.MP4,B4,uav-01,S,110.50,1.58,115.983,116.016,3473,3474,2026-09-08 11:33:43.906,2026-09-08 11:33:43.935,2
@raw/04_第四批_20260908_1053_多火点与余热点/02_激光打点与定位验证/01_事后打点候选/无人机01_1581F7K3C251800CYBVP/DJI_202609081117_006/DJI_20260908113147_0011_S.MP4,B4,uav-01,S,110.00,1.57,116.049,116.049,3475,3475,2026-09-08 11:33:43.972,2026-09-08 11:33:43.972,1
@raw/04_第四批_20260908_1053_多火点与余热点/02_激光打点与定位验证/01_事后打点候选/无人机01_1581F7K3C251800CYBVP/DJI_202609081117_006/DJI_20260908113147_0011_S.MP4,B4,uav-01,S,109.80,1.57,116.083,116.083,3476,3476,2026-09-08 11:33:44.001,2026-09-08 11:33:44.001,1
@raw/04_第四批_20260908_1053_多火点与余热点/02_激光打点与定位验证/01_事后打点候选/无人机01_1581F7K3C251800CYBVP/DJI_202609081117_006/DJI_20260908113147_0011_S.MP4,B4,uav-01,S,109.70,1.57,116.116,116.116,3477,3477,2026-09-08 11:33:44.039,2026-09-08 11:33:44.039,1
@raw/04_第四批_20260908_1053_多火点与余热点/02_激光打点与定位验证/01_事后打点候选/无人机01_1581F7K3C251800CYBVP/DJI_202609081117_006/DJI_20260908113147_0011_S.MP4,B4,uav-01,S,109.20,1.56,116.149,116.149,3478,3478,2026-09-08 11:33:44.067,2026-09-08 11:33:44.067,1
@raw/04_第四批_20260908_1053_多火点与余热点/02_激光打点与定位验证/01_事后打点候选/无人机01_1581F7K3C251800CYBVP/DJI_202609081117_006/DJI_20260908113147_0011_S.MP4,B4,uav-01,S,108.70,1.55,116.183,116.183,3479,3479,2026-09-08 11:33:44.101,2026-09-08 11:33:44.101,1
@raw/04_第四批_20260908_1053_多火点与余热点/02_激光打点与定位验证/01_事后打点候选/无人机01_1581F7K3C251800CYBVP/DJI_202609081117_006/DJI_20260908113147_0011_S.MP4,B4,uav-01,S,108.60,1.55,116.216,116.216,3480,3480,2026-09-08 11:33:44.135,2026-09-08 11:33:44.135,1
@raw/04_第四批_20260908_1053_多火点与余热点/02_激光打点与定位验证/01_事后打点候选/无人机01_1581F7K3C251800CYBVP/DJI_202609081117_006/DJI_20260908113147_0011_S.MP4,B4,uav-01,S,108.20,1.55,116.249,116.249,3481,3481,2026-09-08 11:33:44.170,2026-09-08 11:33:44.170,1
@raw/04_第四批_20260908_1053_多火点与余热点/02_激光打点与定位验证/01_事后打点候选/无人机01_1581F7K3C251800CYBVP/DJI_202609081117_006/DJI_20260908113147_0011_S.MP4,B4,uav-01,S,107.80,1.54,116.283,116.283,3482,3482,2026-09-08 11:33:44.201,2026-09-08 11:33:44.201,1
@raw/04_第四批_20260908_1053_多火点与余热点/02_激光打点与定位验证/01_事后打点候选/无人机01_1581F7K3C251800CYBVP/DJI_202609081117_006/DJI_20260908113147_0011_S.MP4,B4,uav-01,S,107.40,1.53,116.316,116.316,3483,3483,2026-09-08 11:33:44.234,2026-09-08 11:33:44.234,1
@raw/04_第四批_20260908_1053_多火点与余热点/02_激光打点与定位验证/01_事后打点候选/无人机01_1581F7K3C251800CYBVP/DJI_202609081117_006/DJI_20260908113147_0011_S.MP4,B4,uav-01,S,107.10,1.53,116.35,116.35,3484,3484,2026-09-08 11:33:44.267,2026-09-08 11:33:44.267,1
@raw/04_第四批_20260908_1053_多火点与余热点/02_激光打点与定位验证/01_事后打点候选/无人机01_1581F7K3C251800CYBVP/DJI_202609081117_006/DJI_20260908113147_0011_S.MP4,B4,uav-01,S,106.60,1.52,116.383,116.383,3485,3485,2026-09-08 11:33:44.301,2026-09-08 11:33:44.301,1
@raw/04_第四批_20260908_1053_多火点与余热点/02_激光打点与定位验证/01_事后打点候选/无人机01_1581F7K3C251800CYBVP/DJI_202609081117_006/DJI_20260908113147_0011_S.MP4,B4,uav-01,S,106.50,1.52,116.416,116.416,3486,3486,2026-09-08 11:33:44.339,2026-09-08 11:33:44.339,1
@raw/04_第四批_20260908_1053_多火点与余热点/02_激光打点与定位验证/01_事后打点候选/无人机01_1581F7K3C251800CYBVP/DJI_202609081117_006/DJI_20260908113147_0011_S.MP4,B4,uav-01,S,105.90,1.51,116.45,116.45,3487,3487,2026-09-08 11:33:44.368,2026-09-08 11:33:44.368,1
@raw/04_第四批_20260908_1053_多火点与余热点/02_激光打点与定位验证/01_事后打点候选/无人机01_1581F7K3C251800CYBVP/DJI_202609081117_006/DJI_20260908113147_0011_S.MP4,B4,uav-01,S,105.50,1.51,116.483,116.516,3488,3489,2026-09-08 11:33:44.400,2026-09-08 11:33:44.434,2
@raw/04_第四批_20260908_1053_多火点与余热点/02_激光打点与定位验证/01_事后打点候选/无人机01_1581F7K3C251800CYBVP/DJI_202609081117_006/DJI_20260908113147_0011_S.MP4,B4,uav-01,S,104.90,1.50,116.55,116.55,3490,3490,2026-09-08 11:33:44.468,2026-09-08 11:33:44.468,1
@raw/04_第四批_20260908_1053_多火点与余热点/02_激光打点与定位验证/01_事后打点候选/无人机01_1581F7K3C251800CYBVP/DJI_202609081117_006/DJI_20260908113147_0011_S.MP4,B4,uav-01,S,104.30,1.49,116.583,116.583,3491,3491,2026-09-08 11:33:44.501,2026-09-08 11:33:44.501,1
@raw/04_第四批_20260908_1053_多火点与余热点/02_激光打点与定位验证/01_事后打点候选/无人机01_1581F7K3C251800CYBVP/DJI_202609081117_006/DJI_20260908113147_0011_S.MP4,B4,uav-01,S,104.00,1.49,116.617,116.617,3492,3492,2026-09-08 11:33:44.534,2026-09-08 11:33:44.534,1
@raw/04_第四批_20260908_1053_多火点与余热点/02_激光打点与定位验证/01_事后打点候选/无人机01_1581F7K3C251800CYBVP/DJI_202609081117_006/DJI_20260908113147_0011_S.MP4,B4,uav-01,S,103.80,1.48,116.65,116.65,3493,3493,2026-09-08 11:33:44.568,2026-09-08 11:33:44.568,1
@raw/04_第四批_20260908_1053_多火点与余热点/02_激光打点与定位验证/01_事后打点候选/无人机01_1581F7K3C251800CYBVP/DJI_202609081117_006/DJI_20260908113147_0011_S.MP4,B4,uav-01,S,103.70,1.48,116.683,116.683,3494,3494,2026-09-08 11:33:44.606,2026-09-08 11:33:44.606,1
@raw/04_第四批_20260908_1053_多火点与余热点/02_激光打点与定位验证/01_事后打点候选/无人机01_1581F7K3C251800CYBVP/DJI_202609081117_006/DJI_20260908113147_0011_S.MP4,B4,uav-01,S,103.00,1.47,116.717,116.717,3495,3495,2026-09-08 11:33:44.641,2026-09-08 11:33:44.641,1
@raw/04_第四批_20260908_1053_多火点与余热点/02_激光打点与定位验证/01_事后打点候选/无人机01_1581F7K3C251800CYBVP/DJI_202609081117_006/DJI_20260908113147_0011_S.MP4,B4,uav-01,S,102.40,1.46,116.75,116.75,3496,3496,2026-09-08 11:33:44.668,2026-09-08 11:33:44.668,1
@raw/04_第四批_20260908_1053_多火点与余热点/02_激光打点与定位验证/01_事后打点候选/无人机01_1581F7K3C251800CYBVP/DJI_202609081117_006/DJI_20260908113147_0011_S.MP4,B4,uav-01,S,102.00,1.46,116.783,116.817,3497,3498,2026-09-08 11:33:44.706,2026-09-08 11:33:44.736,2
@raw/04_第四批_20260908_1053_多火点与余热点/02_激光打点与定位验证/01_事后打点候选/无人机01_1581F7K3C251800CYBVP/DJI_202609081117_006/DJI_20260908113147_0011_S.MP4,B4,uav-01,S,101.30,1.45,116.85,116.85,3499,3499,2026-09-08 11:33:44.773,2026-09-08 11:33:44.773,1
@raw/04_第四批_20260908_1053_多火点与余热点/02_激光打点与定位验证/01_事后打点候选/无人机01_1581F7K3C251800CYBVP/DJI_202609081117_006/DJI_20260908113147_0011_S.MP4,B4,uav-01,S,100.70,1.44,116.883,116.883,3500,3500,2026-09-08 11:33:44.802,2026-09-08 11:33:44.802,1
@raw/04_第四批_20260908_1053_多火点与余热点/02_激光打点与定位验证/01_事后打点候选/无人机01_1581F7K3C251800CYBVP/DJI_202609081117_006/DJI_20260908113147_0011_S.MP4,B4,uav-01,S,100.30,1.43,116.917,116.917,3501,3501,2026-09-08 11:33:44.835,2026-09-08 11:33:44.835,1
@raw/04_第四批_20260908_1053_多火点与余热点/02_激光打点与定位验证/01_事后打点候选/无人机01_1581F7K3C251800CYBVP/DJI_202609081117_006/DJI_20260908113147_0011_S.MP4,B4,uav-01,S,100.10,1.43,116.95,116.95,3502,3502,2026-09-08 11:33:44.868,2026-09-08 11:33:44.868,1
@raw/04_第四批_20260908_1053_多火点与余热点/02_激光打点与定位验证/01_事后打点候选/无人机01_1581F7K3C251800CYBVP/DJI_202609081117_006/DJI_20260908113147_0011_S.MP4,B4,uav-01,S,99.50,1.42,116.984,116.984,3503,3503,2026-09-08 11:33:44.902,2026-09-08 11:33:44.902,1
@raw/04_第四批_20260908_1053_多火点与余热点/02_激光打点与定位验证/01_事后打点候选/无人机01_1581F7K3C251800CYBVP/DJI_202609081117_006/DJI_20260908113147_0011_S.MP4,B4,uav-01,S,99.20,1.42,117.017,117.017,3504,3504,2026-09-08 11:33:44.936,2026-09-08 11:33:44.936,1
@raw/04_第四批_20260908_1053_多火点与余热点/02_激光打点与定位验证/01_事后打点候选/无人机01_1581F7K3C251800CYBVP/DJI_202609081117_006/DJI_20260908113147_0011_S.MP4,B4,uav-01,S,98.60,1.41,117.05,117.05,3505,3505,2026-09-08 11:33:44.968,2026-09-08 11:33:44.968,1
@raw/04_第四批_20260908_1053_多火点与余热点/02_激光打点与定位验证/01_事后打点候选/无人机01_1581F7K3C251800CYBVP/DJI_202609081117_006/DJI_20260908113147_0011_S.MP4,B4,uav-01,S,98.30,1.40,117.084,117.084,3506,3506,2026-09-08 11:33:45.002,2026-09-08 11:33:45.002,1
@raw/04_第四批_20260908_1053_多火点与余热点/02_激光打点与定位验证/01_事后打点候选/无人机01_1581F7K3C251800CYBVP/DJI_202609081117_006/DJI_20260908113147_0011_S.MP4,B4,uav-01,S,97.80,1.40,117.117,117.117,3507,3507,2026-09-08 11:33:45.035,2026-09-08 11:33:45.035,1
@raw/04_第四批_20260908_1053_多火点与余热点/02_激光打点与定位验证/01_事后打点候选/无人机01_1581F7K3C251800CYBVP/DJI_202609081117_006/DJI_20260908113147_0011_S.MP4,B4,uav-01,S,97.50,1.39,117.15,117.15,3508,3508,2026-09-08 11:33:45.069,2026-09-08 11:33:45.069,1
@raw/04_第四批_20260908_1053_多火点与余热点/02_激光打点与定位验证/01_事后打点候选/无人机01_1581F7K3C251800CYBVP/DJI_202609081117_006/DJI_20260908113147_0011_S.MP4,B4,uav-01,S,96.90,1.38,117.184,117.184,3509,3509,2026-09-08 11:33:45.106,2026-09-08 11:33:45.106,1
@raw/04_第四批_20260908_1053_多火点与余热点/02_激光打点与定位验证/01_事后打点候选/无人机01_1581F7K3C251800CYBVP/DJI_202609081117_006/DJI_20260908113147_0011_S.MP4,B4,uav-01,S,96.70,1.38,117.217,117.217,3510,3510,2026-09-08 11:33:45.136,2026-09-08 11:33:45.136,1
@raw/04_第四批_20260908_1053_多火点与余热点/02_激光打点与定位验证/01_事后打点候选/无人机01_1581F7K3C251800CYBVP/DJI_202609081117_006/DJI_20260908113147_0011_S.MP4,B4,uav-01,S,96.10,1.37,117.25,117.25,3511,3511,2026-09-08 11:33:45.168,2026-09-08 11:33:45.168,1
@raw/04_第四批_20260908_1053_多火点与余热点/02_激光打点与定位验证/01_事后打点候选/无人机01_1581F7K3C251800CYBVP/DJI_202609081117_006/DJI_20260908113147_0011_S.MP4,B4,uav-01,S,96.00,1.37,117.284,117.284,3512,3512,2026-09-08 11:33:45.202,2026-09-08 11:33:45.202,1
@raw/04_第四批_20260908_1053_多火点与余热点/02_激光打点与定位验证/01_事后打点候选/无人机01_1581F7K3C251800CYBVP/DJI_202609081117_006/DJI_20260908113147_0011_S.MP4,B4,uav-01,S,95.40,1.36,117.317,117.317,3513,3513,2026-09-08 11:33:45.236,2026-09-08 11:33:45.236,1
@raw/04_第四批_20260908_1053_多火点与余热点/02_激光打点与定位验证/01_事后打点候选/无人机01_1581F7K3C251800CYBVP/DJI_202609081117_006/DJI_20260908113147_0011_S.MP4,B4,uav-01,S,94.90,1.36,117.351,117.351,3514,3514,2026-09-08 11:33:45.269,2026-09-08 11:33:45.269,1
@raw/04_第四批_20260908_1053_多火点与余热点/02_激光打点与定位验证/01_事后打点候选/无人机01_1581F7K3C251800CYBVP/DJI_202609081117_006/DJI_20260908113147_0011_S.MP4,B4,uav-01,S,94.30,1.35,117.384,117.384,3515,3515,2026-09-08 11:33:45.307,2026-09-08 11:33:45.307,1
@raw/04_第四批_20260908_1053_多火点与余热点/02_激光打点与定位验证/01_事后打点候选/无人机01_1581F7K3C251800CYBVP/DJI_202609081117_006/DJI_20260908113147_0011_S.MP4,B4,uav-01,S,94.20,1.35,117.417,117.417,3516,3516,2026-09-08 11:33:45.336,2026-09-08 11:33:45.336,1
@raw/04_第四批_20260908_1053_多火点与余热点/02_激光打点与定位验证/01_事后打点候选/无人机01_1581F7K3C251800CYBVP/DJI_202609081117_006/DJI_20260908113147_0011_S.MP4,B4,uav-01,S,93.60,1.34,117.451,117.451,3517,3517,2026-09-08 11:33:45.369,2026-09-08 11:33:45.369,1
@raw/04_第四批_20260908_1053_多火点与余热点/02_激光打点与定位验证/01_事后打点候选/无人机01_1581F7K3C251800CYBVP/DJI_202609081117_006/DJI_20260908113147_0011_S.MP4,B4,uav-01,S,93.00,1.33,117.484,117.484,3518,3518,2026-09-08 11:33:45.402,2026-09-08 11:33:45.402,1
@raw/04_第四批_20260908_1053_多火点与余热点/02_激光打点与定位验证/01_事后打点候选/无人机01_1581F7K3C251800CYBVP/DJI_202609081117_006/DJI_20260908113147_0011_S.MP4,B4,uav-01,S,92.60,1.32,117.517,117.517,3520,3520,2026-09-08 11:33:45.436,2026-09-08 11:33:45.436,1
@raw/04_第四批_20260908_1053_多火点与余热点/02_激光打点与定位验证/01_事后打点候选/无人机01_1581F7K3C251800CYBVP/DJI_202609081117_006/DJI_20260908113147_0011_S.MP4,B4,uav-01,S,92.30,1.32,117.551,117.551,3521,3521,2026-09-08 11:33:45.468,2026-09-08 11:33:45.468,1
@raw/04_第四批_20260908_1053_多火点与余热点/02_激光打点与定位验证/01_事后打点候选/无人机01_1581F7K3C251800CYBVP/DJI_202609081117_006/DJI_20260908113147_0011_S.MP4,B4,uav-01,S,91.80,1.31,117.584,117.584,3522,3522,2026-09-08 11:33:45.503,2026-09-08 11:33:45.503,1
@raw/04_第四批_20260908_1053_多火点与余热点/02_激光打点与定位验证/01_事后打点候选/无人机01_1581F7K3C251800CYBVP/DJI_202609081117_006/DJI_20260908113147_0011_S.MP4,B4,uav-01,S,91.40,1.31,117.618,117.618,3523,3523,2026-09-08 11:33:45.539,2026-09-08 11:33:45.539,1
@raw/04_第四批_20260908_1053_多火点与余热点/02_激光打点与定位验证/01_事后打点候选/无人机01_1581F7K3C251800CYBVP/DJI_202609081117_006/DJI_20260908113147_0011_S.MP4,B4,uav-01,S,90.90,1.30,117.651,117.651,3524,3524,2026-09-08 11:33:45.569,2026-09-08 11:33:45.569,1
@raw/04_第四批_20260908_1053_多火点与余热点/02_激光打点与定位验证/01_事后打点候选/无人机01_1581F7K3C251800CYBVP/DJI_202609081117_006/DJI_20260908113147_0011_S.MP4,B4,uav-01,S,90.70,1.30,117.684,117.684,3525,3525,2026-09-08 11:33:45.603,2026-09-08 11:33:45.603,1
@raw/04_第四批_20260908_1053_多火点与余热点/02_激光打点与定位验证/01_事后打点候选/无人机01_1581F7K3C251800CYBVP/DJI_202609081117_006/DJI_20260908113147_0011_S.MP4,B4,uav-01,S,90.10,1.29,117.718,117.718,3526,3526,2026-09-08 11:33:45.631,2026-09-08 11:33:45.631,1
@raw/04_第四批_20260908_1053_多火点与余热点/02_激光打点与定位验证/01_事后打点候选/无人机01_1581F7K3C251800CYBVP/DJI_202609081117_006/DJI_20260908113147_0011_S.MP4,B4,uav-01,S,89.70,1.28,117.751,117.751,3527,3527,2026-09-08 11:33:45.674,2026-09-08 11:33:45.674,1
@raw/04_第四批_20260908_1053_多火点与余热点/02_激光打点与定位验证/01_事后打点候选/无人机01_1581F7K3C251800CYBVP/DJI_202609081117_006/DJI_20260908113147_0011_S.MP4,B4,uav-01,S,89.10,1.27,117.784,117.784,3528,3528,2026-09-08 11:33:45.702,2026-09-08 11:33:45.702,1
@raw/04_第四批_20260908_1053_多火点与余热点/02_激光打点与定位验证/01_事后打点候选/无人机01_1581F7K3C251800CYBVP/DJI_202609081117_006/DJI_20260908113147_0011_S.MP4,B4,uav-01,S,89.00,1.27,117.818,117.818,3529,3529,2026-09-08 11:33:45.741,2026-09-08 11:33:45.741,1
@raw/04_第四批_20260908_1053_多火点与余热点/02_激光打点与定位验证/01_事后打点候选/无人机01_1581F7K3C251800CYBVP/DJI_202609081117_006/DJI_20260908113147_0011_S.MP4,B4,uav-01,S,88.40,1.26,117.851,117.851,3530,3530,2026-09-08 11:33:45.771,2026-09-08 11:33:45.771,1
@raw/04_第四批_20260908_1053_多火点与余热点/02_激光打点与定位验证/01_事后打点候选/无人机01_1581F7K3C251800CYBVP/DJI_202609081117_006/DJI_20260908113147_0011_S.MP4,B4,uav-01,S,88.20,1.26,117.884,117.884,3531,3531,2026-09-08 11:33:45.803,2026-09-08 11:33:45.803,1
@raw/04_第四批_20260908_1053_多火点与余热点/02_激光打点与定位验证/01_事后打点候选/无人机01_1581F7K3C251800CYBVP/DJI_202609081117_006/DJI_20260908113147_0011_S.MP4,B4,uav-01,S,87.60,1.25,117.918,117.918,3532,3532,2026-09-08 11:33:45.835,2026-09-08 11:33:45.835,1
@raw/04_第四批_20260908_1053_多火点与余热点/02_激光打点与定位验证/01_事后打点候选/无人机01_1581F7K3C251800CYBVP/DJI_202609081117_006/DJI_20260908113147_0011_S.MP4,B4,uav-01,S,87.10,1.24,117.951,117.951,3533,3533,2026-09-08 11:33:45.869,2026-09-08 11:33:45.869,1
@raw/04_第四批_20260908_1053_多火点与余热点/02_激光打点与定位验证/01_事后打点候选/无人机01_1581F7K3C251800CYBVP/DJI_202609081117_006/DJI_20260908113147_0011_S.MP4,B4,uav-01,S,86.60,1.24,117.985,117.985,3534,3534,2026-09-08 11:33:45.905,2026-09-08 11:33:45.905,1
@raw/04_第四批_20260908_1053_多火点与余热点/02_激光打点与定位验证/01_事后打点候选/无人机01_1581F7K3C251800CYBVP/DJI_202609081117_006/DJI_20260908113147_0011_S.MP4,B4,uav-01,S,86.50,1.24,118.018,118.018,3535,3535,2026-09-08 11:33:45.941,2026-09-08 11:33:45.941,1
@raw/04_第四批_20260908_1053_多火点与余热点/02_激光打点与定位验证/01_事后打点候选/无人机01_1581F7K3C251800CYBVP/DJI_202609081117_006/DJI_20260908113147_0011_S.MP4,B4,uav-01,S,85.90,1.23,118.051,118.051,3536,3536,2026-09-08 11:33:45.969,2026-09-08 11:33:45.969,1
@raw/04_第四批_20260908_1053_多火点与余热点/02_激光打点与定位验证/01_事后打点候选/无人机01_1581F7K3C251800CYBVP/DJI_202609081117_006/DJI_20260908113147_0011_S.MP4,B4,uav-01,S,85.40,1.22,118.085,118.085,3537,3537,2026-09-08 11:33:46.007,2026-09-08 11:33:46.007,1
@raw/04_第四批_20260908_1053_多火点与余热点/02_激光打点与定位验证/01_事后打点候选/无人机01_1581F7K3C251800CYBVP/DJI_202609081117_006/DJI_20260908113147_0011_S.MP4,B4,uav-01,S,84.90,1.21,118.118,118.118,3538,3538,2026-09-08 11:33:46.037,2026-09-08 11:33:46.037,1
@raw/04_第四批_20260908_1053_多火点与余热点/02_激光打点与定位验证/01_事后打点候选/无人机01_1581F7K3C251800CYBVP/DJI_202609081117_006/DJI_20260908113147_0011_S.MP4,B4,uav-01,S,84.60,1.21,118.151,118.151,3539,3539,2026-09-08 11:33:46.073,2026-09-08 11:33:46.073,1
@raw/04_第四批_20260908_1053_多火点与余热点/02_激光打点与定位验证/01_事后打点候选/无人机01_1581F7K3C251800CYBVP/DJI_202609081117_006/DJI_20260908113147_0011_S.MP4,B4,uav-01,S,84.10,1.20,118.185,118.185,3540,3540,2026-09-08 11:33:46.108,2026-09-08 11:33:46.108,1
@raw/04_第四批_20260908_1053_多火点与余热点/02_激光打点与定位验证/01_事后打点候选/无人机01_1581F7K3C251800CYBVP/DJI_202609081117_006/DJI_20260908113147_0011_S.MP4,B4,uav-01,S,83.80,1.20,118.218,118.218,3541,3541,2026-09-08 11:33:46.137,2026-09-08 11:33:46.137,1
@raw/04_第四批_20260908_1053_多火点与余热点/02_激光打点与定位验证/01_事后打点候选/无人机01_1581F7K3C251800CYBVP/DJI_202609081117_006/DJI_20260908113147_0011_S.MP4,B4,uav-01,S,83.30,1.19,118.251,118.251,3542,3542,2026-09-08 11:33:46.169,2026-09-08 11:33:46.169,1
@raw/04_第四批_20260908_1053_多火点与余热点/02_激光打点与定位验证/01_事后打点候选/无人机01_1581F7K3C251800CYBVP/DJI_202609081117_006/DJI_20260908113147_0011_S.MP4,B4,uav-01,S,83.10,1.19,118.285,118.285,3543,3543,2026-09-08 11:33:46.207,2026-09-08 11:33:46.207,1
@raw/04_第四批_20260908_1053_多火点与余热点/02_激光打点与定位验证/01_事后打点候选/无人机01_1581F7K3C251800CYBVP/DJI_202609081117_006/DJI_20260908113147_0011_S.MP4,B4,uav-01,S,82.60,1.18,118.318,118.318,3544,3544,2026-09-08 11:33:46.238,2026-09-08 11:33:46.238,1
@raw/04_第四批_20260908_1053_多火点与余热点/02_激光打点与定位验证/01_事后打点候选/无人机01_1581F7K3C251800CYBVP/DJI_202609081117_006/DJI_20260908113147_0011_S.MP4,B4,uav-01,S,82.00,1.17,118.352,118.352,3545,3545,2026-09-08 11:33:46.274,2026-09-08 11:33:46.274,1
@raw/04_第四批_20260908_1053_多火点与余热点/02_激光打点与定位验证/01_事后打点候选/无人机01_1581F7K3C251800CYBVP/DJI_202609081117_006/DJI_20260908113147_0011_S.MP4,B4,uav-01,S,81.60,1.17,118.385,118.385,3546,3546,2026-09-08 11:33:46.304,2026-09-08 11:33:46.304,1
@raw/04_第四批_20260908_1053_多火点与余热点/02_激光打点与定位验证/01_事后打点候选/无人机01_1581F7K3C251800CYBVP/DJI_202609081117_006/DJI_20260908113147_0011_S.MP4,B4,uav-01,S,81.10,3.38,118.652,118.652,3547,3547,2026-09-08 11:33:46.528,2026-09-08 11:33:46.528,1
@raw/04_第四批_20260908_1053_多火点与余热点/02_激光打点与定位验证/01_事后打点候选/无人机01_1581F7K3C251800CYBVP/DJI_202609081117_006/DJI_20260908113147_0011_S.MP4,B4,uav-01,S,80.60,3.36,118.685,118.685,3548,3548,2026-09-08 11:33:46.560,2026-09-08 11:33:46.560,1
@raw/04_第四批_20260908_1053_多火点与余热点/02_激光打点与定位验证/01_事后打点候选/无人机01_1581F7K3C251800CYBVP/DJI_202609081117_006/DJI_20260908113147_0011_S.MP4,B4,uav-01,S,80.10,3.34,118.719,118.719,3549,3549,2026-09-08 11:33:46.601,2026-09-08 11:33:46.601,1
@raw/04_第四批_20260908_1053_多火点与余热点/02_激光打点与定位验证/01_事后打点候选/无人机01_1581F7K3C251800CYBVP/DJI_202609081117_006/DJI_20260908113147_0011_S.MP4,B4,uav-01,S,79.50,3.31,118.752,118.752,3550,3550,2026-09-08 11:33:46.630,2026-09-08 11:33:46.630,1
@raw/04_第四批_20260908_1053_多火点与余热点/02_激光打点与定位验证/01_事后打点候选/无人机01_1581F7K3C251800CYBVP/DJI_202609081117_006/DJI_20260908113147_0011_S.MP4,B4,uav-01,S,79.00,3.29,118.785,118.785,3551,3551,2026-09-08 11:33:46.660,2026-09-08 11:33:46.660,1
@raw/04_第四批_20260908_1053_多火点与余热点/02_激光打点与定位验证/01_事后打点候选/无人机01_1581F7K3C251800CYBVP/DJI_202609081117_006/DJI_20260908113147_0011_S.MP4,B4,uav-01,S,78.50,3.27,118.819,118.819,3552,3552,2026-09-08 11:33:46.698,2026-09-08 11:33:46.698,1
@raw/04_第四批_20260908_1053_多火点与余热点/02_激光打点与定位验证/01_事后打点候选/无人机01_1581F7K3C251800CYBVP/DJI_202609081117_006/DJI_20260908113147_0011_S.MP4,B4,uav-01,S,78.00,3.25,118.852,118.852,3553,3553,2026-09-08 11:33:46.727,2026-09-08 11:33:46.727,1
@raw/04_第四批_20260908_1053_多火点与余热点/02_激光打点与定位验证/01_事后打点候选/无人机01_1581F7K3C251800CYBVP/DJI_202609081117_006/DJI_20260908113147_0011_S.MP4,B4,uav-01,S,77.50,3.23,118.885,118.885,3554,3554,2026-09-08 11:33:46.767,2026-09-08 11:33:46.767,1
@raw/04_第四批_20260908_1053_多火点与余热点/02_激光打点与定位验证/01_事后打点候选/无人机01_1581F7K3C251800CYBVP/DJI_202609081117_006/DJI_20260908113147_0011_S.MP4,B4,uav-01,S,77.00,3.21,118.919,118.919,3555,3555,2026-09-08 11:33:46.796,2026-09-08 11:33:46.796,1
@raw/04_第四批_20260908_1053_多火点与余热点/02_激光打点与定位验证/01_事后打点候选/无人机01_1581F7K3C251800CYBVP/DJI_202609081117_006/DJI_20260908113147_0011_S.MP4,B4,uav-01,S,76.50,3.19,118.952,118.952,3556,3556,2026-09-08 11:33:46.827,2026-09-08 11:33:46.827,1
@raw/04_第四批_20260908_1053_多火点与余热点/02_激光打点与定位验证/01_事后打点候选/无人机01_1581F7K3C251800CYBVP/DJI_202609081117_006/DJI_20260908113147_0011_S.MP4,B4,uav-01,S,76.00,3.17,118.986,118.986,3557,3557,2026-09-08 11:33:46.861,2026-09-08 11:33:46.861,1
@raw/04_第四批_20260908_1053_多火点与余热点/02_激光打点与定位验证/01_事后打点候选/无人机01_1581F7K3C251800CYBVP/DJI_202609081117_006/DJI_20260908113147_0011_S.MP4,B4,uav-01,S,75.50,3.15,119.019,119.019,3558,3558,2026-09-08 11:33:46.893,2026-09-08 11:33:46.893,1
@raw/04_第四批_20260908_1053_多火点与余热点/02_激光打点与定位验证/01_事后打点候选/无人机01_1581F7K3C251800CYBVP/DJI_202609081117_006/DJI_20260908113147_0011_S.MP4,B4,uav-01,S,75.10,3.13,119.052,119.052,3559,3559,2026-09-08 11:33:46.927,2026-09-08 11:33:46.927,1
@raw/04_第四批_20260908_1053_多火点与余热点/02_激光打点与定位验证/01_事后打点候选/无人机01_1581F7K3C251800CYBVP/DJI_202609081117_006/DJI_20260908113147_0011_S.MP4,B4,uav-01,S,74.60,3.11,119.086,119.086,3560,3560,2026-09-08 11:33:46.960,2026-09-08 11:33:46.960,1
@raw/04_第四批_20260908_1053_多火点与余热点/02_激光打点与定位验证/01_事后打点候选/无人机01_1581F7K3C251800CYBVP/DJI_202609081117_006/DJI_20260908113147_0011_S.MP4,B4,uav-01,S,74.10,3.09,119.119,119.119,3561,3561,2026-09-08 11:33:46.994,2026-09-08 11:33:46.994,1
@raw/04_第四批_20260908_1053_多火点与余热点/02_激光打点与定位验证/01_事后打点候选/无人机01_1581F7K3C251800CYBVP/DJI_202609081117_006/DJI_20260908113147_0011_S.MP4,B4,uav-01,S,73.60,3.07,119.152,119.152,3562,3562,2026-09-08 11:33:47.034,2026-09-08 11:33:47.034,1
@raw/04_第四批_20260908_1053_多火点与余热点/02_激光打点与定位验证/01_事后打点候选/无人机01_1581F7K3C251800CYBVP/DJI_202609081117_006/DJI_20260908113147_0011_S.MP4,B4,uav-01,S,73.10,3.05,119.186,119.186,3563,3563,2026-09-08 11:33:47.064,2026-09-08 11:33:47.064,1
@raw/04_第四批_20260908_1053_多火点与余热点/02_激光打点与定位验证/01_事后打点候选/无人机01_1581F7K3C251800CYBVP/DJI_202609081117_006/DJI_20260908113147_0011_S.MP4,B4,uav-01,S,72.70,3.03,119.219,119.219,3564,3564,2026-09-08 11:33:47.094,2026-09-08 11:33:47.094,1
@raw/04_第四批_20260908_1053_多火点与余热点/02_激光打点与定位验证/01_事后打点候选/无人机01_1581F7K3C251800CYBVP/DJI_202609081117_006/DJI_20260908113147_0011_S.MP4,B4,uav-01,S,72.20,3.01,119.252,119.252,3565,3565,2026-09-08 11:33:47.127,2026-09-08 11:33:47.127,1
@raw/04_第四批_20260908_1053_多火点与余热点/02_激光打点与定位验证/01_事后打点候选/无人机01_1581F7K3C251800CYBVP/DJI_202609081117_006/DJI_20260908113147_0011_S.MP4,B4,uav-01,S,71.70,2.99,119.286,119.286,3566,3566,2026-09-08 11:33:47.163,2026-09-08 11:33:47.163,1
@raw/04_第四批_20260908_1053_多火点与余热点/02_激光打点与定位验证/01_事后打点候选/无人机01_1581F7K3C251800CYBVP/DJI_202609081117_006/DJI_20260908113147_0011_S.MP4,B4,uav-01,S,71.30,2.97,119.319,119.319,3567,3567,2026-09-08 11:33:47.200,2026-09-08 11:33:47.200,1
@raw/04_第四批_20260908_1053_多火点与余热点/02_激光打点与定位验证/01_事后打点候选/无人机01_1581F7K3C251800CYBVP/DJI_202609081117_006/DJI_20260908113147_0011_S.MP4,B4,uav-01,S,70.80,2.95,119.353,119.353,3568,3568,2026-09-08 11:33:47.233,2026-09-08 11:33:47.233,1
@raw/04_第四批_20260908_1053_多火点与余热点/02_激光打点与定位验证/01_事后打点候选/无人机01_1581F7K3C251800CYBVP/DJI_202609081117_006/DJI_20260908113147_0011_S.MP4,B4,uav-01,S,70.40,2.93,119.386,119.386,3569,3569,2026-09-08 11:33:47.263,2026-09-08 11:33:47.263,1
@raw/04_第四批_20260908_1053_多火点与余热点/02_激光打点与定位验证/01_事后打点候选/无人机01_1581F7K3C251800CYBVP/DJI_202609081117_006/DJI_20260908113147_0011_S.MP4,B4,uav-01,S,69.90,2.91,119.419,119.419,3570,3570,2026-09-08 11:33:47.294,2026-09-08 11:33:47.294,1
@raw/04_第四批_20260908_1053_多火点与余热点/02_激光打点与定位验证/01_事后打点候选/无人机01_1581F7K3C251800CYBVP/DJI_202609081117_006/DJI_20260908113147_0011_S.MP4,B4,uav-01,S,69.50,2.89,119.453,119.453,3571,3571,2026-09-08 11:33:47.328,2026-09-08 11:33:47.328,1
@raw/04_第四批_20260908_1053_多火点与余热点/02_激光打点与定位验证/01_事后打点候选/无人机01_1581F7K3C251800CYBVP/DJI_202609081117_006/DJI_20260908113147_0011_S.MP4,B4,uav-01,S,69.00,2.88,119.486,119.486,3572,3572,2026-09-08 11:33:47.364,2026-09-08 11:33:47.364,1
@raw/04_第四批_20260908_1053_多火点与余热点/02_激光打点与定位验证/01_事后打点候选/无人机01_1581F7K3C251800CYBVP/DJI_202609081117_006/DJI_20260908113147_0011_S.MP4,B4,uav-01,S,68.60,2.86,119.519,119.519,3573,3573,2026-09-08 11:33:47.394,2026-09-08 11:33:47.394,1
@raw/04_第四批_20260908_1053_多火点与余热点/02_激光打点与定位验证/01_事后打点候选/无人机01_1581F7K3C251800CYBVP/DJI_202609081117_006/DJI_20260908113147_0011_S.MP4,B4,uav-01,S,68.10,2.84,119.553,119.553,3574,3574,2026-09-08 11:33:47.432,2026-09-08 11:33:47.432,1
@raw/04_第四批_20260908_1053_多火点与余热点/02_激光打点与定位验证/01_事后打点候选/无人机01_1581F7K3C251800CYBVP/DJI_202609081117_006/DJI_20260908113147_0011_S.MP4,B4,uav-01,S,67.70,2.82,119.586,119.586,3575,3575,2026-09-08 11:33:47.467,2026-09-08 11:33:47.467,1
@raw/04_第四批_20260908_1053_多火点与余热点/02_激光打点与定位验证/01_事后打点候选/无人机01_1581F7K3C251800CYBVP/DJI_202609081117_006/DJI_20260908113147_0011_S.MP4,B4,uav-01,S,67.30,2.80,119.62,119.62,3576,3576,2026-09-08 11:33:47.501,2026-09-08 11:33:47.501,1
@raw/04_第四批_20260908_1053_多火点与余热点/02_激光打点与定位验证/01_事后打点候选/无人机01_1581F7K3C251800CYBVP/DJI_202609081117_006/DJI_20260908113147_0011_S.MP4,B4,uav-01,S,66.80,2.78,119.653,119.653,3577,3577,2026-09-08 11:33:47.531,2026-09-08 11:33:47.531,1
@raw/04_第四批_20260908_1053_多火点与余热点/02_激光打点与定位验证/01_事后打点候选/无人机01_1581F7K3C251800CYBVP/DJI_202609081117_006/DJI_20260908113147_0011_S.MP4,B4,uav-01,S,66.40,2.77,119.686,119.686,3578,3578,2026-09-08 11:33:47.563,2026-09-08 11:33:47.563,1
@raw/04_第四批_20260908_1053_多火点与余热点/02_激光打点与定位验证/01_事后打点候选/无人机01_1581F7K3C251800CYBVP/DJI_202609081117_006/DJI_20260908113147_0011_S.MP4,B4,uav-01,S,66.00,2.75,119.72,119.72,3579,3579,2026-09-08 11:33:47.598,2026-09-08 11:33:47.598,1
@raw/04_第四批_20260908_1053_多火点与余热点/02_激光打点与定位验证/01_事后打点候选/无人机01_1581F7K3C251800CYBVP/DJI_202609081117_006/DJI_20260908113147_0011_S.MP4,B4,uav-01,S,65.50,2.73,119.753,119.753,3580,3580,2026-09-08 11:33:47.631,2026-09-08 11:33:47.631,1
@raw/04_第四批_20260908_1053_多火点与余热点/02_激光打点与定位验证/01_事后打点候选/无人机01_1581F7K3C251800CYBVP/DJI_202609081117_006/DJI_20260908113147_0011_S.MP4,B4,uav-01,S,65.10,2.71,119.786,171.705,3581,5137,2026-09-08 11:33:47.668,2026-09-08 11:34:39.590,1557
@raw/04_第四批_20260908_1053_多火点与余热点/02_激光打点与定位验证/01_事后打点候选/无人机01_1581F7K3C251800CYBVP/DJI_202609081117_006/DJI_20260908113147_0011_V.MP4,B4,uav-01,V,29.10,1.21,0.0,0.734,0,22,2026-09-08 11:31:47.885,2026-09-08 11:31:48.599,23
@raw/04_第四批_20260908_1053_多火点与余热点/02_激光打点与定位验证/01_事后打点候选/无人机01_1581F7K3C251800CYBVP/DJI_202609081117_006/DJI_20260908113147_0011_V.MP4,B4,uav-01,V,28.90,1.20,0.767,0.767,23,23,2026-09-08 11:31:48.633,2026-09-08 11:31:48.633,1
@raw/04_第四批_20260908_1053_多火点与余热点/02_激光打点与定位验证/01_事后打点候选/无人机01_1581F7K3C251800CYBVP/DJI_202609081117_006/DJI_20260908113147_0011_V.MP4,B4,uav-01,V,28.70,1.20,0.801,0.801,24,24,2026-09-08 11:31:48.668,2026-09-08 11:31:48.668,1
@raw/04_第四批_20260908_1053_多火点与余热点/02_激光打点与定位验证/01_事后打点候选/无人机01_1581F7K3C251800CYBVP/DJI_202609081117_006/DJI_20260908113147_0011_V.MP4,B4,uav-01,V,28.50,1.19,0.834,0.834,25,25,2026-09-08 11:31:48.700,2026-09-08 11:31:48.700,1
@raw/04_第四批_20260908_1053_多火点与余热点/02_激光打点与定位验证/01_事后打点候选/无人机01_1581F7K3C251800CYBVP/DJI_202609081117_006/DJI_20260908113147_0011_V.MP4,B4,uav-01,V,28.40,1.18,0.868,0.868,26,26,2026-09-08 11:31:48.733,2026-09-08 11:31:48.733,1
@raw/04_第四批_20260908_1053_多火点与余热点/02_激光打点与定位验证/01_事后打点候选/无人机01_1581F7K3C251800CYBVP/DJI_202609081117_006/DJI_20260908113147_0011_V.MP4,B4,uav-01,V,28.20,1.17,0.901,0.901,27,27,2026-09-08 11:31:48.766,2026-09-08 11:31:48.766,1
@raw/04_第四批_20260908_1053_多火点与余热点/02_激光打点与定位验证/01_事后打点候选/无人机01_1581F7K3C251800CYBVP/DJI_202609081117_006/DJI_20260908113147_0011_V.MP4,B4,uav-01,V,28.00,1.17,0.934,0.934,28,28,2026-09-08 11:31:48.800,2026-09-08 11:31:48.800,1
@raw/04_第四批_20260908_1053_多火点与余热点/02_激光打点与定位验证/01_事后打点候选/无人机01_1581F7K3C251800CYBVP/DJI_202609081117_006/DJI_20260908113147_0011_V.MP4,B4,uav-01,V,27.80,1.16,0.968,0.968,29,29,2026-09-08 11:31:48.833,2026-09-08 11:31:48.833,1
@raw/04_第四批_20260908_1053_多火点与余热点/02_激光打点与定位验证/01_事后打点候选/无人机01_1581F7K3C251800CYBVP/DJI_202609081117_006/DJI_20260908113147_0011_V.MP4,B4,uav-01,V,27.60,1.15,1.001,1.001,30,30,2026-09-08 11:31:48.867,2026-09-08 11:31:48.867,1
@raw/04_第四批_20260908_1053_多火点与余热点/02_激光打点与定位验证/01_事后打点候选/无人机01_1581F7K3C251800CYBVP/DJI_202609081117_006/DJI_20260908113147_0011_V.MP4,B4,uav-01,V,27.50,1.14,1.034,1.034,31,31,2026-09-08 11:31:48.899,2026-09-08 11:31:48.899,1
@raw/04_第四批_20260908_1053_多火点与余热点/02_激光打点与定位验证/01_事后打点候选/无人机01_1581F7K3C251800CYBVP/DJI_202609081117_006/DJI_20260908113147_0011_V.MP4,B4,uav-01,V,27.30,1.14,1.068,1.068,32,32,2026-09-08 11:31:48.933,2026-09-08 11:31:48.933,1
@raw/04_第四批_20260908_1053_多火点与余热点/02_激光打点与定位验证/01_事后打点候选/无人机01_1581F7K3C251800CYBVP/DJI_202609081117_006/DJI_20260908113147_0011_V.MP4,B4,uav-01,V,27.10,1.13,1.101,1.101,33,33,2026-09-08 11:31:48.968,2026-09-08 11:31:48.968,1
@raw/04_第四批_20260908_1053_多火点与余热点/02_激光打点与定位验证/01_事后打点候选/无人机01_1581F7K3C251800CYBVP/DJI_202609081117_006/DJI_20260908113147_0011_V.MP4,B4,uav-01,V,26.90,1.12,1.134,1.134,34,34,2026-09-08 11:31:48.999,2026-09-08 11:31:48.999,1
@raw/04_第四批_20260908_1053_多火点与余热点/02_激光打点与定位验证/01_事后打点候选/无人机01_1581F7K3C251800CYBVP/DJI_202609081117_006/DJI_20260908113147_0011_V.MP4,B4,uav-01,V,26.80,1.11,1.168,1.168,35,35,2026-09-08 11:31:49.034,2026-09-08 11:31:49.034,1
@raw/04_第四批_20260908_1053_多火点与余热点/02_激光打点与定位验证/01_事后打点候选/无人机01_1581F7K3C251800CYBVP/DJI_202609081117_006/DJI_20260908113147_0011_V.MP4,B4,uav-01,V,26.60,1.11,1.201,1.201,36,36,2026-09-08 11:31:49.068,2026-09-08 11:31:49.068,1
@raw/04_第四批_20260908_1053_多火点与余热点/02_激光打点与定位验证/01_事后打点候选/无人机01_1581F7K3C251800CYBVP/DJI_202609081117_006/DJI_20260908113147_0011_V.MP4,B4,uav-01,V,26.40,1.10,1.2349999999999999,1.2349999999999999,37,37,2026-09-08 11:31:49.099,2026-09-08 11:31:49.099,1
@raw/04_第四批_20260908_1053_多火点与余热点/02_激光打点与定位验证/01_事后打点候选/无人机01_1581F7K3C251800CYBVP/DJI_202609081117_006/DJI_20260908113147_0011_V.MP4,B4,uav-01,V,26.20,1.09,1.268,1.268,38,38,2026-09-08 11:31:49.134,2026-09-08 11:31:49.134,1
@raw/04_第四批_20260908_1053_多火点与余热点/02_激光打点与定位验证/01_事后打点候选/无人机01_1581F7K3C251800CYBVP/DJI_202609081117_006/DJI_20260908113147_0011_V.MP4,B4,uav-01,V,26.10,1.09,1.301,1.301,39,39,2026-09-08 11:31:49.167,2026-09-08 11:31:49.167,1
@raw/04_第四批_20260908_1053_多火点与余热点/02_激光打点与定位验证/01_事后打点候选/无人机01_1581F7K3C251800CYBVP/DJI_202609081117_006/DJI_20260908113147_0011_V.MP4,B4,uav-01,V,25.90,1.08,1.335,1.335,40,40,2026-09-08 11:31:49.200,2026-09-08 11:31:49.200,1
@raw/04_第四批_20260908_1053_多火点与余热点/02_激光打点与定位验证/01_事后打点候选/无人机01_1581F7K3C251800CYBVP/DJI_202609081117_006/DJI_20260908113147_0011_V.MP4,B4,uav-01,V,25.70,1.07,1.3679999999999999,1.3679999999999999,41,41,2026-09-08 11:31:49.233,2026-09-08 11:31:49.233,1
@raw/04_第四批_20260908_1053_多火点与余热点/02_激光打点与定位验证/01_事后打点候选/无人机01_1581F7K3C251800CYBVP/DJI_202609081117_006/DJI_20260908113147_0011_V.MP4,B4,uav-01,V,25.60,1.07,1.401,1.401,42,42,2026-09-08 11:31:49.268,2026-09-08 11:31:49.268,1
@raw/04_第四批_20260908_1053_多火点与余热点/02_激光打点与定位验证/01_事后打点候选/无人机01_1581F7K3C251800CYBVP/DJI_202609081117_006/DJI_20260908113147_0011_V.MP4,B4,uav-01,V,25.40,1.06,1.435,1.435,43,43,2026-09-08 11:31:49.300,2026-09-08 11:31:49.300,1
@raw/04_第四批_20260908_1053_多火点与余热点/02_激光打点与定位验证/01_事后打点候选/无人机01_1581F7K3C251800CYBVP/DJI_202609081117_006/DJI_20260908113147_0011_V.MP4,B4,uav-01,V,25.20,1.05,1.468,1.468,44,44,2026-09-08 11:31:49.333,2026-09-08 11:31:49.333,1
@raw/04_第四批_20260908_1053_多火点与余热点/02_激光打点与定位验证/01_事后打点候选/无人机01_1581F7K3C251800CYBVP/DJI_202609081117_006/DJI_20260908113147_0011_V.MP4,B4,uav-01,V,25.10,1.05,1.502,1.502,45,45,2026-09-08 11:31:49.367,2026-09-08 11:31:49.367,1
@raw/04_第四批_20260908_1053_多火点与余热点/02_激光打点与定位验证/01_事后打点候选/无人机01_1581F7K3C251800CYBVP/DJI_202609081117_006/DJI_20260908113147_0011_V.MP4,B4,uav-01,V,24.90,1.04,1.5350000000000001,1.5350000000000001,46,46,2026-09-08 11:31:49.400,2026-09-08 11:31:49.400,1
@raw/04_第四批_20260908_1053_多火点与余热点/02_激光打点与定位验证/01_事后打点候选/无人机01_1581F7K3C251800CYBVP/DJI_202609081117_006/DJI_20260908113147_0011_V.MP4,B4,uav-01,V,24.80,1.03,1.568,1.568,47,47,2026-09-08 11:31:49.434,2026-09-08 11:31:49.434,1
@raw/04_第四批_20260908_1053_多火点与余热点/02_激光打点与定位验证/01_事后打点候选/无人机01_1581F7K3C251800CYBVP/DJI_202609081117_006/DJI_20260908113147_0011_V.MP4,B4,uav-01,V,24.60,1.03,1.6019999999999999,1.6019999999999999,48,48,2026-09-08 11:31:49.468,2026-09-08 11:31:49.468,1
@raw/04_第四批_20260908_1053_多火点与余热点/02_激光打点与定位验证/01_事后打点候选/无人机01_1581F7K3C251800CYBVP/DJI_202609081117_006/DJI_20260908113147_0011_V.MP4,B4,uav-01,V,24.80,1.03,1.635,1.635,49,49,2026-09-08 11:31:49.501,2026-09-08 11:31:49.501,1
@raw/04_第四批_20260908_1053_多火点与余热点/02_激光打点与定位验证/01_事后打点候选/无人机01_1581F7K3C251800CYBVP/DJI_202609081117_006/DJI_20260908113147_0011_V.MP4,B4,uav-01,V,24.90,1.04,1.6680000000000001,1.6680000000000001,50,50,2026-09-08 11:31:49.533,2026-09-08 11:31:49.533,1
@raw/04_第四批_20260908_1053_多火点与余热点/02_激光打点与定位验证/01_事后打点候选/无人机01_1581F7K3C251800CYBVP/DJI_202609081117_006/DJI_20260908113147_0011_V.MP4,B4,uav-01,V,25.10,1.05,1.702,1.702,51,51,2026-09-08 11:31:49.568,2026-09-08 11:31:49.568,1
@raw/04_第四批_20260908_1053_多火点与余热点/02_激光打点与定位验证/01_事后打点候选/无人机01_1581F7K3C251800CYBVP/DJI_202609081117_006/DJI_20260908113147_0011_V.MP4,B4,uav-01,V,25.20,1.05,1.7349999999999999,1.7349999999999999,52,52,2026-09-08 11:31:49.600,2026-09-08 11:31:49.600,1
@raw/04_第四批_20260908_1053_多火点与余热点/02_激光打点与定位验证/01_事后打点候选/无人机01_1581F7K3C251800CYBVP/DJI_202609081117_006/DJI_20260908113147_0011_V.MP4,B4,uav-01,V,25.40,1.06,1.768,1.768,53,53,2026-09-08 11:31:49.633,2026-09-08 11:31:49.633,1
@raw/04_第四批_20260908_1053_多火点与余热点/02_激光打点与定位验证/01_事后打点候选/无人机01_1581F7K3C251800CYBVP/DJI_202609081117_006/DJI_20260908113147_0011_V.MP4,B4,uav-01,V,25.60,1.07,1.802,1.802,54,54,2026-09-08 11:31:49.668,2026-09-08 11:31:49.668,1
@raw/04_第四批_20260908_1053_多火点与余热点/02_激光打点与定位验证/01_事后打点候选/无人机01_1581F7K3C251800CYBVP/DJI_202609081117_006/DJI_20260908113147_0011_V.MP4,B4,uav-01,V,25.70,1.07,1.835,1.835,55,55,2026-09-08 11:31:49.700,2026-09-08 11:31:49.700,1
@raw/04_第四批_20260908_1053_多火点与余热点/02_激光打点与定位验证/01_事后打点候选/无人机01_1581F7K3C251800CYBVP/DJI_202609081117_006/DJI_20260908113147_0011_V.MP4,B4,uav-01,V,25.90,1.08,1.869,1.869,56,56,2026-09-08 11:31:49.734,2026-09-08 11:31:49.734,1
@raw/04_第四批_20260908_1053_多火点与余热点/02_激光打点与定位验证/01_事后打点候选/无人机01_1581F7K3C251800CYBVP/DJI_202609081117_006/DJI_20260908113147_0011_V.MP4,B4,uav-01,V,26.10,1.09,1.9020000000000001,1.9020000000000001,57,57,2026-09-08 11:31:49.768,2026-09-08 11:31:49.768,1
@raw/04_第四批_20260908_1053_多火点与余热点/02_激光打点与定位验证/01_事后打点候选/无人机01_1581F7K3C251800CYBVP/DJI_202609081117_006/DJI_20260908113147_0011_V.MP4,B4,uav-01,V,26.20,1.09,1.935,1.935,58,58,2026-09-08 11:31:49.800,2026-09-08 11:31:49.800,1
@raw/04_第四批_20260908_1053_多火点与余热点/02_激光打点与定位验证/01_事后打点候选/无人机01_1581F7K3C251800CYBVP/DJI_202609081117_006/DJI_20260908113147_0011_V.MP4,B4,uav-01,V,26.40,1.10,1.9689999999999999,1.9689999999999999,59,59,2026-09-08 11:31:49.835,2026-09-08 11:31:49.835,1
@raw/04_第四批_20260908_1053_多火点与余热点/02_激光打点与定位验证/01_事后打点候选/无人机01_1581F7K3C251800CYBVP/DJI_202609081117_006/DJI_20260908113147_0011_V.MP4,B4,uav-01,V,26.60,1.11,2.002,2.703,60,81,2026-09-08 11:31:49.868,2026-09-08 11:31:50.567,22
@raw/04_第四批_20260908_1053_多火点与余热点/02_激光打点与定位验证/01_事后打点候选/无人机01_1581F7K3C251800CYBVP/DJI_202609081117_006/DJI_20260908113147_0011_V.MP4,B4,uav-01,V,26.80,1.12,2.7359999999999998,2.7359999999999998,82,82,2026-09-08 11:31:50.602,2026-09-08 11:31:50.602,1
@raw/04_第四批_20260908_1053_多火点与余热点/02_激光打点与定位验证/01_事后打点候选/无人机01_1581F7K3C251800CYBVP/DJI_202609081117_006/DJI_20260908113147_0011_V.MP4,B4,uav-01,V,26.90,1.12,2.769,2.769,83,83,2026-09-08 11:31:50.636,2026-09-08 11:31:50.636,1
@raw/04_第四批_20260908_1053_多火点与余热点/02_激光打点与定位验证/01_事后打点候选/无人机01_1581F7K3C251800CYBVP/DJI_202609081117_006/DJI_20260908113147_0011_V.MP4,B4,uav-01,V,27.10,1.13,2.803,2.803,84,84,2026-09-08 11:31:50.668,2026-09-08 11:31:50.668,1
@raw/04_第四批_20260908_1053_多火点与余热点/02_激光打点与定位验证/01_事后打点候选/无人机01_1581F7K3C251800CYBVP/DJI_202609081117_006/DJI_20260908113147_0011_V.MP4,B4,uav-01,V,27.20,1.13,2.836,2.836,85,85,2026-09-08 11:31:50.701,2026-09-08 11:31:50.701,1
@raw/04_第四批_20260908_1053_多火点与余热点/02_激光打点与定位验证/01_事后打点候选/无人机01_1581F7K3C251800CYBVP/DJI_202609081117_006/DJI_20260908113147_0011_V.MP4,B4,uav-01,V,27.40,1.14,2.87,2.87,86,86,2026-09-08 11:31:50.735,2026-09-08 11:31:50.735,1
@raw/04_第四批_20260908_1053_多火点与余热点/02_激光打点与定位验证/01_事后打点候选/无人机01_1581F7K3C251800CYBVP/DJI_202609081117_006/DJI_20260908113147_0011_V.MP4,B4,uav-01,V,27.60,1.15,2.903,2.936,87,88,2026-09-08 11:31:50.769,2026-09-08 11:31:50.802,2
@raw/04_第四批_20260908_1053_多火点与余热点/02_激光打点与定位验证/01_事后打点候选/无人机01_1581F7K3C251800CYBVP/DJI_202609081117_006/DJI_20260908113147_0011_V.MP4,B4,uav-01,V,27.80,1.16,2.9699999999999998,2.9699999999999998,89,89,2026-09-08 11:31:50.835,2026-09-08 11:31:50.835,1
@raw/04_第四批_20260908_1053_多火点与余热点/02_激光打点与定位验证/01_事后打点候选/无人机01_1581F7K3C251800CYBVP/DJI_202609081117_006/DJI_20260908113147_0011_V.MP4,B4,uav-01,V,28.00,1.16,3.003,3.003,90,90,2026-09-08 11:31:50.867,2026-09-08 11:31:50.867,1
@raw/04_第四批_20260908_1053_多火点与余热点/02_激光打点与定位验证/01_事后打点候选/无人机01_1581F7K3C251800CYBVP/DJI_202609081117_006/DJI_20260908113147_0011_V.MP4,B4,uav-01,V,28.10,1.17,3.036,3.036,91,91,2026-09-08 11:31:50.901,2026-09-08 11:31:50.901,1
@raw/04_第四批_20260908_1053_多火点与余热点/02_激光打点与定位验证/01_事后打点候选/无人机01_1581F7K3C251800CYBVP/DJI_202609081117_006/DJI_20260908113147_0011_V.MP4,B4,uav-01,V,28.30,1.18,3.07,3.07,92,92,2026-09-08 11:31:50.935,2026-09-08 11:31:50.935,1
@raw/04_第四批_20260908_1053_多火点与余热点/02_激光打点与定位验证/01_事后打点候选/无人机01_1581F7K3C251800CYBVP/DJI_202609081117_006/DJI_20260908113147_0011_V.MP4,B4,uav-01,V,28.50,1.19,3.103,3.103,93,93,2026-09-08 11:31:50.968,2026-09-08 11:31:50.968,1
@raw/04_第四批_20260908_1053_多火点与余热点/02_激光打点与定位验证/01_事后打点候选/无人机01_1581F7K3C251800CYBVP/DJI_202609081117_006/DJI_20260908113147_0011_V.MP4,B4,uav-01,V,28.70,1.20,3.136,3.8369999999999997,94,115,2026-09-08 11:31:51.001,2026-09-08 11:31:51.702,22
@raw/04_第四批_20260908_1053_多火点与余热点/02_激光打点与定位验证/01_事后打点候选/无人机01_1581F7K3C251800CYBVP/DJI_202609081117_006/DJI_20260908113147_0011_V.MP4,B4,uav-01,V,28.90,1.20,3.871,3.871,116,116,2026-09-08 11:31:51.737,2026-09-08 11:31:51.737,1
@raw/04_第四批_20260908_1053_多火点与余热点/02_激光打点与定位验证/01_事后打点候选/无人机01_1581F7K3C251800CYBVP/DJI_202609081117_006/DJI_20260908113147_0011_V.MP4,B4,uav-01,V,29.10,1.21,3.904,3.904,117,117,2026-09-08 11:31:51.769,2026-09-08 11:31:51.769,1
@raw/04_第四批_20260908_1053_多火点与余热点/02_激光打点与定位验证/01_事后打点候选/无人机01_1581F7K3C251800CYBVP/DJI_202609081117_006/DJI_20260908113147_0011_V.MP4,B4,uav-01,V,29.30,1.22,3.9370000000000003,3.9370000000000003,118,118,2026-09-08 11:31:51.804,2026-09-08 11:31:51.804,1
@raw/04_第四批_20260908_1053_多火点与余热点/02_激光打点与定位验证/01_事后打点候选/无人机01_1581F7K3C251800CYBVP/DJI_202609081117_006/DJI_20260908113147_0011_V.MP4,B4,uav-01,V,29.50,1.23,3.971,3.971,119,119,2026-09-08 11:31:51.836,2026-09-08 11:31:51.836,1
@raw/04_第四批_20260908_1053_多火点与余热点/02_激光打点与定位验证/01_事后打点候选/无人机01_1581F7K3C251800CYBVP/DJI_202609081117_006/DJI_20260908113147_0011_V.MP4,B4,uav-01,V,29.60,1.24,4.004,4.004,120,120,2026-09-08 11:31:51.870,2026-09-08 11:31:51.870,1
@raw/04_第四批_20260908_1053_多火点与余热点/02_激光打点与定位验证/01_事后打点候选/无人机01_1581F7K3C251800CYBVP/DJI_202609081117_006/DJI_20260908113147_0011_V.MP4,B4,uav-01,V,29.70,1.24,4.037,4.037,121,121,2026-09-08 11:31:51.902,2026-09-08 11:31:51.902,1
@raw/04_第四批_20260908_1053_多火点与余热点/02_激光打点与定位验证/01_事后打点候选/无人机01_1581F7K3C251800CYBVP/DJI_202609081117_006/DJI_20260908113147_0011_V.MP4,B4,uav-01,V,29.90,1.25,4.071,4.071,122,122,2026-09-08 11:31:51.935,2026-09-08 11:31:51.935,1
@raw/04_第四批_20260908_1053_多火点与余热点/02_激光打点与定位验证/01_事后打点候选/无人机01_1581F7K3C251800CYBVP/DJI_202609081117_006/DJI_20260908113147_0011_V.MP4,B4,uav-01,V,30.10,1.25,4.104,4.104,123,123,2026-09-08 11:31:51.969,2026-09-08 11:31:51.969,1
@raw/04_第四批_20260908_1053_多火点与余热点/02_激光打点与定位验证/01_事后打点候选/无人机01_1581F7K3C251800CYBVP/DJI_202609081117_006/DJI_20260908113147_0011_V.MP4,B4,uav-01,V,30.20,1.26,4.1370000000000005,4.1370000000000005,124,124,2026-09-08 11:31:52.003,2026-09-08 11:31:52.003,1
@raw/04_第四批_20260908_1053_多火点与余热点/02_激光打点与定位验证/01_事后打点候选/无人机01_1581F7K3C251800CYBVP/DJI_202609081117_006/DJI_20260908113147_0011_V.MP4,B4,uav-01,V,30.40,1.27,4.171,4.171,125,125,2026-09-08 11:31:52.035,2026-09-08 11:31:52.035,1
@raw/04_第四批_20260908_1053_多火点与余热点/02_激光打点与定位验证/01_事后打点候选/无人机01_1581F7K3C251800CYBVP/DJI_202609081117_006/DJI_20260908113147_0011_V.MP4,B4,uav-01,V,30.60,1.27,4.204,4.204,126,126,2026-09-08 11:31:52.068,2026-09-08 11:31:52.068,1
@raw/04_第四批_20260908_1053_多火点与余热点/02_激光打点与定位验证/01_事后打点候选/无人机01_1581F7K3C251800CYBVP/DJI_202609081117_006/DJI_20260908113147_0011_V.MP4,B4,uav-01,V,30.80,1.28,4.2379999999999995,4.2379999999999995,127,127,2026-09-08 11:31:52.102,2026-09-08 11:31:52.102,1
@raw/04_第四批_20260908_1053_多火点与余热点/02_激光打点与定位验证/01_事后打点候选/无人机01_1581F7K3C251800CYBVP/DJI_202609081117_006/DJI_20260908113147_0011_V.MP4,B4,uav-01,V,31.00,1.29,4.271,4.938,128,148,2026-09-08 11:31:52.136,2026-09-08 11:31:52.802,21
@raw/04_第四批_20260908_1053_多火点与余热点/02_激光打点与定位验证/01_事后打点候选/无人机01_1581F7K3C251800CYBVP/DJI_202609081117_006/DJI_20260908113147_0011_V.MP4,B4,uav-01,V,31.20,1.30,4.9719999999999995,4.9719999999999995,149,149,2026-09-08 11:31:52.837,2026-09-08 11:31:52.837,1
@raw/04_第四批_20260908_1053_多火点与余热点/02_激光打点与定位验证/01_事后打点候选/无人机01_1581F7K3C251800CYBVP/DJI_202609081117_006/DJI_20260908113147_0011_V.MP4,B4,uav-01,V,31.40,1.31,5.005,5.005,150,150,2026-09-08 11:31:52.870,2026-09-08 11:31:52.870,1
@raw/04_第四批_20260908_1053_多火点与余热点/02_激光打点与定位验证/01_事后打点候选/无人机01_1581F7K3C251800CYBVP/DJI_202609081117_006/DJI_20260908113147_0011_V.MP4,B4,uav-01,V,31.60,1.32,5.038,5.038,151,151,2026-09-08 11:31:52.904,2026-09-08 11:31:52.904,1
@raw/04_第四批_20260908_1053_多火点与余热点/02_激光打点与定位验证/01_事后打点候选/无人机01_1581F7K3C251800CYBVP/DJI_202609081117_006/DJI_20260908113147_0011_V.MP4,B4,uav-01,V,31.80,1.33,5.072,5.072,152,152,2026-09-08 11:31:52.936,2026-09-08 11:31:52.936,1
@raw/04_第四批_20260908_1053_多火点与余热点/02_激光打点与定位验证/01_事后打点候选/无人机01_1581F7K3C251800CYBVP/DJI_202609081117_006/DJI_20260908113147_0011_V.MP4,B4,uav-01,V,32.00,1.33,5.105,5.105,153,153,2026-09-08 11:31:52.970,2026-09-08 11:31:52.970,1
@raw/04_第四批_20260908_1053_多火点与余热点/02_激光打点与定位验证/01_事后打点候选/无人机01_1581F7K3C251800CYBVP/DJI_202609081117_006/DJI_20260908113147_0011_V.MP4,B4,uav-01,V,32.10,1.34,5.138,5.172,154,155,2026-09-08 11:31:53.004,2026-09-08 11:31:53.036,2
@raw/04_第四批_20260908_1053_多火点与余热点/02_激光打点与定位验证/01_事后打点候选/无人机01_1581F7K3C251800CYBVP/DJI_202609081117_006/DJI_20260908113147_0011_V.MP4,B4,uav-01,V,32.30,1.35,5.205,5.205,156,156,2026-09-08 11:31:53.069,2026-09-08 11:31:53.069,1
@raw/04_第四批_20260908_1053_多火点与余热点/02_激光打点与定位验证/01_事后打点候选/无人机01_1581F7K3C251800CYBVP/DJI_202609081117_006/DJI_20260908113147_0011_V.MP4,B4,uav-01,V,32.50,1.35,5.239,5.239,157,157,2026-09-08 11:31:53.103,2026-09-08 11:31:53.103,1
@raw/04_第四批_20260908_1053_多火点与余热点/02_激光打点与定位验证/01_事后打点候选/无人机01_1581F7K3C251800CYBVP/DJI_202609081117_006/DJI_20260908113147_0011_V.MP4,B4,uav-01,V,32.70,1.36,5.272,5.272,158,158,2026-09-08 11:31:53.137,2026-09-08 11:31:53.137,1
@raw/04_第四批_20260908_1053_多火点与余热点/02_激光打点与定位验证/01_事后打点候选/无人机01_1581F7K3C251800CYBVP/DJI_202609081117_006/DJI_20260908113147_0011_V.MP4,B4,uav-01,V,32.90,1.37,5.305,5.305,159,159,2026-09-08 11:31:53.169,2026-09-08 11:31:53.169,1
@raw/04_第四批_20260908_1053_多火点与余热点/02_激光打点与定位验证/01_事后打点候选/无人机01_1581F7K3C251800CYBVP/DJI_202609081117_006/DJI_20260908113147_0011_V.MP4,B4,uav-01,V,33.20,1.38,5.339,5.339,160,160,2026-09-08 11:31:53.204,2026-09-08 11:31:53.204,1
@raw/04_第四批_20260908_1053_多火点与余热点/02_激光打点与定位验证/01_事后打点候选/无人机01_1581F7K3C251800CYBVP/DJI_202609081117_006/DJI_20260908113147_0011_V.MP4,B4,uav-01,V,33.40,1.39,5.372,5.372,161,161,2026-09-08 11:31:53.236,2026-09-08 11:31:53.236,1
@raw/04_第四批_20260908_1053_多火点与余热点/02_激光打点与定位验证/01_事后打点候选/无人机01_1581F7K3C251800CYBVP/DJI_202609081117_006/DJI_20260908113147_0011_V.MP4,B4,uav-01,V,33.50,1.40,5.405,6.039,162,181,2026-09-08 11:31:53.271,2026-09-08 11:31:53.905,20
@raw/04_第四批_20260908_1053_多火点与余热点/02_激光打点与定位验证/01_事后打点候选/无人机01_1581F7K3C251800CYBVP/DJI_202609081117_006/DJI_20260908113147_0011_V.MP4,B4,uav-01,V,33.70,1.40,6.073,6.073,182,182,2026-09-08 11:31:53.937,2026-09-08 11:31:53.937,1
@raw/04_第四批_20260908_1053_多火点与余热点/02_激光打点与定位验证/01_事后打点候选/无人机01_1581F7K3C251800CYBVP/DJI_202609081117_006/DJI_20260908113147_0011_V.MP4,B4,uav-01,V,33.90,1.41,6.106,6.139,183,184,2026-09-08 11:31:53.970,2026-09-08 11:31:54.004,2
@raw/04_第四批_20260908_1053_多火点与余热点/02_激光打点与定位验证/01_事后打点候选/无人机01_1581F7K3C251800CYBVP/DJI_202609081117_006/DJI_20260908113147_0011_V.MP4,B4,uav-01,V,34.10,1.42,6.173,6.173,185,185,2026-09-08 11:31:54.037,2026-09-08 11:31:54.037,1
@raw/04_第四批_20260908_1053_多火点与余热点/02_激光打点与定位验证/01_事后打点候选/无人机01_1581F7K3C251800CYBVP/DJI_202609081117_006/DJI_20260908113147_0011_V.MP4,B4,uav-01,V,34.30,1.43,6.206,6.206,186,186,2026-09-08 11:31:54.071,2026-09-08 11:31:54.071,1
@raw/04_第四批_20260908_1053_多火点与余热点/02_激光打点与定位验证/01_事后打点候选/无人机01_1581F7K3C251800CYBVP/DJI_202609081117_006/DJI_20260908113147_0011_V.MP4,B4,uav-01,V,34.60,1.44,6.24,6.24,187,187,2026-09-08 11:31:54.104,2026-09-08 11:31:54.104,1
@raw/04_第四批_20260908_1053_多火点与余热点/02_激光打点与定位验证/01_事后打点候选/无人机01_1581F7K3C251800CYBVP/DJI_202609081117_006/DJI_20260908113147_0011_V.MP4,B4,uav-01,V,34.70,1.45,6.273,6.273,188,188,2026-09-08 11:31:54.138,2026-09-08 11:31:54.138,1
@raw/04_第四批_20260908_1053_多火点与余热点/02_激光打点与定位验证/01_事后打点候选/无人机01_1581F7K3C251800CYBVP/DJI_202609081117_006/DJI_20260908113147_0011_V.MP4,B4,uav-01,V,34.90,1.45,6.306,6.34,189,190,2026-09-08 11:31:54.170,2026-09-08 11:31:54.204,2
@raw/04_第四批_20260908_1053_多火点与余热点/02_激光打点与定位验证/01_事后打点候选/无人机01_1581F7K3C251800CYBVP/DJI_202609081117_006/DJI_20260908113147_0011_V.MP4,B4,uav-01,V,35.10,1.46,6.373,6.373,191,191,2026-09-08 11:31:54.237,2026-09-08 11:31:54.237,1
@raw/04_第四批_20260908_1053_多火点与余热点/02_激光打点与定位验证/01_事后打点候选/无人机01_1581F7K3C251800CYBVP/DJI_202609081117_006/DJI_20260908113147_0011_V.MP4,B4,uav-01,V,35.40,1.47,6.406,6.406,192,192,2026-09-08 11:31:54.272,2026-09-08 11:31:54.272,1
@raw/04_第四批_20260908_1053_多火点与余热点/02_激光打点与定位验证/01_事后打点候选/无人机01_1581F7K3C251800CYBVP/DJI_202609081117_006/DJI_20260908113147_0011_V.MP4,B4,uav-01,V,35.60,1.48,6.44,6.44,193,193,2026-09-08 11:31:54.305,2026-09-08 11:31:54.305,1
@raw/04_第四批_20260908_1053_多火点与余热点/02_激光打点与定位验证/01_事后打点候选/无人机01_1581F7K3C251800CYBVP/DJI_202609081117_006/DJI_20260908113147_0011_V.MP4,B4,uav-01,V,35.80,1.49,6.473,6.473,194,194,2026-09-08 11:31:54.337,2026-09-08 11:31:54.337,1
@raw/04_第四批_20260908_1053_多火点与余热点/02_激光打点与定位验证/01_事后打点候选/无人机01_1581F7K3C251800CYBVP/DJI_202609081117_006/DJI_20260908113147_0011_V.MP4,B4,uav-01,V,36.00,1.50,6.507,6.507,195,195,2026-09-08 11:31:54.371,2026-09-08 11:31:54.371,1
@raw/04_第四批_20260908_1053_多火点与余热点/02_激光打点与定位验证/01_事后打点候选/无人机01_1581F7K3C251800CYBVP/DJI_202609081117_006/DJI_20260908113147_0011_V.MP4,B4,uav-01,V,36.20,1.51,6.54,7.174,196,215,2026-09-08 11:31:54.404,2026-09-08 11:31:55.039,20
@raw/04_第四批_20260908_1053_多火点与余热点/02_激光打点与定位验证/01_事后打点候选/无人机01_1581F7K3C251800CYBVP/DJI_202609081117_006/DJI_20260908113147_0011_V.MP4,B4,uav-01,V,36.40,1.52,7.207,7.207,216,216,2026-09-08 11:31:55.071,2026-09-08 11:31:55.071,1
@raw/04_第四批_20260908_1053_多火点与余热点/02_激光打点与定位验证/01_事后打点候选/无人机01_1581F7K3C251800CYBVP/DJI_202609081117_006/DJI_20260908113147_0011_V.MP4,B4,uav-01,V,36.70,1.53,7.241,7.241,217,217,2026-09-08 11:31:55.106,2026-09-08 11:31:55.106,1
@raw/04_第四批_20260908_1053_多火点与余热点/02_激光打点与定位验证/01_事后打点候选/无人机01_1581F7K3C251800CYBVP/DJI_202609081117_006/DJI_20260908113147_0011_V.MP4,B4,uav-01,V,36.90,1.54,7.274,7.274,218,218,2026-09-08 11:31:55.139,2026-09-08 11:31:55.139,1
@raw/04_第四批_20260908_1053_多火点与余热点/02_激光打点与定位验证/01_事后打点候选/无人机01_1581F7K3C251800CYBVP/DJI_202609081117_006/DJI_20260908113147_0011_V.MP4,B4,uav-01,V,37.10,1.55,7.307,7.307,219,219,2026-09-08 11:31:55.172,2026-09-08 11:31:55.172,1
@raw/04_第四批_20260908_1053_多火点与余热点/02_激光打点与定位验证/01_事后打点候选/无人机01_1581F7K3C251800CYBVP/DJI_202609081117_006/DJI_20260908113147_0011_V.MP4,B4,uav-01,V,37.30,1.55,7.341,7.341,220,220,2026-09-08 11:31:55.205,2026-09-08 11:31:55.205,1
@raw/04_第四批_20260908_1053_多火点与余热点/02_激光打点与定位验证/01_事后打点候选/无人机01_1581F7K3C251800CYBVP/DJI_202609081117_006/DJI_20260908113147_0011_V.MP4,B4,uav-01,V,37.50,1.56,7.374,7.374,221,221,2026-09-08 11:31:55.238,2026-09-08 11:31:55.238,1
@raw/04_第四批_20260908_1053_多火点与余热点/02_激光打点与定位验证/01_事后打点候选/无人机01_1581F7K3C251800CYBVP/DJI_202609081117_006/DJI_20260908113147_0011_V.MP4,B4,uav-01,V,37.70,1.57,7.407,7.441,222,223,2026-09-08 11:31:55.272,2026-09-08 11:31:55.304,2
@raw/04_第四批_20260908_1053_多火点与余热点/02_激光打点与定位验证/01_事后打点候选/无人机01_1581F7K3C251800CYBVP/DJI_202609081117_006/DJI_20260908113147_0011_V.MP4,B4,uav-01,V,37.90,1.58,7.474,7.474,224,224,2026-09-08 11:31:55.339,2026-09-08 11:31:55.339,1
@raw/04_第四批_20260908_1053_多火点与余热点/02_激光打点与定位验证/01_事后打点候选/无人机01_1581F7K3C251800CYBVP/DJI_202609081117_006/DJI_20260908113147_0011_V.MP4,B4,uav-01,V,38.20,1.59,7.508,7.508,225,225,2026-09-08 11:31:55.372,2026-09-08 11:31:55.372,1
@raw/04_第四批_20260908_1053_多火点与余热点/02_激光打点与定位验证/01_事后打点候选/无人机01_1581F7K3C251800CYBVP/DJI_202609081117_006/DJI_20260908113147_0011_V.MP4,B4,uav-01,V,38.40,1.60,7.541,7.574,226,227,2026-09-08 11:31:55.406,2026-09-08 11:31:55.439,2
@raw/04_第四批_20260908_1053_多火点与余热点/02_激光打点与定位验证/01_事后打点候选/无人机01_1581F7K3C251800CYBVP/DJI_202609081117_006/DJI_20260908113147_0011_V.MP4,B4,uav-01,V,38.60,1.61,7.608,7.608,228,228,2026-09-08 11:31:55.472,2026-09-08 11:31:55.472,1
@raw/04_第四批_20260908_1053_多火点与余热点/02_激光打点与定位验证/01_事后打点候选/无人机01_1581F7K3C251800CYBVP/DJI_202609081117_006/DJI_20260908113147_0011_V.MP4,B4,uav-01,V,38.90,1.62,7.641,7.641,229,229,2026-09-08 11:31:55.505,2026-09-08 11:31:55.505,1
@raw/04_第四批_20260908_1053_多火点与余热点/02_激光打点与定位验证/01_事后打点候选/无人机01_1581F7K3C251800CYBVP/DJI_202609081117_006/DJI_20260908113147_0011_V.MP4,B4,uav-01,V,39.20,1.63,7.674,8.275,230,248,2026-09-08 11:31:55.539,2026-09-08 11:31:56.142,19
@raw/04_第四批_20260908_1053_多火点与余热点/02_激光打点与定位验证/01_事后打点候选/无人机01_1581F7K3C251800CYBVP/DJI_202609081117_006/DJI_20260908113147_0011_V.MP4,B4,uav-01,V,39.40,1.64,8.308,8.308,249,249,2026-09-08 11:31:56.172,2026-09-08 11:31:56.172,1
@raw/04_第四批_20260908_1053_多火点与余热点/02_激光打点与定位验证/01_事后打点候选/无人机01_1581F7K3C251800CYBVP/DJI_202609081117_006/DJI_20260908113147_0011_V.MP4,B4,uav-01,V,39.70,1.65,8.342,8.375,250,251,2026-09-08 11:31:56.207,2026-09-08 11:31:56.239,2
@raw/04_第四批_20260908_1053_多火点与余热点/02_激光打点与定位验证/01_事后打点候选/无人机01_1581F7K3C251800CYBVP/DJI_202609081117_006/DJI_20260908113147_0011_V.MP4,B4,uav-01,V,40.00,1.66,8.408,8.408,252,252,2026-09-08 11:31:56.273,2026-09-08 11:31:56.273,1
@raw/04_第四批_20260908_1053_多火点与余热点/02_激光打点与定位验证/01_事后打点候选/无人机01_1581F7K3C251800CYBVP/DJI_202609081117_006/DJI_20260908113147_0011_V.MP4,B4,uav-01,V,40.20,1.68,8.442,8.442,253,253,2026-09-08 11:31:56.306,2026-09-08 11:31:56.306,1
@raw/04_第四批_20260908_1053_多火点与余热点/02_激光打点与定位验证/01_事后打点候选/无人机01_1581F7K3C251800CYBVP/DJI_202609081117_006/DJI_20260908113147_0011_V.MP4,B4,uav-01,V,40.50,1.69,8.475,8.475,254,254,2026-09-08 11:31:56.340,2026-09-08 11:31:56.340,1
@raw/04_第四批_20260908_1053_多火点与余热点/02_激光打点与定位验证/01_事后打点候选/无人机01_1581F7K3C251800CYBVP/DJI_202609081117_006/DJI_20260908113147_0011_V.MP4,B4,uav-01,V,40.70,1.70,8.509,8.509,255,255,2026-09-08 11:31:56.373,2026-09-08 11:31:56.373,1
@raw/04_第四批_20260908_1053_多火点与余热点/02_激光打点与定位验证/01_事后打点候选/无人机01_1581F7K3C251800CYBVP/DJI_202609081117_006/DJI_20260908113147_0011_V.MP4,B4,uav-01,V,40.80,1.70,8.542,8.542,256,256,2026-09-08 11:31:56.406,2026-09-08 11:31:56.406,1
@raw/04_第四批_20260908_1053_多火点与余热点/02_激光打点与定位验证/01_事后打点候选/无人机01_1581F7K3C251800CYBVP/DJI_202609081117_006/DJI_20260908113147_0011_V.MP4,B4,uav-01,V,41.00,1.71,8.575,8.575,257,257,2026-09-08 11:31:56.440,2026-09-08 11:31:56.440,1
@raw/04_第四批_20260908_1053_多火点与余热点/02_激光打点与定位验证/01_事后打点候选/无人机01_1581F7K3C251800CYBVP/DJI_202609081117_006/DJI_20260908113147_0011_V.MP4,B4,uav-01,V,41.30,1.72,8.609,8.609,258,258,2026-09-08 11:31:56.473,2026-09-08 11:31:56.473,1
@raw/04_第四批_20260908_1053_多火点与余热点/02_激光打点与定位验证/01_事后打点候选/无人机01_1581F7K3C251800CYBVP/DJI_202609081117_006/DJI_20260908113147_0011_V.MP4,B4,uav-01,V,41.50,1.73,8.642,8.642,259,259,2026-09-08 11:31:56.506,2026-09-08 11:31:56.506,1
@raw/04_第四批_20260908_1053_多火点与余热点/02_激光打点与定位验证/01_事后打点候选/无人机01_1581F7K3C251800CYBVP/DJI_202609081117_006/DJI_20260908113147_0011_V.MP4,B4,uav-01,V,41.80,1.74,8.675,8.709,260,261,2026-09-08 11:31:56.541,2026-09-08 11:31:56.573,2
@raw/04_第四批_20260908_1053_多火点与余热点/02_激光打点与定位验证/01_事后打点候选/无人机01_1581F7K3C251800CYBVP/DJI_202609081117_006/DJI_20260908113147_0011_V.MP4,B4,uav-01,V,42.00,1.75,8.742,8.742,262,262,2026-09-08 11:31:56.606,2026-09-08 11:31:56.606,1
@raw/04_第四批_20260908_1053_多火点与余热点/02_激光打点与定位验证/01_事后打点候选/无人机01_1581F7K3C251800CYBVP/DJI_202609081117_006/DJI_20260908113147_0011_V.MP4,B4,uav-01,V,42.30,1.76,8.775,8.775,263,263,2026-09-08 11:31:56.640,2026-09-08 11:31:56.640,1
@raw/04_第四批_20260908_1053_多火点与余热点/02_激光打点与定位验证/01_事后打点候选/无人机01_1581F7K3C251800CYBVP/DJI_202609081117_006/DJI_20260908113147_0011_V.MP4,B4,uav-01,V,42.40,1.77,8.809,9.343,264,280,2026-09-08 11:31:56.673,2026-09-08 11:31:57.207,17
@raw/04_第四批_20260908_1053_多火点与余热点/02_激光打点与定位验证/01_事后打点候选/无人机01_1581F7K3C251800CYBVP/DJI_202609081117_006/DJI_20260908113147_0011_V.MP4,B4,uav-01,V,42.70,1.78,9.376,9.409,281,282,2026-09-08 11:31:57.240,2026-09-08 11:31:57.275,2
@raw/04_第四批_20260908_1053_多火点与余热点/02_激光打点与定位验证/01_事后打点候选/无人机01_1581F7K3C251800CYBVP/DJI_202609081117_006/DJI_20260908113147_0011_V.MP4,B4,uav-01,V,42.90,1.79,9.443,9.51,283,285,2026-09-08 11:31:57.307,2026-09-08 11:31:57.374,3
@raw/04_第四批_20260908_1053_多火点与余热点/02_激光打点与定位验证/01_事后打点候选/无人机01_1581F7K3C251800CYBVP/DJI_202609081117_006/DJI_20260908113147_0011_V.MP4,B4,uav-01,V,43.20,1.80,9.543,9.543,286,286,2026-09-08 11:31:57.408,2026-09-08 11:31:57.408,1
@raw/04_第四批_20260908_1053_多火点与余热点/02_激光打点与定位验证/01_事后打点候选/无人机01_1581F7K3C251800CYBVP/DJI_202609081117_006/DJI_20260908113147_0011_V.MP4,B4,uav-01,V,43.50,1.81,9.576,9.576,287,287,2026-09-08 11:31:57.441,2026-09-08 11:31:57.441,1
@raw/04_第四批_20260908_1053_多火点与余热点/02_激光打点与定位验证/01_事后打点候选/无人机01_1581F7K3C251800CYBVP/DJI_202609081117_006/DJI_20260908113147_0011_V.MP4,B4,uav-01,V,43.70,1.82,9.61,9.61,288,288,2026-09-08 11:31:57.474,2026-09-08 11:31:57.474,1
@raw/04_第四批_20260908_1053_多火点与余热点/02_激光打点与定位验证/01_事后打点候选/无人机01_1581F7K3C251800CYBVP/DJI_202609081117_006/DJI_20260908113147_0011_V.MP4,B4,uav-01,V,44.00,1.83,9.643,9.643,289,289,2026-09-08 11:31:57.508,2026-09-08 11:31:57.508,1
@raw/04_第四批_20260908_1053_多火点与余热点/02_激光打点与定位验证/01_事后打点候选/无人机01_1581F7K3C251800CYBVP/DJI_202609081117_006/DJI_20260908113147_0011_V.MP4,B4,uav-01,V,44.30,1.85,9.676,9.676,290,290,2026-09-08 11:31:57.541,2026-09-08 11:31:57.541,1
@raw/04_第四批_20260908_1053_多火点与余热点/02_激光打点与定位验证/01_事后打点候选/无人机01_1581F7K3C251800CYBVP/DJI_202609081117_006/DJI_20260908113147_0011_V.MP4,B4,uav-01,V,44.40,1.85,9.71,9.71,291,291,2026-09-08 11:31:57.575,2026-09-08 11:31:57.575,1
@raw/04_第四批_20260908_1053_多火点与余热点/02_激光打点与定位验证/01_事后打点候选/无人机01_1581F7K3C251800CYBVP/DJI_202609081117_006/DJI_20260908113147_0011_V.MP4,B4,uav-01,V,44.50,1.85,9.743,9.743,292,292,2026-09-08 11:31:57.608,2026-09-08 11:31:57.608,1
@raw/04_第四批_20260908_1053_多火点与余热点/02_激光打点与定位验证/01_事后打点候选/无人机01_1581F7K3C251800CYBVP/DJI_202609081117_006/DJI_20260908113147_0011_V.MP4,B4,uav-01,V,44.80,1.87,9.776,10.444,293,313,2026-09-08 11:31:57.641,2026-09-08 11:31:58.309,21
@raw/04_第四批_20260908_1053_多火点与余热点/02_激光打点与定位验证/01_事后打点候选/无人机01_1581F7K3C251800CYBVP/DJI_202609081117_006/DJI_20260908113147_0011_V.MP4,B4,uav-01,V,44.90,1.87,10.477,10.511,314,315,2026-09-08 11:31:58.342,2026-09-08 11:31:58.375,2
@raw/04_第四批_20260908_1053_多火点与余热点/02_激光打点与定位验证/01_事后打点候选/无人机01_1581F7K3C251800CYBVP/DJI_202609081117_006/DJI_20260908113147_0011_V.MP4,B4,uav-01,V,45.00,1.88,10.544,10.644,316,319,2026-09-08 11:31:58.408,2026-09-08 11:31:58.509,4
@raw/04_第四批_20260908_1053_多火点与余热点/02_激光打点与定位验证/01_事后打点候选/无人机01_1581F7K3C251800CYBVP/DJI_202609081117_006/DJI_20260908113147_0011_V.MP4,B4,uav-01,V,45.10,1.88,10.677,11.545,320,346,2026-09-08 11:31:58.543,2026-09-08 11:31:59.410,27
@raw/04_第四批_20260908_1053_多火点与余热点/02_激光打点与定位验证/01_事后打点候选/无人机01_1581F7K3C251800CYBVP/DJI_202609081117_006/DJI_20260908113147_0011_V.MP4,B4,uav-01,V,45.30,1.89,11.578,11.745,347,352,2026-09-08 11:31:59.442,2026-09-08 11:31:59.610,6
@raw/04_第四批_20260908_1053_多火点与余热点/02_激光打点与定位验证/01_事后打点候选/无人机01_1581F7K3C251800CYBVP/DJI_202609081117_006/DJI_20260908113147_0011_V.MP4,B4,uav-01,V,45.40,1.89,11.778,12.012,353,360,2026-09-08 11:31:59.644,2026-09-08 11:31:59.877,8
@raw/04_第四批_20260908_1053_多火点与余热点/02_激光打点与定位验证/01_事后打点候选/无人机01_1581F7K3C251800CYBVP/DJI_202609081117_006/DJI_20260908113147_0011_V.MP4,B4,uav-01,V,45.50,1.90,12.045,12.379,361,371,2026-09-08 11:31:59.910,2026-09-08 11:32:00.243,11
@raw/04_第四批_20260908_1053_多火点与余热点/02_激光打点与定位验证/01_事后打点候选/无人机01_1581F7K3C251800CYBVP/DJI_202609081117_006/DJI_20260908113147_0011_V.MP4,B4,uav-01,V,45.40,1.89,12.412,12.513,372,375,2026-09-08 11:32:00.278,2026-09-08 11:32:00.377,4
@raw/04_第四批_20260908_1053_多火点与余热点/02_激光打点与定位验证/01_事后打点候选/无人机01_1581F7K3C251800CYBVP/DJI_202609081117_006/DJI_20260908113147_0011_V.MP4,B4,uav-01,V,45.30,1.89,12.546,12.613,376,378,2026-09-08 11:32:00.411,2026-09-08 11:32:00.477,3
@raw/04_第四批_20260908_1053_多火点与余热点/02_激光打点与定位验证/01_事后打点候选/无人机01_1581F7K3C251800CYBVP/DJI_202609081117_006/DJI_20260908113147_0011_V.MP4,B4,uav-01,V,45.10,1.88,12.646,12.746,379,382,2026-09-08 11:32:00.510,2026-09-08 11:32:00.610,4
@raw/04_第四批_20260908_1053_多火点与余热点/02_激光打点与定位验证/01_事后打点候选/无人机01_1581F7K3C251800CYBVP/DJI_202609081117_006/DJI_20260908113147_0011_V.MP4,B4,uav-01,V,45.00,1.88,12.779,12.779,383,383,2026-09-08 11:32:00.644,2026-09-08 11:32:00.644,1
@raw/04_第四批_20260908_1053_多火点与余热点/02_激光打点与定位验证/01_事后打点候选/无人机01_1581F7K3C251800CYBVP/DJI_202609081117_006/DJI_20260908113147_0011_V.MP4,B4,uav-01,V,44.90,1.87,12.813,12.913,384,387,2026-09-08 11:32:00.677,2026-09-08 11:32:00.778,4
@raw/04_第四批_20260908_1053_多火点与余热点/02_激光打点与定位验证/01_事后打点候选/无人机01_1581F7K3C251800CYBVP/DJI_202609081117_006/DJI_20260908113147_0011_V.MP4,B4,uav-01,V,44.80,1.87,12.946,13.013,388,390,2026-09-08 11:32:00.811,2026-09-08 11:32:00.877,3
@raw/04_第四批_20260908_1053_多火点与余热点/02_激光打点与定位验证/01_事后打点候选/无人机01_1581F7K3C251800CYBVP/DJI_202609081117_006/DJI_20260908113147_0011_V.MP4,B4,uav-01,V,44.60,1.86,13.046,13.38,391,401,2026-09-08 11:32:00.910,2026-09-08 11:32:01.243,11
@raw/04_第四批_20260908_1053_多火点与余热点/02_激光打点与定位验证/01_事后打点候选/无人机01_1581F7K3C251800CYBVP/DJI_202609081117_006/DJI_20260908113147_0011_V.MP4,B4,uav-01,V,44.50,1.85,13.413,13.514,402,405,2026-09-08 11:32:01.278,2026-09-08 11:32:01.377,4
@raw/04_第四批_20260908_1053_多火点与余热点/02_激光打点与定位验证/01_事后打点候选/无人机01_1581F7K3C251800CYBVP/DJI_202609081117_006/DJI_20260908113147_0011_V.MP4,B4,uav-01,V,44.40,1.85,13.547,13.614,406,408,2026-09-08 11:32:01.411,2026-09-08 11:32:01.477,3
@raw/04_第四批_20260908_1053_多火点与余热点/02_激光打点与定位验证/01_事后打点候选/无人机01_1581F7K3C251800CYBVP/DJI_202609081117_006/DJI_20260908113147_0011_V.MP4,B4,uav-01,V,44.30,1.85,13.647,13.747,409,412,2026-09-08 11:32:01.511,2026-09-08 11:32:01.612,4
@raw/04_第四批_20260908_1053_多火点与余热点/02_激光打点与定位验证/01_事后打点候选/无人机01_1581F7K3C251800CYBVP/DJI_202609081117_006/DJI_20260908113147_0011_V.MP4,B4,uav-01,V,44.10,1.84,13.78,13.847,413,415,2026-09-08 11:32:01.645,2026-09-08 11:32:01.711,3
@raw/04_第四批_20260908_1053_多火点与余热点/02_激光打点与定位验证/01_事后打点候选/无人机01_1581F7K3C251800CYBVP/DJI_202609081117_006/DJI_20260908113147_0011_V.MP4,B4,uav-01,V,44.00,1.83,13.881,14.781,416,443,2026-09-08 11:32:01.744,2026-09-08 11:32:02.646,28
@raw/04_第四批_20260908_1053_多火点与余热点/02_激光打点与定位验证/01_事后打点候选/无人机01_1581F7K3C251800CYBVP/DJI_202609081117_006/DJI_20260908113147_0011_V.MP4,B4,uav-01,V,43.90,1.83,14.815,14.915,444,447,2026-09-08 11:32:02.679,2026-09-08 11:32:02.778,4
@raw/04_第四批_20260908_1053_多火点与余热点/02_激光打点与定位验证/01_事后打点候选/无人机01_1581F7K3C251800CYBVP/DJI_202609081117_006/DJI_20260908113147_0011_V.MP4,B4,uav-01,V,43.80,1.83,14.948,15.048,448,451,2026-09-08 11:32:02.812,2026-09-08 11:32:02.912,4
@raw/04_第四批_20260908_1053_多火点与余热点/02_激光打点与定位验证/01_事后打点候选/无人机01_1581F7K3C251800CYBVP/DJI_202609081117_006/DJI_20260908113147_0011_V.MP4,B4,uav-01,V,43.60,1.82,15.082,15.148,452,454,2026-09-08 11:32:02.946,2026-09-08 11:32:03.012,3
@raw/04_第四批_20260908_1053_多火点与余热点/02_激光打点与定位验证/01_事后打点候选/无人机01_1581F7K3C251800CYBVP/DJI_202609081117_006/DJI_20260908113147_0011_V.MP4,B4,uav-01,V,43.50,1.81,15.182,15.215,455,456,2026-09-08 11:32:03.046,2026-09-08 11:32:03.079,2
@raw/04_第四批_20260908_1053_多火点与余热点/02_激光打点与定位验证/01_事后打点候选/无人机01_1581F7K3C251800CYBVP/DJI_202609081117_006/DJI_20260908113147_0011_V.MP4,B4,uav-01,V,43.40,1.81,15.249,15.282,457,458,2026-09-08 11:32:03.112,2026-09-08 11:32:03.146,2
@raw/04_第四批_20260908_1053_多火点与余热点/02_激光打点与定位验证/01_事后打点候选/无人机01_1581F7K3C251800CYBVP/DJI_202609081117_006/DJI_20260908113147_0011_V.MP4,B4,uav-01,V,43.30,1.80,15.315,15.315,459,459,2026-09-08 11:32:03.179,2026-09-08 11:32:03.179,1
@raw/04_第四批_20260908_1053_多火点与余热点/02_激光打点与定位验证/01_事后打点候选/无人机01_1581F7K3C251800CYBVP/DJI_202609081117_006/DJI_20260908113147_0011_V.MP4,B4,uav-01,V,43.10,1.80,15.349,15.415,460,462,2026-09-08 11:32:03.212,2026-09-08 11:32:03.279,3
@raw/04_第四批_20260908_1053_多火点与余热点/02_激光打点与定位验证/01_事后打点候选/无人机01_1581F7K3C251800CYBVP/DJI_202609081117_006/DJI_20260908113147_0011_V.MP4,B4,uav-01,V,42.90,1.79,15.449,15.516,463,465,2026-09-08 11:32:03.313,2026-09-08 11:32:03.380,3
@raw/04_第四批_20260908_1053_多火点与余热点/02_激光打点与定位验证/01_事后打点候选/无人机01_1581F7K3C251800CYBVP/DJI_202609081117_006/DJI_20260908113147_0011_V.MP4,B4,uav-01,V,42.80,1.78,15.549,15.549,466,466,2026-09-08 11:32:03.413,2026-09-08 11:32:03.413,1
@raw/04_第四批_20260908_1053_多火点与余热点/02_激光打点与定位验证/01_事后打点候选/无人机01_1581F7K3C251800CYBVP/DJI_202609081117_006/DJI_20260908113147_0011_V.MP4,B4,uav-01,V,42.70,1.78,15.582,15.616,467,468,2026-09-08 11:32:03.446,2026-09-08 11:32:03.480,2
@raw/04_第四批_20260908_1053_多火点与余热点/02_激光打点与定位验证/01_事后打点候选/无人机01_1581F7K3C251800CYBVP/DJI_202609081117_006/DJI_20260908113147_0011_V.MP4,B4,uav-01,V,42.50,1.77,15.649000000000001,15.649000000000001,469,469,2026-09-08 11:32:03.513,2026-09-08 11:32:03.513,1
@raw/04_第四批_20260908_1053_多火点与余热点/02_激光打点与定位验证/01_事后打点候选/无人机01_1581F7K3C251800CYBVP/DJI_202609081117_006/DJI_20260908113147_0011_V.MP4,B4,uav-01,V,42.40,1.77,15.682,15.716,470,471,2026-09-08 11:32:03.548,2026-09-08 11:32:03.581,2
@raw/04_第四批_20260908_1053_多火点与余热点/02_激光打点与定位验证/01_事后打点候选/无人机01_1581F7K3C251800CYBVP/DJI_202609081117_006/DJI_20260908113147_0011_V.MP4,B4,uav-01,V,42.30,1.76,15.749,15.749,472,472,2026-09-08 11:32:03.613,2026-09-08 11:32:03.613,1
@raw/04_第四批_20260908_1053_多火点与余热点/02_激光打点与定位验证/01_事后打点候选/无人机01_1581F7K3C251800CYBVP/DJI_202609081117_006/DJI_20260908113147_0011_V.MP4,B4,uav-01,V,42.20,1.76,15.782,15.782,473,473,2026-09-08 11:32:03.646,2026-09-08 11:32:03.646,1
@raw/04_第四批_20260908_1053_多火点与余热点/02_激光打点与定位验证/01_事后打点候选/无人机01_1581F7K3C251800CYBVP/DJI_202609081117_006/DJI_20260908113147_0011_V.MP4,B4,uav-01,V,42.00,1.75,15.816,15.816,474,474,2026-09-08 11:32:03.680,2026-09-08 11:32:03.680,1
@raw/04_第四批_20260908_1053_多火点与余热点/02_激光打点与定位验证/01_事后打点候选/无人机01_1581F7K3C251800CYBVP/DJI_202609081117_006/DJI_20260908113147_0011_V.MP4,B4,uav-01,V,41.90,1.75,15.849,15.849,475,475,2026-09-08 11:32:03.715,2026-09-08 11:32:03.715,1
@raw/04_第四批_20260908_1053_多火点与余热点/02_激光打点与定位验证/01_事后打点候选/无人机01_1581F7K3C251800CYBVP/DJI_202609081117_006/DJI_20260908113147_0011_V.MP4,B4,uav-01,V,41.80,1.74,15.883,15.883,476,476,2026-09-08 11:32:03.747,2026-09-08 11:32:03.747,1
@raw/04_第四批_20260908_1053_多火点与余热点/02_激光打点与定位验证/01_事后打点候选/无人机01_1581F7K3C251800CYBVP/DJI_202609081117_006/DJI_20260908113147_0011_V.MP4,B4,uav-01,V,41.70,1.74,15.916,15.949,477,478,2026-09-08 11:32:03.780,2026-09-08 11:32:03.815,2
@raw/04_第四批_20260908_1053_多火点与余热点/02_激光打点与定位验证/01_事后打点候选/无人机01_1581F7K3C251800CYBVP/DJI_202609081117_006/DJI_20260908113147_0011_V.MP4,B4,uav-01,V,41.40,1.73,15.983,16.016,479,480,2026-09-08 11:32:03.848,2026-09-08 11:32:03.880,2
@raw/04_第四批_20260908_1053_多火点与余热点/02_激光打点与定位验证/01_事后打点候选/无人机01_1581F7K3C251800CYBVP/DJI_202609081117_006/DJI_20260908113147_0011_V.MP4,B4,uav-01,V,41.30,1.72,16.049,16.049,481,481,2026-09-08 11:32:03.913,2026-09-08 11:32:03.913,1
@raw/04_第四批_20260908_1053_多火点与余热点/02_激光打点与定位验证/01_事后打点候选/无人机01_1581F7K3C251800CYBVP/DJI_202609081117_006/DJI_20260908113147_0011_V.MP4,B4,uav-01,V,41.00,1.71,16.083,16.116,482,483,2026-09-08 11:32:03.948,2026-09-08 11:32:03.980,2
@raw/04_第四批_20260908_1053_多火点与余热点/02_激光打点与定位验证/01_事后打点候选/无人机01_1581F7K3C251800CYBVP/DJI_202609081117_006/DJI_20260908113147_0011_V.MP4,B4,uav-01,V,40.90,1.70,16.149,16.149,484,484,2026-09-08 11:32:04.014,2026-09-08 11:32:04.014,1
@raw/04_第四批_20260908_1053_多火点与余热点/02_激光打点与定位验证/01_事后打点候选/无人机01_1581F7K3C251800CYBVP/DJI_202609081117_006/DJI_20260908113147_0011_V.MP4,B4,uav-01,V,40.70,1.70,16.183,16.216,485,486,2026-09-08 11:32:04.047,2026-09-08 11:32:04.080,2
@raw/04_第四批_20260908_1053_多火点与余热点/02_激光打点与定位验证/01_事后打点候选/无人机01_1581F7K3C251800CYBVP/DJI_202609081117_006/DJI_20260908113147_0011_V.MP4,B4,uav-01,V,40.50,1.69,16.25,16.25,487,487,2026-09-08 11:32:04.113,2026-09-08 11:32:04.113,1
@raw/04_第四批_20260908_1053_多火点与余热点/02_激光打点与定位验证/01_事后打点候选/无人机01_1581F7K3C251800CYBVP/DJI_202609081117_006/DJI_20260908113147_0011_V.MP4,B4,uav-01,V,40.30,1.68,16.283,16.316,488,489,2026-09-08 11:32:04.148,2026-09-08 11:32:04.180,2
@raw/04_第四批_20260908_1053_多火点与余热点/02_激光打点与定位验证/01_事后打点候选/无人机01_1581F7K3C251800CYBVP/DJI_202609081117_006/DJI_20260908113147_0011_V.MP4,B4,uav-01,V,40.00,1.67,16.35,16.35,490,490,2026-09-08 11:32:04.215,2026-09-08 11:32:04.215,1
@raw/04_第四批_20260908_1053_多火点与余热点/02_激光打点与定位验证/01_事后打点候选/无人机01_1581F7K3C251800CYBVP/DJI_202609081117_006/DJI_20260908113147_0011_V.MP4,B4,uav-01,V,39.90,1.66,16.383,16.416,491,492,2026-09-08 11:32:04.248,2026-09-08 11:32:04.281,2
@raw/04_第四批_20260908_1053_多火点与余热点/02_激光打点与定位验证/01_事后打点候选/无人机01_1581F7K3C251800CYBVP/DJI_202609081117_006/DJI_20260908113147_0011_V.MP4,B4,uav-01,V,39.80,1.66,16.45,16.45,493,493,2026-09-08 11:32:04.314,2026-09-08 11:32:04.314,1
@raw/04_第四批_20260908_1053_多火点与余热点/02_激光打点与定位验证/01_事后打点候选/无人机01_1581F7K3C251800CYBVP/DJI_202609081117_006/DJI_20260908113147_0011_V.MP4,B4,uav-01,V,39.50,1.65,16.483,16.483,494,494,2026-09-08 11:32:04.348,2026-09-08 11:32:04.348,1
@raw/04_第四批_20260908_1053_多火点与余热点/02_激光打点与定位验证/01_事后打点候选/无人机01_1581F7K3C251800CYBVP/DJI_202609081117_006/DJI_20260908113147_0011_V.MP4,B4,uav-01,V,39.40,1.64,16.517,16.517,495,495,2026-09-08 11:32:04.380,2026-09-08 11:32:04.380,1
@raw/04_第四批_20260908_1053_多火点与余热点/02_激光打点与定位验证/01_事后打点候选/无人机01_1581F7K3C251800CYBVP/DJI_202609081117_006/DJI_20260908113147_0011_V.MP4,B4,uav-01,V,39.30,1.64,16.55,16.55,496,496,2026-09-08 11:32:04.414,2026-09-08 11:32:04.414,1
@raw/04_第四批_20260908_1053_多火点与余热点/02_激光打点与定位验证/01_事后打点候选/无人机01_1581F7K3C251800CYBVP/DJI_202609081117_006/DJI_20260908113147_0011_V.MP4,B4,uav-01,V,39.20,1.63,16.583,16.583,497,497,2026-09-08 11:32:04.447,2026-09-08 11:32:04.447,1
@raw/04_第四批_20260908_1053_多火点与余热点/02_激光打点与定位验证/01_事后打点候选/无人机01_1581F7K3C251800CYBVP/DJI_202609081117_006/DJI_20260908113147_0011_V.MP4,B4,uav-01,V,39.00,1.62,16.617,16.617,498,498,2026-09-08 11:32:04.480,2026-09-08 11:32:04.480,1
@raw/04_第四批_20260908_1053_多火点与余热点/02_激光打点与定位验证/01_事后打点候选/无人机01_1581F7K3C251800CYBVP/DJI_202609081117_006/DJI_20260908113147_0011_V.MP4,B4,uav-01,V,38.80,1.62,16.65,16.65,499,499,2026-09-08 11:32:04.514,2026-09-08 11:32:04.514,1
@raw/04_第四批_20260908_1053_多火点与余热点/02_激光打点与定位验证/01_事后打点候选/无人机01_1581F7K3C251800CYBVP/DJI_202609081117_006/DJI_20260908113147_0011_V.MP4,B4,uav-01,V,38.70,1.61,16.683,16.683,500,500,2026-09-08 11:32:04.547,2026-09-08 11:32:04.547,1
@raw/04_第四批_20260908_1053_多火点与余热点/02_激光打点与定位验证/01_事后打点候选/无人机01_1581F7K3C251800CYBVP/DJI_202609081117_006/DJI_20260908113147_0011_V.MP4,B4,uav-01,V,38.50,1.60,16.717,16.717,501,501,2026-09-08 11:32:04.581,2026-09-08 11:32:04.581,1
@raw/04_第四批_20260908_1053_多火点与余热点/02_激光打点与定位验证/01_事后打点候选/无人机01_1581F7K3C251800CYBVP/DJI_202609081117_006/DJI_20260908113147_0011_V.MP4,B4,uav-01,V,38.30,1.60,16.75,16.783,502,503,2026-09-08 11:32:04.615,2026-09-08 11:32:04.649,2
@raw/04_第四批_20260908_1053_多火点与余热点/02_激光打点与定位验证/01_事后打点候选/无人机01_1581F7K3C251800CYBVP/DJI_202609081117_006/DJI_20260908113147_0011_V.MP4,B4,uav-01,V,38.20,1.59,16.817,16.817,504,504,2026-09-08 11:32:04.681,2026-09-08 11:32:04.681,1
@raw/04_第四批_20260908_1053_多火点与余热点/02_激光打点与定位验证/01_事后打点候选/无人机01_1581F7K3C251800CYBVP/DJI_202609081117_006/DJI_20260908113147_0011_V.MP4,B4,uav-01,V,38.00,1.58,16.85,16.85,505,505,2026-09-08 11:32:04.715,2026-09-08 11:32:04.715,1
@raw/04_第四批_20260908_1053_多火点与余热点/02_激光打点与定位验证/01_事后打点候选/无人机01_1581F7K3C251800CYBVP/DJI_202609081117_006/DJI_20260908113147_0011_V.MP4,B4,uav-01,V,37.80,1.58,16.884,16.884,506,506,2026-09-08 11:32:04.748,2026-09-08 11:32:04.748,1
@raw/04_第四批_20260908_1053_多火点与余热点/02_激光打点与定位验证/01_事后打点候选/无人机01_1581F7K3C251800CYBVP/DJI_202609081117_006/DJI_20260908113147_0011_V.MP4,B4,uav-01,V,37.70,1.57,16.917,16.95,507,508,2026-09-08 11:32:04.781,2026-09-08 11:32:04.814,2
@raw/04_第四批_20260908_1053_多火点与余热点/02_激光打点与定位验证/01_事后打点候选/无人机01_1581F7K3C251800CYBVP/DJI_202609081117_006/DJI_20260908113147_0011_V.MP4,B4,uav-01,V,37.50,1.56,16.984,16.984,509,509,2026-09-08 11:32:04.848,2026-09-08 11:32:04.848,1
@raw/04_第四批_20260908_1053_多火点与余热点/02_激光打点与定位验证/01_事后打点候选/无人机01_1581F7K3C251800CYBVP/DJI_202609081117_006/DJI_20260908113147_0011_V.MP4,B4,uav-01,V,37.30,1.55,17.017,17.05,510,511,2026-09-08 11:32:04.881,2026-09-08 11:32:04.914,2
@raw/04_第四批_20260908_1053_多火点与余热点/02_激光打点与定位验证/01_事后打点候选/无人机01_1581F7K3C251800CYBVP/DJI_202609081117_006/DJI_20260908113147_0011_V.MP4,B4,uav-01,V,37.10,1.55,17.084,17.084,512,512,2026-09-08 11:32:04.947,2026-09-08 11:32:04.947,1
@raw/04_第四批_20260908_1053_多火点与余热点/02_激光打点与定位验证/01_事后打点候选/无人机01_1581F7K3C251800CYBVP/DJI_202609081117_006/DJI_20260908113147_0011_V.MP4,B4,uav-01,V,36.90,1.54,17.117,17.15,513,514,2026-09-08 11:32:04.982,2026-09-08 11:32:05.015,2
@raw/04_第四批_20260908_1053_多火点与余热点/02_激光打点与定位验证/01_事后打点候选/无人机01_1581F7K3C251800CYBVP/DJI_202609081117_006/DJI_20260908113147_0011_V.MP4,B4,uav-01,V,36.80,1.53,17.184,17.184,515,515,2026-09-08 11:32:05.049,2026-09-08 11:32:05.049,1
@raw/04_第四批_20260908_1053_多火点与余热点/02_激光打点与定位验证/01_事后打点候选/无人机01_1581F7K3C251800CYBVP/DJI_202609081117_006/DJI_20260908113147_0011_V.MP4,B4,uav-01,V,36.70,1.53,17.217,17.217,516,516,2026-09-08 11:32:05.082,2026-09-08 11:32:05.082,1
@raw/04_第四批_20260908_1053_多火点与余热点/02_激光打点与定位验证/01_事后打点候选/无人机01_1581F7K3C251800CYBVP/DJI_202609081117_006/DJI_20260908113147_0011_V.MP4,B4,uav-01,V,36.60,1.52,17.251,17.284,517,518,2026-09-08 11:32:05.116,2026-09-08 11:32:05.149,2
@raw/04_第四批_20260908_1053_多火点与余热点/02_激光打点与定位验证/01_事后打点候选/无人机01_1581F7K3C251800CYBVP/DJI_202609081117_006/DJI_20260908113147_0011_V.MP4,B4,uav-01,V,36.40,1.52,17.317,17.317,519,519,2026-09-08 11:32:05.182,2026-09-08 11:32:05.182,1
@raw/04_第四批_20260908_1053_多火点与余热点/02_激光打点与定位验证/01_事后打点候选/无人机01_1581F7K3C251800CYBVP/DJI_202609081117_006/DJI_20260908113147_0011_V.MP4,B4,uav-01,V,36.20,1.51,17.351,17.351,520,520,2026-09-08 11:32:05.215,2026-09-08 11:32:05.215,1
@raw/04_第四批_20260908_1053_多火点与余热点/02_激光打点与定位验证/01_事后打点候选/无人机01_1581F7K3C251800CYBVP/DJI_202609081117_006/DJI_20260908113147_0011_V.MP4,B4,uav-01,V,36.00,1.50,17.384,17.384,521,521,2026-09-08 11:32:05.249,2026-09-08 11:32:05.249,1
@raw/04_第四批_20260908_1053_多火点与余热点/02_激光打点与定位验证/01_事后打点候选/无人机01_1581F7K3C251800CYBVP/DJI_202609081117_006/DJI_20260908113147_0011_V.MP4,B4,uav-01,V,35.90,1.50,17.417,17.417,522,522,2026-09-08 11:32:05.281,2026-09-08 11:32:05.281,1
@raw/04_第四批_20260908_1053_多火点与余热点/02_激光打点与定位验证/01_事后打点候选/无人机01_1581F7K3C251800CYBVP/DJI_202609081117_006/DJI_20260908113147_0011_V.MP4,B4,uav-01,V,35.70,1.49,17.451,17.451,523,523,2026-09-08 11:32:05.315,2026-09-08 11:32:05.315,1
@raw/04_第四批_20260908_1053_多火点与余热点/02_激光打点与定位验证/01_事后打点候选/无人机01_1581F7K3C251800CYBVP/DJI_202609081117_006/DJI_20260908113147_0011_V.MP4,B4,uav-01,V,35.40,1.48,17.484,17.484,524,524,2026-09-08 11:32:05.349,2026-09-08 11:32:05.349,1
@raw/04_第四批_20260908_1053_多火点与余热点/02_激光打点与定位验证/01_事后打点候选/无人机01_1581F7K3C251800CYBVP/DJI_202609081117_006/DJI_20260908113147_0011_V.MP4,B4,uav-01,V,35.20,1.47,17.518,17.518,525,525,2026-09-08 11:32:05.382,2026-09-08 11:32:05.382,1
@raw/04_第四批_20260908_1053_多火点与余热点/02_激光打点与定位验证/01_事后打点候选/无人机01_1581F7K3C251800CYBVP/DJI_202609081117_006/DJI_20260908113147_0011_V.MP4,B4,uav-01,V,35.00,1.46,17.551,17.551,526,526,2026-09-08 11:32:05.415,2026-09-08 11:32:05.415,1
@raw/04_第四批_20260908_1053_多火点与余热点/02_激光打点与定位验证/01_事后打点候选/无人机01_1581F7K3C251800CYBVP/DJI_202609081117_006/DJI_20260908113147_0011_V.MP4,B4,uav-01,V,34.80,1.45,17.584,17.584,527,527,2026-09-08 11:32:05.450,2026-09-08 11:32:05.450,1
@raw/04_第四批_20260908_1053_多火点与余热点/02_激光打点与定位验证/01_事后打点候选/无人机01_1581F7K3C251800CYBVP/DJI_202609081117_006/DJI_20260908113147_0011_V.MP4,B4,uav-01,V,34.50,1.44,17.618,17.618,528,528,2026-09-08 11:32:05.482,2026-09-08 11:32:05.482,1
@raw/04_第四批_20260908_1053_多火点与余热点/02_激光打点与定位验证/01_事后打点候选/无人机01_1581F7K3C251800CYBVP/DJI_202609081117_006/DJI_20260908113147_0011_V.MP4,B4,uav-01,V,34.30,1.43,17.651,17.651,529,529,2026-09-08 11:32:05.515,2026-09-08 11:32:05.515,1
@raw/04_第四批_20260908_1053_多火点与余热点/02_激光打点与定位验证/01_事后打点候选/无人机01_1581F7K3C251800CYBVP/DJI_202609081117_006/DJI_20260908113147_0011_V.MP4,B4,uav-01,V,34.10,1.42,17.684,17.684,530,530,2026-09-08 11:32:05.549,2026-09-08 11:32:05.549,1
@raw/04_第四批_20260908_1053_多火点与余热点/02_激光打点与定位验证/01_事后打点候选/无人机01_1581F7K3C251800CYBVP/DJI_202609081117_006/DJI_20260908113147_0011_V.MP4,B4,uav-01,V,33.90,1.41,17.718,17.718,531,531,2026-09-08 11:32:05.582,2026-09-08 11:32:05.582,1
@raw/04_第四批_20260908_1053_多火点与余热点/02_激光打点与定位验证/01_事后打点候选/无人机01_1581F7K3C251800CYBVP/DJI_202609081117_006/DJI_20260908113147_0011_V.MP4,B4,uav-01,V,33.70,1.40,17.751,17.751,532,532,2026-09-08 11:32:05.616,2026-09-08 11:32:05.616,1
@raw/04_第四批_20260908_1053_多火点与余热点/02_激光打点与定位验证/01_事后打点候选/无人机01_1581F7K3C251800CYBVP/DJI_202609081117_006/DJI_20260908113147_0011_V.MP4,B4,uav-01,V,33.40,1.39,17.784,17.784,533,533,2026-09-08 11:32:05.649,2026-09-08 11:32:05.649,1
@raw/04_第四批_20260908_1053_多火点与余热点/02_激光打点与定位验证/01_事后打点候选/无人机01_1581F7K3C251800CYBVP/DJI_202609081117_006/DJI_20260908113147_0011_V.MP4,B4,uav-01,V,33.20,1.38,17.818,17.818,534,534,2026-09-08 11:32:05.683,2026-09-08 11:32:05.683,1
@raw/04_第四批_20260908_1053_多火点与余热点/02_激光打点与定位验证/01_事后打点候选/无人机01_1581F7K3C251800CYBVP/DJI_202609081117_006/DJI_20260908113147_0011_V.MP4,B4,uav-01,V,33.00,1.38,17.851,17.851,535,535,2026-09-08 11:32:05.717,2026-09-08 11:32:05.717,1
@raw/04_第四批_20260908_1053_多火点与余热点/02_激光打点与定位验证/01_事后打点候选/无人机01_1581F7K3C251800CYBVP/DJI_202609081117_006/DJI_20260908113147_0011_V.MP4,B4,uav-01,V,32.80,1.37,17.885,17.885,536,536,2026-09-08 11:32:05.749,2026-09-08 11:32:05.749,1
@raw/04_第四批_20260908_1053_多火点与余热点/02_激光打点与定位验证/01_事后打点候选/无人机01_1581F7K3C251800CYBVP/DJI_202609081117_006/DJI_20260908113147_0011_V.MP4,B4,uav-01,V,32.60,1.36,17.918,17.918,537,537,2026-09-08 11:32:05.782,2026-09-08 11:32:05.782,1
@raw/04_第四批_20260908_1053_多火点与余热点/02_激光打点与定位验证/01_事后打点候选/无人机01_1581F7K3C251800CYBVP/DJI_202609081117_006/DJI_20260908113147_0011_V.MP4,B4,uav-01,V,32.40,1.35,17.951,17.951,538,538,2026-09-08 11:32:05.816,2026-09-08 11:32:05.816,1
@raw/04_第四批_20260908_1053_多火点与余热点/02_激光打点与定位验证/01_事后打点候选/无人机01_1581F7K3C251800CYBVP/DJI_202609081117_006/DJI_20260908113147_0011_V.MP4,B4,uav-01,V,32.20,1.34,17.985,17.985,539,539,2026-09-08 11:32:05.850,2026-09-08 11:32:05.850,1
@raw/04_第四批_20260908_1053_多火点与余热点/02_激光打点与定位验证/01_事后打点候选/无人机01_1581F7K3C251800CYBVP/DJI_202609081117_006/DJI_20260908113147_0011_V.MP4,B4,uav-01,V,32.00,1.33,18.018,18.018,540,540,2026-09-08 11:32:05.882,2026-09-08 11:32:05.882,1
@raw/04_第四批_20260908_1053_多火点与余热点/02_激光打点与定位验证/01_事后打点候选/无人机01_1581F7K3C251800CYBVP/DJI_202609081117_006/DJI_20260908113147_0011_V.MP4,B4,uav-01,V,31.80,1.32,18.051,18.051,541,541,2026-09-08 11:32:05.917,2026-09-08 11:32:05.917,1
@raw/04_第四批_20260908_1053_多火点与余热点/02_激光打点与定位验证/01_事后打点候选/无人机01_1581F7K3C251800CYBVP/DJI_202609081117_006/DJI_20260908113147_0011_V.MP4,B4,uav-01,V,31.60,1.31,18.085,27.761,542,832,2026-09-08 11:32:05.950,2026-09-08 11:32:15.626,291
@raw/04_第四批_20260908_1053_多火点与余热点/02_激光打点与定位验证/01_事后打点候选/无人机01_1581F7K3C251800CYBVP/DJI_202609081117_006/DJI_20260908113147_0011_V.MP4,B4,uav-01,V,31.30,1.30,27.794,27.794,833,833,2026-09-08 11:32:15.659,2026-09-08 11:32:15.659,1
@raw/04_第四批_20260908_1053_多火点与余热点/02_激光打点与定位验证/01_事后打点候选/无人机01_1581F7K3C251800CYBVP/DJI_202609081117_006/DJI_20260908113147_0011_V.MP4,B4,uav-01,V,31.10,1.30,27.828,27.828,834,834,2026-09-08 11:32:15.692,2026-09-08 11:32:15.692,1
@raw/04_第四批_20260908_1053_多火点与余热点/02_激光打点与定位验证/01_事后打点候选/无人机01_1581F7K3C251800CYBVP/DJI_202609081117_006/DJI_20260908113147_0011_V.MP4,B4,uav-01,V,30.70,1.28,27.861,27.861,835,835,2026-09-08 11:32:15.726,2026-09-08 11:32:15.726,1
@raw/04_第四批_20260908_1053_多火点与余热点/02_激光打点与定位验证/01_事后打点候选/无人机01_1581F7K3C251800CYBVP/DJI_202609081117_006/DJI_20260908113147_0011_V.MP4,B4,uav-01,V,30.00,1.25,27.895,27.895,836,836,2026-09-08 11:32:15.759,2026-09-08 11:32:15.759,1
@raw/04_第四批_20260908_1053_多火点与余热点/02_激光打点与定位验证/01_事后打点候选/无人机01_1581F7K3C251800CYBVP/DJI_202609081117_006/DJI_20260908113147_0011_V.MP4,B4,uav-01,V,29.20,1.22,27.928,27.928,837,837,2026-09-08 11:32:15.792,2026-09-08 11:32:15.792,1
@raw/04_第四批_20260908_1053_多火点与余热点/02_激光打点与定位验证/01_事后打点候选/无人机01_1581F7K3C251800CYBVP/DJI_202609081117_006/DJI_20260908113147_0011_V.MP4,B4,uav-01,V,28.40,1.18,27.961,27.961,838,838,2026-09-08 11:32:15.826,2026-09-08 11:32:15.826,1
@raw/04_第四批_20260908_1053_多火点与余热点/02_激光打点与定位验证/01_事后打点候选/无人机01_1581F7K3C251800CYBVP/DJI_202609081117_006/DJI_20260908113147_0011_V.MP4,B4,uav-01,V,27.70,1.15,27.995,27.995,839,839,2026-09-08 11:32:15.859,2026-09-08 11:32:15.859,1
@raw/04_第四批_20260908_1053_多火点与余热点/02_激光打点与定位验证/01_事后打点候选/无人机01_1581F7K3C251800CYBVP/DJI_202609081117_006/DJI_20260908113147_0011_V.MP4,B4,uav-01,V,27.00,1.12,28.028,28.028,840,840,2026-09-08 11:32:15.893,2026-09-08 11:32:15.893,1
@raw/04_第四批_20260908_1053_多火点与余热点/02_激光打点与定位验证/01_事后打点候选/无人机01_1581F7K3C251800CYBVP/DJI_202609081117_006/DJI_20260908113147_0011_V.MP4,B4,uav-01,V,26.30,1.09,28.061,28.061,841,841,2026-09-08 11:32:15.926,2026-09-08 11:32:15.926,1
@raw/04_第四批_20260908_1053_多火点与余热点/02_激光打点与定位验证/01_事后打点候选/无人机01_1581F7K3C251800CYBVP/DJI_202609081117_006/DJI_20260908113147_0011_V.MP4,B4,uav-01,V,25.60,1.07,28.095,28.095,842,842,2026-09-08 11:32:15.961,2026-09-08 11:32:15.961,1
@raw/04_第四批_20260908_1053_多火点与余热点/02_激光打点与定位验证/01_事后打点候选/无人机01_1581F7K3C251800CYBVP/DJI_202609081117_006/DJI_20260908113147_0011_V.MP4,B4,uav-01,V,25.30,1.05,28.128,28.128,843,843,2026-09-08 11:32:15.994,2026-09-08 11:32:15.994,1
@raw/04_第四批_20260908_1053_多火点与余热点/02_激光打点与定位验证/01_事后打点候选/无人机01_1581F7K3C251800CYBVP/DJI_202609081117_006/DJI_20260908113147_0011_V.MP4,B4,uav-01,V,24.80,1.03,28.161,28.161,844,844,2026-09-08 11:32:16.027,2026-09-08 11:32:16.027,1
@raw/04_第四批_20260908_1053_多火点与余热点/02_激光打点与定位验证/01_事后打点候选/无人机01_1581F7K3C251800CYBVP/DJI_202609081117_006/DJI_20260908113147_0011_V.MP4,B4,uav-01,V,24.60,1.02,28.195,28.629,845,858,2026-09-08 11:32:16.061,2026-09-08 11:32:16.495,14
@raw/04_第四批_20260908_1053_多火点与余热点/02_激光打点与定位验证/01_事后打点候选/无人机01_1581F7K3C251800CYBVP/DJI_202609081117_006/DJI_20260908113147_0011_V.MP4,B4,uav-01,V,24.80,1.03,28.662,28.662,859,859,2026-09-08 11:32:16.528,2026-09-08 11:32:16.528,1
@raw/04_第四批_20260908_1053_多火点与余热点/02_激光打点与定位验证/01_事后打点候选/无人机01_1581F7K3C251800CYBVP/DJI_202609081117_006/DJI_20260908113147_0011_V.MP4,B4,uav-01,V,25.00,1.04,28.695,28.695,860,860,2026-09-08 11:32:16.561,2026-09-08 11:32:16.561,1
@raw/04_第四批_20260908_1053_多火点与余热点/02_激光打点与定位验证/01_事后打点候选/无人机01_1581F7K3C251800CYBVP/DJI_202609081117_006/DJI_20260908113147_0011_V.MP4,B4,uav-01,V,25.30,1.05,28.729,28.729,861,861,2026-09-08 11:32:16.593,2026-09-08 11:32:16.593,1
@raw/04_第四批_20260908_1053_多火点与余热点/02_激光打点与定位验证/01_事后打点候选/无人机01_1581F7K3C251800CYBVP/DJI_202609081117_006/DJI_20260908113147_0011_V.MP4,B4,uav-01,V,25.60,1.07,28.762,28.762,862,862,2026-09-08 11:32:16.628,2026-09-08 11:32:16.628,1
@raw/04_第四批_20260908_1053_多火点与余热点/02_激光打点与定位验证/01_事后打点候选/无人机01_1581F7K3C251800CYBVP/DJI_202609081117_006/DJI_20260908113147_0011_V.MP4,B4,uav-01,V,26.00,1.08,28.795,28.795,863,863,2026-09-08 11:32:16.660,2026-09-08 11:32:16.660,1
@raw/04_第四批_20260908_1053_多火点与余热点/02_激光打点与定位验证/01_事后打点候选/无人机01_1581F7K3C251800CYBVP/DJI_202609081117_006/DJI_20260908113147_0011_V.MP4,B4,uav-01,V,26.20,1.09,28.829,28.829,864,864,2026-09-08 11:32:16.693,2026-09-08 11:32:16.693,1
@raw/04_第四批_20260908_1053_多火点与余热点/02_激光打点与定位验证/01_事后打点候选/无人机01_1581F7K3C251800CYBVP/DJI_202609081117_006/DJI_20260908113147_0011_V.MP4,B4,uav-01,V,26.40,1.10,28.862,28.862,865,865,2026-09-08 11:32:16.727,2026-09-08 11:32:16.727,1
@raw/04_第四批_20260908_1053_多火点与余热点/02_激光打点与定位验证/01_事后打点候选/无人机01_1581F7K3C251800CYBVP/DJI_202609081117_006/DJI_20260908113147_0011_V.MP4,B4,uav-01,V,26.50,1.11,28.896,29.596,866,887,2026-09-08 11:32:16.762,2026-09-08 11:32:17.461,22
@raw/04_第四批_20260908_1053_多火点与余热点/02_激光打点与定位验证/01_事后打点候选/无人机01_1581F7K3C251800CYBVP/DJI_202609081117_006/DJI_20260908113147_0011_V.MP4,B4,uav-01,V,26.70,1.11,29.63,29.63,888,888,2026-09-08 11:32:17.494,2026-09-08 11:32:17.494,1
@raw/04_第四批_20260908_1053_多火点与余热点/02_激光打点与定位验证/01_事后打点候选/无人机01_1581F7K3C251800CYBVP/DJI_202609081117_006/DJI_20260908113147_0011_V.MP4,B4,uav-01,V,26.90,1.12,29.663,29.663,889,889,2026-09-08 11:32:17.528,2026-09-08 11:32:17.528,1
@raw/04_第四批_20260908_1053_多火点与余热点/02_激光打点与定位验证/01_事后打点候选/无人机01_1581F7K3C251800CYBVP/DJI_202609081117_006/DJI_20260908113147_0011_V.MP4,B4,uav-01,V,27.20,1.13,29.696,29.696,890,890,2026-09-08 11:32:17.562,2026-09-08 11:32:17.562,1
@raw/04_第四批_20260908_1053_多火点与余热点/02_激光打点与定位验证/01_事后打点候选/无人机01_1581F7K3C251800CYBVP/DJI_202609081117_006/DJI_20260908113147_0011_V.MP4,B4,uav-01,V,27.50,1.14,29.73,29.73,891,891,2026-09-08 11:32:17.594,2026-09-08 11:32:17.594,1
@raw/04_第四批_20260908_1053_多火点与余热点/02_激光打点与定位验证/01_事后打点候选/无人机01_1581F7K3C251800CYBVP/DJI_202609081117_006/DJI_20260908113147_0011_V.MP4,B4,uav-01,V,27.70,1.15,29.763,29.763,892,892,2026-09-08 11:32:17.628,2026-09-08 11:32:17.628,1
@raw/04_第四批_20260908_1053_多火点与余热点/02_激光打点与定位验证/01_事后打点候选/无人机01_1581F7K3C251800CYBVP/DJI_202609081117_006/DJI_20260908113147_0011_V.MP4,B4,uav-01,V,27.90,1.16,29.796,29.796,893,893,2026-09-08 11:32:17.661,2026-09-08 11:32:17.661,1
@raw/04_第四批_20260908_1053_多火点与余热点/02_激光打点与定位验证/01_事后打点候选/无人机01_1581F7K3C251800CYBVP/DJI_202609081117_006/DJI_20260908113147_0011_V.MP4,B4,uav-01,V,28.20,1.17,29.83,35.769,894,1072,2026-09-08 11:32:17.696,2026-09-08 11:32:23.634,179
@raw/04_第四批_20260908_1053_多火点与余热点/02_激光打点与定位验证/01_事后打点候选/无人机01_1581F7K3C251800CYBVP/DJI_202609081117_006/DJI_20260908113147_0011_V.MP4,B4,uav-01,V,28.40,1.18,35.802,35.802,1073,1073,2026-09-08 11:32:23.669,2026-09-08 11:32:23.669,1
@raw/04_第四批_20260908_1053_多火点与余热点/02_激光打点与定位验证/01_事后打点候选/无人机01_1581F7K3C251800CYBVP/DJI_202609081117_006/DJI_20260908113147_0011_V.MP4,B4,uav-01,V,28.60,1.19,35.836,35.836,1074,1074,2026-09-08 11:32:23.700,2026-09-08 11:32:23.700,1
@raw/04_第四批_20260908_1053_多火点与余热点/02_激光打点与定位验证/01_事后打点候选/无人机01_1581F7K3C251800CYBVP/DJI_202609081117_006/DJI_20260908113147_0011_V.MP4,B4,uav-01,V,28.90,1.20,35.869,35.869,1075,1075,2026-09-08 11:32:23.734,2026-09-08 11:32:23.734,1
@raw/04_第四批_20260908_1053_多火点与余热点/02_激光打点与定位验证/01_事后打点候选/无人机01_1581F7K3C251800CYBVP/DJI_202609081117_006/DJI_20260908113147_0011_V.MP4,B4,uav-01,V,29.30,1.22,35.903,35.903,1076,1076,2026-09-08 11:32:23.769,2026-09-08 11:32:23.769,1
@raw/04_第四批_20260908_1053_多火点与余热点/02_激光打点与定位验证/01_事后打点候选/无人机01_1581F7K3C251800CYBVP/DJI_202609081117_006/DJI_20260908113147_0011_V.MP4,B4,uav-01,V,29.60,1.24,35.936,35.936,1077,1077,2026-09-08 11:32:23.800,2026-09-08 11:32:23.800,1
@raw/04_第四批_20260908_1053_多火点与余热点/02_激光打点与定位验证/01_事后打点候选/无人机01_1581F7K3C251800CYBVP/DJI_202609081117_006/DJI_20260908113147_0011_V.MP4,B4,uav-01,V,30.00,1.25,35.969,36.003,1078,1079,2026-09-08 11:32:23.834,2026-09-08 11:32:23.868,2
@raw/04_第四批_20260908_1053_多火点与余热点/02_激光打点与定位验证/01_事后打点候选/无人机01_1581F7K3C251800CYBVP/DJI_202609081117_006/DJI_20260908113147_0011_V.MP4,B4,uav-01,V,30.20,1.26,36.036,46.647,1080,1398,2026-09-08 11:32:23.901,2026-09-08 11:32:34.515,319
@raw/04_第四批_20260908_1053_多火点与余热点/02_激光打点与定位验证/01_事后打点候选/无人机01_1581F7K3C251800CYBVP/DJI_202609081117_006/DJI_20260908113147_0011_V.MP4,B4,uav-01,V,30.00,1.25,46.68,46.68,1399,1399,2026-09-08 11:32:34.546,2026-09-08 11:32:34.546,1
@raw/04_第四批_20260908_1053_多火点与余热点/02_激光打点与定位验证/01_事后打点候选/无人机01_1581F7K3C251800CYBVP/DJI_202609081117_006/DJI_20260908113147_0011_V.MP4,B4,uav-01,V,29.80,1.24,46.713,46.713,1400,1400,2026-09-08 11:32:34.580,2026-09-08 11:32:34.580,1
@raw/04_第四批_20260908_1053_多火点与余热点/02_激光打点与定位验证/01_事后打点候选/无人机01_1581F7K3C251800CYBVP/DJI_202609081117_006/DJI_20260908113147_0011_V.MP4,B4,uav-01,V,29.60,1.24,46.747,46.747,1401,1401,2026-09-08 11:32:34.613,2026-09-08 11:32:34.613,1
@raw/04_第四批_20260908_1053_多火点与余热点/02_激光打点与定位验证/01_事后打点候选/无人机01_1581F7K3C251800CYBVP/DJI_202609081117_006/DJI_20260908113147_0011_V.MP4,B4,uav-01,V,29.50,1.23,46.78,46.78,1402,1402,2026-09-08 11:32:34.646,2026-09-08 11:32:34.646,1
@raw/04_第四批_20260908_1053_多火点与余热点/02_激光打点与定位验证/01_事后打点候选/无人机01_1581F7K3C251800CYBVP/DJI_202609081117_006/DJI_20260908113147_0011_V.MP4,B4,uav-01,V,29.30,1.22,46.813,46.813,1403,1403,2026-09-08 11:32:34.680,2026-09-08 11:32:34.680,1
@raw/04_第四批_20260908_1053_多火点与余热点/02_激光打点与定位验证/01_事后打点候选/无人机01_1581F7K3C251800CYBVP/DJI_202609081117_006/DJI_20260908113147_0011_V.MP4,B4,uav-01,V,29.10,1.21,46.847,46.847,1404,1404,2026-09-08 11:32:34.714,2026-09-08 11:32:34.714,1
@raw/04_第四批_20260908_1053_多火点与余热点/02_激光打点与定位验证/01_事后打点候选/无人机01_1581F7K3C251800CYBVP/DJI_202609081117_006/DJI_20260908113147_0011_V.MP4,B4,uav-01,V,28.90,1.20,46.88,46.88,1405,1405,2026-09-08 11:32:34.746,2026-09-08 11:32:34.746,1
@raw/04_第四批_20260908_1053_多火点与余热点/02_激光打点与定位验证/01_事后打点候选/无人机01_1581F7K3C251800CYBVP/DJI_202609081117_006/DJI_20260908113147_0011_V.MP4,B4,uav-01,V,28.70,1.20,46.914,46.914,1406,1406,2026-09-08 11:32:34.779,2026-09-08 11:32:34.779,1
@raw/04_第四批_20260908_1053_多火点与余热点/02_激光打点与定位验证/01_事后打点候选/无人机01_1581F7K3C251800CYBVP/DJI_202609081117_006/DJI_20260908113147_0011_V.MP4,B4,uav-01,V,28.50,1.19,46.947,46.947,1407,1407,2026-09-08 11:32:34.814,2026-09-08 11:32:34.814,1
@raw/04_第四批_20260908_1053_多火点与余热点/02_激光打点与定位验证/01_事后打点候选/无人机01_1581F7K3C251800CYBVP/DJI_202609081117_006/DJI_20260908113147_0011_V.MP4,B4,uav-01,V,28.30,1.18,46.98,46.98,1408,1408,2026-09-08 11:32:34.848,2026-09-08 11:32:34.848,1
@raw/04_第四批_20260908_1053_多火点与余热点/02_激光打点与定位验证/01_事后打点候选/无人机01_1581F7K3C251800CYBVP/DJI_202609081117_006/DJI_20260908113147_0011_V.MP4,B4,uav-01,V,28.20,1.17,47.014,47.014,1409,1409,2026-09-08 11:32:34.880,2026-09-08 11:32:34.880,1
@raw/04_第四批_20260908_1053_多火点与余热点/02_激光打点与定位验证/01_事后打点候选/无人机01_1581F7K3C251800CYBVP/DJI_202609081117_006/DJI_20260908113147_0011_V.MP4,B4,uav-01,V,28.00,1.17,47.047,47.047,1410,1410,2026-09-08 11:32:34.913,2026-09-08 11:32:34.913,1
@raw/04_第四批_20260908_1053_多火点与余热点/02_激光打点与定位验证/01_事后打点候选/无人机01_1581F7K3C251800CYBVP/DJI_202609081117_006/DJI_20260908113147_0011_V.MP4,B4,uav-01,V,27.80,1.16,47.08,47.08,1411,1411,2026-09-08 11:32:34.948,2026-09-08 11:32:34.948,1
@raw/04_第四批_20260908_1053_多火点与余热点/02_激光打点与定位验证/01_事后打点候选/无人机01_1581F7K3C251800CYBVP/DJI_202609081117_006/DJI_20260908113147_0011_V.MP4,B4,uav-01,V,27.60,1.15,47.114,47.114,1412,1412,2026-09-08 11:32:34.980,2026-09-08 11:32:34.980,1
@raw/04_第四批_20260908_1053_多火点与余热点/02_激光打点与定位验证/01_事后打点候选/无人机01_1581F7K3C251800CYBVP/DJI_202609081117_006/DJI_20260908113147_0011_V.MP4,B4,uav-01,V,27.40,1.14,47.147,47.147,1413,1413,2026-09-08 11:32:35.014,2026-09-08 11:32:35.014,1
@raw/04_第四批_20260908_1053_多火点与余热点/02_激光打点与定位验证/01_事后打点候选/无人机01_1581F7K3C251800CYBVP/DJI_202609081117_006/DJI_20260908113147_0011_V.MP4,B4,uav-01,V,27.30,1.14,47.18,47.18,1414,1414,2026-09-08 11:32:35.047,2026-09-08 11:32:35.047,1
@raw/04_第四批_20260908_1053_多火点与余热点/02_激光打点与定位验证/01_事后打点候选/无人机01_1581F7K3C251800CYBVP/DJI_202609081117_006/DJI_20260908113147_0011_V.MP4,B4,uav-01,V,27.10,1.13,47.214,47.214,1415,1415,2026-09-08 11:32:35.082,2026-09-08 11:32:35.082,1
@raw/04_第四批_20260908_1053_多火点与余热点/02_激光打点与定位验证/01_事后打点候选/无人机01_1581F7K3C251800CYBVP/DJI_202609081117_006/DJI_20260908113147_0011_V.MP4,B4,uav-01,V,26.90,1.12,47.247,47.247,1416,1416,2026-09-08 11:32:35.114,2026-09-08 11:32:35.114,1
@raw/04_第四批_20260908_1053_多火点与余热点/02_激光打点与定位验证/01_事后打点候选/无人机01_1581F7K3C251800CYBVP/DJI_202609081117_006/DJI_20260908113147_0011_V.MP4,B4,uav-01,V,26.70,1.11,47.281,47.281,1417,1417,2026-09-08 11:32:35.147,2026-09-08 11:32:35.147,1
@raw/04_第四批_20260908_1053_多火点与余热点/02_激光打点与定位验证/01_事后打点候选/无人机01_1581F7K3C251800CYBVP/DJI_202609081117_006/DJI_20260908113147_0011_V.MP4,B4,uav-01,V,26.60,1.11,47.314,47.314,1418,1418,2026-09-08 11:32:35.181,2026-09-08 11:32:35.181,1
@raw/04_第四批_20260908_1053_多火点与余热点/02_激光打点与定位验证/01_事后打点候选/无人机01_1581F7K3C251800CYBVP/DJI_202609081117_006/DJI_20260908113147_0011_V.MP4,B4,uav-01,V,26.40,1.10,47.347,47.347,1419,1419,2026-09-08 11:32:35.214,2026-09-08 11:32:35.214,1
@raw/04_第四批_20260908_1053_多火点与余热点/02_激光打点与定位验证/01_事后打点候选/无人机01_1581F7K3C251800CYBVP/DJI_202609081117_006/DJI_20260908113147_0011_V.MP4,B4,uav-01,V,26.20,1.09,47.381,47.381,1420,1420,2026-09-08 11:32:35.249,2026-09-08 11:32:35.249,1
@raw/04_第四批_20260908_1053_多火点与余热点/02_激光打点与定位验证/01_事后打点候选/无人机01_1581F7K3C251800CYBVP/DJI_202609081117_006/DJI_20260908113147_0011_V.MP4,B4,uav-01,V,26.10,1.09,47.414,47.414,1421,1421,2026-09-08 11:32:35.280,2026-09-08 11:32:35.280,1
@raw/04_第四批_20260908_1053_多火点与余热点/02_激光打点与定位验证/01_事后打点候选/无人机01_1581F7K3C251800CYBVP/DJI_202609081117_006/DJI_20260908113147_0011_V.MP4,B4,uav-01,V,25.90,1.08,47.447,47.447,1422,1422,2026-09-08 11:32:35.315,2026-09-08 11:32:35.315,1
@raw/04_第四批_20260908_1053_多火点与余热点/02_激光打点与定位验证/01_事后打点候选/无人机01_1581F7K3C251800CYBVP/DJI_202609081117_006/DJI_20260908113147_0011_V.MP4,B4,uav-01,V,25.70,1.07,47.481,47.481,1423,1423,2026-09-08 11:32:35.347,2026-09-08 11:32:35.347,1
@raw/04_第四批_20260908_1053_多火点与余热点/02_激光打点与定位验证/01_事后打点候选/无人机01_1581F7K3C251800CYBVP/DJI_202609081117_006/DJI_20260908113147_0011_V.MP4,B4,uav-01,V,25.60,1.06,47.514,47.514,1424,1424,2026-09-08 11:32:35.381,2026-09-08 11:32:35.381,1
@raw/04_第四批_20260908_1053_多火点与余热点/02_激光打点与定位验证/01_事后打点候选/无人机01_1581F7K3C251800CYBVP/DJI_202609081117_006/DJI_20260908113147_0011_V.MP4,B4,uav-01,V,25.40,1.06,47.548,47.548,1425,1425,2026-09-08 11:32:35.414,2026-09-08 11:32:35.414,1
@raw/04_第四批_20260908_1053_多火点与余热点/02_激光打点与定位验证/01_事后打点候选/无人机01_1581F7K3C251800CYBVP/DJI_202609081117_006/DJI_20260908113147_0011_V.MP4,B4,uav-01,V,25.20,1.05,47.581,47.581,1426,1426,2026-09-08 11:32:35.447,2026-09-08 11:32:35.447,1
@raw/04_第四批_20260908_1053_多火点与余热点/02_激光打点与定位验证/01_事后打点候选/无人机01_1581F7K3C251800CYBVP/DJI_202609081117_006/DJI_20260908113147_0011_V.MP4,B4,uav-01,V,25.10,1.04,47.614,47.614,1427,1427,2026-09-08 11:32:35.481,2026-09-08 11:32:35.481,1
@raw/04_第四批_20260908_1053_多火点与余热点/02_激光打点与定位验证/01_事后打点候选/无人机01_1581F7K3C251800CYBVP/DJI_202609081117_006/DJI_20260908113147_0011_V.MP4,B4,uav-01,V,24.90,1.04,47.648,47.648,1428,1428,2026-09-08 11:32:35.515,2026-09-08 11:32:35.515,1
@raw/04_第四批_20260908_1053_多火点与余热点/02_激光打点与定位验证/01_事后打点候选/无人机01_1581F7K3C251800CYBVP/DJI_202609081117_006/DJI_20260908113147_0011_V.MP4,B4,uav-01,V,24.70,1.03,47.681,47.681,1429,1429,2026-09-08 11:32:35.547,2026-09-08 11:32:35.547,1
@raw/04_第四批_20260908_1053_多火点与余热点/02_激光打点与定位验证/01_事后打点候选/无人机01_1581F7K3C251800CYBVP/DJI_202609081117_006/DJI_20260908113147_0011_V.MP4,B4,uav-01,V,24.60,1.02,47.714,47.714,1430,1430,2026-09-08 11:32:35.581,2026-09-08 11:32:35.581,1
@raw/04_第四批_20260908_1053_多火点与余热点/02_激光打点与定位验证/01_事后打点候选/无人机01_1581F7K3C251800CYBVP/DJI_202609081117_006/DJI_20260908113147_0011_V.MP4,B4,uav-01,V,24.40,1.02,47.748,47.748,1431,1431,2026-09-08 11:32:35.614,2026-09-08 11:32:35.614,1
@raw/04_第四批_20260908_1053_多火点与余热点/02_激光打点与定位验证/01_事后打点候选/无人机01_1581F7K3C251800CYBVP/DJI_202609081117_006/DJI_20260908113147_0011_V.MP4,B4,uav-01,V,24.30,1.01,47.781,47.781,1432,1432,2026-09-08 11:32:35.648,2026-09-08 11:32:35.648,1
@raw/04_第四批_20260908_1053_多火点与余热点/02_激光打点与定位验证/01_事后打点候选/无人机01_1581F7K3C251800CYBVP/DJI_202609081117_006/DJI_20260908113147_0011_V.MP4,B4,uav-01,V,24.10,1.00,47.814,47.814,1433,1433,2026-09-08 11:32:35.683,2026-09-08 11:32:35.683,1
@raw/04_第四批_20260908_1053_多火点与余热点/02_激光打点与定位验证/01_事后打点候选/无人机01_1581F7K3C251800CYBVP/DJI_202609081117_006/DJI_20260908113147_0011_V.MP4,B4,uav-01,V,24.00,1.00,47.848,53.353,1434,1599,2026-09-08 11:32:35.715,2026-09-08 11:32:41.221,166
@raw/04_第四批_20260908_1053_多火点与余热点/02_激光打点与定位验证/01_事后打点候选/无人机01_1581F7K3C251800CYBVP/DJI_202609081117_006/DJI_20260908113147_0011_V.MP4,B4,uav-01,V,24.20,1.01,53.387,53.387,1600,1600,2026-09-08 11:32:41.254,2026-09-08 11:32:41.254,1
@raw/04_第四批_20260908_1053_多火点与余热点/02_激光打点与定位验证/01_事后打点候选/无人机01_1581F7K3C251800CYBVP/DJI_202609081117_006/DJI_20260908113147_0011_V.MP4,B4,uav-01,V,24.30,1.01,53.42,53.42,1601,1601,2026-09-08 11:32:41.289,2026-09-08 11:32:41.289,1
@raw/04_第四批_20260908_1053_多火点与余热点/02_激光打点与定位验证/01_事后打点候选/无人机01_1581F7K3C251800CYBVP/DJI_202609081117_006/DJI_20260908113147_0011_V.MP4,B4,uav-01,V,24.50,1.02,53.453,53.453,1602,1602,2026-09-08 11:32:41.321,2026-09-08 11:32:41.321,1
@raw/04_第四批_20260908_1053_多火点与余热点/02_激光打点与定位验证/01_事后打点候选/无人机01_1581F7K3C251800CYBVP/DJI_202609081117_006/DJI_20260908113147_0011_V.MP4,B4,uav-01,V,24.60,1.03,53.487,53.487,1603,1603,2026-09-08 11:32:41.354,2026-09-08 11:32:41.354,1
@raw/04_第四批_20260908_1053_多火点与余热点/02_激光打点与定位验证/01_事后打点候选/无人机01_1581F7K3C251800CYBVP/DJI_202609081117_006/DJI_20260908113147_0011_V.MP4,B4,uav-01,V,24.80,1.03,53.52,53.52,1604,1604,2026-09-08 11:32:41.389,2026-09-08 11:32:41.389,1
@raw/04_第四批_20260908_1053_多火点与余热点/02_激光打点与定位验证/01_事后打点候选/无人机01_1581F7K3C251800CYBVP/DJI_202609081117_006/DJI_20260908113147_0011_V.MP4,B4,uav-01,V,24.90,1.04,53.554,53.554,1605,1605,2026-09-08 11:32:41.423,2026-09-08 11:32:41.423,1
@raw/04_第四批_20260908_1053_多火点与余热点/02_激光打点与定位验证/01_事后打点候选/无人机01_1581F7K3C251800CYBVP/DJI_202609081117_006/DJI_20260908113147_0011_V.MP4,B4,uav-01,V,25.10,1.05,53.587,53.587,1606,1606,2026-09-08 11:32:41.455,2026-09-08 11:32:41.455,1
@raw/04_第四批_20260908_1053_多火点与余热点/02_激光打点与定位验证/01_事后打点候选/无人机01_1581F7K3C251800CYBVP/DJI_202609081117_006/DJI_20260908113147_0011_V.MP4,B4,uav-01,V,25.30,1.05,53.62,53.62,1607,1607,2026-09-08 11:32:41.488,2026-09-08 11:32:41.488,1
@raw/04_第四批_20260908_1053_多火点与余热点/02_激光打点与定位验证/01_事后打点候选/无人机01_1581F7K3C251800CYBVP/DJI_202609081117_006/DJI_20260908113147_0011_V.MP4,B4,uav-01,V,25.40,1.06,53.654,53.654,1608,1608,2026-09-08 11:32:41.522,2026-09-08 11:32:41.522,1
@raw/04_第四批_20260908_1053_多火点与余热点/02_激光打点与定位验证/01_事后打点候选/无人机01_1581F7K3C251800CYBVP/DJI_202609081117_006/DJI_20260908113147_0011_V.MP4,B4,uav-01,V,25.60,1.07,53.687,53.687,1609,1609,2026-09-08 11:32:41.554,2026-09-08 11:32:41.554,1
@raw/04_第四批_20260908_1053_多火点与余热点/02_激光打点与定位验证/01_事后打点候选/无人机01_1581F7K3C251800CYBVP/DJI_202609081117_006/DJI_20260908113147_0011_V.MP4,B4,uav-01,V,25.80,1.07,53.72,53.72,1610,1610,2026-09-08 11:32:41.587,2026-09-08 11:32:41.587,1
@raw/04_第四批_20260908_1053_多火点与余热点/02_激光打点与定位验证/01_事后打点候选/无人机01_1581F7K3C251800CYBVP/DJI_202609081117_006/DJI_20260908113147_0011_V.MP4,B4,uav-01,V,25.90,1.08,53.754,53.754,1611,1611,2026-09-08 11:32:41.620,2026-09-08 11:32:41.620,1
@raw/04_第四批_20260908_1053_多火点与余热点/02_激光打点与定位验证/01_事后打点候选/无人机01_1581F7K3C251800CYBVP/DJI_202609081117_006/DJI_20260908113147_0011_V.MP4,B4,uav-01,V,26.10,1.09,53.787,53.787,1612,1612,2026-09-08 11:32:41.656,2026-09-08 11:32:41.656,1
@raw/04_第四批_20260908_1053_多火点与余热点/02_激光打点与定位验证/01_事后打点候选/无人机01_1581F7K3C251800CYBVP/DJI_202609081117_006/DJI_20260908113147_0011_V.MP4,B4,uav-01,V,26.30,1.09,53.82,53.82,1613,1613,2026-09-08 11:32:41.688,2026-09-08 11:32:41.688,1
@raw/04_第四批_20260908_1053_多火点与余热点/02_激光打点与定位验证/01_事后打点候选/无人机01_1581F7K3C251800CYBVP/DJI_202609081117_006/DJI_20260908113147_0011_V.MP4,B4,uav-01,V,26.40,1.10,53.854,53.854,1614,1614,2026-09-08 11:32:41.721,2026-09-08 11:32:41.721,1
@raw/04_第四批_20260908_1053_多火点与余热点/02_激光打点与定位验证/01_事后打点候选/无人机01_1581F7K3C251800CYBVP/DJI_202609081117_006/DJI_20260908113147_0011_V.MP4,B4,uav-01,V,26.60,1.11,53.887,53.887,1615,1615,2026-09-08 11:32:41.756,2026-09-08 11:32:41.756,1
@raw/04_第四批_20260908_1053_多火点与余热点/02_激光打点与定位验证/01_事后打点候选/无人机01_1581F7K3C251800CYBVP/DJI_202609081117_006/DJI_20260908113147_0011_V.MP4,B4,uav-01,V,26.80,1.12,53.921,53.921,1616,1616,2026-09-08 11:32:41.789,2026-09-08 11:32:41.789,1
@raw/04_第四批_20260908_1053_多火点与余热点/02_激光打点与定位验证/01_事后打点候选/无人机01_1581F7K3C251800CYBVP/DJI_202609081117_006/DJI_20260908113147_0011_V.MP4,B4,uav-01,V,27.00,1.12,53.954,53.954,1617,1617,2026-09-08 11:32:41.821,2026-09-08 11:32:41.821,1
@raw/04_第四批_20260908_1053_多火点与余热点/02_激光打点与定位验证/01_事后打点候选/无人机01_1581F7K3C251800CYBVP/DJI_202609081117_006/DJI_20260908113147_0011_V.MP4,B4,uav-01,V,27.10,1.13,53.987,53.987,1618,1618,2026-09-08 11:32:41.854,2026-09-08 11:32:41.854,1
@raw/04_第四批_20260908_1053_多火点与余热点/02_激光打点与定位验证/01_事后打点候选/无人机01_1581F7K3C251800CYBVP/DJI_202609081117_006/DJI_20260908113147_0011_V.MP4,B4,uav-01,V,27.30,1.14,54.021,54.021,1619,1619,2026-09-08 11:32:41.887,2026-09-08 11:32:41.887,1
@raw/04_第四批_20260908_1053_多火点与余热点/02_激光打点与定位验证/01_事后打点候选/无人机01_1581F7K3C251800CYBVP/DJI_202609081117_006/DJI_20260908113147_0011_V.MP4,B4,uav-01,V,27.50,1.15,54.054,54.054,1620,1620,2026-09-08 11:32:41.922,2026-09-08 11:32:41.922,1
@raw/04_第四批_20260908_1053_多火点与余热点/02_激光打点与定位验证/01_事后打点候选/无人机01_1581F7K3C251800CYBVP/DJI_202609081117_006/DJI_20260908113147_0011_V.MP4,B4,uav-01,V,27.70,1.15,54.087,54.087,1621,1621,2026-09-08 11:32:41.955,2026-09-08 11:32:41.955,1
@raw/04_第四批_20260908_1053_多火点与余热点/02_激光打点与定位验证/01_事后打点候选/无人机01_1581F7K3C251800CYBVP/DJI_202609081117_006/DJI_20260908113147_0011_V.MP4,B4,uav-01,V,27.80,1.16,54.121,54.121,1622,1622,2026-09-08 11:32:41.988,2026-09-08 11:32:41.988,1
@raw/04_第四批_20260908_1053_多火点与余热点/02_激光打点与定位验证/01_事后打点候选/无人机01_1581F7K3C251800CYBVP/DJI_202609081117_006/DJI_20260908113147_0011_V.MP4,B4,uav-01,V,28.00,1.17,54.154,54.154,1623,1623,2026-09-08 11:32:42.021,2026-09-08 11:32:42.021,1
@raw/04_第四批_20260908_1053_多火点与余热点/02_激光打点与定位验证/01_事后打点候选/无人机01_1581F7K3C251800CYBVP/DJI_202609081117_006/DJI_20260908113147_0011_V.MP4,B4,uav-01,V,28.20,1.17,54.187,54.187,1624,1624,2026-09-08 11:32:42.055,2026-09-08 11:32:42.055,1
@raw/04_第四批_20260908_1053_多火点与余热点/02_激光打点与定位验证/01_事后打点候选/无人机01_1581F7K3C251800CYBVP/DJI_202609081117_006/DJI_20260908113147_0011_V.MP4,B4,uav-01,V,28.40,1.18,54.221,54.221,1625,1625,2026-09-08 11:32:42.087,2026-09-08 11:32:42.087,1
@raw/04_第四批_20260908_1053_多火点与余热点/02_激光打点与定位验证/01_事后打点候选/无人机01_1581F7K3C251800CYBVP/DJI_202609081117_006/DJI_20260908113147_0011_V.MP4,B4,uav-01,V,28.60,1.19,54.254,54.254,1626,1626,2026-09-08 11:32:42.122,2026-09-08 11:32:42.122,1
@raw/04_第四批_20260908_1053_多火点与余热点/02_激光打点与定位验证/01_事后打点候选/无人机01_1581F7K3C251800CYBVP/DJI_202609081117_006/DJI_20260908113147_0011_V.MP4,B4,uav-01,V,28.80,1.20,54.288,54.288,1627,1627,2026-09-08 11:32:42.155,2026-09-08 11:32:42.155,1
@raw/04_第四批_20260908_1053_多火点与余热点/02_激光打点与定位验证/01_事后打点候选/无人机01_1581F7K3C251800CYBVP/DJI_202609081117_006/DJI_20260908113147_0011_V.MP4,B4,uav-01,V,28.90,1.21,54.321,54.321,1628,1628,2026-09-08 11:32:42.187,2026-09-08 11:32:42.187,1
@raw/04_第四批_20260908_1053_多火点与余热点/02_激光打点与定位验证/01_事后打点候选/无人机01_1581F7K3C251800CYBVP/DJI_202609081117_006/DJI_20260908113147_0011_V.MP4,B4,uav-01,V,29.10,1.21,54.354,54.354,1629,1629,2026-09-08 11:32:42.222,2026-09-08 11:32:42.222,1
@raw/04_第四批_20260908_1053_多火点与余热点/02_激光打点与定位验证/01_事后打点候选/无人机01_1581F7K3C251800CYBVP/DJI_202609081117_006/DJI_20260908113147_0011_V.MP4,B4,uav-01,V,29.30,1.22,54.388,54.388,1630,1630,2026-09-08 11:32:42.255,2026-09-08 11:32:42.255,1
@raw/04_第四批_20260908_1053_多火点与余热点/02_激光打点与定位验证/01_事后打点候选/无人机01_1581F7K3C251800CYBVP/DJI_202609081117_006/DJI_20260908113147_0011_V.MP4,B4,uav-01,V,29.50,1.23,54.421,54.421,1631,1631,2026-09-08 11:32:42.288,2026-09-08 11:32:42.288,1
@raw/04_第四批_20260908_1053_多火点与余热点/02_激光打点与定位验证/01_事后打点候选/无人机01_1581F7K3C251800CYBVP/DJI_202609081117_006/DJI_20260908113147_0011_V.MP4,B4,uav-01,V,29.70,1.24,54.454,54.454,1632,1632,2026-09-08 11:32:42.322,2026-09-08 11:32:42.322,1
@raw/04_第四批_20260908_1053_多火点与余热点/02_激光打点与定位验证/01_事后打点候选/无人机01_1581F7K3C251800CYBVP/DJI_202609081117_006/DJI_20260908113147_0011_V.MP4,B4,uav-01,V,29.90,1.25,54.488,54.488,1633,1633,2026-09-08 11:32:42.355,2026-09-08 11:32:42.355,1
@raw/04_第四批_20260908_1053_多火点与余热点/02_激光打点与定位验证/01_事后打点候选/无人机01_1581F7K3C251800CYBVP/DJI_202609081117_006/DJI_20260908113147_0011_V.MP4,B4,uav-01,V,30.10,1.25,54.521,54.521,1634,1634,2026-09-08 11:32:42.388,2026-09-08 11:32:42.388,1
@raw/04_第四批_20260908_1053_多火点与余热点/02_激光打点与定位验证/01_事后打点候选/无人机01_1581F7K3C251800CYBVP/DJI_202609081117_006/DJI_20260908113147_0011_V.MP4,B4,uav-01,V,30.30,1.26,54.555,54.555,1635,1635,2026-09-08 11:32:42.421,2026-09-08 11:32:42.421,1
@raw/04_第四批_20260908_1053_多火点与余热点/02_激光打点与定位验证/01_事后打点候选/无人机01_1581F7K3C251800CYBVP/DJI_202609081117_006/DJI_20260908113147_0011_V.MP4,B4,uav-01,V,30.50,1.27,54.588,54.588,1636,1636,2026-09-08 11:32:42.455,2026-09-08 11:32:42.455,1
@raw/04_第四批_20260908_1053_多火点与余热点/02_激光打点与定位验证/01_事后打点候选/无人机01_1581F7K3C251800CYBVP/DJI_202609081117_006/DJI_20260908113147_0011_V.MP4,B4,uav-01,V,30.70,1.28,54.621,63.897,1637,1915,2026-09-08 11:32:42.487,2026-09-08 11:32:51.763,279
@raw/04_第四批_20260908_1053_多火点与余热点/02_激光打点与定位验证/01_事后打点候选/无人机01_1581F7K3C251800CYBVP/DJI_202609081117_006/DJI_20260908113147_0011_V.MP4,B4,uav-01,V,30.50,1.27,63.931,63.931,1916,1916,2026-09-08 11:32:51.797,2026-09-08 11:32:51.797,1
@raw/04_第四批_20260908_1053_多火点与余热点/02_激光打点与定位验证/01_事后打点候选/无人机01_1581F7K3C251800CYBVP/DJI_202609081117_006/DJI_20260908113147_0011_V.MP4,B4,uav-01,V,30.30,1.26,63.964,63.964,1917,1917,2026-09-08 11:32:51.830,2026-09-08 11:32:51.830,1
@raw/04_第四批_20260908_1053_多火点与余热点/02_激光打点与定位验证/01_事后打点候选/无人机01_1581F7K3C251800CYBVP/DJI_202609081117_006/DJI_20260908113147_0011_V.MP4,B4,uav-01,V,30.10,1.25,63.997,63.997,1918,1918,2026-09-08 11:32:51.865,2026-09-08 11:32:51.865,1
@raw/04_第四批_20260908_1053_多火点与余热点/02_激光打点与定位验证/01_事后打点候选/无人机01_1581F7K3C251800CYBVP/DJI_202609081117_006/DJI_20260908113147_0011_V.MP4,B4,uav-01,V,29.90,1.25,64.031,64.031,1919,1919,2026-09-08 11:32:51.898,2026-09-08 11:32:51.898,1
@raw/04_第四批_20260908_1053_多火点与余热点/02_激光打点与定位验证/01_事后打点候选/无人机01_1581F7K3C251800CYBVP/DJI_202609081117_006/DJI_20260908113147_0011_V.MP4,B4,uav-01,V,29.70,1.24,64.064,64.064,1920,1920,2026-09-08 11:32:51.931,2026-09-08 11:32:51.931,1
@raw/04_第四批_20260908_1053_多火点与余热点/02_激光打点与定位验证/01_事后打点候选/无人机01_1581F7K3C251800CYBVP/DJI_202609081117_006/DJI_20260908113147_0011_V.MP4,B4,uav-01,V,29.50,1.23,64.097,64.097,1921,1921,2026-09-08 11:32:51.964,2026-09-08 11:32:51.964,1
@raw/04_第四批_20260908_1053_多火点与余热点/02_激光打点与定位验证/01_事后打点候选/无人机01_1581F7K3C251800CYBVP/DJI_202609081117_006/DJI_20260908113147_0011_V.MP4,B4,uav-01,V,29.30,1.22,64.131,64.131,1922,1922,2026-09-08 11:32:51.997,2026-09-08 11:32:51.997,1
@raw/04_第四批_20260908_1053_多火点与余热点/02_激光打点与定位验证/01_事后打点候选/无人机01_1581F7K3C251800CYBVP/DJI_202609081117_006/DJI_20260908113147_0011_V.MP4,B4,uav-01,V,29.20,1.21,64.164,64.164,1923,1923,2026-09-08 11:32:52.030,2026-09-08 11:32:52.030,1
@raw/04_第四批_20260908_1053_多火点与余热点/02_激光打点与定位验证/01_事后打点候选/无人机01_1581F7K3C251800CYBVP/DJI_202609081117_006/DJI_20260908113147_0011_V.MP4,B4,uav-01,V,29.00,1.21,64.197,64.197,1924,1924,2026-09-08 11:32:52.066,2026-09-08 11:32:52.066,1
@raw/04_第四批_20260908_1053_多火点与余热点/02_激光打点与定位验证/01_事后打点候选/无人机01_1581F7K3C251800CYBVP/DJI_202609081117_006/DJI_20260908113147_0011_V.MP4,B4,uav-01,V,28.80,1.20,64.231,64.231,1925,1925,2026-09-08 11:32:52.097,2026-09-08 11:32:52.097,1
@raw/04_第四批_20260908_1053_多火点与余热点/02_激光打点与定位验证/01_事后打点候选/无人机01_1581F7K3C251800CYBVP/DJI_202609081117_006/DJI_20260908113147_0011_V.MP4,B4,uav-01,V,28.60,1.19,64.264,64.264,1926,1926,2026-09-08 11:32:52.130,2026-09-08 11:32:52.130,1
@raw/04_第四批_20260908_1053_多火点与余热点/02_激光打点与定位验证/01_事后打点候选/无人机01_1581F7K3C251800CYBVP/DJI_202609081117_006/DJI_20260908113147_0011_V.MP4,B4,uav-01,V,28.40,1.18,64.298,64.298,1927,1927,2026-09-08 11:32:52.165,2026-09-08 11:32:52.165,1
@raw/04_第四批_20260908_1053_多火点与余热点/02_激光打点与定位验证/01_事后打点候选/无人机01_1581F7K3C251800CYBVP/DJI_202609081117_006/DJI_20260908113147_0011_V.MP4,B4,uav-01,V,28.20,1.18,64.331,64.331,1928,1928,2026-09-08 11:32:52.197,2026-09-08 11:32:52.197,1
@raw/04_第四批_20260908_1053_多火点与余热点/02_激光打点与定位验证/01_事后打点候选/无人机01_1581F7K3C251800CYBVP/DJI_202609081117_006/DJI_20260908113147_0011_V.MP4,B4,uav-01,V,28.00,1.17,64.364,64.364,1929,1929,2026-09-08 11:32:52.231,2026-09-08 11:32:52.231,1
@raw/04_第四批_20260908_1053_多火点与余热点/02_激光打点与定位验证/01_事后打点候选/无人机01_1581F7K3C251800CYBVP/DJI_202609081117_006/DJI_20260908113147_0011_V.MP4,B4,uav-01,V,27.90,1.16,64.398,64.398,1930,1930,2026-09-08 11:32:52.264,2026-09-08 11:32:52.264,1
@raw/04_第四批_20260908_1053_多火点与余热点/02_激光打点与定位验证/01_事后打点候选/无人机01_1581F7K3C251800CYBVP/DJI_202609081117_006/DJI_20260908113147_0011_V.MP4,B4,uav-01,V,27.70,1.15,64.431,66.133,1931,1982,2026-09-08 11:32:52.299,2026-09-08 11:32:53.999,52
@raw/04_第四批_20260908_1053_多火点与余热点/02_激光打点与定位验证/01_事后打点候选/无人机01_1581F7K3C251800CYBVP/DJI_202609081117_006/DJI_20260908113147_0011_V.MP4,B4,uav-01,V,27.90,1.16,66.166,66.166,1983,1983,2026-09-08 11:32:54.032,2026-09-08 11:32:54.032,1
@raw/04_第四批_20260908_1053_多火点与余热点/02_激光打点与定位验证/01_事后打点候选/无人机01_1581F7K3C251800CYBVP/DJI_202609081117_006/DJI_20260908113147_0011_V.MP4,B4,uav-01,V,28.10,1.17,66.199,66.199,1984,1984,2026-09-08 11:32:54.068,2026-09-08 11:32:54.068,1
@raw/04_第四批_20260908_1053_多火点与余热点/02_激光打点与定位验证/01_事后打点候选/无人机01_1581F7K3C251800CYBVP/DJI_202609081117_006/DJI_20260908113147_0011_V.MP4,B4,uav-01,V,28.20,1.18,66.233,66.233,1985,1985,2026-09-08 11:32:54.100,2026-09-08 11:32:54.100,1
@raw/04_第四批_20260908_1053_多火点与余热点/02_激光打点与定位验证/01_事后打点候选/无人机01_1581F7K3C251800CYBVP/DJI_202609081117_006/DJI_20260908113147_0011_V.MP4,B4,uav-01,V,28.40,1.18,66.266,66.266,1986,1986,2026-09-08 11:32:54.132,2026-09-08 11:32:54.132,1
@raw/04_第四批_20260908_1053_多火点与余热点/02_激光打点与定位验证/01_事后打点候选/无人机01_1581F7K3C251800CYBVP/DJI_202609081117_006/DJI_20260908113147_0011_V.MP4,B4,uav-01,V,28.60,1.19,66.3,66.3,1987,1987,2026-09-08 11:32:54.166,2026-09-08 11:32:54.166,1
@raw/04_第四批_20260908_1053_多火点与余热点/02_激光打点与定位验证/01_事后打点候选/无人机01_1581F7K3C251800CYBVP/DJI_202609081117_006/DJI_20260908113147_0011_V.MP4,B4,uav-01,V,28.80,1.20,66.333,66.333,1988,1988,2026-09-08 11:32:54.199,2026-09-08 11:32:54.199,1
@raw/04_第四批_20260908_1053_多火点与余热点/02_激光打点与定位验证/01_事后打点候选/无人机01_1581F7K3C251800CYBVP/DJI_202609081117_006/DJI_20260908113147_0011_V.MP4,B4,uav-01,V,29.00,1.21,66.366,66.366,1989,1989,2026-09-08 11:32:54.232,2026-09-08 11:32:54.232,1
@raw/04_第四批_20260908_1053_多火点与余热点/02_激光打点与定位验证/01_事后打点候选/无人机01_1581F7K3C251800CYBVP/DJI_202609081117_006/DJI_20260908113147_0011_V.MP4,B4,uav-01,V,29.20,1.22,66.4,66.4,1990,1990,2026-09-08 11:32:54.267,2026-09-08 11:32:54.267,1
@raw/04_第四批_20260908_1053_多火点与余热点/02_激光打点与定位验证/01_事后打点候选/无人机01_1581F7K3C251800CYBVP/DJI_202609081117_006/DJI_20260908113147_0011_V.MP4,B4,uav-01,V,29.40,1.22,66.433,66.433,1991,1991,2026-09-08 11:32:54.300,2026-09-08 11:32:54.300,1
@raw/04_第四批_20260908_1053_多火点与余热点/02_激光打点与定位验证/01_事后打点候选/无人机01_1581F7K3C251800CYBVP/DJI_202609081117_006/DJI_20260908113147_0011_V.MP4,B4,uav-01,V,29.50,1.23,66.466,66.466,1992,1992,2026-09-08 11:32:54.332,2026-09-08 11:32:54.332,1
@raw/04_第四批_20260908_1053_多火点与余热点/02_激光打点与定位验证/01_事后打点候选/无人机01_1581F7K3C251800CYBVP/DJI_202609081117_006/DJI_20260908113147_0011_V.MP4,B4,uav-01,V,29.70,1.24,66.5,66.5,1993,1993,2026-09-08 11:32:54.366,2026-09-08 11:32:54.366,1
@raw/04_第四批_20260908_1053_多火点与余热点/02_激光打点与定位验证/01_事后打点候选/无人机01_1581F7K3C251800CYBVP/DJI_202609081117_006/DJI_20260908113147_0011_V.MP4,B4,uav-01,V,29.90,1.25,66.533,66.533,1994,1994,2026-09-08 11:32:54.400,2026-09-08 11:32:54.400,1
@raw/04_第四批_20260908_1053_多火点与余热点/02_激光打点与定位验证/01_事后打点候选/无人机01_1581F7K3C251800CYBVP/DJI_202609081117_006/DJI_20260908113147_0011_V.MP4,B4,uav-01,V,30.10,1.26,66.567,66.567,1995,1995,2026-09-08 11:32:54.432,2026-09-08 11:32:54.432,1
@raw/04_第四批_20260908_1053_多火点与余热点/02_激光打点与定位验证/01_事后打点候选/无人机01_1581F7K3C251800CYBVP/DJI_202609081117_006/DJI_20260908113147_0011_V.MP4,B4,uav-01,V,30.30,1.26,66.6,66.6,1996,1996,2026-09-08 11:32:54.467,2026-09-08 11:32:54.467,1
@raw/04_第四批_20260908_1053_多火点与余热点/02_激光打点与定位验证/01_事后打点候选/无人机01_1581F7K3C251800CYBVP/DJI_202609081117_006/DJI_20260908113147_0011_V.MP4,B4,uav-01,V,30.50,1.27,66.633,66.633,1997,1997,2026-09-08 11:32:54.500,2026-09-08 11:32:54.500,1
@raw/04_第四批_20260908_1053_多火点与余热点/02_激光打点与定位验证/01_事后打点候选/无人机01_1581F7K3C251800CYBVP/DJI_202609081117_006/DJI_20260908113147_0011_V.MP4,B4,uav-01,V,30.70,1.28,66.667,66.667,1998,1998,2026-09-08 11:32:54.533,2026-09-08 11:32:54.533,1
@raw/04_第四批_20260908_1053_多火点与余热点/02_激光打点与定位验证/01_事后打点候选/无人机01_1581F7K3C251800CYBVP/DJI_202609081117_006/DJI_20260908113147_0011_V.MP4,B4,uav-01,V,30.90,1.29,66.7,66.7,1999,1999,2026-09-08 11:32:54.566,2026-09-08 11:32:54.566,1
@raw/04_第四批_20260908_1053_多火点与余热点/02_激光打点与定位验证/01_事后打点候选/无人机01_1581F7K3C251800CYBVP/DJI_202609081117_006/DJI_20260908113147_0011_V.MP4,B4,uav-01,V,31.10,1.30,66.733,66.733,2000,2000,2026-09-08 11:32:54.600,2026-09-08 11:32:54.600,1
@raw/04_第四批_20260908_1053_多火点与余热点/02_激光打点与定位验证/01_事后打点候选/无人机01_1581F7K3C251800CYBVP/DJI_202609081117_006/DJI_20260908113147_0011_V.MP4,B4,uav-01,V,31.30,1.30,66.767,66.767,2001,2001,2026-09-08 11:32:54.633,2026-09-08 11:32:54.633,1
@raw/04_第四批_20260908_1053_多火点与余热点/02_激光打点与定位验证/01_事后打点候选/无人机01_1581F7K3C251800CYBVP/DJI_202609081117_006/DJI_20260908113147_0011_V.MP4,B4,uav-01,V,31.50,1.31,66.8,66.8,2002,2002,2026-09-08 11:32:54.666,2026-09-08 11:32:54.666,1
@raw/04_第四批_20260908_1053_多火点与余热点/02_激光打点与定位验证/01_事后打点候选/无人机01_1581F7K3C251800CYBVP/DJI_202609081117_006/DJI_20260908113147_0011_V.MP4,B4,uav-01,V,31.70,1.32,66.833,66.833,2003,2003,2026-09-08 11:32:54.699,2026-09-08 11:32:54.699,1
@raw/04_第四批_20260908_1053_多火点与余热点/02_激光打点与定位验证/01_事后打点候选/无人机01_1581F7K3C251800CYBVP/DJI_202609081117_006/DJI_20260908113147_0011_V.MP4,B4,uav-01,V,31.90,1.33,66.867,66.867,2004,2004,2026-09-08 11:32:54.734,2026-09-08 11:32:54.734,1
@raw/04_第四批_20260908_1053_多火点与余热点/02_激光打点与定位验证/01_事后打点候选/无人机01_1581F7K3C251800CYBVP/DJI_202609081117_006/DJI_20260908113147_0011_V.MP4,B4,uav-01,V,32.10,1.34,66.9,66.9,2005,2005,2026-09-08 11:32:54.767,2026-09-08 11:32:54.767,1
@raw/04_第四批_20260908_1053_多火点与余热点/02_激光打点与定位验证/01_事后打点候选/无人机01_1581F7K3C251800CYBVP/DJI_202609081117_006/DJI_20260908113147_0011_V.MP4,B4,uav-01,V,32.30,1.35,66.934,66.934,2006,2006,2026-09-08 11:32:54.801,2026-09-08 11:32:54.801,1
@raw/04_第四批_20260908_1053_多火点与余热点/02_激光打点与定位验证/01_事后打点候选/无人机01_1581F7K3C251800CYBVP/DJI_202609081117_006/DJI_20260908113147_0011_V.MP4,B4,uav-01,V,32.50,1.36,66.967,66.967,2007,2007,2026-09-08 11:32:54.833,2026-09-08 11:32:54.833,1
@raw/04_第四批_20260908_1053_多火点与余热点/02_激光打点与定位验证/01_事后打点候选/无人机01_1581F7K3C251800CYBVP/DJI_202609081117_006/DJI_20260908113147_0011_V.MP4,B4,uav-01,V,32.80,1.36,67.0,67.0,2008,2008,2026-09-08 11:32:54.867,2026-09-08 11:32:54.867,1
@raw/04_第四批_20260908_1053_多火点与余热点/02_激光打点与定位验证/01_事后打点候选/无人机01_1581F7K3C251800CYBVP/DJI_202609081117_006/DJI_20260908113147_0011_V.MP4,B4,uav-01,V,33.00,1.37,67.034,67.034,2009,2009,2026-09-08 11:32:54.900,2026-09-08 11:32:54.900,1
@raw/04_第四批_20260908_1053_多火点与余热点/02_激光打点与定位验证/01_事后打点候选/无人机01_1581F7K3C251800CYBVP/DJI_202609081117_006/DJI_20260908113147_0011_V.MP4,B4,uav-01,V,33.20,1.38,67.067,67.067,2010,2010,2026-09-08 11:32:54.933,2026-09-08 11:32:54.933,1
@raw/04_第四批_20260908_1053_多火点与余热点/02_激光打点与定位验证/01_事后打点候选/无人机01_1581F7K3C251800CYBVP/DJI_202609081117_006/DJI_20260908113147_0011_V.MP4,B4,uav-01,V,33.40,1.39,67.1,67.1,2011,2011,2026-09-08 11:32:54.966,2026-09-08 11:32:54.966,1
@raw/04_第四批_20260908_1053_多火点与余热点/02_激光打点与定位验证/01_事后打点候选/无人机01_1581F7K3C251800CYBVP/DJI_202609081117_006/DJI_20260908113147_0011_V.MP4,B4,uav-01,V,33.60,1.40,67.134,67.134,2012,2012,2026-09-08 11:32:54.999,2026-09-08 11:32:54.999,1
@raw/04_第四批_20260908_1053_多火点与余热点/02_激光打点与定位验证/01_事后打点候选/无人机01_1581F7K3C251800CYBVP/DJI_202609081117_006/DJI_20260908113147_0011_V.MP4,B4,uav-01,V,33.80,1.41,67.167,67.167,2013,2013,2026-09-08 11:32:55.032,2026-09-08 11:32:55.032,1
@raw/04_第四批_20260908_1053_多火点与余热点/02_激光打点与定位验证/01_事后打点候选/无人机01_1581F7K3C251800CYBVP/DJI_202609081117_006/DJI_20260908113147_0011_V.MP4,B4,uav-01,V,34.10,1.42,67.2,67.2,2014,2014,2026-09-08 11:32:55.068,2026-09-08 11:32:55.068,1
@raw/04_第四批_20260908_1053_多火点与余热点/02_激光打点与定位验证/01_事后打点候选/无人机01_1581F7K3C251800CYBVP/DJI_202609081117_006/DJI_20260908113147_0011_V.MP4,B4,uav-01,V,34.30,1.43,67.234,67.234,2015,2015,2026-09-08 11:32:55.101,2026-09-08 11:32:55.101,1
@raw/04_第四批_20260908_1053_多火点与余热点/02_激光打点与定位验证/01_事后打点候选/无人机01_1581F7K3C251800CYBVP/DJI_202609081117_006/DJI_20260908113147_0011_V.MP4,B4,uav-01,V,34.50,1.44,67.267,67.267,2016,2016,2026-09-08 11:32:55.134,2026-09-08 11:32:55.134,1
@raw/04_第四批_20260908_1053_多火点与余热点/02_激光打点与定位验证/01_事后打点候选/无人机01_1581F7K3C251800CYBVP/DJI_202609081117_006/DJI_20260908113147_0011_V.MP4,B4,uav-01,V,34.70,1.45,67.301,67.301,2017,2017,2026-09-08 11:32:55.167,2026-09-08 11:32:55.167,1
@raw/04_第四批_20260908_1053_多火点与余热点/02_激光打点与定位验证/01_事后打点候选/无人机01_1581F7K3C251800CYBVP/DJI_202609081117_006/DJI_20260908113147_0011_V.MP4,B4,uav-01,V,34.90,1.46,67.334,67.334,2018,2018,2026-09-08 11:32:55.201,2026-09-08 11:32:55.201,1
@raw/04_第四批_20260908_1053_多火点与余热点/02_激光打点与定位验证/01_事后打点候选/无人机01_1581F7K3C251800CYBVP/DJI_202609081117_006/DJI_20260908113147_0011_V.MP4,B4,uav-01,V,35.20,1.47,67.367,67.367,2019,2019,2026-09-08 11:32:55.233,2026-09-08 11:32:55.233,1
@raw/04_第四批_20260908_1053_多火点与余热点/02_激光打点与定位验证/01_事后打点候选/无人机01_1581F7K3C251800CYBVP/DJI_202609081117_006/DJI_20260908113147_0011_V.MP4,B4,uav-01,V,35.40,1.47,67.401,67.401,2020,2020,2026-09-08 11:32:55.267,2026-09-08 11:32:55.267,1
@raw/04_第四批_20260908_1053_多火点与余热点/02_激光打点与定位验证/01_事后打点候选/无人机01_1581F7K3C251800CYBVP/DJI_202609081117_006/DJI_20260908113147_0011_V.MP4,B4,uav-01,V,35.60,1.48,67.434,67.434,2021,2021,2026-09-08 11:32:55.300,2026-09-08 11:32:55.300,1
@raw/04_第四批_20260908_1053_多火点与余热点/02_激光打点与定位验证/01_事后打点候选/无人机01_1581F7K3C251800CYBVP/DJI_202609081117_006/DJI_20260908113147_0011_V.MP4,B4,uav-01,V,35.90,1.49,67.467,67.467,2022,2022,2026-09-08 11:32:55.333,2026-09-08 11:32:55.333,1
@raw/04_第四批_20260908_1053_多火点与余热点/02_激光打点与定位验证/01_事后打点候选/无人机01_1581F7K3C251800CYBVP/DJI_202609081117_006/DJI_20260908113147_0011_V.MP4,B4,uav-01,V,36.10,1.50,67.501,67.501,2023,2023,2026-09-08 11:32:55.367,2026-09-08 11:32:55.367,1
@raw/04_第四批_20260908_1053_多火点与余热点/02_激光打点与定位验证/01_事后打点候选/无人机01_1581F7K3C251800CYBVP/DJI_202609081117_006/DJI_20260908113147_0011_V.MP4,B4,uav-01,V,36.30,1.51,67.534,67.534,2024,2024,2026-09-08 11:32:55.401,2026-09-08 11:32:55.401,1
@raw/04_第四批_20260908_1053_多火点与余热点/02_激光打点与定位验证/01_事后打点候选/无人机01_1581F7K3C251800CYBVP/DJI_202609081117_006/DJI_20260908113147_0011_V.MP4,B4,uav-01,V,36.60,1.52,67.568,67.568,2025,2025,2026-09-08 11:32:55.434,2026-09-08 11:32:55.434,1
@raw/04_第四批_20260908_1053_多火点与余热点/02_激光打点与定位验证/01_事后打点候选/无人机01_1581F7K3C251800CYBVP/DJI_202609081117_006/DJI_20260908113147_0011_V.MP4,B4,uav-01,V,36.80,1.53,67.601,67.601,2026,2026,2026-09-08 11:32:55.468,2026-09-08 11:32:55.468,1
@raw/04_第四批_20260908_1053_多火点与余热点/02_激光打点与定位验证/01_事后打点候选/无人机01_1581F7K3C251800CYBVP/DJI_202609081117_006/DJI_20260908113147_0011_V.MP4,B4,uav-01,V,37.00,1.54,67.634,67.634,2027,2027,2026-09-08 11:32:55.500,2026-09-08 11:32:55.500,1
@raw/04_第四批_20260908_1053_多火点与余热点/02_激光打点与定位验证/01_事后打点候选/无人机01_1581F7K3C251800CYBVP/DJI_202609081117_006/DJI_20260908113147_0011_V.MP4,B4,uav-01,V,37.30,1.55,67.668,67.668,2028,2028,2026-09-08 11:32:55.535,2026-09-08 11:32:55.535,1
@raw/04_第四批_20260908_1053_多火点与余热点/02_激光打点与定位验证/01_事后打点候选/无人机01_1581F7K3C251800CYBVP/DJI_202609081117_006/DJI_20260908113147_0011_V.MP4,B4,uav-01,V,37.50,1.56,67.701,67.701,2029,2029,2026-09-08 11:32:55.567,2026-09-08 11:32:55.567,1
@raw/04_第四批_20260908_1053_多火点与余热点/02_激光打点与定位验证/01_事后打点候选/无人机01_1581F7K3C251800CYBVP/DJI_202609081117_006/DJI_20260908113147_0011_V.MP4,B4,uav-01,V,37.80,1.57,67.734,67.734,2030,2030,2026-09-08 11:32:55.603,2026-09-08 11:32:55.603,1
@raw/04_第四批_20260908_1053_多火点与余热点/02_激光打点与定位验证/01_事后打点候选/无人机01_1581F7K3C251800CYBVP/DJI_202609081117_006/DJI_20260908113147_0011_V.MP4,B4,uav-01,V,38.00,1.58,67.768,67.768,2031,2031,2026-09-08 11:32:55.634,2026-09-08 11:32:55.634,1
@raw/04_第四批_20260908_1053_多火点与余热点/02_激光打点与定位验证/01_事后打点候选/无人机01_1581F7K3C251800CYBVP/DJI_202609081117_006/DJI_20260908113147_0011_V.MP4,B4,uav-01,V,38.20,1.59,67.801,67.801,2032,2032,2026-09-08 11:32:55.667,2026-09-08 11:32:55.667,1
@raw/04_第四批_20260908_1053_多火点与余热点/02_激光打点与定位验证/01_事后打点候选/无人机01_1581F7K3C251800CYBVP/DJI_202609081117_006/DJI_20260908113147_0011_V.MP4,B4,uav-01,V,38.50,1.60,67.834,67.834,2033,2033,2026-09-08 11:32:55.701,2026-09-08 11:32:55.701,1
@raw/04_第四批_20260908_1053_多火点与余热点/02_激光打点与定位验证/01_事后打点候选/无人机01_1581F7K3C251800CYBVP/DJI_202609081117_006/DJI_20260908113147_0011_V.MP4,B4,uav-01,V,38.70,1.61,67.868,67.868,2034,2034,2026-09-08 11:32:55.735,2026-09-08 11:32:55.735,1
@raw/04_第四批_20260908_1053_多火点与余热点/02_激光打点与定位验证/01_事后打点候选/无人机01_1581F7K3C251800CYBVP/DJI_202609081117_006/DJI_20260908113147_0011_V.MP4,B4,uav-01,V,39.00,1.62,67.901,67.901,2035,2035,2026-09-08 11:32:55.767,2026-09-08 11:32:55.767,1
@raw/04_第四批_20260908_1053_多火点与余热点/02_激光打点与定位验证/01_事后打点候选/无人机01_1581F7K3C251800CYBVP/DJI_202609081117_006/DJI_20260908113147_0011_V.MP4,B4,uav-01,V,39.20,1.64,67.935,67.935,2036,2036,2026-09-08 11:32:55.801,2026-09-08 11:32:55.801,1
@raw/04_第四批_20260908_1053_多火点与余热点/02_激光打点与定位验证/01_事后打点候选/无人机01_1581F7K3C251800CYBVP/DJI_202609081117_006/DJI_20260908113147_0011_V.MP4,B4,uav-01,V,39.50,1.65,67.968,67.968,2037,2037,2026-09-08 11:32:55.834,2026-09-08 11:32:55.834,1
@raw/04_第四批_20260908_1053_多火点与余热点/02_激光打点与定位验证/01_事后打点候选/无人机01_1581F7K3C251800CYBVP/DJI_202609081117_006/DJI_20260908113147_0011_V.MP4,B4,uav-01,V,39.80,1.66,68.001,68.001,2038,2038,2026-09-08 11:32:55.868,2026-09-08 11:32:55.868,1
@raw/04_第四批_20260908_1053_多火点与余热点/02_激光打点与定位验证/01_事后打点候选/无人机01_1581F7K3C251800CYBVP/DJI_202609081117_006/DJI_20260908113147_0011_V.MP4,B4,uav-01,V,40.00,1.67,68.035,68.035,2039,2039,2026-09-08 11:32:55.901,2026-09-08 11:32:55.901,1
@raw/04_第四批_20260908_1053_多火点与余热点/02_激光打点与定位验证/01_事后打点候选/无人机01_1581F7K3C251800CYBVP/DJI_202609081117_006/DJI_20260908113147_0011_V.MP4,B4,uav-01,V,40.30,1.68,68.068,68.068,2040,2040,2026-09-08 11:32:55.934,2026-09-08 11:32:55.934,1
@raw/04_第四批_20260908_1053_多火点与余热点/02_激光打点与定位验证/01_事后打点候选/无人机01_1581F7K3C251800CYBVP/DJI_202609081117_006/DJI_20260908113147_0011_V.MP4,B4,uav-01,V,40.50,1.69,68.101,68.101,2041,2041,2026-09-08 11:32:55.967,2026-09-08 11:32:55.967,1
@raw/04_第四批_20260908_1053_多火点与余热点/02_激光打点与定位验证/01_事后打点候选/无人机01_1581F7K3C251800CYBVP/DJI_202609081117_006/DJI_20260908113147_0011_V.MP4,B4,uav-01,V,40.80,1.70,68.135,68.135,2042,2042,2026-09-08 11:32:56.002,2026-09-08 11:32:56.002,1
@raw/04_第四批_20260908_1053_多火点与余热点/02_激光打点与定位验证/01_事后打点候选/无人机01_1581F7K3C251800CYBVP/DJI_202609081117_006/DJI_20260908113147_0011_V.MP4,B4,uav-01,V,41.10,1.71,68.168,68.168,2043,2043,2026-09-08 11:32:56.033,2026-09-08 11:32:56.033,1
@raw/04_第四批_20260908_1053_多火点与余热点/02_激光打点与定位验证/01_事后打点候选/无人机01_1581F7K3C251800CYBVP/DJI_202609081117_006/DJI_20260908113147_0011_V.MP4,B4,uav-01,V,41.30,1.72,68.201,68.201,2044,2044,2026-09-08 11:32:56.068,2026-09-08 11:32:56.068,1
@raw/04_第四批_20260908_1053_多火点与余热点/02_激光打点与定位验证/01_事后打点候选/无人机01_1581F7K3C251800CYBVP/DJI_202609081117_006/DJI_20260908113147_0011_V.MP4,B4,uav-01,V,41.60,1.73,68.235,68.235,2045,2045,2026-09-08 11:32:56.101,2026-09-08 11:32:56.101,1
@raw/04_第四批_20260908_1053_多火点与余热点/02_激光打点与定位验证/01_事后打点候选/无人机01_1581F7K3C251800CYBVP/DJI_202609081117_006/DJI_20260908113147_0011_V.MP4,B4,uav-01,V,41.90,1.74,68.268,68.268,2046,2046,2026-09-08 11:32:56.134,2026-09-08 11:32:56.134,1
@raw/04_第四批_20260908_1053_多火点与余热点/02_激光打点与定位验证/01_事后打点候选/无人机01_1581F7K3C251800CYBVP/DJI_202609081117_006/DJI_20260908113147_0011_V.MP4,B4,uav-01,V,42.10,1.76,68.302,68.302,2047,2047,2026-09-08 11:32:56.168,2026-09-08 11:32:56.168,1
@raw/04_第四批_20260908_1053_多火点与余热点/02_激光打点与定位验证/01_事后打点候选/无人机01_1581F7K3C251800CYBVP/DJI_202609081117_006/DJI_20260908113147_0011_V.MP4,B4,uav-01,V,42.40,1.77,68.335,68.335,2048,2048,2026-09-08 11:32:56.201,2026-09-08 11:32:56.201,1
@raw/04_第四批_20260908_1053_多火点与余热点/02_激光打点与定位验证/01_事后打点候选/无人机01_1581F7K3C251800CYBVP/DJI_202609081117_006/DJI_20260908113147_0011_V.MP4,B4,uav-01,V,42.70,1.78,68.368,68.368,2049,2049,2026-09-08 11:32:56.234,2026-09-08 11:32:56.234,1
@raw/04_第四批_20260908_1053_多火点与余热点/02_激光打点与定位验证/01_事后打点候选/无人机01_1581F7K3C251800CYBVP/DJI_202609081117_006/DJI_20260908113147_0011_V.MP4,B4,uav-01,V,43.00,1.79,68.402,68.402,2050,2050,2026-09-08 11:32:56.269,2026-09-08 11:32:56.269,1
@raw/04_第四批_20260908_1053_多火点与余热点/02_激光打点与定位验证/01_事后打点候选/无人机01_1581F7K3C251800CYBVP/DJI_202609081117_006/DJI_20260908113147_0011_V.MP4,B4,uav-01,V,43.20,1.80,68.435,68.435,2051,2051,2026-09-08 11:32:56.302,2026-09-08 11:32:56.302,1
@raw/04_第四批_20260908_1053_多火点与余热点/02_激光打点与定位验证/01_事后打点候选/无人机01_1581F7K3C251800CYBVP/DJI_202609081117_006/DJI_20260908113147_0011_V.MP4,B4,uav-01,V,43.50,1.81,68.468,68.468,2052,2052,2026-09-08 11:32:56.334,2026-09-08 11:32:56.334,1
@raw/04_第四批_20260908_1053_多火点与余热点/02_激光打点与定位验证/01_事后打点候选/无人机01_1581F7K3C251800CYBVP/DJI_202609081117_006/DJI_20260908113147_0011_V.MP4,B4,uav-01,V,43.80,1.82,68.502,68.502,2053,2053,2026-09-08 11:32:56.367,2026-09-08 11:32:56.367,1
@raw/04_第四批_20260908_1053_多火点与余热点/02_激光打点与定位验证/01_事后打点候选/无人机01_1581F7K3C251800CYBVP/DJI_202609081117_006/DJI_20260908113147_0011_V.MP4,B4,uav-01,V,44.10,1.84,68.535,68.535,2054,2054,2026-09-08 11:32:56.401,2026-09-08 11:32:56.401,1
@raw/04_第四批_20260908_1053_多火点与余热点/02_激光打点与定位验证/01_事后打点候选/无人机01_1581F7K3C251800CYBVP/DJI_202609081117_006/DJI_20260908113147_0011_V.MP4,B4,uav-01,V,44.40,1.85,68.569,68.569,2055,2055,2026-09-08 11:32:56.434,2026-09-08 11:32:56.434,1
@raw/04_第四批_20260908_1053_多火点与余热点/02_激光打点与定位验证/01_事后打点候选/无人机01_1581F7K3C251800CYBVP/DJI_202609081117_006/DJI_20260908113147_0011_V.MP4,B4,uav-01,V,44.70,1.86,68.602,68.602,2056,2056,2026-09-08 11:32:56.469,2026-09-08 11:32:56.469,1
@raw/04_第四批_20260908_1053_多火点与余热点/02_激光打点与定位验证/01_事后打点候选/无人机01_1581F7K3C251800CYBVP/DJI_202609081117_006/DJI_20260908113147_0011_V.MP4,B4,uav-01,V,44.90,1.87,68.635,68.635,2057,2057,2026-09-08 11:32:56.502,2026-09-08 11:32:56.502,1
@raw/04_第四批_20260908_1053_多火点与余热点/02_激光打点与定位验证/01_事后打点候选/无人机01_1581F7K3C251800CYBVP/DJI_202609081117_006/DJI_20260908113147_0011_V.MP4,B4,uav-01,V,45.20,1.88,68.669,68.669,2058,2058,2026-09-08 11:32:56.535,2026-09-08 11:32:56.535,1
@raw/04_第四批_20260908_1053_多火点与余热点/02_激光打点与定位验证/01_事后打点候选/无人机01_1581F7K3C251800CYBVP/DJI_202609081117_006/DJI_20260908113147_0011_V.MP4,B4,uav-01,V,45.50,1.90,68.702,68.702,2059,2059,2026-09-08 11:32:56.568,2026-09-08 11:32:56.568,1
@raw/04_第四批_20260908_1053_多火点与余热点/02_激光打点与定位验证/01_事后打点候选/无人机01_1581F7K3C251800CYBVP/DJI_202609081117_006/DJI_20260908113147_0011_V.MP4,B4,uav-01,V,45.80,1.91,68.735,68.735,2060,2060,2026-09-08 11:32:56.602,2026-09-08 11:32:56.602,1
@raw/04_第四批_20260908_1053_多火点与余热点/02_激光打点与定位验证/01_事后打点候选/无人机01_1581F7K3C251800CYBVP/DJI_202609081117_006/DJI_20260908113147_0011_V.MP4,B4,uav-01,V,46.10,1.92,68.769,68.769,2061,2061,2026-09-08 11:32:56.634,2026-09-08 11:32:56.634,1
@raw/04_第四批_20260908_1053_多火点与余热点/02_激光打点与定位验证/01_事后打点候选/无人机01_1581F7K3C251800CYBVP/DJI_202609081117_006/DJI_20260908113147_0011_V.MP4,B4,uav-01,V,46.40,1.93,68.802,68.802,2062,2062,2026-09-08 11:32:56.670,2026-09-08 11:32:56.670,1
@raw/04_第四批_20260908_1053_多火点与余热点/02_激光打点与定位验证/01_事后打点候选/无人机01_1581F7K3C251800CYBVP/DJI_202609081117_006/DJI_20260908113147_0011_V.MP4,B4,uav-01,V,46.70,1.95,68.835,68.835,2063,2063,2026-09-08 11:32:56.702,2026-09-08 11:32:56.702,1
@raw/04_第四批_20260908_1053_多火点与余热点/02_激光打点与定位验证/01_事后打点候选/无人机01_1581F7K3C251800CYBVP/DJI_202609081117_006/DJI_20260908113147_0011_V.MP4,B4,uav-01,V,47.00,1.96,68.869,68.869,2064,2064,2026-09-08 11:32:56.734,2026-09-08 11:32:56.734,1
@raw/04_第四批_20260908_1053_多火点与余热点/02_激光打点与定位验证/01_事后打点候选/无人机01_1581F7K3C251800CYBVP/DJI_202609081117_006/DJI_20260908113147_0011_V.MP4,B4,uav-01,V,47.30,1.97,68.902,68.902,2065,2065,2026-09-08 11:32:56.769,2026-09-08 11:32:56.769,1
@raw/04_第四批_20260908_1053_多火点与余热点/02_激光打点与定位验证/01_事后打点候选/无人机01_1581F7K3C251800CYBVP/DJI_202609081117_006/DJI_20260908113147_0011_V.MP4,B4,uav-01,V,47.60,1.98,68.936,68.936,2066,2066,2026-09-08 11:32:56.802,2026-09-08 11:32:56.802,1
@raw/04_第四批_20260908_1053_多火点与余热点/02_激光打点与定位验证/01_事后打点候选/无人机01_1581F7K3C251800CYBVP/DJI_202609081117_006/DJI_20260908113147_0011_V.MP4,B4,uav-01,V,47.90,2.00,68.969,68.969,2067,2067,2026-09-08 11:32:56.834,2026-09-08 11:32:56.834,1
@raw/04_第四批_20260908_1053_多火点与余热点/02_激光打点与定位验证/01_事后打点候选/无人机01_1581F7K3C251800CYBVP/DJI_202609081117_006/DJI_20260908113147_0011_V.MP4,B4,uav-01,V,48.20,2.01,69.002,69.002,2068,2068,2026-09-08 11:32:56.868,2026-09-08 11:32:56.868,1
@raw/04_第四批_20260908_1053_多火点与余热点/02_激光打点与定位验证/01_事后打点候选/无人机01_1581F7K3C251800CYBVP/DJI_202609081117_006/DJI_20260908113147_0011_V.MP4,B4,uav-01,V,48.60,2.02,69.036,69.036,2069,2069,2026-09-08 11:32:56.901,2026-09-08 11:32:56.901,1
@raw/04_第四批_20260908_1053_多火点与余热点/02_激光打点与定位验证/01_事后打点候选/无人机01_1581F7K3C251800CYBVP/DJI_202609081117_006/DJI_20260908113147_0011_V.MP4,B4,uav-01,V,48.90,2.04,69.069,69.069,2070,2070,2026-09-08 11:32:56.934,2026-09-08 11:32:56.934,1
@raw/04_第四批_20260908_1053_多火点与余热点/02_激光打点与定位验证/01_事后打点候选/无人机01_1581F7K3C251800CYBVP/DJI_202609081117_006/DJI_20260908113147_0011_V.MP4,B4,uav-01,V,49.20,2.05,69.102,69.102,2071,2071,2026-09-08 11:32:56.968,2026-09-08 11:32:56.968,1
@raw/04_第四批_20260908_1053_多火点与余热点/02_激光打点与定位验证/01_事后打点候选/无人机01_1581F7K3C251800CYBVP/DJI_202609081117_006/DJI_20260908113147_0011_V.MP4,B4,uav-01,V,49.50,2.06,69.136,69.136,2072,2072,2026-09-08 11:32:57.002,2026-09-08 11:32:57.002,1
@raw/04_第四批_20260908_1053_多火点与余热点/02_激光打点与定位验证/01_事后打点候选/无人机01_1581F7K3C251800CYBVP/DJI_202609081117_006/DJI_20260908113147_0011_V.MP4,B4,uav-01,V,49.80,2.08,69.169,69.169,2073,2073,2026-09-08 11:32:57.036,2026-09-08 11:32:57.036,1
@raw/04_第四批_20260908_1053_多火点与余热点/02_激光打点与定位验证/01_事后打点候选/无人机01_1581F7K3C251800CYBVP/DJI_202609081117_006/DJI_20260908113147_0011_V.MP4,B4,uav-01,V,50.20,2.09,69.202,69.202,2074,2074,2026-09-08 11:32:57.070,2026-09-08 11:32:57.070,1
@raw/04_第四批_20260908_1053_多火点与余热点/02_激光打点与定位验证/01_事后打点候选/无人机01_1581F7K3C251800CYBVP/DJI_202609081117_006/DJI_20260908113147_0011_V.MP4,B4,uav-01,V,50.50,2.10,69.236,69.236,2075,2075,2026-09-08 11:32:57.102,2026-09-08 11:32:57.102,1
@raw/04_第四批_20260908_1053_多火点与余热点/02_激光打点与定位验证/01_事后打点候选/无人机01_1581F7K3C251800CYBVP/DJI_202609081117_006/DJI_20260908113147_0011_V.MP4,B4,uav-01,V,50.60,2.11,69.269,69.536,2076,2084,2026-09-08 11:32:57.135,2026-09-08 11:32:57.403,9
@raw/04_第四批_20260908_1053_多火点与余热点/02_激光打点与定位验证/01_事后打点候选/无人机01_1581F7K3C251800CYBVP/DJI_202609081117_006/DJI_20260908113147_0011_V.MP4,B4,uav-01,V,50.30,2.09,69.57,69.57,2085,2085,2026-09-08 11:32:57.434,2026-09-08 11:32:57.434,1
@raw/04_第四批_20260908_1053_多火点与余热点/02_激光打点与定位验证/01_事后打点候选/无人机01_1581F7K3C251800CYBVP/DJI_202609081117_006/DJI_20260908113147_0011_V.MP4,B4,uav-01,V,50.00,2.08,69.603,69.603,2086,2086,2026-09-08 11:32:57.469,2026-09-08 11:32:57.469,1
@raw/04_第四批_20260908_1053_多火点与余热点/02_激光打点与定位验证/01_事后打点候选/无人机01_1581F7K3C251800CYBVP/DJI_202609081117_006/DJI_20260908113147_0011_V.MP4,B4,uav-01,V,49.60,2.07,69.636,69.636,2087,2087,2026-09-08 11:32:57.502,2026-09-08 11:32:57.502,1
@raw/04_第四批_20260908_1053_多火点与余热点/02_激光打点与定位验证/01_事后打点候选/无人机01_1581F7K3C251800CYBVP/DJI_202609081117_006/DJI_20260908113147_0011_V.MP4,B4,uav-01,V,49.30,2.05,69.67,69.67,2088,2088,2026-09-08 11:32:57.535,2026-09-08 11:32:57.535,1
@raw/04_第四批_20260908_1053_多火点与余热点/02_激光打点与定位验证/01_事后打点候选/无人机01_1581F7K3C251800CYBVP/DJI_202609081117_006/DJI_20260908113147_0011_V.MP4,B4,uav-01,V,49.00,2.04,69.703,69.703,2089,2089,2026-09-08 11:32:57.569,2026-09-08 11:32:57.569,1
@raw/04_第四批_20260908_1053_多火点与余热点/02_激光打点与定位验证/01_事后打点候选/无人机01_1581F7K3C251800CYBVP/DJI_202609081117_006/DJI_20260908113147_0011_V.MP4,B4,uav-01,V,48.70,2.03,69.736,69.736,2090,2090,2026-09-08 11:32:57.603,2026-09-08 11:32:57.603,1
@raw/04_第四批_20260908_1053_多火点与余热点/02_激光打点与定位验证/01_事后打点候选/无人机01_1581F7K3C251800CYBVP/DJI_202609081117_006/DJI_20260908113147_0011_V.MP4,B4,uav-01,V,48.40,2.02,69.77,69.77,2091,2091,2026-09-08 11:32:57.635,2026-09-08 11:32:57.635,1
@raw/04_第四批_20260908_1053_多火点与余热点/02_激光打点与定位验证/01_事后打点候选/无人机01_1581F7K3C251800CYBVP/DJI_202609081117_006/DJI_20260908113147_0011_V.MP4,B4,uav-01,V,48.10,2.00,69.803,69.803,2092,2092,2026-09-08 11:32:57.669,2026-09-08 11:32:57.669,1
@raw/04_第四批_20260908_1053_多火点与余热点/02_激光打点与定位验证/01_事后打点候选/无人机01_1581F7K3C251800CYBVP/DJI_202609081117_006/DJI_20260908113147_0011_V.MP4,B4,uav-01,V,47.70,1.99,69.836,69.836,2093,2093,2026-09-08 11:32:57.702,2026-09-08 11:32:57.702,1
@raw/04_第四批_20260908_1053_多火点与余热点/02_激光打点与定位验证/01_事后打点候选/无人机01_1581F7K3C251800CYBVP/DJI_202609081117_006/DJI_20260908113147_0011_V.MP4,B4,uav-01,V,47.40,1.98,69.87,69.87,2094,2094,2026-09-08 11:32:57.737,2026-09-08 11:32:57.737,1
@raw/04_第四批_20260908_1053_多火点与余热点/02_激光打点与定位验证/01_事后打点候选/无人机01_1581F7K3C251800CYBVP/DJI_202609081117_006/DJI_20260908113147_0011_V.MP4,B4,uav-01,V,47.10,1.96,69.903,69.903,2095,2095,2026-09-08 11:32:57.769,2026-09-08 11:32:57.769,1
@raw/04_第四批_20260908_1053_多火点与余热点/02_激光打点与定位验证/01_事后打点候选/无人机01_1581F7K3C251800CYBVP/DJI_202609081117_006/DJI_20260908113147_0011_V.MP4,B4,uav-01,V,46.80,1.95,69.937,69.937,2096,2096,2026-09-08 11:32:57.803,2026-09-08 11:32:57.803,1
@raw/04_第四批_20260908_1053_多火点与余热点/02_激光打点与定位验证/01_事后打点候选/无人机01_1581F7K3C251800CYBVP/DJI_202609081117_006/DJI_20260908113147_0011_V.MP4,B4,uav-01,V,46.50,1.94,69.97,69.97,2097,2097,2026-09-08 11:32:57.836,2026-09-08 11:32:57.836,1
@raw/04_第四批_20260908_1053_多火点与余热点/02_激光打点与定位验证/01_事后打点候选/无人机01_1581F7K3C251800CYBVP/DJI_202609081117_006/DJI_20260908113147_0011_V.MP4,B4,uav-01,V,46.20,1.93,70.003,70.003,2098,2098,2026-09-08 11:32:57.870,2026-09-08 11:32:57.870,1
@raw/04_第四批_20260908_1053_多火点与余热点/02_激光打点与定位验证/01_事后打点候选/无人机01_1581F7K3C251800CYBVP/DJI_202609081117_006/DJI_20260908113147_0011_V.MP4,B4,uav-01,V,45.90,1.91,70.037,70.037,2099,2099,2026-09-08 11:32:57.902,2026-09-08 11:32:57.902,1
@raw/04_第四批_20260908_1053_多火点与余热点/02_激光打点与定位验证/01_事后打点候选/无人机01_1581F7K3C251800CYBVP/DJI_202609081117_006/DJI_20260908113147_0011_V.MP4,B4,uav-01,V,45.60,1.90,70.07,70.07,2100,2100,2026-09-08 11:32:57.935,2026-09-08 11:32:57.935,1
@raw/04_第四批_20260908_1053_多火点与余热点/02_激光打点与定位验证/01_事后打点候选/无人机01_1581F7K3C251800CYBVP/DJI_202609081117_006/DJI_20260908113147_0011_V.MP4,B4,uav-01,V,45.30,1.89,70.103,70.103,2101,2101,2026-09-08 11:32:57.968,2026-09-08 11:32:57.968,1
@raw/04_第四批_20260908_1053_多火点与余热点/02_激光打点与定位验证/01_事后打点候选/无人机01_1581F7K3C251800CYBVP/DJI_202609081117_006/DJI_20260908113147_0011_V.MP4,B4,uav-01,V,45.10,1.88,70.137,70.137,2102,2102,2026-09-08 11:32:58.004,2026-09-08 11:32:58.004,1
@raw/04_第四批_20260908_1053_多火点与余热点/02_激光打点与定位验证/01_事后打点候选/无人机01_1581F7K3C251800CYBVP/DJI_202609081117_006/DJI_20260908113147_0011_V.MP4,B4,uav-01,V,44.80,1.87,70.17,70.17,2103,2103,2026-09-08 11:32:58.036,2026-09-08 11:32:58.036,1
@raw/04_第四批_20260908_1053_多火点与余热点/02_激光打点与定位验证/01_事后打点候选/无人机01_1581F7K3C251800CYBVP/DJI_202609081117_006/DJI_20260908113147_0011_V.MP4,B4,uav-01,V,44.50,1.85,70.203,70.203,2104,2104,2026-09-08 11:32:58.070,2026-09-08 11:32:58.070,1
@raw/04_第四批_20260908_1053_多火点与余热点/02_激光打点与定位验证/01_事后打点候选/无人机01_1581F7K3C251800CYBVP/DJI_202609081117_006/DJI_20260908113147_0011_V.MP4,B4,uav-01,V,44.20,1.84,70.237,70.237,2105,2105,2026-09-08 11:32:58.102,2026-09-08 11:32:58.102,1
@raw/04_第四批_20260908_1053_多火点与余热点/02_激光打点与定位验证/01_事后打点候选/无人机01_1581F7K3C251800CYBVP/DJI_202609081117_006/DJI_20260908113147_0011_V.MP4,B4,uav-01,V,43.90,1.83,70.27,70.27,2106,2106,2026-09-08 11:32:58.136,2026-09-08 11:32:58.136,1
@raw/04_第四批_20260908_1053_多火点与余热点/02_激光打点与定位验证/01_事后打点候选/无人机01_1581F7K3C251800CYBVP/DJI_202609081117_006/DJI_20260908113147_0011_V.MP4,B4,uav-01,V,43.60,1.82,70.304,84.751,2107,2540,2026-09-08 11:32:58.169,2026-09-08 11:33:12.620,434
@raw/04_第四批_20260908_1053_多火点与余热点/02_激光打点与定位验证/01_事后打点候选/无人机01_1581F7K3C251800CYBVP/DJI_202609081117_006/DJI_20260908113147_0011_V.MP4,B4,uav-01,V,43.90,1.83,84.785,84.785,2541,2541,2026-09-08 11:33:12.650,2026-09-08 11:33:12.650,1
@raw/04_第四批_20260908_1053_多火点与余热点/02_激光打点与定位验证/01_事后打点候选/无人机01_1581F7K3C251800CYBVP/DJI_202609081117_006/DJI_20260908113147_0011_V.MP4,B4,uav-01,V,44.20,1.84,84.818,84.818,2542,2542,2026-09-08 11:33:12.686,2026-09-08 11:33:12.686,1
@raw/04_第四批_20260908_1053_多火点与余热点/02_激光打点与定位验证/01_事后打点候选/无人机01_1581F7K3C251800CYBVP/DJI_202609081117_006/DJI_20260908113147_0011_V.MP4,B4,uav-01,V,44.50,1.85,84.851,84.851,2543,2543,2026-09-08 11:33:12.718,2026-09-08 11:33:12.718,1
@raw/04_第四批_20260908_1053_多火点与余热点/02_激光打点与定位验证/01_事后打点候选/无人机01_1581F7K3C251800CYBVP/DJI_202609081117_006/DJI_20260908113147_0011_V.MP4,B4,uav-01,V,44.70,1.86,84.885,84.885,2544,2544,2026-09-08 11:33:12.753,2026-09-08 11:33:12.753,1
@raw/04_第四批_20260908_1053_多火点与余热点/02_激光打点与定位验证/01_事后打点候选/无人机01_1581F7K3C251800CYBVP/DJI_202609081117_006/DJI_20260908113147_0011_V.MP4,B4,uav-01,V,45.00,1.88,84.918,84.918,2545,2545,2026-09-08 11:33:12.784,2026-09-08 11:33:12.784,1
@raw/04_第四批_20260908_1053_多火点与余热点/02_激光打点与定位验证/01_事后打点候选/无人机01_1581F7K3C251800CYBVP/DJI_202609081117_006/DJI_20260908113147_0011_V.MP4,B4,uav-01,V,45.30,1.89,84.952,84.952,2546,2546,2026-09-08 11:33:12.819,2026-09-08 11:33:12.819,1
@raw/04_第四批_20260908_1053_多火点与余热点/02_激光打点与定位验证/01_事后打点候选/无人机01_1581F7K3C251800CYBVP/DJI_202609081117_006/DJI_20260908113147_0011_V.MP4,B4,uav-01,V,45.60,1.90,84.985,84.985,2547,2547,2026-09-08 11:33:12.852,2026-09-08 11:33:12.852,1
@raw/04_第四批_20260908_1053_多火点与余热点/02_激光打点与定位验证/01_事后打点候选/无人机01_1581F7K3C251800CYBVP/DJI_202609081117_006/DJI_20260908113147_0011_V.MP4,B4,uav-01,V,45.90,1.91,85.018,85.018,2548,2548,2026-09-08 11:33:12.883,2026-09-08 11:33:12.883,1
@raw/04_第四批_20260908_1053_多火点与余热点/02_激光打点与定位验证/01_事后打点候选/无人机01_1581F7K3C251800CYBVP/DJI_202609081117_006/DJI_20260908113147_0011_V.MP4,B4,uav-01,V,46.20,1.93,85.052,85.052,2549,2549,2026-09-08 11:33:12.919,2026-09-08 11:33:12.919,1
@raw/04_第四批_20260908_1053_多火点与余热点/02_激光打点与定位验证/01_事后打点候选/无人机01_1581F7K3C251800CYBVP/DJI_202609081117_006/DJI_20260908113147_0011_V.MP4,B4,uav-01,V,46.50,1.94,85.085,85.085,2550,2550,2026-09-08 11:33:12.953,2026-09-08 11:33:12.953,1
@raw/04_第四批_20260908_1053_多火点与余热点/02_激光打点与定位验证/01_事后打点候选/无人机01_1581F7K3C251800CYBVP/DJI_202609081117_006/DJI_20260908113147_0011_V.MP4,B4,uav-01,V,46.80,1.95,85.118,85.118,2551,2551,2026-09-08 11:33:12.983,2026-09-08 11:33:12.983,1
@raw/04_第四批_20260908_1053_多火点与余热点/02_激光打点与定位验证/01_事后打点候选/无人机01_1581F7K3C251800CYBVP/DJI_202609081117_006/DJI_20260908113147_0011_V.MP4,B4,uav-01,V,47.10,1.96,85.152,85.152,2552,2552,2026-09-08 11:33:13.019,2026-09-08 11:33:13.019,1
@raw/04_第四批_20260908_1053_多火点与余热点/02_激光打点与定位验证/01_事后打点候选/无人机01_1581F7K3C251800CYBVP/DJI_202609081117_006/DJI_20260908113147_0011_V.MP4,B4,uav-01,V,47.40,1.98,85.185,85.185,2553,2553,2026-09-08 11:33:13.051,2026-09-08 11:33:13.051,1
@raw/04_第四批_20260908_1053_多火点与余热点/02_激光打点与定位验证/01_事后打点候选/无人机01_1581F7K3C251800CYBVP/DJI_202609081117_006/DJI_20260908113147_0011_V.MP4,B4,uav-01,V,47.70,1.99,85.218,85.218,2554,2554,2026-09-08 11:33:13.087,2026-09-08 11:33:13.087,1
@raw/04_第四批_20260908_1053_多火点与余热点/02_激光打点与定位验证/01_事后打点候选/无人机01_1581F7K3C251800CYBVP/DJI_202609081117_006/DJI_20260908113147_0011_V.MP4,B4,uav-01,V,48.00,2.00,85.252,85.252,2555,2555,2026-09-08 11:33:13.118,2026-09-08 11:33:13.118,1
@raw/04_第四批_20260908_1053_多火点与余热点/02_激光打点与定位验证/01_事后打点候选/无人机01_1581F7K3C251800CYBVP/DJI_202609081117_006/DJI_20260908113147_0011_V.MP4,B4,uav-01,V,48.30,2.01,85.285,85.285,2556,2556,2026-09-08 11:33:13.152,2026-09-08 11:33:13.152,1
@raw/04_第四批_20260908_1053_多火点与余热点/02_激光打点与定位验证/01_事后打点候选/无人机01_1581F7K3C251800CYBVP/DJI_202609081117_006/DJI_20260908113147_0011_V.MP4,B4,uav-01,V,48.70,2.03,85.319,85.319,2557,2557,2026-09-08 11:33:13.184,2026-09-08 11:33:13.184,1
@raw/04_第四批_20260908_1053_多火点与余热点/02_激光打点与定位验证/01_事后打点候选/无人机01_1581F7K3C251800CYBVP/DJI_202609081117_006/DJI_20260908113147_0011_V.MP4,B4,uav-01,V,49.00,2.04,85.352,85.352,2558,2558,2026-09-08 11:33:13.219,2026-09-08 11:33:13.219,1
@raw/04_第四批_20260908_1053_多火点与余热点/02_激光打点与定位验证/01_事后打点候选/无人机01_1581F7K3C251800CYBVP/DJI_202609081117_006/DJI_20260908113147_0011_V.MP4,B4,uav-01,V,49.30,2.05,85.385,85.385,2559,2559,2026-09-08 11:33:13.251,2026-09-08 11:33:13.251,1
@raw/04_第四批_20260908_1053_多火点与余热点/02_激光打点与定位验证/01_事后打点候选/无人机01_1581F7K3C251800CYBVP/DJI_202609081117_006/DJI_20260908113147_0011_V.MP4,B4,uav-01,V,49.60,2.07,85.419,85.419,2560,2560,2026-09-08 11:33:13.285,2026-09-08 11:33:13.285,1
@raw/04_第四批_20260908_1053_多火点与余热点/02_激光打点与定位验证/01_事后打点候选/无人机01_1581F7K3C251800CYBVP/DJI_202609081117_006/DJI_20260908113147_0011_V.MP4,B4,uav-01,V,49.90,2.08,85.452,85.452,2561,2561,2026-09-08 11:33:13.319,2026-09-08 11:33:13.319,1
@raw/04_第四批_20260908_1053_多火点与余热点/02_激光打点与定位验证/01_事后打点候选/无人机01_1581F7K3C251800CYBVP/DJI_202609081117_006/DJI_20260908113147_0011_V.MP4,B4,uav-01,V,50.30,2.09,85.485,85.485,2562,2562,2026-09-08 11:33:13.352,2026-09-08 11:33:13.352,1
@raw/04_第四批_20260908_1053_多火点与余热点/02_激光打点与定位验证/01_事后打点候选/无人机01_1581F7K3C251800CYBVP/DJI_202609081117_006/DJI_20260908113147_0011_V.MP4,B4,uav-01,V,50.60,2.11,85.519,85.519,2563,2563,2026-09-08 11:33:13.384,2026-09-08 11:33:13.384,1
@raw/04_第四批_20260908_1053_多火点与余热点/02_激光打点与定位验证/01_事后打点候选/无人机01_1581F7K3C251800CYBVP/DJI_202609081117_006/DJI_20260908113147_0011_V.MP4,B4,uav-01,V,50.90,2.12,85.552,85.552,2564,2564,2026-09-08 11:33:13.419,2026-09-08 11:33:13.419,1
@raw/04_第四批_20260908_1053_多火点与余热点/02_激光打点与定位验证/01_事后打点候选/无人机01_1581F7K3C251800CYBVP/DJI_202609081117_006/DJI_20260908113147_0011_V.MP4,B4,uav-01,V,51.20,2.13,85.586,85.586,2565,2565,2026-09-08 11:33:13.451,2026-09-08 11:33:13.451,1
@raw/04_第四批_20260908_1053_多火点与余热点/02_激光打点与定位验证/01_事后打点候选/无人机01_1581F7K3C251800CYBVP/DJI_202609081117_006/DJI_20260908113147_0011_V.MP4,B4,uav-01,V,51.60,2.15,85.619,85.619,2566,2566,2026-09-08 11:33:13.485,2026-09-08 11:33:13.485,1
@raw/04_第四批_20260908_1053_多火点与余热点/02_激光打点与定位验证/01_事后打点候选/无人机01_1581F7K3C251800CYBVP/DJI_202609081117_006/DJI_20260908113147_0011_V.MP4,B4,uav-01,V,51.90,2.16,85.652,85.652,2567,2567,2026-09-08 11:33:13.518,2026-09-08 11:33:13.518,1
@raw/04_第四批_20260908_1053_多火点与余热点/02_激光打点与定位验证/01_事后打点候选/无人机01_1581F7K3C251800CYBVP/DJI_202609081117_006/DJI_20260908113147_0011_V.MP4,B4,uav-01,V,52.20,2.18,85.686,85.686,2568,2568,2026-09-08 11:33:13.552,2026-09-08 11:33:13.552,1
@raw/04_第四批_20260908_1053_多火点与余热点/02_激光打点与定位验证/01_事后打点候选/无人机01_1581F7K3C251800CYBVP/DJI_202609081117_006/DJI_20260908113147_0011_V.MP4,B4,uav-01,V,52.60,2.19,85.719,85.719,2569,2569,2026-09-08 11:33:13.584,2026-09-08 11:33:13.584,1
@raw/04_第四批_20260908_1053_多火点与余热点/02_激光打点与定位验证/01_事后打点候选/无人机01_1581F7K3C251800CYBVP/DJI_202609081117_006/DJI_20260908113147_0011_V.MP4,B4,uav-01,V,52.90,2.20,85.752,85.752,2570,2570,2026-09-08 11:33:13.619,2026-09-08 11:33:13.619,1
@raw/04_第四批_20260908_1053_多火点与余热点/02_激光打点与定位验证/01_事后打点候选/无人机01_1581F7K3C251800CYBVP/DJI_202609081117_006/DJI_20260908113147_0011_V.MP4,B4,uav-01,V,53.30,2.22,85.786,85.786,2571,2571,2026-09-08 11:33:13.652,2026-09-08 11:33:13.652,1
@raw/04_第四批_20260908_1053_多火点与余热点/02_激光打点与定位验证/01_事后打点候选/无人机01_1581F7K3C251800CYBVP/DJI_202609081117_006/DJI_20260908113147_0011_V.MP4,B4,uav-01,V,53.60,2.23,85.819,85.819,2572,2572,2026-09-08 11:33:13.684,2026-09-08 11:33:13.684,1
@raw/04_第四批_20260908_1053_多火点与余热点/02_激光打点与定位验证/01_事后打点候选/无人机01_1581F7K3C251800CYBVP/DJI_202609081117_006/DJI_20260908113147_0011_V.MP4,B4,uav-01,V,53.90,2.25,85.852,85.852,2573,2573,2026-09-08 11:33:13.718,2026-09-08 11:33:13.718,1
@raw/04_第四批_20260908_1053_多火点与余热点/02_激光打点与定位验证/01_事后打点候选/无人机01_1581F7K3C251800CYBVP/DJI_202609081117_006/DJI_20260908113147_0011_V.MP4,B4,uav-01,V,54.30,2.26,85.886,85.886,2574,2574,2026-09-08 11:33:13.753,2026-09-08 11:33:13.753,1
@raw/04_第四批_20260908_1053_多火点与余热点/02_激光打点与定位验证/01_事后打点候选/无人机01_1581F7K3C251800CYBVP/DJI_202609081117_006/DJI_20260908113147_0011_V.MP4,B4,uav-01,V,54.60,2.28,85.919,85.919,2575,2575,2026-09-08 11:33:13.785,2026-09-08 11:33:13.785,1
@raw/04_第四批_20260908_1053_多火点与余热点/02_激光打点与定位验证/01_事后打点候选/无人机01_1581F7K3C251800CYBVP/DJI_202609081117_006/DJI_20260908113147_0011_V.MP4,B4,uav-01,V,55.00,2.29,85.953,85.953,2576,2576,2026-09-08 11:33:13.819,2026-09-08 11:33:13.819,1
@raw/04_第四批_20260908_1053_多火点与余热点/02_激光打点与定位验证/01_事后打点候选/无人机01_1581F7K3C251800CYBVP/DJI_202609081117_006/DJI_20260908113147_0011_V.MP4,B4,uav-01,V,55.10,2.30,85.986,86.553,2577,2594,2026-09-08 11:33:13.851,2026-09-08 11:33:14.419,18
@raw/04_第四批_20260908_1053_多火点与余热点/02_激光打点与定位验证/01_事后打点候选/无人机01_1581F7K3C251800CYBVP/DJI_202609081117_006/DJI_20260908113147_0011_V.MP4,B4,uav-01,V,54.70,2.28,86.587,86.587,2595,2595,2026-09-08 11:33:14.454,2026-09-08 11:33:14.454,1
@raw/04_第四批_20260908_1053_多火点与余热点/02_激光打点与定位验证/01_事后打点候选/无人机01_1581F7K3C251800CYBVP/DJI_202609081117_006/DJI_20260908113147_0011_V.MP4,B4,uav-01,V,54.40,2.27,86.62,86.62,2596,2596,2026-09-08 11:33:14.488,2026-09-08 11:33:14.488,1
@raw/04_第四批_20260908_1053_多火点与余热点/02_激光打点与定位验证/01_事后打点候选/无人机01_1581F7K3C251800CYBVP/DJI_202609081117_006/DJI_20260908113147_0011_V.MP4,B4,uav-01,V,54.00,2.25,86.653,86.653,2597,2597,2026-09-08 11:33:14.520,2026-09-08 11:33:14.520,1
@raw/04_第四批_20260908_1053_多火点与余热点/02_激光打点与定位验证/01_事后打点候选/无人机01_1581F7K3C251800CYBVP/DJI_202609081117_006/DJI_20260908113147_0011_V.MP4,B4,uav-01,V,53.70,2.24,86.687,86.687,2598,2598,2026-09-08 11:33:14.552,2026-09-08 11:33:14.552,1
@raw/04_第四批_20260908_1053_多火点与余热点/02_激光打点与定位验证/01_事后打点候选/无人机01_1581F7K3C251800CYBVP/DJI_202609081117_006/DJI_20260908113147_0011_V.MP4,B4,uav-01,V,53.40,2.22,86.72,86.72,2599,2599,2026-09-08 11:33:14.587,2026-09-08 11:33:14.587,1
@raw/04_第四批_20260908_1053_多火点与余热点/02_激光打点与定位验证/01_事后打点候选/无人机01_1581F7K3C251800CYBVP/DJI_202609081117_006/DJI_20260908113147_0011_V.MP4,B4,uav-01,V,53.00,2.21,86.753,86.753,2600,2600,2026-09-08 11:33:14.621,2026-09-08 11:33:14.621,1
@raw/04_第四批_20260908_1053_多火点与余热点/02_激光打点与定位验证/01_事后打点候选/无人机01_1581F7K3C251800CYBVP/DJI_202609081117_006/DJI_20260908113147_0011_V.MP4,B4,uav-01,V,52.70,2.19,86.787,86.787,2601,2601,2026-09-08 11:33:14.654,2026-09-08 11:33:14.654,1
@raw/04_第四批_20260908_1053_多火点与余热点/02_激光打点与定位验证/01_事后打点候选/无人机01_1581F7K3C251800CYBVP/DJI_202609081117_006/DJI_20260908113147_0011_V.MP4,B4,uav-01,V,52.30,2.18,86.82,86.82,2602,2602,2026-09-08 11:33:14.688,2026-09-08 11:33:14.688,1
@raw/04_第四批_20260908_1053_多火点与余热点/02_激光打点与定位验证/01_事后打点候选/无人机01_1581F7K3C251800CYBVP/DJI_202609081117_006/DJI_20260908113147_0011_V.MP4,B4,uav-01,V,52.00,2.17,86.853,86.853,2603,2603,2026-09-08 11:33:14.721,2026-09-08 11:33:14.721,1
@raw/04_第四批_20260908_1053_多火点与余热点/02_激光打点与定位验证/01_事后打点候选/无人机01_1581F7K3C251800CYBVP/DJI_202609081117_006/DJI_20260908113147_0011_V.MP4,B4,uav-01,V,51.70,2.15,86.887,86.887,2604,2604,2026-09-08 11:33:14.754,2026-09-08 11:33:14.754,1
@raw/04_第四批_20260908_1053_多火点与余热点/02_激光打点与定位验证/01_事后打点候选/无人机01_1581F7K3C251800CYBVP/DJI_202609081117_006/DJI_20260908113147_0011_V.MP4,B4,uav-01,V,51.30,2.14,86.92,86.92,2605,2605,2026-09-08 11:33:14.787,2026-09-08 11:33:14.787,1
@raw/04_第四批_20260908_1053_多火点与余热点/02_激光打点与定位验证/01_事后打点候选/无人机01_1581F7K3C251800CYBVP/DJI_202609081117_006/DJI_20260908113147_0011_V.MP4,B4,uav-01,V,51.00,2.12,86.954,90.157,2606,2702,2026-09-08 11:33:14.821,2026-09-08 11:33:18.023,97
@raw/04_第四批_20260908_1053_多火点与余热点/02_激光打点与定位验证/01_事后打点候选/无人机01_1581F7K3C251800CYBVP/DJI_202609081117_006/DJI_20260908113147_0011_V.MP4,B4,uav-01,V,51.30,2.14,90.19,90.19,2703,2703,2026-09-08 11:33:18.055,2026-09-08 11:33:18.055,1
@raw/04_第四批_20260908_1053_多火点与余热点/02_激光打点与定位验证/01_事后打点候选/无人机01_1581F7K3C251800CYBVP/DJI_202609081117_006/DJI_20260908113147_0011_V.MP4,B4,uav-01,V,51.70,2.15,90.223,90.223,2704,2704,2026-09-08 11:33:18.089,2026-09-08 11:33:18.089,1
@raw/04_第四批_20260908_1053_多火点与余热点/02_激光打点与定位验证/01_事后打点候选/无人机01_1581F7K3C251800CYBVP/DJI_202609081117_006/DJI_20260908113147_0011_V.MP4,B4,uav-01,V,52.00,2.17,90.257,90.257,2705,2705,2026-09-08 11:33:18.123,2026-09-08 11:33:18.123,1
@raw/04_第四批_20260908_1053_多火点与余热点/02_激光打点与定位验证/01_事后打点候选/无人机01_1581F7K3C251800CYBVP/DJI_202609081117_006/DJI_20260908113147_0011_V.MP4,B4,uav-01,V,52.30,2.18,90.29,90.29,2706,2706,2026-09-08 11:33:18.156,2026-09-08 11:33:18.156,1
@raw/04_第四批_20260908_1053_多火点与余热点/02_激光打点与定位验证/01_事后打点候选/无人机01_1581F7K3C251800CYBVP/DJI_202609081117_006/DJI_20260908113147_0011_V.MP4,B4,uav-01,V,52.70,2.19,90.324,90.324,2707,2707,2026-09-08 11:33:18.188,2026-09-08 11:33:18.188,1
@raw/04_第四批_20260908_1053_多火点与余热点/02_激光打点与定位验证/01_事后打点候选/无人机01_1581F7K3C251800CYBVP/DJI_202609081117_006/DJI_20260908113147_0011_V.MP4,B4,uav-01,V,53.00,2.21,90.357,90.357,2708,2708,2026-09-08 11:33:18.222,2026-09-08 11:33:18.222,1
@raw/04_第四批_20260908_1053_多火点与余热点/02_激光打点与定位验证/01_事后打点候选/无人机01_1581F7K3C251800CYBVP/DJI_202609081117_006/DJI_20260908113147_0011_V.MP4,B4,uav-01,V,53.40,2.22,90.39,90.39,2709,2709,2026-09-08 11:33:18.256,2026-09-08 11:33:18.256,1
@raw/04_第四批_20260908_1053_多火点与余热点/02_激光打点与定位验证/01_事后打点候选/无人机01_1581F7K3C251800CYBVP/DJI_202609081117_006/DJI_20260908113147_0011_V.MP4,B4,uav-01,V,53.70,2.24,90.424,90.424,2710,2710,2026-09-08 11:33:18.290,2026-09-08 11:33:18.290,1
@raw/04_第四批_20260908_1053_多火点与余热点/02_激光打点与定位验证/01_事后打点候选/无人机01_1581F7K3C251800CYBVP/DJI_202609081117_006/DJI_20260908113147_0011_V.MP4,B4,uav-01,V,54.00,2.25,90.457,90.457,2711,2711,2026-09-08 11:33:18.323,2026-09-08 11:33:18.323,1
@raw/04_第四批_20260908_1053_多火点与余热点/02_激光打点与定位验证/01_事后打点候选/无人机01_1581F7K3C251800CYBVP/DJI_202609081117_006/DJI_20260908113147_0011_V.MP4,B4,uav-01,V,54.40,2.27,90.49,90.49,2712,2712,2026-09-08 11:33:18.357,2026-09-08 11:33:18.357,1
@raw/04_第四批_20260908_1053_多火点与余热点/02_激光打点与定位验证/01_事后打点候选/无人机01_1581F7K3C251800CYBVP/DJI_202609081117_006/DJI_20260908113147_0011_V.MP4,B4,uav-01,V,54.80,2.28,90.524,90.524,2713,2713,2026-09-08 11:33:18.389,2026-09-08 11:33:18.389,1
@raw/04_第四批_20260908_1053_多火点与余热点/02_激光打点与定位验证/01_事后打点候选/无人机01_1581F7K3C251800CYBVP/DJI_202609081117_006/DJI_20260908113147_0011_V.MP4,B4,uav-01,V,55.10,2.30,90.557,90.557,2714,2714,2026-09-08 11:33:18.423,2026-09-08 11:33:18.423,1
@raw/04_第四批_20260908_1053_多火点与余热点/02_激光打点与定位验证/01_事后打点候选/无人机01_1581F7K3C251800CYBVP/DJI_202609081117_006/DJI_20260908113147_0011_V.MP4,B4,uav-01,V,55.50,2.31,90.591,90.591,2715,2715,2026-09-08 11:33:18.455,2026-09-08 11:33:18.455,1
@raw/04_第四批_20260908_1053_多火点与余热点/02_激光打点与定位验证/01_事后打点候选/无人机01_1581F7K3C251800CYBVP/DJI_202609081117_006/DJI_20260908113147_0011_V.MP4,B4,uav-01,V,55.80,2.33,90.624,90.624,2716,2716,2026-09-08 11:33:18.490,2026-09-08 11:33:18.490,1
@raw/04_第四批_20260908_1053_多火点与余热点/02_激光打点与定位验证/01_事后打点候选/无人机01_1581F7K3C251800CYBVP/DJI_202609081117_006/DJI_20260908113147_0011_V.MP4,B4,uav-01,V,56.20,2.34,90.657,90.657,2717,2717,2026-09-08 11:33:18.522,2026-09-08 11:33:18.522,1
@raw/04_第四批_20260908_1053_多火点与余热点/02_激光打点与定位验证/01_事后打点候选/无人机01_1581F7K3C251800CYBVP/DJI_202609081117_006/DJI_20260908113147_0011_V.MP4,B4,uav-01,V,56.50,2.36,90.691,90.691,2718,2718,2026-09-08 11:33:18.556,2026-09-08 11:33:18.556,1
@raw/04_第四批_20260908_1053_多火点与余热点/02_激光打点与定位验证/01_事后打点候选/无人机01_1581F7K3C251800CYBVP/DJI_202609081117_006/DJI_20260908113147_0011_V.MP4,B4,uav-01,V,56.90,2.37,90.724,90.724,2719,2719,2026-09-08 11:33:18.589,2026-09-08 11:33:18.589,1
@raw/04_第四批_20260908_1053_多火点与余热点/02_激光打点与定位验证/01_事后打点候选/无人机01_1581F7K3C251800CYBVP/DJI_202609081117_006/DJI_20260908113147_0011_V.MP4,B4,uav-01,V,57.30,2.39,90.757,90.757,2720,2720,2026-09-08 11:33:18.623,2026-09-08 11:33:18.623,1
@raw/04_第四批_20260908_1053_多火点与余热点/02_激光打点与定位验证/01_事后打点候选/无人机01_1581F7K3C251800CYBVP/DJI_202609081117_006/DJI_20260908113147_0011_V.MP4,B4,uav-01,V,57.70,2.40,90.791,90.791,2721,2721,2026-09-08 11:33:18.656,2026-09-08 11:33:18.656,1
@raw/04_第四批_20260908_1053_多火点与余热点/02_激光打点与定位验证/01_事后打点候选/无人机01_1581F7K3C251800CYBVP/DJI_202609081117_006/DJI_20260908113147_0011_V.MP4,B4,uav-01,V,58.00,2.42,90.824,90.824,2722,2722,2026-09-08 11:33:18.691,2026-09-08 11:33:18.691,1
@raw/04_第四批_20260908_1053_多火点与余热点/02_激光打点与定位验证/01_事后打点候选/无人机01_1581F7K3C251800CYBVP/DJI_202609081117_006/DJI_20260908113147_0011_V.MP4,B4,uav-01,V,58.40,2.43,90.857,90.857,2723,2723,2026-09-08 11:33:18.723,2026-09-08 11:33:18.723,1
@raw/04_第四批_20260908_1053_多火点与余热点/02_激光打点与定位验证/01_事后打点候选/无人机01_1581F7K3C251800CYBVP/DJI_202609081117_006/DJI_20260908113147_0011_V.MP4,B4,uav-01,V,58.80,2.45,90.891,90.891,2724,2724,2026-09-08 11:33:18.757,2026-09-08 11:33:18.757,1
@raw/04_第四批_20260908_1053_多火点与余热点/02_激光打点与定位验证/01_事后打点候选/无人机01_1581F7K3C251800CYBVP/DJI_202609081117_006/DJI_20260908113147_0011_V.MP4,B4,uav-01,V,59.20,2.46,90.924,90.924,2725,2725,2026-09-08 11:33:18.789,2026-09-08 11:33:18.789,1
@raw/04_第四批_20260908_1053_多火点与余热点/02_激光打点与定位验证/01_事后打点候选/无人机01_1581F7K3C251800CYBVP/DJI_202609081117_006/DJI_20260908113147_0011_V.MP4,B4,uav-01,V,59.50,2.48,90.958,90.958,2726,2726,2026-09-08 11:33:18.824,2026-09-08 11:33:18.824,1
@raw/04_第四批_20260908_1053_多火点与余热点/02_激光打点与定位验证/01_事后打点候选/无人机01_1581F7K3C251800CYBVP/DJI_202609081117_006/DJI_20260908113147_0011_V.MP4,B4,uav-01,V,59.90,2.50,90.991,90.991,2727,2727,2026-09-08 11:33:18.856,2026-09-08 11:33:18.856,1
@raw/04_第四批_20260908_1053_多火点与余热点/02_激光打点与定位验证/01_事后打点候选/无人机01_1581F7K3C251800CYBVP/DJI_202609081117_006/DJI_20260908113147_0011_V.MP4,B4,uav-01,V,60.30,2.51,91.024,91.024,2728,2728,2026-09-08 11:33:18.889,2026-09-08 11:33:18.889,1
@raw/04_第四批_20260908_1053_多火点与余热点/02_激光打点与定位验证/01_事后打点候选/无人机01_1581F7K3C251800CYBVP/DJI_202609081117_006/DJI_20260908113147_0011_V.MP4,B4,uav-01,V,60.70,2.53,91.058,91.058,2729,2729,2026-09-08 11:33:18.922,2026-09-08 11:33:18.922,1
@raw/04_第四批_20260908_1053_多火点与余热点/02_激光打点与定位验证/01_事后打点候选/无人机01_1581F7K3C251800CYBVP/DJI_202609081117_006/DJI_20260908113147_0011_V.MP4,B4,uav-01,V,61.10,2.55,91.091,91.091,2730,2730,2026-09-08 11:33:18.957,2026-09-08 11:33:18.957,1
@raw/04_第四批_20260908_1053_多火点与余热点/02_激光打点与定位验证/01_事后打点候选/无人机01_1581F7K3C251800CYBVP/DJI_202609081117_006/DJI_20260908113147_0011_V.MP4,B4,uav-01,V,61.50,2.56,91.124,91.124,2731,2731,2026-09-08 11:33:18.989,2026-09-08 11:33:18.989,1
@raw/04_第四批_20260908_1053_多火点与余热点/02_激光打点与定位验证/01_事后打点候选/无人机01_1581F7K3C251800CYBVP/DJI_202609081117_006/DJI_20260908113147_0011_V.MP4,B4,uav-01,V,61.90,2.58,91.158,91.158,2732,2732,2026-09-08 11:33:19.023,2026-09-08 11:33:19.023,1
@raw/04_第四批_20260908_1053_多火点与余热点/02_激光打点与定位验证/01_事后打点候选/无人机01_1581F7K3C251800CYBVP/DJI_202609081117_006/DJI_20260908113147_0011_V.MP4,B4,uav-01,V,62.30,2.60,91.191,91.191,2733,2733,2026-09-08 11:33:19.056,2026-09-08 11:33:19.056,1
@raw/04_第四批_20260908_1053_多火点与余热点/02_激光打点与定位验证/01_事后打点候选/无人机01_1581F7K3C251800CYBVP/DJI_202609081117_006/DJI_20260908113147_0011_V.MP4,B4,uav-01,V,62.70,2.61,91.224,91.224,2734,2734,2026-09-08 11:33:19.092,2026-09-08 11:33:19.092,1
@raw/04_第四批_20260908_1053_多火点与余热点/02_激光打点与定位验证/01_事后打点候选/无人机01_1581F7K3C251800CYBVP/DJI_202609081117_006/DJI_20260908113147_0011_V.MP4,B4,uav-01,V,63.10,2.63,91.258,91.258,2735,2735,2026-09-08 11:33:19.124,2026-09-08 11:33:19.124,1
@raw/04_第四批_20260908_1053_多火点与余热点/02_激光打点与定位验证/01_事后打点候选/无人机01_1581F7K3C251800CYBVP/DJI_202609081117_006/DJI_20260908113147_0011_V.MP4,B4,uav-01,V,63.50,2.65,91.291,91.291,2736,2736,2026-09-08 11:33:19.157,2026-09-08 11:33:19.157,1
@raw/04_第四批_20260908_1053_多火点与余热点/02_激光打点与定位验证/01_事后打点候选/无人机01_1581F7K3C251800CYBVP/DJI_202609081117_006/DJI_20260908113147_0011_V.MP4,B4,uav-01,V,63.90,2.66,91.325,91.325,2737,2737,2026-09-08 11:33:19.190,2026-09-08 11:33:19.190,1
@raw/04_第四批_20260908_1053_多火点与余热点/02_激光打点与定位验证/01_事后打点候选/无人机01_1581F7K3C251800CYBVP/DJI_202609081117_006/DJI_20260908113147_0011_V.MP4,B4,uav-01,V,64.30,2.68,91.358,91.358,2738,2738,2026-09-08 11:33:19.223,2026-09-08 11:33:19.223,1
@raw/04_第四批_20260908_1053_多火点与余热点/02_激光打点与定位验证/01_事后打点候选/无人机01_1581F7K3C251800CYBVP/DJI_202609081117_006/DJI_20260908113147_0011_V.MP4,B4,uav-01,V,64.80,2.70,91.391,91.391,2739,2739,2026-09-08 11:33:19.257,2026-09-08 11:33:19.257,1
@raw/04_第四批_20260908_1053_多火点与余热点/02_激光打点与定位验证/01_事后打点候选/无人机01_1581F7K3C251800CYBVP/DJI_202609081117_006/DJI_20260908113147_0011_V.MP4,B4,uav-01,V,65.20,2.72,91.425,91.425,2740,2740,2026-09-08 11:33:19.290,2026-09-08 11:33:19.290,1
@raw/04_第四批_20260908_1053_多火点与余热点/02_激光打点与定位验证/01_事后打点候选/无人机01_1581F7K3C251800CYBVP/DJI_202609081117_006/DJI_20260908113147_0011_V.MP4,B4,uav-01,V,65.60,2.73,91.458,91.458,2741,2741,2026-09-08 11:33:19.323,2026-09-08 11:33:19.323,1
@raw/04_第四批_20260908_1053_多火点与余热点/02_激光打点与定位验证/01_事后打点候选/无人机01_1581F7K3C251800CYBVP/DJI_202609081117_006/DJI_20260908113147_0011_V.MP4,B4,uav-01,V,66.00,2.75,91.491,91.491,2742,2742,2026-09-08 11:33:19.357,2026-09-08 11:33:19.357,1
@raw/04_第四批_20260908_1053_多火点与余热点/02_激光打点与定位验证/01_事后打点候选/无人机01_1581F7K3C251800CYBVP/DJI_202609081117_006/DJI_20260908113147_0011_V.MP4,B4,uav-01,V,66.40,2.77,91.525,91.525,2743,2743,2026-09-08 11:33:19.389,2026-09-08 11:33:19.389,1
@raw/04_第四批_20260908_1053_多火点与余热点/02_激光打点与定位验证/01_事后打点候选/无人机01_1581F7K3C251800CYBVP/DJI_202609081117_006/DJI_20260908113147_0011_V.MP4,B4,uav-01,V,66.90,2.79,91.558,91.558,2744,2744,2026-09-08 11:33:19.424,2026-09-08 11:33:19.424,1
@raw/04_第四批_20260908_1053_多火点与余热点/02_激光打点与定位验证/01_事后打点候选/无人机01_1581F7K3C251800CYBVP/DJI_202609081117_006/DJI_20260908113147_0011_V.MP4,B4,uav-01,V,67.30,2.80,91.592,91.592,2745,2745,2026-09-08 11:33:19.457,2026-09-08 11:33:19.457,1
@raw/04_第四批_20260908_1053_多火点与余热点/02_激光打点与定位验证/01_事后打点候选/无人机01_1581F7K3C251800CYBVP/DJI_202609081117_006/DJI_20260908113147_0011_V.MP4,B4,uav-01,V,67.70,2.82,91.625,91.625,2746,2746,2026-09-08 11:33:19.489,2026-09-08 11:33:19.489,1
@raw/04_第四批_20260908_1053_多火点与余热点/02_激光打点与定位验证/01_事后打点候选/无人机01_1581F7K3C251800CYBVP/DJI_202609081117_006/DJI_20260908113147_0011_V.MP4,B4,uav-01,V,68.20,2.84,91.658,91.658,2747,2747,2026-09-08 11:33:19.524,2026-09-08 11:33:19.524,1
@raw/04_第四批_20260908_1053_多火点与余热点/02_激光打点与定位验证/01_事后打点候选/无人机01_1581F7K3C251800CYBVP/DJI_202609081117_006/DJI_20260908113147_0011_V.MP4,B4,uav-01,V,68.60,2.86,91.692,91.692,2748,2748,2026-09-08 11:33:19.558,2026-09-08 11:33:19.558,1
@raw/04_第四批_20260908_1053_多火点与余热点/02_激光打点与定位验证/01_事后打点候选/无人机01_1581F7K3C251800CYBVP/DJI_202609081117_006/DJI_20260908113147_0011_V.MP4,B4,uav-01,V,69.10,2.88,91.725,91.725,2749,2749,2026-09-08 11:33:19.590,2026-09-08 11:33:19.590,1
@raw/04_第四批_20260908_1053_多火点与余热点/02_激光打点与定位验证/01_事后打点候选/无人机01_1581F7K3C251800CYBVP/DJI_202609081117_006/DJI_20260908113147_0011_V.MP4,B4,uav-01,V,69.50,2.90,91.758,91.758,2750,2750,2026-09-08 11:33:19.624,2026-09-08 11:33:19.624,1
@raw/04_第四批_20260908_1053_多火点与余热点/02_激光打点与定位验证/01_事后打点候选/无人机01_1581F7K3C251800CYBVP/DJI_202609081117_006/DJI_20260908113147_0011_V.MP4,B4,uav-01,V,70.00,2.92,91.792,91.792,2751,2751,2026-09-08 11:33:19.656,2026-09-08 11:33:19.656,1
@raw/04_第四批_20260908_1053_多火点与余热点/02_激光打点与定位验证/01_事后打点候选/无人机01_1581F7K3C251800CYBVP/DJI_202609081117_006/DJI_20260908113147_0011_V.MP4,B4,uav-01,V,70.40,2.93,91.825,91.825,2752,2752,2026-09-08 11:33:19.693,2026-09-08 11:33:19.693,1
@raw/04_第四批_20260908_1053_多火点与余热点/02_激光打点与定位验证/01_事后打点候选/无人机01_1581F7K3C251800CYBVP/DJI_202609081117_006/DJI_20260908113147_0011_V.MP4,B4,uav-01,V,70.80,2.95,91.858,92.659,2753,2777,2026-09-08 11:33:19.723,2026-09-08 11:33:20.524,25
@raw/04_第四批_20260908_1053_多火点与余热点/02_激光打点与定位验证/01_事后打点候选/无人机01_1581F7K3C251800CYBVP/DJI_202609081117_006/DJI_20260908113147_0011_V.MP4,B4,uav-01,V,71.30,2.97,92.693,92.693,2778,2778,2026-09-08 11:33:20.557,2026-09-08 11:33:20.557,1
@raw/04_第四批_20260908_1053_多火点与余热点/02_激光打点与定位验证/01_事后打点候选/无人机01_1581F7K3C251800CYBVP/DJI_202609081117_006/DJI_20260908113147_0011_V.MP4,B4,uav-01,V,71.70,2.99,92.726,92.726,2779,2779,2026-09-08 11:33:20.591,2026-09-08 11:33:20.591,1
@raw/04_第四批_20260908_1053_多火点与余热点/02_激光打点与定位验证/01_事后打点候选/无人机01_1581F7K3C251800CYBVP/DJI_202609081117_006/DJI_20260908113147_0011_V.MP4,B4,uav-01,V,72.20,3.01,92.759,92.759,2780,2780,2026-09-08 11:33:20.625,2026-09-08 11:33:20.625,1
@raw/04_第四批_20260908_1053_多火点与余热点/02_激光打点与定位验证/01_事后打点候选/无人机01_1581F7K3C251800CYBVP/DJI_202609081117_006/DJI_20260908113147_0011_V.MP4,B4,uav-01,V,72.70,3.03,92.793,92.793,2781,2781,2026-09-08 11:33:20.658,2026-09-08 11:33:20.658,1
@raw/04_第四批_20260908_1053_多火点与余热点/02_激光打点与定位验证/01_事后打点候选/无人机01_1581F7K3C251800CYBVP/DJI_202609081117_006/DJI_20260908113147_0011_V.MP4,B4,uav-01,V,73.10,3.05,92.826,92.826,2782,2782,2026-09-08 11:33:20.693,2026-09-08 11:33:20.693,1
@raw/04_第四批_20260908_1053_多火点与余热点/02_激光打点与定位验证/01_事后打点候选/无人机01_1581F7K3C251800CYBVP/DJI_202609081117_006/DJI_20260908113147_0011_V.MP4,B4,uav-01,V,73.60,3.07,92.859,92.859,2783,2783,2026-09-08 11:33:20.724,2026-09-08 11:33:20.724,1
@raw/04_第四批_20260908_1053_多火点与余热点/02_激光打点与定位验证/01_事后打点候选/无人机01_1581F7K3C251800CYBVP/DJI_202609081117_006/DJI_20260908113147_0011_V.MP4,B4,uav-01,V,74.10,3.09,92.893,92.893,2784,2784,2026-09-08 11:33:20.760,2026-09-08 11:33:20.760,1
@raw/04_第四批_20260908_1053_多火点与余热点/02_激光打点与定位验证/01_事后打点候选/无人机01_1581F7K3C251800CYBVP/DJI_202609081117_006/DJI_20260908113147_0011_V.MP4,B4,uav-01,V,74.60,3.11,92.926,92.926,2785,2785,2026-09-08 11:33:20.793,2026-09-08 11:33:20.793,1
@raw/04_第四批_20260908_1053_多火点与余热点/02_激光打点与定位验证/01_事后打点候选/无人机01_1581F7K3C251800CYBVP/DJI_202609081117_006/DJI_20260908113147_0011_V.MP4,B4,uav-01,V,75.00,3.13,92.96,92.96,2786,2786,2026-09-08 11:33:20.824,2026-09-08 11:33:20.824,1
@raw/04_第四批_20260908_1053_多火点与余热点/02_激光打点与定位验证/01_事后打点候选/无人机01_1581F7K3C251800CYBVP/DJI_202609081117_006/DJI_20260908113147_0011_V.MP4,B4,uav-01,V,75.50,3.15,92.993,92.993,2787,2787,2026-09-08 11:33:20.858,2026-09-08 11:33:20.858,1
@raw/04_第四批_20260908_1053_多火点与余热点/02_激光打点与定位验证/01_事后打点候选/无人机01_1581F7K3C251800CYBVP/DJI_202609081117_006/DJI_20260908113147_0011_V.MP4,B4,uav-01,V,76.00,3.17,93.026,93.026,2788,2788,2026-09-08 11:33:20.891,2026-09-08 11:33:20.891,1
@raw/04_第四批_20260908_1053_多火点与余热点/02_激光打点与定位验证/01_事后打点候选/无人机01_1581F7K3C251800CYBVP/DJI_202609081117_006/DJI_20260908113147_0011_V.MP4,B4,uav-01,V,76.50,3.19,93.06,93.06,2789,2789,2026-09-08 11:33:20.925,2026-09-08 11:33:20.925,1
@raw/04_第四批_20260908_1053_多火点与余热点/02_激光打点与定位验证/01_事后打点候选/无人机01_1581F7K3C251800CYBVP/DJI_202609081117_006/DJI_20260908113147_0011_V.MP4,B4,uav-01,V,77.00,3.21,93.093,93.093,2790,2790,2026-09-08 11:33:20.958,2026-09-08 11:33:20.958,1
@raw/04_第四批_20260908_1053_多火点与余热点/02_激光打点与定位验证/01_事后打点候选/无人机01_1581F7K3C251800CYBVP/DJI_202609081117_006/DJI_20260908113147_0011_V.MP4,B4,uav-01,V,77.50,3.23,93.126,93.126,2791,2791,2026-09-08 11:33:20.991,2026-09-08 11:33:20.991,1
@raw/04_第四批_20260908_1053_多火点与余热点/02_激光打点与定位验证/01_事后打点候选/无人机01_1581F7K3C251800CYBVP/DJI_202609081117_006/DJI_20260908113147_0011_V.MP4,B4,uav-01,V,78.10,3.25,93.16,93.16,2792,2792,2026-09-08 11:33:21.025,2026-09-08 11:33:21.025,1
@raw/04_第四批_20260908_1053_多火点与余热点/02_激光打点与定位验证/01_事后打点候选/无人机01_1581F7K3C251800CYBVP/DJI_202609081117_006/DJI_20260908113147_0011_V.MP4,B4,uav-01,V,78.70,3.28,93.193,93.193,2793,2793,2026-09-08 11:33:21.059,2026-09-08 11:33:21.059,1
@raw/04_第四批_20260908_1053_多火点与余热点/02_激光打点与定位验证/01_事后打点候选/无人机01_1581F7K3C251800CYBVP/DJI_202609081117_006/DJI_20260908113147_0011_V.MP4,B4,uav-01,V,79.30,3.30,93.226,93.226,2794,2794,2026-09-08 11:33:21.091,2026-09-08 11:33:21.091,1
@raw/04_第四批_20260908_1053_多火点与余热点/02_激光打点与定位验证/01_事后打点候选/无人机01_1581F7K3C251800CYBVP/DJI_202609081117_006/DJI_20260908113147_0011_V.MP4,B4,uav-01,V,79.90,3.33,93.26,93.26,2795,2795,2026-09-08 11:33:21.125,2026-09-08 11:33:21.125,1
@raw/04_第四批_20260908_1053_多火点与余热点/02_激光打点与定位验证/01_事后打点候选/无人机01_1581F7K3C251800CYBVP/DJI_202609081117_006/DJI_20260908113147_0011_V.MP4,B4,uav-01,V,80.50,3.35,93.293,93.293,2796,2796,2026-09-08 11:33:21.160,2026-09-08 11:33:21.160,1
@raw/04_第四批_20260908_1053_多火点与余热点/02_激光打点与定位验证/01_事后打点候选/无人机01_1581F7K3C251800CYBVP/DJI_202609081117_006/DJI_20260908113147_0011_V.MP4,B4,uav-01,V,81.10,3.38,93.327,93.327,2797,2797,2026-09-08 11:33:21.192,2026-09-08 11:33:21.192,1
@raw/04_第四批_20260908_1053_多火点与余热点/02_激光打点与定位验证/01_事后打点候选/无人机01_1581F7K3C251800CYBVP/DJI_202609081117_006/DJI_20260908113147_0011_V.MP4,B4,uav-01,V,81.20,1.16,93.46,93.46,2798,2798,2026-09-08 11:33:21.369,2026-09-08 11:33:21.369,1
@raw/04_第四批_20260908_1053_多火点与余热点/02_激光打点与定位验证/01_事后打点候选/无人机01_1581F7K3C251800CYBVP/DJI_202609081117_006/DJI_20260908113147_0011_V.MP4,B4,uav-01,V,81.80,1.17,93.493,93.493,2799,2799,2026-09-08 11:33:21.402,2026-09-08 11:33:21.402,1
@raw/04_第四批_20260908_1053_多火点与余热点/02_激光打点与定位验证/01_事后打点候选/无人机01_1581F7K3C251800CYBVP/DJI_202609081117_006/DJI_20260908113147_0011_V.MP4,B4,uav-01,V,82.40,1.18,93.527,93.527,2800,2800,2026-09-08 11:33:21.435,2026-09-08 11:33:21.435,1
@raw/04_第四批_20260908_1053_多火点与余热点/02_激光打点与定位验证/01_事后打点候选/无人机01_1581F7K3C251800CYBVP/DJI_202609081117_006/DJI_20260908113147_0011_V.MP4,B4,uav-01,V,83.00,1.19,93.56,93.56,2801,2801,2026-09-08 11:33:21.468,2026-09-08 11:33:21.468,1
@raw/04_第四批_20260908_1053_多火点与余热点/02_激光打点与定位验证/01_事后打点候选/无人机01_1581F7K3C251800CYBVP/DJI_202609081117_006/DJI_20260908113147_0011_V.MP4,B4,uav-01,V,83.70,1.20,93.594,93.594,2802,2802,2026-09-08 11:33:21.502,2026-09-08 11:33:21.502,1
@raw/04_第四批_20260908_1053_多火点与余热点/02_激光打点与定位验证/01_事后打点候选/无人机01_1581F7K3C251800CYBVP/DJI_202609081117_006/DJI_20260908113147_0011_V.MP4,B4,uav-01,V,84.20,1.20,93.627,93.627,2803,2803,2026-09-08 11:33:21.536,2026-09-08 11:33:21.536,1
@raw/04_第四批_20260908_1053_多火点与余热点/02_激光打点与定位验证/01_事后打点候选/无人机01_1581F7K3C251800CYBVP/DJI_202609081117_006/DJI_20260908113147_0011_V.MP4,B4,uav-01,V,84.80,1.21,93.66,93.66,2804,2804,2026-09-08 11:33:21.569,2026-09-08 11:33:21.569,1
@raw/04_第四批_20260908_1053_多火点与余热点/02_激光打点与定位验证/01_事后打点候选/无人机01_1581F7K3C251800CYBVP/DJI_202609081117_006/DJI_20260908113147_0011_V.MP4,B4,uav-01,V,85.30,1.22,93.694,93.694,2805,2805,2026-09-08 11:33:21.602,2026-09-08 11:33:21.602,1
@raw/04_第四批_20260908_1053_多火点与余热点/02_激光打点与定位验证/01_事后打点候选/无人机01_1581F7K3C251800CYBVP/DJI_202609081117_006/DJI_20260908113147_0011_V.MP4,B4,uav-01,V,85.90,1.23,93.727,93.727,2806,2806,2026-09-08 11:33:21.636,2026-09-08 11:33:21.636,1
@raw/04_第四批_20260908_1053_多火点与余热点/02_激光打点与定位验证/01_事后打点候选/无人机01_1581F7K3C251800CYBVP/DJI_202609081117_006/DJI_20260908113147_0011_V.MP4,B4,uav-01,V,86.50,1.24,93.76,93.76,2807,2807,2026-09-08 11:33:21.669,2026-09-08 11:33:21.669,1
@raw/04_第四批_20260908_1053_多火点与余热点/02_激光打点与定位验证/01_事后打点候选/无人机01_1581F7K3C251800CYBVP/DJI_202609081117_006/DJI_20260908113147_0011_V.MP4,B4,uav-01,V,87.20,1.25,93.794,93.794,2808,2808,2026-09-08 11:33:21.702,2026-09-08 11:33:21.702,1
@raw/04_第四批_20260908_1053_多火点与余热点/02_激光打点与定位验证/01_事后打点候选/无人机01_1581F7K3C251800CYBVP/DJI_202609081117_006/DJI_20260908113147_0011_V.MP4,B4,uav-01,V,87.80,1.25,93.827,93.827,2809,2809,2026-09-08 11:33:21.736,2026-09-08 11:33:21.736,1
@raw/04_第四批_20260908_1053_多火点与余热点/02_激光打点与定位验证/01_事后打点候选/无人机01_1581F7K3C251800CYBVP/DJI_202609081117_006/DJI_20260908113147_0011_V.MP4,B4,uav-01,V,88.50,1.26,93.86,93.86,2810,2810,2026-09-08 11:33:21.771,2026-09-08 11:33:21.771,1
@raw/04_第四批_20260908_1053_多火点与余热点/02_激光打点与定位验证/01_事后打点候选/无人机01_1581F7K3C251800CYBVP/DJI_202609081117_006/DJI_20260908113147_0011_V.MP4,B4,uav-01,V,89.10,1.27,93.894,93.894,2811,2811,2026-09-08 11:33:21.804,2026-09-08 11:33:21.804,1
@raw/04_第四批_20260908_1053_多火点与余热点/02_激光打点与定位验证/01_事后打点候选/无人机01_1581F7K3C251800CYBVP/DJI_202609081117_006/DJI_20260908113147_0011_V.MP4,B4,uav-01,V,89.80,1.28,93.927,93.927,2812,2812,2026-09-08 11:33:21.836,2026-09-08 11:33:21.836,1
@raw/04_第四批_20260908_1053_多火点与余热点/02_激光打点与定位验证/01_事后打点候选/无人机01_1581F7K3C251800CYBVP/DJI_202609081117_006/DJI_20260908113147_0011_V.MP4,B4,uav-01,V,90.50,1.29,93.961,93.961,2813,2813,2026-09-08 11:33:21.871,2026-09-08 11:33:21.871,1
@raw/04_第四批_20260908_1053_多火点与余热点/02_激光打点与定位验证/01_事后打点候选/无人机01_1581F7K3C251800CYBVP/DJI_202609081117_006/DJI_20260908113147_0011_V.MP4,B4,uav-01,V,91.20,1.30,93.994,93.994,2814,2814,2026-09-08 11:33:21.903,2026-09-08 11:33:21.903,1
@raw/04_第四批_20260908_1053_多火点与余热点/02_激光打点与定位验证/01_事后打点候选/无人机01_1581F7K3C251800CYBVP/DJI_202609081117_006/DJI_20260908113147_0011_V.MP4,B4,uav-01,V,91.80,1.31,94.027,94.027,2815,2815,2026-09-08 11:33:21.936,2026-09-08 11:33:21.936,1
@raw/04_第四批_20260908_1053_多火点与余热点/02_激光打点与定位验证/01_事后打点候选/无人机01_1581F7K3C251800CYBVP/DJI_202609081117_006/DJI_20260908113147_0011_V.MP4,B4,uav-01,V,92.40,1.32,94.061,94.061,2816,2816,2026-09-08 11:33:21.969,2026-09-08 11:33:21.969,1
@raw/04_第四批_20260908_1053_多火点与余热点/02_激光打点与定位验证/01_事后打点候选/无人机01_1581F7K3C251800CYBVP/DJI_202609081117_006/DJI_20260908113147_0011_V.MP4,B4,uav-01,V,93.00,1.33,94.094,94.094,2817,2817,2026-09-08 11:33:22.004,2026-09-08 11:33:22.004,1
@raw/04_第四批_20260908_1053_多火点与余热点/02_激光打点与定位验证/01_事后打点候选/无人机01_1581F7K3C251800CYBVP/DJI_202609081117_006/DJI_20260908113147_0011_V.MP4,B4,uav-01,V,93.60,1.34,94.127,94.127,2818,2818,2026-09-08 11:33:22.037,2026-09-08 11:33:22.037,1
@raw/04_第四批_20260908_1053_多火点与余热点/02_激光打点与定位验证/01_事后打点候选/无人机01_1581F7K3C251800CYBVP/DJI_202609081117_006/DJI_20260908113147_0011_V.MP4,B4,uav-01,V,94.20,1.35,94.161,94.161,2819,2819,2026-09-08 11:33:22.069,2026-09-08 11:33:22.069,1
@raw/04_第四批_20260908_1053_多火点与余热点/02_激光打点与定位验证/01_事后打点候选/无人机01_1581F7K3C251800CYBVP/DJI_202609081117_006/DJI_20260908113147_0011_V.MP4,B4,uav-01,V,94.90,1.36,94.194,94.194,2820,2820,2026-09-08 11:33:22.103,2026-09-08 11:33:22.103,1
@raw/04_第四批_20260908_1053_多火点与余热点/02_激光打点与定位验证/01_事后打点候选/无人机01_1581F7K3C251800CYBVP/DJI_202609081117_006/DJI_20260908113147_0011_V.MP4,B4,uav-01,V,95.50,1.36,94.227,94.227,2821,2821,2026-09-08 11:33:22.136,2026-09-08 11:33:22.136,1
@raw/04_第四批_20260908_1053_多火点与余热点/02_激光打点与定位验证/01_事后打点候选/无人机01_1581F7K3C251800CYBVP/DJI_202609081117_006/DJI_20260908113147_0011_V.MP4,B4,uav-01,V,96.10,1.37,94.261,94.261,2822,2822,2026-09-08 11:33:22.169,2026-09-08 11:33:22.169,1
@raw/04_第四批_20260908_1053_多火点与余热点/02_激光打点与定位验证/01_事后打点候选/无人机01_1581F7K3C251800CYBVP/DJI_202609081117_006/DJI_20260908113147_0011_V.MP4,B4,uav-01,V,96.70,1.38,94.294,94.294,2823,2823,2026-09-08 11:33:22.203,2026-09-08 11:33:22.203,1
@raw/04_第四批_20260908_1053_多火点与余热点/02_激光打点与定位验证/01_事后打点候选/无人机01_1581F7K3C251800CYBVP/DJI_202609081117_006/DJI_20260908113147_0011_V.MP4,B4,uav-01,V,97.30,1.39,94.328,94.328,2824,2824,2026-09-08 11:33:22.236,2026-09-08 11:33:22.236,1
@raw/04_第四批_20260908_1053_多火点与余热点/02_激光打点与定位验证/01_事后打点候选/无人机01_1581F7K3C251800CYBVP/DJI_202609081117_006/DJI_20260908113147_0011_V.MP4,B4,uav-01,V,98.00,1.40,94.361,94.361,2825,2825,2026-09-08 11:33:22.269,2026-09-08 11:33:22.269,1
@raw/04_第四批_20260908_1053_多火点与余热点/02_激光打点与定位验证/01_事后打点候选/无人机01_1581F7K3C251800CYBVP/DJI_202609081117_006/DJI_20260908113147_0011_V.MP4,B4,uav-01,V,98.60,1.41,94.394,94.394,2826,2826,2026-09-08 11:33:22.302,2026-09-08 11:33:22.302,1
@raw/04_第四批_20260908_1053_多火点与余热点/02_激光打点与定位验证/01_事后打点候选/无人机01_1581F7K3C251800CYBVP/DJI_202609081117_006/DJI_20260908113147_0011_V.MP4,B4,uav-01,V,99.20,1.42,94.428,94.428,2827,2827,2026-09-08 11:33:22.337,2026-09-08 11:33:22.337,1
@raw/04_第四批_20260908_1053_多火点与余热点/02_激光打点与定位验证/01_事后打点候选/无人机01_1581F7K3C251800CYBVP/DJI_202609081117_006/DJI_20260908113147_0011_V.MP4,B4,uav-01,V,99.90,1.43,94.461,94.461,2828,2828,2026-09-08 11:33:22.370,2026-09-08 11:33:22.370,1
@raw/04_第四批_20260908_1053_多火点与余热点/02_激光打点与定位验证/01_事后打点候选/无人机01_1581F7K3C251800CYBVP/DJI_202609081117_006/DJI_20260908113147_0011_V.MP4,B4,uav-01,V,100.50,1.44,94.494,94.494,2829,2829,2026-09-08 11:33:22.404,2026-09-08 11:33:22.404,1
@raw/04_第四批_20260908_1053_多火点与余热点/02_激光打点与定位验证/01_事后打点候选/无人机01_1581F7K3C251800CYBVP/DJI_202609081117_006/DJI_20260908113147_0011_V.MP4,B4,uav-01,V,101.20,1.45,94.528,94.528,2830,2830,2026-09-08 11:33:22.437,2026-09-08 11:33:22.437,1
@raw/04_第四批_20260908_1053_多火点与余热点/02_激光打点与定位验证/01_事后打点候选/无人机01_1581F7K3C251800CYBVP/DJI_202609081117_006/DJI_20260908113147_0011_V.MP4,B4,uav-01,V,101.80,1.45,94.561,94.561,2831,2831,2026-09-08 11:33:22.469,2026-09-08 11:33:22.469,1
@raw/04_第四批_20260908_1053_多火点与余热点/02_激光打点与定位验证/01_事后打点候选/无人机01_1581F7K3C251800CYBVP/DJI_202609081117_006/DJI_20260908113147_0011_V.MP4,B4,uav-01,V,102.50,1.46,94.595,94.595,2832,2832,2026-09-08 11:33:22.502,2026-09-08 11:33:22.502,1
@raw/04_第四批_20260908_1053_多火点与余热点/02_激光打点与定位验证/01_事后打点候选/无人机01_1581F7K3C251800CYBVP/DJI_202609081117_006/DJI_20260908113147_0011_V.MP4,B4,uav-01,V,103.20,1.47,94.628,94.628,2833,2833,2026-09-08 11:33:22.537,2026-09-08 11:33:22.537,1
@raw/04_第四批_20260908_1053_多火点与余热点/02_激光打点与定位验证/01_事后打点候选/无人机01_1581F7K3C251800CYBVP/DJI_202609081117_006/DJI_20260908113147_0011_V.MP4,B4,uav-01,V,103.80,1.48,94.661,94.661,2834,2834,2026-09-08 11:33:22.570,2026-09-08 11:33:22.570,1
@raw/04_第四批_20260908_1053_多火点与余热点/02_激光打点与定位验证/01_事后打点候选/无人机01_1581F7K3C251800CYBVP/DJI_202609081117_006/DJI_20260908113147_0011_V.MP4,B4,uav-01,V,104.50,1.49,94.695,94.695,2835,2835,2026-09-08 11:33:22.603,2026-09-08 11:33:22.603,1
@raw/04_第四批_20260908_1053_多火点与余热点/02_激光打点与定位验证/01_事后打点候选/无人机01_1581F7K3C251800CYBVP/DJI_202609081117_006/DJI_20260908113147_0011_V.MP4,B4,uav-01,V,105.20,1.50,94.728,94.728,2836,2836,2026-09-08 11:33:22.636,2026-09-08 11:33:22.636,1
@raw/04_第四批_20260908_1053_多火点与余热点/02_激光打点与定位验证/01_事后打点候选/无人机01_1581F7K3C251800CYBVP/DJI_202609081117_006/DJI_20260908113147_0011_V.MP4,B4,uav-01,V,105.90,1.51,94.761,94.761,2837,2837,2026-09-08 11:33:22.669,2026-09-08 11:33:22.669,1
@raw/04_第四批_20260908_1053_多火点与余热点/02_激光打点与定位验证/01_事后打点候选/无人机01_1581F7K3C251800CYBVP/DJI_202609081117_006/DJI_20260908113147_0011_V.MP4,B4,uav-01,V,106.50,1.52,94.795,94.795,2838,2838,2026-09-08 11:33:22.704,2026-09-08 11:33:22.704,1
@raw/04_第四批_20260908_1053_多火点与余热点/02_激光打点与定位验证/01_事后打点候选/无人机01_1581F7K3C251800CYBVP/DJI_202609081117_006/DJI_20260908113147_0011_V.MP4,B4,uav-01,V,107.20,1.53,94.828,94.828,2839,2839,2026-09-08 11:33:22.737,2026-09-08 11:33:22.737,1
@raw/04_第四批_20260908_1053_多火点与余热点/02_激光打点与定位验证/01_事后打点候选/无人机01_1581F7K3C251800CYBVP/DJI_202609081117_006/DJI_20260908113147_0011_V.MP4,B4,uav-01,V,107.90,1.54,94.861,94.861,2840,2840,2026-09-08 11:33:22.770,2026-09-08 11:33:22.770,1
@raw/04_第四批_20260908_1053_多火点与余热点/02_激光打点与定位验证/01_事后打点候选/无人机01_1581F7K3C251800CYBVP/DJI_202609081117_006/DJI_20260908113147_0011_V.MP4,B4,uav-01,V,108.60,1.55,94.895,94.895,2841,2841,2026-09-08 11:33:22.803,2026-09-08 11:33:22.803,1
@raw/04_第四批_20260908_1053_多火点与余热点/02_激光打点与定位验证/01_事后打点候选/无人机01_1581F7K3C251800CYBVP/DJI_202609081117_006/DJI_20260908113147_0011_V.MP4,B4,uav-01,V,109.30,1.56,94.928,94.928,2842,2842,2026-09-08 11:33:22.836,2026-09-08 11:33:22.836,1
@raw/04_第四批_20260908_1053_多火点与余热点/02_激光打点与定位验证/01_事后打点候选/无人机01_1581F7K3C251800CYBVP/DJI_202609081117_006/DJI_20260908113147_0011_V.MP4,B4,uav-01,V,110.00,1.57,94.962,94.962,2843,2843,2026-09-08 11:33:22.869,2026-09-08 11:33:22.869,1
@raw/04_第四批_20260908_1053_多火点与余热点/02_激光打点与定位验证/01_事后打点候选/无人机01_1581F7K3C251800CYBVP/DJI_202609081117_006/DJI_20260908113147_0011_V.MP4,B4,uav-01,V,110.70,1.58,94.995,94.995,2844,2844,2026-09-08 11:33:22.903,2026-09-08 11:33:22.903,1
@raw/04_第四批_20260908_1053_多火点与余热点/02_激光打点与定位验证/01_事后打点候选/无人机01_1581F7K3C251800CYBVP/DJI_202609081117_006/DJI_20260908113147_0011_V.MP4,B4,uav-01,V,111.50,1.59,95.028,95.028,2845,2845,2026-09-08 11:33:22.938,2026-09-08 11:33:22.938,1
@raw/04_第四批_20260908_1053_多火点与余热点/02_激光打点与定位验证/01_事后打点候选/无人机01_1581F7K3C251800CYBVP/DJI_202609081117_006/DJI_20260908113147_0011_V.MP4,B4,uav-01,V,112.20,1.60,95.062,95.062,2846,2846,2026-09-08 11:33:22.970,2026-09-08 11:33:22.970,1
@raw/04_第四批_20260908_1053_多火点与余热点/02_激光打点与定位验证/01_事后打点候选/无人机01_1581F7K3C251800CYBVP/DJI_202609081117_006/DJI_20260908113147_0011_V.MP4,B4,uav-01,V,112.90,1.61,95.095,95.095,2847,2847,2026-09-08 11:33:23.003,2026-09-08 11:33:23.003,1
@raw/04_第四批_20260908_1053_多火点与余热点/02_激光打点与定位验证/01_事后打点候选/无人机01_1581F7K3C251800CYBVP/DJI_202609081117_006/DJI_20260908113147_0011_V.MP4,B4,uav-01,V,113.60,1.62,95.128,95.128,2848,2848,2026-09-08 11:33:23.037,2026-09-08 11:33:23.037,1
@raw/04_第四批_20260908_1053_多火点与余热点/02_激光打点与定位验证/01_事后打点候选/无人机01_1581F7K3C251800CYBVP/DJI_202609081117_006/DJI_20260908113147_0011_V.MP4,B4,uav-01,V,114.40,1.63,95.162,95.162,2849,2849,2026-09-08 11:33:23.072,2026-09-08 11:33:23.072,1
@raw/04_第四批_20260908_1053_多火点与余热点/02_激光打点与定位验证/01_事后打点候选/无人机01_1581F7K3C251800CYBVP/DJI_202609081117_006/DJI_20260908113147_0011_V.MP4,B4,uav-01,V,115.10,1.64,95.195,95.195,2850,2850,2026-09-08 11:33:23.104,2026-09-08 11:33:23.104,1
@raw/04_第四批_20260908_1053_多火点与余热点/02_激光打点与定位验证/01_事后打点候选/无人机01_1581F7K3C251800CYBVP/DJI_202609081117_006/DJI_20260908113147_0011_V.MP4,B4,uav-01,V,115.90,1.66,95.228,95.228,2851,2851,2026-09-08 11:33:23.137,2026-09-08 11:33:23.137,1
@raw/04_第四批_20260908_1053_多火点与余热点/02_激光打点与定位验证/01_事后打点候选/无人机01_1581F7K3C251800CYBVP/DJI_202609081117_006/DJI_20260908113147_0011_V.MP4,B4,uav-01,V,116.60,1.67,95.262,95.262,2852,2852,2026-09-08 11:33:23.170,2026-09-08 11:33:23.170,1
@raw/04_第四批_20260908_1053_多火点与余热点/02_激光打点与定位验证/01_事后打点候选/无人机01_1581F7K3C251800CYBVP/DJI_202609081117_006/DJI_20260908113147_0011_V.MP4,B4,uav-01,V,117.40,1.68,95.295,95.295,2853,2853,2026-09-08 11:33:23.204,2026-09-08 11:33:23.204,1
@raw/04_第四批_20260908_1053_多火点与余热点/02_激光打点与定位验证/01_事后打点候选/无人机01_1581F7K3C251800CYBVP/DJI_202609081117_006/DJI_20260908113147_0011_V.MP4,B4,uav-01,V,118.10,1.69,95.329,95.329,2854,2854,2026-09-08 11:33:23.237,2026-09-08 11:33:23.237,1
@raw/04_第四批_20260908_1053_多火点与余热点/02_激光打点与定位验证/01_事后打点候选/无人机01_1581F7K3C251800CYBVP/DJI_202609081117_006/DJI_20260908113147_0011_V.MP4,B4,uav-01,V,118.90,1.70,95.362,95.362,2855,2855,2026-09-08 11:33:23.270,2026-09-08 11:33:23.270,1
@raw/04_第四批_20260908_1053_多火点与余热点/02_激光打点与定位验证/01_事后打点候选/无人机01_1581F7K3C251800CYBVP/DJI_202609081117_006/DJI_20260908113147_0011_V.MP4,B4,uav-01,V,119.70,1.71,95.395,95.395,2856,2856,2026-09-08 11:33:23.304,2026-09-08 11:33:23.304,1
@raw/04_第四批_20260908_1053_多火点与余热点/02_激光打点与定位验证/01_事后打点候选/无人机01_1581F7K3C251800CYBVP/DJI_202609081117_006/DJI_20260908113147_0011_V.MP4,B4,uav-01,V,120.40,1.72,95.429,95.429,2857,2857,2026-09-08 11:33:23.337,2026-09-08 11:33:23.337,1
@raw/04_第四批_20260908_1053_多火点与余热点/02_激光打点与定位验证/01_事后打点候选/无人机01_1581F7K3C251800CYBVP/DJI_202609081117_006/DJI_20260908113147_0011_V.MP4,B4,uav-01,V,121.20,1.73,95.462,95.462,2858,2858,2026-09-08 11:33:23.371,2026-09-08 11:33:23.371,1
@raw/04_第四批_20260908_1053_多火点与余热点/02_激光打点与定位验证/01_事后打点候选/无人机01_1581F7K3C251800CYBVP/DJI_202609081117_006/DJI_20260908113147_0011_V.MP4,B4,uav-01,V,122.00,1.74,95.495,95.495,2859,2859,2026-09-08 11:33:23.404,2026-09-08 11:33:23.404,1
@raw/04_第四批_20260908_1053_多火点与余热点/02_激光打点与定位验证/01_事后打点候选/无人机01_1581F7K3C251800CYBVP/DJI_202609081117_006/DJI_20260908113147_0011_V.MP4,B4,uav-01,V,122.80,1.75,95.529,95.529,2860,2860,2026-09-08 11:33:23.438,2026-09-08 11:33:23.438,1
@raw/04_第四批_20260908_1053_多火点与余热点/02_激光打点与定位验证/01_事后打点候选/无人机01_1581F7K3C251800CYBVP/DJI_202609081117_006/DJI_20260908113147_0011_V.MP4,B4,uav-01,V,123.60,1.77,95.562,95.562,2861,2861,2026-09-08 11:33:23.472,2026-09-08 11:33:23.472,1
@raw/04_第四批_20260908_1053_多火点与余热点/02_激光打点与定位验证/01_事后打点候选/无人机01_1581F7K3C251800CYBVP/DJI_202609081117_006/DJI_20260908113147_0011_V.MP4,B4,uav-01,V,124.40,1.78,95.596,95.596,2862,2862,2026-09-08 11:33:23.504,2026-09-08 11:33:23.504,1
@raw/04_第四批_20260908_1053_多火点与余热点/02_激光打点与定位验证/01_事后打点候选/无人机01_1581F7K3C251800CYBVP/DJI_202609081117_006/DJI_20260908113147_0011_V.MP4,B4,uav-01,V,125.20,1.79,95.629,95.629,2863,2863,2026-09-08 11:33:23.537,2026-09-08 11:33:23.537,1
@raw/04_第四批_20260908_1053_多火点与余热点/02_激光打点与定位验证/01_事后打点候选/无人机01_1581F7K3C251800CYBVP/DJI_202609081117_006/DJI_20260908113147_0011_V.MP4,B4,uav-01,V,126.00,1.80,95.662,95.662,2864,2864,2026-09-08 11:33:23.571,2026-09-08 11:33:23.571,1
@raw/04_第四批_20260908_1053_多火点与余热点/02_激光打点与定位验证/01_事后打点候选/无人机01_1581F7K3C251800CYBVP/DJI_202609081117_006/DJI_20260908113147_0011_V.MP4,B4,uav-01,V,126.80,1.81,95.696,95.696,2865,2865,2026-09-08 11:33:23.604,2026-09-08 11:33:23.604,1
@raw/04_第四批_20260908_1053_多火点与余热点/02_激光打点与定位验证/01_事后打点候选/无人机01_1581F7K3C251800CYBVP/DJI_202609081117_006/DJI_20260908113147_0011_V.MP4,B4,uav-01,V,127.60,1.82,95.729,95.729,2866,2866,2026-09-08 11:33:23.637,2026-09-08 11:33:23.637,1
@raw/04_第四批_20260908_1053_多火点与余热点/02_激光打点与定位验证/01_事后打点候选/无人机01_1581F7K3C251800CYBVP/DJI_202609081117_006/DJI_20260908113147_0011_V.MP4,B4,uav-01,V,128.50,1.84,95.762,95.762,2867,2867,2026-09-08 11:33:23.670,2026-09-08 11:33:23.670,1
@raw/04_第四批_20260908_1053_多火点与余热点/02_激光打点与定位验证/01_事后打点候选/无人机01_1581F7K3C251800CYBVP/DJI_202609081117_006/DJI_20260908113147_0011_V.MP4,B4,uav-01,V,129.30,1.85,95.796,106.006,2868,3174,2026-09-08 11:33:23.704,2026-09-08 11:33:33.921,307
@raw/04_第四批_20260908_1053_多火点与余热点/02_激光打点与定位验证/01_事后打点候选/无人机01_1581F7K3C251800CYBVP/DJI_202609081117_006/DJI_20260908113147_0011_V.MP4,B4,uav-01,V,128.50,1.84,106.039,106.039,3175,3175,2026-09-08 11:33:33.954,2026-09-08 11:33:33.954,1
@raw/04_第四批_20260908_1053_多火点与余热点/02_激光打点与定位验证/01_事后打点候选/无人机01_1581F7K3C251800CYBVP/DJI_202609081117_006/DJI_20260908113147_0011_V.MP4,B4,uav-01,V,127.60,1.82,106.073,106.073,3176,3176,2026-09-08 11:33:33.988,2026-09-08 11:33:33.988,1
@raw/04_第四批_20260908_1053_多火点与余热点/02_激光打点与定位验证/01_事后打点候选/无人机01_1581F7K3C251800CYBVP/DJI_202609081117_006/DJI_20260908113147_0011_V.MP4,B4,uav-01,V,126.80,1.81,106.106,106.106,3177,3177,2026-09-08 11:33:34.022,2026-09-08 11:33:34.022,1
@raw/04_第四批_20260908_1053_多火点与余热点/02_激光打点与定位验证/01_事后打点候选/无人机01_1581F7K3C251800CYBVP/DJI_202609081117_006/DJI_20260908113147_0011_V.MP4,B4,uav-01,V,126.00,1.80,106.139,106.139,3178,3178,2026-09-08 11:33:34.055,2026-09-08 11:33:34.055,1
@raw/04_第四批_20260908_1053_多火点与余热点/02_激光打点与定位验证/01_事后打点候选/无人机01_1581F7K3C251800CYBVP/DJI_202609081117_006/DJI_20260908113147_0011_V.MP4,B4,uav-01,V,125.10,1.79,106.173,106.173,3179,3179,2026-09-08 11:33:34.087,2026-09-08 11:33:34.087,1
@raw/04_第四批_20260908_1053_多火点与余热点/02_激光打点与定位验证/01_事后打点候选/无人机01_1581F7K3C251800CYBVP/DJI_202609081117_006/DJI_20260908113147_0011_V.MP4,B4,uav-01,V,124.10,1.77,106.206,106.206,3180,3180,2026-09-08 11:33:34.121,2026-09-08 11:33:34.121,1
@raw/04_第四批_20260908_1053_多火点与余热点/02_激光打点与定位验证/01_事后打点候选/无人机01_1581F7K3C251800CYBVP/DJI_202609081117_006/DJI_20260908113147_0011_V.MP4,B4,uav-01,V,123.20,1.76,106.239,106.239,3181,3181,2026-09-08 11:33:34.154,2026-09-08 11:33:34.154,1
@raw/04_第四批_20260908_1053_多火点与余热点/02_激光打点与定位验证/01_事后打点候选/无人机01_1581F7K3C251800CYBVP/DJI_202609081117_006/DJI_20260908113147_0011_V.MP4,B4,uav-01,V,122.30,1.75,106.273,106.273,3182,3182,2026-09-08 11:33:34.188,2026-09-08 11:33:34.188,1
@raw/04_第四批_20260908_1053_多火点与余热点/02_激光打点与定位验证/01_事后打点候选/无人机01_1581F7K3C251800CYBVP/DJI_202609081117_006/DJI_20260908113147_0011_V.MP4,B4,uav-01,V,121.40,1.73,106.306,106.306,3183,3183,2026-09-08 11:33:34.221,2026-09-08 11:33:34.221,1
@raw/04_第四批_20260908_1053_多火点与余热点/02_激光打点与定位验证/01_事后打点候选/无人机01_1581F7K3C251800CYBVP/DJI_202609081117_006/DJI_20260908113147_0011_V.MP4,B4,uav-01,V,120.50,1.72,106.34,106.34,3184,3184,2026-09-08 11:33:34.254,2026-09-08 11:33:34.254,1
@raw/04_第四批_20260908_1053_多火点与余热点/02_激光打点与定位验证/01_事后打点候选/无人机01_1581F7K3C251800CYBVP/DJI_202609081117_006/DJI_20260908113147_0011_V.MP4,B4,uav-01,V,119.60,1.71,106.373,106.373,3185,3185,2026-09-08 11:33:34.287,2026-09-08 11:33:34.287,1
@raw/04_第四批_20260908_1053_多火点与余热点/02_激光打点与定位验证/01_事后打点候选/无人机01_1581F7K3C251800CYBVP/DJI_202609081117_006/DJI_20260908113147_0011_V.MP4,B4,uav-01,V,118.70,1.70,106.406,106.406,3186,3186,2026-09-08 11:33:34.321,2026-09-08 11:33:34.321,1
@raw/04_第四批_20260908_1053_多火点与余热点/02_激光打点与定位验证/01_事后打点候选/无人机01_1581F7K3C251800CYBVP/DJI_202609081117_006/DJI_20260908113147_0011_V.MP4,B4,uav-01,V,117.80,1.68,106.44,106.44,3187,3187,2026-09-08 11:33:34.354,2026-09-08 11:33:34.354,1
@raw/04_第四批_20260908_1053_多火点与余热点/02_激光打点与定位验证/01_事后打点候选/无人机01_1581F7K3C251800CYBVP/DJI_202609081117_006/DJI_20260908113147_0011_V.MP4,B4,uav-01,V,116.90,1.67,106.473,106.473,3188,3188,2026-09-08 11:33:34.388,2026-09-08 11:33:34.388,1
@raw/04_第四批_20260908_1053_多火点与余热点/02_激光打点与定位验证/01_事后打点候选/无人机01_1581F7K3C251800CYBVP/DJI_202609081117_006/DJI_20260908113147_0011_V.MP4,B4,uav-01,V,116.00,1.66,106.506,106.506,3189,3189,2026-09-08 11:33:34.422,2026-09-08 11:33:34.422,1
@raw/04_第四批_20260908_1053_多火点与余热点/02_激光打点与定位验证/01_事后打点候选/无人机01_1581F7K3C251800CYBVP/DJI_202609081117_006/DJI_20260908113147_0011_V.MP4,B4,uav-01,V,115.20,1.65,106.54,106.54,3190,3190,2026-09-08 11:33:34.455,2026-09-08 11:33:34.455,1
@raw/04_第四批_20260908_1053_多火点与余热点/02_激光打点与定位验证/01_事后打点候选/无人机01_1581F7K3C251800CYBVP/DJI_202609081117_006/DJI_20260908113147_0011_V.MP4,B4,uav-01,V,114.30,1.63,106.573,106.573,3191,3191,2026-09-08 11:33:34.488,2026-09-08 11:33:34.488,1
@raw/04_第四批_20260908_1053_多火点与余热点/02_激光打点与定位验证/01_事后打点候选/无人机01_1581F7K3C251800CYBVP/DJI_202609081117_006/DJI_20260908113147_0011_V.MP4,B4,uav-01,V,113.50,1.62,106.607,106.607,3192,3192,2026-09-08 11:33:34.521,2026-09-08 11:33:34.521,1
@raw/04_第四批_20260908_1053_多火点与余热点/02_激光打点与定位验证/01_事后打点候选/无人机01_1581F7K3C251800CYBVP/DJI_202609081117_006/DJI_20260908113147_0011_V.MP4,B4,uav-01,V,112.60,1.61,106.64,106.64,3193,3193,2026-09-08 11:33:34.555,2026-09-08 11:33:34.555,1
@raw/04_第四批_20260908_1053_多火点与余热点/02_激光打点与定位验证/01_事后打点候选/无人机01_1581F7K3C251800CYBVP/DJI_202609081117_006/DJI_20260908113147_0011_V.MP4,B4,uav-01,V,111.80,1.60,106.673,106.673,3194,3194,2026-09-08 11:33:34.588,2026-09-08 11:33:34.588,1
@raw/04_第四批_20260908_1053_多火点与余热点/02_激光打点与定位验证/01_事后打点候选/无人机01_1581F7K3C251800CYBVP/DJI_202609081117_006/DJI_20260908113147_0011_V.MP4,B4,uav-01,V,110.90,1.58,106.707,106.707,3195,3195,2026-09-08 11:33:34.622,2026-09-08 11:33:34.622,1
@raw/04_第四批_20260908_1053_多火点与余热点/02_激光打点与定位验证/01_事后打点候选/无人机01_1581F7K3C251800CYBVP/DJI_202609081117_006/DJI_20260908113147_0011_V.MP4,B4,uav-01,V,110.10,1.57,106.74,106.74,3196,3196,2026-09-08 11:33:34.655,2026-09-08 11:33:34.655,1
@raw/04_第四批_20260908_1053_多火点与余热点/02_激光打点与定位验证/01_事后打点候选/无人机01_1581F7K3C251800CYBVP/DJI_202609081117_006/DJI_20260908113147_0011_V.MP4,B4,uav-01,V,109.30,1.56,106.773,106.773,3197,3197,2026-09-08 11:33:34.689,2026-09-08 11:33:34.689,1
@raw/04_第四批_20260908_1053_多火点与余热点/02_激光打点与定位验证/01_事后打点候选/无人机01_1581F7K3C251800CYBVP/DJI_202609081117_006/DJI_20260908113147_0011_V.MP4,B4,uav-01,V,110.00,1.57,106.807,106.807,3198,3198,2026-09-08 11:33:34.723,2026-09-08 11:33:34.723,1
@raw/04_第四批_20260908_1053_多火点与余热点/02_激光打点与定位验证/01_事后打点候选/无人机01_1581F7K3C251800CYBVP/DJI_202609081117_006/DJI_20260908113147_0011_V.MP4,B4,uav-01,V,110.70,1.58,106.84,106.84,3199,3199,2026-09-08 11:33:34.755,2026-09-08 11:33:34.755,1
@raw/04_第四批_20260908_1053_多火点与余热点/02_激光打点与定位验证/01_事后打点候选/无人机01_1581F7K3C251800CYBVP/DJI_202609081117_006/DJI_20260908113147_0011_V.MP4,B4,uav-01,V,111.40,1.59,106.873,106.873,3200,3200,2026-09-08 11:33:34.788,2026-09-08 11:33:34.788,1
@raw/04_第四批_20260908_1053_多火点与余热点/02_激光打点与定位验证/01_事后打点候选/无人机01_1581F7K3C251800CYBVP/DJI_202609081117_006/DJI_20260908113147_0011_V.MP4,B4,uav-01,V,112.10,1.60,106.907,106.907,3201,3201,2026-09-08 11:33:34.821,2026-09-08 11:33:34.821,1
@raw/04_第四批_20260908_1053_多火点与余热点/02_激光打点与定位验证/01_事后打点候选/无人机01_1581F7K3C251800CYBVP/DJI_202609081117_006/DJI_20260908113147_0011_V.MP4,B4,uav-01,V,112.90,1.61,106.94,106.94,3202,3202,2026-09-08 11:33:34.856,2026-09-08 11:33:34.856,1
@raw/04_第四批_20260908_1053_多火点与余热点/02_激光打点与定位验证/01_事后打点候选/无人机01_1581F7K3C251800CYBVP/DJI_202609081117_006/DJI_20260908113147_0011_V.MP4,B4,uav-01,V,113.60,1.62,106.974,106.974,3203,3203,2026-09-08 11:33:34.888,2026-09-08 11:33:34.888,1
@raw/04_第四批_20260908_1053_多火点与余热点/02_激光打点与定位验证/01_事后打点候选/无人机01_1581F7K3C251800CYBVP/DJI_202609081117_006/DJI_20260908113147_0011_V.MP4,B4,uav-01,V,114.30,1.63,107.007,107.007,3204,3204,2026-09-08 11:33:34.921,2026-09-08 11:33:34.921,1
@raw/04_第四批_20260908_1053_多火点与余热点/02_激光打点与定位验证/01_事后打点候选/无人机01_1581F7K3C251800CYBVP/DJI_202609081117_006/DJI_20260908113147_0011_V.MP4,B4,uav-01,V,115.10,1.64,107.04,107.04,3205,3205,2026-09-08 11:33:34.955,2026-09-08 11:33:34.955,1
@raw/04_第四批_20260908_1053_多火点与余热点/02_激光打点与定位验证/01_事后打点候选/无人机01_1581F7K3C251800CYBVP/DJI_202609081117_006/DJI_20260908113147_0011_V.MP4,B4,uav-01,V,115.80,1.65,107.074,107.074,3206,3206,2026-09-08 11:33:34.989,2026-09-08 11:33:34.989,1
@raw/04_第四批_20260908_1053_多火点与余热点/02_激光打点与定位验证/01_事后打点候选/无人机01_1581F7K3C251800CYBVP/DJI_202609081117_006/DJI_20260908113147_0011_V.MP4,B4,uav-01,V,116.60,1.67,107.107,107.107,3207,3207,2026-09-08 11:33:35.022,2026-09-08 11:33:35.022,1
@raw/04_第四批_20260908_1053_多火点与余热点/02_激光打点与定位验证/01_事后打点候选/无人机01_1581F7K3C251800CYBVP/DJI_202609081117_006/DJI_20260908113147_0011_V.MP4,B4,uav-01,V,117.30,1.68,107.14,107.14,3208,3208,2026-09-08 11:33:35.055,2026-09-08 11:33:35.055,1
@raw/04_第四批_20260908_1053_多火点与余热点/02_激光打点与定位验证/01_事后打点候选/无人机01_1581F7K3C251800CYBVP/DJI_202609081117_006/DJI_20260908113147_0011_V.MP4,B4,uav-01,V,118.10,1.69,107.174,107.174,3209,3209,2026-09-08 11:33:35.088,2026-09-08 11:33:35.088,1
@raw/04_第四批_20260908_1053_多火点与余热点/02_激光打点与定位验证/01_事后打点候选/无人机01_1581F7K3C251800CYBVP/DJI_202609081117_006/DJI_20260908113147_0011_V.MP4,B4,uav-01,V,118.80,1.70,107.207,107.207,3210,3210,2026-09-08 11:33:35.122,2026-09-08 11:33:35.122,1
@raw/04_第四批_20260908_1053_多火点与余热点/02_激光打点与定位验证/01_事后打点候选/无人机01_1581F7K3C251800CYBVP/DJI_202609081117_006/DJI_20260908113147_0011_V.MP4,B4,uav-01,V,119.60,1.71,107.24,107.24,3211,3211,2026-09-08 11:33:35.155,2026-09-08 11:33:35.155,1
@raw/04_第四批_20260908_1053_多火点与余热点/02_激光打点与定位验证/01_事后打点候选/无人机01_1581F7K3C251800CYBVP/DJI_202609081117_006/DJI_20260908113147_0011_V.MP4,B4,uav-01,V,120.40,1.72,107.274,107.274,3212,3212,2026-09-08 11:33:35.189,2026-09-08 11:33:35.189,1
@raw/04_第四批_20260908_1053_多火点与余热点/02_激光打点与定位验证/01_事后打点候选/无人机01_1581F7K3C251800CYBVP/DJI_202609081117_006/DJI_20260908113147_0011_V.MP4,B4,uav-01,V,121.20,1.73,107.307,107.307,3213,3213,2026-09-08 11:33:35.222,2026-09-08 11:33:35.222,1
@raw/04_第四批_20260908_1053_多火点与余热点/02_激光打点与定位验证/01_事后打点候选/无人机01_1581F7K3C251800CYBVP/DJI_202609081117_006/DJI_20260908113147_0011_V.MP4,B4,uav-01,V,122.00,1.74,107.341,107.341,3214,3214,2026-09-08 11:33:35.256,2026-09-08 11:33:35.256,1
@raw/04_第四批_20260908_1053_多火点与余热点/02_激光打点与定位验证/01_事后打点候选/无人机01_1581F7K3C251800CYBVP/DJI_202609081117_006/DJI_20260908113147_0011_V.MP4,B4,uav-01,V,122.70,1.75,107.374,107.374,3215,3215,2026-09-08 11:33:35.288,2026-09-08 11:33:35.288,1
@raw/04_第四批_20260908_1053_多火点与余热点/02_激光打点与定位验证/01_事后打点候选/无人机01_1581F7K3C251800CYBVP/DJI_202609081117_006/DJI_20260908113147_0011_V.MP4,B4,uav-01,V,123.50,1.76,107.407,107.407,3216,3216,2026-09-08 11:33:35.322,2026-09-08 11:33:35.322,1
@raw/04_第四批_20260908_1053_多火点与余热点/02_激光打点与定位验证/01_事后打点候选/无人机01_1581F7K3C251800CYBVP/DJI_202609081117_006/DJI_20260908113147_0011_V.MP4,B4,uav-01,V,124.30,1.78,107.441,107.441,3217,3217,2026-09-08 11:33:35.356,2026-09-08 11:33:35.356,1
@raw/04_第四批_20260908_1053_多火点与余热点/02_激光打点与定位验证/01_事后打点候选/无人机01_1581F7K3C251800CYBVP/DJI_202609081117_006/DJI_20260908113147_0011_V.MP4,B4,uav-01,V,124.40,1.78,107.474,107.908,3218,3231,2026-09-08 11:33:35.389,2026-09-08 11:33:35.822,14
@raw/04_第四批_20260908_1053_多火点与余热点/02_激光打点与定位验证/01_事后打点候选/无人机01_1581F7K3C251800CYBVP/DJI_202609081117_006/DJI_20260908113147_0011_V.MP4,B4,uav-01,V,125.20,1.79,107.941,107.941,3232,3232,2026-09-08 11:33:35.856,2026-09-08 11:33:35.856,1
@raw/04_第四批_20260908_1053_多火点与余热点/02_激光打点与定位验证/01_事后打点候选/无人机01_1581F7K3C251800CYBVP/DJI_202609081117_006/DJI_20260908113147_0011_V.MP4,B4,uav-01,V,126.00,1.80,107.975,107.975,3233,3233,2026-09-08 11:33:35.889,2026-09-08 11:33:35.889,1
@raw/04_第四批_20260908_1053_多火点与余热点/02_激光打点与定位验证/01_事后打点候选/无人机01_1581F7K3C251800CYBVP/DJI_202609081117_006/DJI_20260908113147_0011_V.MP4,B4,uav-01,V,126.70,1.81,108.008,108.041,3234,3235,2026-09-08 11:33:35.923,2026-09-08 11:33:35.956,2
@raw/04_第四批_20260908_1053_多火点与余热点/02_激光打点与定位验证/01_事后打点候选/无人机01_1581F7K3C251800CYBVP/DJI_202609081117_006/DJI_20260908113147_0011_V.MP4,B4,uav-01,V,127.50,1.82,108.075,108.075,3236,3236,2026-09-08 11:33:35.989,2026-09-08 11:33:35.989,1
@raw/04_第四批_20260908_1053_多火点与余热点/02_激光打点与定位验证/01_事后打点候选/无人机01_1581F7K3C251800CYBVP/DJI_202609081117_006/DJI_20260908113147_0011_V.MP4,B4,uav-01,V,128.30,1.83,108.108,108.108,3237,3237,2026-09-08 11:33:36.023,2026-09-08 11:33:36.023,1
@raw/04_第四批_20260908_1053_多火点与余热点/02_激光打点与定位验证/01_事后打点候选/无人机01_1581F7K3C251800CYBVP/DJI_202609081117_006/DJI_20260908113147_0011_V.MP4,B4,uav-01,V,129.20,1.85,108.141,108.141,3238,3238,2026-09-08 11:33:36.056,2026-09-08 11:33:36.056,1
@raw/04_第四批_20260908_1053_多火点与余热点/02_激光打点与定位验证/01_事后打点候选/无人机01_1581F7K3C251800CYBVP/DJI_202609081117_006/DJI_20260908113147_0011_V.MP4,B4,uav-01,V,130.00,1.86,108.175,108.175,3239,3239,2026-09-08 11:33:36.089,2026-09-08 11:33:36.089,1
@raw/04_第四批_20260908_1053_多火点与余热点/02_激光打点与定位验证/01_事后打点候选/无人机01_1581F7K3C251800CYBVP/DJI_202609081117_006/DJI_20260908113147_0011_V.MP4,B4,uav-01,V,130.90,1.87,108.208,108.208,3240,3240,2026-09-08 11:33:36.123,2026-09-08 11:33:36.123,1
@raw/04_第四批_20260908_1053_多火点与余热点/02_激光打点与定位验证/01_事后打点候选/无人机01_1581F7K3C251800CYBVP/DJI_202609081117_006/DJI_20260908113147_0011_V.MP4,B4,uav-01,V,131.70,1.88,108.241,108.241,3241,3241,2026-09-08 11:33:36.157,2026-09-08 11:33:36.157,1
@raw/04_第四批_20260908_1053_多火点与余热点/02_激光打点与定位验证/01_事后打点候选/无人机01_1581F7K3C251800CYBVP/DJI_202609081117_006/DJI_20260908113147_0011_V.MP4,B4,uav-01,V,132.60,1.89,108.275,108.275,3242,3242,2026-09-08 11:33:36.190,2026-09-08 11:33:36.190,1
@raw/04_第四批_20260908_1053_多火点与余热点/02_激光打点与定位验证/01_事后打点候选/无人机01_1581F7K3C251800CYBVP/DJI_202609081117_006/DJI_20260908113147_0011_V.MP4,B4,uav-01,V,133.40,1.91,108.308,108.308,3243,3243,2026-09-08 11:33:36.223,2026-09-08 11:33:36.223,1
@raw/04_第四批_20260908_1053_多火点与余热点/02_激光打点与定位验证/01_事后打点候选/无人机01_1581F7K3C251800CYBVP/DJI_202609081117_006/DJI_20260908113147_0011_V.MP4,B4,uav-01,V,134.30,1.92,108.342,108.342,3244,3244,2026-09-08 11:33:36.256,2026-09-08 11:33:36.256,1
@raw/04_第四批_20260908_1053_多火点与余热点/02_激光打点与定位验证/01_事后打点候选/无人机01_1581F7K3C251800CYBVP/DJI_202609081117_006/DJI_20260908113147_0011_V.MP4,B4,uav-01,V,135.10,1.93,108.375,108.375,3245,3245,2026-09-08 11:33:36.290,2026-09-08 11:33:36.290,1
@raw/04_第四批_20260908_1053_多火点与余热点/02_激光打点与定位验证/01_事后打点候选/无人机01_1581F7K3C251800CYBVP/DJI_202609081117_006/DJI_20260908113147_0011_V.MP4,B4,uav-01,V,136.00,1.94,108.408,108.408,3246,3246,2026-09-08 11:33:36.323,2026-09-08 11:33:36.323,1
@raw/04_第四批_20260908_1053_多火点与余热点/02_激光打点与定位验证/01_事后打点候选/无人机01_1581F7K3C251800CYBVP/DJI_202609081117_006/DJI_20260908113147_0011_V.MP4,B4,uav-01,V,136.90,1.96,108.442,108.442,3247,3247,2026-09-08 11:33:36.356,2026-09-08 11:33:36.356,1
@raw/04_第四批_20260908_1053_多火点与余热点/02_激光打点与定位验证/01_事后打点候选/无人机01_1581F7K3C251800CYBVP/DJI_202609081117_006/DJI_20260908113147_0011_V.MP4,B4,uav-01,V,137.80,1.97,108.475,108.475,3248,3248,2026-09-08 11:33:36.392,2026-09-08 11:33:36.392,1
@raw/04_第四批_20260908_1053_多火点与余热点/02_激光打点与定位验证/01_事后打点候选/无人机01_1581F7K3C251800CYBVP/DJI_202609081117_006/DJI_20260908113147_0011_V.MP4,B4,uav-01,V,138.70,1.98,108.508,108.508,3249,3249,2026-09-08 11:33:36.424,2026-09-08 11:33:36.424,1
@raw/04_第四批_20260908_1053_多火点与余热点/02_激光打点与定位验证/01_事后打点候选/无人机01_1581F7K3C251800CYBVP/DJI_202609081117_006/DJI_20260908113147_0011_V.MP4,B4,uav-01,V,139.60,1.99,108.542,108.542,3250,3250,2026-09-08 11:33:36.457,2026-09-08 11:33:36.457,1
@raw/04_第四批_20260908_1053_多火点与余热点/02_激光打点与定位验证/01_事后打点候选/无人机01_1581F7K3C251800CYBVP/DJI_202609081117_006/DJI_20260908113147_0011_V.MP4,B4,uav-01,V,140.50,2.01,108.575,108.575,3251,3251,2026-09-08 11:33:36.490,2026-09-08 11:33:36.490,1
@raw/04_第四批_20260908_1053_多火点与余热点/02_激光打点与定位验证/01_事后打点候选/无人机01_1581F7K3C251800CYBVP/DJI_202609081117_006/DJI_20260908113147_0011_V.MP4,B4,uav-01,V,141.40,2.02,108.609,108.609,3252,3252,2026-09-08 11:33:36.525,2026-09-08 11:33:36.525,1
@raw/04_第四批_20260908_1053_多火点与余热点/02_激光打点与定位验证/01_事后打点候选/无人机01_1581F7K3C251800CYBVP/DJI_202609081117_006/DJI_20260908113147_0011_V.MP4,B4,uav-01,V,141.60,2.02,108.642,109.009,3253,3264,2026-09-08 11:33:36.556,2026-09-08 11:33:36.924,12
@raw/04_第四批_20260908_1053_多火点与余热点/02_激光打点与定位验证/01_事后打点候选/无人机01_1581F7K3C251800CYBVP/DJI_202609081117_006/DJI_20260908113147_0011_V.MP4,B4,uav-01,V,142.40,2.03,109.042,109.076,3265,3266,2026-09-08 11:33:36.957,2026-09-08 11:33:36.990,2
@raw/04_第四批_20260908_1053_多火点与余热点/02_激光打点与定位验证/01_事后打点候选/无人机01_1581F7K3C251800CYBVP/DJI_202609081117_006/DJI_20260908113147_0011_V.MP4,B4,uav-01,V,143.30,2.05,109.109,109.109,3267,3267,2026-09-08 11:33:37.024,2026-09-08 11:33:37.024,1
@raw/04_第四批_20260908_1053_多火点与余热点/02_激光打点与定位验证/01_事后打点候选/无人机01_1581F7K3C251800CYBVP/DJI_202609081117_006/DJI_20260908113147_0011_V.MP4,B4,uav-01,V,144.20,2.06,109.142,109.209,3268,3270,2026-09-08 11:33:37.057,2026-09-08 11:33:37.124,3
@raw/04_第四批_20260908_1053_多火点与余热点/02_激光打点与定位验证/01_事后打点候选/无人机01_1581F7K3C251800CYBVP/DJI_202609081117_006/DJI_20260908113147_0011_V.MP4,B4,uav-01,V,145.10,2.07,109.242,109.242,3271,3271,2026-09-08 11:33:37.157,2026-09-08 11:33:37.157,1
@raw/04_第四批_20260908_1053_多火点与余热点/02_激光打点与定位验证/01_事后打点候选/无人机01_1581F7K3C251800CYBVP/DJI_202609081117_006/DJI_20260908113147_0011_V.MP4,B4,uav-01,V,146.10,2.09,109.276,109.276,3272,3272,2026-09-08 11:33:37.191,2026-09-08 11:33:37.191,1
@raw/04_第四批_20260908_1053_多火点与余热点/02_激光打点与定位验证/01_事后打点候选/无人机01_1581F7K3C251800CYBVP/DJI_202609081117_006/DJI_20260908113147_0011_V.MP4,B4,uav-01,V,146.90,2.10,109.309,109.309,3273,3273,2026-09-08 11:33:37.224,2026-09-08 11:33:37.224,1
@raw/04_第四批_20260908_1053_多火点与余热点/02_激光打点与定位验证/01_事后打点候选/无人机01_1581F7K3C251800CYBVP/DJI_202609081117_006/DJI_20260908113147_0011_V.MP4,B4,uav-01,V,147.90,2.11,109.343,109.343,3274,3274,2026-09-08 11:33:37.257,2026-09-08 11:33:37.257,1
@raw/04_第四批_20260908_1053_多火点与余热点/02_激光打点与定位验证/01_事后打点候选/无人机01_1581F7K3C251800CYBVP/DJI_202609081117_006/DJI_20260908113147_0011_V.MP4,B4,uav-01,V,148.80,2.13,109.376,109.376,3275,3275,2026-09-08 11:33:37.290,2026-09-08 11:33:37.290,1
@raw/04_第四批_20260908_1053_多火点与余热点/02_激光打点与定位验证/01_事后打点候选/无人机01_1581F7K3C251800CYBVP/DJI_202609081117_006/DJI_20260908113147_0011_V.MP4,B4,uav-01,V,149.80,2.14,109.409,109.409,3276,3276,2026-09-08 11:33:37.324,2026-09-08 11:33:37.324,1
@raw/04_第四批_20260908_1053_多火点与余热点/02_激光打点与定位验证/01_事后打点候选/无人机01_1581F7K3C251800CYBVP/DJI_202609081117_006/DJI_20260908113147_0011_V.MP4,B4,uav-01,V,150.70,2.15,109.443,109.443,3277,3277,2026-09-08 11:33:37.357,2026-09-08 11:33:37.357,1
@raw/04_第四批_20260908_1053_多火点与余热点/02_激光打点与定位验证/01_事后打点候选/无人机01_1581F7K3C251800CYBVP/DJI_202609081117_006/DJI_20260908113147_0011_V.MP4,B4,uav-01,V,151.70,2.17,109.476,109.476,3278,3278,2026-09-08 11:33:37.390,2026-09-08 11:33:37.390,1
@raw/04_第四批_20260908_1053_多火点与余热点/02_激光打点与定位验证/01_事后打点候选/无人机01_1581F7K3C251800CYBVP/DJI_202609081117_006/DJI_20260908113147_0011_V.MP4,B4,uav-01,V,152.70,2.18,109.509,109.509,3279,3279,2026-09-08 11:33:37.424,2026-09-08 11:33:37.424,1
@raw/04_第四批_20260908_1053_多火点与余热点/02_激光打点与定位验证/01_事后打点候选/无人机01_1581F7K3C251800CYBVP/DJI_202609081117_006/DJI_20260908113147_0011_V.MP4,B4,uav-01,V,153.70,2.20,109.543,109.543,3280,3280,2026-09-08 11:33:37.457,2026-09-08 11:33:37.457,1
@raw/04_第四批_20260908_1053_多火点与余热点/02_激光打点与定位验证/01_事后打点候选/无人机01_1581F7K3C251800CYBVP/DJI_202609081117_006/DJI_20260908113147_0011_V.MP4,B4,uav-01,V,154.70,2.21,109.576,109.576,3281,3281,2026-09-08 11:33:37.490,2026-09-08 11:33:37.490,1
@raw/04_第四批_20260908_1053_多火点与余热点/02_激光打点与定位验证/01_事后打点候选/无人机01_1581F7K3C251800CYBVP/DJI_202609081117_006/DJI_20260908113147_0011_V.MP4,B4,uav-01,V,155.70,2.22,109.61,109.61,3282,3282,2026-09-08 11:33:37.525,2026-09-08 11:33:37.525,1
@raw/04_第四批_20260908_1053_多火点与余热点/02_激光打点与定位验证/01_事后打点候选/无人机01_1581F7K3C251800CYBVP/DJI_202609081117_006/DJI_20260908113147_0011_V.MP4,B4,uav-01,V,156.70,2.24,109.643,109.643,3283,3283,2026-09-08 11:33:37.557,2026-09-08 11:33:37.557,1
@raw/04_第四批_20260908_1053_多火点与余热点/02_激光打点与定位验证/01_事后打点候选/无人机01_1581F7K3C251800CYBVP/DJI_202609081117_006/DJI_20260908113147_0011_V.MP4,B4,uav-01,V,157.70,2.25,109.676,109.676,3284,3284,2026-09-08 11:33:37.591,2026-09-08 11:33:37.591,1
@raw/04_第四批_20260908_1053_多火点与余热点/02_激光打点与定位验证/01_事后打点候选/无人机01_1581F7K3C251800CYBVP/DJI_202609081117_006/DJI_20260908113147_0011_V.MP4,B4,uav-01,V,158.70,2.27,109.71,109.71,3285,3285,2026-09-08 11:33:37.625,2026-09-08 11:33:37.625,1
@raw/04_第四批_20260908_1053_多火点与余热点/02_激光打点与定位验证/01_事后打点候选/无人机01_1581F7K3C251800CYBVP/DJI_202609081117_006/DJI_20260908113147_0011_V.MP4,B4,uav-01,V,159.80,2.28,109.743,109.743,3286,3286,2026-09-08 11:33:37.657,2026-09-08 11:33:37.657,1
@raw/04_第四批_20260908_1053_多火点与余热点/02_激光打点与定位验证/01_事后打点候选/无人机01_1581F7K3C251800CYBVP/DJI_202609081117_006/DJI_20260908113147_0011_V.MP4,B4,uav-01,V,160.80,2.30,109.776,109.776,3287,3287,2026-09-08 11:33:37.691,2026-09-08 11:33:37.691,1
@raw/04_第四批_20260908_1053_多火点与余热点/02_激光打点与定位验证/01_事后打点候选/无人机01_1581F7K3C251800CYBVP/DJI_202609081117_006/DJI_20260908113147_0011_V.MP4,B4,uav-01,V,161.10,2.30,109.81,110.143,3288,3298,2026-09-08 11:33:37.724,2026-09-08 11:33:38.059,11
@raw/04_第四批_20260908_1053_多火点与余热点/02_激光打点与定位验证/01_事后打点候选/无人机01_1581F7K3C251800CYBVP/DJI_202609081117_006/DJI_20260908113147_0011_V.MP4,B4,uav-01,V,162.00,2.31,110.177,110.21,3299,3300,2026-09-08 11:33:38.091,2026-09-08 11:33:38.125,2
@raw/04_第四批_20260908_1053_多火点与余热点/02_激光打点与定位验证/01_事后打点候选/无人机01_1581F7K3C251800CYBVP/DJI_202609081117_006/DJI_20260908113147_0011_V.MP4,B4,uav-01,V,163.00,2.33,110.243,110.243,3301,3301,2026-09-08 11:33:38.158,2026-09-08 11:33:38.158,1
@raw/04_第四批_20260908_1053_多火点与余热点/02_激光打点与定位验证/01_事后打点候选/无人机01_1581F7K3C251800CYBVP/DJI_202609081117_006/DJI_20260908113147_0011_V.MP4,B4,uav-01,V,163.10,2.33,110.277,110.277,3302,3302,2026-09-08 11:33:38.191,2026-09-08 11:33:38.191,1
@raw/04_第四批_20260908_1053_多火点与余热点/02_激光打点与定位验证/01_事后打点候选/无人机01_1581F7K3C251800CYBVP/DJI_202609081117_006/DJI_20260908113147_0011_V.MP4,B4,uav-01,V,163.30,2.33,110.31,110.31,3303,3303,2026-09-08 11:33:38.225,2026-09-08 11:33:38.225,1
@raw/04_第四批_20260908_1053_多火点与余热点/02_激光打点与定位验证/01_事后打点候选/无人机01_1581F7K3C251800CYBVP/DJI_202609081117_006/DJI_20260908113147_0011_V.MP4,B4,uav-01,V,163.10,2.33,110.344,110.344,3304,3304,2026-09-08 11:33:38.259,2026-09-08 11:33:38.259,1
@raw/04_第四批_20260908_1053_多火点与余热点/02_激光打点与定位验证/01_事后打点候选/无人机01_1581F7K3C251800CYBVP/DJI_202609081117_006/DJI_20260908113147_0011_V.MP4,B4,uav-01,V,162.30,2.32,110.377,110.377,3305,3305,2026-09-08 11:33:38.291,2026-09-08 11:33:38.291,1
@raw/04_第四批_20260908_1053_多火点与余热点/02_激光打点与定位验证/01_事后打点候选/无人机01_1581F7K3C251800CYBVP/DJI_202609081117_006/DJI_20260908113147_0011_V.MP4,B4,uav-01,V,162.20,2.32,110.41,110.41,3306,3306,2026-09-08 11:33:38.325,2026-09-08 11:33:38.325,1
@raw/04_第四批_20260908_1053_多火点与余热点/02_激光打点与定位验证/01_事后打点候选/无人机01_1581F7K3C251800CYBVP/DJI_202609081117_006/DJI_20260908113147_0011_V.MP4,B4,uav-01,V,161.60,2.31,110.444,110.444,3307,3307,2026-09-08 11:33:38.359,2026-09-08 11:33:38.359,1
@raw/04_第四批_20260908_1053_多火点与余热点/02_激光打点与定位验证/01_事后打点候选/无人机01_1581F7K3C251800CYBVP/DJI_202609081117_006/DJI_20260908113147_0011_V.MP4,B4,uav-01,V,161.50,2.31,110.477,110.477,3308,3308,2026-09-08 11:33:38.393,2026-09-08 11:33:38.393,1
@raw/04_第四批_20260908_1053_多火点与余热点/02_激光打点与定位验证/01_事后打点候选/无人机01_1581F7K3C251800CYBVP/DJI_202609081117_006/DJI_20260908113147_0011_V.MP4,B4,uav-01,V,161.30,2.30,110.51,110.51,3309,3309,2026-09-08 11:33:38.425,2026-09-08 11:33:38.425,1
@raw/04_第四批_20260908_1053_多火点与余热点/02_激光打点与定位验证/01_事后打点候选/无人机01_1581F7K3C251800CYBVP/DJI_202609081117_006/DJI_20260908113147_0011_V.MP4,B4,uav-01,V,161.10,2.30,110.544,110.577,3310,3311,2026-09-08 11:33:38.458,2026-09-08 11:33:38.491,2
@raw/04_第四批_20260908_1053_多火点与余热点/02_激光打点与定位验证/01_事后打点候选/无人机01_1581F7K3C251800CYBVP/DJI_202609081117_006/DJI_20260908113147_0011_V.MP4,B4,uav-01,V,161.00,2.30,110.611,110.611,3312,3312,2026-09-08 11:33:38.525,2026-09-08 11:33:38.525,1
@raw/04_第四批_20260908_1053_多火点与余热点/02_激光打点与定位验证/01_事后打点候选/无人机01_1581F7K3C251800CYBVP/DJI_202609081117_006/DJI_20260908113147_0011_V.MP4,B4,uav-01,V,160.50,2.29,110.644,110.644,3313,3313,2026-09-08 11:33:38.558,2026-09-08 11:33:38.558,1
@raw/04_第四批_20260908_1053_多火点与余热点/02_激光打点与定位验证/01_事后打点候选/无人机01_1581F7K3C251800CYBVP/DJI_202609081117_006/DJI_20260908113147_0011_V.MP4,B4,uav-01,V,160.40,2.29,110.677,110.677,3314,3314,2026-09-08 11:33:38.592,2026-09-08 11:33:38.592,1
@raw/04_第四批_20260908_1053_多火点与余热点/02_激光打点与定位验证/01_事后打点候选/无人机01_1581F7K3C251800CYBVP/DJI_202609081117_006/DJI_20260908113147_0011_V.MP4,B4,uav-01,V,160.00,2.29,110.711,110.711,3315,3315,2026-09-08 11:33:38.626,2026-09-08 11:33:38.626,1
@raw/04_第四批_20260908_1053_多火点与余热点/02_激光打点与定位验证/01_事后打点候选/无人机01_1581F7K3C251800CYBVP/DJI_202609081117_006/DJI_20260908113147_0011_V.MP4,B4,uav-01,V,159.90,2.28,110.744,110.744,3316,3316,2026-09-08 11:33:38.658,2026-09-08 11:33:38.658,1
@raw/04_第四批_20260908_1053_多火点与余热点/02_激光打点与定位验证/01_事后打点候选/无人机01_1581F7K3C251800CYBVP/DJI_202609081117_006/DJI_20260908113147_0011_V.MP4,B4,uav-01,V,159.80,2.28,110.777,110.777,3317,3317,2026-09-08 11:33:38.692,2026-09-08 11:33:38.692,1
@raw/04_第四批_20260908_1053_多火点与余热点/02_激光打点与定位验证/01_事后打点候选/无人机01_1581F7K3C251800CYBVP/DJI_202609081117_006/DJI_20260908113147_0011_V.MP4,B4,uav-01,V,159.60,2.28,110.811,110.811,3318,3318,2026-09-08 11:33:38.726,2026-09-08 11:33:38.726,1
@raw/04_第四批_20260908_1053_多火点与余热点/02_激光打点与定位验证/01_事后打点候选/无人机01_1581F7K3C251800CYBVP/DJI_202609081117_006/DJI_20260908113147_0011_V.MP4,B4,uav-01,V,159.20,2.27,110.844,110.844,3319,3319,2026-09-08 11:33:38.758,2026-09-08 11:33:38.758,1
@raw/04_第四批_20260908_1053_多火点与余热点/02_激光打点与定位验证/01_事后打点候选/无人机01_1581F7K3C251800CYBVP/DJI_202609081117_006/DJI_20260908113147_0011_V.MP4,B4,uav-01,V,158.90,2.27,110.877,110.877,3320,3320,2026-09-08 11:33:38.792,2026-09-08 11:33:38.792,1
@raw/04_第四批_20260908_1053_多火点与余热点/02_激光打点与定位验证/01_事后打点候选/无人机01_1581F7K3C251800CYBVP/DJI_202609081117_006/DJI_20260908113147_0011_V.MP4,B4,uav-01,V,158.70,2.27,110.911,110.911,3321,3321,2026-09-08 11:33:38.825,2026-09-08 11:33:38.825,1
@raw/04_第四批_20260908_1053_多火点与余热点/02_激光打点与定位验证/01_事后打点候选/无人机01_1581F7K3C251800CYBVP/DJI_202609081117_006/DJI_20260908113147_0011_V.MP4,B4,uav-01,V,158.60,2.27,110.944,110.944,3322,3322,2026-09-08 11:33:38.860,2026-09-08 11:33:38.860,1
@raw/04_第四批_20260908_1053_多火点与余热点/02_激光打点与定位验证/01_事后打点候选/无人机01_1581F7K3C251800CYBVP/DJI_202609081117_006/DJI_20260908113147_0011_V.MP4,B4,uav-01,V,158.30,2.26,110.978,111.011,3323,3324,2026-09-08 11:33:38.892,2026-09-08 11:33:38.925,2
@raw/04_第四批_20260908_1053_多火点与余热点/02_激光打点与定位验证/01_事后打点候选/无人机01_1581F7K3C251800CYBVP/DJI_202609081117_006/DJI_20260908113147_0011_V.MP4,B4,uav-01,V,158.00,2.26,111.044,111.044,3325,3325,2026-09-08 11:33:38.960,2026-09-08 11:33:38.960,1
@raw/04_第四批_20260908_1053_多火点与余热点/02_激光打点与定位验证/01_事后打点候选/无人机01_1581F7K3C251800CYBVP/DJI_202609081117_006/DJI_20260908113147_0011_V.MP4,B4,uav-01,V,157.60,2.25,111.078,111.078,3326,3326,2026-09-08 11:33:38.992,2026-09-08 11:33:38.992,1
@raw/04_第四批_20260908_1053_多火点与余热点/02_激光打点与定位验证/01_事后打点候选/无人机01_1581F7K3C251800CYBVP/DJI_202609081117_006/DJI_20260908113147_0011_V.MP4,B4,uav-01,V,157.50,2.25,111.111,111.111,3327,3327,2026-09-08 11:33:39.026,2026-09-08 11:33:39.026,1
@raw/04_第四批_20260908_1053_多火点与余热点/02_激光打点与定位验证/01_事后打点候选/无人机01_1581F7K3C251800CYBVP/DJI_202609081117_006/DJI_20260908113147_0011_V.MP4,B4,uav-01,V,157.20,2.25,111.144,111.178,3328,3329,2026-09-08 11:33:39.058,2026-09-08 11:33:39.095,2
@raw/04_第四批_20260908_1053_多火点与余热点/02_激光打点与定位验证/01_事后打点候选/无人机01_1581F7K3C251800CYBVP/DJI_202609081117_006/DJI_20260908113147_0011_V.MP4,B4,uav-01,V,157.00,2.24,111.211,111.211,3330,3330,2026-09-08 11:33:39.126,2026-09-08 11:33:39.126,1
@raw/04_第四批_20260908_1053_多火点与余热点/02_激光打点与定位验证/01_事后打点候选/无人机01_1581F7K3C251800CYBVP/DJI_202609081117_006/DJI_20260908113147_0011_V.MP4,B4,uav-01,V,156.70,2.24,111.244,111.244,3331,3331,2026-09-08 11:33:39.159,2026-09-08 11:33:39.159,1
@raw/04_第四批_20260908_1053_多火点与余热点/02_激光打点与定位验证/01_事后打点候选/无人机01_1581F7K3C251800CYBVP/DJI_202609081117_006/DJI_20260908113147_0011_V.MP4,B4,uav-01,V,156.50,2.24,111.278,111.278,3332,3332,2026-09-08 11:33:39.192,2026-09-08 11:33:39.192,1
@raw/04_第四批_20260908_1053_多火点与余热点/02_激光打点与定位验证/01_事后打点候选/无人机01_1581F7K3C251800CYBVP/DJI_202609081117_006/DJI_20260908113147_0011_V.MP4,B4,uav-01,V,156.30,2.23,111.311,111.311,3333,3333,2026-09-08 11:33:39.226,2026-09-08 11:33:39.226,1
@raw/04_第四批_20260908_1053_多火点与余热点/02_激光打点与定位验证/01_事后打点候选/无人机01_1581F7K3C251800CYBVP/DJI_202609081117_006/DJI_20260908113147_0011_V.MP4,B4,uav-01,V,156.00,2.23,111.345,111.345,3334,3334,2026-09-08 11:33:39.260,2026-09-08 11:33:39.260,1
@raw/04_第四批_20260908_1053_多火点与余热点/02_激光打点与定位验证/01_事后打点候选/无人机01_1581F7K3C251800CYBVP/DJI_202609081117_006/DJI_20260908113147_0011_V.MP4,B4,uav-01,V,155.70,2.22,111.378,111.411,3335,3336,2026-09-08 11:33:39.292,2026-09-08 11:33:39.327,2
@raw/04_第四批_20260908_1053_多火点与余热点/02_激光打点与定位验证/01_事后打点候选/无人机01_1581F7K3C251800CYBVP/DJI_202609081117_006/DJI_20260908113147_0011_V.MP4,B4,uav-01,V,155.30,2.22,111.445,111.445,3337,3337,2026-09-08 11:33:39.359,2026-09-08 11:33:39.359,1
@raw/04_第四批_20260908_1053_多火点与余热点/02_激光打点与定位验证/01_事后打点候选/无人机01_1581F7K3C251800CYBVP/DJI_202609081117_006/DJI_20260908113147_0011_V.MP4,B4,uav-01,V,155.10,2.22,111.478,111.478,3338,3338,2026-09-08 11:33:39.393,2026-09-08 11:33:39.393,1
@raw/04_第四批_20260908_1053_多火点与余热点/02_激光打点与定位验证/01_事后打点候选/无人机01_1581F7K3C251800CYBVP/DJI_202609081117_006/DJI_20260908113147_0011_V.MP4,B4,uav-01,V,155.00,2.21,111.511,111.511,3339,3339,2026-09-08 11:33:39.426,2026-09-08 11:33:39.426,1
@raw/04_第四批_20260908_1053_多火点与余热点/02_激光打点与定位验证/01_事后打点候选/无人机01_1581F7K3C251800CYBVP/DJI_202609081117_006/DJI_20260908113147_0011_V.MP4,B4,uav-01,V,154.80,2.21,111.545,111.545,3340,3340,2026-09-08 11:33:39.459,2026-09-08 11:33:39.459,1
@raw/04_第四批_20260908_1053_多火点与余热点/02_激光打点与定位验证/01_事后打点候选/无人机01_1581F7K3C251800CYBVP/DJI_202609081117_006/DJI_20260908113147_0011_V.MP4,B4,uav-01,V,154.70,2.21,111.578,111.578,3341,3341,2026-09-08 11:33:39.493,2026-09-08 11:33:39.493,1
@raw/04_第四批_20260908_1053_多火点与余热点/02_激光打点与定位验证/01_事后打点候选/无人机01_1581F7K3C251800CYBVP/DJI_202609081117_006/DJI_20260908113147_0011_V.MP4,B4,uav-01,V,154.30,2.20,111.612,111.612,3342,3342,2026-09-08 11:33:39.526,2026-09-08 11:33:39.526,1
@raw/04_第四批_20260908_1053_多火点与余热点/02_激光打点与定位验证/01_事后打点候选/无人机01_1581F7K3C251800CYBVP/DJI_202609081117_006/DJI_20260908113147_0011_V.MP4,B4,uav-01,V,154.10,2.20,111.645,111.645,3343,3343,2026-09-08 11:33:39.559,2026-09-08 11:33:39.559,1
@raw/04_第四批_20260908_1053_多火点与余热点/02_激光打点与定位验证/01_事后打点候选/无人机01_1581F7K3C251800CYBVP/DJI_202609081117_006/DJI_20260908113147_0011_V.MP4,B4,uav-01,V,154.00,2.20,111.678,111.678,3344,3344,2026-09-08 11:33:39.593,2026-09-08 11:33:39.593,1
@raw/04_第四批_20260908_1053_多火点与余热点/02_激光打点与定位验证/01_事后打点候选/无人机01_1581F7K3C251800CYBVP/DJI_202609081117_006/DJI_20260908113147_0011_V.MP4,B4,uav-01,V,153.70,2.20,111.712,111.712,3345,3345,2026-09-08 11:33:39.626,2026-09-08 11:33:39.626,1
@raw/04_第四批_20260908_1053_多火点与余热点/02_激光打点与定位验证/01_事后打点候选/无人机01_1581F7K3C251800CYBVP/DJI_202609081117_006/DJI_20260908113147_0011_V.MP4,B4,uav-01,V,153.50,2.19,111.745,111.745,3346,3346,2026-09-08 11:33:39.661,2026-09-08 11:33:39.661,1
@raw/04_第四批_20260908_1053_多火点与余热点/02_激光打点与定位验证/01_事后打点候选/无人机01_1581F7K3C251800CYBVP/DJI_202609081117_006/DJI_20260908113147_0011_V.MP4,B4,uav-01,V,153.40,2.19,111.778,111.778,3347,3347,2026-09-08 11:33:39.692,2026-09-08 11:33:39.692,1
@raw/04_第四批_20260908_1053_多火点与余热点/02_激光打点与定位验证/01_事后打点候选/无人机01_1581F7K3C251800CYBVP/DJI_202609081117_006/DJI_20260908113147_0011_V.MP4,B4,uav-01,V,153.30,2.19,111.812,111.812,3348,3348,2026-09-08 11:33:39.726,2026-09-08 11:33:39.726,1
@raw/04_第四批_20260908_1053_多火点与余热点/02_激光打点与定位验证/01_事后打点候选/无人机01_1581F7K3C251800CYBVP/DJI_202609081117_006/DJI_20260908113147_0011_V.MP4,B4,uav-01,V,153.00,2.19,111.845,111.845,3349,3349,2026-09-08 11:33:39.760,2026-09-08 11:33:39.760,1
@raw/04_第四批_20260908_1053_多火点与余热点/02_激光打点与定位验证/01_事后打点候选/无人机01_1581F7K3C251800CYBVP/DJI_202609081117_006/DJI_20260908113147_0011_V.MP4,B4,uav-01,V,152.80,2.18,111.878,111.878,3350,3350,2026-09-08 11:33:39.793,2026-09-08 11:33:39.793,1
@raw/04_第四批_20260908_1053_多火点与余热点/02_激光打点与定位验证/01_事后打点候选/无人机01_1581F7K3C251800CYBVP/DJI_202609081117_006/DJI_20260908113147_0011_V.MP4,B4,uav-01,V,152.50,2.18,111.912,111.912,3351,3351,2026-09-08 11:33:39.826,2026-09-08 11:33:39.826,1
@raw/04_第四批_20260908_1053_多火点与余热点/02_激光打点与定位验证/01_事后打点候选/无人机01_1581F7K3C251800CYBVP/DJI_202609081117_006/DJI_20260908113147_0011_V.MP4,B4,uav-01,V,152.20,2.17,111.945,111.945,3352,3352,2026-09-08 11:33:39.860,2026-09-08 11:33:39.860,1
@raw/04_第四批_20260908_1053_多火点与余热点/02_激光打点与定位验证/01_事后打点候选/无人机01_1581F7K3C251800CYBVP/DJI_202609081117_006/DJI_20260908113147_0011_V.MP4,B4,uav-01,V,152.00,2.17,111.979,112.012,3353,3354,2026-09-08 11:33:39.893,2026-09-08 11:33:39.927,2
@raw/04_第四批_20260908_1053_多火点与余热点/02_激光打点与定位验证/01_事后打点候选/无人机01_1581F7K3C251800CYBVP/DJI_202609081117_006/DJI_20260908113147_0011_V.MP4,B4,uav-01,V,151.70,2.17,112.045,112.045,3355,3355,2026-09-08 11:33:39.961,2026-09-08 11:33:39.961,1
@raw/04_第四批_20260908_1053_多火点与余热点/02_激光打点与定位验证/01_事后打点候选/无人机01_1581F7K3C251800CYBVP/DJI_202609081117_006/DJI_20260908113147_0011_V.MP4,B4,uav-01,V,151.60,2.17,112.079,112.079,3356,3356,2026-09-08 11:33:39.993,2026-09-08 11:33:39.993,1
@raw/04_第四批_20260908_1053_多火点与余热点/02_激光打点与定位验证/01_事后打点候选/无人机01_1581F7K3C251800CYBVP/DJI_202609081117_006/DJI_20260908113147_0011_V.MP4,B4,uav-01,V,151.40,2.16,112.112,112.112,3357,3357,2026-09-08 11:33:40.026,2026-09-08 11:33:40.026,1
@raw/04_第四批_20260908_1053_多火点与余热点/02_激光打点与定位验证/01_事后打点候选/无人机01_1581F7K3C251800CYBVP/DJI_202609081117_006/DJI_20260908113147_0011_V.MP4,B4,uav-01,V,151.00,2.16,112.145,112.145,3358,3358,2026-09-08 11:33:40.060,2026-09-08 11:33:40.060,1
@raw/04_第四批_20260908_1053_多火点与余热点/02_激光打点与定位验证/01_事后打点候选/无人机01_1581F7K3C251800CYBVP/DJI_202609081117_006/DJI_20260908113147_0011_V.MP4,B4,uav-01,V,150.80,2.15,112.179,112.212,3359,3360,2026-09-08 11:33:40.094,2026-09-08 11:33:40.127,2
@raw/04_第四批_20260908_1053_多火点与余热点/02_激光打点与定位验证/01_事后打点候选/无人机01_1581F7K3C251800CYBVP/DJI_202609081117_006/DJI_20260908113147_0011_V.MP4,B4,uav-01,V,150.50,2.15,112.245,112.245,3361,3361,2026-09-08 11:33:40.160,2026-09-08 11:33:40.160,1
@raw/04_第四批_20260908_1053_多火点与余热点/02_激光打点与定位验证/01_事后打点候选/无人机01_1581F7K3C251800CYBVP/DJI_202609081117_006/DJI_20260908113147_0011_V.MP4,B4,uav-01,V,150.00,2.14,112.279,112.279,3362,3362,2026-09-08 11:33:40.193,2026-09-08 11:33:40.193,1
@raw/04_第四批_20260908_1053_多火点与余热点/02_激光打点与定位验证/01_事后打点候选/无人机01_1581F7K3C251800CYBVP/DJI_202609081117_006/DJI_20260908113147_0011_V.MP4,B4,uav-01,V,149.70,2.14,112.312,112.312,3363,3363,2026-09-08 11:33:40.227,2026-09-08 11:33:40.227,1
@raw/04_第四批_20260908_1053_多火点与余热点/02_激光打点与定位验证/01_事后打点候选/无人机01_1581F7K3C251800CYBVP/DJI_202609081117_006/DJI_20260908113147_0011_V.MP4,B4,uav-01,V,149.60,2.14,112.346,112.346,3364,3364,2026-09-08 11:33:40.260,2026-09-08 11:33:40.260,1
@raw/04_第四批_20260908_1053_多火点与余热点/02_激光打点与定位验证/01_事后打点候选/无人机01_1581F7K3C251800CYBVP/DJI_202609081117_006/DJI_20260908113147_0011_V.MP4,B4,uav-01,V,149.00,2.13,112.379,112.379,3365,3365,2026-09-08 11:33:40.295,2026-09-08 11:33:40.295,1
@raw/04_第四批_20260908_1053_多火点与余热点/02_激光打点与定位验证/01_事后打点候选/无人机01_1581F7K3C251800CYBVP/DJI_202609081117_006/DJI_20260908113147_0011_V.MP4,B4,uav-01,V,148.70,2.12,112.412,112.412,3366,3366,2026-09-08 11:33:40.328,2026-09-08 11:33:40.328,1
@raw/04_第四批_20260908_1053_多火点与余热点/02_激光打点与定位验证/01_事后打点候选/无人机01_1581F7K3C251800CYBVP/DJI_202609081117_006/DJI_20260908113147_0011_V.MP4,B4,uav-01,V,148.10,2.12,112.446,112.446,3367,3367,2026-09-08 11:33:40.361,2026-09-08 11:33:40.361,1
@raw/04_第四批_20260908_1053_多火点与余热点/02_激光打点与定位验证/01_事后打点候选/无人机01_1581F7K3C251800CYBVP/DJI_202609081117_006/DJI_20260908113147_0011_V.MP4,B4,uav-01,V,147.90,2.11,112.479,112.479,3368,3368,2026-09-08 11:33:40.393,2026-09-08 11:33:40.393,1
@raw/04_第四批_20260908_1053_多火点与余热点/02_激光打点与定位验证/01_事后打点候选/无人机01_1581F7K3C251800CYBVP/DJI_202609081117_006/DJI_20260908113147_0011_V.MP4,B4,uav-01,V,147.30,2.10,112.512,112.512,3369,3369,2026-09-08 11:33:40.427,2026-09-08 11:33:40.427,1
@raw/04_第四批_20260908_1053_多火点与余热点/02_激光打点与定位验证/01_事后打点候选/无人机01_1581F7K3C251800CYBVP/DJI_202609081117_006/DJI_20260908113147_0011_V.MP4,B4,uav-01,V,146.90,2.10,112.546,112.546,3370,3370,2026-09-08 11:33:40.461,2026-09-08 11:33:40.461,1
@raw/04_第四批_20260908_1053_多火点与余热点/02_激光打点与定位验证/01_事后打点候选/无人机01_1581F7K3C251800CYBVP/DJI_202609081117_006/DJI_20260908113147_0011_V.MP4,B4,uav-01,V,146.20,2.09,112.579,112.579,3371,3371,2026-09-08 11:33:40.494,2026-09-08 11:33:40.494,1
@raw/04_第四批_20260908_1053_多火点与余热点/02_激光打点与定位验证/01_事后打点候选/无人机01_1581F7K3C251800CYBVP/DJI_202609081117_006/DJI_20260908113147_0011_V.MP4,B4,uav-01,V,146.10,2.09,112.613,112.613,3372,3372,2026-09-08 11:33:40.527,2026-09-08 11:33:40.527,1
@raw/04_第四批_20260908_1053_多火点与余热点/02_激光打点与定位验证/01_事后打点候选/无人机01_1581F7K3C251800CYBVP/DJI_202609081117_006/DJI_20260908113147_0011_V.MP4,B4,uav-01,V,145.40,2.08,112.646,112.646,3373,3373,2026-09-08 11:33:40.560,2026-09-08 11:33:40.560,1
@raw/04_第四批_20260908_1053_多火点与余热点/02_激光打点与定位验证/01_事后打点候选/无人机01_1581F7K3C251800CYBVP/DJI_202609081117_006/DJI_20260908113147_0011_V.MP4,B4,uav-01,V,145.20,2.07,112.679,112.679,3374,3374,2026-09-08 11:33:40.593,2026-09-08 11:33:40.593,1
@raw/04_第四批_20260908_1053_多火点与余热点/02_激光打点与定位验证/01_事后打点候选/无人机01_1581F7K3C251800CYBVP/DJI_202609081117_006/DJI_20260908113147_0011_V.MP4,B4,uav-01,V,144.30,2.06,112.713,112.746,3375,3376,2026-09-08 11:33:40.627,2026-09-08 11:33:40.660,2
@raw/04_第四批_20260908_1053_多火点与余热点/02_激光打点与定位验证/01_事后打点候选/无人机01_1581F7K3C251800CYBVP/DJI_202609081117_006/DJI_20260908113147_0011_V.MP4,B4,uav-01,V,143.50,2.05,112.779,112.779,3377,3377,2026-09-08 11:33:40.693,2026-09-08 11:33:40.693,1
@raw/04_第四批_20260908_1053_多火点与余热点/02_激光打点与定位验证/01_事后打点候选/无人机01_1581F7K3C251800CYBVP/DJI_202609081117_006/DJI_20260908113147_0011_V.MP4,B4,uav-01,V,143.20,2.05,112.813,112.813,3378,3378,2026-09-08 11:33:40.727,2026-09-08 11:33:40.727,1
@raw/04_第四批_20260908_1053_多火点与余热点/02_激光打点与定位验证/01_事后打点候选/无人机01_1581F7K3C251800CYBVP/DJI_202609081117_006/DJI_20260908113147_0011_V.MP4,B4,uav-01,V,142.40,2.03,112.846,112.846,3379,3379,2026-09-08 11:33:40.761,2026-09-08 11:33:40.761,1
@raw/04_第四批_20260908_1053_多火点与余热点/02_激光打点与定位验证/01_事后打点候选/无人机01_1581F7K3C251800CYBVP/DJI_202609081117_006/DJI_20260908113147_0011_V.MP4,B4,uav-01,V,142.20,2.03,112.879,112.879,3380,3380,2026-09-08 11:33:40.794,2026-09-08 11:33:40.794,1
@raw/04_第四批_20260908_1053_多火点与余热点/02_激光打点与定位验证/01_事后打点候选/无人机01_1581F7K3C251800CYBVP/DJI_202609081117_006/DJI_20260908113147_0011_V.MP4,B4,uav-01,V,141.60,2.02,112.913,112.913,3381,3381,2026-09-08 11:33:40.827,2026-09-08 11:33:40.827,1
@raw/04_第四批_20260908_1053_多火点与余热点/02_激光打点与定位验证/01_事后打点候选/无人机01_1581F7K3C251800CYBVP/DJI_202609081117_006/DJI_20260908113147_0011_V.MP4,B4,uav-01,V,141.40,2.02,112.946,112.946,3382,3382,2026-09-08 11:33:40.861,2026-09-08 11:33:40.861,1
@raw/04_第四批_20260908_1053_多火点与余热点/02_激光打点与定位验证/01_事后打点候选/无人机01_1581F7K3C251800CYBVP/DJI_202609081117_006/DJI_20260908113147_0011_V.MP4,B4,uav-01,V,140.50,2.01,112.98,112.98,3383,3383,2026-09-08 11:33:40.894,2026-09-08 11:33:40.894,1
@raw/04_第四批_20260908_1053_多火点与余热点/02_激光打点与定位验证/01_事后打点候选/无人机01_1581F7K3C251800CYBVP/DJI_202609081117_006/DJI_20260908113147_0011_V.MP4,B4,uav-01,V,140.40,2.01,113.013,113.013,3384,3384,2026-09-08 11:33:40.927,2026-09-08 11:33:40.927,1
@raw/04_第四批_20260908_1053_多火点与余热点/02_激光打点与定位验证/01_事后打点候选/无人机01_1581F7K3C251800CYBVP/DJI_202609081117_006/DJI_20260908113147_0011_V.MP4,B4,uav-01,V,139.60,1.99,113.046,113.046,3385,3385,2026-09-08 11:33:40.961,2026-09-08 11:33:40.961,1
@raw/04_第四批_20260908_1053_多火点与余热点/02_激光打点与定位验证/01_事后打点候选/无人机01_1581F7K3C251800CYBVP/DJI_202609081117_006/DJI_20260908113147_0011_V.MP4,B4,uav-01,V,139.20,1.99,113.08,113.08,3386,3386,2026-09-08 11:33:40.995,2026-09-08 11:33:40.995,1
@raw/04_第四批_20260908_1053_多火点与余热点/02_激光打点与定位验证/01_事后打点候选/无人机01_1581F7K3C251800CYBVP/DJI_202609081117_006/DJI_20260908113147_0011_V.MP4,B4,uav-01,V,138.70,1.98,113.113,113.113,3387,3387,2026-09-08 11:33:41.027,2026-09-08 11:33:41.027,1
@raw/04_第四批_20260908_1053_多火点与余热点/02_激光打点与定位验证/01_事后打点候选/无人机01_1581F7K3C251800CYBVP/DJI_202609081117_006/DJI_20260908113147_0011_V.MP4,B4,uav-01,V,138.30,1.98,113.146,113.146,3388,3388,2026-09-08 11:33:41.061,2026-09-08 11:33:41.061,1
@raw/04_第四批_20260908_1053_多火点与余热点/02_激光打点与定位验证/01_事后打点候选/无人机01_1581F7K3C251800CYBVP/DJI_202609081117_006/DJI_20260908113147_0011_V.MP4,B4,uav-01,V,137.70,1.97,113.18,113.18,3389,3389,2026-09-08 11:33:41.095,2026-09-08 11:33:41.095,1
@raw/04_第四批_20260908_1053_多火点与余热点/02_激光打点与定位验证/01_事后打点候选/无人机01_1581F7K3C251800CYBVP/DJI_202609081117_006/DJI_20260908113147_0011_V.MP4,B4,uav-01,V,137.50,1.96,113.213,113.213,3390,3390,2026-09-08 11:33:41.128,2026-09-08 11:33:41.128,1
@raw/04_第四批_20260908_1053_多火点与余热点/02_激光打点与定位验证/01_事后打点候选/无人机01_1581F7K3C251800CYBVP/DJI_202609081117_006/DJI_20260908113147_0011_V.MP4,B4,uav-01,V,136.80,1.95,113.246,113.246,3391,3391,2026-09-08 11:33:41.161,2026-09-08 11:33:41.161,1
@raw/04_第四批_20260908_1053_多火点与余热点/02_激光打点与定位验证/01_事后打点候选/无人机01_1581F7K3C251800CYBVP/DJI_202609081117_006/DJI_20260908113147_0011_V.MP4,B4,uav-01,V,136.50,1.95,113.28,113.28,3392,3392,2026-09-08 11:33:41.195,2026-09-08 11:33:41.195,1
@raw/04_第四批_20260908_1053_多火点与余热点/02_激光打点与定位验证/01_事后打点候选/无人机01_1581F7K3C251800CYBVP/DJI_202609081117_006/DJI_20260908113147_0011_V.MP4,B4,uav-01,V,135.90,1.94,113.313,113.313,3393,3393,2026-09-08 11:33:41.228,2026-09-08 11:33:41.228,1
@raw/04_第四批_20260908_1053_多火点与余热点/02_激光打点与定位验证/01_事后打点候选/无人机01_1581F7K3C251800CYBVP/DJI_202609081117_006/DJI_20260908113147_0011_V.MP4,B4,uav-01,V,135.80,1.94,113.347,113.347,3394,3394,2026-09-08 11:33:41.261,2026-09-08 11:33:41.261,1
@raw/04_第四批_20260908_1053_多火点与余热点/02_激光打点与定位验证/01_事后打点候选/无人机01_1581F7K3C251800CYBVP/DJI_202609081117_006/DJI_20260908113147_0011_V.MP4,B4,uav-01,V,135.00,1.93,113.38,113.38,3395,3395,2026-09-08 11:33:41.294,2026-09-08 11:33:41.294,1
@raw/04_第四批_20260908_1053_多火点与余热点/02_激光打点与定位验证/01_事后打点候选/无人机01_1581F7K3C251800CYBVP/DJI_202609081117_006/DJI_20260908113147_0011_V.MP4,B4,uav-01,V,134.80,1.93,113.413,113.413,3396,3396,2026-09-08 11:33:41.328,2026-09-08 11:33:41.328,1
@raw/04_第四批_20260908_1053_多火点与余热点/02_激光打点与定位验证/01_事后打点候选/无人机01_1581F7K3C251800CYBVP/DJI_202609081117_006/DJI_20260908113147_0011_V.MP4,B4,uav-01,V,134.10,1.92,113.447,113.447,3397,3397,2026-09-08 11:33:41.361,2026-09-08 11:33:41.361,1
@raw/04_第四批_20260908_1053_多火点与余热点/02_激光打点与定位验证/01_事后打点候选/无人机01_1581F7K3C251800CYBVP/DJI_202609081117_006/DJI_20260908113147_0011_V.MP4,B4,uav-01,V,133.90,1.91,113.48,113.48,3398,3398,2026-09-08 11:33:41.394,2026-09-08 11:33:41.394,1
@raw/04_第四批_20260908_1053_多火点与余热点/02_激光打点与定位验证/01_事后打点候选/无人机01_1581F7K3C251800CYBVP/DJI_202609081117_006/DJI_20260908113147_0011_V.MP4,B4,uav-01,V,133.40,1.91,113.513,113.513,3399,3399,2026-09-08 11:33:41.428,2026-09-08 11:33:41.428,1
@raw/04_第四批_20260908_1053_多火点与余热点/02_激光打点与定位验证/01_事后打点候选/无人机01_1581F7K3C251800CYBVP/DJI_202609081117_006/DJI_20260908113147_0011_V.MP4,B4,uav-01,V,133.30,1.90,113.547,113.547,3400,3400,2026-09-08 11:33:41.461,2026-09-08 11:33:41.461,1
@raw/04_第四批_20260908_1053_多火点与余热点/02_激光打点与定位验证/01_事后打点候选/无人机01_1581F7K3C251800CYBVP/DJI_202609081117_006/DJI_20260908113147_0011_V.MP4,B4,uav-01,V,132.50,1.89,113.58,113.58,3401,3401,2026-09-08 11:33:41.494,2026-09-08 11:33:41.494,1
@raw/04_第四批_20260908_1053_多火点与余热点/02_激光打点与定位验证/01_事后打点候选/无人机01_1581F7K3C251800CYBVP/DJI_202609081117_006/DJI_20260908113147_0011_V.MP4,B4,uav-01,V,132.40,1.89,113.614,113.614,3402,3402,2026-09-08 11:33:41.528,2026-09-08 11:33:41.528,1
@raw/04_第四批_20260908_1053_多火点与余热点/02_激光打点与定位验证/01_事后打点候选/无人机01_1581F7K3C251800CYBVP/DJI_202609081117_006/DJI_20260908113147_0011_V.MP4,B4,uav-01,V,131.80,1.88,113.647,113.647,3403,3403,2026-09-08 11:33:41.561,2026-09-08 11:33:41.561,1
@raw/04_第四批_20260908_1053_多火点与余热点/02_激光打点与定位验证/01_事后打点候选/无人机01_1581F7K3C251800CYBVP/DJI_202609081117_006/DJI_20260908113147_0011_V.MP4,B4,uav-01,V,131.50,1.88,113.68,113.68,3404,3404,2026-09-08 11:33:41.595,2026-09-08 11:33:41.595,1
@raw/04_第四批_20260908_1053_多火点与余热点/02_激光打点与定位验证/01_事后打点候选/无人机01_1581F7K3C251800CYBVP/DJI_202609081117_006/DJI_20260908113147_0011_V.MP4,B4,uav-01,V,131.00,1.87,113.714,113.714,3405,3405,2026-09-08 11:33:41.628,2026-09-08 11:33:41.628,1
@raw/04_第四批_20260908_1053_多火点与余热点/02_激光打点与定位验证/01_事后打点候选/无人机01_1581F7K3C251800CYBVP/DJI_202609081117_006/DJI_20260908113147_0011_V.MP4,B4,uav-01,V,130.80,1.87,113.747,113.747,3406,3406,2026-09-08 11:33:41.661,2026-09-08 11:33:41.661,1
@raw/04_第四批_20260908_1053_多火点与余热点/02_激光打点与定位验证/01_事后打点候选/无人机01_1581F7K3C251800CYBVP/DJI_202609081117_006/DJI_20260908113147_0011_V.MP4,B4,uav-01,V,130.30,1.86,113.78,113.78,3407,3407,2026-09-08 11:33:41.694,2026-09-08 11:33:41.694,1
@raw/04_第四批_20260908_1053_多火点与余热点/02_激光打点与定位验证/01_事后打点候选/无人机01_1581F7K3C251800CYBVP/DJI_202609081117_006/DJI_20260908113147_0011_V.MP4,B4,uav-01,V,130.00,1.86,113.814,113.814,3408,3408,2026-09-08 11:33:41.728,2026-09-08 11:33:41.728,1
@raw/04_第四批_20260908_1053_多火点与余热点/02_激光打点与定位验证/01_事后打点候选/无人机01_1581F7K3C251800CYBVP/DJI_202609081117_006/DJI_20260908113147_0011_V.MP4,B4,uav-01,V,129.50,1.85,113.847,113.847,3409,3409,2026-09-08 11:33:41.761,2026-09-08 11:33:41.761,1
@raw/04_第四批_20260908_1053_多火点与余热点/02_激光打点与定位验证/01_事后打点候选/无人机01_1581F7K3C251800CYBVP/DJI_202609081117_006/DJI_20260908113147_0011_V.MP4,B4,uav-01,V,129.40,1.85,113.88,113.88,3410,3410,2026-09-08 11:33:41.795,2026-09-08 11:33:41.795,1
@raw/04_第四批_20260908_1053_多火点与余热点/02_激光打点与定位验证/01_事后打点候选/无人机01_1581F7K3C251800CYBVP/DJI_202609081117_006/DJI_20260908113147_0011_V.MP4,B4,uav-01,V,128.80,1.84,113.914,113.914,3411,3411,2026-09-08 11:33:41.828,2026-09-08 11:33:41.828,1
@raw/04_第四批_20260908_1053_多火点与余热点/02_激光打点与定位验证/01_事后打点候选/无人机01_1581F7K3C251800CYBVP/DJI_202609081117_006/DJI_20260908113147_0011_V.MP4,B4,uav-01,V,128.60,1.84,113.947,113.947,3412,3412,2026-09-08 11:33:41.862,2026-09-08 11:33:41.862,1
@raw/04_第四批_20260908_1053_多火点与余热点/02_激光打点与定位验证/01_事后打点候选/无人机01_1581F7K3C251800CYBVP/DJI_202609081117_006/DJI_20260908113147_0011_V.MP4,B4,uav-01,V,128.10,1.83,113.981,114.014,3413,3414,2026-09-08 11:33:41.895,2026-09-08 11:33:41.929,2
@raw/04_第四批_20260908_1053_多火点与余热点/02_激光打点与定位验证/01_事后打点候选/无人机01_1581F7K3C251800CYBVP/DJI_202609081117_006/DJI_20260908113147_0011_V.MP4,B4,uav-01,V,127.40,1.82,114.047,114.047,3415,3415,2026-09-08 11:33:41.962,2026-09-08 11:33:41.962,1
@raw/04_第四批_20260908_1053_多火点与余热点/02_激光打点与定位验证/01_事后打点候选/无人机01_1581F7K3C251800CYBVP/DJI_202609081117_006/DJI_20260908113147_0011_V.MP4,B4,uav-01,V,127.30,1.82,114.081,114.081,3416,3416,2026-09-08 11:33:41.995,2026-09-08 11:33:41.995,1
@raw/04_第四批_20260908_1053_多火点与余热点/02_激光打点与定位验证/01_事后打点候选/无人机01_1581F7K3C251800CYBVP/DJI_202609081117_006/DJI_20260908113147_0011_V.MP4,B4,uav-01,V,126.80,1.81,114.114,114.114,3417,3417,2026-09-08 11:33:42.028,2026-09-08 11:33:42.028,1
@raw/04_第四批_20260908_1053_多火点与余热点/02_激光打点与定位验证/01_事后打点候选/无人机01_1581F7K3C251800CYBVP/DJI_202609081117_006/DJI_20260908113147_0011_V.MP4,B4,uav-01,V,126.70,1.81,114.147,114.147,3418,3418,2026-09-08 11:33:42.062,2026-09-08 11:33:42.062,1
@raw/04_第四批_20260908_1053_多火点与余热点/02_激光打点与定位验证/01_事后打点候选/无人机01_1581F7K3C251800CYBVP/DJI_202609081117_006/DJI_20260908113147_0011_V.MP4,B4,uav-01,V,126.10,1.80,114.181,114.214,3419,3420,2026-09-08 11:33:42.095,2026-09-08 11:33:42.129,2
@raw/04_第四批_20260908_1053_多火点与余热点/02_激光打点与定位验证/01_事后打点候选/无人机01_1581F7K3C251800CYBVP/DJI_202609081117_006/DJI_20260908113147_0011_V.MP4,B4,uav-01,V,125.50,1.79,114.247,114.247,3421,3421,2026-09-08 11:33:42.162,2026-09-08 11:33:42.162,1
@raw/04_第四批_20260908_1053_多火点与余热点/02_激光打点与定位验证/01_事后打点候选/无人机01_1581F7K3C251800CYBVP/DJI_202609081117_006/DJI_20260908113147_0011_V.MP4,B4,uav-01,V,125.20,1.79,114.281,114.281,3422,3422,2026-09-08 11:33:42.195,2026-09-08 11:33:42.195,1
@raw/04_第四批_20260908_1053_多火点与余热点/02_激光打点与定位验证/01_事后打点候选/无人机01_1581F7K3C251800CYBVP/DJI_202609081117_006/DJI_20260908113147_0011_V.MP4,B4,uav-01,V,124.80,1.78,114.314,114.314,3423,3423,2026-09-08 11:33:42.229,2026-09-08 11:33:42.229,1
@raw/04_第四批_20260908_1053_多火点与余热点/02_激光打点与定位验证/01_事后打点候选/无人机01_1581F7K3C251800CYBVP/DJI_202609081117_006/DJI_20260908113147_0011_V.MP4,B4,uav-01,V,124.70,1.78,114.348,114.348,3424,3424,2026-09-08 11:33:42.262,2026-09-08 11:33:42.262,1
@raw/04_第四批_20260908_1053_多火点与余热点/02_激光打点与定位验证/01_事后打点候选/无人机01_1581F7K3C251800CYBVP/DJI_202609081117_006/DJI_20260908113147_0011_V.MP4,B4,uav-01,V,124.20,1.77,114.381,114.381,3425,3425,2026-09-08 11:33:42.295,2026-09-08 11:33:42.295,1
@raw/04_第四批_20260908_1053_多火点与余热点/02_激光打点与定位验证/01_事后打点候选/无人机01_1581F7K3C251800CYBVP/DJI_202609081117_006/DJI_20260908113147_0011_V.MP4,B4,uav-01,V,124.00,1.77,114.414,114.414,3426,3426,2026-09-08 11:33:42.329,2026-09-08 11:33:42.329,1
@raw/04_第四批_20260908_1053_多火点与余热点/02_激光打点与定位验证/01_事后打点候选/无人机01_1581F7K3C251800CYBVP/DJI_202609081117_006/DJI_20260908113147_0011_V.MP4,B4,uav-01,V,123.50,1.76,114.448,114.448,3427,3427,2026-09-08 11:33:42.362,2026-09-08 11:33:42.362,1
@raw/04_第四批_20260908_1053_多火点与余热点/02_激光打点与定位验证/01_事后打点候选/无人机01_1581F7K3C251800CYBVP/DJI_202609081117_006/DJI_20260908113147_0011_V.MP4,B4,uav-01,V,123.30,1.76,114.481,114.514,3428,3429,2026-09-08 11:33:42.395,2026-09-08 11:33:42.429,2
@raw/04_第四批_20260908_1053_多火点与余热点/02_激光打点与定位验证/01_事后打点候选/无人机01_1581F7K3C251800CYBVP/DJI_202609081117_006/DJI_20260908113147_0011_V.MP4,B4,uav-01,V,122.60,1.75,114.548,114.548,3430,3430,2026-09-08 11:33:42.462,2026-09-08 11:33:42.462,1
@raw/04_第四批_20260908_1053_多火点与余热点/02_激光打点与定位验证/01_事后打点候选/无人机01_1581F7K3C251800CYBVP/DJI_202609081117_006/DJI_20260908113147_0011_V.MP4,B4,uav-01,V,122.20,1.75,114.581,114.581,3431,3431,2026-09-08 11:33:42.495,2026-09-08 11:33:42.495,1
@raw/04_第四批_20260908_1053_多火点与余热点/02_激光打点与定位验证/01_事后打点候选/无人机01_1581F7K3C251800CYBVP/DJI_202609081117_006/DJI_20260908113147_0011_V.MP4,B4,uav-01,V,122.10,1.74,114.615,114.615,3432,3432,2026-09-08 11:33:42.529,2026-09-08 11:33:42.529,1
@raw/04_第四批_20260908_1053_多火点与余热点/02_激光打点与定位验证/01_事后打点候选/无人机01_1581F7K3C251800CYBVP/DJI_202609081117_006/DJI_20260908113147_0011_V.MP4,B4,uav-01,V,121.80,1.74,114.648,114.648,3433,3433,2026-09-08 11:33:42.562,2026-09-08 11:33:42.562,1
@raw/04_第四批_20260908_1053_多火点与余热点/02_激光打点与定位验证/01_事后打点候选/无人机01_1581F7K3C251800CYBVP/DJI_202609081117_006/DJI_20260908113147_0011_V.MP4,B4,uav-01,V,121.70,1.74,114.681,114.681,3434,3434,2026-09-08 11:33:42.596,2026-09-08 11:33:42.596,1
@raw/04_第四批_20260908_1053_多火点与余热点/02_激光打点与定位验证/01_事后打点候选/无人机01_1581F7K3C251800CYBVP/DJI_202609081117_006/DJI_20260908113147_0011_V.MP4,B4,uav-01,V,120.90,1.73,114.715,114.748,3435,3436,2026-09-08 11:33:42.629,2026-09-08 11:33:42.662,2
@raw/04_第四批_20260908_1053_多火点与余热点/02_激光打点与定位验证/01_事后打点候选/无人机01_1581F7K3C251800CYBVP/DJI_202609081117_006/DJI_20260908113147_0011_V.MP4,B4,uav-01,V,120.40,1.72,114.781,114.815,3437,3438,2026-09-08 11:33:42.695,2026-09-08 11:33:42.730,2
@raw/04_第四批_20260908_1053_多火点与余热点/02_激光打点与定位验证/01_事后打点候选/无人机01_1581F7K3C251800CYBVP/DJI_202609081117_006/DJI_20260908113147_0011_V.MP4,B4,uav-01,V,119.70,1.71,114.848,114.848,3439,3439,2026-09-08 11:33:42.763,2026-09-08 11:33:42.763,1
@raw/04_第四批_20260908_1053_多火点与余热点/02_激光打点与定位验证/01_事后打点候选/无人机01_1581F7K3C251800CYBVP/DJI_202609081117_006/DJI_20260908113147_0011_V.MP4,B4,uav-01,V,119.60,1.71,114.881,114.881,3440,3440,2026-09-08 11:33:42.796,2026-09-08 11:33:42.796,1
@raw/04_第四批_20260908_1053_多火点与余热点/02_激光打点与定位验证/01_事后打点候选/无人机01_1581F7K3C251800CYBVP/DJI_202609081117_006/DJI_20260908113147_0011_V.MP4,B4,uav-01,V,119.20,1.70,114.915,114.915,3441,3441,2026-09-08 11:33:42.829,2026-09-08 11:33:42.829,1
@raw/04_第四批_20260908_1053_多火点与余热点/02_激光打点与定位验证/01_事后打点候选/无人机01_1581F7K3C251800CYBVP/DJI_202609081117_006/DJI_20260908113147_0011_V.MP4,B4,uav-01,V,119.10,1.70,114.948,114.948,3442,3442,2026-09-08 11:33:42.863,2026-09-08 11:33:42.863,1
@raw/04_第四批_20260908_1053_多火点与余热点/02_激光打点与定位验证/01_事后打点候选/无人机01_1581F7K3C251800CYBVP/DJI_202609081117_006/DJI_20260908113147_0011_V.MP4,B4,uav-01,V,118.50,1.69,114.982,115.015,3443,3444,2026-09-08 11:33:42.896,2026-09-08 11:33:42.929,2
@raw/04_第四批_20260908_1053_多火点与余热点/02_激光打点与定位验证/01_事后打点候选/无人机01_1581F7K3C251800CYBVP/DJI_202609081117_006/DJI_20260908113147_0011_V.MP4,B4,uav-01,V,118.10,1.69,115.048,115.048,3445,3445,2026-09-08 11:33:42.963,2026-09-08 11:33:42.963,1
@raw/04_第四批_20260908_1053_多火点与余热点/02_激光打点与定位验证/01_事后打点候选/无人机01_1581F7K3C251800CYBVP/DJI_202609081117_006/DJI_20260908113147_0011_V.MP4,B4,uav-01,V,117.90,1.68,115.082,115.082,3446,3446,2026-09-08 11:33:42.996,2026-09-08 11:33:42.996,1
@raw/04_第四批_20260908_1053_多火点与余热点/02_激光打点与定位验证/01_事后打点候选/无人机01_1581F7K3C251800CYBVP/DJI_202609081117_006/DJI_20260908113147_0011_V.MP4,B4,uav-01,V,117.50,1.68,115.115,115.115,3447,3447,2026-09-08 11:33:43.029,2026-09-08 11:33:43.029,1
@raw/04_第四批_20260908_1053_多火点与余热点/02_激光打点与定位验证/01_事后打点候选/无人机01_1581F7K3C251800CYBVP/DJI_202609081117_006/DJI_20260908113147_0011_V.MP4,B4,uav-01,V,117.30,1.68,115.148,115.148,3448,3448,2026-09-08 11:33:43.063,2026-09-08 11:33:43.063,1
@raw/04_第四批_20260908_1053_多火点与余热点/02_激光打点与定位验证/01_事后打点候选/无人机01_1581F7K3C251800CYBVP/DJI_202609081117_006/DJI_20260908113147_0011_V.MP4,B4,uav-01,V,117.00,1.67,115.182,115.215,3449,3450,2026-09-08 11:33:43.097,2026-09-08 11:33:43.129,2
@raw/04_第四批_20260908_1053_多火点与余热点/02_激光打点与定位验证/01_事后打点候选/无人机01_1581F7K3C251800CYBVP/DJI_202609081117_006/DJI_20260908113147_0011_V.MP4,B4,uav-01,V,116.50,1.66,115.248,115.248,3451,3451,2026-09-08 11:33:43.163,2026-09-08 11:33:43.163,1
@raw/04_第四批_20260908_1053_多火点与余热点/02_激光打点与定位验证/01_事后打点候选/无人机01_1581F7K3C251800CYBVP/DJI_202609081117_006/DJI_20260908113147_0011_V.MP4,B4,uav-01,V,116.20,1.66,115.282,115.282,3452,3452,2026-09-08 11:33:43.196,2026-09-08 11:33:43.196,1
@raw/04_第四批_20260908_1053_多火点与余热点/02_激光打点与定位验证/01_事后打点候选/无人机01_1581F7K3C251800CYBVP/DJI_202609081117_006/DJI_20260908113147_0011_V.MP4,B4,uav-01,V,115.90,1.66,115.315,115.349,3453,3454,2026-09-08 11:33:43.230,2026-09-08 11:33:43.263,2
@raw/04_第四批_20260908_1053_多火点与余热点/02_激光打点与定位验证/01_事后打点候选/无人机01_1581F7K3C251800CYBVP/DJI_202609081117_006/DJI_20260908113147_0011_V.MP4,B4,uav-01,V,115.40,1.65,115.382,115.382,3455,3455,2026-09-08 11:33:43.296,2026-09-08 11:33:43.296,1
@raw/04_第四批_20260908_1053_多火点与余热点/02_激光打点与定位验证/01_事后打点候选/无人机01_1581F7K3C251800CYBVP/DJI_202609081117_006/DJI_20260908113147_0011_V.MP4,B4,uav-01,V,115.30,1.65,115.415,115.415,3456,3456,2026-09-08 11:33:43.331,2026-09-08 11:33:43.331,1
@raw/04_第四批_20260908_1053_多火点与余热点/02_激光打点与定位验证/01_事后打点候选/无人机01_1581F7K3C251800CYBVP/DJI_202609081117_006/DJI_20260908113147_0011_V.MP4,B4,uav-01,V,114.90,1.64,115.449,115.449,3457,3457,2026-09-08 11:33:43.364,2026-09-08 11:33:43.364,1
@raw/04_第四批_20260908_1053_多火点与余热点/02_激光打点与定位验证/01_事后打点候选/无人机01_1581F7K3C251800CYBVP/DJI_202609081117_006/DJI_20260908113147_0011_V.MP4,B4,uav-01,V,114.70,1.64,115.482,115.482,3458,3458,2026-09-08 11:33:43.396,2026-09-08 11:33:43.396,1
@raw/04_第四批_20260908_1053_多火点与余热点/02_激光打点与定位验证/01_事后打点候选/无人机01_1581F7K3C251800CYBVP/DJI_202609081117_006/DJI_20260908113147_0011_V.MP4,B4,uav-01,V,114.40,1.63,115.515,115.515,3459,3459,2026-09-08 11:33:43.430,2026-09-08 11:33:43.430,1
@raw/04_第四批_20260908_1053_多火点与余热点/02_激光打点与定位验证/01_事后打点候选/无人机01_1581F7K3C251800CYBVP/DJI_202609081117_006/DJI_20260908113147_0011_V.MP4,B4,uav-01,V,114.20,1.63,115.549,115.582,3460,3461,2026-09-08 11:33:43.463,2026-09-08 11:33:43.497,2
@raw/04_第四批_20260908_1053_多火点与余热点/02_激光打点与定位验证/01_事后打点候选/无人机01_1581F7K3C251800CYBVP/DJI_202609081117_006/DJI_20260908113147_0011_V.MP4,B4,uav-01,V,113.80,1.63,115.616,115.616,3462,3462,2026-09-08 11:33:43.530,2026-09-08 11:33:43.530,1
@raw/04_第四批_20260908_1053_多火点与余热点/02_激光打点与定位验证/01_事后打点候选/无人机01_1581F7K3C251800CYBVP/DJI_202609081117_006/DJI_20260908113147_0011_V.MP4,B4,uav-01,V,113.30,1.62,115.649,115.649,3463,3463,2026-09-08 11:33:43.564,2026-09-08 11:33:43.564,1
@raw/04_第四批_20260908_1053_多火点与余热点/02_激光打点与定位验证/01_事后打点候选/无人机01_1581F7K3C251800CYBVP/DJI_202609081117_006/DJI_20260908113147_0011_V.MP4,B4,uav-01,V,113.20,1.62,115.682,115.682,3464,3464,2026-09-08 11:33:43.597,2026-09-08 11:33:43.597,1
@raw/04_第四批_20260908_1053_多火点与余热点/02_激光打点与定位验证/01_事后打点候选/无人机01_1581F7K3C251800CYBVP/DJI_202609081117_006/DJI_20260908113147_0011_V.MP4,B4,uav-01,V,113.00,1.61,115.716,115.716,3465,3465,2026-09-08 11:33:43.630,2026-09-08 11:33:43.630,1
@raw/04_第四批_20260908_1053_多火点与余热点/02_激光打点与定位验证/01_事后打点候选/无人机01_1581F7K3C251800CYBVP/DJI_202609081117_006/DJI_20260908113147_0011_V.MP4,B4,uav-01,V,112.60,1.61,115.749,115.749,3466,3466,2026-09-08 11:33:43.664,2026-09-08 11:33:43.664,1
@raw/04_第四批_20260908_1053_多火点与余热点/02_激光打点与定位验证/01_事后打点候选/无人机01_1581F7K3C251800CYBVP/DJI_202609081117_006/DJI_20260908113147_0011_V.MP4,B4,uav-01,V,112.50,1.61,115.782,115.782,3467,3467,2026-09-08 11:33:43.697,2026-09-08 11:33:43.697,1
@raw/04_第四批_20260908_1053_多火点与余热点/02_激光打点与定位验证/01_事后打点候选/无人机01_1581F7K3C251800CYBVP/DJI_202609081117_006/DJI_20260908113147_0011_V.MP4,B4,uav-01,V,112.10,1.60,115.816,115.816,3468,3468,2026-09-08 11:33:43.730,2026-09-08 11:33:43.730,1
@raw/04_第四批_20260908_1053_多火点与余热点/02_激光打点与定位验证/01_事后打点候选/无人机01_1581F7K3C251800CYBVP/DJI_202609081117_006/DJI_20260908113147_0011_V.MP4,B4,uav-01,V,111.80,1.60,115.849,115.882,3469,3470,2026-09-08 11:33:43.764,2026-09-08 11:33:43.797,2
@raw/04_第四批_20260908_1053_多火点与余热点/02_激光打点与定位验证/01_事后打点候选/无人机01_1581F7K3C251800CYBVP/DJI_202609081117_006/DJI_20260908113147_0011_V.MP4,B4,uav-01,V,111.30,1.59,115.916,115.916,3471,3471,2026-09-08 11:33:43.830,2026-09-08 11:33:43.830,1
@raw/04_第四批_20260908_1053_多火点与余热点/02_激光打点与定位验证/01_事后打点候选/无人机01_1581F7K3C251800CYBVP/DJI_202609081117_006/DJI_20260908113147_0011_V.MP4,B4,uav-01,V,111.20,1.59,115.949,115.949,3472,3472,2026-09-08 11:33:43.864,2026-09-08 11:33:43.864,1
@raw/04_第四批_20260908_1053_多火点与余热点/02_激光打点与定位验证/01_事后打点候选/无人机01_1581F7K3C251800CYBVP/DJI_202609081117_006/DJI_20260908113147_0011_V.MP4,B4,uav-01,V,110.50,1.58,115.983,116.016,3473,3474,2026-09-08 11:33:43.898,2026-09-08 11:33:43.930,2
@raw/04_第四批_20260908_1053_多火点与余热点/02_激光打点与定位验证/01_事后打点候选/无人机01_1581F7K3C251800CYBVP/DJI_202609081117_006/DJI_20260908113147_0011_V.MP4,B4,uav-01,V,110.00,1.57,116.049,116.049,3475,3475,2026-09-08 11:33:43.964,2026-09-08 11:33:43.964,1
@raw/04_第四批_20260908_1053_多火点与余热点/02_激光打点与定位验证/01_事后打点候选/无人机01_1581F7K3C251800CYBVP/DJI_202609081117_006/DJI_20260908113147_0011_V.MP4,B4,uav-01,V,109.80,1.57,116.083,116.083,3476,3476,2026-09-08 11:33:43.998,2026-09-08 11:33:43.998,1
@raw/04_第四批_20260908_1053_多火点与余热点/02_激光打点与定位验证/01_事后打点候选/无人机01_1581F7K3C251800CYBVP/DJI_202609081117_006/DJI_20260908113147_0011_V.MP4,B4,uav-01,V,109.70,1.57,116.116,116.116,3477,3477,2026-09-08 11:33:44.031,2026-09-08 11:33:44.031,1
@raw/04_第四批_20260908_1053_多火点与余热点/02_激光打点与定位验证/01_事后打点候选/无人机01_1581F7K3C251800CYBVP/DJI_202609081117_006/DJI_20260908113147_0011_V.MP4,B4,uav-01,V,109.20,1.56,116.149,116.149,3478,3478,2026-09-08 11:33:44.064,2026-09-08 11:33:44.064,1
@raw/04_第四批_20260908_1053_多火点与余热点/02_激光打点与定位验证/01_事后打点候选/无人机01_1581F7K3C251800CYBVP/DJI_202609081117_006/DJI_20260908113147_0011_V.MP4,B4,uav-01,V,108.70,1.55,116.183,116.183,3479,3479,2026-09-08 11:33:44.098,2026-09-08 11:33:44.098,1
@raw/04_第四批_20260908_1053_多火点与余热点/02_激光打点与定位验证/01_事后打点候选/无人机01_1581F7K3C251800CYBVP/DJI_202609081117_006/DJI_20260908113147_0011_V.MP4,B4,uav-01,V,108.60,1.55,116.216,116.216,3480,3480,2026-09-08 11:33:44.131,2026-09-08 11:33:44.131,1
@raw/04_第四批_20260908_1053_多火点与余热点/02_激光打点与定位验证/01_事后打点候选/无人机01_1581F7K3C251800CYBVP/DJI_202609081117_006/DJI_20260908113147_0011_V.MP4,B4,uav-01,V,108.20,1.55,116.249,116.249,3481,3481,2026-09-08 11:33:44.164,2026-09-08 11:33:44.164,1
@raw/04_第四批_20260908_1053_多火点与余热点/02_激光打点与定位验证/01_事后打点候选/无人机01_1581F7K3C251800CYBVP/DJI_202609081117_006/DJI_20260908113147_0011_V.MP4,B4,uav-01,V,107.80,1.54,116.283,116.283,3482,3482,2026-09-08 11:33:44.197,2026-09-08 11:33:44.197,1
@raw/04_第四批_20260908_1053_多火点与余热点/02_激光打点与定位验证/01_事后打点候选/无人机01_1581F7K3C251800CYBVP/DJI_202609081117_006/DJI_20260908113147_0011_V.MP4,B4,uav-01,V,107.40,1.53,116.316,116.316,3483,3483,2026-09-08 11:33:44.231,2026-09-08 11:33:44.231,1
@raw/04_第四批_20260908_1053_多火点与余热点/02_激光打点与定位验证/01_事后打点候选/无人机01_1581F7K3C251800CYBVP/DJI_202609081117_006/DJI_20260908113147_0011_V.MP4,B4,uav-01,V,107.10,1.53,116.35,116.35,3484,3484,2026-09-08 11:33:44.264,2026-09-08 11:33:44.264,1
@raw/04_第四批_20260908_1053_多火点与余热点/02_激光打点与定位验证/01_事后打点候选/无人机01_1581F7K3C251800CYBVP/DJI_202609081117_006/DJI_20260908113147_0011_V.MP4,B4,uav-01,V,106.60,1.52,116.383,116.383,3485,3485,2026-09-08 11:33:44.297,2026-09-08 11:33:44.297,1
@raw/04_第四批_20260908_1053_多火点与余热点/02_激光打点与定位验证/01_事后打点候选/无人机01_1581F7K3C251800CYBVP/DJI_202609081117_006/DJI_20260908113147_0011_V.MP4,B4,uav-01,V,106.50,1.52,116.416,116.416,3486,3486,2026-09-08 11:33:44.333,2026-09-08 11:33:44.333,1
@raw/04_第四批_20260908_1053_多火点与余热点/02_激光打点与定位验证/01_事后打点候选/无人机01_1581F7K3C251800CYBVP/DJI_202609081117_006/DJI_20260908113147_0011_V.MP4,B4,uav-01,V,105.90,1.51,116.45,116.45,3487,3487,2026-09-08 11:33:44.364,2026-09-08 11:33:44.364,1
@raw/04_第四批_20260908_1053_多火点与余热点/02_激光打点与定位验证/01_事后打点候选/无人机01_1581F7K3C251800CYBVP/DJI_202609081117_006/DJI_20260908113147_0011_V.MP4,B4,uav-01,V,105.50,1.51,116.483,116.516,3488,3489,2026-09-08 11:33:44.398,2026-09-08 11:33:44.431,2
@raw/04_第四批_20260908_1053_多火点与余热点/02_激光打点与定位验证/01_事后打点候选/无人机01_1581F7K3C251800CYBVP/DJI_202609081117_006/DJI_20260908113147_0011_V.MP4,B4,uav-01,V,104.90,1.50,116.55,116.55,3490,3490,2026-09-08 11:33:44.464,2026-09-08 11:33:44.464,1
@raw/04_第四批_20260908_1053_多火点与余热点/02_激光打点与定位验证/01_事后打点候选/无人机01_1581F7K3C251800CYBVP/DJI_202609081117_006/DJI_20260908113147_0011_V.MP4,B4,uav-01,V,104.30,1.49,116.583,116.583,3491,3491,2026-09-08 11:33:44.498,2026-09-08 11:33:44.498,1
@raw/04_第四批_20260908_1053_多火点与余热点/02_激光打点与定位验证/01_事后打点候选/无人机01_1581F7K3C251800CYBVP/DJI_202609081117_006/DJI_20260908113147_0011_V.MP4,B4,uav-01,V,104.00,1.49,116.617,116.617,3492,3492,2026-09-08 11:33:44.531,2026-09-08 11:33:44.531,1
@raw/04_第四批_20260908_1053_多火点与余热点/02_激光打点与定位验证/01_事后打点候选/无人机01_1581F7K3C251800CYBVP/DJI_202609081117_006/DJI_20260908113147_0011_V.MP4,B4,uav-01,V,103.80,1.48,116.65,116.65,3493,3493,2026-09-08 11:33:44.565,2026-09-08 11:33:44.565,1
@raw/04_第四批_20260908_1053_多火点与余热点/02_激光打点与定位验证/01_事后打点候选/无人机01_1581F7K3C251800CYBVP/DJI_202609081117_006/DJI_20260908113147_0011_V.MP4,B4,uav-01,V,103.70,1.48,116.683,116.683,3494,3494,2026-09-08 11:33:44.599,2026-09-08 11:33:44.599,1
@raw/04_第四批_20260908_1053_多火点与余热点/02_激光打点与定位验证/01_事后打点候选/无人机01_1581F7K3C251800CYBVP/DJI_202609081117_006/DJI_20260908113147_0011_V.MP4,B4,uav-01,V,103.00,1.47,116.717,116.717,3495,3495,2026-09-08 11:33:44.634,2026-09-08 11:33:44.634,1
@raw/04_第四批_20260908_1053_多火点与余热点/02_激光打点与定位验证/01_事后打点候选/无人机01_1581F7K3C251800CYBVP/DJI_202609081117_006/DJI_20260908113147_0011_V.MP4,B4,uav-01,V,102.40,1.46,116.75,116.75,3496,3496,2026-09-08 11:33:44.665,2026-09-08 11:33:44.665,1
@raw/04_第四批_20260908_1053_多火点与余热点/02_激光打点与定位验证/01_事后打点候选/无人机01_1581F7K3C251800CYBVP/DJI_202609081117_006/DJI_20260908113147_0011_V.MP4,B4,uav-01,V,102.00,1.46,116.783,116.817,3497,3498,2026-09-08 11:33:44.698,2026-09-08 11:33:44.732,2
@raw/04_第四批_20260908_1053_多火点与余热点/02_激光打点与定位验证/01_事后打点候选/无人机01_1581F7K3C251800CYBVP/DJI_202609081117_006/DJI_20260908113147_0011_V.MP4,B4,uav-01,V,101.30,1.45,116.85,116.85,3499,3499,2026-09-08 11:33:44.765,2026-09-08 11:33:44.765,1
@raw/04_第四批_20260908_1053_多火点与余热点/02_激光打点与定位验证/01_事后打点候选/无人机01_1581F7K3C251800CYBVP/DJI_202609081117_006/DJI_20260908113147_0011_V.MP4,B4,uav-01,V,100.70,1.44,116.883,116.883,3500,3500,2026-09-08 11:33:44.798,2026-09-08 11:33:44.798,1
@raw/04_第四批_20260908_1053_多火点与余热点/02_激光打点与定位验证/01_事后打点候选/无人机01_1581F7K3C251800CYBVP/DJI_202609081117_006/DJI_20260908113147_0011_V.MP4,B4,uav-01,V,100.30,1.43,116.917,116.917,3501,3501,2026-09-08 11:33:44.832,2026-09-08 11:33:44.832,1
@raw/04_第四批_20260908_1053_多火点与余热点/02_激光打点与定位验证/01_事后打点候选/无人机01_1581F7K3C251800CYBVP/DJI_202609081117_006/DJI_20260908113147_0011_V.MP4,B4,uav-01,V,100.10,1.43,116.95,116.95,3502,3502,2026-09-08 11:33:44.865,2026-09-08 11:33:44.865,1
@raw/04_第四批_20260908_1053_多火点与余热点/02_激光打点与定位验证/01_事后打点候选/无人机01_1581F7K3C251800CYBVP/DJI_202609081117_006/DJI_20260908113147_0011_V.MP4,B4,uav-01,V,99.50,1.42,116.984,116.984,3503,3503,2026-09-08 11:33:44.898,2026-09-08 11:33:44.898,1
@raw/04_第四批_20260908_1053_多火点与余热点/02_激光打点与定位验证/01_事后打点候选/无人机01_1581F7K3C251800CYBVP/DJI_202609081117_006/DJI_20260908113147_0011_V.MP4,B4,uav-01,V,99.20,1.42,117.017,117.017,3504,3504,2026-09-08 11:33:44.932,2026-09-08 11:33:44.932,1
@raw/04_第四批_20260908_1053_多火点与余热点/02_激光打点与定位验证/01_事后打点候选/无人机01_1581F7K3C251800CYBVP/DJI_202609081117_006/DJI_20260908113147_0011_V.MP4,B4,uav-01,V,98.60,1.41,117.05,117.05,3505,3505,2026-09-08 11:33:44.966,2026-09-08 11:33:44.966,1
@raw/04_第四批_20260908_1053_多火点与余热点/02_激光打点与定位验证/01_事后打点候选/无人机01_1581F7K3C251800CYBVP/DJI_202609081117_006/DJI_20260908113147_0011_V.MP4,B4,uav-01,V,98.30,1.40,117.084,117.084,3506,3506,2026-09-08 11:33:44.999,2026-09-08 11:33:44.999,1
@raw/04_第四批_20260908_1053_多火点与余热点/02_激光打点与定位验证/01_事后打点候选/无人机01_1581F7K3C251800CYBVP/DJI_202609081117_006/DJI_20260908113147_0011_V.MP4,B4,uav-01,V,97.80,1.40,117.117,117.117,3507,3507,2026-09-08 11:33:45.032,2026-09-08 11:33:45.032,1
@raw/04_第四批_20260908_1053_多火点与余热点/02_激光打点与定位验证/01_事后打点候选/无人机01_1581F7K3C251800CYBVP/DJI_202609081117_006/DJI_20260908113147_0011_V.MP4,B4,uav-01,V,97.50,1.39,117.15,117.15,3508,3508,2026-09-08 11:33:45.065,2026-09-08 11:33:45.065,1
@raw/04_第四批_20260908_1053_多火点与余热点/02_激光打点与定位验证/01_事后打点候选/无人机01_1581F7K3C251800CYBVP/DJI_202609081117_006/DJI_20260908113147_0011_V.MP4,B4,uav-01,V,96.90,1.38,117.184,117.184,3509,3509,2026-09-08 11:33:45.099,2026-09-08 11:33:45.099,1
@raw/04_第四批_20260908_1053_多火点与余热点/02_激光打点与定位验证/01_事后打点候选/无人机01_1581F7K3C251800CYBVP/DJI_202609081117_006/DJI_20260908113147_0011_V.MP4,B4,uav-01,V,96.70,1.38,117.217,117.217,3510,3510,2026-09-08 11:33:45.132,2026-09-08 11:33:45.132,1
@raw/04_第四批_20260908_1053_多火点与余热点/02_激光打点与定位验证/01_事后打点候选/无人机01_1581F7K3C251800CYBVP/DJI_202609081117_006/DJI_20260908113147_0011_V.MP4,B4,uav-01,V,96.10,1.37,117.25,117.25,3511,3511,2026-09-08 11:33:45.165,2026-09-08 11:33:45.165,1
@raw/04_第四批_20260908_1053_多火点与余热点/02_激光打点与定位验证/01_事后打点候选/无人机01_1581F7K3C251800CYBVP/DJI_202609081117_006/DJI_20260908113147_0011_V.MP4,B4,uav-01,V,96.00,1.37,117.284,117.284,3512,3512,2026-09-08 11:33:45.199,2026-09-08 11:33:45.199,1
@raw/04_第四批_20260908_1053_多火点与余热点/02_激光打点与定位验证/01_事后打点候选/无人机01_1581F7K3C251800CYBVP/DJI_202609081117_006/DJI_20260908113147_0011_V.MP4,B4,uav-01,V,95.40,1.36,117.317,117.317,3513,3513,2026-09-08 11:33:45.232,2026-09-08 11:33:45.232,1
@raw/04_第四批_20260908_1053_多火点与余热点/02_激光打点与定位验证/01_事后打点候选/无人机01_1581F7K3C251800CYBVP/DJI_202609081117_006/DJI_20260908113147_0011_V.MP4,B4,uav-01,V,94.90,1.36,117.351,117.351,3514,3514,2026-09-08 11:33:45.266,2026-09-08 11:33:45.266,1
@raw/04_第四批_20260908_1053_多火点与余热点/02_激光打点与定位验证/01_事后打点候选/无人机01_1581F7K3C251800CYBVP/DJI_202609081117_006/DJI_20260908113147_0011_V.MP4,B4,uav-01,V,94.30,1.35,117.384,117.384,3515,3515,2026-09-08 11:33:45.299,2026-09-08 11:33:45.299,1
@raw/04_第四批_20260908_1053_多火点与余热点/02_激光打点与定位验证/01_事后打点候选/无人机01_1581F7K3C251800CYBVP/DJI_202609081117_006/DJI_20260908113147_0011_V.MP4,B4,uav-01,V,94.20,1.35,117.417,117.417,3516,3516,2026-09-08 11:33:45.333,2026-09-08 11:33:45.333,1
@raw/04_第四批_20260908_1053_多火点与余热点/02_激光打点与定位验证/01_事后打点候选/无人机01_1581F7K3C251800CYBVP/DJI_202609081117_006/DJI_20260908113147_0011_V.MP4,B4,uav-01,V,93.60,1.34,117.451,117.451,3517,3517,2026-09-08 11:33:45.366,2026-09-08 11:33:45.366,1
@raw/04_第四批_20260908_1053_多火点与余热点/02_激光打点与定位验证/01_事后打点候选/无人机01_1581F7K3C251800CYBVP/DJI_202609081117_006/DJI_20260908113147_0011_V.MP4,B4,uav-01,V,93.00,1.33,117.484,117.484,3518,3518,2026-09-08 11:33:45.399,2026-09-08 11:33:45.399,1
@raw/04_第四批_20260908_1053_多火点与余热点/02_激光打点与定位验证/01_事后打点候选/无人机01_1581F7K3C251800CYBVP/DJI_202609081117_006/DJI_20260908113147_0011_V.MP4,B4,uav-01,V,92.60,1.32,117.517,117.517,3520,3520,2026-09-08 11:33:45.433,2026-09-08 11:33:45.433,1
@raw/04_第四批_20260908_1053_多火点与余热点/02_激光打点与定位验证/01_事后打点候选/无人机01_1581F7K3C251800CYBVP/DJI_202609081117_006/DJI_20260908113147_0011_V.MP4,B4,uav-01,V,92.30,1.32,117.551,117.551,3521,3521,2026-09-08 11:33:45.465,2026-09-08 11:33:45.465,1
@raw/04_第四批_20260908_1053_多火点与余热点/02_激光打点与定位验证/01_事后打点候选/无人机01_1581F7K3C251800CYBVP/DJI_202609081117_006/DJI_20260908113147_0011_V.MP4,B4,uav-01,V,91.80,1.31,117.584,117.584,3522,3522,2026-09-08 11:33:45.499,2026-09-08 11:33:45.499,1
@raw/04_第四批_20260908_1053_多火点与余热点/02_激光打点与定位验证/01_事后打点候选/无人机01_1581F7K3C251800CYBVP/DJI_202609081117_006/DJI_20260908113147_0011_V.MP4,B4,uav-01,V,91.40,1.31,117.618,117.618,3523,3523,2026-09-08 11:33:45.533,2026-09-08 11:33:45.533,1
@raw/04_第四批_20260908_1053_多火点与余热点/02_激光打点与定位验证/01_事后打点候选/无人机01_1581F7K3C251800CYBVP/DJI_202609081117_006/DJI_20260908113147_0011_V.MP4,B4,uav-01,V,90.90,1.30,117.651,117.651,3524,3524,2026-09-08 11:33:45.566,2026-09-08 11:33:45.566,1
@raw/04_第四批_20260908_1053_多火点与余热点/02_激光打点与定位验证/01_事后打点候选/无人机01_1581F7K3C251800CYBVP/DJI_202609081117_006/DJI_20260908113147_0011_V.MP4,B4,uav-01,V,90.70,1.30,117.684,117.684,3525,3525,2026-09-08 11:33:45.600,2026-09-08 11:33:45.600,1
@raw/04_第四批_20260908_1053_多火点与余热点/02_激光打点与定位验证/01_事后打点候选/无人机01_1581F7K3C251800CYBVP/DJI_202609081117_006/DJI_20260908113147_0011_V.MP4,B4,uav-01,V,90.10,1.29,117.718,117.718,3526,3526,2026-09-08 11:33:45.628,2026-09-08 11:33:45.628,1
@raw/04_第四批_20260908_1053_多火点与余热点/02_激光打点与定位验证/01_事后打点候选/无人机01_1581F7K3C251800CYBVP/DJI_202609081117_006/DJI_20260908113147_0011_V.MP4,B4,uav-01,V,89.70,1.28,117.751,117.751,3527,3527,2026-09-08 11:33:45.666,2026-09-08 11:33:45.666,1
@raw/04_第四批_20260908_1053_多火点与余热点/02_激光打点与定位验证/01_事后打点候选/无人机01_1581F7K3C251800CYBVP/DJI_202609081117_006/DJI_20260908113147_0011_V.MP4,B4,uav-01,V,89.10,1.27,117.784,117.784,3528,3528,2026-09-08 11:33:45.699,2026-09-08 11:33:45.699,1
@raw/04_第四批_20260908_1053_多火点与余热点/02_激光打点与定位验证/01_事后打点候选/无人机01_1581F7K3C251800CYBVP/DJI_202609081117_006/DJI_20260908113147_0011_V.MP4,B4,uav-01,V,89.00,1.27,117.818,117.818,3529,3529,2026-09-08 11:33:45.735,2026-09-08 11:33:45.735,1
@raw/04_第四批_20260908_1053_多火点与余热点/02_激光打点与定位验证/01_事后打点候选/无人机01_1581F7K3C251800CYBVP/DJI_202609081117_006/DJI_20260908113147_0011_V.MP4,B4,uav-01,V,88.40,1.26,117.851,117.851,3530,3530,2026-09-08 11:33:45.766,2026-09-08 11:33:45.766,1
@raw/04_第四批_20260908_1053_多火点与余热点/02_激光打点与定位验证/01_事后打点候选/无人机01_1581F7K3C251800CYBVP/DJI_202609081117_006/DJI_20260908113147_0011_V.MP4,B4,uav-01,V,88.20,1.26,117.884,117.884,3531,3531,2026-09-08 11:33:45.800,2026-09-08 11:33:45.800,1
@raw/04_第四批_20260908_1053_多火点与余热点/02_激光打点与定位验证/01_事后打点候选/无人机01_1581F7K3C251800CYBVP/DJI_202609081117_006/DJI_20260908113147_0011_V.MP4,B4,uav-01,V,87.60,1.25,117.918,117.918,3532,3532,2026-09-08 11:33:45.832,2026-09-08 11:33:45.832,1
@raw/04_第四批_20260908_1053_多火点与余热点/02_激光打点与定位验证/01_事后打点候选/无人机01_1581F7K3C251800CYBVP/DJI_202609081117_006/DJI_20260908113147_0011_V.MP4,B4,uav-01,V,87.10,1.24,117.951,117.951,3533,3533,2026-09-08 11:33:45.866,2026-09-08 11:33:45.866,1
@raw/04_第四批_20260908_1053_多火点与余热点/02_激光打点与定位验证/01_事后打点候选/无人机01_1581F7K3C251800CYBVP/DJI_202609081117_006/DJI_20260908113147_0011_V.MP4,B4,uav-01,V,86.60,1.24,117.985,117.985,3534,3534,2026-09-08 11:33:45.901,2026-09-08 11:33:45.901,1
@raw/04_第四批_20260908_1053_多火点与余热点/02_激光打点与定位验证/01_事后打点候选/无人机01_1581F7K3C251800CYBVP/DJI_202609081117_006/DJI_20260908113147_0011_V.MP4,B4,uav-01,V,86.50,1.24,118.018,118.018,3535,3535,2026-09-08 11:33:45.935,2026-09-08 11:33:45.935,1
@raw/04_第四批_20260908_1053_多火点与余热点/02_激光打点与定位验证/01_事后打点候选/无人机01_1581F7K3C251800CYBVP/DJI_202609081117_006/DJI_20260908113147_0011_V.MP4,B4,uav-01,V,85.90,1.23,118.051,118.051,3536,3536,2026-09-08 11:33:45.966,2026-09-08 11:33:45.966,1
@raw/04_第四批_20260908_1053_多火点与余热点/02_激光打点与定位验证/01_事后打点候选/无人机01_1581F7K3C251800CYBVP/DJI_202609081117_006/DJI_20260908113147_0011_V.MP4,B4,uav-01,V,85.40,1.22,118.085,118.085,3537,3537,2026-09-08 11:33:46.000,2026-09-08 11:33:46.000,1
@raw/04_第四批_20260908_1053_多火点与余热点/02_激光打点与定位验证/01_事后打点候选/无人机01_1581F7K3C251800CYBVP/DJI_202609081117_006/DJI_20260908113147_0011_V.MP4,B4,uav-01,V,84.90,1.21,118.118,118.118,3538,3538,2026-09-08 11:33:46.034,2026-09-08 11:33:46.034,1
@raw/04_第四批_20260908_1053_多火点与余热点/02_激光打点与定位验证/01_事后打点候选/无人机01_1581F7K3C251800CYBVP/DJI_202609081117_006/DJI_20260908113147_0011_V.MP4,B4,uav-01,V,84.60,1.21,118.151,118.151,3539,3539,2026-09-08 11:33:46.066,2026-09-08 11:33:46.066,1
@raw/04_第四批_20260908_1053_多火点与余热点/02_激光打点与定位验证/01_事后打点候选/无人机01_1581F7K3C251800CYBVP/DJI_202609081117_006/DJI_20260908113147_0011_V.MP4,B4,uav-01,V,84.10,1.20,118.185,118.185,3540,3540,2026-09-08 11:33:46.100,2026-09-08 11:33:46.100,1
@raw/04_第四批_20260908_1053_多火点与余热点/02_激光打点与定位验证/01_事后打点候选/无人机01_1581F7K3C251800CYBVP/DJI_202609081117_006/DJI_20260908113147_0011_V.MP4,B4,uav-01,V,83.80,1.20,118.218,118.218,3541,3541,2026-09-08 11:33:46.134,2026-09-08 11:33:46.134,1
@raw/04_第四批_20260908_1053_多火点与余热点/02_激光打点与定位验证/01_事后打点候选/无人机01_1581F7K3C251800CYBVP/DJI_202609081117_006/DJI_20260908113147_0011_V.MP4,B4,uav-01,V,83.30,1.19,118.251,118.251,3542,3542,2026-09-08 11:33:46.166,2026-09-08 11:33:46.166,1
@raw/04_第四批_20260908_1053_多火点与余热点/02_激光打点与定位验证/01_事后打点候选/无人机01_1581F7K3C251800CYBVP/DJI_202609081117_006/DJI_20260908113147_0011_V.MP4,B4,uav-01,V,83.10,1.19,118.285,118.285,3543,3543,2026-09-08 11:33:46.200,2026-09-08 11:33:46.200,1
@raw/04_第四批_20260908_1053_多火点与余热点/02_激光打点与定位验证/01_事后打点候选/无人机01_1581F7K3C251800CYBVP/DJI_202609081117_006/DJI_20260908113147_0011_V.MP4,B4,uav-01,V,82.60,1.18,118.318,118.318,3544,3544,2026-09-08 11:33:46.234,2026-09-08 11:33:46.234,1
@raw/04_第四批_20260908_1053_多火点与余热点/02_激光打点与定位验证/01_事后打点候选/无人机01_1581F7K3C251800CYBVP/DJI_202609081117_006/DJI_20260908113147_0011_V.MP4,B4,uav-01,V,82.00,1.17,118.352,118.352,3545,3545,2026-09-08 11:33:46.268,2026-09-08 11:33:46.268,1
@raw/04_第四批_20260908_1053_多火点与余热点/02_激光打点与定位验证/01_事后打点候选/无人机01_1581F7K3C251800CYBVP/DJI_202609081117_006/DJI_20260908113147_0011_V.MP4,B4,uav-01,V,81.60,1.17,118.385,118.385,3546,3546,2026-09-08 11:33:46.300,2026-09-08 11:33:46.300,1
@raw/04_第四批_20260908_1053_多火点与余热点/02_激光打点与定位验证/01_事后打点候选/无人机01_1581F7K3C251800CYBVP/DJI_202609081117_006/DJI_20260908113147_0011_V.MP4,B4,uav-01,V,81.10,3.38,118.652,118.652,3547,3547,2026-09-08 11:33:46.524,2026-09-08 11:33:46.524,1
@raw/04_第四批_20260908_1053_多火点与余热点/02_激光打点与定位验证/01_事后打点候选/无人机01_1581F7K3C251800CYBVP/DJI_202609081117_006/DJI_20260908113147_0011_V.MP4,B4,uav-01,V,80.60,3.36,118.685,118.685,3548,3548,2026-09-08 11:33:46.557,2026-09-08 11:33:46.557,1
@raw/04_第四批_20260908_1053_多火点与余热点/02_激光打点与定位验证/01_事后打点候选/无人机01_1581F7K3C251800CYBVP/DJI_202609081117_006/DJI_20260908113147_0011_V.MP4,B4,uav-01,V,80.10,3.34,118.719,118.719,3549,3549,2026-09-08 11:33:46.589,2026-09-08 11:33:46.589,1
@raw/04_第四批_20260908_1053_多火点与余热点/02_激光打点与定位验证/01_事后打点候选/无人机01_1581F7K3C251800CYBVP/DJI_202609081117_006/DJI_20260908113147_0011_V.MP4,B4,uav-01,V,79.50,3.31,118.752,118.752,3550,3550,2026-09-08 11:33:46.626,2026-09-08 11:33:46.626,1
@raw/04_第四批_20260908_1053_多火点与余热点/02_激光打点与定位验证/01_事后打点候选/无人机01_1581F7K3C251800CYBVP/DJI_202609081117_006/DJI_20260908113147_0011_V.MP4,B4,uav-01,V,79.00,3.29,118.785,118.785,3551,3551,2026-09-08 11:33:46.656,2026-09-08 11:33:46.656,1
@raw/04_第四批_20260908_1053_多火点与余热点/02_激光打点与定位验证/01_事后打点候选/无人机01_1581F7K3C251800CYBVP/DJI_202609081117_006/DJI_20260908113147_0011_V.MP4,B4,uav-01,V,78.50,3.27,118.819,118.819,3552,3552,2026-09-08 11:33:46.691,2026-09-08 11:33:46.691,1
@raw/04_第四批_20260908_1053_多火点与余热点/02_激光打点与定位验证/01_事后打点候选/无人机01_1581F7K3C251800CYBVP/DJI_202609081117_006/DJI_20260908113147_0011_V.MP4,B4,uav-01,V,78.00,3.25,118.852,118.852,3553,3553,2026-09-08 11:33:46.723,2026-09-08 11:33:46.723,1
@raw/04_第四批_20260908_1053_多火点与余热点/02_激光打点与定位验证/01_事后打点候选/无人机01_1581F7K3C251800CYBVP/DJI_202609081117_006/DJI_20260908113147_0011_V.MP4,B4,uav-01,V,77.50,3.23,118.885,118.885,3554,3554,2026-09-08 11:33:46.756,2026-09-08 11:33:46.756,1
@raw/04_第四批_20260908_1053_多火点与余热点/02_激光打点与定位验证/01_事后打点候选/无人机01_1581F7K3C251800CYBVP/DJI_202609081117_006/DJI_20260908113147_0011_V.MP4,B4,uav-01,V,77.00,3.21,118.919,118.919,3555,3555,2026-09-08 11:33:46.790,2026-09-08 11:33:46.790,1
@raw/04_第四批_20260908_1053_多火点与余热点/02_激光打点与定位验证/01_事后打点候选/无人机01_1581F7K3C251800CYBVP/DJI_202609081117_006/DJI_20260908113147_0011_V.MP4,B4,uav-01,V,76.50,3.19,118.952,118.952,3556,3556,2026-09-08 11:33:46.823,2026-09-08 11:33:46.823,1
@raw/04_第四批_20260908_1053_多火点与余热点/02_激光打点与定位验证/01_事后打点候选/无人机01_1581F7K3C251800CYBVP/DJI_202609081117_006/DJI_20260908113147_0011_V.MP4,B4,uav-01,V,76.00,3.17,118.986,118.986,3557,3557,2026-09-08 11:33:46.857,2026-09-08 11:33:46.857,1
@raw/04_第四批_20260908_1053_多火点与余热点/02_激光打点与定位验证/01_事后打点候选/无人机01_1581F7K3C251800CYBVP/DJI_202609081117_006/DJI_20260908113147_0011_V.MP4,B4,uav-01,V,75.50,3.15,119.019,119.019,3558,3558,2026-09-08 11:33:46.889,2026-09-08 11:33:46.889,1
@raw/04_第四批_20260908_1053_多火点与余热点/02_激光打点与定位验证/01_事后打点候选/无人机01_1581F7K3C251800CYBVP/DJI_202609081117_006/DJI_20260908113147_0011_V.MP4,B4,uav-01,V,75.10,3.13,119.052,119.052,3559,3559,2026-09-08 11:33:46.923,2026-09-08 11:33:46.923,1
@raw/04_第四批_20260908_1053_多火点与余热点/02_激光打点与定位验证/01_事后打点候选/无人机01_1581F7K3C251800CYBVP/DJI_202609081117_006/DJI_20260908113147_0011_V.MP4,B4,uav-01,V,74.60,3.11,119.086,119.086,3560,3560,2026-09-08 11:33:46.957,2026-09-08 11:33:46.957,1
@raw/04_第四批_20260908_1053_多火点与余热点/02_激光打点与定位验证/01_事后打点候选/无人机01_1581F7K3C251800CYBVP/DJI_202609081117_006/DJI_20260908113147_0011_V.MP4,B4,uav-01,V,74.10,3.09,119.119,119.119,3561,3561,2026-09-08 11:33:46.990,2026-09-08 11:33:46.990,1
@raw/04_第四批_20260908_1053_多火点与余热点/02_激光打点与定位验证/01_事后打点候选/无人机01_1581F7K3C251800CYBVP/DJI_202609081117_006/DJI_20260908113147_0011_V.MP4,B4,uav-01,V,73.60,3.07,119.152,119.152,3562,3562,2026-09-08 11:33:47.024,2026-09-08 11:33:47.024,1
@raw/04_第四批_20260908_1053_多火点与余热点/02_激光打点与定位验证/01_事后打点候选/无人机01_1581F7K3C251800CYBVP/DJI_202609081117_006/DJI_20260908113147_0011_V.MP4,B4,uav-01,V,73.10,3.05,119.186,119.186,3563,3563,2026-09-08 11:33:47.057,2026-09-08 11:33:47.057,1
@raw/04_第四批_20260908_1053_多火点与余热点/02_激光打点与定位验证/01_事后打点候选/无人机01_1581F7K3C251800CYBVP/DJI_202609081117_006/DJI_20260908113147_0011_V.MP4,B4,uav-01,V,72.70,3.03,119.219,119.219,3564,3564,2026-09-08 11:33:47.090,2026-09-08 11:33:47.090,1
@raw/04_第四批_20260908_1053_多火点与余热点/02_激光打点与定位验证/01_事后打点候选/无人机01_1581F7K3C251800CYBVP/DJI_202609081117_006/DJI_20260908113147_0011_V.MP4,B4,uav-01,V,72.20,3.01,119.252,119.252,3565,3565,2026-09-08 11:33:47.123,2026-09-08 11:33:47.123,1
@raw/04_第四批_20260908_1053_多火点与余热点/02_激光打点与定位验证/01_事后打点候选/无人机01_1581F7K3C251800CYBVP/DJI_202609081117_006/DJI_20260908113147_0011_V.MP4,B4,uav-01,V,71.70,2.99,119.286,119.286,3566,3566,2026-09-08 11:33:47.159,2026-09-08 11:33:47.159,1
@raw/04_第四批_20260908_1053_多火点与余热点/02_激光打点与定位验证/01_事后打点候选/无人机01_1581F7K3C251800CYBVP/DJI_202609081117_006/DJI_20260908113147_0011_V.MP4,B4,uav-01,V,71.30,2.97,119.319,119.319,3567,3567,2026-09-08 11:33:47.194,2026-09-08 11:33:47.194,1
@raw/04_第四批_20260908_1053_多火点与余热点/02_激光打点与定位验证/01_事后打点候选/无人机01_1581F7K3C251800CYBVP/DJI_202609081117_006/DJI_20260908113147_0011_V.MP4,B4,uav-01,V,70.80,2.95,119.353,119.353,3568,3568,2026-09-08 11:33:47.229,2026-09-08 11:33:47.229,1
@raw/04_第四批_20260908_1053_多火点与余热点/02_激光打点与定位验证/01_事后打点候选/无人机01_1581F7K3C251800CYBVP/DJI_202609081117_006/DJI_20260908113147_0011_V.MP4,B4,uav-01,V,70.40,2.93,119.386,119.386,3569,3569,2026-09-08 11:33:47.258,2026-09-08 11:33:47.258,1
@raw/04_第四批_20260908_1053_多火点与余热点/02_激光打点与定位验证/01_事后打点候选/无人机01_1581F7K3C251800CYBVP/DJI_202609081117_006/DJI_20260908113147_0011_V.MP4,B4,uav-01,V,69.90,2.91,119.419,119.419,3570,3570,2026-09-08 11:33:47.290,2026-09-08 11:33:47.290,1
@raw/04_第四批_20260908_1053_多火点与余热点/02_激光打点与定位验证/01_事后打点候选/无人机01_1581F7K3C251800CYBVP/DJI_202609081117_006/DJI_20260908113147_0011_V.MP4,B4,uav-01,V,69.50,2.89,119.453,119.453,3571,3571,2026-09-08 11:33:47.324,2026-09-08 11:33:47.324,1
@raw/04_第四批_20260908_1053_多火点与余热点/02_激光打点与定位验证/01_事后打点候选/无人机01_1581F7K3C251800CYBVP/DJI_202609081117_006/DJI_20260908113147_0011_V.MP4,B4,uav-01,V,69.00,2.88,119.486,119.486,3572,3572,2026-09-08 11:33:47.357,2026-09-08 11:33:47.357,1
@raw/04_第四批_20260908_1053_多火点与余热点/02_激光打点与定位验证/01_事后打点候选/无人机01_1581F7K3C251800CYBVP/DJI_202609081117_006/DJI_20260908113147_0011_V.MP4,B4,uav-01,V,68.60,2.86,119.519,119.519,3573,3573,2026-09-08 11:33:47.390,2026-09-08 11:33:47.390,1
@raw/04_第四批_20260908_1053_多火点与余热点/02_激光打点与定位验证/01_事后打点候选/无人机01_1581F7K3C251800CYBVP/DJI_202609081117_006/DJI_20260908113147_0011_V.MP4,B4,uav-01,V,68.10,2.84,119.553,119.553,3574,3574,2026-09-08 11:33:47.426,2026-09-08 11:33:47.426,1
@raw/04_第四批_20260908_1053_多火点与余热点/02_激光打点与定位验证/01_事后打点候选/无人机01_1581F7K3C251800CYBVP/DJI_202609081117_006/DJI_20260908113147_0011_V.MP4,B4,uav-01,V,67.70,2.82,119.586,119.586,3575,3575,2026-09-08 11:33:47.461,2026-09-08 11:33:47.461,1
@raw/04_第四批_20260908_1053_多火点与余热点/02_激光打点与定位验证/01_事后打点候选/无人机01_1581F7K3C251800CYBVP/DJI_202609081117_006/DJI_20260908113147_0011_V.MP4,B4,uav-01,V,67.30,2.80,119.62,119.62,3576,3576,2026-09-08 11:33:47.492,2026-09-08 11:33:47.492,1
@raw/04_第四批_20260908_1053_多火点与余热点/02_激光打点与定位验证/01_事后打点候选/无人机01_1581F7K3C251800CYBVP/DJI_202609081117_006/DJI_20260908113147_0011_V.MP4,B4,uav-01,V,66.80,2.78,119.653,119.653,3577,3577,2026-09-08 11:33:47.526,2026-09-08 11:33:47.526,1
@raw/04_第四批_20260908_1053_多火点与余热点/02_激光打点与定位验证/01_事后打点候选/无人机01_1581F7K3C251800CYBVP/DJI_202609081117_006/DJI_20260908113147_0011_V.MP4,B4,uav-01,V,66.40,2.77,119.686,119.686,3578,3578,2026-09-08 11:33:47.559,2026-09-08 11:33:47.559,1
@raw/04_第四批_20260908_1053_多火点与余热点/02_激光打点与定位验证/01_事后打点候选/无人机01_1581F7K3C251800CYBVP/DJI_202609081117_006/DJI_20260908113147_0011_V.MP4,B4,uav-01,V,66.00,2.75,119.72,119.72,3579,3579,2026-09-08 11:33:47.592,2026-09-08 11:33:47.592,1
@raw/04_第四批_20260908_1053_多火点与余热点/02_激光打点与定位验证/01_事后打点候选/无人机01_1581F7K3C251800CYBVP/DJI_202609081117_006/DJI_20260908113147_0011_V.MP4,B4,uav-01,V,65.50,2.73,119.753,119.753,3580,3580,2026-09-08 11:33:47.624,2026-09-08 11:33:47.624,1
@raw/04_第四批_20260908_1053_多火点与余热点/02_激光打点与定位验证/01_事后打点候选/无人机01_1581F7K3C251800CYBVP/DJI_202609081117_006/DJI_20260908113147_0011_V.MP4,B4,uav-01,V,65.10,2.71,119.786,171.705,3581,5138,2026-09-08 11:33:47.659,2026-09-08 11:34:39.587,1557
@raw/90_短视频_试拍_补拍/无人机01_1581F7K3C251800CYBVP/DJI_202609080913_003/DJI_20260908092406_0001_S.MP4,B90,uav-01,S,53.60,2.23,0.0,0.734,0,22,2026-09-08 09:24:06.820,2026-09-08 09:24:07.482,23
@raw/90_短视频_试拍_补拍/无人机01_1581F7K3C251800CYBVP/DJI_202609080913_003/DJI_20260908092406_0001_V.MP4,B90,uav-01,V,53.60,2.23,0.0,0.701,0,21,2026-09-08 09:24:06.817,2026-09-08 09:24:07.475,22
@raw/90_短视频_试拍_补拍/无人机01_1581F7K3C251800CYBVP/DJI_202609080913_003/DJI_20260908092420_0002_S.MP4,B90,uav-01,S,53.60,2.23,0.0,9.109,0,273,2026-09-08 09:24:20.455,2026-09-08 09:24:29.555,274
@raw/90_短视频_试拍_补拍/无人机01_1581F7K3C251800CYBVP/DJI_202609080913_003/DJI_20260908092420_0002_V.MP4,B90,uav-01,V,53.60,2.23,0.0,9.142,0,274,2026-09-08 09:24:20.415,2026-09-08 09:24:29.548,275
@raw/90_短视频_试拍_补拍/无人机01_1581F7K3C251800CYBVP/DJI_202609080945_004/DJI_20260908100604_0001_S.MP4,B90,uav-01,S,54.10,2.25,0.0,10.444,0,313,2026-09-08 10:06:04.762,2026-09-08 10:06:15.162,314
@raw/90_短视频_试拍_补拍/无人机01_1581F7K3C251800CYBVP/DJI_202609080945_004/DJI_20260908100604_0001_S.MP4,B90,uav-01,S,52.70,1.00,10.477,13.943999999999999,314,418,2026-09-08 10:06:15.175,2026-09-08 10:06:18.637,105
@raw/90_短视频_试拍_补拍/无人机01_1581F7K3C251800CYBVP/DJI_202609080945_004/DJI_20260908100604_0001_S.MP4,B90,uav-01,S,54.10,2.25,13.977,128.458,419,3850,2026-09-08 10:06:18.664,2026-09-08 10:08:13.145,3432
@raw/90_短视频_试拍_补拍/无人机01_1581F7K3C251800CYBVP/DJI_202609080945_004/DJI_20260908100604_0001_S.MP4,B90,uav-01,S,53.70,2.24,128.492,128.492,3851,3851,2026-09-08 10:08:13.183,2026-09-08 10:08:13.183,1
@raw/90_短视频_试拍_补拍/无人机01_1581F7K3C251800CYBVP/DJI_202609080945_004/DJI_20260908100604_0001_S.MP4,B90,uav-01,S,53.00,2.21,128.525,128.525,3852,3852,2026-09-08 10:08:13.209,2026-09-08 10:08:13.209,1
@raw/90_短视频_试拍_补拍/无人机01_1581F7K3C251800CYBVP/DJI_202609080945_004/DJI_20260908100604_0001_S.MP4,B90,uav-01,S,52.10,2.17,128.558,128.558,3853,3853,2026-09-08 10:08:13.248,2026-09-08 10:08:13.248,1
@raw/90_短视频_试拍_补拍/无人机01_1581F7K3C251800CYBVP/DJI_202609080945_004/DJI_20260908100604_0001_S.MP4,B90,uav-01,S,51.20,2.13,128.592,128.592,3854,3854,2026-09-08 10:08:13.278,2026-09-08 10:08:13.278,1
@raw/90_短视频_试拍_补拍/无人机01_1581F7K3C251800CYBVP/DJI_202609080945_004/DJI_20260908100604_0001_S.MP4,B90,uav-01,S,50.40,2.10,128.625,128.625,3855,3855,2026-09-08 10:08:13.310,2026-09-08 10:08:13.310,1
@raw/90_短视频_试拍_补拍/无人机01_1581F7K3C251800CYBVP/DJI_202609080945_004/DJI_20260908100604_0001_S.MP4,B90,uav-01,S,49.50,2.06,128.658,128.658,3856,3856,2026-09-08 10:08:13.343,2026-09-08 10:08:13.343,1
@raw/90_短视频_试拍_补拍/无人机01_1581F7K3C251800CYBVP/DJI_202609080945_004/DJI_20260908100604_0001_S.MP4,B90,uav-01,S,48.70,2.03,128.692,128.692,3857,3857,2026-09-08 10:08:13.376,2026-09-08 10:08:13.376,1
@raw/90_短视频_试拍_补拍/无人机01_1581F7K3C251800CYBVP/DJI_202609080945_004/DJI_20260908100604_0001_S.MP4,B90,uav-01,S,47.90,2.00,128.725,128.725,3858,3858,2026-09-08 10:08:13.414,2026-09-08 10:08:13.414,1
@raw/90_短视频_试拍_补拍/无人机01_1581F7K3C251800CYBVP/DJI_202609080945_004/DJI_20260908100604_0001_S.MP4,B90,uav-01,S,47.10,1.96,128.758,128.758,3859,3859,2026-09-08 10:08:13.447,2026-09-08 10:08:13.447,1
@raw/90_短视频_试拍_补拍/无人机01_1581F7K3C251800CYBVP/DJI_202609080945_004/DJI_20260908100604_0001_S.MP4,B90,uav-01,S,46.30,1.93,128.792,128.792,3860,3860,2026-09-08 10:08:13.476,2026-09-08 10:08:13.476,1
@raw/90_短视频_试拍_补拍/无人机01_1581F7K3C251800CYBVP/DJI_202609080945_004/DJI_20260908100604_0001_S.MP4,B90,uav-01,S,45.50,1.90,128.825,128.825,3861,3861,2026-09-08 10:08:13.510,2026-09-08 10:08:13.510,1
@raw/90_短视频_试拍_补拍/无人机01_1581F7K3C251800CYBVP/DJI_202609080945_004/DJI_20260908100604_0001_S.MP4,B90,uav-01,S,44.80,1.87,128.859,128.859,3862,3862,2026-09-08 10:08:13.547,2026-09-08 10:08:13.547,1
@raw/90_短视频_试拍_补拍/无人机01_1581F7K3C251800CYBVP/DJI_202609080945_004/DJI_20260908100604_0001_S.MP4,B90,uav-01,S,44.00,1.83,128.892,128.892,3863,3863,2026-09-08 10:08:13.581,2026-09-08 10:08:13.581,1
@raw/90_短视频_试拍_补拍/无人机01_1581F7K3C251800CYBVP/DJI_202609080945_004/DJI_20260908100604_0001_S.MP4,B90,uav-01,S,43.30,1.80,128.925,132.295,3864,3965,2026-09-08 10:08:13.611,2026-09-08 10:08:16.981,102
@raw/90_短视频_试拍_补拍/无人机01_1581F7K3C251800CYBVP/DJI_202609080945_004/DJI_20260908100604_0001_S.MP4,B90,uav-01,S,43.60,1.81,132.329,132.329,3966,3966,2026-09-08 10:08:17.017,2026-09-08 10:08:17.017,1
@raw/90_短视频_试拍_补拍/无人机01_1581F7K3C251800CYBVP/DJI_202609080945_004/DJI_20260908100604_0001_S.MP4,B90,uav-01,S,43.80,1.83,132.362,132.362,3967,3967,2026-09-08 10:08:17.050,2026-09-08 10:08:17.050,1
@raw/90_短视频_试拍_补拍/无人机01_1581F7K3C251800CYBVP/DJI_202609080945_004/DJI_20260908100604_0001_S.MP4,B90,uav-01,S,44.10,1.84,132.395,132.395,3968,3968,2026-09-08 10:08:17.084,2026-09-08 10:08:17.084,1
@raw/90_短视频_试拍_补拍/无人机01_1581F7K3C251800CYBVP/DJI_202609080945_004/DJI_20260908100604_0001_S.MP4,B90,uav-01,S,44.40,1.85,132.429,132.429,3969,3969,2026-09-08 10:08:17.113,2026-09-08 10:08:17.113,1
@raw/90_短视频_试拍_补拍/无人机01_1581F7K3C251800CYBVP/DJI_202609080945_004/DJI_20260908100604_0001_S.MP4,B90,uav-01,S,44.70,1.86,132.462,132.462,3970,3970,2026-09-08 10:08:17.147,2026-09-08 10:08:17.147,1
@raw/90_短视频_试拍_补拍/无人机01_1581F7K3C251800CYBVP/DJI_202609080945_004/DJI_20260908100604_0001_S.MP4,B90,uav-01,S,45.00,1.87,132.496,132.496,3971,3971,2026-09-08 10:08:17.183,2026-09-08 10:08:17.183,1
@raw/90_短视频_试拍_补拍/无人机01_1581F7K3C251800CYBVP/DJI_202609080945_004/DJI_20260908100604_0001_S.MP4,B90,uav-01,S,45.30,1.89,132.529,132.529,3972,3972,2026-09-08 10:08:17.217,2026-09-08 10:08:17.217,1
@raw/90_短视频_试拍_补拍/无人机01_1581F7K3C251800CYBVP/DJI_202609080945_004/DJI_20260908100604_0001_S.MP4,B90,uav-01,S,45.60,1.90,132.562,132.562,3973,3973,2026-09-08 10:08:17.246,2026-09-08 10:08:17.246,1
@raw/90_短视频_试拍_补拍/无人机01_1581F7K3C251800CYBVP/DJI_202609080945_004/DJI_20260908100604_0001_S.MP4,B90,uav-01,S,46.00,1.92,132.596,132.596,3974,3974,2026-09-08 10:08:17.283,2026-09-08 10:08:17.283,1
@raw/90_短视频_试拍_补拍/无人机01_1581F7K3C251800CYBVP/DJI_202609080945_004/DJI_20260908100604_0001_S.MP4,B90,uav-01,S,46.30,1.93,132.629,132.629,3975,3975,2026-09-08 10:08:17.316,2026-09-08 10:08:17.316,1
@raw/90_短视频_试拍_补拍/无人机01_1581F7K3C251800CYBVP/DJI_202609080945_004/DJI_20260908100604_0001_S.MP4,B90,uav-01,S,46.70,1.94,132.662,132.662,3976,3976,2026-09-08 10:08:17.349,2026-09-08 10:08:17.349,1
@raw/90_短视频_试拍_补拍/无人机01_1581F7K3C251800CYBVP/DJI_202609080945_004/DJI_20260908100604_0001_S.MP4,B90,uav-01,S,47.00,1.96,132.696,132.696,3977,3977,2026-09-08 10:08:17.382,2026-09-08 10:08:17.382,1
@raw/90_短视频_试拍_补拍/无人机01_1581F7K3C251800CYBVP/DJI_202609080945_004/DJI_20260908100604_0001_S.MP4,B90,uav-01,S,47.30,1.97,132.729,132.729,3978,3978,2026-09-08 10:08:17.414,2026-09-08 10:08:17.414,1
@raw/90_短视频_试拍_补拍/无人机01_1581F7K3C251800CYBVP/DJI_202609080945_004/DJI_20260908100604_0001_S.MP4,B90,uav-01,S,47.60,1.98,132.762,132.762,3979,3979,2026-09-08 10:08:17.447,2026-09-08 10:08:17.447,1
@raw/90_短视频_试拍_补拍/无人机01_1581F7K3C251800CYBVP/DJI_202609080945_004/DJI_20260908100604_0001_S.MP4,B90,uav-01,S,47.90,1.99,132.796,133.864,3980,4012,2026-09-08 10:08:17.487,2026-09-08 10:08:18.548,33
@raw/90_短视频_试拍_补拍/无人机01_1581F7K3C251800CYBVP/DJI_202609080945_004/DJI_20260908100604_0001_S.MP4,B90,uav-01,S,48.20,2.01,133.897,133.897,4013,4013,2026-09-08 10:08:18.585,2026-09-08 10:08:18.585,1
@raw/90_短视频_试拍_补拍/无人机01_1581F7K3C251800CYBVP/DJI_202609080945_004/DJI_20260908100604_0001_S.MP4,B90,uav-01,S,48.50,2.02,133.93,133.93,4014,4014,2026-09-08 10:08:18.614,2026-09-08 10:08:18.614,1
@raw/90_短视频_试拍_补拍/无人机01_1581F7K3C251800CYBVP/DJI_202609080945_004/DJI_20260908100604_0001_S.MP4,B90,uav-01,S,48.80,2.03,133.964,133.964,4015,4015,2026-09-08 10:08:18.649,2026-09-08 10:08:18.649,1
@raw/90_短视频_试拍_补拍/无人机01_1581F7K3C251800CYBVP/DJI_202609080945_004/DJI_20260908100604_0001_S.MP4,B90,uav-01,S,49.10,2.05,133.997,133.997,4016,4016,2026-09-08 10:08:18.681,2026-09-08 10:08:18.681,1
@raw/90_短视频_试拍_补拍/无人机01_1581F7K3C251800CYBVP/DJI_202609080945_004/DJI_20260908100604_0001_S.MP4,B90,uav-01,S,49.40,2.06,134.03,134.03,4017,4017,2026-09-08 10:08:18.717,2026-09-08 10:08:18.717,1
@raw/90_短视频_试拍_补拍/无人机01_1581F7K3C251800CYBVP/DJI_202609080945_004/DJI_20260908100604_0001_S.MP4,B90,uav-01,S,49.80,2.07,134.064,134.064,4018,4018,2026-09-08 10:08:18.752,2026-09-08 10:08:18.752,1
@raw/90_短视频_试拍_补拍/无人机01_1581F7K3C251800CYBVP/DJI_202609080945_004/DJI_20260908100604_0001_S.MP4,B90,uav-01,S,50.10,2.09,134.097,134.564,4019,4033,2026-09-08 10:08:18.782,2026-09-08 10:08:19.248,15
@raw/90_短视频_试拍_补拍/无人机01_1581F7K3C251800CYBVP/DJI_202609080945_004/DJI_20260908100604_0001_S.MP4,B90,uav-01,S,50.40,2.10,134.598,134.598,4034,4034,2026-09-08 10:08:19.282,2026-09-08 10:08:19.282,1
@raw/90_短视频_试拍_补拍/无人机01_1581F7K3C251800CYBVP/DJI_202609080945_004/DJI_20260908100604_0001_S.MP4,B90,uav-01,S,50.70,2.11,134.631,134.631,4035,4035,2026-09-08 10:08:19.315,2026-09-08 10:08:19.315,1
@raw/90_短视频_试拍_补拍/无人机01_1581F7K3C251800CYBVP/DJI_202609080945_004/DJI_20260908100604_0001_S.MP4,B90,uav-01,S,51.10,2.13,134.664,134.664,4036,4036,2026-09-08 10:08:19.350,2026-09-08 10:08:19.350,1
@raw/90_短视频_试拍_补拍/无人机01_1581F7K3C251800CYBVP/DJI_202609080945_004/DJI_20260908100604_0001_S.MP4,B90,uav-01,S,51.70,2.15,134.698,134.698,4037,4037,2026-09-08 10:08:19.383,2026-09-08 10:08:19.383,1
@raw/90_短视频_试拍_补拍/无人机01_1581F7K3C251800CYBVP/DJI_202609080945_004/DJI_20260908100604_0001_S.MP4,B90,uav-01,S,52.20,2.18,134.731,134.731,4038,4038,2026-09-08 10:08:19.416,2026-09-08 10:08:19.416,1
@raw/90_短视频_试拍_补拍/无人机01_1581F7K3C251800CYBVP/DJI_202609080945_004/DJI_20260908100604_0001_S.MP4,B90,uav-01,S,52.80,2.20,134.764,134.764,4039,4039,2026-09-08 10:08:19.453,2026-09-08 10:08:19.453,1
@raw/90_短视频_试拍_补拍/无人机01_1581F7K3C251800CYBVP/DJI_202609080945_004/DJI_20260908100604_0001_S.MP4,B90,uav-01,S,53.30,2.22,134.798,138.602,4040,4154,2026-09-08 10:08:19.482,2026-09-08 10:08:23.285,115
@raw/90_短视频_试拍_补拍/无人机01_1581F7K3C251800CYBVP/DJI_202609080945_004/DJI_20260908100604_0001_V.MP4,B90,uav-01,V,54.10,2.25,0.0,128.362,0,3848,2026-09-08 10:06:04.818,2026-09-08 10:08:13.139,3848
@raw/90_短视频_试拍_补拍/无人机01_1581F7K3C251800CYBVP/DJI_202609080945_004/DJI_20260908100604_0001_V.MP4,B90,uav-01,V,53.70,2.24,128.395,128.395,3849,3849,2026-09-08 10:08:13.176,2026-09-08 10:08:13.176,1
@raw/90_短视频_试拍_补拍/无人机01_1581F7K3C251800CYBVP/DJI_202609080945_004/DJI_20260908100604_0001_V.MP4,B90,uav-01,V,53.00,2.21,128.428,128.428,3850,3850,2026-09-08 10:08:13.206,2026-09-08 10:08:13.206,1
@raw/90_短视频_试拍_补拍/无人机01_1581F7K3C251800CYBVP/DJI_202609080945_004/DJI_20260908100604_0001_V.MP4,B90,uav-01,V,52.10,2.17,128.462,128.462,3851,3851,2026-09-08 10:08:13.240,2026-09-08 10:08:13.240,1
@raw/90_短视频_试拍_补拍/无人机01_1581F7K3C251800CYBVP/DJI_202609080945_004/DJI_20260908100604_0001_V.MP4,B90,uav-01,V,51.20,2.13,128.495,128.495,3852,3852,2026-09-08 10:08:13.274,2026-09-08 10:08:13.274,1
@raw/90_短视频_试拍_补拍/无人机01_1581F7K3C251800CYBVP/DJI_202609080945_004/DJI_20260908100604_0001_V.MP4,B90,uav-01,V,50.40,2.10,128.528,128.528,3853,3853,2026-09-08 10:08:13.307,2026-09-08 10:08:13.307,1
@raw/90_短视频_试拍_补拍/无人机01_1581F7K3C251800CYBVP/DJI_202609080945_004/DJI_20260908100604_0001_V.MP4,B90,uav-01,V,49.50,2.06,128.562,128.562,3854,3854,2026-09-08 10:08:13.339,2026-09-08 10:08:13.339,1
@raw/90_短视频_试拍_补拍/无人机01_1581F7K3C251800CYBVP/DJI_202609080945_004/DJI_20260908100604_0001_V.MP4,B90,uav-01,V,48.70,2.03,128.595,128.595,3855,3855,2026-09-08 10:08:13.373,2026-09-08 10:08:13.373,1
@raw/90_短视频_试拍_补拍/无人机01_1581F7K3C251800CYBVP/DJI_202609080945_004/DJI_20260908100604_0001_V.MP4,B90,uav-01,V,47.90,2.00,128.629,128.629,3856,3856,2026-09-08 10:08:13.407,2026-09-08 10:08:13.407,1
@raw/90_短视频_试拍_补拍/无人机01_1581F7K3C251800CYBVP/DJI_202609080945_004/DJI_20260908100604_0001_V.MP4,B90,uav-01,V,47.10,1.96,128.662,128.662,3857,3857,2026-09-08 10:08:13.439,2026-09-08 10:08:13.439,1
@raw/90_短视频_试拍_补拍/无人机01_1581F7K3C251800CYBVP/DJI_202609080945_004/DJI_20260908100604_0001_V.MP4,B90,uav-01,V,46.30,1.93,128.695,128.695,3858,3858,2026-09-08 10:08:13.473,2026-09-08 10:08:13.473,1
@raw/90_短视频_试拍_补拍/无人机01_1581F7K3C251800CYBVP/DJI_202609080945_004/DJI_20260908100604_0001_V.MP4,B90,uav-01,V,45.50,1.90,128.729,128.729,3859,3859,2026-09-08 10:08:13.506,2026-09-08 10:08:13.506,1
@raw/90_短视频_试拍_补拍/无人机01_1581F7K3C251800CYBVP/DJI_202609080945_004/DJI_20260908100604_0001_V.MP4,B90,uav-01,V,44.80,1.87,128.762,128.762,3860,3860,2026-09-08 10:08:13.539,2026-09-08 10:08:13.539,1
@raw/90_短视频_试拍_补拍/无人机01_1581F7K3C251800CYBVP/DJI_202609080945_004/DJI_20260908100604_0001_V.MP4,B90,uav-01,V,44.00,1.83,128.795,128.795,3861,3861,2026-09-08 10:08:13.573,2026-09-08 10:08:13.573,1
@raw/90_短视频_试拍_补拍/无人机01_1581F7K3C251800CYBVP/DJI_202609080945_004/DJI_20260908100604_0001_V.MP4,B90,uav-01,V,43.30,1.80,128.829,132.199,3862,3963,2026-09-08 10:08:13.607,2026-09-08 10:08:16.977,102
@raw/90_短视频_试拍_补拍/无人机01_1581F7K3C251800CYBVP/DJI_202609080945_004/DJI_20260908100604_0001_V.MP4,B90,uav-01,V,43.60,1.81,132.232,132.232,3964,3964,2026-09-08 10:08:17.012,2026-09-08 10:08:17.012,1
@raw/90_短视频_试拍_补拍/无人机01_1581F7K3C251800CYBVP/DJI_202609080945_004/DJI_20260908100604_0001_V.MP4,B90,uav-01,V,43.80,1.83,132.265,132.265,3965,3965,2026-09-08 10:08:17.044,2026-09-08 10:08:17.044,1
@raw/90_短视频_试拍_补拍/无人机01_1581F7K3C251800CYBVP/DJI_202609080945_004/DJI_20260908100604_0001_V.MP4,B90,uav-01,V,44.10,1.84,132.299,132.299,3966,3966,2026-09-08 10:08:17.078,2026-09-08 10:08:17.078,1
@raw/90_短视频_试拍_补拍/无人机01_1581F7K3C251800CYBVP/DJI_202609080945_004/DJI_20260908100604_0001_V.MP4,B90,uav-01,V,44.40,1.85,132.332,132.332,3967,3967,2026-09-08 10:08:17.110,2026-09-08 10:08:17.110,1
@raw/90_短视频_试拍_补拍/无人机01_1581F7K3C251800CYBVP/DJI_202609080945_004/DJI_20260908100604_0001_V.MP4,B90,uav-01,V,44.70,1.86,132.366,132.366,3968,3968,2026-09-08 10:08:17.143,2026-09-08 10:08:17.143,1
@raw/90_短视频_试拍_补拍/无人机01_1581F7K3C251800CYBVP/DJI_202609080945_004/DJI_20260908100604_0001_V.MP4,B90,uav-01,V,45.00,1.87,132.399,132.399,3969,3969,2026-09-08 10:08:17.177,2026-09-08 10:08:17.177,1
@raw/90_短视频_试拍_补拍/无人机01_1581F7K3C251800CYBVP/DJI_202609080945_004/DJI_20260908100604_0001_V.MP4,B90,uav-01,V,45.30,1.89,132.432,132.432,3970,3970,2026-09-08 10:08:17.211,2026-09-08 10:08:17.211,1
@raw/90_短视频_试拍_补拍/无人机01_1581F7K3C251800CYBVP/DJI_202609080945_004/DJI_20260908100604_0001_V.MP4,B90,uav-01,V,45.60,1.90,132.466,132.466,3971,3971,2026-09-08 10:08:17.243,2026-09-08 10:08:17.243,1
@raw/90_短视频_试拍_补拍/无人机01_1581F7K3C251800CYBVP/DJI_202609080945_004/DJI_20260908100604_0001_V.MP4,B90,uav-01,V,46.00,1.92,132.499,132.499,3972,3972,2026-09-08 10:08:17.277,2026-09-08 10:08:17.277,1
@raw/90_短视频_试拍_补拍/无人机01_1581F7K3C251800CYBVP/DJI_202609080945_004/DJI_20260908100604_0001_V.MP4,B90,uav-01,V,46.30,1.93,132.532,132.532,3973,3973,2026-09-08 10:08:17.310,2026-09-08 10:08:17.310,1
@raw/90_短视频_试拍_补拍/无人机01_1581F7K3C251800CYBVP/DJI_202609080945_004/DJI_20260908100604_0001_V.MP4,B90,uav-01,V,46.70,1.94,132.566,132.566,3974,3974,2026-09-08 10:08:17.343,2026-09-08 10:08:17.343,1
@raw/90_短视频_试拍_补拍/无人机01_1581F7K3C251800CYBVP/DJI_202609080945_004/DJI_20260908100604_0001_V.MP4,B90,uav-01,V,47.00,1.96,132.599,132.599,3975,3975,2026-09-08 10:08:17.376,2026-09-08 10:08:17.376,1
@raw/90_短视频_试拍_补拍/无人机01_1581F7K3C251800CYBVP/DJI_202609080945_004/DJI_20260908100604_0001_V.MP4,B90,uav-01,V,47.30,1.97,132.633,132.633,3976,3976,2026-09-08 10:08:17.411,2026-09-08 10:08:17.411,1
@raw/90_短视频_试拍_补拍/无人机01_1581F7K3C251800CYBVP/DJI_202609080945_004/DJI_20260908100604_0001_V.MP4,B90,uav-01,V,47.60,1.98,132.666,132.666,3977,3977,2026-09-08 10:08:17.444,2026-09-08 10:08:17.444,1
@raw/90_短视频_试拍_补拍/无人机01_1581F7K3C251800CYBVP/DJI_202609080945_004/DJI_20260908100604_0001_V.MP4,B90,uav-01,V,47.90,1.99,132.699,133.767,3978,4010,2026-09-08 10:08:17.479,2026-09-08 10:08:18.545,33
@raw/90_短视频_试拍_补拍/无人机01_1581F7K3C251800CYBVP/DJI_202609080945_004/DJI_20260908100604_0001_V.MP4,B90,uav-01,V,48.20,2.01,133.8,133.8,4011,4011,2026-09-08 10:08:18.578,2026-09-08 10:08:18.578,1
@raw/90_短视频_试拍_补拍/无人机01_1581F7K3C251800CYBVP/DJI_202609080945_004/DJI_20260908100604_0001_V.MP4,B90,uav-01,V,48.50,2.02,133.834,133.834,4012,4012,2026-09-08 10:08:18.611,2026-09-08 10:08:18.611,1
@raw/90_短视频_试拍_补拍/无人机01_1581F7K3C251800CYBVP/DJI_202609080945_004/DJI_20260908100604_0001_V.MP4,B90,uav-01,V,48.80,2.03,133.867,133.867,4013,4013,2026-09-08 10:08:18.645,2026-09-08 10:08:18.645,1
@raw/90_短视频_试拍_补拍/无人机01_1581F7K3C251800CYBVP/DJI_202609080945_004/DJI_20260908100604_0001_V.MP4,B90,uav-01,V,49.10,2.05,133.9,133.9,4014,4014,2026-09-08 10:08:18.678,2026-09-08 10:08:18.678,1
@raw/90_短视频_试拍_补拍/无人机01_1581F7K3C251800CYBVP/DJI_202609080945_004/DJI_20260908100604_0001_V.MP4,B90,uav-01,V,49.40,2.06,133.934,133.934,4015,4015,2026-09-08 10:08:18.712,2026-09-08 10:08:18.712,1
@raw/90_短视频_试拍_补拍/无人机01_1581F7K3C251800CYBVP/DJI_202609080945_004/DJI_20260908100604_0001_V.MP4,B90,uav-01,V,49.80,2.07,133.967,133.967,4016,4016,2026-09-08 10:08:18.745,2026-09-08 10:08:18.745,1
@raw/90_短视频_试拍_补拍/无人机01_1581F7K3C251800CYBVP/DJI_202609080945_004/DJI_20260908100604_0001_V.MP4,B90,uav-01,V,50.10,2.09,134.001,134.468,4017,4031,2026-09-08 10:08:18.779,2026-09-08 10:08:19.245,15
@raw/90_短视频_试拍_补拍/无人机01_1581F7K3C251800CYBVP/DJI_202609080945_004/DJI_20260908100604_0001_V.MP4,B90,uav-01,V,50.40,2.10,134.501,134.501,4032,4032,2026-09-08 10:08:19.279,2026-09-08 10:08:19.279,1
@raw/90_短视频_试拍_补拍/无人机01_1581F7K3C251800CYBVP/DJI_202609080945_004/DJI_20260908100604_0001_V.MP4,B90,uav-01,V,50.70,2.11,134.534,134.534,4033,4033,2026-09-08 10:08:19.312,2026-09-08 10:08:19.312,1
@raw/90_短视频_试拍_补拍/无人机01_1581F7K3C251800CYBVP/DJI_202609080945_004/DJI_20260908100604_0001_V.MP4,B90,uav-01,V,51.10,2.13,134.568,134.568,4034,4034,2026-09-08 10:08:19.346,2026-09-08 10:08:19.346,1
@raw/90_短视频_试拍_补拍/无人机01_1581F7K3C251800CYBVP/DJI_202609080945_004/DJI_20260908100604_0001_V.MP4,B90,uav-01,V,51.70,2.15,134.601,134.601,4035,4035,2026-09-08 10:08:19.379,2026-09-08 10:08:19.379,1
@raw/90_短视频_试拍_补拍/无人机01_1581F7K3C251800CYBVP/DJI_202609080945_004/DJI_20260908100604_0001_V.MP4,B90,uav-01,V,52.20,2.18,134.635,134.635,4036,4036,2026-09-08 10:08:19.413,2026-09-08 10:08:19.413,1
@raw/90_短视频_试拍_补拍/无人机01_1581F7K3C251800CYBVP/DJI_202609080945_004/DJI_20260908100604_0001_V.MP4,B90,uav-01,V,52.80,2.20,134.668,134.668,4037,4037,2026-09-08 10:08:19.447,2026-09-08 10:08:19.447,1
@raw/90_短视频_试拍_补拍/无人机01_1581F7K3C251800CYBVP/DJI_202609080945_004/DJI_20260908100604_0001_V.MP4,B90,uav-01,V,53.30,2.22,134.701,138.538,4038,4153,2026-09-08 10:08:19.479,2026-09-08 10:08:23.317,116
@raw/90_短视频_试拍_补拍/无人机01_1581F7K3C251800CYBVP/DJI_202609081030_005/DJI_20260908105026_0001_S.MP4,B90,uav-01,S,31.40,1.31,0.0,0.567,0,17,2026-09-08 10:50:27.351,2026-09-08 10:50:27.912,18
@raw/90_短视频_试拍_补拍/无人机01_1581F7K3C251800CYBVP/DJI_202609081030_005/DJI_20260908105026_0001_V.MP4,B90,uav-01,V,31.40,1.31,0.0,0.601,0,18,2026-09-08 10:50:27.305,2026-09-08 10:50:27.904,19
@raw/90_短视频_试拍_补拍/无人机02_1581F7K3C267500D2DQD/DJI_202609071516_002/DJI_20260907152749_0001_S.MP4,B90,uav-02,S,52.70,1.00,0.0,103.1,0,3093,2026-09-07 15:27:49.709,2026-09-07 15:29:32.739,3094
@raw/90_短视频_试拍_补拍/无人机02_1581F7K3C267500D2DQD/DJI_202609071516_002/DJI_20260907152749_0001_V.MP4,B90,uav-02,V,24.00,1.00,0.0,102.936,0,3085,2026-09-07 15:27:49.796,2026-09-07 15:29:32.729,3086
@raw/90_短视频_试拍_补拍/无人机02_1581F7K3C267500D2DQD/DJI_202609071534_003/DJI_20260907155619_0001_S.MP4,B90,uav-02,S,51.70,2.15,0.0,4.671,0,140,2026-09-07 15:56:19.503,2026-09-07 15:56:24.147,141
@raw/90_短视频_试拍_补拍/无人机02_1581F7K3C267500D2DQD/DJI_202609071534_003/DJI_20260907155619_0001_S.MP4,B90,uav-02,S,52.00,2.17,4.705,4.705,141,141,2026-09-07 15:56:24.181,2026-09-07 15:56:24.181,1
@raw/90_短视频_试拍_补拍/无人机02_1581F7K3C267500D2DQD/DJI_202609071534_003/DJI_20260907155619_0001_S.MP4,B90,uav-02,S,52.40,2.18,4.7379999999999995,4.7379999999999995,142,142,2026-09-07 15:56:24.217,2026-09-07 15:56:24.217,1
@raw/90_短视频_试拍_补拍/无人机02_1581F7K3C267500D2DQD/DJI_202609071534_003/DJI_20260907155619_0001_S.MP4,B90,uav-02,S,52.70,2.20,4.771,4.771,143,143,2026-09-07 15:56:24.247,2026-09-07 15:56:24.247,1
@raw/90_短视频_试拍_补拍/无人机02_1581F7K3C267500D2DQD/DJI_202609071534_003/DJI_20260907155619_0001_S.MP4,B90,uav-02,S,53.10,2.21,4.805,4.805,144,144,2026-09-07 15:56:24.280,2026-09-07 15:56:24.280,1
@raw/90_短视频_试拍_补拍/无人机02_1581F7K3C267500D2DQD/DJI_202609071534_003/DJI_20260907155619_0001_S.MP4,B90,uav-02,S,53.40,2.22,4.838,4.838,145,145,2026-09-07 15:56:24.314,2026-09-07 15:56:24.314,1
@raw/90_短视频_试拍_补拍/无人机02_1581F7K3C267500D2DQD/DJI_202609071534_003/DJI_20260907155619_0001_S.MP4,B90,uav-02,S,53.70,2.24,4.872,4.872,146,146,2026-09-07 15:56:24.351,2026-09-07 15:56:24.351,1
@raw/90_短视频_试拍_补拍/无人机02_1581F7K3C267500D2DQD/DJI_202609071534_003/DJI_20260907155619_0001_S.MP4,B90,uav-02,S,54.10,2.25,4.905,7.14,147,214,2026-09-07 15:56:24.381,2026-09-07 15:56:26.616,68
@raw/90_短视频_试拍_补拍/无人机02_1581F7K3C267500D2DQD/DJI_202609071534_003/DJI_20260907155619_0001_V.MP4,B90,uav-02,V,51.70,2.15,0.0,4.771,0,143,2026-09-07 15:56:19.385,2026-09-07 15:56:24.144,144
@raw/90_短视频_试拍_补拍/无人机02_1581F7K3C267500D2DQD/DJI_202609071534_003/DJI_20260907155619_0001_V.MP4,B90,uav-02,V,52.00,2.17,4.805,4.805,144,144,2026-09-07 15:56:24.177,2026-09-07 15:56:24.177,1
@raw/90_短视频_试拍_补拍/无人机02_1581F7K3C267500D2DQD/DJI_202609071534_003/DJI_20260907155619_0001_V.MP4,B90,uav-02,V,52.40,2.18,4.838,4.838,145,145,2026-09-07 15:56:24.212,2026-09-07 15:56:24.212,1
@raw/90_短视频_试拍_补拍/无人机02_1581F7K3C267500D2DQD/DJI_202609071534_003/DJI_20260907155619_0001_V.MP4,B90,uav-02,V,52.70,2.20,4.872,4.872,146,146,2026-09-07 15:56:24.244,2026-09-07 15:56:24.244,1
@raw/90_短视频_试拍_补拍/无人机02_1581F7K3C267500D2DQD/DJI_202609071534_003/DJI_20260907155619_0001_V.MP4,B90,uav-02,V,53.10,2.21,4.905,4.905,147,147,2026-09-07 15:56:24.277,2026-09-07 15:56:24.277,1
@raw/90_短视频_试拍_补拍/无人机02_1581F7K3C267500D2DQD/DJI_202609071534_003/DJI_20260907155619_0001_V.MP4,B90,uav-02,V,53.40,2.22,4.938,4.938,148,148,2026-09-07 15:56:24.311,2026-09-07 15:56:24.311,1
@raw/90_短视频_试拍_补拍/无人机02_1581F7K3C267500D2DQD/DJI_202609071534_003/DJI_20260907155619_0001_V.MP4,B90,uav-02,V,53.70,2.24,4.9719999999999995,4.9719999999999995,149,149,2026-09-07 15:56:24.344,2026-09-07 15:56:24.344,1
@raw/90_短视频_试拍_补拍/无人机02_1581F7K3C267500D2DQD/DJI_202609071534_003/DJI_20260907155619_0001_V.MP4,B90,uav-02,V,54.10,2.25,5.005,7.241,150,217,2026-09-07 15:56:24.377,2026-09-07 15:56:26.613,68
@raw/90_短视频_试拍_补拍/无人机02_1581F7K3C267500D2DQD/DJI_202609071534_003/DJI_20260907155633_0002_S.MP4,B90,uav-02,S,54.10,2.25,0.0,5.973,0,179,2026-09-07 15:56:33.467,2026-09-07 15:56:39.432,180
@raw/90_短视频_试拍_补拍/无人机02_1581F7K3C267500D2DQD/DJI_202609071534_003/DJI_20260907155633_0002_V.MP4,B90,uav-02,V,54.10,2.25,0.0,6.073,0,182,2026-09-07 15:56:33.386,2026-09-07 15:56:39.459,183
@raw/90_短视频_试拍_补拍/无人机02_1581F7K3C267500D2DQD/DJI_202609071534_003/DJI_20260907155817_0003_S.MP4,B90,uav-02,S,54.10,2.25,0.0,12.412,0,372,2026-09-07 15:58:17.392,2026-09-07 15:58:29.799,373
@raw/90_短视频_试拍_补拍/无人机02_1581F7K3C267500D2DQD/DJI_202609071534_003/DJI_20260907155817_0003_V.MP4,B90,uav-02,V,54.10,2.25,0.0,12.513,0,375,2026-09-07 15:58:17.290,2026-09-07 15:58:29.795,376
@raw/90_短视频_试拍_补拍/无人机02_1581F7K3C267500D2DQD/DJI_202609071534_003/DJI_20260907160144_0004_S.MP4,B90,uav-02,S,54.10,2.25,0.0,5.739,0,172,2026-09-07 16:01:45.112,2026-09-07 16:01:50.778,173
@raw/90_短视频_试拍_补拍/无人机02_1581F7K3C267500D2DQD/DJI_202609071534_003/DJI_20260907160144_0004_V.MP4,B90,uav-02,V,54.10,2.25,0.0,5.672,0,170,2026-09-07 16:01:45.225,2026-09-07 16:01:50.766,171
@raw/90_短视频_试拍_补拍/无人机02_1581F7K3C267500D2DQD/DJI_202609080909_004/DJI_20260908092250_0001_S.MP4,B90,uav-02,S,53.80,2.24,0.0,3.036,0,91,2026-09-08 09:22:50.750,2026-09-08 09:22:53.726,92
@raw/90_短视频_试拍_补拍/无人机02_1581F7K3C267500D2DQD/DJI_202609080909_004/DJI_20260908092250_0001_V.MP4,B90,uav-02,V,53.80,2.24,0.0,2.9699999999999998,0,89,2026-09-08 09:22:50.805,2026-09-08 09:22:53.722,90
@raw/90_短视频_试拍_补拍/无人机03_1581F7K3C255900D76E8/DJI_202609071448_001/DJI_20260907145316_0001_S.MP4,B90,uav-03,S,24.00,1.00,0.0,30.931,0,927,2026-09-07 14:53:17.019,2026-09-07 14:53:47.888,928
@raw/90_短视频_试拍_补拍/无人机03_1581F7K3C255900D76E8/DJI_202609071448_001/DJI_20260907145316_0001_V.MP4,B90,uav-03,V,24.00,1.00,0.0,30.964,0,928,2026-09-07 14:53:16.955,2026-09-07 14:53:47.881,929
@raw/90_短视频_试拍_补拍/无人机03_1581F7K3C255900D76E8/DJI_202609071448_001/DJI_20260907150014_0002_S.MP4,B90,uav-03,S,24.00,1.00,0.0,6.707,0,201,2026-09-07 15:00:15.159,2026-09-07 15:00:21.832,202
@raw/90_短视频_试拍_补拍/无人机03_1581F7K3C255900D76E8/DJI_202609071448_001/DJI_20260907150014_0002_V.MP4,B90,uav-03,V,24.00,1.00,0.0,6.673,0,200,2026-09-07 15:00:15.228,2026-09-07 15:00:21.863,201
@raw/90_短视频_试拍_补拍/无人机03_1581F7K3C255900D76E8/DJI_202609071609_002/DJI_20260907161154_0001_S.MP4,B90,uav-03,S,49.80,2.07,0.0,73.34,0,2198,2026-09-07 16:11:54.752,2026-09-07 16:13:08.133,2199
@raw/90_短视频_试拍_补拍/无人机03_1581F7K3C255900D76E8/DJI_202609071609_002/DJI_20260907161154_0001_S.MP4,B90,uav-03,S,49.20,2.05,73.373,73.373,2199,2199,2026-09-07 16:13:08.170,2026-09-07 16:13:08.170,1
@raw/90_短视频_试拍_补拍/无人机03_1581F7K3C255900D76E8/DJI_202609071609_002/DJI_20260907161154_0001_S.MP4,B90,uav-03,S,48.60,2.02,73.407,74.141,2200,2222,2026-09-07 16:13:08.199,2026-09-07 16:13:08.937,23
@raw/90_短视频_试拍_补拍/无人机03_1581F7K3C255900D76E8/DJI_202609071609_002/DJI_20260907161154_0001_S.MP4,B90,uav-03,S,49.20,2.05,74.174,74.174,2223,2223,2026-09-07 16:13:08.970,2026-09-07 16:13:08.970,1
@raw/90_短视频_试拍_补拍/无人机03_1581F7K3C255900D76E8/DJI_202609071609_002/DJI_20260907161154_0001_S.MP4,B90,uav-03,S,49.90,2.08,74.207,74.207,2224,2224,2026-09-07 16:13:09.000,2026-09-07 16:13:09.000,1
@raw/90_短视频_试拍_补拍/无人机03_1581F7K3C255900D76E8/DJI_202609071609_002/DJI_20260907161154_0001_S.MP4,B90,uav-03,S,50.50,2.11,74.241,74.508,2225,2233,2026-09-07 16:13:09.038,2026-09-07 16:13:09.304,9
@raw/90_短视频_试拍_补拍/无人机03_1581F7K3C255900D76E8/DJI_202609071609_002/DJI_20260907161154_0001_S.MP4,B90,uav-03,S,50.90,2.12,74.541,74.541,2234,2234,2026-09-07 16:13:09.337,2026-09-07 16:13:09.337,1
@raw/90_短视频_试拍_补拍/无人机03_1581F7K3C255900D76E8/DJI_202609071609_002/DJI_20260907161154_0001_S.MP4,B90,uav-03,S,51.50,2.15,74.575,74.575,2235,2235,2026-09-07 16:13:09.372,2026-09-07 16:13:09.372,1
@raw/90_短视频_试拍_补拍/无人机03_1581F7K3C255900D76E8/DJI_202609071609_002/DJI_20260907161154_0001_S.MP4,B90,uav-03,S,52.20,2.18,74.608,74.608,2236,2236,2026-09-07 16:13:09.405,2026-09-07 16:13:09.405,1
@raw/90_短视频_试拍_补拍/无人机03_1581F7K3C255900D76E8/DJI_202609071609_002/DJI_20260907161154_0001_S.MP4,B90,uav-03,S,52.90,2.20,74.641,84.318,2237,2527,2026-09-07 16:13:09.437,2026-09-07 16:13:19.108,291
@raw/90_短视频_试拍_补拍/无人机03_1581F7K3C255900D76E8/DJI_202609071609_002/DJI_20260907161154_0001_S.MP4,B90,uav-03,S,52.70,1.00,84.351,98.718,2528,2959,2026-09-07 16:13:19.155,2026-09-07 16:13:33.518,432
@raw/90_短视频_试拍_补拍/无人机03_1581F7K3C255900D76E8/DJI_202609071609_002/DJI_20260907161154_0001_V.MP4,B90,uav-03,V,49.80,2.07,0.0,73.307,0,2197,2026-09-07 16:11:54.805,2026-09-07 16:13:08.130,2198
@raw/90_短视频_试拍_补拍/无人机03_1581F7K3C255900D76E8/DJI_202609071609_002/DJI_20260907161154_0001_V.MP4,B90,uav-03,V,49.20,2.05,73.34,73.34,2198,2198,2026-09-07 16:13:08.163,2026-09-07 16:13:08.163,1
@raw/90_短视频_试拍_补拍/无人机03_1581F7K3C255900D76E8/DJI_202609071609_002/DJI_20260907161154_0001_V.MP4,B90,uav-03,V,48.60,2.02,73.373,74.107,2199,2221,2026-09-07 16:13:08.196,2026-09-07 16:13:08.932,23
@raw/90_短视频_试拍_补拍/无人机03_1581F7K3C255900D76E8/DJI_202609071609_002/DJI_20260907161154_0001_V.MP4,B90,uav-03,V,49.20,2.05,74.141,74.141,2222,2222,2026-09-07 16:13:08.964,2026-09-07 16:13:08.964,1
@raw/90_短视频_试拍_补拍/无人机03_1581F7K3C255900D76E8/DJI_202609071609_002/DJI_20260907161154_0001_V.MP4,B90,uav-03,V,49.90,2.08,74.174,74.174,2223,2223,2026-09-07 16:13:08.997,2026-09-07 16:13:08.997,1
@raw/90_短视频_试拍_补拍/无人机03_1581F7K3C255900D76E8/DJI_202609071609_002/DJI_20260907161154_0001_V.MP4,B90,uav-03,V,50.50,2.11,74.207,74.474,2224,2232,2026-09-07 16:13:09.031,2026-09-07 16:13:09.296,9
@raw/90_短视频_试拍_补拍/无人机03_1581F7K3C255900D76E8/DJI_202609071609_002/DJI_20260907161154_0001_V.MP4,B90,uav-03,V,50.90,2.12,74.508,74.508,2233,2233,2026-09-07 16:13:09.331,2026-09-07 16:13:09.331,1
@raw/90_短视频_试拍_补拍/无人机03_1581F7K3C255900D76E8/DJI_202609071609_002/DJI_20260907161154_0001_V.MP4,B90,uav-03,V,51.50,2.15,74.541,74.541,2234,2234,2026-09-07 16:13:09.365,2026-09-07 16:13:09.365,1
@raw/90_短视频_试拍_补拍/无人机03_1581F7K3C255900D76E8/DJI_202609071609_002/DJI_20260907161154_0001_V.MP4,B90,uav-03,V,52.20,2.18,74.575,74.575,2235,2235,2026-09-07 16:13:09.397,2026-09-07 16:13:09.397,1
@raw/90_短视频_试拍_补拍/无人机03_1581F7K3C255900D76E8/DJI_202609071609_002/DJI_20260907161154_0001_V.MP4,B90,uav-03,V,52.90,2.20,74.608,98.699,2236,2958,2026-09-07 16:13:09.431,2026-09-07 16:13:33.523,723
@raw/90_短视频_试拍_补拍/无人机03_1581F7K3C255900D76E8/DJI_202609071609_002/DJI_20260907161336_0002_S.MP4,B90,uav-03,S,52.90,2.20,0.0,148.315,0,4446,2026-09-07 16:13:36.622,2026-09-07 16:16:04.929,4446
@raw/90_短视频_试拍_补拍/无人机03_1581F7K3C255900D76E8/DJI_202609071609_002/DJI_20260907161336_0002_V.MP4,B90,uav-03,V,52.90,2.20,0.0,148.348,0,4448,2026-09-07 16:13:36.600,2026-09-07 16:16:04.953,4447
@raw/90_短视频_试拍_补拍/无人机03_1581F7K3C255900D76E8/DJI_202609080916_004/DJI_20260908092444_0001_S.MP4,B90,uav-03,S,24.00,1.00,0.0,1.001,0,30,2026-09-08 09:24:45.141,2026-09-08 09:24:46.087,31
@raw/90_短视频_试拍_补拍/无人机03_1581F7K3C255900D76E8/DJI_202609080916_004/DJI_20260908092444_0001_V.MP4,B90,uav-03,V,24.00,1.00,0.0,1.001,0,30,2026-09-08 09:24:45.113,2026-09-08 09:24:46.082,31
@raw/90_短视频_试拍_补拍/无人机03_1581F7K3C255900D76E8/DJI_202609080916_004/DJI_20260908094824_0003_S.MP4,B90,uav-03,S,24.00,1.00,0.0,51.184,0,1534,2026-09-08 09:48:24.925,2026-09-08 09:49:16.047,1535
@raw/90_短视频_试拍_补拍/无人机03_1581F7K3C255900D76E8/DJI_202609080916_004/DJI_20260908094824_0003_V.MP4,B90,uav-03,V,24.00,1.00,0.0,51.218,0,1535,2026-09-08 09:48:24.850,2026-09-08 09:49:16.043,1536
@raw/90_短视频_试拍_补拍/无人机04_1581F7K33258900AP021/DJI_202609080915_034/DJI_20260908092113_0001_S.MP4,B90,uav-04,S,55.00,2.29,0.0,3.604,0,108,2026-09-08 09:21:14.314,2026-09-08 09:21:17.900,109
@raw/90_短视频_试拍_补拍/无人机04_1581F7K33258900AP021/DJI_202609080915_034/DJI_20260908092113_0001_V.MP4,B90,uav-04,V,55.00,2.29,0.0,3.67,0,110,2026-09-08 09:21:14.272,2026-09-08 09:21:17.928,111
@raw/90_短视频_试拍_补拍/无人机05_1581F7K3C251400CFB45/DJI_202609071530_001/DJI_20260907154204_0001_S.MP4,B90,uav-05,S,52.70,1.00,0.0,2.867,0,86,2026-09-07 15:42:05.070,2026-09-07 15:42:07.921,87
@raw/90_短视频_试拍_补拍/无人机05_1581F7K3C251400CFB45/DJI_202609071530_001/DJI_20260907160101_0002_S.MP4,B90,uav-05,S,55.10,2.30,0.0,52.953,0,1587,2026-09-07 16:01:02.055,2026-09-07 16:01:55.000,1588
@raw/90_短视频_试拍_补拍/无人机05_1581F7K3C251400CFB45/DJI_202609071622_002/DJI_20260907162504_0001_S.MP4,B90,uav-05,S,52.70,1.00,0.0,8.3,0,249,2026-09-07 16:25:04.409,2026-09-07 16:25:12.699,250
@raw/90_短视频_试拍_补拍/无人机05_1581F7K3C251400CFB45/DJI_202609071622_002/DJI_20260907162723_0002_S.MP4,B90,uav-05,S,52.70,1.00,0.0,3.4,0,102,2026-09-07 16:27:23.940,2026-09-07 16:27:27.312,103
@raw/90_短视频_试拍_补拍/无人机05_1581F7K3C251400CFB45/DJI_202609071622_002/DJI_20260907162723_0002_V.MP4,B90,uav-05,V,172.10,2.46,0.0,3.303,0,99,2026-09-07 16:27:24.043,2026-09-07 16:27:27.330,100
@raw/90_短视频_试拍_补拍/无人机05_1581F7K3C251400CFB45/DJI_202609080912_003/DJI_20260908092228_0001_S.MP4,B90,uav-05,S,54.00,2.25,0.0,3.67,0,110,2026-09-08 09:22:29.219,2026-09-08 09:22:32.890,111
@raw/90_短视频_试拍_补拍/无人机05_1581F7K3C251400CFB45/DJI_202609080912_003/DJI_20260908092228_0001_V.MP4,B90,uav-05,V,54.00,2.25,0.0,3.604,0,108,2026-09-08 09:22:29.279,2026-09-08 09:22:32.882,109
@raw/90_短视频_试拍_补拍/无人机06_1581F7K3C254N00D16Y8/DJI_202609071535_001/DJI_20260907155637_0001_S.MP4,B90,uav-06,S,54.50,2.27,0.0,5.939,0,178,2026-09-07 15:56:38.330,2026-09-07 15:56:44.249,179
@raw/90_短视频_试拍_补拍/无人机06_1581F7K3C254N00D16Y8/DJI_202609071535_001/DJI_20260907155637_0001_V.MP4,B90,uav-06,V,54.50,2.27,0.0,5.906,0,177,2026-09-07 15:56:38.386,2026-09-07 15:56:44.242,178
@raw/90_短视频_试拍_补拍/无人机06_1581F7K3C254N00D16Y8/DJI_202609080910_002/DJI_20260908092133_0001_S.MP4,B90,uav-06,S,52.90,2.20,0.0,3.737,0,112,2026-09-08 09:21:33.580,2026-09-08 09:21:37.298,113
@raw/90_短视频_试拍_补拍/无人机06_1581F7K3C254N00D16Y8/DJI_202609080910_002/DJI_20260908092133_0001_V.MP4,B90,uav-06,V,52.90,2.20,0.0,3.77,0,113,2026-09-08 09:21:33.536,2026-09-08 09:21:37.294,114
@raw/90_短视频_试拍_补拍/无人机06_1581F7K3C254N00D16Y8/DJI_202609080946_003/DJI_20260908102508_0002_S.MP4,B90,uav-06,S,24.00,1.00,0.0,179.78,0,5388,2026-09-08 10:25:08.928,2026-09-08 10:28:08.664,5389
@raw/90_短视频_试拍_补拍/无人机06_1581F7K3C254N00D16Y8/DJI_202609080946_003/DJI_20260908102508_0002_V.MP4,B90,uav-06,V,24.00,1.00,0.0,179.646,0,5384,2026-09-08 10:25:08.861,2026-09-08 10:28:08.492,5385
@raw/90_短视频_试拍_补拍/无人机07_1581F7K3325B100AS0AG/DJI_202609080909_002/DJI_20260908092219_0001_S.MP4,B90,uav-07,S,54.10,2.26,0.0,3.07,0,92,2026-09-08 09:22:19.905,2026-09-08 09:22:22.952,93
@raw/90_短视频_试拍_补拍/无人机07_1581F7K3325B100AS0AG/DJI_202609080909_002/DJI_20260908092219_0001_V.MP4,B90,uav-07,V,54.10,2.26,0.0,3.07,0,92,2026-09-08 09:22:19.881,2026-09-08 09:22:22.949,93
@raw/90_短视频_试拍_补拍/无人机07_1581F7K3325B100AS0AG/DJI_202609080909_002/DJI_20260908094144_0003_S.MP4,B90,uav-07,S,54.10,2.25,0.0,121.622,0,3646,2026-09-08 09:41:44.609,2026-09-08 09:43:46.210,3646
@raw/90_短视频_试拍_补拍/无人机07_1581F7K3325B100AS0AG/DJI_202609080909_002/DJI_20260908094144_0003_S.MP4,B90,uav-07,S,54.50,2.27,121.655,121.655,3647,3647,2026-09-08 09:43:46.247,2026-09-08 09:43:46.247,1
@raw/90_短视频_试拍_补拍/无人机07_1581F7K3325B100AS0AG/DJI_202609080909_002/DJI_20260908094144_0003_S.MP4,B90,uav-07,S,55.10,2.30,121.688,121.688,3648,3648,2026-09-08 09:43:46.275,2026-09-08 09:43:46.275,1
@raw/90_短视频_试拍_补拍/无人机07_1581F7K3325B100AS0AG/DJI_202609080909_002/DJI_20260908094144_0003_S.MP4,B90,uav-07,S,55.80,2.33,121.722,121.722,3649,3649,2026-09-08 09:43:46.308,2026-09-08 09:43:46.308,1
@raw/90_短视频_试拍_补拍/无人机07_1581F7K3325B100AS0AG/DJI_202609080909_002/DJI_20260908094144_0003_S.MP4,B90,uav-07,S,56.60,2.36,121.755,121.755,3650,3650,2026-09-08 09:43:46.342,2026-09-08 09:43:46.342,1
@raw/90_短视频_试拍_补拍/无人机07_1581F7K3325B100AS0AG/DJI_202609080909_002/DJI_20260908094144_0003_S.MP4,B90,uav-07,S,57.30,2.39,121.788,121.788,3651,3651,2026-09-08 09:43:46.376,2026-09-08 09:43:46.376,1
@raw/90_短视频_试拍_补拍/无人机07_1581F7K3325B100AS0AG/DJI_202609080909_002/DJI_20260908094144_0003_S.MP4,B90,uav-07,S,58.10,2.42,121.822,121.822,3652,3652,2026-09-08 09:43:46.405,2026-09-08 09:43:46.405,1
@raw/90_短视频_试拍_补拍/无人机07_1581F7K3325B100AS0AG/DJI_202609080909_002/DJI_20260908094144_0003_S.MP4,B90,uav-07,S,58.80,2.45,121.855,121.855,3653,3653,2026-09-08 09:43:46.442,2026-09-08 09:43:46.442,1
@raw/90_短视频_试拍_补拍/无人机07_1581F7K3325B100AS0AG/DJI_202609080909_002/DJI_20260908094144_0003_S.MP4,B90,uav-07,S,59.60,2.48,121.888,121.888,3654,3654,2026-09-08 09:43:46.473,2026-09-08 09:43:46.473,1
@raw/90_短视频_试拍_补拍/无人机07_1581F7K3325B100AS0AG/DJI_202609080909_002/DJI_20260908094144_0003_S.MP4,B90,uav-07,S,60.40,2.52,121.922,121.922,3655,3655,2026-09-08 09:43:46.506,2026-09-08 09:43:46.506,1
@raw/90_短视频_试拍_补拍/无人机07_1581F7K3325B100AS0AG/DJI_202609080909_002/DJI_20260908094144_0003_S.MP4,B90,uav-07,S,61.20,2.55,121.955,121.955,3656,3656,2026-09-08 09:43:46.539,2026-09-08 09:43:46.539,1
@raw/90_短视频_试拍_补拍/无人机07_1581F7K3325B100AS0AG/DJI_202609080909_002/DJI_20260908094144_0003_S.MP4,B90,uav-07,S,61.60,2.57,121.989,122.322,3657,3667,2026-09-08 09:43:46.579,2026-09-08 09:43:46.910,11
@raw/90_短视频_试拍_补拍/无人机07_1581F7K3325B100AS0AG/DJI_202609080909_002/DJI_20260908094144_0003_S.MP4,B90,uav-07,S,61.10,2.55,122.356,122.356,3668,3668,2026-09-08 09:43:46.943,2026-09-08 09:43:46.943,1
@raw/90_短视频_试拍_补拍/无人机07_1581F7K3325B100AS0AG/DJI_202609080909_002/DJI_20260908094144_0003_S.MP4,B90,uav-07,S,60.10,2.50,122.389,122.389,3669,3669,2026-09-08 09:43:46.974,2026-09-08 09:43:46.974,1
@raw/90_短视频_试拍_补拍/无人机07_1581F7K3325B100AS0AG/DJI_202609080909_002/DJI_20260908094144_0003_S.MP4,B90,uav-07,S,59.10,2.46,122.422,122.422,3670,3670,2026-09-08 09:43:47.007,2026-09-08 09:43:47.007,1
@raw/90_短视频_试拍_补拍/无人机07_1581F7K3325B100AS0AG/DJI_202609080909_002/DJI_20260908094144_0003_S.MP4,B90,uav-07,S,58.10,2.42,122.456,122.456,3671,3671,2026-09-08 09:43:47.040,2026-09-08 09:43:47.040,1
@raw/90_短视频_试拍_补拍/无人机07_1581F7K3325B100AS0AG/DJI_202609080909_002/DJI_20260908094144_0003_S.MP4,B90,uav-07,S,57.10,2.38,122.489,122.489,3672,3672,2026-09-08 09:43:47.076,2026-09-08 09:43:47.076,1
@raw/90_短视频_试拍_补拍/无人机07_1581F7K3325B100AS0AG/DJI_202609080909_002/DJI_20260908094144_0003_S.MP4,B90,uav-07,S,56.20,2.34,122.522,123.156,3673,3692,2026-09-08 09:43:47.112,2026-09-08 09:43:47.745,20
@raw/90_短视频_试拍_补拍/无人机07_1581F7K3325B100AS0AG/DJI_202609080909_002/DJI_20260908094144_0003_S.MP4,B90,uav-07,S,55.60,2.32,123.19,123.19,3693,3693,2026-09-08 09:43:47.777,2026-09-08 09:43:47.777,1
@raw/90_短视频_试拍_补拍/无人机07_1581F7K3325B100AS0AG/DJI_202609080909_002/DJI_20260908094144_0003_S.MP4,B90,uav-07,S,54.70,2.28,123.223,123.223,3694,3694,2026-09-08 09:43:47.807,2026-09-08 09:43:47.807,1
@raw/90_短视频_试拍_补拍/无人机07_1581F7K3325B100AS0AG/DJI_202609080909_002/DJI_20260908094144_0003_S.MP4,B90,uav-07,S,54.10,2.25,123.256,152.119,3695,4560,2026-09-08 09:43:47.845,2026-09-08 09:44:16.708,866
@raw/90_短视频_试拍_补拍/无人机07_1581F7K3325B100AS0AG/DJI_202609080909_002/DJI_20260908094144_0003_V.MP4,B90,uav-07,V,54.10,2.25,0.0,121.622,0,3646,2026-09-08 09:41:44.604,2026-09-08 09:43:46.203,3646
@raw/90_短视频_试拍_补拍/无人机07_1581F7K3325B100AS0AG/DJI_202609080909_002/DJI_20260908094144_0003_V.MP4,B90,uav-07,V,54.50,2.27,121.655,121.655,3647,3647,2026-09-08 09:43:46.244,2026-09-08 09:43:46.244,1
@raw/90_短视频_试拍_补拍/无人机07_1581F7K3325B100AS0AG/DJI_202609080909_002/DJI_20260908094144_0003_V.MP4,B90,uav-07,V,55.10,2.30,121.688,121.688,3648,3648,2026-09-08 09:43:46.270,2026-09-08 09:43:46.270,1
@raw/90_短视频_试拍_补拍/无人机07_1581F7K3325B100AS0AG/DJI_202609080909_002/DJI_20260908094144_0003_V.MP4,B90,uav-07,V,55.80,2.33,121.722,121.722,3649,3649,2026-09-08 09:43:46.302,2026-09-08 09:43:46.302,1
@raw/90_短视频_试拍_补拍/无人机07_1581F7K3325B100AS0AG/DJI_202609080909_002/DJI_20260908094144_0003_V.MP4,B90,uav-07,V,56.60,2.36,121.755,121.755,3650,3650,2026-09-08 09:43:46.336,2026-09-08 09:43:46.336,1
@raw/90_短视频_试拍_补拍/无人机07_1581F7K3325B100AS0AG/DJI_202609080909_002/DJI_20260908094144_0003_V.MP4,B90,uav-07,V,57.30,2.39,121.788,121.788,3651,3651,2026-09-08 09:43:46.369,2026-09-08 09:43:46.369,1
@raw/90_短视频_试拍_补拍/无人机07_1581F7K3325B100AS0AG/DJI_202609080909_002/DJI_20260908094144_0003_V.MP4,B90,uav-07,V,58.10,2.42,121.822,121.822,3652,3652,2026-09-08 09:43:46.402,2026-09-08 09:43:46.402,1
@raw/90_短视频_试拍_补拍/无人机07_1581F7K3325B100AS0AG/DJI_202609080909_002/DJI_20260908094144_0003_V.MP4,B90,uav-07,V,58.80,2.45,121.855,121.855,3653,3653,2026-09-08 09:43:46.435,2026-09-08 09:43:46.435,1
@raw/90_短视频_试拍_补拍/无人机07_1581F7K3325B100AS0AG/DJI_202609080909_002/DJI_20260908094144_0003_V.MP4,B90,uav-07,V,59.60,2.48,121.888,121.888,3654,3654,2026-09-08 09:43:46.468,2026-09-08 09:43:46.468,1
@raw/90_短视频_试拍_补拍/无人机07_1581F7K3325B100AS0AG/DJI_202609080909_002/DJI_20260908094144_0003_V.MP4,B90,uav-07,V,60.40,2.52,121.922,121.922,3655,3655,2026-09-08 09:43:46.502,2026-09-08 09:43:46.502,1
@raw/90_短视频_试拍_补拍/无人机07_1581F7K3325B100AS0AG/DJI_202609080909_002/DJI_20260908094144_0003_V.MP4,B90,uav-07,V,61.20,2.55,121.955,121.955,3656,3656,2026-09-08 09:43:46.535,2026-09-08 09:43:46.535,1
@raw/90_短视频_试拍_补拍/无人机07_1581F7K3325B100AS0AG/DJI_202609080909_002/DJI_20260908094144_0003_V.MP4,B90,uav-07,V,61.60,2.57,121.989,122.322,3657,3667,2026-09-08 09:43:46.569,2026-09-08 09:43:46.904,11
@raw/90_短视频_试拍_补拍/无人机07_1581F7K3325B100AS0AG/DJI_202609080909_002/DJI_20260908094144_0003_V.MP4,B90,uav-07,V,61.10,2.55,122.356,122.356,3668,3668,2026-09-08 09:43:46.937,2026-09-08 09:43:46.937,1
@raw/90_短视频_试拍_补拍/无人机07_1581F7K3325B100AS0AG/DJI_202609080909_002/DJI_20260908094144_0003_V.MP4,B90,uav-07,V,60.10,2.50,122.389,122.389,3669,3669,2026-09-08 09:43:46.970,2026-09-08 09:43:46.970,1
@raw/90_短视频_试拍_补拍/无人机07_1581F7K3325B100AS0AG/DJI_202609080909_002/DJI_20260908094144_0003_V.MP4,B90,uav-07,V,59.10,2.46,122.422,122.422,3670,3670,2026-09-08 09:43:47.003,2026-09-08 09:43:47.003,1
@raw/90_短视频_试拍_补拍/无人机07_1581F7K3325B100AS0AG/DJI_202609080909_002/DJI_20260908094144_0003_V.MP4,B90,uav-07,V,58.10,2.42,122.456,122.456,3671,3671,2026-09-08 09:43:47.036,2026-09-08 09:43:47.036,1
@raw/90_短视频_试拍_补拍/无人机07_1581F7K3325B100AS0AG/DJI_202609080909_002/DJI_20260908094144_0003_V.MP4,B90,uav-07,V,57.10,2.38,122.489,122.489,3672,3672,2026-09-08 09:43:47.070,2026-09-08 09:43:47.070,1
@raw/90_短视频_试拍_补拍/无人机07_1581F7K3325B100AS0AG/DJI_202609080909_002/DJI_20260908094144_0003_V.MP4,B90,uav-07,V,56.20,2.34,122.522,123.156,3673,3692,2026-09-08 09:43:47.104,2026-09-08 09:43:47.739,20
@raw/90_短视频_试拍_补拍/无人机07_1581F7K3325B100AS0AG/DJI_202609080909_002/DJI_20260908094144_0003_V.MP4,B90,uav-07,V,55.60,2.32,123.19,123.19,3693,3693,2026-09-08 09:43:47.771,2026-09-08 09:43:47.771,1
@raw/90_短视频_试拍_补拍/无人机07_1581F7K3325B100AS0AG/DJI_202609080909_002/DJI_20260908094144_0003_V.MP4,B90,uav-07,V,54.70,2.28,123.223,123.223,3694,3694,2026-09-08 09:43:47.804,2026-09-08 09:43:47.804,1
@raw/90_短视频_试拍_补拍/无人机07_1581F7K3325B100AS0AG/DJI_202609080909_002/DJI_20260908094144_0003_V.MP4,B90,uav-07,V,54.10,2.25,123.256,152.152,3695,4562,2026-09-08 09:43:47.838,2026-09-08 09:44:16.737,867
@raw/90_短视频_试拍_补拍/无人机07_1581F7K3325B100AS0AG/DJI_202609080909_002/DJI_20260908094419_0004_S.MP4,B90,uav-07,S,54.10,2.25,0.0,61.428,0,1841,2026-09-08 09:44:19.629,2026-09-08 09:45:21.040,1842
@raw/90_短视频_试拍_补拍/无人机07_1581F7K3325B100AS0AG/DJI_202609080909_002/DJI_20260908094419_0004_V.MP4,B90,uav-07,V,54.10,2.25,0.0,61.428,0,1841,2026-09-08 09:44:19.625,2026-09-08 09:45:21.036,1842
@raw/90_短视频_试拍_补拍/无人机07_1581F7K3325B100AS0AG/DJI_202609081002_003/DJI_20260908101451_0002_S.MP4,B90,uav-07,S,53.80,2.24,0.0,147.28,0,4415,2026-09-08 10:14:51.903,2026-09-08 10:17:19.167,4415
@raw/90_短视频_试拍_补拍/无人机07_1581F7K3325B100AS0AG/DJI_202609081002_003/DJI_20260908101451_0002_V.MP4,B90,uav-07,V,53.80,2.24,0.0,147.314,0,4417,2026-09-08 10:14:51.899,2026-09-08 10:17:19.198,4416
@raw/90_短视频_试拍_补拍/无人机07_1581F7K3325B100AS0AG/DJI_202609081037_004/DJI_20260908103828_0001_S.MP4,B90,uav-07,S,24.00,1.00,0.0,46.547,0,1395,2026-09-08 10:38:28.561,2026-09-08 10:39:15.529,1396
@raw/90_短视频_试拍_补拍/无人机07_1581F7K3325B100AS0AG/DJI_202609081037_004/DJI_20260908103828_0001_V.MP4,B90,uav-07,V,24.00,1.00,0.0,46.547,0,1395,2026-09-08 10:38:28.516,2026-09-08 10:39:15.519,1396
@raw/90_短视频_试拍_补拍/无人机07_1581F7K3325B100AS0AG/DJI_202609081037_004/DJI_20260908104053_0002_S.MP4,B90,uav-07,S,24.00,1.00,0.0,215.348,0,6456,2026-09-08 10:40:53.882,2026-09-08 10:44:29.215,6455
@raw/90_短视频_试拍_补拍/无人机07_1581F7K3325B100AS0AG/DJI_202609081037_004/DJI_20260908104053_0002_V.MP4,B90,uav-07,V,24.00,1.00,0.0,215.382,0,6456,2026-09-08 10:40:53.860,2026-09-08 10:44:29.242,6456
@raw/90_短视频_试拍_补拍/无人机09_1581F7K3C24CS00AX535/DJI_202609071543_001/DJI_20260907154450_0001_S.MP4,B90,uav-09,S,52.70,1.00,0.0,1.8,0,54,2026-09-07 15:44:50.842,2026-09-07 15:44:52.583,55
@raw/90_短视频_试拍_补拍/无人机09_1581F7K3C24CS00AX535/DJI_202609071543_001/DJI_20260907154450_0001_V.MP4,B90,uav-09,V,24.00,1.00,0.0,1.835,0,55,2026-09-07 15:44:50.798,2026-09-07 15:44:52.601,56
@raw/90_短视频_试拍_补拍/无人机09_1581F7K3C24CS00AX535/DJI_202609080915_003/DJI_20260908092155_0001_S.MP4,B90,uav-09,S,53.30,2.22,0.0,3.637,0,109,2026-09-08 09:21:56.142,2026-09-08 09:21:59.719,110
@raw/90_短视频_试拍_补拍/无人机09_1581F7K3C24CS00AX535/DJI_202609080915_003/DJI_20260908092155_0001_V.MP4,B90,uav-09,V,53.30,2.22,0.0,3.67,0,110,2026-09-08 09:21:56.070,2026-09-08 09:21:59.716,111
@raw/90_短视频_试拍_补拍/无人机09_1581F7K3C24CS00AX535/DJI_202609080915_003/DJI_20260908092311_0003_S.MP4,B90,uav-09,S,53.30,2.22,0.0,3.403,0,102,2026-09-08 09:23:11.903,2026-09-08 09:23:15.290,103
@raw/90_短视频_试拍_补拍/无人机09_1581F7K3C24CS00AX535/DJI_202609080915_003/DJI_20260908092311_0003_V.MP4,B90,uav-09,V,53.30,2.22,0.0,3.504,0,105,2026-09-08 09:23:11.819,2026-09-08 09:23:15.320,106
@raw/90_短视频_试拍_补拍/无人机09_1581F7K3C24CS00AX535/DJI_202609081039_006/DJI_20260908104445_0001_S.MP4,B90,uav-09,S,54.60,2.27,0.0,1.6680000000000001,0,50,2026-09-08 10:44:46.274,2026-09-08 10:44:47.909,51
@raw/90_短视频_试拍_补拍/无人机09_1581F7K3C24CS00AX535/DJI_202609081039_006/DJI_20260908104445_0001_V.MP4,B90,uav-09,V,54.60,2.27,0.0,1.702,0,51,2026-09-08 10:44:46.215,2026-09-08 10:44:47.897,52
