path,batch,uav,channel,pts_request_s,frame_count,subtitle_local_time,focal_len,zoom,latitude,longitude,abs_alt,gb_yaw,gb_pitch,gb_roll,container_creation_utc,subtitle_wall_minus_container_plus_requested_pts_s
@raw/01_第一批_20260907_1602_单火点/01_正式视频/无人机01_1581F7K3C251800CYBVP/DJI_202609071553_002/DJI_20260907160207_0001_S.MP4,B1,uav-01,S,0.5,0,2026-09-07 16:02:07.501,53.30,2.22,31.289136,120.472911,61.795,-84.6,-28.3,0.0,2026-09-07T08:02:07,0.001
@raw/01_第一批_20260907_1602_单火点/01_正式视频/无人机01_1581F7K3C251800CYBVP/DJI_202609071553_002/DJI_20260907160207_0001_S.MP4,B1,uav-01,S,452.3994165,13564,2026-09-07 16:09:39.665,53.30,2.22,31.289138,120.472915,61.856,-84.0,-28.3,0.0,2026-09-07T08:02:07,0.265584
@raw/01_第一批_20260907_1602_单火点/01_正式视频/无人机01_1581F7K3C251800CYBVP/DJI_202609071553_002/DJI_20260907160207_0001_S.MP4,B1,uav-01,S,903.798833,27099,2026-09-07 16:17:11.092,53.30,2.22,31.289138,120.472915,61.713,-83.6,-28.3,0.0,2026-09-07T08:02:07,0.293167
@raw/01_第一批_20260907_1602_单火点/01_正式视频/无人机01_1581F7K3C251800CYBVP/DJI_202609071553_002/DJI_20260907160207_0001_V.MP4,B1,uav-01,V,0.5,0,2026-09-07 16:02:07.532,53.30,2.22,31.289136,120.472911,61.795,-84.6,-28.3,0.0,2026-09-07T08:02:07,0.032
@raw/01_第一批_20260907_1602_单火点/01_正式视频/无人机01_1581F7K3C251800CYBVP/DJI_202609071553_002/DJI_20260907160207_0001_V.MP4,B1,uav-01,V,452.3852665,13534,2026-09-07 16:09:38.954,53.30,2.22,31.289138,120.472915,61.855,-84.0,-28.3,0.0,2026-09-07T08:02:07,-0.431267
@raw/01_第一批_20260907_1602_单火点/01_正式视频/无人机01_1581F7K3C251800CYBVP/DJI_202609071553_002/DJI_20260907160207_0001_V.MP4,B1,uav-01,V,903.770533,27069,2026-09-07 16:17:10.423,53.30,2.22,31.289138,120.472915,61.710,-83.6,-28.3,0.0,2026-09-07T08:02:07,-0.347533
@raw/01_第一批_20260907_1602_单火点/01_正式视频/无人机02_1581F7K3C267500D2DQD/DJI_202609071534_003/DJI_20260907160153_0005_S.MP4,B1,uav-02,S,0.5,0,2026-09-07 16:01:54.080,54.10,2.25,31.289167,120.472534,57.987,100.9,-10.8,0.0,2026-09-07T08:01:54,-0.42
@raw/01_第一批_20260907_1602_单火点/01_正式视频/无人机02_1581F7K3C267500D2DQD/DJI_202609071534_003/DJI_20260907160153_0005_S.MP4,B1,uav-02,S,458.3014665,13714,2026-09-07 16:09:31.540,54.10,2.25,31.289167,120.472533,58.193,100.8,-10.8,0.0,2026-09-07T08:01:54,-0.761467
@raw/01_第一批_20260907_1602_单火点/01_正式视频/无人机02_1581F7K3C267500D2DQD/DJI_202609071534_003/DJI_20260907160153_0005_S.MP4,B1,uav-02,S,915.602933,27429,2026-09-07 16:17:08.958,54.10,2.25,31.289170,120.472530,58.203,100.7,-10.8,0.0,2026-09-07T08:01:54,-0.644933
@raw/01_第一批_20260907_1602_单火点/01_正式视频/无人机02_1581F7K3C267500D2DQD/DJI_202609071534_003/DJI_20260907160153_0005_V.MP4,B1,uav-02,V,0.5,0,2026-09-07 16:01:54.072,54.10,2.25,31.289167,120.472534,57.987,100.9,-10.8,0.0,2026-09-07T08:01:54,-0.428
@raw/01_第一批_20260907_1602_单火点/01_正式视频/无人机02_1581F7K3C267500D2DQD/DJI_202609071534_003/DJI_20260907160153_0005_V.MP4,B1,uav-02,V,458.30785,13715,2026-09-07 16:09:31.537,54.10,2.25,31.289167,120.472533,58.193,100.8,-10.8,0.0,2026-09-07T08:01:54,-0.77085
@raw/01_第一批_20260907_1602_单火点/01_正式视频/无人机02_1581F7K3C267500D2DQD/DJI_202609071534_003/DJI_20260907160153_0005_V.MP4,B1,uav-02,V,915.6157,27428,2026-09-07 16:17:08.955,54.10,2.25,31.289170,120.472530,58.203,100.7,-10.8,0.0,2026-09-07T08:01:54,-0.6607
@raw/01_第一批_20260907_1602_单火点/01_正式视频/无人机04_1581F7K33258900AP021/DJI_202609071553_033/DJI_20260907160203_0002_S.MP4,B1,uav-04,S,0.5,0,2026-09-07 16:02:03.788,52.70,1.00,31.289147,120.472883,59.842,-98.9,-24.1,0.0,2026-09-07T08:02:04,-0.712
@raw/01_第一批_20260907_1602_单火点/01_正式视频/无人机04_1581F7K33258900AP021/DJI_202609071553_033/DJI_20260907160203_0002_S.MP4,B1,uav-04,S,453.4802165,13597,2026-09-07 16:09:36.980,52.70,1.00,31.289148,120.472905,59.620,-99.0,-24.1,0.0,2026-09-07T08:02:04,-0.500216
@raw/01_第一批_20260907_1602_单火点/01_正式视频/无人机04_1581F7K33258900AP021/DJI_202609071553_033/DJI_20260907160203_0002_S.MP4,B1,uav-04,S,905.960433,27165,2026-09-07 16:17:08.927,52.70,1.00,31.289141,120.473008,59.224,-99.1,-24.1,0.0,2026-09-07T08:02:04,-1.033433
@raw/01_第一批_20260907_1602_单火点/01_正式视频/无人机04_1581F7K33258900AP021/DJI_202609071553_033/DJI_20260907160203_0002_V.MP4,B1,uav-04,V,0.5,0,2026-09-07 16:02:03.730,55.30,2.30,31.289147,120.472883,59.842,-98.9,-24.1,0.0,2026-09-07T08:02:03,0.23
@raw/01_第一批_20260907_1602_单火点/01_正式视频/无人机04_1581F7K33258900AP021/DJI_202609071553_033/DJI_20260907160203_0002_V.MP4,B1,uav-04,V,453.40295,13570,2026-09-07 16:09:36.185,55.30,2.30,31.289148,120.472905,59.612,-99.0,-24.1,0.0,2026-09-07T08:02:03,-0.21795
@raw/01_第一批_20260907_1602_单火点/01_正式视频/无人机04_1581F7K33258900AP021/DJI_202609071553_033/DJI_20260907160203_0002_V.MP4,B1,uav-04,V,905.8059,27140,2026-09-07 16:17:08.646,55.30,2.30,31.289141,120.473009,59.251,-99.1,-24.1,0.0,2026-09-07T08:02:03,-0.1599
@raw/01_第一批_20260907_1602_单火点/01_正式视频/无人机05_1581F7K3C251400CFB45/DJI_202609071530_001/DJI_20260907160158_0003_S.MP4,B1,uav-05,S,0.5,0,2026-09-07 16:01:58.722,55.10,2.30,31.289302,120.472771,57.436,-178.3,-16.2,0.0,2026-09-07T08:01:58,0.222
@raw/01_第一批_20260907_1602_单火点/01_正式视频/无人机05_1581F7K3C251400CFB45/DJI_202609071530_001/DJI_20260907160158_0003_S.MP4,B1,uav-05,S,454.6867,13630,2026-09-07 16:09:33.179,55.10,2.30,31.289304,120.472768,57.660,-178.2,-16.2,0.0,2026-09-07T08:01:58,0.4923
@raw/01_第一批_20260907_1602_单火点/01_正式视频/无人机05_1581F7K3C251400CFB45/DJI_202609071530_001/DJI_20260907160158_0003_S.MP4,B1,uav-05,S,908.3734,27228,2026-09-07 16:17:06.314,52.70,1.00,31.289307,120.472773,58.965,-177.9,-16.2,0.0,2026-09-07T08:01:58,-0.0594
@raw/01_第一批_20260907_1602_单火点/01_正式视频/无人机06_1581F7K3C254N00D16Y8/DJI_202609071535_001/DJI_20260907160153_0002_S.MP4,B1,uav-06,S,0.5,0,2026-09-07 16:01:53.567,54.50,2.27,31.289238,120.472719,68.152,157.6,-51.2,0.0,2026-09-07T08:01:53,0.067
@raw/01_第一批_20260907_1602_单火点/01_正式视频/无人机06_1581F7K3C254N00D16Y8/DJI_202609071535_001/DJI_20260907160153_0002_S.MP4,B1,uav-06,S,457.78405,13716,2026-09-07 16:09:30.848,52.70,1.00,31.289255,120.472711,65.843,157.7,-37.3,0.0,2026-09-07T08:01:53,0.06395
@raw/01_第一批_20260907_1602_单火点/01_正式视频/无人机06_1581F7K3C254N00D16Y8/DJI_202609071535_001/DJI_20260907160153_0002_S.MP4,B1,uav-06,S,914.5681,27432,2026-09-07 16:17:07.856,52.70,1.00,31.289256,120.472711,65.841,157.8,-37.3,0.0,2026-09-07T08:01:53,0.2879
@raw/01_第一批_20260907_1602_单火点/01_正式视频/无人机06_1581F7K3C254N00D16Y8/DJI_202609071535_001/DJI_20260907160153_0002_V.MP4,B1,uav-06,V,0.5,0,2026-09-07 16:01:53.543,54.50,2.27,31.289238,120.472719,68.153,157.6,-51.2,0.0,2026-09-07T08:01:53,0.043
@raw/01_第一批_20260907_1602_单火点/01_正式视频/无人机06_1581F7K3C254N00D16Y8/DJI_202609071535_001/DJI_20260907160153_0002_V.MP4,B1,uav-06,V,457.7739835,13714,2026-09-07 16:09:31.001,24.00,1.00,31.289255,120.472711,65.839,157.7,-37.3,0.0,2026-09-07T08:01:53,0.227017
@raw/01_第一批_20260907_1602_单火点/01_正式视频/无人机06_1581F7K3C254N00D16Y8/DJI_202609071535_001/DJI_20260907160153_0002_V.MP4,B1,uav-06,V,914.547967,27398,2026-09-07 16:17:07.464,24.00,1.00,31.289256,120.472711,65.840,157.8,-37.3,0.0,2026-09-07T08:01:53,-0.083967
@raw/01_第一批_20260907_1602_单火点/01_正式视频/无人机07_1581F7K3325B100AS0AG/DJI_202609071532_001/DJI_20260907160202_0005_S.MP4,B1,uav-07,S,0.5,0,2026-09-07 16:02:02.873,54.00,2.25,31.289118,120.472871,71.526,-76.0,-57.7,0.0,2026-09-07T08:02:03,-0.627
@raw/01_第一批_20260907_1602_单火点/01_正式视频/无人机07_1581F7K3325B100AS0AG/DJI_202609071532_001/DJI_20260907160202_0005_S.MP4,B1,uav-07,S,539.2474335,16176,2026-09-07 16:11:01.955,52.70,1.00,31.289117,120.472870,71.256,-76.4,-57.7,0.0,2026-09-07T08:02:03,-0.292434
@raw/01_第一批_20260907_1602_单火点/01_正式视频/无人机07_1581F7K3325B100AS0AG/DJI_202609071532_001/DJI_20260907160202_0005_S.MP4,B1,uav-07,S,1077.494867,32321,2026-09-07 16:20:00.156,24.00,1.00,31.289165,120.472864,56.810,-159.4,0.0,0.0,2026-09-07T08:02:03,-0.338867
@raw/01_第一批_20260907_1602_单火点/01_正式视频/无人机07_1581F7K3325B100AS0AG/DJI_202609071532_001/DJI_20260907160202_0005_V.MP4,B1,uav-07,V,0.5,0,2026-09-07 16:02:02.915,54.00,2.25,31.289118,120.472871,71.523,-76.0,-57.7,0.0,2026-09-07T08:02:02,0.415
@raw/01_第一批_20260907_1602_单火点/01_正式视频/无人机07_1581F7K3325B100AS0AG/DJI_202609071532_001/DJI_20260907160202_0005_V.MP4,B1,uav-07,V,539.2053335,16144,2026-09-07 16:11:01.436,54.00,2.25,31.289117,120.472870,71.258,-76.4,-57.7,0.0,2026-09-07T08:02:02,0.230666
@raw/01_第一批_20260907_1602_单火点/01_正式视频/无人机07_1581F7K3325B100AS0AG/DJI_202609071532_001/DJI_20260907160202_0005_V.MP4,B1,uav-07,V,1077.410667,32290,2026-09-07 16:19:59.981,24.00,1.00,31.289165,120.472864,56.822,-159.4,0.0,0.0,2026-09-07T08:02:02,0.570333
@raw/01_第一批_20260907_1602_单火点/01_正式视频/无人机08_1581F7K3C256N00DCP1T/DJI_202609071536_001/DJI_20260907160201_0001_S.MP4,B1,uav-08,S,0.5,0,2026-09-07 16:02:01.852,53.40,2.23,31.289132,120.472771,75.345,-88.3,-89.9,0.0,2026-09-07T08:02:02,-0.648
@raw/01_第一批_20260907_1602_单火点/01_正式视频/无人机08_1581F7K3C256N00DCP1T/DJI_202609071536_001/DJI_20260907160201_0001_S.MP4,B1,uav-08,S,500.6892165,15006,2026-09-07 16:10:22.041,53.40,2.23,31.289134,120.472775,75.875,-88.2,-89.9,0.0,2026-09-07T08:02:02,-0.648216
@raw/01_第一批_20260907_1602_单火点/01_正式视频/无人机08_1581F7K3C256N00DCP1T/DJI_202609071536_001/DJI_20260907160201_0001_S.MP4,B1,uav-08,S,1000.378433,29981,2026-09-07 16:18:41.474,24.00,1.00,31.288843,120.472857,50.843,178.6,0.0,0.0,2026-09-07T08:02:02,-0.904433
@raw/01_第一批_20260907_1602_单火点/01_正式视频/无人机08_1581F7K3C256N00DCP1T/DJI_202609071536_001/DJI_20260907160201_0001_V.MP4,B1,uav-08,V,0.5,0,2026-09-07 16:02:01.853,53.40,2.23,31.289132,120.472771,75.345,-88.3,-89.9,0.0,2026-09-07T08:02:01,0.353
@raw/01_第一批_20260907_1602_单火点/01_正式视频/无人机08_1581F7K3C256N00DCP1T/DJI_202609071536_001/DJI_20260907160201_0001_V.MP4,B1,uav-08,V,500.7002,15006,2026-09-07 16:10:22.271,53.40,2.23,31.289134,120.472775,75.878,-88.2,-89.9,0.0,2026-09-07T08:02:01,0.5708
@raw/01_第一批_20260907_1602_单火点/01_正式视频/无人机08_1581F7K3C256N00DCP1T/DJI_202609071536_001/DJI_20260907160201_0001_V.MP4,B1,uav-08,V,1000.4004,29982,2026-09-07 16:18:41.800,24.00,1.00,31.288843,120.472857,50.838,178.6,0.0,0.0,2026-09-07T08:02:01,0.3996
@raw/01_第一批_20260907_1602_单火点/01_正式视频/无人机09_1581F7K3C24CS00AX535/DJI_202609071543_001/DJI_20260907160202_0003_S.MP4,B1,uav-09,S,0.5,0,2026-09-07 16:02:03.197,54.60,2.27,31.289151,120.472697,76.669,99.5,-73.9,0.0,2026-09-07T08:02:03,-0.303
@raw/01_第一批_20260907_1602_单火点/01_正式视频/无人机09_1581F7K3C24CS00AX535/DJI_202609071543_001/DJI_20260907160202_0003_S.MP4,B1,uav-09,S,457.7340165,13714,2026-09-07 16:09:40.629,54.60,2.27,31.289153,120.472687,80.404,99.5,-72.7,0.0,2026-09-07T08:02:03,-0.105016
@raw/01_第一批_20260907_1602_单火点/01_正式视频/无人机09_1581F7K3C24CS00AX535/DJI_202609071543_001/DJI_20260907160202_0003_S.MP4,B1,uav-09,S,914.468033,27399,2026-09-07 16:17:17.085,54.60,2.27,31.288999,120.472721,84.392,99.6,-72.7,0.0,2026-09-07T08:02:03,-0.383033
@raw/01_第一批_20260907_1602_单火点/01_正式视频/无人机09_1581F7K3C24CS00AX535/DJI_202609071543_001/DJI_20260907160202_0003_V.MP4,B1,uav-09,V,0.5,0,2026-09-07 16:02:03.174,54.60,2.27,31.289151,120.472697,76.669,99.5,-73.9,0.0,2026-09-07T08:02:03,-0.326
@raw/01_第一批_20260907_1602_单火点/01_正式视频/无人机09_1581F7K3C24CS00AX535/DJI_202609071543_001/DJI_20260907160202_0003_V.MP4,B1,uav-09,V,457.7573,13715,2026-09-07 16:09:40.625,54.60,2.27,31.289153,120.472687,80.404,99.5,-72.7,0.0,2026-09-07T08:02:03,-0.1323
@raw/01_第一批_20260907_1602_单火点/01_正式视频/无人机09_1581F7K3C24CS00AX535/DJI_202609071543_001/DJI_20260907160202_0003_V.MP4,B1,uav-09,V,914.5146,27402,2026-09-07 16:17:17.082,54.60,2.27,31.288999,120.472721,84.392,99.6,-72.7,0.0,2026-09-07T08:02:03,-0.4326
@raw/02_第二批_20260908_0924_单火点/01_正式视频/无人机01_1581F7K3C251800CYBVP/DJI_202609080913_003/DJI_20260908092431_0003_S.MP4,B2,uav-01,S,0.5,0,2026-09-08 09:24:31.860,53.60,2.23,31.289578,120.472896,63.868,-139.3,-41.2,0.0,2026-09-08T01:24:31,0.36
@raw/02_第二批_20260908_0924_单火点/01_正式视频/无人机01_1581F7K3C251800CYBVP/DJI_202609080913_003/DJI_20260908092431_0003_S.MP4,B2,uav-01,S,496.1122835,14856,2026-09-08 09:32:47.342,53.60,2.23,31.289581,120.472899,63.514,-139.1,-41.2,0.0,2026-09-08T01:24:31,0.229717
@raw/02_第二批_20260908_0924_单火点/01_正式视频/无人机01_1581F7K3C251800CYBVP/DJI_202609080913_003/DJI_20260908092431_0003_S.MP4,B2,uav-01,S,991.224567,29714,2026-09-08 09:41:02.861,53.60,2.23,31.289582,120.472901,63.838,-139.2,-41.2,0.0,2026-09-08T01:24:31,0.636433
@raw/02_第二批_20260908_0924_单火点/01_正式视频/无人机01_1581F7K3C251800CYBVP/DJI_202609080913_003/DJI_20260908092431_0003_V.MP4,B2,uav-01,V,0.5,0,2026-09-08 09:24:31.837,53.60,2.23,31.289578,120.472896,63.868,-139.3,-41.2,0.0,2026-09-08T01:24:31,0.337
@raw/02_第二批_20260908_0924_单火点/01_正式视频/无人机01_1581F7K3C251800CYBVP/DJI_202609080913_003/DJI_20260908092431_0003_V.MP4,B2,uav-01,V,496.1122835,14854,2026-09-08 09:32:47.339,53.60,2.23,31.289581,120.472899,63.514,-139.1,-41.2,0.0,2026-09-08T01:24:31,0.226717
@raw/02_第二批_20260908_0924_单火点/01_正式视频/无人机01_1581F7K3C251800CYBVP/DJI_202609080913_003/DJI_20260908092431_0003_V.MP4,B2,uav-01,V,991.224567,29712,2026-09-08 09:41:02.854,53.60,2.23,31.289582,120.472901,63.838,-139.2,-41.2,0.0,2026-09-08T01:24:31,0.629433
@raw/02_第二批_20260908_0924_单火点/01_正式视频/无人机02_1581F7K3C267500D2DQD/DJI_202609080909_004/DJI_20260908092422_0002_S.MP4,B2,uav-02,S,0.5,0,2026-09-08 09:24:22.749,53.80,2.24,31.289473,120.472732,88.510,85.4,-77.8,0.0,2026-09-08T01:24:23,-0.751
@raw/02_第二批_20260908_0924_单火点/01_正式视频/无人机02_1581F7K3C267500D2DQD/DJI_202609080909_004/DJI_20260908092422_0002_S.MP4,B2,uav-02,S,501.4119835,15036,2026-09-08 09:32:44.020,52.70,1.00,31.289474,120.472732,88.485,85.5,-77.8,0.0,2026-09-08T01:24:23,-0.391984
@raw/02_第二批_20260908_0924_单火点/01_正式视频/无人机02_1581F7K3C267500D2DQD/DJI_202609080909_004/DJI_20260908092422_0002_S.MP4,B2,uav-02,S,1001.823967,30041,2026-09-08 09:41:04.028,52.70,1.00,31.289476,120.472731,88.650,101.6,-77.8,0.0,2026-09-08T01:24:23,-0.795967
@raw/02_第二批_20260908_0924_单火点/01_正式视频/无人机02_1581F7K3C267500D2DQD/DJI_202609080909_004/DJI_20260908092422_0002_V.MP4,B2,uav-02,V,0.5,0,2026-09-08 09:24:22.660,53.80,2.24,31.289473,120.472732,88.509,85.4,-77.8,0.0,2026-09-08T01:24:22,0.16
@raw/02_第二批_20260908_0924_单火点/01_正式视频/无人机02_1581F7K3C267500D2DQD/DJI_202609080909_004/DJI_20260908092422_0002_V.MP4,B2,uav-02,V,501.4676335,15004,2026-09-08 09:32:43.163,53.80,2.24,31.289474,120.472731,88.494,85.5,-77.8,0.0,2026-09-08T01:24:22,-0.304633
@raw/02_第二批_20260908_0924_单火点/01_正式视频/无人机02_1581F7K3C267500D2DQD/DJI_202609080909_004/DJI_20260908092422_0002_V.MP4,B2,uav-02,V,1001.935267,30009,2026-09-08 09:41:03.680,53.80,2.24,31.289477,120.472731,88.647,88.3,-77.8,0.0,2026-09-08T01:24:22,-0.255267
@raw/02_第二批_20260908_0924_单火点/01_正式视频/无人机03_1581F7K3C255900D76E8/DJI_202609080916_004/DJI_20260908092454_0002_S.MP4,B2,uav-03,S,0.5,0,2026-09-08 09:24:54.665,24.00,1.00,31.289448,120.472673,61.127,78.4,-17.6,0.0,2026-09-08T01:24:54,0.165
@raw/02_第二批_20260908_0924_单火点/01_正式视频/无人机03_1581F7K3C255900D76E8/DJI_202609080916_004/DJI_20260908092454_0002_S.MP4,B2,uav-03,S,505.45675,15125,2026-09-08 09:33:19.153,24.00,1.00,31.289448,120.472676,61.138,78.9,-17.6,0.0,2026-09-08T01:24:54,-0.30375
@raw/02_第二批_20260908_0924_单火点/01_正式视频/无人机03_1581F7K3C255900D76E8/DJI_202609080916_004/DJI_20260908092454_0002_S.MP4,B2,uav-03,S,1009.9135,30249,2026-09-08 09:41:43.642,24.00,1.00,31.289446,120.472682,61.187,79.1,-17.6,0.0,2026-09-08T01:24:54,-0.2715
@raw/02_第二批_20260908_0924_单火点/01_正式视频/无人机03_1581F7K3C255900D76E8/DJI_202609080916_004/DJI_20260908092454_0002_V.MP4,B2,uav-03,V,0.5,0,2026-09-08 09:24:54.559,24.00,1.00,31.289448,120.472673,61.127,78.4,-17.6,0.0,2026-09-08T01:24:54,0.059
@raw/02_第二批_20260908_0924_单火点/01_正式视频/无人机03_1581F7K3C255900D76E8/DJI_202609080916_004/DJI_20260908092454_0002_V.MP4,B2,uav-03,V,505.4883165,15125,2026-09-08 09:33:19.082,24.00,1.00,31.289448,120.472676,61.138,78.9,-17.6,0.0,2026-09-08T01:24:54,-0.406316
@raw/02_第二批_20260908_0924_单火点/01_正式视频/无人机03_1581F7K3C255900D76E8/DJI_202609080916_004/DJI_20260908092454_0002_V.MP4,B2,uav-03,V,1009.976633,30251,2026-09-08 09:41:43.601,24.00,1.00,31.289446,120.472682,61.187,79.1,-17.6,0.0,2026-09-08T01:24:54,-0.375633
@raw/02_第二批_20260908_0924_单火点/01_正式视频/无人机04_1581F7K33258900AP021/DJI_202609080915_034/DJI_20260908092436_0002_S.MP4,B2,uav-04,S,0.5,0,2026-09-08 09:24:36.578,55.00,2.29,31.289376,120.472832,56.732,-8.5,-9.6,0.0,2026-09-08T01:24:36,0.078
@raw/02_第二批_20260908_0924_单火点/01_正式视频/无人机04_1581F7K33258900AP021/DJI_202609080915_034/DJI_20260908092436_0002_S.MP4,B2,uav-04,S,497.1117335,14890,2026-09-08 09:32:52.832,55.00,2.29,31.289373,120.472835,56.609,-8.5,-9.6,0.0,2026-09-08T01:24:36,-0.279734
@raw/02_第二批_20260908_0924_单火点/01_正式视频/无人机04_1581F7K33258900AP021/DJI_202609080915_034/DJI_20260908092436_0002_S.MP4,B2,uav-04,S,993.223467,29779,2026-09-08 09:41:09.340,55.00,2.29,31.289378,120.472839,56.035,-8.2,-9.6,0.0,2026-09-08T01:24:36,0.116533
@raw/02_第二批_20260908_0924_单火点/01_正式视频/无人机04_1581F7K33258900AP021/DJI_202609080915_034/DJI_20260908092436_0002_V.MP4,B2,uav-04,V,0.5,0,2026-09-08 09:24:36.480,55.00,2.29,31.289376,120.472832,56.733,-8.5,-9.6,0.0,2026-09-08T01:24:36,-0.02
@raw/02_第二批_20260908_0924_单火点/01_正式视频/无人机04_1581F7K33258900AP021/DJI_202609080915_034/DJI_20260908092436_0002_V.MP4,B2,uav-04,V,497.14665,14889,2026-09-08 09:32:52.963,55.00,2.29,31.289373,120.472835,56.611,-8.5,-9.6,0.0,2026-09-08T01:24:36,-0.18365
@raw/02_第二批_20260908_0924_单火点/01_正式视频/无人机04_1581F7K33258900AP021/DJI_202609080915_034/DJI_20260908092436_0002_V.MP4,B2,uav-04,V,993.2933,29779,2026-09-08 09:41:09.470,55.00,2.29,31.289378,120.472839,56.033,-8.2,-9.6,0.0,2026-09-08T01:24:36,0.1767
@raw/02_第二批_20260908_0924_单火点/01_正式视频/无人机05_1581F7K3C251400CFB45/DJI_202609080912_003/DJI_20260908092427_0002_S.MP4,B2,uav-05,S,0.5,0,2026-09-08 09:24:28.021,54.00,2.25,31.289512,120.472948,63.352,-104.3,-30.6,0.0,2026-09-08T01:24:28,-0.479
@raw/02_第二批_20260908_0924_单火点/01_正式视频/无人机05_1581F7K3C251400CFB45/DJI_202609080912_003/DJI_20260908092427_0002_S.MP4,B2,uav-05,S,498.8650335,14948,2026-09-08 09:32:46.503,54.00,2.25,31.289513,120.472950,63.214,-104.3,-30.6,0.0,2026-09-08T01:24:28,-0.362033
@raw/02_第二批_20260908_0924_单火点/01_正式视频/无人机05_1581F7K3C251400CFB45/DJI_202609080912_003/DJI_20260908092427_0002_S.MP4,B2,uav-05,S,996.730067,29870,2026-09-08 09:41:04.020,54.00,2.25,31.289514,120.472949,63.457,-104.3,-30.6,0.0,2026-09-08T01:24:28,-0.710067
@raw/02_第二批_20260908_0924_单火点/01_正式视频/无人机05_1581F7K3C251400CFB45/DJI_202609080912_003/DJI_20260908092427_0002_V.MP4,B2,uav-05,V,0.5,0,2026-09-08 09:24:27.964,54.00,2.25,31.289512,120.472948,63.353,-104.3,-30.6,0.0,2026-09-08T01:24:27,0.464
@raw/02_第二批_20260908_0924_单火点/01_正式视频/无人机05_1581F7K3C251400CFB45/DJI_202609080912_003/DJI_20260908092427_0002_V.MP4,B2,uav-05,V,498.8984,14950,2026-09-08 09:32:46.434,54.00,2.25,31.289513,120.472950,63.213,-104.3,-30.6,0.0,2026-09-08T01:24:27,0.5356
@raw/02_第二批_20260908_0924_单火点/01_正式视频/无人机05_1581F7K3C251400CFB45/DJI_202609080912_003/DJI_20260908092427_0002_V.MP4,B2,uav-05,V,996.7968,29872,2026-09-08 09:41:03.944,54.00,2.25,31.289514,120.472949,63.457,-104.3,-30.6,0.0,2026-09-08T01:24:27,0.1472
@raw/02_第二批_20260908_0924_单火点/01_正式视频/无人机06_1581F7K3C254N00D16Y8/DJI_202609080910_002/DJI_20260908092438_0002_S.MP4,B2,uav-06,S,0.5,0,2026-09-08 09:24:38.722,52.80,2.20,31.289574,120.472736,59.519,146.9,-51.0,0.0,2026-09-08T01:24:38,0.222
@raw/02_第二批_20260908_0924_单火点/01_正式视频/无人机06_1581F7K3C254N00D16Y8/DJI_202609080910_002/DJI_20260908092438_0002_S.MP4,B2,uav-06,S,497.9975,14915,2026-09-08 09:32:56.210,52.80,2.20,31.289578,120.472736,59.516,146.9,-51.0,0.0,2026-09-08T01:24:38,0.2125
@raw/02_第二批_20260908_0924_单火点/01_正式视频/无人机06_1581F7K3C254N00D16Y8/DJI_202609080910_002/DJI_20260908092438_0002_S.MP4,B2,uav-06,S,994.995,29830,2026-09-08 09:41:13.733,52.80,2.20,31.289576,120.472738,59.532,147.0,-51.0,0.0,2026-09-08T01:24:38,0.738
@raw/02_第二批_20260908_0924_单火点/01_正式视频/无人机06_1581F7K3C254N00D16Y8/DJI_202609080910_002/DJI_20260908092438_0002_V.MP4,B2,uav-06,V,0.5,0,2026-09-08 09:24:38.686,52.80,2.20,31.289574,120.472736,59.519,146.9,-51.0,0.0,2026-09-08T01:24:38,0.186
@raw/02_第二批_20260908_0924_单火点/01_正式视频/无人机06_1581F7K3C254N00D16Y8/DJI_202609080910_002/DJI_20260908092438_0002_V.MP4,B2,uav-06,V,498.0141835,14914,2026-09-08 09:32:56.172,52.80,2.20,31.289578,120.472736,59.515,146.9,-51.0,0.0,2026-09-08T01:24:38,0.157816
@raw/02_第二批_20260908_0924_单火点/01_正式视频/无人机06_1581F7K3C254N00D16Y8/DJI_202609080910_002/DJI_20260908092438_0002_V.MP4,B2,uav-06,V,995.028367,29830,2026-09-08 09:41:13.694,52.80,2.20,31.289576,120.472738,59.531,147.0,-51.0,0.0,2026-09-08T01:24:38,0.665633
@raw/02_第二批_20260908_0924_单火点/01_正式视频/无人机07_1581F7K3325B100AS0AG/DJI_202609080909_002/DJI_20260908092438_0002_S.MP4,B2,uav-07,S,0.5,0,2026-09-08 09:24:38.444,52.70,1.00,31.289575,120.472771,60.669,166.6,-35.7,0.0,2026-09-08T01:24:38,-0.056
@raw/02_第二批_20260908_0924_单火点/01_正式视频/无人机07_1581F7K3325B100AS0AG/DJI_202609080909_002/DJI_20260908092438_0002_S.MP4,B2,uav-07,S,497.4902835,14921,2026-09-08 09:32:55.809,54.10,2.25,31.289577,120.472771,60.688,166.3,-35.7,0.0,2026-09-08T01:24:38,0.318717
@raw/02_第二批_20260908_0924_单火点/01_正式视频/无人机07_1581F7K3325B100AS0AG/DJI_202609080909_002/DJI_20260908092438_0002_S.MP4,B2,uav-07,S,993.980567,29806,2026-09-08 09:41:12.084,54.10,2.25,31.289577,120.472774,60.542,166.2,-35.7,0.0,2026-09-08T01:24:38,0.103433
@raw/02_第二批_20260908_0924_单火点/01_正式视频/无人机07_1581F7K3325B100AS0AG/DJI_202609080909_002/DJI_20260908092438_0002_V.MP4,B2,uav-07,V,0.5,0,2026-09-08 09:24:38.306,54.10,2.25,31.289575,120.472771,60.669,166.6,-35.7,0.0,2026-09-08T01:24:38,-0.194
@raw/02_第二批_20260908_0924_单火点/01_正式视频/无人机07_1581F7K3325B100AS0AG/DJI_202609080909_002/DJI_20260908092438_0002_V.MP4,B2,uav-07,V,497.54705,14916,2026-09-08 09:32:55.806,54.10,2.25,31.289577,120.472771,60.688,166.3,-35.7,0.0,2026-09-08T01:24:38,0.25895
@raw/02_第二批_20260908_0924_单火点/01_正式视频/无人机07_1581F7K3325B100AS0AG/DJI_202609080909_002/DJI_20260908092438_0002_V.MP4,B2,uav-07,V,994.0941,29802,2026-09-08 09:41:12.311,54.10,2.25,31.289577,120.472774,60.537,166.2,-35.7,0.0,2026-09-08T01:24:38,0.2169
@raw/02_第二批_20260908_0924_单火点/01_正式视频/无人机08_1581F7K3C256N00DCP1T/DJI_202609080922_003/DJI_20260908092433_0001_S.MP4,B2,uav-08,S,0.5,0,2026-09-08 09:24:34.053,55.10,2.30,31.289414,120.472912,62.635,-49.4,-24.2,0.0,2026-09-08T01:24:34,-0.447
@raw/02_第二批_20260908_0924_单火点/01_正式视频/无人机08_1581F7K3C256N00DCP1T/DJI_202609080922_003/DJI_20260908092433_0001_S.MP4,B2,uav-08,S,541.6905665,16237,2026-09-08 09:33:35.525,55.10,2.30,31.289412,120.472912,62.594,-49.4,-24.2,0.0,2026-09-08T01:24:34,-0.165567
@raw/02_第二批_20260908_0924_单火点/01_正式视频/无人机08_1581F7K3C256N00DCP1T/DJI_202609080922_003/DJI_20260908092433_0001_S.MP4,B2,uav-08,S,1082.381133,32445,2026-09-08 09:42:36.082,24.00,1.00,31.289415,120.472915,54.540,-38.3,0.0,0.0,2026-09-08T01:24:34,-0.299133
@raw/02_第二批_20260908_0924_单火点/01_正式视频/无人机08_1581F7K3C256N00DCP1T/DJI_202609080922_003/DJI_20260908092433_0001_V.MP4,B2,uav-08,V,0.5,0,2026-09-08 09:24:34.030,55.10,2.30,31.289414,120.472912,62.635,-49.4,-24.2,0.0,2026-09-08T01:24:34,-0.47
@raw/02_第二批_20260908_0924_单火点/01_正式视频/无人机08_1581F7K3C256N00DCP1T/DJI_202609080922_003/DJI_20260908092433_0001_V.MP4,B2,uav-08,V,541.6744665,16234,2026-09-08 09:33:35.547,55.10,2.30,31.289412,120.472912,62.594,-49.4,-24.2,0.0,2026-09-08T01:24:34,-0.127466
@raw/02_第二批_20260908_0924_单火点/01_正式视频/无人机08_1581F7K3C256N00DCP1T/DJI_202609080922_003/DJI_20260908092433_0001_V.MP4,B2,uav-08,V,1082.348933,32440,2026-09-08 09:42:36.108,24.00,1.00,31.289415,120.472915,54.540,-38.3,0.0,0.0,2026-09-08T01:24:34,-0.240933
@raw/02_第二批_20260908_0924_单火点/01_正式视频/无人机09_1581F7K3C24CS00AX535/DJI_202609080915_003/DJI_20260908092435_0004_S.MP4,B2,uav-09,S,0.5,0,2026-09-08 09:24:36.123,53.30,2.22,31.289371,120.472647,80.617,52.2,-54.6,0.0,2026-09-08T01:24:36,-0.377
@raw/02_第二批_20260908_0924_单火点/01_正式视频/无人机09_1581F7K3C24CS00AX535/DJI_202609080915_003/DJI_20260908092435_0004_S.MP4,B2,uav-09,S,500.5077665,15004,2026-09-08 09:32:56.603,53.30,2.22,31.289370,120.472645,80.698,52.2,-54.6,0.0,2026-09-08T01:24:36,0.095233
@raw/02_第二批_20260908_0924_单火点/01_正式视频/无人机09_1581F7K3C24CS00AX535/DJI_202609080915_003/DJI_20260908092435_0004_S.MP4,B2,uav-09,S,1000.015533,29981,2026-09-08 09:41:16.040,53.30,2.22,31.289368,120.472650,80.510,52.0,-54.7,0.0,2026-09-08T01:24:36,0.024467
@raw/02_第二批_20260908_0924_单火点/01_正式视频/无人机09_1581F7K3C24CS00AX535/DJI_202609080915_003/DJI_20260908092435_0004_V.MP4,B2,uav-09,V,0.5,0,2026-09-08 09:24:36.082,53.30,2.22,31.289371,120.472647,80.617,52.2,-54.6,0.0,2026-09-08T01:24:36,-0.418
@raw/02_第二批_20260908_0924_单火点/01_正式视频/无人机09_1581F7K3C24CS00AX535/DJI_202609080915_003/DJI_20260908092435_0004_V.MP4,B2,uav-09,V,500.5333665,15004,2026-09-08 09:32:56.562,53.30,2.22,31.289370,120.472645,80.698,52.2,-54.6,0.0,2026-09-08T01:24:36,0.028634
@raw/02_第二批_20260908_0924_单火点/01_正式视频/无人机09_1581F7K3C24CS00AX535/DJI_202609080915_003/DJI_20260908092435_0004_V.MP4,B2,uav-09,V,1000.066733,29980,2026-09-08 09:41:16.001,53.30,2.22,31.289368,120.472650,80.510,52.0,-54.6,0.0,2026-09-08T01:24:36,-0.065733
@raw/03_第三批_20260908_1006_多火点/01_正式视频/无人机01_1581F7K3C251800CYBVP/DJI_202609080945_004/DJI_20260908100826_0002_S.MP4,B3,uav-01,S,0.5,0,2026-09-08 10:08:26.471,53.30,2.22,31.290234,120.472160,96.881,138.6,-28.0,0.0,2026-09-08T02:08:26,-0.029
@raw/03_第三批_20260908_1006_多火点/01_正式视频/无人机01_1581F7K3C251800CYBVP/DJI_202609080945_004/DJI_20260908100826_0002_S.MP4,B3,uav-01,S,346.79175,10384,2026-09-08 10:14:12.785,53.30,2.22,31.290235,120.472161,97.354,138.8,-28.0,0.0,2026-09-08T02:08:26,-0.00675
@raw/03_第三批_20260908_1006_多火点/01_正式视频/无人机01_1581F7K3C251800CYBVP/DJI_202609080945_004/DJI_20260908100826_0002_S.MP4,B3,uav-01,S,692.5835,20737,2026-09-08 10:19:58.140,53.30,2.22,31.290235,120.472160,97.319,138.8,-28.0,0.0,2026-09-08T02:08:26,-0.4435
@raw/03_第三批_20260908_1006_多火点/01_正式视频/无人机01_1581F7K3C251800CYBVP/DJI_202609080945_004/DJI_20260908100826_0002_V.MP4,B3,uav-01,V,0.5,0,2026-09-08 10:08:26.449,53.30,2.22,31.290234,120.472160,96.881,138.6,-28.0,0.0,2026-09-08T02:08:26,-0.051
@raw/03_第三批_20260908_1006_多火点/01_正式视频/无人机01_1581F7K3C251800CYBVP/DJI_202609080945_004/DJI_20260908100826_0002_V.MP4,B3,uav-01,V,346.8131335,10384,2026-09-08 10:14:12.780,53.30,2.22,31.290235,120.472161,97.354,138.8,-28.0,0.0,2026-09-08T02:08:26,-0.033133
@raw/03_第三批_20260908_1006_多火点/01_正式视频/无人机01_1581F7K3C251800CYBVP/DJI_202609080945_004/DJI_20260908100826_0002_V.MP4,B3,uav-01,V,692.626267,20738,2026-09-08 10:19:58.103,53.30,2.22,31.290235,120.472160,97.319,138.8,-28.0,0.0,2026-09-08T02:08:26,-0.523267
@raw/03_第三批_20260908_1006_多火点/01_正式视频/无人机02_1581F7K3C267500D2DQD/DJI_202609080957_005/DJI_20260908100606_0001_S.MP4,B3,uav-02,S,0.5,0,2026-09-08 10:06:07.221,53.00,2.21,31.289903,120.472779,116.041,-145.1,-76.8,0.0,2026-09-08T02:06:07,-0.279
@raw/03_第三批_20260908_1006_多火点/01_正式视频/无人机02_1581F7K3C267500D2DQD/DJI_202609080957_005/DJI_20260908100606_0001_S.MP4,B3,uav-02,S,426.81595,12783,2026-09-08 10:13:13.542,53.00,2.21,31.289902,120.472779,117.178,-145.2,-76.8,0.0,2026-09-08T02:06:07,-0.27395
@raw/03_第三批_20260908_1006_多火点/01_正式视频/无人机02_1581F7K3C267500D2DQD/DJI_202609080957_005/DJI_20260908100606_0001_S.MP4,B3,uav-02,S,852.6319,25569,2026-09-08 10:20:19.598,52.70,1.00,31.289904,120.472779,117.562,-145.2,-76.8,0.0,2026-09-08T02:06:07,-0.0339
@raw/03_第三批_20260908_1006_多火点/01_正式视频/无人机02_1581F7K3C267500D2DQD/DJI_202609080957_005/DJI_20260908100606_0001_V.MP4,B3,uav-02,V,0.5,0,2026-09-08 10:06:07.282,53.00,2.21,31.289903,120.472779,116.041,-145.1,-76.8,0.0,2026-09-08T02:06:07,-0.218
@raw/03_第三批_20260908_1006_多火点/01_正式视频/无人机02_1581F7K3C267500D2DQD/DJI_202609080957_005/DJI_20260908100606_0001_V.MP4,B3,uav-02,V,426.7429835,12783,2026-09-08 10:13:13.668,53.00,2.21,31.289903,120.472779,117.177,-145.2,-76.8,0.0,2026-09-08T02:06:07,-0.074983
@raw/03_第三批_20260908_1006_多火点/01_正式视频/无人机02_1581F7K3C267500D2DQD/DJI_202609080957_005/DJI_20260908100606_0001_V.MP4,B3,uav-02,V,852.485967,25539,2026-09-08 10:20:19.105,53.00,2.21,31.289904,120.472779,117.576,-145.2,-76.8,0.0,2026-09-08T02:06:07,-0.380967
@raw/03_第三批_20260908_1006_多火点/01_正式视频/无人机03_1581F7K3C255900D76E8/DJI_202609080957_005/DJI_20260908100550_0001_S.MP4,B3,uav-03,S,0.5,0,2026-09-08 10:05:51.419,33.80,1.41,31.289539,120.472803,69.053,-17.0,-26.8,0.0,2026-09-08T02:05:51,-0.081
@raw/03_第三批_20260908_1006_多火点/01_正式视频/无人机03_1581F7K3C255900D76E8/DJI_202609080957_005/DJI_20260908100550_0001_S.MP4,B3,uav-03,S,425.86125,12754,2026-09-08 10:12:56.727,33.80,1.41,31.289541,120.472808,70.002,-17.1,-26.8,0.0,2026-09-08T02:05:51,-0.13425
@raw/03_第三批_20260908_1006_多火点/01_正式视频/无人机03_1581F7K3C255900D76E8/DJI_202609080957_005/DJI_20260908100550_0001_S.MP4,B3,uav-03,S,850.7225,25479,2026-09-08 10:20:01.148,33.80,1.41,31.289542,120.472814,70.003,-17.3,-26.8,0.0,2026-09-08T02:05:51,-0.5745
@raw/03_第三批_20260908_1006_多火点/01_正式视频/无人机03_1581F7K3C255900D76E8/DJI_202609080957_005/DJI_20260908100550_0001_V.MP4,B3,uav-03,V,0.5,0,2026-09-08 10:05:51.359,33.80,1.41,31.289539,120.472803,69.053,-17.0,-26.8,0.0,2026-09-08T02:05:51,-0.141
@raw/03_第三批_20260908_1006_多火点/01_正式视频/无人机03_1581F7K3C255900D76E8/DJI_202609080957_005/DJI_20260908100550_0001_V.MP4,B3,uav-03,V,425.8420835,12753,2026-09-08 10:12:56.791,33.80,1.41,31.289541,120.472808,70.003,-17.1,-26.8,0.0,2026-09-08T02:05:51,-0.051084
@raw/03_第三批_20260908_1006_多火点/01_正式视频/无人机03_1581F7K3C255900D76E8/DJI_202609080957_005/DJI_20260908100550_0001_V.MP4,B3,uav-03,V,850.684167,25479,2026-09-08 10:20:01.242,33.80,1.41,31.289542,120.472814,70.003,-17.3,-26.8,0.0,2026-09-08T02:05:51,-0.442167
@raw/03_第三批_20260908_1006_多火点/01_正式视频/无人机04_1581F7K33258900AP021/DJI_202609080957_035/DJI_20260908100549_0001_S.MP4,B3,uav-04,S,0.5,0,2026-09-08 10:05:49.512,53.80,2.24,31.289662,120.472252,75.137,74.2,-19.4,0.0,2026-09-08T02:05:49,0.012
@raw/03_第三批_20260908_1006_多火点/01_正式视频/无人机04_1581F7K33258900AP021/DJI_202609080957_035/DJI_20260908100549_0001_S.MP4,B3,uav-04,S,438.2755,13147,2026-09-08 10:13:07.674,53.80,2.24,31.289660,120.472251,75.887,74.3,-19.4,0.0,2026-09-08T02:05:49,0.3985
@raw/03_第三批_20260908_1006_多火点/01_正式视频/无人机04_1581F7K33258900AP021/DJI_202609080957_035/DJI_20260908100549_0001_S.MP4,B3,uav-04,S,875.551,26238,2026-09-08 10:20:24.158,53.80,2.24,31.289657,120.472251,75.646,74.5,-19.4,0.0,2026-09-08T02:05:49,-0.393
@raw/03_第三批_20260908_1006_多火点/01_正式视频/无人机04_1581F7K33258900AP021/DJI_202609080957_035/DJI_20260908100549_0001_V.MP4,B3,uav-04,V,0.5,0,2026-09-08 10:05:49.566,53.80,2.24,31.289662,120.472252,75.137,74.2,-19.4,0.0,2026-09-08T02:05:49,0.066
@raw/03_第三批_20260908_1006_多火点/01_正式视频/无人机04_1581F7K33258900AP021/DJI_202609080957_035/DJI_20260908100549_0001_V.MP4,B3,uav-04,V,438.3045335,13119,2026-09-08 10:13:06.970,53.80,2.24,31.289660,120.472251,75.889,74.3,-19.4,0.0,2026-09-08T02:05:49,-0.334533
@raw/03_第三批_20260908_1006_多火点/01_正式视频/无人机04_1581F7K33258900AP021/DJI_202609080957_035/DJI_20260908100549_0001_V.MP4,B3,uav-04,V,875.609067,26239,2026-09-08 10:20:24.418,53.80,2.24,31.289657,120.472251,75.645,74.5,-19.4,0.0,2026-09-08T02:05:49,-0.191067
@raw/03_第三批_20260908_1006_多火点/01_正式视频/无人机05_1581F7K3C251400CFB45/DJI_202609080957_004/DJI_20260908100545_0001_S.MP4,B3,uav-05,S,0.5,0,2026-09-08 10:05:46.201,52.70,1.00,31.289887,120.473056,106.783,-108.4,-51.9,0.0,2026-09-08T02:05:46,-0.299
@raw/03_第三批_20260908_1006_多火点/01_正式视频/无人机05_1581F7K3C251400CFB45/DJI_202609080957_004/DJI_20260908100545_0001_S.MP4,B3,uav-05,S,436.7376165,13096,2026-09-08 10:13:02.691,52.70,1.00,31.289884,120.473058,107.385,-108.3,-51.9,0.0,2026-09-08T02:05:46,-0.046617
@raw/03_第三批_20260908_1006_多火点/01_正式视频/无人机05_1581F7K3C251400CFB45/DJI_202609080957_004/DJI_20260908100545_0001_S.MP4,B3,uav-05,S,872.475233,26153,2026-09-08 10:20:17.800,52.70,1.00,31.289887,120.473056,107.928,-108.3,-51.9,0.0,2026-09-08T02:05:46,-0.675233
@raw/03_第三批_20260908_1006_多火点/01_正式视频/无人机05_1581F7K3C251400CFB45/DJI_202609080957_004/DJI_20260908100545_0001_V.MP4,B3,uav-05,V,0.5,0,2026-09-08 10:05:46.121,53.00,2.21,31.289887,120.473056,106.782,-108.4,-51.9,0.0,2026-09-08T02:05:46,-0.379
@raw/03_第三批_20260908_1006_多火点/01_正式视频/无人机05_1581F7K3C251400CFB45/DJI_202609080957_004/DJI_20260908100545_0001_V.MP4,B3,uav-05,V,436.7696665,13089,2026-09-08 10:13:02.547,53.00,2.21,31.289884,120.473058,107.386,-108.3,-51.9,0.0,2026-09-08T02:05:46,-0.222667
@raw/03_第三批_20260908_1006_多火点/01_正式视频/无人机05_1581F7K3C251400CFB45/DJI_202609080957_004/DJI_20260908100545_0001_V.MP4,B3,uav-05,V,872.539333,26148,2026-09-08 10:20:17.992,53.00,2.21,31.289887,120.473056,107.926,-108.3,-51.9,0.0,2026-09-08T02:05:46,-0.547333
@raw/03_第三批_20260908_1006_多火点/01_正式视频/无人机06_1581F7K3C254N00D16Y8/DJI_202609080946_003/DJI_20260908100628_0001_V.MP4,B3,uav-06,V,0.5,0,2026-09-08 10:06:29.468,54.40,2.27,31.289857,120.472908,109.311,-111.2,-68.8,0.0,2026-09-08T02:06:29,-0.032
@raw/03_第三批_20260908_1006_多火点/01_正式视频/无人机06_1581F7K3C254N00D16Y8/DJI_202609080946_003/DJI_20260908100628_0001_V.MP4,B3,uav-06,V,383.33295,11464,2026-09-08 10:12:51.796,54.40,2.27,31.289859,120.472909,110.129,-111.2,-68.8,0.0,2026-09-08T02:06:29,-0.53695
@raw/03_第三批_20260908_1006_多火点/01_正式视频/无人机06_1581F7K3C254N00D16Y8/DJI_202609080946_003/DJI_20260908100628_0001_V.MP4,B3,uav-06,V,765.6659,22929,2026-09-08 10:19:14.196,54.40,2.27,31.289858,120.472910,110.883,-111.2,-68.8,0.0,2026-09-08T02:06:29,-0.4699
@raw/03_第三批_20260908_1006_多火点/01_正式视频/无人机06_1581F7K3C254N00D16Y8/DJI_202609080946_003/DJI_20260908100629_0001_S.MP4,B3,uav-06,S,0.5,0,2026-09-08 10:06:29.413,52.70,1.00,31.289857,120.472908,109.311,-111.2,-68.8,0.0,2026-09-08T02:06:29,-0.087
@raw/03_第三批_20260908_1006_多火点/01_正式视频/无人机06_1581F7K3C254N00D16Y8/DJI_202609080946_003/DJI_20260908100629_0001_S.MP4,B3,uav-06,S,383.35,11494,2026-09-08 10:12:52.374,52.70,1.00,31.289859,120.472909,110.135,-111.2,-68.8,0.0,2026-09-08T02:06:29,0.024
@raw/03_第三批_20260908_1006_多火点/01_正式视频/无人机06_1581F7K3C254N00D16Y8/DJI_202609080946_003/DJI_20260908100629_0001_S.MP4,B3,uav-06,S,765.7,22958,2026-09-08 10:19:14.383,52.70,1.00,31.289858,120.472910,110.883,-111.2,-68.8,0.0,2026-09-08T02:06:29,-0.317
@raw/03_第三批_20260908_1006_多火点/01_正式视频/无人机07_1581F7K3325B100AS0AG/DJI_202609081002_003/DJI_20260908100617_0001_S.MP4,B3,uav-07,S,0.5,0,2026-09-08 10:06:18.024,53.10,2.21,31.290010,120.472597,65.966,166.4,-18.9,0.0,2026-09-08T02:06:18,-0.476
@raw/03_第三批_20260908_1006_多火点/01_正式视频/无人机07_1581F7K3325B100AS0AG/DJI_202609081002_003/DJI_20260908100617_0001_S.MP4,B3,uav-07,S,251.6338665,7532,2026-09-08 10:10:29.224,53.80,2.24,31.288952,120.472937,137.846,-12.2,-43.3,0.0,2026-09-08T02:06:18,-0.409867
@raw/03_第三批_20260908_1006_多火点/01_正式视频/无人机07_1581F7K3325B100AS0AG/DJI_202609081002_003/DJI_20260908100617_0001_S.MP4,B3,uav-07,S,502.267733,15035,2026-09-08 10:14:39.550,53.80,2.24,31.290131,120.472423,80.675,165.9,-48.9,0.0,2026-09-08T02:06:18,-0.717733
@raw/03_第三批_20260908_1006_多火点/01_正式视频/无人机07_1581F7K3325B100AS0AG/DJI_202609081002_003/DJI_20260908100617_0001_V.MP4,B3,uav-07,V,0.5,0,2026-09-08 10:06:18.050,53.10,2.21,31.290010,120.472597,65.966,166.4,-18.9,0.0,2026-09-08T02:06:18,-0.45
@raw/03_第三批_20260908_1006_多火点/01_正式视频/无人机07_1581F7K3325B100AS0AG/DJI_202609081002_003/DJI_20260908100617_0001_V.MP4,B3,uav-07,V,251.6347165,7533,2026-09-08 10:10:29.252,53.80,2.24,31.288954,120.472945,137.850,-12.9,-43.3,0.0,2026-09-08T02:06:18,-0.382716
@raw/03_第三批_20260908_1006_多火点/01_正式视频/无人机07_1581F7K3325B100AS0AG/DJI_202609081002_003/DJI_20260908100617_0001_V.MP4,B3,uav-07,V,502.269433,15036,2026-09-08 10:14:39.547,53.80,2.24,31.290131,120.472423,80.675,165.9,-48.9,0.0,2026-09-08T02:06:18,-0.722433
@raw/03_第三批_20260908_1006_多火点/01_正式视频/无人机08_1581F7K3C256N00DCP1T/DJI_202609080958_004/DJI_20260908100611_0001_S.MP4,B3,uav-08,S,0.5,0,2026-09-08 10:06:11.891,24.00,1.00,31.289652,120.472933,70.186,-59.8,-27.7,0.0,2026-09-08T02:06:12,-0.609
@raw/03_第三批_20260908_1006_多火点/01_正式视频/无人机08_1581F7K3C256N00DCP1T/DJI_202609080958_004/DJI_20260908100611_0001_S.MP4,B3,uav-08,S,379.5553835,11374,2026-09-08 10:12:30.833,52.70,1.00,31.289666,120.472941,69.592,-66.9,-29.9,0.0,2026-09-08T02:06:12,-0.722384
@raw/03_第三批_20260908_1006_多火点/01_正式视频/无人机08_1581F7K3C256N00DCP1T/DJI_202609080958_004/DJI_20260908100611_0001_S.MP4,B3,uav-08,S,758.110767,22750,2026-09-08 10:18:49.942,52.70,1.00,31.289663,120.472941,68.778,-66.9,-28.0,0.0,2026-09-08T02:06:12,-0.168767
@raw/03_第三批_20260908_1006_多火点/01_正式视频/无人机08_1581F7K3C256N00DCP1T/DJI_202609080958_004/DJI_20260908100611_0001_V.MP4,B3,uav-08,V,0.5,0,2026-09-08 10:06:11.895,24.00,1.00,31.289652,120.472933,70.186,-59.8,-27.7,0.0,2026-09-08T02:06:12,-0.605
@raw/03_第三批_20260908_1006_多火点/01_正式视频/无人机08_1581F7K3C256N00DCP1T/DJI_202609080958_004/DJI_20260908100611_0001_V.MP4,B3,uav-08,V,379.5458335,11374,2026-09-08 10:12:31.245,24.00,1.00,31.289666,120.472941,69.590,-66.9,-29.9,0.0,2026-09-08T02:06:12,-0.300834
@raw/03_第三批_20260908_1006_多火点/01_正式视频/无人机08_1581F7K3C256N00DCP1T/DJI_202609080958_004/DJI_20260908100611_0001_V.MP4,B3,uav-08,V,758.091667,22719,2026-09-08 10:18:49.629,24.00,1.00,31.289663,120.472941,68.780,-66.9,-28.0,0.0,2026-09-08T02:06:12,-0.462667
@raw/03_第三批_20260908_1006_多火点/01_正式视频/无人机09_1581F7K3C24CS00AX535/DJI_202609080957_004/DJI_20260908100604_0001_S.MP4,B3,uav-09,S,0.5,0,2026-09-08 10:06:05.059,54.70,2.28,31.289517,120.472338,100.149,51.9,-44.9,0.0,2026-09-08T02:06:05,-0.441
@raw/03_第三批_20260908_1006_多火点/01_正式视频/无人机09_1581F7K3C24CS00AX535/DJI_202609080957_004/DJI_20260908100604_0001_S.MP4,B3,uav-09,S,468.8651,14044,2026-09-08 10:13:53.354,54.70,2.28,31.289520,120.472340,101.346,52.2,-44.9,0.0,2026-09-08T02:06:05,-0.5111
@raw/03_第三批_20260908_1006_多火点/01_正式视频/无人机09_1581F7K3C24CS00AX535/DJI_202609080957_004/DJI_20260908100604_0001_S.MP4,B3,uav-09,S,936.7302,28058,2026-09-08 10:21:40.832,54.70,2.28,31.289690,120.472716,80.364,59.8,-44.9,0.0,2026-09-08T02:06:05,-0.8982
@raw/03_第三批_20260908_1006_多火点/01_正式视频/无人机09_1581F7K3C24CS00AX535/DJI_202609080957_004/DJI_20260908100604_0001_V.MP4,B3,uav-09,V,0.5,0,2026-09-08 10:06:05.030,54.70,2.28,31.289517,120.472338,100.149,51.9,-44.9,0.0,2026-09-08T02:06:05,-0.47
@raw/03_第三批_20260908_1006_多火点/01_正式视频/无人机09_1581F7K3C24CS00AX535/DJI_202609080957_004/DJI_20260908100604_0001_V.MP4,B3,uav-09,V,468.8850835,14045,2026-09-08 10:13:53.484,54.70,2.28,31.289520,120.472340,101.345,52.2,-44.9,0.0,2026-09-08T02:06:05,-0.401084
@raw/03_第三批_20260908_1006_多火点/01_正式视频/无人机09_1581F7K3C24CS00AX535/DJI_202609080957_004/DJI_20260908100604_0001_V.MP4,B3,uav-09,V,936.770167,28060,2026-09-08 10:21:40.960,54.70,2.28,31.289690,120.472717,79.849,59.8,-44.9,0.0,2026-09-08T02:06:05,-0.810167
@raw/04_第四批_20260908_1053_多火点与余热点/01_正式视频/无人机01_1581F7K3C251800CYBVP/DJI_202609081030_005/DJI_20260908105248_0002_S.MP4,B4,uav-01,S,0.5,0,2026-09-08 10:52:49.122,31.40,1.31,31.288683,120.472814,63.283,-44.8,-28.5,0.0,2026-09-08T02:52:49,-0.378
@raw/04_第四批_20260908_1053_多火点与余热点/01_正式视频/无人机01_1581F7K3C251800CYBVP/DJI_202609081030_005/DJI_20260908105248_0002_S.MP4,B4,uav-01,S,500.55005,15005,2026-09-08 11:01:09.503,31.40,1.31,31.288683,120.472813,64.843,-44.6,-28.5,0.0,2026-09-08T02:52:49,-0.04705
@raw/04_第四批_20260908_1053_多火点与余热点/01_正式视频/无人机01_1581F7K3C251800CYBVP/DJI_202609081030_005/DJI_20260908105248_0002_S.MP4,B4,uav-01,S,1000.1001,29980,2026-09-08 11:09:29.019,31.40,1.31,31.289009,120.472881,56.132,5.2,134.3,-19.8,2026-09-08T02:52:49,-0.0811
@raw/04_第四批_20260908_1053_多火点与余热点/01_正式视频/无人机01_1581F7K3C251800CYBVP/DJI_202609081030_005/DJI_20260908105248_0002_V.MP4,B4,uav-01,V,0.5,0,2026-09-08 10:52:49.099,31.40,1.31,31.288683,120.472814,63.283,-44.8,-28.5,0.0,2026-09-08T02:52:49,-0.401
@raw/04_第四批_20260908_1053_多火点与余热点/01_正式视频/无人机01_1581F7K3C251800CYBVP/DJI_202609081030_005/DJI_20260908105248_0002_V.MP4,B4,uav-01,V,500.5166835,15007,2026-09-08 11:01:09.600,31.40,1.31,31.288683,120.472813,64.842,-44.6,-28.5,0.0,2026-09-08T02:52:49,0.083317
@raw/04_第四批_20260908_1053_多火点与余热点/01_正式视频/无人机01_1581F7K3C251800CYBVP/DJI_202609081030_005/DJI_20260908105248_0002_V.MP4,B4,uav-01,V,1000.033367,29984,2026-09-08 11:09:29.109,31.40,1.31,31.289010,120.472881,56.128,6.5,134.5,-19.5,2026-09-08T02:52:49,0.075633
@raw/04_第四批_20260908_1053_多火点与余热点/01_正式视频/无人机02_1581F7K3C267500D2DQD/DJI_202609081040_006/DJI_20260908105306_0001_S.MP4,B4,uav-02,S,0.5,0,2026-09-08 10:53:07.055,52.70,1.00,31.289036,120.472561,95.873,167.5,-59.6,0.0,2026-09-08T02:53:07,-0.445
@raw/04_第四批_20260908_1053_多火点与余热点/01_正式视频/无人机02_1581F7K3C267500D2DQD/DJI_202609081040_006/DJI_20260908105306_0001_S.MP4,B4,uav-02,S,423.9060665,12703,2026-09-08 11:00:10.426,52.70,1.00,31.289037,120.472559,95.957,167.5,-57.5,0.0,2026-09-08T02:53:07,-0.480067
@raw/04_第四批_20260908_1053_多火点与余热点/01_正式视频/无人机02_1581F7K3C267500D2DQD/DJI_202609081040_006/DJI_20260908105306_0001_S.MP4,B4,uav-02,S,846.812133,25395,2026-09-08 11:07:13.440,52.70,1.00,31.289037,120.472560,96.763,167.5,-57.5,0.0,2026-09-08T02:53:07,-0.372133
@raw/04_第四批_20260908_1053_多火点与余热点/01_正式视频/无人机02_1581F7K3C267500D2DQD/DJI_202609081040_006/DJI_20260908105306_0001_V.MP4,B4,uav-02,V,0.5,0,2026-09-08 10:53:07.099,52.80,2.20,31.289036,120.472561,95.873,167.5,-59.6,0.0,2026-09-08T02:53:07,-0.401
@raw/04_第四批_20260908_1053_多火点与余热点/01_正式视频/无人机02_1581F7K3C267500D2DQD/DJI_202609081040_006/DJI_20260908105306_0001_V.MP4,B4,uav-02,V,423.8901335,12695,2026-09-08 11:00:10.476,52.80,2.20,31.289037,120.472559,95.957,167.5,-57.5,0.0,2026-09-08T02:53:07,-0.414133
@raw/04_第四批_20260908_1053_多火点与余热点/01_正式视频/无人机02_1581F7K3C267500D2DQD/DJI_202609081040_006/DJI_20260908105306_0001_V.MP4,B4,uav-02,V,846.780267,25360,2026-09-08 11:07:12.923,52.80,2.20,31.289037,120.472560,96.755,167.5,-57.5,0.0,2026-09-08T02:53:07,-0.857267
@raw/04_第四批_20260908_1053_多火点与余热点/01_正式视频/无人机03_1581F7K3C255900D76E8/DJI_202609081046_006/DJI_20260908105253_0001_S.MP4,B4,uav-03,S,0.5,0,2026-09-08 10:52:53.578,24.00,1.00,31.288723,120.472880,52.154,-63.1,0.8,0.0,2026-09-08T02:52:53,0.078
@raw/04_第四批_20260908_1053_多火点与余热点/01_正式视频/无人机03_1581F7K3C255900D76E8/DJI_202609081046_006/DJI_20260908105253_0001_S.MP4,B4,uav-03,S,427.1514835,12791,2026-09-08 11:00:00.552,24.00,1.00,31.288876,120.472831,54.598,-141.2,-7.8,0.0,2026-09-08T02:52:53,0.400517
@raw/04_第四批_20260908_1053_多火点与余热点/01_正式视频/无人机03_1581F7K3C255900D76E8/DJI_202609081046_006/DJI_20260908105253_0001_S.MP4,B4,uav-03,S,853.302967,25547,2026-09-08 11:07:05.954,24.00,1.00,31.288874,120.472835,55.103,-141.4,-10.7,0.0,2026-09-08T02:52:53,-0.348967
@raw/04_第四批_20260908_1053_多火点与余热点/01_正式视频/无人机03_1581F7K3C255900D76E8/DJI_202609081046_006/DJI_20260908105253_0001_V.MP4,B4,uav-03,V,0.5,0,2026-09-08 10:52:53.536,24.00,1.00,31.288723,120.472880,52.154,-63.1,0.8,0.0,2026-09-08T02:52:53,0.036
@raw/04_第四批_20260908_1053_多火点与余热点/01_正式视频/无人机03_1581F7K3C255900D76E8/DJI_202609081046_006/DJI_20260908105253_0001_V.MP4,B4,uav-03,V,427.1267,12791,2026-09-08 11:00:00.618,24.00,1.00,31.288876,120.472831,54.598,-141.2,-7.8,0.0,2026-09-08T02:52:53,0.4913
@raw/04_第四批_20260908_1053_多火点与余热点/01_正式视频/无人机03_1581F7K3C255900D76E8/DJI_202609081046_006/DJI_20260908105253_0001_V.MP4,B4,uav-03,V,853.2534,25545,2026-09-08 11:07:06.015,24.00,1.00,31.288874,120.472835,55.103,-141.4,-10.7,0.0,2026-09-08T02:52:53,-0.2384
@raw/04_第四批_20260908_1053_多火点与余热点/01_正式视频/无人机04_1581F7K33258900AP021/DJI_202609081042_036/DJI_20260908105259_0001_S.MP4,B4,uav-04,S,0.5,0,2026-09-08 10:52:59.816,52.70,1.00,31.288568,120.472689,73.827,-0.1,-36.2,0.0,2026-09-08T02:53:00,-0.684
@raw/04_第四批_20260908_1053_多火点与余热点/01_正式视频/无人机04_1581F7K33258900AP021/DJI_202609081042_036/DJI_20260908105259_0001_S.MP4,B4,uav-04,S,459.1994665,13768,2026-09-08 11:00:38.722,53.80,2.24,31.288569,120.472689,74.549,-0.3,-36.2,0.0,2026-09-08T02:53:00,-0.477467
@raw/04_第四批_20260908_1053_多火点与余热点/01_正式视频/无人机04_1581F7K33258900AP021/DJI_202609081042_036/DJI_20260908105259_0001_S.MP4,B4,uav-04,S,917.398933,27518,2026-09-08 11:08:17.122,24.00,1.00,31.288696,120.472760,55.109,59.8,0.0,0.0,2026-09-08T02:53:00,-0.276933
@raw/04_第四批_20260908_1053_多火点与余热点/01_正式视频/无人机04_1581F7K33258900AP021/DJI_202609081042_036/DJI_20260908105259_0001_V.MP4,B4,uav-04,V,0.5,0,2026-09-08 10:52:59.778,53.80,2.24,31.288568,120.472689,73.827,-0.1,-36.2,0.0,2026-09-08T02:52:59,0.278
@raw/04_第四批_20260908_1053_多火点与余热点/01_正式视频/无人机04_1581F7K33258900AP021/DJI_202609081042_036/DJI_20260908105259_0001_V.MP4,B4,uav-04,V,459.2421165,13750,2026-09-08 11:00:38.248,53.80,2.24,31.288568,120.472689,74.546,-0.3,-36.2,0.0,2026-09-08T02:52:59,0.005883
@raw/04_第四批_20260908_1053_多火点与余热点/01_正式视频/无人机04_1581F7K33258900AP021/DJI_202609081042_036/DJI_20260908105259_0001_V.MP4,B4,uav-04,V,917.484233,27499,2026-09-08 11:08:16.717,24.00,1.00,31.288696,120.472760,55.119,59.8,0.0,0.0,2026-09-08T02:52:59,0.232767
@raw/04_第四批_20260908_1053_多火点与余热点/01_正式视频/无人机05_1581F7K3C251400CFB45/DJI_202609081039_005/DJI_20260908105253_0001_S.MP4,B4,uav-05,S,0.5,0,2026-09-08 10:52:53.653,55.10,2.30,31.288587,120.473033,71.174,-53.2,-24.8,0.0,2026-09-08T02:52:53,0.153
@raw/04_第四批_20260908_1053_多火点与余热点/01_正式视频/无人机05_1581F7K3C251400CFB45/DJI_202609081039_005/DJI_20260908105253_0001_S.MP4,B4,uav-05,S,487.43365,14621,2026-09-08 11:01:00.794,52.70,1.00,31.288587,120.473029,72.972,-53.3,-24.8,0.0,2026-09-08T02:52:53,0.36035
@raw/04_第四批_20260908_1053_多火点与余热点/01_正式视频/无人机05_1581F7K3C251400CFB45/DJI_202609081039_005/DJI_20260908105253_0001_S.MP4,B4,uav-05,S,973.8673,29212,2026-09-08 11:09:06.892,24.00,1.00,31.288700,120.472793,53.604,-52.9,0.0,0.0,2026-09-08T02:52:53,0.0247
@raw/04_第四批_20260908_1053_多火点与余热点/01_正式视频/无人机05_1581F7K3C251400CFB45/DJI_202609081039_005/DJI_20260908105253_0001_V.MP4,B4,uav-05,V,0.5,0,2026-09-08 10:52:53.718,55.10,2.30,31.288587,120.473033,71.176,-53.2,-24.8,0.0,2026-09-08T02:52:53,0.218
@raw/04_第四批_20260908_1053_多火点与余热点/01_正式视频/无人机05_1581F7K3C251400CFB45/DJI_202609081039_005/DJI_20260908105253_0001_V.MP4,B4,uav-05,V,487.3702165,14587,2026-09-08 11:01:00.181,55.10,2.30,31.288587,120.473029,72.968,-53.3,-24.8,0.0,2026-09-08T02:52:53,-0.189217
@raw/04_第四批_20260908_1053_多火点与余热点/01_正式视频/无人机05_1581F7K3C251400CFB45/DJI_202609081039_005/DJI_20260908105253_0001_V.MP4,B4,uav-05,V,973.740433,29177,2026-09-08 11:09:06.685,24.00,1.00,31.288700,120.472793,53.608,-52.9,0.0,0.0,2026-09-08T02:52:53,-0.055433
@raw/04_第四批_20260908_1053_多火点与余热点/01_正式视频/无人机06_1581F7K3C254N00D16Y8/DJI_202609081040_004/DJI_20260908105300_0001_S.MP4,B4,uav-06,S,0.5,0,2026-09-08 10:53:01.125,54.70,2.28,31.289037,120.472849,78.451,-141.9,-43.8,0.0,2026-09-08T02:53:01,-0.375
@raw/04_第四批_20260908_1053_多火点与余热点/01_正式视频/无人机06_1581F7K3C254N00D16Y8/DJI_202609081040_004/DJI_20260908105300_0001_S.MP4,B4,uav-06,S,425.53385,12756,2026-09-08 11:00:06.206,52.70,1.00,31.289038,120.472849,78.482,-141.6,-43.8,0.0,2026-09-08T02:53:01,-0.32785
@raw/04_第四批_20260908_1053_多火点与余热点/01_正式视频/无人机06_1581F7K3C254N00D16Y8/DJI_202609081040_004/DJI_20260908105300_0001_S.MP4,B4,uav-06,S,850.0677,25479,2026-09-08 11:07:10.295,54.70,2.28,31.288996,120.472832,73.599,-158.7,-45.1,0.0,2026-09-08T02:53:01,-0.7727
@raw/04_第四批_20260908_1053_多火点与余热点/01_正式视频/无人机06_1581F7K3C254N00D16Y8/DJI_202609081040_004/DJI_20260908105300_0001_V.MP4,B4,uav-06,V,0.5,0,2026-09-08 10:53:01.200,54.70,2.28,31.289037,120.472849,78.451,-141.9,-43.8,0.0,2026-09-08T02:53:01,-0.3
@raw/04_第四批_20260908_1053_多火点与余热点/01_正式视频/无人机06_1581F7K3C254N00D16Y8/DJI_202609081040_004/DJI_20260908105300_0001_V.MP4,B4,uav-06,V,425.4416835,12752,2026-09-08 11:00:06.652,54.70,2.28,31.289038,120.472850,78.486,-141.6,-43.8,0.0,2026-09-08T02:53:01,0.210316
@raw/04_第四批_20260908_1053_多火点与余热点/01_正式视频/无人机06_1581F7K3C254N00D16Y8/DJI_202609081040_004/DJI_20260908105300_0001_V.MP4,B4,uav-06,V,849.883367,25478,2026-09-08 11:07:10.922,54.70,2.28,31.288996,120.472832,73.601,-158.7,-45.1,0.0,2026-09-08T02:53:01,0.038633
@raw/04_第四批_20260908_1053_多火点与余热点/01_正式视频/无人机07_1581F7K3325B100AS0AG/DJI_202609081048_005/DJI_20260908105258_0001_S.MP4,B4,uav-07,S,0.5,0,2026-09-08 10:52:59.179,55.30,2.30,31.288934,120.472790,68.985,-165.6,-42.1,0.0,2026-09-08T02:52:59,-0.321
@raw/04_第四批_20260908_1053_多火点与余热点/01_正式视频/无人机07_1581F7K3325B100AS0AG/DJI_202609081048_005/DJI_20260908105258_0001_S.MP4,B4,uav-07,S,424.3906335,12693,2026-09-08 11:00:02.578,55.30,2.30,31.289001,120.472733,77.958,174.0,-46.1,0.0,2026-09-08T02:52:59,-0.812633
@raw/04_第四批_20260908_1053_多火点与余热点/01_正式视频/无人机07_1581F7K3325B100AS0AG/DJI_202609081048_005/DJI_20260908105258_0001_S.MP4,B4,uav-07,S,847.781267,25385,2026-09-08 11:07:06.011,24.00,1.00,31.288864,120.472879,55.295,84.9,0.0,0.0,2026-09-08T02:52:59,-0.770267
@raw/04_第四批_20260908_1053_多火点与余热点/01_正式视频/无人机07_1581F7K3325B100AS0AG/DJI_202609081048_005/DJI_20260908105258_0001_V.MP4,B4,uav-07,V,0.5,0,2026-09-08 10:52:59.135,55.30,2.30,31.288934,120.472790,68.985,-165.6,-42.1,0.0,2026-09-08T02:52:59,-0.365
@raw/04_第四批_20260908_1053_多火点与余热点/01_正式视频/无人机07_1581F7K3325B100AS0AG/DJI_202609081048_005/DJI_20260908105258_0001_V.MP4,B4,uav-07,V,424.424,12724,2026-09-08 11:00:03.542,55.30,2.30,31.289000,120.472728,77.810,173.5,-45.8,0.0,2026-09-08T02:52:59,0.118
@raw/04_第四批_20260908_1053_多火点与余热点/01_正式视频/无人机07_1581F7K3325B100AS0AG/DJI_202609081048_005/DJI_20260908105258_0001_V.MP4,B4,uav-07,V,847.848,25420,2026-09-08 11:07:06.975,24.00,1.00,31.288864,120.472879,55.195,84.4,0.0,0.0,2026-09-08T02:52:59,0.127
@raw/04_第四批_20260908_1053_多火点与余热点/01_正式视频/无人机08_1581F7K3C256N00DCP1T/DJI_202609081036_005/DJI_20260908105257_0001_S.MP4,B4,uav-08,S,0.5,0,2026-09-08 10:52:57.559,24.00,1.00,31.288766,120.472546,70.959,51.7,-73.1,0.0,2026-09-08T02:52:57,0.059
@raw/04_第四批_20260908_1053_多火点与余热点/01_正式视频/无人机08_1581F7K3C256N00DCP1T/DJI_202609081036_005/DJI_20260908105257_0001_S.MP4,B4,uav-08,S,539.6761335,16174,2026-09-08 11:01:56.917,52.70,1.00,31.288750,120.472571,93.576,48.4,-76.0,0.0,2026-09-08T02:52:57,0.240867
@raw/04_第四批_20260908_1053_多火点与余热点/01_正式视频/无人机08_1581F7K3C256N00DCP1T/DJI_202609081036_005/DJI_20260908105257_0001_S.MP4,B4,uav-08,S,1078.352267,32320,2026-09-08 11:10:55.418,24.00,1.00,31.289439,120.472881,54.822,47.5,0.0,0.0,2026-09-08T02:52:57,0.065733
@raw/04_第四批_20260908_1053_多火点与余热点/01_正式视频/无人机08_1581F7K3C256N00DCP1T/DJI_202609081036_005/DJI_20260908105257_0001_V.MP4,B4,uav-08,V,0.5,0,2026-09-08 10:52:57.710,24.00,1.00,31.288766,120.472546,70.959,51.7,-73.1,0.0,2026-09-08T02:52:58,-0.79
@raw/04_第四批_20260908_1053_多火点与余热点/01_正式视频/无人机08_1581F7K3C256N00DCP1T/DJI_202609081036_005/DJI_20260908105257_0001_V.MP4,B4,uav-08,V,539.6391,16175,2026-09-08 11:01:57.278,24.00,1.00,31.288750,120.472571,93.584,48.4,-76.0,0.0,2026-09-08T02:52:58,-0.3611
@raw/04_第四批_20260908_1053_多火点与余热点/01_正式视频/无人机08_1581F7K3C256N00DCP1T/DJI_202609081036_005/DJI_20260908105257_0001_V.MP4,B4,uav-08,V,1078.2782,32321,2026-09-08 11:10:55.815,24.00,1.00,31.289437,120.472881,55.061,26.9,0.0,0.0,2026-09-08T02:52:58,-0.4632
@raw/04_第四批_20260908_1053_多火点与余热点/01_正式视频/无人机09_1581F7K3C24CS00AX535/DJI_202609081039_006/DJI_20260908105258_0002_S.MP4,B4,uav-09,S,0.5,0,2026-09-08 10:52:58.959,54.60,2.28,31.288571,120.472401,96.363,38.7,-52.3,0.0,2026-09-08T02:52:58,0.459
@raw/04_第四批_20260908_1053_多火点与余热点/01_正式视频/无人机09_1581F7K3C24CS00AX535/DJI_202609081039_006/DJI_20260908105258_0002_S.MP4,B4,uav-09,S,440.91455,13204,2026-09-08 11:00:19.357,54.60,2.28,31.288569,120.472401,96.584,38.6,-52.3,0.0,2026-09-08T02:52:58,0.44245
@raw/04_第四批_20260908_1053_多火点与余热点/01_正式视频/无人机09_1581F7K3C24CS00AX535/DJI_202609081039_006/DJI_20260908105258_0002_S.MP4,B4,uav-09,S,880.8291,26379,2026-09-08 11:07:38.769,54.60,2.28,31.288568,120.472400,97.579,38.6,-52.3,0.0,2026-09-08T02:52:58,-0.0601
@raw/04_第四批_20260908_1053_多火点与余热点/01_正式视频/无人机09_1581F7K3C24CS00AX535/DJI_202609081039_006/DJI_20260908105258_0002_V.MP4,B4,uav-09,V,0.5,0,2026-09-08 10:52:58.935,54.60,2.28,31.288571,120.472401,96.365,38.7,-52.3,0.0,2026-09-08T02:52:58,0.435
@raw/04_第四批_20260908_1053_多火点与余热点/01_正式视频/无人机09_1581F7K3C24CS00AX535/DJI_202609081039_006/DJI_20260908105258_0002_V.MP4,B4,uav-09,V,440.9238165,13204,2026-09-08 11:00:19.346,54.60,2.28,31.288569,120.472401,96.585,38.6,-52.3,0.0,2026-09-08T02:52:58,0.422184
@raw/04_第四批_20260908_1053_多火点与余热点/01_正式视频/无人机09_1581F7K3C24CS00AX535/DJI_202609081039_006/DJI_20260908105258_0002_V.MP4,B4,uav-09,V,880.847633,26380,2026-09-08 11:07:38.799,54.60,2.28,31.288568,120.472400,97.579,38.6,-52.3,0.0,2026-09-08T02:52:58,-0.048633
@raw/04_第四批_20260908_1053_多火点与余热点/02_激光打点与定位验证/01_事后打点候选/无人机01_1581F7K3C251800CYBVP/DJI_202609081117_006/DJI_20260908112447_0010_S.MP4,B4,uav-01,S,0.5,0,2026-09-08 11:24:48.249,24.00,1.00,31.289493,120.472774,70.063,121.8,-80.9,0.0,2026-09-08T03:24:48,-0.251
@raw/04_第四批_20260908_1053_多火点与余热点/02_激光打点与定位验证/01_事后打点候选/无人机01_1581F7K3C251800CYBVP/DJI_202609081117_006/DJI_20260908112447_0010_S.MP4,B4,uav-01,S,42.39235,1260,2026-09-08 11:25:30.275,30.70,1.28,31.289665,120.472712,73.104,157.6,-43.4,0.0,2026-09-08T03:24:48,-0.11735
@raw/04_第四批_20260908_1053_多火点与余热点/02_激光打点与定位验证/01_事后打点候选/无人机01_1581F7K3C251800CYBVP/DJI_202609081117_006/DJI_20260908112447_0010_S.MP4,B4,uav-01,S,83.7847,2490,2026-09-08 11:26:11.325,27.70,1.15,31.289290,120.472854,68.123,-18.8,-38.0,0.0,2026-09-08T03:24:48,-0.4597
@raw/04_第四批_20260908_1053_多火点与余热点/02_激光打点与定位验证/01_事后打点候选/无人机01_1581F7K3C251800CYBVP/DJI_202609081117_006/DJI_20260908112447_0010_V.MP4,B4,uav-01,V,0.5,0,2026-09-08 11:24:48.203,24.00,1.00,31.289493,120.472774,70.060,121.9,-80.8,0.0,2026-09-08T03:24:48,-0.297
@raw/04_第四批_20260908_1053_多火点与余热点/02_激光打点与定位验证/01_事后打点候选/无人机01_1581F7K3C251800CYBVP/DJI_202609081117_006/DJI_20260908112447_0010_V.MP4,B4,uav-01,V,42.4090335,1260,2026-09-08 11:25:30.240,30.70,1.28,31.289665,120.472712,73.104,157.6,-43.4,0.0,2026-09-08T03:24:48,-0.169033
@raw/04_第四批_20260908_1053_多火点与余热点/02_激光打点与定位验证/01_事后打点候选/无人机01_1581F7K3C251800CYBVP/DJI_202609081117_006/DJI_20260908112447_0010_V.MP4,B4,uav-01,V,83.818067,2490,2026-09-08 11:26:11.285,27.70,1.15,31.289290,120.472854,68.123,-18.8,-38.0,0.0,2026-09-08T03:24:48,-0.533067
@raw/04_第四批_20260908_1053_多火点与余热点/02_激光打点与定位验证/01_事后打点候选/无人机01_1581F7K3C251800CYBVP/DJI_202609081117_006/DJI_20260908113147_0011_S.MP4,B4,uav-01,S,0.5,0,2026-09-08 11:31:47.911,29.10,1.21,31.289719,120.472766,88.417,-149.4,-84.2,0.0,2026-09-08T03:31:48,-0.589
@raw/04_第四批_20260908_1053_多火点与余热点/02_激光打点与定位验证/01_事后打点候选/无人机01_1581F7K3C251800CYBVP/DJI_202609081117_006/DJI_20260908113147_0011_S.MP4,B4,uav-01,S,85.8691165,2550,2026-09-08 11:33:12.957,46.50,1.94,31.289541,120.472976,78.305,-52.8,-42.0,0.0,2026-09-08T03:31:48,-0.912117
@raw/04_第四批_20260908_1053_多火点与余热点/02_激光打点与定位验证/01_事后打点候选/无人机01_1581F7K3C251800CYBVP/DJI_202609081117_006/DJI_20260908113147_0011_S.MP4,B4,uav-01,S,170.738233,5107,2026-09-08 11:34:38.594,65.10,2.71,31.289681,120.472953,107.817,-88.2,-69.5,0.0,2026-09-08T03:31:48,-0.144233
@raw/04_第四批_20260908_1053_多火点与余热点/02_激光打点与定位验证/01_事后打点候选/无人机01_1581F7K3C251800CYBVP/DJI_202609081117_006/DJI_20260908113147_0011_V.MP4,B4,uav-01,V,0.5,0,2026-09-08 11:31:47.885,29.10,1.21,31.289719,120.472766,88.417,-149.4,-84.2,0.0,2026-09-08T03:31:47,0.385
@raw/04_第四批_20260908_1053_多火点与余热点/02_激光打点与定位验证/01_事后打点候选/无人机01_1581F7K3C251800CYBVP/DJI_202609081117_006/DJI_20260908113147_0011_V.MP4,B4,uav-01,V,85.8691165,2550,2026-09-08 11:33:12.953,46.50,1.94,31.289541,120.472976,78.305,-52.8,-42.0,0.0,2026-09-08T03:31:47,0.083883
@raw/04_第四批_20260908_1053_多火点与余热点/02_激光打点与定位验证/01_事后打点候选/无人机01_1581F7K3C251800CYBVP/DJI_202609081117_006/DJI_20260908113147_0011_V.MP4,B4,uav-01,V,170.738233,5108,2026-09-08 11:34:38.587,65.10,2.71,31.289681,120.472953,107.817,-88.2,-69.5,0.0,2026-09-08T03:31:47,0.848767
@raw/90_短视频_试拍_补拍/无人机01_1581F7K3C251800CYBVP/DJI_202609080913_003/DJI_20260908092406_0001_S.MP4,B90,uav-01,S,0.5,0,2026-09-08 09:24:06.820,53.60,2.23,31.289576,120.472893,63.895,-139.3,-42.2,0.0,2026-09-08T01:24:07,-0.68
@raw/90_短视频_试拍_补拍/无人机01_1581F7K3C251800CYBVP/DJI_202609080913_003/DJI_20260908092406_0001_S.MP4,B90,uav-01,S,0.3837165,0,2026-09-08 09:24:06.820,53.60,2.23,31.289576,120.472893,63.895,-139.3,-42.2,0.0,2026-09-08T01:24:07,-0.563716
@raw/90_短视频_试拍_补拍/无人机01_1581F7K3C251800CYBVP/DJI_202609080913_003/DJI_20260908092406_0001_S.MP4,B90,uav-01,S,0.5,0,2026-09-08 09:24:06.820,53.60,2.23,31.289576,120.472893,63.895,-139.3,-42.2,0.0,2026-09-08T01:24:07,-0.68
@raw/90_短视频_试拍_补拍/无人机01_1581F7K3C251800CYBVP/DJI_202609080913_003/DJI_20260908092406_0001_V.MP4,B90,uav-01,V,0.5,0,2026-09-08 09:24:06.817,53.60,2.23,31.289576,120.472893,63.895,-139.3,-42.2,0.0,2026-09-08T01:24:06,0.317
@raw/90_短视频_试拍_补拍/无人机01_1581F7K3C251800CYBVP/DJI_202609080913_003/DJI_20260908092406_0001_V.MP4,B90,uav-01,V,0.3670335,0,2026-09-08 09:24:06.817,53.60,2.23,31.289576,120.472893,63.895,-139.3,-42.2,0.0,2026-09-08T01:24:06,0.449966
@raw/90_短视频_试拍_补拍/无人机01_1581F7K3C251800CYBVP/DJI_202609080913_003/DJI_20260908092406_0001_V.MP4,B90,uav-01,V,0.5,0,2026-09-08 09:24:06.817,53.60,2.23,31.289576,120.472893,63.895,-139.3,-42.2,0.0,2026-09-08T01:24:06,0.317
@raw/90_短视频_试拍_补拍/无人机01_1581F7K3C251800CYBVP/DJI_202609080913_003/DJI_20260908092420_0002_S.MP4,B90,uav-01,S,0.5,0,2026-09-08 09:24:20.455,53.60,2.23,31.289575,120.472894,63.869,-139.3,-41.2,0.0,2026-09-08T01:24:20,-0.045
@raw/90_短视频_试拍_补拍/无人机01_1581F7K3C251800CYBVP/DJI_202609080913_003/DJI_20260908092420_0002_S.MP4,B90,uav-01,S,4.5712335,120,2026-09-08 09:24:24.450,53.60,2.23,31.289576,120.472894,63.867,-139.3,-41.2,0.0,2026-09-08T01:24:20,-0.121234
@raw/90_短视频_试拍_补拍/无人机01_1581F7K3C251800CYBVP/DJI_202609080913_003/DJI_20260908092420_0002_S.MP4,B90,uav-01,S,8.142467,240,2026-09-08 09:24:28.453,53.60,2.23,31.289579,120.472896,63.876,-139.3,-41.2,0.0,2026-09-08T01:24:20,0.310533
@raw/90_短视频_试拍_补拍/无人机01_1581F7K3C251800CYBVP/DJI_202609080913_003/DJI_20260908092420_0002_V.MP4,B90,uav-01,V,0.5,0,2026-09-08 09:24:20.415,53.60,2.23,31.289575,120.472894,63.869,-139.3,-41.2,0.0,2026-09-08T01:24:20,-0.085
@raw/90_短视频_试拍_补拍/无人机01_1581F7K3C251800CYBVP/DJI_202609080913_003/DJI_20260908092420_0002_V.MP4,B90,uav-01,V,4.5879165,120,2026-09-08 09:24:24.410,53.60,2.23,31.289576,120.472894,63.866,-139.3,-41.2,0.0,2026-09-08T01:24:20,-0.177917
@raw/90_短视频_试拍_补拍/无人机01_1581F7K3C251800CYBVP/DJI_202609080913_003/DJI_20260908092420_0002_V.MP4,B90,uav-01,V,8.175833,240,2026-09-08 09:24:28.414,53.60,2.23,31.289579,120.472896,63.876,-139.3,-41.2,0.0,2026-09-08T01:24:20,0.238167
@raw/90_短视频_试拍_补拍/无人机01_1581F7K3C251800CYBVP/DJI_202609080945_004/DJI_20260908100604_0001_S.MP4,B90,uav-01,S,0.5,0,2026-09-08 10:06:04.762,54.10,2.25,31.290235,120.472160,96.862,138.4,-28.0,0.0,2026-09-08T02:06:05,-0.738
@raw/90_短视频_试拍_补拍/无人机01_1581F7K3C251800CYBVP/DJI_202609080945_004/DJI_20260908100604_0001_S.MP4,B90,uav-01,S,69.3175,2070,2026-09-08 10:07:13.752,54.10,2.25,31.290234,120.472160,96.891,138.5,-28.0,0.0,2026-09-08T02:06:05,-0.5655
@raw/90_短视频_试拍_补拍/无人机01_1581F7K3C251800CYBVP/DJI_202609080945_004/DJI_20260908100604_0001_S.MP4,B90,uav-01,S,137.635,4110,2026-09-08 10:08:21.818,53.30,2.22,31.290235,120.472160,96.873,138.6,-28.0,0.0,2026-09-08T02:06:05,-0.817
@raw/90_短视频_试拍_补拍/无人机01_1581F7K3C251800CYBVP/DJI_202609080945_004/DJI_20260908100604_0001_V.MP4,B90,uav-01,V,0.5,0,2026-09-08 10:06:04.818,54.10,2.25,31.290235,120.472160,96.864,138.4,-28.0,0.0,2026-09-08T02:06:04,0.318
@raw/90_短视频_试拍_补拍/无人机01_1581F7K3C251800CYBVP/DJI_202609080945_004/DJI_20260908100604_0001_V.MP4,B90,uav-01,V,69.2858835,2070,2026-09-08 10:07:13.847,54.10,2.25,31.290234,120.472160,96.890,138.5,-28.0,0.0,2026-09-08T02:06:04,0.561117
@raw/90_短视频_试拍_补拍/无人机01_1581F7K3C251800CYBVP/DJI_202609080945_004/DJI_20260908100604_0001_V.MP4,B90,uav-01,V,137.571767,4111,2026-09-08 10:08:21.914,53.30,2.22,31.290235,120.472160,96.872,138.6,-28.0,0.0,2026-09-08T02:06:04,0.342233
@raw/90_短视频_试拍_补拍/无人机01_1581F7K3C251800CYBVP/DJI_202609081030_005/DJI_20260908105026_0001_S.MP4,B90,uav-01,S,0.5,0,2026-09-08 10:50:27.351,31.40,1.31,31.288636,120.472777,68.016,-43.1,-28.2,0.0,2026-09-08T02:50:27,-0.149
@raw/90_短视频_试拍_补拍/无人机01_1581F7K3C251800CYBVP/DJI_202609081030_005/DJI_20260908105026_0001_S.MP4,B90,uav-01,S,0.3003,0,2026-09-08 10:50:27.351,31.40,1.31,31.288636,120.472777,68.016,-43.1,-28.2,0.0,2026-09-08T02:50:27,0.0507
@raw/90_短视频_试拍_补拍/无人机01_1581F7K3C251800CYBVP/DJI_202609081030_005/DJI_20260908105026_0001_S.MP4,B90,uav-01,S,0.5,0,2026-09-08 10:50:27.351,31.40,1.31,31.288636,120.472777,68.016,-43.1,-28.2,0.0,2026-09-08T02:50:27,-0.149
@raw/90_短视频_试拍_补拍/无人机01_1581F7K3C251800CYBVP/DJI_202609081030_005/DJI_20260908105026_0001_V.MP4,B90,uav-01,V,0.5,0,2026-09-08 10:50:27.305,31.40,1.31,31.288636,120.472777,68.015,-43.1,-28.2,0.0,2026-09-08T02:50:27,-0.195
@raw/90_短视频_试拍_补拍/无人机01_1581F7K3C251800CYBVP/DJI_202609081030_005/DJI_20260908105026_0001_V.MP4,B90,uav-01,V,0.3169835,0,2026-09-08 10:50:27.305,31.40,1.31,31.288636,120.472777,68.015,-43.1,-28.2,0.0,2026-09-08T02:50:27,-0.011984
@raw/90_短视频_试拍_补拍/无人机01_1581F7K3C251800CYBVP/DJI_202609081030_005/DJI_20260908105026_0001_V.MP4,B90,uav-01,V,0.5,0,2026-09-08 10:50:27.305,31.40,1.31,31.288636,120.472777,68.015,-43.1,-28.2,0.0,2026-09-08T02:50:27,-0.195
@raw/90_短视频_试拍_补拍/无人机02_1581F7K3C267500D2DQD/DJI_202609071516_002/DJI_20260907152749_0001_S.MP4,B90,uav-02,S,0.5,0,2026-09-07 15:27:49.709,52.70,1.00,31.289147,120.472874,49.161,-92.6,0.2,0.0,2026-09-07T07:27:49,0.209
@raw/90_短视频_试拍_补拍/无人机02_1581F7K3C267500D2DQD/DJI_202609071516_002/DJI_20260907152749_0001_S.MP4,B90,uav-02,S,51.5666665,1530,2026-09-07 15:28:40.633,52.70,1.00,31.289148,120.472876,48.996,-97.8,0.2,0.0,2026-09-07T07:27:49,0.066334
@raw/90_短视频_试拍_补拍/无人机02_1581F7K3C267500D2DQD/DJI_202609071516_002/DJI_20260907152749_0001_S.MP4,B90,uav-02,S,102.133333,3060,2026-09-07 15:29:31.637,52.70,1.00,31.289151,120.472876,48.651,-97.6,0.2,0.0,2026-09-07T07:27:49,0.503667
@raw/90_短视频_试拍_补拍/无人机02_1581F7K3C267500D2DQD/DJI_202609071516_002/DJI_20260907152749_0001_V.MP4,B90,uav-02,V,0.5,0,2026-09-07 15:27:49.796,24.00,1.00,31.289147,120.472874,49.161,-92.6,0.2,0.0,2026-09-07T07:27:49,0.296
@raw/90_短视频_试拍_补拍/无人机02_1581F7K3C267500D2DQD/DJI_202609071516_002/DJI_20260907152749_0001_V.MP4,B90,uav-02,V,51.4847665,1530,2026-09-07 15:28:40.845,24.00,1.00,31.289148,120.472876,48.995,-97.8,0.2,0.0,2026-09-07T07:27:49,0.360234
@raw/90_短视频_试拍_补拍/无人机02_1581F7K3C267500D2DQD/DJI_202609071516_002/DJI_20260907152749_0001_V.MP4,B90,uav-02,V,101.969533,3030,2026-09-07 15:29:30.893,24.00,1.00,31.289151,120.472875,48.662,-97.6,0.2,0.0,2026-09-07T07:27:49,-0.076533
@raw/90_短视频_试拍_补拍/无人机02_1581F7K3C267500D2DQD/DJI_202609071534_003/DJI_20260907155619_0001_S.MP4,B90,uav-02,S,0.5,0,2026-09-07 15:56:19.503,51.70,2.15,31.289187,120.472481,59.033,103.5,-8.9,0.0,2026-09-07T07:56:20,-0.997
@raw/90_短视频_试拍_补拍/无人机02_1581F7K3C267500D2DQD/DJI_202609071534_003/DJI_20260907155619_0001_S.MP4,B90,uav-02,S,3.5869165,90,2026-09-07 15:56:22.479,51.70,2.15,31.289188,120.472481,59.041,103.5,-8.9,0.0,2026-09-07T07:56:20,-1.107917
@raw/90_短视频_试拍_补拍/无人机02_1581F7K3C267500D2DQD/DJI_202609071534_003/DJI_20260907155619_0001_S.MP4,B90,uav-02,S,6.173833,180,2026-09-07 15:56:25.485,54.10,2.25,31.289188,120.472481,59.071,103.5,-8.9,0.0,2026-09-07T07:56:20,-0.688833
@raw/90_短视频_试拍_补拍/无人机02_1581F7K3C267500D2DQD/DJI_202609071534_003/DJI_20260907155619_0001_V.MP4,B90,uav-02,V,0.5,0,2026-09-07 15:56:19.385,51.70,2.15,31.289187,120.472481,59.027,103.5,-8.9,0.0,2026-09-07T07:56:19,-0.115
@raw/90_短视频_试拍_补拍/无人机02_1581F7K3C267500D2DQD/DJI_202609071534_003/DJI_20260907155619_0001_V.MP4,B90,uav-02,V,3.6369665,90,2026-09-07 15:56:22.375,51.70,2.15,31.289188,120.472481,59.039,103.5,-8.9,0.0,2026-09-07T07:56:19,-0.261967
@raw/90_短视频_试拍_补拍/无人机02_1581F7K3C267500D2DQD/DJI_202609071534_003/DJI_20260907155619_0001_V.MP4,B90,uav-02,V,6.273933,180,2026-09-07 15:56:25.378,54.10,2.25,31.289188,120.472481,59.070,103.5,-8.9,0.0,2026-09-07T07:56:19,0.104067
@raw/90_短视频_试拍_补拍/无人机02_1581F7K3C267500D2DQD/DJI_202609071534_003/DJI_20260907155633_0002_S.MP4,B90,uav-02,S,0.5,0,2026-09-07 15:56:33.467,54.10,2.25,31.289187,120.472481,59.064,103.5,-8.9,0.0,2026-09-07T07:56:33,-0.033
@raw/90_短视频_试拍_补拍/无人机02_1581F7K3C267500D2DQD/DJI_202609071534_003/DJI_20260907155633_0002_S.MP4,B90,uav-02,S,3.003,90,2026-09-07 15:56:36.460,54.10,2.25,31.289187,120.472482,59.063,103.5,-8.9,0.0,2026-09-07T07:56:33,0.457
@raw/90_短视频_试拍_补拍/无人机02_1581F7K3C267500D2DQD/DJI_202609071534_003/DJI_20260907155633_0002_S.MP4,B90,uav-02,S,5.006,150,2026-09-07 15:56:38.461,54.10,2.25,31.289187,120.472481,59.075,103.5,-8.9,0.0,2026-09-07T07:56:33,0.455
@raw/90_短视频_试拍_补拍/无人机02_1581F7K3C267500D2DQD/DJI_202609071534_003/DJI_20260907155633_0002_V.MP4,B90,uav-02,V,0.5,0,2026-09-07 15:56:33.386,54.10,2.25,31.289187,120.472481,59.061,103.5,-8.9,0.0,2026-09-07T07:56:33,-0.114
@raw/90_短视频_试拍_补拍/无人机02_1581F7K3C267500D2DQD/DJI_202609071534_003/DJI_20260907155633_0002_V.MP4,B90,uav-02,V,3.05305,90,2026-09-07 15:56:36.389,54.10,2.25,31.289187,120.472482,59.063,103.5,-8.9,0.0,2026-09-07T07:56:33,0.33595
@raw/90_短视频_试拍_补拍/无人机02_1581F7K3C267500D2DQD/DJI_202609071534_003/DJI_20260907155633_0002_V.MP4,B90,uav-02,V,5.1061,150,2026-09-07 15:56:38.391,54.10,2.25,31.289187,120.472481,59.075,103.5,-8.9,0.0,2026-09-07T07:56:33,0.2849
@raw/90_短视频_试拍_补拍/无人机02_1581F7K3C267500D2DQD/DJI_202609071534_003/DJI_20260907155817_0003_S.MP4,B90,uav-02,S,0.5,0,2026-09-07 15:58:17.392,54.10,2.25,31.289166,120.472536,57.971,100.8,-10.8,0.0,2026-09-07T07:58:17,-0.108
@raw/90_短视频_试拍_补拍/无人机02_1581F7K3C267500D2DQD/DJI_202609071534_003/DJI_20260907155817_0003_S.MP4,B90,uav-02,S,6.2228835,180,2026-09-07 15:58:23.392,54.10,2.25,31.289166,120.472535,57.968,100.9,-10.8,0.0,2026-09-07T07:58:17,0.169116
@raw/90_短视频_试拍_补拍/无人机02_1581F7K3C267500D2DQD/DJI_202609071534_003/DJI_20260907155817_0003_S.MP4,B90,uav-02,S,11.445767,330,2026-09-07 15:58:28.396,54.10,2.25,31.289166,120.472535,57.972,100.9,-10.8,0.0,2026-09-07T07:58:17,-0.049767
@raw/90_短视频_试拍_补拍/无人机02_1581F7K3C267500D2DQD/DJI_202609071534_003/DJI_20260907155817_0003_V.MP4,B90,uav-02,V,0.5,0,2026-09-07 15:58:17.290,54.10,2.25,31.289166,120.472536,57.974,100.8,-10.8,0.0,2026-09-07T07:58:17,-0.21
@raw/90_短视频_试拍_补拍/无人机02_1581F7K3C267500D2DQD/DJI_202609071534_003/DJI_20260907155817_0003_V.MP4,B90,uav-02,V,6.2729335,180,2026-09-07 15:58:23.289,54.10,2.25,31.289166,120.472535,57.969,100.9,-10.8,0.0,2026-09-07T07:58:17,0.016067
@raw/90_短视频_试拍_补拍/无人机02_1581F7K3C267500D2DQD/DJI_202609071534_003/DJI_20260907155817_0003_V.MP4,B90,uav-02,V,11.545867,330,2026-09-07 15:58:28.295,54.10,2.25,31.289166,120.472535,57.972,100.9,-10.8,0.0,2026-09-07T07:58:17,-0.250867
@raw/90_短视频_试拍_补拍/无人机02_1581F7K3C267500D2DQD/DJI_202609071534_003/DJI_20260907160144_0004_S.MP4,B90,uav-02,S,0.5,0,2026-09-07 16:01:45.112,54.10,2.25,31.289168,120.472534,57.992,100.9,-10.8,0.0,2026-09-07T08:01:45,-0.388
@raw/90_短视频_试拍_补拍/无人机02_1581F7K3C267500D2DQD/DJI_202609071534_003/DJI_20260907160144_0004_S.MP4,B90,uav-02,S,2.8862165,60,2026-09-07 16:01:47.033,54.10,2.25,31.289167,120.472534,57.986,100.9,-10.8,0.0,2026-09-07T08:01:45,-0.853217
@raw/90_短视频_试拍_补拍/无人机02_1581F7K3C267500D2DQD/DJI_202609071534_003/DJI_20260907160144_0004_S.MP4,B90,uav-02,S,4.772433,120,2026-09-07 16:01:49.035,54.10,2.25,31.289167,120.472534,57.993,100.9,-10.8,0.0,2026-09-07T08:01:45,-0.737433
@raw/90_短视频_试拍_补拍/无人机02_1581F7K3C267500D2DQD/DJI_202609071534_003/DJI_20260907160144_0004_V.MP4,B90,uav-02,V,0.5,0,2026-09-07 16:01:45.225,54.10,2.25,31.289168,120.472534,57.991,100.9,-10.8,0.0,2026-09-07T08:01:45,-0.275
@raw/90_短视频_试拍_补拍/无人机02_1581F7K3C267500D2DQD/DJI_202609071534_003/DJI_20260907160144_0004_V.MP4,B90,uav-02,V,2.85285,60,2026-09-07 16:01:47.095,54.10,2.25,31.289167,120.472534,57.988,100.9,-10.8,0.0,2026-09-07T08:01:45,-0.75785
@raw/90_短视频_试拍_补拍/无人机02_1581F7K3C267500D2DQD/DJI_202609071534_003/DJI_20260907160144_0004_V.MP4,B90,uav-02,V,4.7057,120,2026-09-07 16:01:49.097,54.10,2.25,31.289167,120.472534,57.993,100.9,-10.8,0.0,2026-09-07T08:01:45,-0.6087
@raw/90_短视频_试拍_补拍/无人机02_1581F7K3C267500D2DQD/DJI_202609080909_004/DJI_20260908092250_0001_S.MP4,B90,uav-02,S,0.5,0,2026-09-08 09:22:50.750,53.80,2.24,31.289471,120.472730,87.568,85.4,-77.8,0.0,2026-09-08T01:22:50,0.25
@raw/90_短视频_试拍_补拍/无人机02_1581F7K3C267500D2DQD/DJI_202609080909_004/DJI_20260908092250_0001_S.MP4,B90,uav-02,S,1.5348665,30,2026-09-08 09:22:51.708,53.80,2.24,31.289471,120.472730,87.572,85.4,-77.8,0.0,2026-09-08T01:22:50,0.173134
@raw/90_短视频_试拍_补拍/无人机02_1581F7K3C267500D2DQD/DJI_202609080909_004/DJI_20260908092250_0001_S.MP4,B90,uav-02,S,2.069733,60,2026-09-08 09:22:52.715,53.80,2.24,31.289471,120.472730,87.573,85.4,-77.8,0.0,2026-09-08T01:22:50,0.645267
@raw/90_短视频_试拍_补拍/无人机02_1581F7K3C267500D2DQD/DJI_202609080909_004/DJI_20260908092250_0001_V.MP4,B90,uav-02,V,0.5,0,2026-09-08 09:22:50.805,53.80,2.24,31.289471,120.472730,87.568,85.4,-77.8,0.0,2026-09-08T01:22:50,0.305
@raw/90_短视频_试拍_补拍/无人机02_1581F7K3C267500D2DQD/DJI_202609080909_004/DJI_20260908092250_0001_V.MP4,B90,uav-02,V,1.5015,30,2026-09-08 09:22:51.770,53.80,2.24,31.289471,120.472730,87.572,85.4,-77.8,0.0,2026-09-08T01:22:50,0.2685
@raw/90_短视频_试拍_补拍/无人机02_1581F7K3C267500D2DQD/DJI_202609080909_004/DJI_20260908092250_0001_V.MP4,B90,uav-02,V,2.003,60,2026-09-08 09:22:52.772,53.80,2.24,31.289471,120.472730,87.573,85.4,-77.8,0.0,2026-09-08T01:22:50,0.769
@raw/90_短视频_试拍_补拍/无人机03_1581F7K3C255900D76E8/DJI_202609071448_001/DJI_20260907145316_0001_S.MP4,B90,uav-03,S,0.5,0,2026-09-07 14:53:17.019,24.00,1.00,31.289214,120.472811,57.065,-156.8,-19.5,0.0,2026-09-07T06:53:17,-0.481
@raw/90_短视频_试拍_补拍/无人机03_1581F7K3C255900D76E8/DJI_202609071448_001/DJI_20260907145316_0001_S.MP4,B90,uav-03,S,15.4821335,450,2026-09-07 14:53:31.970,24.00,1.00,31.289214,120.472810,57.059,-156.8,-19.5,0.0,2026-09-07T06:53:17,-0.512133
@raw/90_短视频_试拍_补拍/无人机03_1581F7K3C255900D76E8/DJI_202609071448_001/DJI_20260907145316_0001_S.MP4,B90,uav-03,S,29.964267,870,2026-09-07 14:53:45.984,24.00,1.00,31.289214,120.472811,57.056,-156.8,-19.5,0.0,2026-09-07T06:53:17,-0.980267
@raw/90_短视频_试拍_补拍/无人机03_1581F7K3C255900D76E8/DJI_202609071448_001/DJI_20260907145316_0001_V.MP4,B90,uav-03,V,0.5,0,2026-09-07 14:53:16.955,24.00,1.00,31.289214,120.472811,57.065,-156.8,-19.5,0.0,2026-09-07T06:53:16,0.455
@raw/90_短视频_试拍_补拍/无人机03_1581F7K3C255900D76E8/DJI_202609071448_001/DJI_20260907145316_0001_V.MP4,B90,uav-03,V,15.4988165,450,2026-09-07 14:53:31.931,24.00,1.00,31.289214,120.472810,57.059,-156.8,-19.5,0.0,2026-09-07T06:53:16,0.432183
@raw/90_短视频_试拍_补拍/无人机03_1581F7K3C255900D76E8/DJI_202609071448_001/DJI_20260907145316_0001_V.MP4,B90,uav-03,V,29.997633,870,2026-09-07 14:53:45.946,24.00,1.00,31.289214,120.472811,57.056,-156.8,-19.5,0.0,2026-09-07T06:53:16,-0.051633
@raw/90_短视频_试拍_补拍/无人机03_1581F7K3C255900D76E8/DJI_202609071448_001/DJI_20260907150014_0002_S.MP4,B90,uav-03,S,0.5,0,2026-09-07 15:00:15.159,24.00,1.00,31.289101,120.472903,61.571,27.2,-21.9,0.0,2026-09-07T07:00:15,-0.341
@raw/90_短视频_试拍_补拍/无人机03_1581F7K3C255900D76E8/DJI_202609071448_001/DJI_20260907150014_0002_S.MP4,B90,uav-03,S,3.3700335,90,2026-09-07 15:00:18.134,24.00,1.00,31.289101,120.472903,61.582,27.2,-21.9,0.0,2026-09-07T07:00:15,-0.236033
@raw/90_短视频_试拍_补拍/无人机03_1581F7K3C255900D76E8/DJI_202609071448_001/DJI_20260907150014_0002_S.MP4,B90,uav-03,S,5.740067,150,2026-09-07 15:00:20.135,24.00,1.00,31.289101,120.472902,61.571,27.2,-21.9,0.0,2026-09-07T07:00:15,-0.605067
@raw/90_短视频_试拍_补拍/无人机03_1581F7K3C255900D76E8/DJI_202609071448_001/DJI_20260907150014_0002_V.MP4,B90,uav-03,V,0.5,0,2026-09-07 15:00:15.228,24.00,1.00,31.289101,120.472903,61.571,27.2,-21.9,0.0,2026-09-07T07:00:15,-0.272
@raw/90_短视频_试拍_补拍/无人机03_1581F7K3C255900D76E8/DJI_202609071448_001/DJI_20260907150014_0002_V.MP4,B90,uav-03,V,3.35335,90,2026-09-07 15:00:18.192,24.00,1.00,31.289101,120.472903,61.582,27.2,-21.9,0.0,2026-09-07T07:00:15,-0.16135
@raw/90_短视频_试拍_补拍/无人机03_1581F7K3C255900D76E8/DJI_202609071448_001/DJI_20260907150014_0002_V.MP4,B90,uav-03,V,5.7067,150,2026-09-07 15:00:20.194,24.00,1.00,31.289101,120.472902,61.571,27.2,-21.9,0.0,2026-09-07T07:00:15,-0.5127
@raw/90_短视频_试拍_补拍/无人机03_1581F7K3C255900D76E8/DJI_202609071609_002/DJI_20260907161154_0001_S.MP4,B90,uav-03,S,0.5,0,2026-09-07 16:11:54.752,49.80,2.07,31.289144,120.473045,66.383,-89.6,-25.5,0.0,2026-09-07T08:11:55,-0.748
@raw/90_短视频_试拍_补拍/无人机03_1581F7K3C255900D76E8/DJI_202609071609_002/DJI_20260907161154_0001_S.MP4,B90,uav-03,S,49.37545,1470,2026-09-07 16:12:43.850,49.80,2.07,31.289145,120.472937,68.238,-90.2,-40.1,0.0,2026-09-07T08:11:55,-0.52545
@raw/90_短视频_试拍_补拍/无人机03_1581F7K3C255900D76E8/DJI_202609071609_002/DJI_20260907161154_0001_S.MP4,B90,uav-03,S,97.7509,2910,2026-09-07 16:13:31.894,52.70,1.00,31.289145,120.472937,68.230,-90.2,-40.1,0.0,2026-09-07T08:11:55,-0.8569
@raw/90_短视频_试拍_补拍/无人机03_1581F7K3C255900D76E8/DJI_202609071609_002/DJI_20260907161154_0001_V.MP4,B90,uav-03,V,0.5,0,2026-09-07 16:11:54.805,49.80,2.07,31.289144,120.473045,66.383,-89.6,-25.5,0.0,2026-09-07T08:11:54,0.305
@raw/90_短视频_试拍_补拍/无人机03_1581F7K3C255900D76E8/DJI_202609071609_002/DJI_20260907161154_0001_V.MP4,B90,uav-03,V,49.3659835,1470,2026-09-07 16:12:43.880,49.80,2.07,31.289145,120.472937,68.238,-90.2,-40.1,0.0,2026-09-07T08:11:54,0.514017
@raw/90_短视频_试拍_补拍/无人机03_1581F7K3C255900D76E8/DJI_202609071609_002/DJI_20260907161154_0001_V.MP4,B90,uav-03,V,97.731967,2910,2026-09-07 16:13:31.918,52.90,2.20,31.289145,120.472937,68.230,-90.2,-40.1,0.0,2026-09-07T08:11:54,0.186033
@raw/90_短视频_试拍_补拍/无人机03_1581F7K3C255900D76E8/DJI_202609071609_002/DJI_20260907161336_0002_S.MP4,B90,uav-03,S,0.5,0,2026-09-07 16:13:36.622,52.90,2.20,31.289144,120.472937,68.211,-90.2,-40.1,0.0,2026-09-07T08:13:36,0.122
@raw/90_短视频_试拍_补拍/无人机03_1581F7K3C255900D76E8/DJI_202609071609_002/DJI_20260907161336_0002_S.MP4,B90,uav-03,S,74.1741,2220,2026-09-07 16:14:50.688,52.90,2.20,31.289145,120.472935,68.090,-90.2,-40.1,0.0,2026-09-07T08:13:36,0.5139
@raw/90_短视频_试拍_补拍/无人机03_1581F7K3C255900D76E8/DJI_202609071609_002/DJI_20260907161336_0002_S.MP4,B90,uav-03,S,147.3482,4411,2026-09-07 16:16:03.749,52.90,2.20,31.289144,120.472935,68.077,-90.2,-40.1,0.0,2026-09-07T08:13:36,0.4008
@raw/90_短视频_试拍_补拍/无人机03_1581F7K3C255900D76E8/DJI_202609071609_002/DJI_20260907161336_0002_V.MP4,B90,uav-03,V,0.5,0,2026-09-07 16:13:36.600,52.90,2.20,31.289144,120.472937,68.211,-90.2,-40.1,0.0,2026-09-07T08:13:36,0.1
@raw/90_短视频_试拍_补拍/无人机03_1581F7K3C255900D76E8/DJI_202609071609_002/DJI_20260907161336_0002_V.MP4,B90,uav-03,V,74.1907835,2220,2026-09-07 16:14:50.681,52.90,2.20,31.289145,120.472935,68.090,-90.2,-40.1,0.0,2026-09-07T08:13:36,0.490217
@raw/90_短视频_试拍_补拍/无人机03_1581F7K3C255900D76E8/DJI_202609071609_002/DJI_20260907161336_0002_V.MP4,B90,uav-03,V,147.381567,4412,2026-09-07 16:16:03.743,52.90,2.20,31.289144,120.472935,68.077,-90.2,-40.1,0.0,2026-09-07T08:13:36,0.361433
@raw/90_短视频_试拍_补拍/无人机03_1581F7K3C255900D76E8/DJI_202609080916_004/DJI_20260908092444_0001_S.MP4,B90,uav-03,S,0.5,0,2026-09-08 09:24:45.141,24.00,1.00,31.289449,120.472673,61.132,78.4,-17.6,0.0,2026-09-08T01:24:45,-0.359
@raw/90_短视频_试拍_补拍/无人机03_1581F7K3C255900D76E8/DJI_202609080916_004/DJI_20260908092444_0001_S.MP4,B90,uav-03,S,0.5171835,0,2026-09-08 09:24:45.141,24.00,1.00,31.289449,120.472673,61.132,78.4,-17.6,0.0,2026-09-08T01:24:45,-0.376184
@raw/90_短视频_试拍_补拍/无人机03_1581F7K3C255900D76E8/DJI_202609080916_004/DJI_20260908092444_0001_S.MP4,B90,uav-03,S,0.5,0,2026-09-08 09:24:45.141,24.00,1.00,31.289449,120.472673,61.132,78.4,-17.6,0.0,2026-09-08T01:24:45,-0.359
@raw/90_短视频_试拍_补拍/无人机03_1581F7K3C255900D76E8/DJI_202609080916_004/DJI_20260908092444_0001_V.MP4,B90,uav-03,V,0.5,0,2026-09-08 09:24:45.113,24.00,1.00,31.289449,120.472673,61.133,78.4,-17.6,0.0,2026-09-08T01:24:45,-0.387
@raw/90_短视频_试拍_补拍/无人机03_1581F7K3C255900D76E8/DJI_202609080916_004/DJI_20260908092444_0001_V.MP4,B90,uav-03,V,0.5171835,0,2026-09-08 09:24:45.113,24.00,1.00,31.289449,120.472673,61.133,78.4,-17.6,0.0,2026-09-08T01:24:45,-0.404184
@raw/90_短视频_试拍_补拍/无人机03_1581F7K3C255900D76E8/DJI_202609080916_004/DJI_20260908092444_0001_V.MP4,B90,uav-03,V,0.5,0,2026-09-08 09:24:45.113,24.00,1.00,31.289449,120.472673,61.133,78.4,-17.6,0.0,2026-09-08T01:24:45,-0.387
@raw/90_短视频_试拍_补拍/无人机03_1581F7K3C255900D76E8/DJI_202609080916_004/DJI_20260908094824_0003_S.MP4,B90,uav-03,S,0.5,0,2026-09-08 09:48:24.925,24.00,1.00,31.289453,120.472911,53.095,79.8,0.0,0.0,2026-09-08T01:48:25,-0.575
@raw/90_短视频_试拍_补拍/无人机03_1581F7K3C255900D76E8/DJI_202609080916_004/DJI_20260908094824_0003_S.MP4,B90,uav-03,S,25.6089165,750,2026-09-08 09:48:49.886,24.00,1.00,31.289417,120.472914,53.422,-22.1,0.0,0.0,2026-09-08T01:48:25,-0.722916
@raw/90_短视频_试拍_补拍/无人机03_1581F7K3C255900D76E8/DJI_202609080916_004/DJI_20260908094824_0003_S.MP4,B90,uav-03,S,50.217833,1500,2026-09-08 09:49:14.911,24.00,1.00,31.289367,120.472898,53.782,22.2,-52.7,32.7,2026-09-08T01:48:25,-0.306833
@raw/90_短视频_试拍_补拍/无人机03_1581F7K3C255900D76E8/DJI_202609080916_004/DJI_20260908094824_0003_V.MP4,B90,uav-03,V,0.5,0,2026-09-08 09:48:24.850,24.00,1.00,31.289453,120.472911,53.081,79.8,0.0,0.0,2026-09-08T01:48:24,0.35
@raw/90_短视频_试拍_补拍/无人机03_1581F7K3C255900D76E8/DJI_202609080916_004/DJI_20260908094824_0003_V.MP4,B90,uav-03,V,25.6256,750,2026-09-08 09:48:49.850,24.00,1.00,31.289417,120.472914,53.422,-22.1,0.0,0.0,2026-09-08T01:48:24,0.2244
@raw/90_短视频_试拍_补拍/无人机03_1581F7K3C255900D76E8/DJI_202609080916_004/DJI_20260908094824_0003_V.MP4,B90,uav-03,V,50.2512,1500,2026-09-08 09:49:14.874,24.00,1.00,31.289367,120.472898,53.790,22.2,-52.7,32.7,2026-09-08T01:48:24,0.6228
@raw/90_短视频_试拍_补拍/无人机04_1581F7K33258900AP021/DJI_202609080915_034/DJI_20260908092113_0001_S.MP4,B90,uav-04,S,0.5,0,2026-09-08 09:21:14.314,55.00,2.29,31.289378,120.472832,56.747,-8.6,-9.6,0.0,2026-09-08T01:21:14,-0.186
@raw/90_短视频_试拍_补拍/无人机04_1581F7K33258900AP021/DJI_202609080915_034/DJI_20260908092113_0001_S.MP4,B90,uav-04,S,1.8184835,30,2026-09-08 09:21:15.300,55.00,2.29,31.289378,120.472832,56.746,-8.6,-9.6,0.0,2026-09-08T01:21:14,-0.518483
@raw/90_短视频_试拍_补拍/无人机04_1581F7K33258900AP021/DJI_202609080915_034/DJI_20260908092113_0001_S.MP4,B90,uav-04,S,2.636967,60,2026-09-08 09:21:16.300,55.00,2.29,31.289378,120.472832,56.744,-8.6,-9.6,0.0,2026-09-08T01:21:14,-0.336967
@raw/90_短视频_试拍_补拍/无人机04_1581F7K33258900AP021/DJI_202609080915_034/DJI_20260908092113_0001_V.MP4,B90,uav-04,V,0.5,0,2026-09-08 09:21:14.272,55.00,2.29,31.289378,120.472832,56.748,-8.6,-9.6,0.0,2026-09-08T01:21:14,-0.228
@raw/90_短视频_试拍_补拍/无人机04_1581F7K33258900AP021/DJI_202609080915_034/DJI_20260908092113_0001_V.MP4,B90,uav-04,V,1.85185,30,2026-09-08 09:21:15.259,55.00,2.29,31.289378,120.472832,56.746,-8.6,-9.6,0.0,2026-09-08T01:21:14,-0.59285
@raw/90_短视频_试拍_补拍/无人机04_1581F7K33258900AP021/DJI_202609080915_034/DJI_20260908092113_0001_V.MP4,B90,uav-04,V,2.7037,60,2026-09-08 09:21:16.260,55.00,2.29,31.289378,120.472832,56.744,-8.6,-9.6,0.0,2026-09-08T01:21:14,-0.4437
@raw/90_短视频_试拍_补拍/无人机05_1581F7K3C251400CFB45/DJI_202609071530_001/DJI_20260907154204_0001_S.MP4,B90,uav-05,S,0.5,0,2026-09-07 15:42:05.070,52.70,1.00,31.289038,120.472883,50.700,79.0,-90.0,0.0,2026-09-07T07:42:05,-0.43
@raw/90_短视频_试拍_补拍/无人机05_1581F7K3C251400CFB45/DJI_202609071530_001/DJI_20260907154204_0001_S.MP4,B90,uav-05,S,1.45,30,2026-09-07 15:42:06.056,52.70,1.00,31.289038,120.472883,50.704,79.0,-90.0,0.0,2026-09-07T07:42:05,-0.394
@raw/90_短视频_试拍_补拍/无人机05_1581F7K3C251400CFB45/DJI_202609071530_001/DJI_20260907154204_0001_S.MP4,B90,uav-05,S,1.9,30,2026-09-07 15:42:06.056,52.70,1.00,31.289038,120.472883,50.704,79.0,-90.0,0.0,2026-09-07T07:42:05,-0.844
@raw/90_短视频_试拍_补拍/无人机05_1581F7K3C251400CFB45/DJI_202609071530_001/DJI_20260907160101_0002_S.MP4,B90,uav-05,S,0.5,0,2026-09-07 16:01:02.055,55.10,2.30,31.289302,120.472768,57.366,-178.4,-16.2,0.0,2026-09-07T08:01:02,-0.445
@raw/90_短视频_试拍_补拍/无人机05_1581F7K3C251400CFB45/DJI_202609071530_001/DJI_20260907160101_0002_S.MP4,B90,uav-05,S,26.4931335,780,2026-09-07 16:01:28.070,55.10,2.30,31.289302,120.472770,57.347,-178.3,-16.2,0.0,2026-09-07T08:01:02,-0.423133
@raw/90_短视频_试拍_补拍/无人机05_1581F7K3C251400CFB45/DJI_202609071530_001/DJI_20260907160101_0002_S.MP4,B90,uav-05,S,51.986267,1530,2026-09-07 16:01:53.099,55.10,2.30,31.289302,120.472771,57.472,-178.3,-16.2,0.0,2026-09-07T08:01:02,-0.887267
@raw/90_短视频_试拍_补拍/无人机05_1581F7K3C251400CFB45/DJI_202609071622_002/DJI_20260907162504_0001_S.MP4,B90,uav-05,S,0.5,0,2026-09-07 16:25:04.409,52.70,1.00,31.289044,120.472853,50.161,-92.5,0.0,0.0,2026-09-07T08:25:04,-0.091
@raw/90_短视频_试拍_补拍/无人机05_1581F7K3C251400CFB45/DJI_202609071622_002/DJI_20260907162504_0001_S.MP4,B90,uav-05,S,4.1666665,120,2026-09-07 16:25:08.393,52.70,1.00,31.289044,120.472853,50.195,-92.5,0.0,0.0,2026-09-07T08:25:04,0.226334
@raw/90_短视频_试拍_补拍/无人机05_1581F7K3C251400CFB45/DJI_202609071622_002/DJI_20260907162504_0001_S.MP4,B90,uav-05,S,7.333333,210,2026-09-07 16:25:11.397,52.70,1.00,31.289044,120.472852,50.242,-92.5,0.0,0.0,2026-09-07T08:25:04,0.063667
@raw/90_短视频_试拍_补拍/无人机05_1581F7K3C251400CFB45/DJI_202609071622_002/DJI_20260907162723_0002_S.MP4,B90,uav-05,S,0.5,0,2026-09-07 16:27:23.940,52.70,1.00,31.289047,120.472855,50.363,-92.4,0.0,0.0,2026-09-07T08:27:24,-0.56
@raw/90_短视频_试拍_补拍/无人机05_1581F7K3C251400CFB45/DJI_202609071622_002/DJI_20260907162723_0002_S.MP4,B90,uav-05,S,1.7166665,30,2026-09-07 16:27:24.910,52.70,1.00,31.289047,120.472855,50.360,-92.4,0.0,0.0,2026-09-07T08:27:24,-0.806667
@raw/90_短视频_试拍_补拍/无人机05_1581F7K3C251400CFB45/DJI_202609071622_002/DJI_20260907162723_0002_S.MP4,B90,uav-05,S,2.433333,60,2026-09-07 16:27:25.914,52.70,1.00,31.289047,120.472855,50.362,-92.4,0.0,0.0,2026-09-07T08:27:24,-0.519333
@raw/90_短视频_试拍_补拍/无人机05_1581F7K3C251400CFB45/DJI_202609071622_002/DJI_20260907162723_0002_V.MP4,B90,uav-05,V,0.5,0,2026-09-07 16:27:24.043,172.10,2.46,31.289047,120.472855,50.363,-92.4,0.0,0.0,2026-09-07T08:27:23,0.543
@raw/90_短视频_试拍_补拍/无人机05_1581F7K3C251400CFB45/DJI_202609071622_002/DJI_20260907162723_0002_V.MP4,B90,uav-05,V,1.6683335,30,2026-09-07 16:27:25.028,172.10,2.46,31.289047,120.472855,50.360,-92.4,0.0,0.0,2026-09-07T08:27:23,0.359667
@raw/90_短视频_试拍_补拍/无人机05_1581F7K3C251400CFB45/DJI_202609071622_002/DJI_20260907162723_0002_V.MP4,B90,uav-05,V,2.336667,60,2026-09-07 16:27:26.029,172.10,2.46,31.289047,120.472855,50.363,-92.4,0.0,0.0,2026-09-07T08:27:23,0.692333
@raw/90_短视频_试拍_补拍/无人机05_1581F7K3C251400CFB45/DJI_202609080912_003/DJI_20260908092228_0001_S.MP4,B90,uav-05,S,0.5,0,2026-09-08 09:22:29.219,54.00,2.25,31.289514,120.472946,63.399,-104.3,-30.6,0.0,2026-09-08T01:22:29,-0.281
@raw/90_短视频_试拍_补拍/无人机05_1581F7K3C251400CFB45/DJI_202609080912_003/DJI_20260908092228_0001_S.MP4,B90,uav-05,S,1.85185,30,2026-09-08 09:22:30.218,54.00,2.25,31.289514,120.472946,63.400,-104.3,-30.6,0.0,2026-09-08T01:22:29,-0.63385
@raw/90_短视频_试拍_补拍/无人机05_1581F7K3C251400CFB45/DJI_202609080912_003/DJI_20260908092228_0001_S.MP4,B90,uav-05,S,2.7037,60,2026-09-08 09:22:31.221,54.00,2.25,31.289514,120.472946,63.399,-104.3,-30.6,0.0,2026-09-08T01:22:29,-0.4827
@raw/90_短视频_试拍_补拍/无人机05_1581F7K3C251400CFB45/DJI_202609080912_003/DJI_20260908092228_0001_V.MP4,B90,uav-05,V,0.5,0,2026-09-08 09:22:29.279,54.00,2.25,31.289514,120.472946,63.399,-104.3,-30.6,0.0,2026-09-08T01:22:29,-0.221
@raw/90_短视频_试拍_补拍/无人机05_1581F7K3C251400CFB45/DJI_202609080912_003/DJI_20260908092228_0001_V.MP4,B90,uav-05,V,1.8184835,30,2026-09-08 09:22:30.277,54.00,2.25,31.289514,120.472946,63.401,-104.3,-30.6,0.0,2026-09-08T01:22:29,-0.541483
@raw/90_短视频_试拍_补拍/无人机05_1581F7K3C251400CFB45/DJI_202609080912_003/DJI_20260908092228_0001_V.MP4,B90,uav-05,V,2.636967,60,2026-09-08 09:22:31.280,54.00,2.25,31.289514,120.472946,63.400,-104.3,-30.6,0.0,2026-09-08T01:22:29,-0.356967
@raw/90_短视频_试拍_补拍/无人机06_1581F7K3C254N00D16Y8/DJI_202609071535_001/DJI_20260907155637_0001_S.MP4,B90,uav-06,S,0.5,0,2026-09-07 15:56:38.330,54.50,2.27,31.289236,120.472719,68.005,157.6,-51.2,0.0,2026-09-07T07:56:38,-0.17
@raw/90_短视频_试拍_补拍/无人机06_1581F7K3C254N00D16Y8/DJI_202609071535_001/DJI_20260907155637_0001_S.MP4,B90,uav-06,S,2.9863165,60,2026-09-07 15:56:40.310,54.50,2.27,31.289236,120.472718,68.004,157.6,-51.2,0.0,2026-09-07T07:56:38,-0.676316
@raw/90_短视频_试拍_补拍/无人机06_1581F7K3C254N00D16Y8/DJI_202609071535_001/DJI_20260907155637_0001_S.MP4,B90,uav-06,S,4.972633,120,2026-09-07 15:56:42.310,54.50,2.27,31.289236,120.472718,68.006,157.6,-51.2,0.0,2026-09-07T07:56:38,-0.662633
@raw/90_短视频_试拍_补拍/无人机06_1581F7K3C254N00D16Y8/DJI_202609071535_001/DJI_20260907155637_0001_V.MP4,B90,uav-06,V,0.5,0,2026-09-07 15:56:38.386,54.50,2.27,31.289236,120.472719,68.005,157.6,-51.2,0.0,2026-09-07T07:56:38,-0.114
@raw/90_短视频_试拍_补拍/无人机06_1581F7K3C254N00D16Y8/DJI_202609071535_001/DJI_20260907155637_0001_V.MP4,B90,uav-06,V,2.9696335,60,2026-09-07 15:56:40.338,54.50,2.27,31.289236,120.472718,68.004,157.6,-51.2,0.0,2026-09-07T07:56:38,-0.631634
@raw/90_短视频_试拍_补拍/无人机06_1581F7K3C254N00D16Y8/DJI_202609071535_001/DJI_20260907155637_0001_V.MP4,B90,uav-06,V,4.939267,120,2026-09-07 15:56:42.341,54.50,2.27,31.289236,120.472718,68.006,157.6,-51.2,0.0,2026-09-07T07:56:38,-0.598267
@raw/90_短视频_试拍_补拍/无人机06_1581F7K3C254N00D16Y8/DJI_202609080910_002/DJI_20260908092133_0001_S.MP4,B90,uav-06,S,0.5,0,2026-09-08 09:21:33.580,52.90,2.20,31.289575,120.472736,59.273,146.9,-49.6,0.0,2026-09-08T01:21:33,0.08
@raw/90_短视频_试拍_补拍/无人机06_1581F7K3C254N00D16Y8/DJI_202609080910_002/DJI_20260908092133_0001_S.MP4,B90,uav-06,S,1.8852165,30,2026-09-08 09:21:34.564,52.90,2.20,31.289575,120.472736,59.268,146.9,-49.6,0.0,2026-09-08T01:21:33,-0.321217
@raw/90_短视频_试拍_补拍/无人机06_1581F7K3C254N00D16Y8/DJI_202609080910_002/DJI_20260908092133_0001_S.MP4,B90,uav-06,S,2.770433,60,2026-09-08 09:21:35.565,52.90,2.20,31.289575,120.472737,59.273,146.9,-49.6,0.0,2026-09-08T01:21:33,-0.205433
@raw/90_短视频_试拍_补拍/无人机06_1581F7K3C254N00D16Y8/DJI_202609080910_002/DJI_20260908092133_0001_V.MP4,B90,uav-06,V,0.5,0,2026-09-08 09:21:33.536,52.90,2.20,31.289575,120.472736,59.273,146.9,-49.6,0.0,2026-09-08T01:21:33,0.036
@raw/90_短视频_试拍_补拍/无人机06_1581F7K3C254N00D16Y8/DJI_202609080910_002/DJI_20260908092133_0001_V.MP4,B90,uav-06,V,1.9019,30,2026-09-08 09:21:34.525,52.90,2.20,31.289575,120.472736,59.268,146.9,-49.6,0.0,2026-09-08T01:21:33,-0.3769
@raw/90_短视频_试拍_补拍/无人机06_1581F7K3C254N00D16Y8/DJI_202609080910_002/DJI_20260908092133_0001_V.MP4,B90,uav-06,V,2.8038,60,2026-09-08 09:21:35.525,52.90,2.20,31.289575,120.472737,59.272,146.9,-49.6,0.0,2026-09-08T01:21:33,-0.2788
@raw/90_短视频_试拍_补拍/无人机06_1581F7K3C254N00D16Y8/DJI_202609080946_003/DJI_20260908102508_0002_S.MP4,B90,uav-06,S,0.5,0,2026-09-08 10:25:08.928,24.00,1.00,31.289418,120.472888,51.802,-150.4,-3.5,0.2,2026-09-08T02:25:09,-0.572
@raw/90_短视频_试拍_补拍/无人机06_1581F7K3C254N00D16Y8/DJI_202609080946_003/DJI_20260908102508_0002_S.MP4,B90,uav-06,S,89.9065,2670,2026-09-08 10:26:37.966,24.00,1.00,31.289416,120.472889,51.004,-150.4,-3.2,0.2,2026-09-08T02:25:09,-0.9405
@raw/90_短视频_试拍_补拍/无人机06_1581F7K3C254N00D16Y8/DJI_202609080946_003/DJI_20260908102508_0002_S.MP4,B90,uav-06,S,178.813,5340,2026-09-08 10:28:07.066,24.00,1.00,31.289420,120.472894,51.641,74.7,-14.0,59.5,2026-09-08T02:25:09,-0.747
@raw/90_短视频_试拍_补拍/无人机06_1581F7K3C254N00D16Y8/DJI_202609080946_003/DJI_20260908102508_0002_V.MP4,B90,uav-06,V,0.5,0,2026-09-08 10:25:08.861,24.00,1.00,31.289418,120.472888,51.805,-150.4,-3.5,0.2,2026-09-08T02:25:08,0.361
@raw/90_短视频_试拍_补拍/无人机06_1581F7K3C254N00D16Y8/DJI_202609080946_003/DJI_20260908102508_0002_V.MP4,B90,uav-06,V,89.84,2670,2026-09-08 10:26:37.927,24.00,1.00,31.289416,120.472889,51.004,-150.4,-3.2,0.2,2026-09-08T02:25:08,0.087
@raw/90_短视频_试拍_补拍/无人机06_1581F7K3C254N00D16Y8/DJI_202609080946_003/DJI_20260908102508_0002_V.MP4,B90,uav-06,V,178.68,5340,2026-09-08 10:28:07.025,24.00,1.00,31.289420,120.472894,51.641,70.6,-17.7,59.1,2026-09-08T02:25:08,0.345
@raw/90_短视频_试拍_补拍/无人机07_1581F7K3325B100AS0AG/DJI_202609080909_002/DJI_20260908092219_0001_S.MP4,B90,uav-07,S,0.5,0,2026-09-08 09:22:19.905,54.10,2.26,31.289556,120.472825,60.696,-162.2,-46.2,0.0,2026-09-08T01:22:20,-0.595
@raw/90_短视频_试拍_补拍/无人机07_1581F7K3325B100AS0AG/DJI_202609080909_002/DJI_20260908092219_0001_S.MP4,B90,uav-07,S,1.55155,30,2026-09-08 09:22:20.888,54.10,2.26,31.289556,120.472825,60.691,-162.2,-46.2,0.0,2026-09-08T01:22:20,-0.66355
@raw/90_短视频_试拍_补拍/无人机07_1581F7K3325B100AS0AG/DJI_202609080909_002/DJI_20260908092219_0001_S.MP4,B90,uav-07,S,2.1031,60,2026-09-08 09:22:21.886,54.10,2.26,31.289556,120.472825,60.695,-162.2,-46.2,0.0,2026-09-08T01:22:20,-0.2171
@raw/90_短视频_试拍_补拍/无人机07_1581F7K3325B100AS0AG/DJI_202609080909_002/DJI_20260908092219_0001_V.MP4,B90,uav-07,V,0.5,0,2026-09-08 09:22:19.881,54.10,2.26,31.289556,120.472825,60.696,-162.2,-46.2,0.0,2026-09-08T01:22:19,0.381
@raw/90_短视频_试拍_补拍/无人机07_1581F7K3325B100AS0AG/DJI_202609080909_002/DJI_20260908092219_0001_V.MP4,B90,uav-07,V,1.55155,30,2026-09-08 09:22:20.880,54.10,2.26,31.289556,120.472825,60.691,-162.2,-46.2,0.0,2026-09-08T01:22:19,0.32845
@raw/90_短视频_试拍_补拍/无人机07_1581F7K3325B100AS0AG/DJI_202609080909_002/DJI_20260908092219_0001_V.MP4,B90,uav-07,V,2.1031,60,2026-09-08 09:22:21.882,54.10,2.26,31.289556,120.472825,60.695,-162.2,-46.2,0.0,2026-09-08T01:22:19,0.7789
@raw/90_短视频_试拍_补拍/无人机07_1581F7K3325B100AS0AG/DJI_202609080909_002/DJI_20260908094144_0003_S.MP4,B90,uav-07,S,0.5,0,2026-09-08 09:41:44.609,54.10,2.25,31.289578,120.472773,67.650,163.1,-54.3,0.0,2026-09-08T01:41:44,0.109
@raw/90_短视频_试拍_补拍/无人机07_1581F7K3325B100AS0AG/DJI_202609080909_002/DJI_20260908094144_0003_S.MP4,B90,uav-07,S,76.076,2280,2026-09-08 09:43:00.661,54.10,2.25,31.289574,120.472769,67.164,161.4,-53.7,0.0,2026-09-08T01:41:44,0.585
@raw/90_短视频_试拍_补拍/无人机07_1581F7K3325B100AS0AG/DJI_202609080909_002/DJI_20260908094144_0003_S.MP4,B90,uav-07,S,151.152,4531,2026-09-08 09:44:15.740,54.10,2.25,31.289631,120.472758,67.806,169.4,-42.0,0.0,2026-09-08T01:41:44,0.588
@raw/90_短视频_试拍_补拍/无人机07_1581F7K3325B100AS0AG/DJI_202609080909_002/DJI_20260908094144_0003_V.MP4,B90,uav-07,V,0.5,0,2026-09-08 09:41:44.604,54.10,2.25,31.289578,120.472773,67.650,163.1,-54.3,0.0,2026-09-08T01:41:44,0.104
@raw/90_短视频_试拍_补拍/无人机07_1581F7K3325B100AS0AG/DJI_202609080909_002/DJI_20260908094144_0003_V.MP4,B90,uav-07,V,76.0926835,2280,2026-09-08 09:43:00.658,54.10,2.25,31.289574,120.472769,67.164,161.4,-53.7,0.0,2026-09-08T01:41:44,0.565316
@raw/90_短视频_试拍_补拍/无人机07_1581F7K3325B100AS0AG/DJI_202609080909_002/DJI_20260908094144_0003_V.MP4,B90,uav-07,V,151.185367,4532,2026-09-08 09:44:15.737,54.10,2.25,31.289631,120.472758,67.806,169.4,-42.0,0.0,2026-09-08T01:41:44,0.551633
@raw/90_短视频_试拍_补拍/无人机07_1581F7K3325B100AS0AG/DJI_202609080909_002/DJI_20260908094419_0004_S.MP4,B90,uav-07,S,0.5,0,2026-09-08 09:44:19.629,54.10,2.25,31.289633,120.472757,67.819,169.4,-41.6,0.0,2026-09-08T01:44:19,0.129
@raw/90_短视频_试拍_补拍/无人机07_1581F7K3325B100AS0AG/DJI_202609080909_002/DJI_20260908094419_0004_S.MP4,B90,uav-07,S,30.7307,900,2026-09-08 09:44:49.645,54.10,2.25,31.289541,120.472630,67.415,111.9,-39.7,0.0,2026-09-08T01:44:19,-0.0857
@raw/90_短视频_试拍_补拍/无人机07_1581F7K3325B100AS0AG/DJI_202609080909_002/DJI_20260908094419_0004_S.MP4,B90,uav-07,S,60.4614,1800,2026-09-08 09:45:19.672,54.10,2.25,31.289316,120.472738,72.029,19.1,-46.6,0.0,2026-09-08T01:44:19,0.2106
@raw/90_短视频_试拍_补拍/无人机07_1581F7K3325B100AS0AG/DJI_202609080909_002/DJI_20260908094419_0004_V.MP4,B90,uav-07,V,0.5,0,2026-09-08 09:44:19.625,54.10,2.25,31.289633,120.472757,67.819,169.4,-41.6,0.0,2026-09-08T01:44:19,0.125
@raw/90_短视频_试拍_补拍/无人机07_1581F7K3325B100AS0AG/DJI_202609080909_002/DJI_20260908094419_0004_V.MP4,B90,uav-07,V,30.7307,900,2026-09-08 09:44:49.637,54.10,2.25,31.289541,120.472630,67.415,111.9,-39.7,0.0,2026-09-08T01:44:19,-0.0937
@raw/90_短视频_试拍_补拍/无人机07_1581F7K3325B100AS0AG/DJI_202609080909_002/DJI_20260908094419_0004_V.MP4,B90,uav-07,V,60.4614,1800,2026-09-08 09:45:19.668,54.10,2.25,31.289316,120.472738,72.029,19.1,-46.6,0.0,2026-09-08T01:44:19,0.2066
@raw/90_短视频_试拍_补拍/无人机07_1581F7K3325B100AS0AG/DJI_202609081002_003/DJI_20260908101451_0002_S.MP4,B90,uav-07,S,0.5,0,2026-09-08 10:14:51.903,53.80,2.24,31.290131,120.472426,98.026,140.3,-48.9,0.0,2026-09-08T02:14:52,-0.597
@raw/90_短视频_试拍_补拍/无人机07_1581F7K3325B100AS0AG/DJI_202609081002_003/DJI_20260908101451_0002_S.MP4,B90,uav-07,S,73.6569165,2190,2026-09-08 10:16:04.975,53.80,2.24,31.290076,120.473007,84.017,-128.0,-39.1,0.0,2026-09-08T02:14:52,-0.681916
@raw/90_短视频_试拍_补拍/无人机07_1581F7K3325B100AS0AG/DJI_202609081002_003/DJI_20260908101451_0002_S.MP4,B90,uav-07,S,146.313833,4381,2026-09-08 10:17:18.036,53.80,2.24,31.289489,120.472528,70.920,15.3,-20.5,0.0,2026-09-08T02:14:52,-0.277833
@raw/90_短视频_试拍_补拍/无人机07_1581F7K3325B100AS0AG/DJI_202609081002_003/DJI_20260908101451_0002_V.MP4,B90,uav-07,V,0.5,0,2026-09-08 10:14:51.899,53.80,2.24,31.290131,120.472426,98.026,140.3,-48.9,0.0,2026-09-08T02:14:51,0.399
@raw/90_短视频_试拍_补拍/无人机07_1581F7K3325B100AS0AG/DJI_202609081002_003/DJI_20260908101451_0002_V.MP4,B90,uav-07,V,73.6736,2190,2026-09-08 10:16:04.967,53.80,2.24,31.290076,120.473007,84.017,-128.0,-39.1,0.0,2026-09-08T02:14:51,0.2934
@raw/90_短视频_试拍_补拍/无人机07_1581F7K3325B100AS0AG/DJI_202609081002_003/DJI_20260908101451_0002_V.MP4,B90,uav-07,V,146.3472,4382,2026-09-08 10:17:18.029,53.80,2.24,31.289489,120.472528,70.920,15.3,-20.5,0.0,2026-09-08T02:14:51,0.6818
@raw/90_短视频_试拍_补拍/无人机07_1581F7K3325B100AS0AG/DJI_202609081037_004/DJI_20260908103828_0001_S.MP4,B90,uav-07,S,0.5,0,2026-09-08 10:38:28.561,24.00,1.00,31.288809,120.472868,58.457,-97.6,-47.8,0.0,2026-09-08T02:38:28,0.061
@raw/90_短视频_试拍_补拍/无人机07_1581F7K3325B100AS0AG/DJI_202609081037_004/DJI_20260908103828_0001_S.MP4,B90,uav-07,S,23.2899335,690,2026-09-08 10:38:52.004,24.00,1.00,31.288817,120.472715,58.574,111.2,-61.9,0.0,2026-09-08T02:38:28,0.714066
@raw/90_短视频_试拍_补拍/无人机07_1581F7K3325B100AS0AG/DJI_202609081037_004/DJI_20260908103828_0001_S.MP4,B90,uav-07,S,45.579867,1350,2026-09-08 10:39:14.024,24.00,1.00,31.288822,120.472757,57.388,138.8,-71.9,0.0,2026-09-08T02:38:28,0.444133
@raw/90_短视频_试拍_补拍/无人机07_1581F7K3325B100AS0AG/DJI_202609081037_004/DJI_20260908103828_0001_V.MP4,B90,uav-07,V,0.5,0,2026-09-08 10:38:28.516,24.00,1.00,31.288809,120.472868,58.457,-97.6,-47.8,0.0,2026-09-08T02:38:28,0.016
@raw/90_短视频_试拍_补拍/无人机07_1581F7K3325B100AS0AG/DJI_202609081037_004/DJI_20260908103828_0001_V.MP4,B90,uav-07,V,23.2899335,690,2026-09-08 10:38:51.995,24.00,1.00,31.288818,120.472716,58.574,111.2,-61.9,0.0,2026-09-08T02:38:28,0.705066
@raw/90_短视频_试拍_补拍/无人机07_1581F7K3325B100AS0AG/DJI_202609081037_004/DJI_20260908103828_0001_V.MP4,B90,uav-07,V,45.579867,1350,2026-09-08 10:39:14.017,24.00,1.00,31.288822,120.472757,57.388,138.8,-71.9,0.0,2026-09-08T02:38:28,0.437133
@raw/90_短视频_试拍_补拍/无人机07_1581F7K3325B100AS0AG/DJI_202609081037_004/DJI_20260908104053_0002_S.MP4,B90,uav-07,S,0.5,0,2026-09-08 10:40:53.882,24.00,1.00,31.288811,120.472881,59.821,-99.9,-43.9,0.0,2026-09-08T02:40:54,-0.618
@raw/90_短视频_试拍_补拍/无人机07_1581F7K3325B100AS0AG/DJI_202609081037_004/DJI_20260908104053_0002_S.MP4,B90,uav-07,S,107.6909165,3210,2026-09-08 10:42:40.966,24.00,1.00,31.288711,120.472759,61.082,2.5,-51.5,0.0,2026-09-08T02:40:54,-0.724917
@raw/90_短视频_试拍_补拍/无人机07_1581F7K3325B100AS0AG/DJI_202609081037_004/DJI_20260908104053_0002_S.MP4,B90,uav-07,S,214.381833,6422,2026-09-08 10:44:28.080,24.00,1.00,31.288707,120.472787,62.212,-12.6,-51.6,0.0,2026-09-08T02:40:54,-0.301833
@raw/90_短视频_试拍_补拍/无人机07_1581F7K3325B100AS0AG/DJI_202609081037_004/DJI_20260908104053_0002_V.MP4,B90,uav-07,V,0.5,0,2026-09-08 10:40:53.860,24.00,1.00,31.288811,120.472881,59.821,-99.7,-43.9,0.0,2026-09-08T02:40:53,0.36
@raw/90_短视频_试拍_补拍/无人机07_1581F7K3325B100AS0AG/DJI_202609081037_004/DJI_20260908104053_0002_V.MP4,B90,uav-07,V,107.7076,3210,2026-09-08 10:42:40.962,24.00,1.00,31.288711,120.472759,61.082,2.5,-51.5,0.0,2026-09-08T02:40:53,0.2544
@raw/90_短视频_试拍_补拍/无人机07_1581F7K3325B100AS0AG/DJI_202609081037_004/DJI_20260908104053_0002_V.MP4,B90,uav-07,V,214.4152,6421,2026-09-08 10:44:28.074,24.00,1.00,31.288707,120.472787,62.212,-10.1,-51.6,0.0,2026-09-08T02:40:53,0.6588
@raw/90_短视频_试拍_补拍/无人机09_1581F7K3C24CS00AX535/DJI_202609071543_001/DJI_20260907154450_0001_S.MP4,B90,uav-09,S,0.5,0,2026-09-07 15:44:50.842,52.70,1.00,31.288985,120.472894,52.250,86.6,0.0,0.0,2026-09-07T07:44:51,-0.658
@raw/90_短视频_试拍_补拍/无人机09_1581F7K3C24CS00AX535/DJI_202609071543_001/DJI_20260907154450_0001_S.MP4,B90,uav-09,S,0.9166665,0,2026-09-07 15:44:50.842,52.70,1.00,31.288985,120.472894,52.250,86.6,0.0,0.0,2026-09-07T07:44:51,-1.074666
@raw/90_短视频_试拍_补拍/无人机09_1581F7K3C24CS00AX535/DJI_202609071543_001/DJI_20260907154450_0001_S.MP4,B90,uav-09,S,0.8333330000000001,0,2026-09-07 15:44:50.842,52.70,1.00,31.288985,120.472894,52.250,86.6,0.0,0.0,2026-09-07T07:44:51,-0.991333
@raw/90_短视频_试拍_补拍/无人机09_1581F7K3C24CS00AX535/DJI_202609071543_001/DJI_20260907154450_0001_V.MP4,B90,uav-09,V,0.5,0,2026-09-07 15:44:50.798,24.00,1.00,31.288985,120.472894,52.250,86.6,0.0,0.0,2026-09-07T07:44:50,0.298
@raw/90_短视频_试拍_补拍/无人机09_1581F7K3C24CS00AX535/DJI_202609071543_001/DJI_20260907154450_0001_V.MP4,B90,uav-09,V,0.9342665,0,2026-09-07 15:44:50.798,24.00,1.00,31.288985,120.472894,52.250,86.6,0.0,0.0,2026-09-07T07:44:50,-0.136266
@raw/90_短视频_试拍_补拍/无人机09_1581F7K3C24CS00AX535/DJI_202609071543_001/DJI_20260907154450_0001_V.MP4,B90,uav-09,V,0.868533,0,2026-09-07 15:44:50.798,24.00,1.00,31.288985,120.472894,52.250,86.6,0.0,0.0,2026-09-07T07:44:50,-0.070533
@raw/90_短视频_试拍_补拍/无人机09_1581F7K3C24CS00AX535/DJI_202609080915_003/DJI_20260908092155_0001_S.MP4,B90,uav-09,S,0.5,0,2026-09-08 09:21:56.142,53.30,2.22,31.289368,120.472645,80.051,52.2,-54.6,0.0,2026-09-08T01:21:56,-0.358
@raw/90_短视频_试拍_补拍/无人机09_1581F7K3C24CS00AX535/DJI_202609080915_003/DJI_20260908092155_0001_S.MP4,B90,uav-09,S,1.8351665,30,2026-09-08 09:21:57.084,53.30,2.22,31.289368,120.472644,80.053,52.2,-54.6,0.0,2026-09-08T01:21:56,-0.751166
@raw/90_短视频_试拍_补拍/无人机09_1581F7K3C24CS00AX535/DJI_202609080915_003/DJI_20260908092155_0001_S.MP4,B90,uav-09,S,2.670333,60,2026-09-08 09:21:58.084,53.30,2.22,31.289368,120.472644,80.053,52.2,-54.6,0.0,2026-09-08T01:21:56,-0.586333
@raw/90_短视频_试拍_补拍/无人机09_1581F7K3C24CS00AX535/DJI_202609080915_003/DJI_20260908092155_0001_V.MP4,B90,uav-09,V,0.5,0,2026-09-08 09:21:56.070,53.30,2.22,31.289368,120.472645,80.051,52.2,-54.6,0.0,2026-09-08T01:21:56,-0.43
@raw/90_短视频_试拍_补拍/无人机09_1581F7K3C24CS00AX535/DJI_202609080915_003/DJI_20260908092155_0001_V.MP4,B90,uav-09,V,1.85185,30,2026-09-08 09:21:57.047,53.30,2.22,31.289368,120.472644,80.053,52.2,-54.6,0.0,2026-09-08T01:21:56,-0.80485
@raw/90_短视频_试拍_补拍/无人机09_1581F7K3C24CS00AX535/DJI_202609080915_003/DJI_20260908092155_0001_V.MP4,B90,uav-09,V,2.7037,60,2026-09-08 09:21:58.048,53.30,2.22,31.289368,120.472644,80.053,52.2,-54.6,0.0,2026-09-08T01:21:56,-0.6557
@raw/90_短视频_试拍_补拍/无人机09_1581F7K3C24CS00AX535/DJI_202609080915_003/DJI_20260908092311_0003_S.MP4,B90,uav-09,S,0.5,0,2026-09-08 09:23:11.903,53.30,2.22,31.289370,120.472646,80.062,52.2,-54.6,0.0,2026-09-08T01:23:12,-0.597
@raw/90_短视频_试拍_补拍/无人机09_1581F7K3C24CS00AX535/DJI_202609080915_003/DJI_20260908092311_0003_S.MP4,B90,uav-09,S,1.7183835,30,2026-09-08 09:23:12.887,53.30,2.22,31.289369,120.472646,80.061,52.2,-54.6,0.0,2026-09-08T01:23:12,-0.831384
@raw/90_短视频_试拍_补拍/无人机09_1581F7K3C24CS00AX535/DJI_202609080915_003/DJI_20260908092311_0003_S.MP4,B90,uav-09,S,2.436767,60,2026-09-08 09:23:13.888,53.30,2.22,31.289369,120.472646,80.059,52.2,-54.6,0.0,2026-09-08T01:23:12,-0.548767
@raw/90_短视频_试拍_补拍/无人机09_1581F7K3C24CS00AX535/DJI_202609080915_003/DJI_20260908092311_0003_V.MP4,B90,uav-09,V,0.5,0,2026-09-08 09:23:11.819,53.30,2.22,31.289370,120.472646,80.062,52.2,-54.6,0.0,2026-09-08T01:23:11,0.319
@raw/90_短视频_试拍_补拍/无人机09_1581F7K3C24CS00AX535/DJI_202609080915_003/DJI_20260908092311_0003_V.MP4,B90,uav-09,V,1.7684335,30,2026-09-08 09:23:12.818,53.30,2.22,31.289369,120.472646,80.061,52.2,-54.6,0.0,2026-09-08T01:23:11,0.049566
@raw/90_短视频_试拍_补拍/无人机09_1581F7K3C24CS00AX535/DJI_202609080915_003/DJI_20260908092311_0003_V.MP4,B90,uav-09,V,2.536867,60,2026-09-08 09:23:13.818,53.30,2.22,31.289369,120.472646,80.059,52.2,-54.6,0.0,2026-09-08T01:23:11,0.281133
@raw/90_短视频_试拍_补拍/无人机09_1581F7K3C24CS00AX535/DJI_202609081039_006/DJI_20260908104445_0001_S.MP4,B90,uav-09,S,0.5,0,2026-09-08 10:44:46.274,54.60,2.27,31.288570,120.472405,117.533,39.6,-64.2,0.0,2026-09-08T02:44:46,-0.226
@raw/90_短视频_试拍_补拍/无人机09_1581F7K3C24CS00AX535/DJI_202609081039_006/DJI_20260908104445_0001_S.MP4,B90,uav-09,S,0.85085,0,2026-09-08 10:44:46.274,54.60,2.27,31.288570,120.472405,117.533,39.6,-64.2,0.0,2026-09-08T02:44:46,-0.57685
@raw/90_短视频_试拍_补拍/无人机09_1581F7K3C24CS00AX535/DJI_202609081039_006/DJI_20260908104445_0001_S.MP4,B90,uav-09,S,0.7017,0,2026-09-08 10:44:46.274,54.60,2.27,31.288570,120.472405,117.533,39.6,-64.2,0.0,2026-09-08T02:44:46,-0.4277
@raw/90_短视频_试拍_补拍/无人机09_1581F7K3C24CS00AX535/DJI_202609081039_006/DJI_20260908104445_0001_V.MP4,B90,uav-09,V,0.5,0,2026-09-08 10:44:46.215,54.60,2.27,31.288570,120.472405,117.533,39.6,-64.2,0.0,2026-09-08T02:44:46,-0.285
@raw/90_短视频_试拍_补拍/无人机09_1581F7K3C24CS00AX535/DJI_202609081039_006/DJI_20260908104445_0001_V.MP4,B90,uav-09,V,0.8675335,0,2026-09-08 10:44:46.215,54.60,2.27,31.288570,120.472405,117.533,39.6,-64.2,0.0,2026-09-08T02:44:46,-0.652534
@raw/90_短视频_试拍_补拍/无人机09_1581F7K3C24CS00AX535/DJI_202609081039_006/DJI_20260908104445_0001_V.MP4,B90,uav-09,V,0.7350669999999999,0,2026-09-08 10:44:46.215,54.60,2.27,31.288570,120.472405,117.533,39.6,-64.2,0.0,2026-09-08T02:44:46,-0.520067
