batch,uav,session,recording_prefix,sample_index,s_path,v_path,t_path,s_pts_s,v_pts_s,s_wall_time,v_wall_time,t_wall_time,s_focal_len,s_zoom,v_focal_len,v_zoom,t_focal_len,t_zoom,s_v_focal_zoom_conflict
B1,uav-01,DJI_202609071553_002,DJI_20260907160207_0001,0,@raw/01_第一批_20260907_1602_单火点/01_正式视频/无人机01_1581F7K3C251800CYBVP/DJI_202609071553_002/DJI_20260907160207_0001_S.MP4,@raw/01_第一批_20260907_1602_单火点/01_正式视频/无人机01_1581F7K3C251800CYBVP/DJI_202609071553_002/DJI_20260907160207_0001_V.MP4,@raw/01_第一批_20260907_1602_单火点/01_正式视频/无人机01_1581F7K3C251800CYBVP/DJI_202609071553_002/DJI_20260907160207_0001_T.MP4,0.5,0.5,2026-09-07 16:02:07.501,2026-09-07 16:02:07.532,2026-09-07 16:02:07.462,53.30,2.22,53.30,2.22,52.70,1.00,0
B1,uav-01,DJI_202609071553_002,DJI_20260907160207_0001,1,@raw/01_第一批_20260907_1602_单火点/01_正式视频/无人机01_1581F7K3C251800CYBVP/DJI_202609071553_002/DJI_20260907160207_0001_S.MP4,@raw/01_第一批_20260907_1602_单火点/01_正式视频/无人机01_1581F7K3C251800CYBVP/DJI_202609071553_002/DJI_20260907160207_0001_V.MP4,@raw/01_第一批_20260907_1602_单火点/01_正式视频/无人机01_1581F7K3C251800CYBVP/DJI_202609071553_002/DJI_20260907160207_0001_T.MP4,452.3994165,452.3852665,2026-09-07 16:09:39.665,2026-09-07 16:09:38.954,2026-09-07 16:09:39.426,53.30,2.22,53.30,2.22,52.70,1.00,0
B1,uav-01,DJI_202609071553_002,DJI_20260907160207_0001,2,@raw/01_第一批_20260907_1602_单火点/01_正式视频/无人机01_1581F7K3C251800CYBVP/DJI_202609071553_002/DJI_20260907160207_0001_S.MP4,@raw/01_第一批_20260907_1602_单火点/01_正式视频/无人机01_1581F7K3C251800CYBVP/DJI_202609071553_002/DJI_20260907160207_0001_V.MP4,@raw/01_第一批_20260907_1602_单火点/01_正式视频/无人机01_1581F7K3C251800CYBVP/DJI_202609071553_002/DJI_20260907160207_0001_T.MP4,903.798833,903.770533,2026-09-07 16:17:11.092,2026-09-07 16:17:10.423,2026-09-07 16:17:10.439,53.30,2.22,53.30,2.22,52.70,1.00,0
B1,uav-02,DJI_202609071534_003,DJI_20260907160153_0005,0,@raw/01_第一批_20260907_1602_单火点/01_正式视频/无人机02_1581F7K3C267500D2DQD/DJI_202609071534_003/DJI_20260907160153_0005_S.MP4,@raw/01_第一批_20260907_1602_单火点/01_正式视频/无人机02_1581F7K3C267500D2DQD/DJI_202609071534_003/DJI_20260907160153_0005_V.MP4,@raw/01_第一批_20260907_1602_单火点/01_正式视频/无人机02_1581F7K3C267500D2DQD/DJI_202609071534_003/DJI_20260907160153_0005_T.MP4,0.5,0.5,2026-09-07 16:01:54.080,2026-09-07 16:01:54.072,2026-09-07 16:01:54.183,54.10,2.25,54.10,2.25,52.70,1.00,0
B1,uav-02,DJI_202609071534_003,DJI_20260907160153_0005,1,@raw/01_第一批_20260907_1602_单火点/01_正式视频/无人机02_1581F7K3C267500D2DQD/DJI_202609071534_003/DJI_20260907160153_0005_S.MP4,@raw/01_第一批_20260907_1602_单火点/01_正式视频/无人机02_1581F7K3C267500D2DQD/DJI_202609071534_003/DJI_20260907160153_0005_V.MP4,@raw/01_第一批_20260907_1602_单火点/01_正式视频/无人机02_1581F7K3C267500D2DQD/DJI_202609071534_003/DJI_20260907160153_0005_T.MP4,458.3014665,458.30785,2026-09-07 16:09:31.540,2026-09-07 16:09:31.537,2026-09-07 16:09:32.139,54.10,2.25,54.10,2.25,52.70,1.00,0
B1,uav-02,DJI_202609071534_003,DJI_20260907160153_0005,2,@raw/01_第一批_20260907_1602_单火点/01_正式视频/无人机02_1581F7K3C267500D2DQD/DJI_202609071534_003/DJI_20260907160153_0005_S.MP4,@raw/01_第一批_20260907_1602_单火点/01_正式视频/无人机02_1581F7K3C267500D2DQD/DJI_202609071534_003/DJI_20260907160153_0005_V.MP4,@raw/01_第一批_20260907_1602_单火点/01_正式视频/无人机02_1581F7K3C267500D2DQD/DJI_202609071534_003/DJI_20260907160153_0005_T.MP4,915.602933,915.6157,2026-09-07 16:17:08.958,2026-09-07 16:17:08.955,2026-09-07 16:17:09.089,54.10,2.25,54.10,2.25,52.70,1.00,0
B1,uav-04,DJI_202609071553_033,DJI_20260907160203_0002,0,@raw/01_第一批_20260907_1602_单火点/01_正式视频/无人机04_1581F7K33258900AP021/DJI_202609071553_033/DJI_20260907160203_0002_S.MP4,@raw/01_第一批_20260907_1602_单火点/01_正式视频/无人机04_1581F7K33258900AP021/DJI_202609071553_033/DJI_20260907160203_0002_V.MP4,@raw/01_第一批_20260907_1602_单火点/01_正式视频/无人机04_1581F7K33258900AP021/DJI_202609071553_033/DJI_20260907160203_0002_T.MP4,0.5,0.5,2026-09-07 16:02:03.788,2026-09-07 16:02:03.730,2026-09-07 16:02:03.766,52.70,1.00,55.30,2.30,52.70,1.00,1
B1,uav-04,DJI_202609071553_033,DJI_20260907160203_0002,1,@raw/01_第一批_20260907_1602_单火点/01_正式视频/无人机04_1581F7K33258900AP021/DJI_202609071553_033/DJI_20260907160203_0002_S.MP4,@raw/01_第一批_20260907_1602_单火点/01_正式视频/无人机04_1581F7K33258900AP021/DJI_202609071553_033/DJI_20260907160203_0002_V.MP4,@raw/01_第一批_20260907_1602_单火点/01_正式视频/无人机04_1581F7K33258900AP021/DJI_202609071553_033/DJI_20260907160203_0002_T.MP4,453.4802165,453.40295,2026-09-07 16:09:36.980,2026-09-07 16:09:36.185,2026-09-07 16:09:36.751,52.70,1.00,55.30,2.30,52.70,1.00,1
B1,uav-04,DJI_202609071553_033,DJI_20260907160203_0002,2,@raw/01_第一批_20260907_1602_单火点/01_正式视频/无人机04_1581F7K33258900AP021/DJI_202609071553_033/DJI_20260907160203_0002_S.MP4,@raw/01_第一批_20260907_1602_单火点/01_正式视频/无人机04_1581F7K33258900AP021/DJI_202609071553_033/DJI_20260907160203_0002_V.MP4,@raw/01_第一批_20260907_1602_单火点/01_正式视频/无人机04_1581F7K33258900AP021/DJI_202609071553_033/DJI_20260907160203_0002_T.MP4,905.960433,905.8059,2026-09-07 16:17:08.927,2026-09-07 16:17:08.646,2026-09-07 16:17:08.755,52.70,1.00,55.30,2.30,52.70,1.00,1
B1,uav-06,DJI_202609071535_001,DJI_20260907160153_0002,0,@raw/01_第一批_20260907_1602_单火点/01_正式视频/无人机06_1581F7K3C254N00D16Y8/DJI_202609071535_001/DJI_20260907160153_0002_S.MP4,@raw/01_第一批_20260907_1602_单火点/01_正式视频/无人机06_1581F7K3C254N00D16Y8/DJI_202609071535_001/DJI_20260907160153_0002_V.MP4,@raw/01_第一批_20260907_1602_单火点/01_正式视频/无人机06_1581F7K3C254N00D16Y8/DJI_202609071535_001/DJI_20260907160153_0002_T.MP4,0.5,0.5,2026-09-07 16:01:53.567,2026-09-07 16:01:53.543,2026-09-07 16:01:53.590,54.50,2.27,54.50,2.27,52.70,1.00,0
B1,uav-06,DJI_202609071535_001,DJI_20260907160153_0002,1,@raw/01_第一批_20260907_1602_单火点/01_正式视频/无人机06_1581F7K3C254N00D16Y8/DJI_202609071535_001/DJI_20260907160153_0002_S.MP4,@raw/01_第一批_20260907_1602_单火点/01_正式视频/无人机06_1581F7K3C254N00D16Y8/DJI_202609071535_001/DJI_20260907160153_0002_V.MP4,@raw/01_第一批_20260907_1602_单火点/01_正式视频/无人机06_1581F7K3C254N00D16Y8/DJI_202609071535_001/DJI_20260907160153_0002_T.MP4,457.78405,457.7739835,2026-09-07 16:09:30.848,2026-09-07 16:09:31.001,2026-09-07 16:09:30.576,52.70,1.00,24.00,1.00,52.70,1.00,1
B1,uav-06,DJI_202609071535_001,DJI_20260907160153_0002,2,@raw/01_第一批_20260907_1602_单火点/01_正式视频/无人机06_1581F7K3C254N00D16Y8/DJI_202609071535_001/DJI_20260907160153_0002_S.MP4,@raw/01_第一批_20260907_1602_单火点/01_正式视频/无人机06_1581F7K3C254N00D16Y8/DJI_202609071535_001/DJI_20260907160153_0002_V.MP4,@raw/01_第一批_20260907_1602_单火点/01_正式视频/无人机06_1581F7K3C254N00D16Y8/DJI_202609071535_001/DJI_20260907160153_0002_T.MP4,914.5681,914.547967,2026-09-07 16:17:07.856,2026-09-07 16:17:07.464,2026-09-07 16:17:07.596,52.70,1.00,24.00,1.00,52.70,1.00,1
B1,uav-07,DJI_202609071532_001,DJI_20260907160202_0005,0,@raw/01_第一批_20260907_1602_单火点/01_正式视频/无人机07_1581F7K3325B100AS0AG/DJI_202609071532_001/DJI_20260907160202_0005_S.MP4,@raw/01_第一批_20260907_1602_单火点/01_正式视频/无人机07_1581F7K3325B100AS0AG/DJI_202609071532_001/DJI_20260907160202_0005_V.MP4,@raw/01_第一批_20260907_1602_单火点/01_正式视频/无人机07_1581F7K3325B100AS0AG/DJI_202609071532_001/DJI_20260907160202_0005_T.MP4,0.5,0.5,2026-09-07 16:02:02.873,2026-09-07 16:02:02.915,2026-09-07 16:02:02.832,54.00,2.25,54.00,2.25,52.70,1.00,0
B1,uav-07,DJI_202609071532_001,DJI_20260907160202_0005,1,@raw/01_第一批_20260907_1602_单火点/01_正式视频/无人机07_1581F7K3325B100AS0AG/DJI_202609071532_001/DJI_20260907160202_0005_S.MP4,@raw/01_第一批_20260907_1602_单火点/01_正式视频/无人机07_1581F7K3325B100AS0AG/DJI_202609071532_001/DJI_20260907160202_0005_V.MP4,@raw/01_第一批_20260907_1602_单火点/01_正式视频/无人机07_1581F7K3325B100AS0AG/DJI_202609071532_001/DJI_20260907160202_0005_T.MP4,539.2474335,539.2053335,2026-09-07 16:11:01.955,2026-09-07 16:11:01.436,2026-09-07 16:11:01.780,52.70,1.00,54.00,2.25,52.70,1.00,1
B1,uav-07,DJI_202609071532_001,DJI_20260907160202_0005,2,@raw/01_第一批_20260907_1602_单火点/01_正式视频/无人机07_1581F7K3325B100AS0AG/DJI_202609071532_001/DJI_20260907160202_0005_S.MP4,@raw/01_第一批_20260907_1602_单火点/01_正式视频/无人机07_1581F7K3325B100AS0AG/DJI_202609071532_001/DJI_20260907160202_0005_V.MP4,@raw/01_第一批_20260907_1602_单火点/01_正式视频/无人机07_1581F7K3325B100AS0AG/DJI_202609071532_001/DJI_20260907160202_0005_T.MP4,1077.494867,1077.410667,2026-09-07 16:20:00.156,2026-09-07 16:19:59.981,2026-09-07 16:19:59.791,24.00,1.00,24.00,1.00,52.70,1.00,0
B1,uav-08,DJI_202609071536_001,DJI_20260907160201_0001,0,@raw/01_第一批_20260907_1602_单火点/01_正式视频/无人机08_1581F7K3C256N00DCP1T/DJI_202609071536_001/DJI_20260907160201_0001_S.MP4,@raw/01_第一批_20260907_1602_单火点/01_正式视频/无人机08_1581F7K3C256N00DCP1T/DJI_202609071536_001/DJI_20260907160201_0001_V.MP4,@raw/01_第一批_20260907_1602_单火点/01_正式视频/无人机08_1581F7K3C256N00DCP1T/DJI_202609071536_001/DJI_20260907160201_0001_T.MP4,0.5,0.5,2026-09-07 16:02:01.852,2026-09-07 16:02:01.853,2026-09-07 16:02:01.949,53.40,2.23,53.40,2.23,52.70,1.00,0
B1,uav-08,DJI_202609071536_001,DJI_20260907160201_0001,1,@raw/01_第一批_20260907_1602_单火点/01_正式视频/无人机08_1581F7K3C256N00DCP1T/DJI_202609071536_001/DJI_20260907160201_0001_S.MP4,@raw/01_第一批_20260907_1602_单火点/01_正式视频/无人机08_1581F7K3C256N00DCP1T/DJI_202609071536_001/DJI_20260907160201_0001_V.MP4,@raw/01_第一批_20260907_1602_单火点/01_正式视频/无人机08_1581F7K3C256N00DCP1T/DJI_202609071536_001/DJI_20260907160201_0001_T.MP4,500.6892165,500.7002,2026-09-07 16:10:22.041,2026-09-07 16:10:22.271,2026-09-07 16:10:21.938,53.40,2.23,53.40,2.23,52.70,1.00,0
B1,uav-08,DJI_202609071536_001,DJI_20260907160201_0001,2,@raw/01_第一批_20260907_1602_单火点/01_正式视频/无人机08_1581F7K3C256N00DCP1T/DJI_202609071536_001/DJI_20260907160201_0001_S.MP4,@raw/01_第一批_20260907_1602_单火点/01_正式视频/无人机08_1581F7K3C256N00DCP1T/DJI_202609071536_001/DJI_20260907160201_0001_V.MP4,@raw/01_第一批_20260907_1602_单火点/01_正式视频/无人机08_1581F7K3C256N00DCP1T/DJI_202609071536_001/DJI_20260907160201_0001_T.MP4,1000.378433,1000.4004,2026-09-07 16:18:41.474,2026-09-07 16:18:41.800,2026-09-07 16:18:41.972,24.00,1.00,24.00,1.00,52.70,1.00,0
B1,uav-09,DJI_202609071543_001,DJI_20260907160202_0003,0,@raw/01_第一批_20260907_1602_单火点/01_正式视频/无人机09_1581F7K3C24CS00AX535/DJI_202609071543_001/DJI_20260907160202_0003_S.MP4,@raw/01_第一批_20260907_1602_单火点/01_正式视频/无人机09_1581F7K3C24CS00AX535/DJI_202609071543_001/DJI_20260907160202_0003_V.MP4,@raw/01_第一批_20260907_1602_单火点/01_正式视频/无人机09_1581F7K3C24CS00AX535/DJI_202609071543_001/DJI_20260907160202_0003_T.MP4,0.5,0.5,2026-09-07 16:02:03.197,2026-09-07 16:02:03.174,2026-09-07 16:02:03.297,54.60,2.27,54.60,2.27,52.70,1.00,0
B1,uav-09,DJI_202609071543_001,DJI_20260907160202_0003,1,@raw/01_第一批_20260907_1602_单火点/01_正式视频/无人机09_1581F7K3C24CS00AX535/DJI_202609071543_001/DJI_20260907160202_0003_S.MP4,@raw/01_第一批_20260907_1602_单火点/01_正式视频/无人机09_1581F7K3C24CS00AX535/DJI_202609071543_001/DJI_20260907160202_0003_V.MP4,@raw/01_第一批_20260907_1602_单火点/01_正式视频/无人机09_1581F7K3C24CS00AX535/DJI_202609071543_001/DJI_20260907160202_0003_T.MP4,457.7340165,457.7573,2026-09-07 16:09:40.629,2026-09-07 16:09:40.625,2026-09-07 16:09:40.300,54.60,2.27,54.60,2.27,52.70,1.00,0
B1,uav-09,DJI_202609071543_001,DJI_20260907160202_0003,2,@raw/01_第一批_20260907_1602_单火点/01_正式视频/无人机09_1581F7K3C24CS00AX535/DJI_202609071543_001/DJI_20260907160202_0003_S.MP4,@raw/01_第一批_20260907_1602_单火点/01_正式视频/无人机09_1581F7K3C24CS00AX535/DJI_202609071543_001/DJI_20260907160202_0003_V.MP4,@raw/01_第一批_20260907_1602_单火点/01_正式视频/无人机09_1581F7K3C24CS00AX535/DJI_202609071543_001/DJI_20260907160202_0003_T.MP4,914.468033,914.5146,2026-09-07 16:17:17.085,2026-09-07 16:17:17.082,2026-09-07 16:17:17.293,54.60,2.27,54.60,2.27,52.70,1.00,0
B2,uav-01,DJI_202609080913_003,DJI_20260908092431_0003,0,@raw/02_第二批_20260908_0924_单火点/01_正式视频/无人机01_1581F7K3C251800CYBVP/DJI_202609080913_003/DJI_20260908092431_0003_S.MP4,@raw/02_第二批_20260908_0924_单火点/01_正式视频/无人机01_1581F7K3C251800CYBVP/DJI_202609080913_003/DJI_20260908092431_0003_V.MP4,@raw/02_第二批_20260908_0924_单火点/01_正式视频/无人机01_1581F7K3C251800CYBVP/DJI_202609080913_003/DJI_20260908092431_0003_T.MP4,0.5,0.5,2026-09-08 09:24:31.860,2026-09-08 09:24:31.837,2026-09-08 09:24:31.931,53.60,2.23,53.60,2.23,52.70,1.00,0
B2,uav-01,DJI_202609080913_003,DJI_20260908092431_0003,1,@raw/02_第二批_20260908_0924_单火点/01_正式视频/无人机01_1581F7K3C251800CYBVP/DJI_202609080913_003/DJI_20260908092431_0003_S.MP4,@raw/02_第二批_20260908_0924_单火点/01_正式视频/无人机01_1581F7K3C251800CYBVP/DJI_202609080913_003/DJI_20260908092431_0003_V.MP4,@raw/02_第二批_20260908_0924_单火点/01_正式视频/无人机01_1581F7K3C251800CYBVP/DJI_202609080913_003/DJI_20260908092431_0003_T.MP4,496.1122835,496.1122835,2026-09-08 09:32:47.342,2026-09-08 09:32:47.339,2026-09-08 09:32:47.916,53.60,2.23,53.60,2.23,52.70,1.00,0
B2,uav-01,DJI_202609080913_003,DJI_20260908092431_0003,2,@raw/02_第二批_20260908_0924_单火点/01_正式视频/无人机01_1581F7K3C251800CYBVP/DJI_202609080913_003/DJI_20260908092431_0003_S.MP4,@raw/02_第二批_20260908_0924_单火点/01_正式视频/无人机01_1581F7K3C251800CYBVP/DJI_202609080913_003/DJI_20260908092431_0003_V.MP4,@raw/02_第二批_20260908_0924_单火点/01_正式视频/无人机01_1581F7K3C251800CYBVP/DJI_202609080913_003/DJI_20260908092431_0003_T.MP4,991.224567,991.224567,2026-09-08 09:41:02.861,2026-09-08 09:41:02.854,2026-09-08 09:41:02.934,53.60,2.23,53.60,2.23,52.70,1.00,0
B2,uav-02,DJI_202609080909_004,DJI_20260908092422_0002,0,@raw/02_第二批_20260908_0924_单火点/01_正式视频/无人机02_1581F7K3C267500D2DQD/DJI_202609080909_004/DJI_20260908092422_0002_S.MP4,@raw/02_第二批_20260908_0924_单火点/01_正式视频/无人机02_1581F7K3C267500D2DQD/DJI_202609080909_004/DJI_20260908092422_0002_V.MP4,@raw/02_第二批_20260908_0924_单火点/01_正式视频/无人机02_1581F7K3C267500D2DQD/DJI_202609080909_004/DJI_20260908092422_0002_T.MP4,0.5,0.5,2026-09-08 09:24:22.749,2026-09-08 09:24:22.660,2026-09-08 09:24:22.748,53.80,2.24,53.80,2.24,52.70,1.00,0
B2,uav-02,DJI_202609080909_004,DJI_20260908092422_0002,1,@raw/02_第二批_20260908_0924_单火点/01_正式视频/无人机02_1581F7K3C267500D2DQD/DJI_202609080909_004/DJI_20260908092422_0002_S.MP4,@raw/02_第二批_20260908_0924_单火点/01_正式视频/无人机02_1581F7K3C267500D2DQD/DJI_202609080909_004/DJI_20260908092422_0002_V.MP4,@raw/02_第二批_20260908_0924_单火点/01_正式视频/无人机02_1581F7K3C267500D2DQD/DJI_202609080909_004/DJI_20260908092422_0002_T.MP4,501.4119835,501.4676335,2026-09-08 09:32:44.020,2026-09-08 09:32:43.163,2026-09-08 09:32:43.681,52.70,1.00,53.80,2.24,52.70,1.00,1
B2,uav-02,DJI_202609080909_004,DJI_20260908092422_0002,2,@raw/02_第二批_20260908_0924_单火点/01_正式视频/无人机02_1581F7K3C267500D2DQD/DJI_202609080909_004/DJI_20260908092422_0002_S.MP4,@raw/02_第二批_20260908_0924_单火点/01_正式视频/无人机02_1581F7K3C267500D2DQD/DJI_202609080909_004/DJI_20260908092422_0002_V.MP4,@raw/02_第二批_20260908_0924_单火点/01_正式视频/无人机02_1581F7K3C267500D2DQD/DJI_202609080909_004/DJI_20260908092422_0002_T.MP4,1001.823967,1001.935267,2026-09-08 09:41:04.028,2026-09-08 09:41:03.680,2026-09-08 09:41:03.691,52.70,1.00,53.80,2.24,52.70,1.00,1
B2,uav-03,DJI_202609080916_004,DJI_20260908092454_0002,0,@raw/02_第二批_20260908_0924_单火点/01_正式视频/无人机03_1581F7K3C255900D76E8/DJI_202609080916_004/DJI_20260908092454_0002_S.MP4,@raw/02_第二批_20260908_0924_单火点/01_正式视频/无人机03_1581F7K3C255900D76E8/DJI_202609080916_004/DJI_20260908092454_0002_V.MP4,@raw/02_第二批_20260908_0924_单火点/01_正式视频/无人机03_1581F7K3C255900D76E8/DJI_202609080916_004/DJI_20260908092454_0002_T.MP4,0.5,0.5,2026-09-08 09:24:54.665,2026-09-08 09:24:54.559,2026-09-08 09:24:54.730,24.00,1.00,24.00,1.00,52.70,1.00,0
B2,uav-03,DJI_202609080916_004,DJI_20260908092454_0002,1,@raw/02_第二批_20260908_0924_单火点/01_正式视频/无人机03_1581F7K3C255900D76E8/DJI_202609080916_004/DJI_20260908092454_0002_S.MP4,@raw/02_第二批_20260908_0924_单火点/01_正式视频/无人机03_1581F7K3C255900D76E8/DJI_202609080916_004/DJI_20260908092454_0002_V.MP4,@raw/02_第二批_20260908_0924_单火点/01_正式视频/无人机03_1581F7K3C255900D76E8/DJI_202609080916_004/DJI_20260908092454_0002_T.MP4,505.45675,505.4883165,2026-09-08 09:33:19.153,2026-09-08 09:33:19.082,2026-09-08 09:33:19.724,24.00,1.00,24.00,1.00,52.70,1.00,0
B2,uav-03,DJI_202609080916_004,DJI_20260908092454_0002,2,@raw/02_第二批_20260908_0924_单火点/01_正式视频/无人机03_1581F7K3C255900D76E8/DJI_202609080916_004/DJI_20260908092454_0002_S.MP4,@raw/02_第二批_20260908_0924_单火点/01_正式视频/无人机03_1581F7K3C255900D76E8/DJI_202609080916_004/DJI_20260908092454_0002_V.MP4,@raw/02_第二批_20260908_0924_单火点/01_正式视频/无人机03_1581F7K3C255900D76E8/DJI_202609080916_004/DJI_20260908092454_0002_T.MP4,1009.9135,1009.976633,2026-09-08 09:41:43.642,2026-09-08 09:41:43.601,2026-09-08 09:41:43.744,24.00,1.00,24.00,1.00,52.70,1.00,0
B2,uav-04,DJI_202609080915_034,DJI_20260908092436_0002,0,@raw/02_第二批_20260908_0924_单火点/01_正式视频/无人机04_1581F7K33258900AP021/DJI_202609080915_034/DJI_20260908092436_0002_S.MP4,@raw/02_第二批_20260908_0924_单火点/01_正式视频/无人机04_1581F7K33258900AP021/DJI_202609080915_034/DJI_20260908092436_0002_V.MP4,@raw/02_第二批_20260908_0924_单火点/01_正式视频/无人机04_1581F7K33258900AP021/DJI_202609080915_034/DJI_20260908092436_0002_T.MP4,0.5,0.5,2026-09-08 09:24:36.578,2026-09-08 09:24:36.480,2026-09-08 09:24:36.537,55.00,2.29,55.00,2.29,52.70,1.00,0
B2,uav-04,DJI_202609080915_034,DJI_20260908092436_0002,1,@raw/02_第二批_20260908_0924_单火点/01_正式视频/无人机04_1581F7K33258900AP021/DJI_202609080915_034/DJI_20260908092436_0002_S.MP4,@raw/02_第二批_20260908_0924_单火点/01_正式视频/无人机04_1581F7K33258900AP021/DJI_202609080915_034/DJI_20260908092436_0002_V.MP4,@raw/02_第二批_20260908_0924_单火点/01_正式视频/无人机04_1581F7K33258900AP021/DJI_202609080915_034/DJI_20260908092436_0002_T.MP4,497.1117335,497.14665,2026-09-08 09:32:52.832,2026-09-08 09:32:52.963,2026-09-08 09:32:53.511,55.00,2.29,55.00,2.29,52.70,1.00,0
B2,uav-04,DJI_202609080915_034,DJI_20260908092436_0002,2,@raw/02_第二批_20260908_0924_单火点/01_正式视频/无人机04_1581F7K33258900AP021/DJI_202609080915_034/DJI_20260908092436_0002_S.MP4,@raw/02_第二批_20260908_0924_单火点/01_正式视频/无人机04_1581F7K33258900AP021/DJI_202609080915_034/DJI_20260908092436_0002_V.MP4,@raw/02_第二批_20260908_0924_单火点/01_正式视频/无人机04_1581F7K33258900AP021/DJI_202609080915_034/DJI_20260908092436_0002_T.MP4,993.223467,993.2933,2026-09-08 09:41:09.340,2026-09-08 09:41:09.470,2026-09-08 09:41:09.525,55.00,2.29,55.00,2.29,52.70,1.00,0
B2,uav-05,DJI_202609080912_003,DJI_20260908092427_0002,0,@raw/02_第二批_20260908_0924_单火点/01_正式视频/无人机05_1581F7K3C251400CFB45/DJI_202609080912_003/DJI_20260908092427_0002_S.MP4,@raw/02_第二批_20260908_0924_单火点/01_正式视频/无人机05_1581F7K3C251400CFB45/DJI_202609080912_003/DJI_20260908092427_0002_V.MP4,@raw/02_第二批_20260908_0924_单火点/01_正式视频/无人机05_1581F7K3C251400CFB45/DJI_202609080912_003/DJI_20260908092427_0002_T.MP4,0.5,0.5,2026-09-08 09:24:28.021,2026-09-08 09:24:27.964,2026-09-08 09:24:27.992,54.00,2.25,54.00,2.25,52.70,1.00,0
B2,uav-05,DJI_202609080912_003,DJI_20260908092427_0002,1,@raw/02_第二批_20260908_0924_单火点/01_正式视频/无人机05_1581F7K3C251400CFB45/DJI_202609080912_003/DJI_20260908092427_0002_S.MP4,@raw/02_第二批_20260908_0924_单火点/01_正式视频/无人机05_1581F7K3C251400CFB45/DJI_202609080912_003/DJI_20260908092427_0002_V.MP4,@raw/02_第二批_20260908_0924_单火点/01_正式视频/无人机05_1581F7K3C251400CFB45/DJI_202609080912_003/DJI_20260908092427_0002_T.MP4,498.8650335,498.8984,2026-09-08 09:32:46.503,2026-09-08 09:32:46.434,2026-09-08 09:32:45.943,54.00,2.25,54.00,2.25,52.70,1.00,0
B2,uav-05,DJI_202609080912_003,DJI_20260908092427_0002,2,@raw/02_第二批_20260908_0924_单火点/01_正式视频/无人机05_1581F7K3C251400CFB45/DJI_202609080912_003/DJI_20260908092427_0002_S.MP4,@raw/02_第二批_20260908_0924_单火点/01_正式视频/无人机05_1581F7K3C251400CFB45/DJI_202609080912_003/DJI_20260908092427_0002_V.MP4,@raw/02_第二批_20260908_0924_单火点/01_正式视频/无人机05_1581F7K3C251400CFB45/DJI_202609080912_003/DJI_20260908092427_0002_T.MP4,996.730067,996.7968,2026-09-08 09:41:04.020,2026-09-08 09:41:03.944,2026-09-08 09:41:03.955,54.00,2.25,54.00,2.25,52.70,1.00,0
B2,uav-06,DJI_202609080910_002,DJI_20260908092438_0002,0,@raw/02_第二批_20260908_0924_单火点/01_正式视频/无人机06_1581F7K3C254N00D16Y8/DJI_202609080910_002/DJI_20260908092438_0002_S.MP4,@raw/02_第二批_20260908_0924_单火点/01_正式视频/无人机06_1581F7K3C254N00D16Y8/DJI_202609080910_002/DJI_20260908092438_0002_V.MP4,@raw/02_第二批_20260908_0924_单火点/01_正式视频/无人机06_1581F7K3C254N00D16Y8/DJI_202609080910_002/DJI_20260908092438_0002_T.MP4,0.5,0.5,2026-09-08 09:24:38.722,2026-09-08 09:24:38.686,2026-09-08 09:24:38.665,52.80,2.20,52.80,2.20,52.70,1.00,0
B2,uav-06,DJI_202609080910_002,DJI_20260908092438_0002,1,@raw/02_第二批_20260908_0924_单火点/01_正式视频/无人机06_1581F7K3C254N00D16Y8/DJI_202609080910_002/DJI_20260908092438_0002_S.MP4,@raw/02_第二批_20260908_0924_单火点/01_正式视频/无人机06_1581F7K3C254N00D16Y8/DJI_202609080910_002/DJI_20260908092438_0002_V.MP4,@raw/02_第二批_20260908_0924_单火点/01_正式视频/无人机06_1581F7K3C254N00D16Y8/DJI_202609080910_002/DJI_20260908092438_0002_T.MP4,497.9975,498.0141835,2026-09-08 09:32:56.210,2026-09-08 09:32:56.172,2026-09-08 09:32:56.684,52.80,2.20,52.80,2.20,52.70,1.00,0
B2,uav-06,DJI_202609080910_002,DJI_20260908092438_0002,2,@raw/02_第二批_20260908_0924_单火点/01_正式视频/无人机06_1581F7K3C254N00D16Y8/DJI_202609080910_002/DJI_20260908092438_0002_S.MP4,@raw/02_第二批_20260908_0924_单火点/01_正式视频/无人机06_1581F7K3C254N00D16Y8/DJI_202609080910_002/DJI_20260908092438_0002_V.MP4,@raw/02_第二批_20260908_0924_单火点/01_正式视频/无人机06_1581F7K3C254N00D16Y8/DJI_202609080910_002/DJI_20260908092438_0002_T.MP4,994.995,995.028367,2026-09-08 09:41:13.733,2026-09-08 09:41:13.694,2026-09-08 09:41:13.708,52.80,2.20,52.80,2.20,52.70,1.00,0
B2,uav-07,DJI_202609080909_002,DJI_20260908092438_0002,0,@raw/02_第二批_20260908_0924_单火点/01_正式视频/无人机07_1581F7K3325B100AS0AG/DJI_202609080909_002/DJI_20260908092438_0002_S.MP4,@raw/02_第二批_20260908_0924_单火点/01_正式视频/无人机07_1581F7K3325B100AS0AG/DJI_202609080909_002/DJI_20260908092438_0002_V.MP4,@raw/02_第二批_20260908_0924_单火点/01_正式视频/无人机07_1581F7K3325B100AS0AG/DJI_202609080909_002/DJI_20260908092438_0002_T.MP4,0.5,0.5,2026-09-08 09:24:38.444,2026-09-08 09:24:38.306,2026-09-08 09:24:38.423,52.70,1.00,54.10,2.25,52.70,1.00,1
B2,uav-07,DJI_202609080909_002,DJI_20260908092438_0002,1,@raw/02_第二批_20260908_0924_单火点/01_正式视频/无人机07_1581F7K3325B100AS0AG/DJI_202609080909_002/DJI_20260908092438_0002_S.MP4,@raw/02_第二批_20260908_0924_单火点/01_正式视频/无人机07_1581F7K3325B100AS0AG/DJI_202609080909_002/DJI_20260908092438_0002_V.MP4,@raw/02_第二批_20260908_0924_单火点/01_正式视频/无人机07_1581F7K3325B100AS0AG/DJI_202609080909_002/DJI_20260908092438_0002_T.MP4,497.4902835,497.54705,2026-09-08 09:32:55.809,2026-09-08 09:32:55.806,2026-09-08 09:32:55.384,54.10,2.25,54.10,2.25,52.70,1.00,0
B2,uav-07,DJI_202609080909_002,DJI_20260908092438_0002,2,@raw/02_第二批_20260908_0924_单火点/01_正式视频/无人机07_1581F7K3325B100AS0AG/DJI_202609080909_002/DJI_20260908092438_0002_S.MP4,@raw/02_第二批_20260908_0924_单火点/01_正式视频/无人机07_1581F7K3325B100AS0AG/DJI_202609080909_002/DJI_20260908092438_0002_V.MP4,@raw/02_第二批_20260908_0924_单火点/01_正式视频/无人机07_1581F7K3325B100AS0AG/DJI_202609080909_002/DJI_20260908092438_0002_T.MP4,993.980567,994.0941,2026-09-08 09:41:12.084,2026-09-08 09:41:12.311,2026-09-08 09:41:12.391,54.10,2.25,54.10,2.25,52.70,1.00,0
B2,uav-08,DJI_202609080922_003,DJI_20260908092433_0001,0,@raw/02_第二批_20260908_0924_单火点/01_正式视频/无人机08_1581F7K3C256N00DCP1T/DJI_202609080922_003/DJI_20260908092433_0001_S.MP4,@raw/02_第二批_20260908_0924_单火点/01_正式视频/无人机08_1581F7K3C256N00DCP1T/DJI_202609080922_003/DJI_20260908092433_0001_V.MP4,@raw/02_第二批_20260908_0924_单火点/01_正式视频/无人机08_1581F7K3C256N00DCP1T/DJI_202609080922_003/DJI_20260908092433_0001_T.MP4,0.5,0.5,2026-09-08 09:24:34.053,2026-09-08 09:24:34.030,2026-09-08 09:24:34.053,55.10,2.30,55.10,2.30,52.70,1.00,0
B2,uav-08,DJI_202609080922_003,DJI_20260908092433_0001,1,@raw/02_第二批_20260908_0924_单火点/01_正式视频/无人机08_1581F7K3C256N00DCP1T/DJI_202609080922_003/DJI_20260908092433_0001_S.MP4,@raw/02_第二批_20260908_0924_单火点/01_正式视频/无人机08_1581F7K3C256N00DCP1T/DJI_202609080922_003/DJI_20260908092433_0001_V.MP4,@raw/02_第二批_20260908_0924_单火点/01_正式视频/无人机08_1581F7K3C256N00DCP1T/DJI_202609080922_003/DJI_20260908092433_0001_T.MP4,541.6905665,541.6744665,2026-09-08 09:33:35.525,2026-09-08 09:33:35.547,2026-09-08 09:33:35.024,55.10,2.30,55.10,2.30,52.70,1.00,0
B2,uav-08,DJI_202609080922_003,DJI_20260908092433_0001,2,@raw/02_第二批_20260908_0924_单火点/01_正式视频/无人机08_1581F7K3C256N00DCP1T/DJI_202609080922_003/DJI_20260908092433_0001_S.MP4,@raw/02_第二批_20260908_0924_单火点/01_正式视频/无人机08_1581F7K3C256N00DCP1T/DJI_202609080922_003/DJI_20260908092433_0001_V.MP4,@raw/02_第二批_20260908_0924_单火点/01_正式视频/无人机08_1581F7K3C256N00DCP1T/DJI_202609080922_003/DJI_20260908092433_0001_T.MP4,1082.381133,1082.348933,2026-09-08 09:42:36.082,2026-09-08 09:42:36.108,2026-09-08 09:42:36.041,24.00,1.00,24.00,1.00,52.70,1.00,0
B2,uav-09,DJI_202609080915_003,DJI_20260908092435_0004,0,@raw/02_第二批_20260908_0924_单火点/01_正式视频/无人机09_1581F7K3C24CS00AX535/DJI_202609080915_003/DJI_20260908092435_0004_S.MP4,@raw/02_第二批_20260908_0924_单火点/01_正式视频/无人机09_1581F7K3C24CS00AX535/DJI_202609080915_003/DJI_20260908092435_0004_V.MP4,@raw/02_第二批_20260908_0924_单火点/01_正式视频/无人机09_1581F7K3C24CS00AX535/DJI_202609080915_003/DJI_20260908092435_0004_T.MP4,0.5,0.5,2026-09-08 09:24:36.123,2026-09-08 09:24:36.082,2026-09-08 09:24:36.178,53.30,2.22,53.30,2.22,52.70,1.00,0
B2,uav-09,DJI_202609080915_003,DJI_20260908092435_0004,1,@raw/02_第二批_20260908_0924_单火点/01_正式视频/无人机09_1581F7K3C24CS00AX535/DJI_202609080915_003/DJI_20260908092435_0004_S.MP4,@raw/02_第二批_20260908_0924_单火点/01_正式视频/无人机09_1581F7K3C24CS00AX535/DJI_202609080915_003/DJI_20260908092435_0004_V.MP4,@raw/02_第二批_20260908_0924_单火点/01_正式视频/无人机09_1581F7K3C24CS00AX535/DJI_202609080915_003/DJI_20260908092435_0004_T.MP4,500.5077665,500.5333665,2026-09-08 09:32:56.603,2026-09-08 09:32:56.562,2026-09-08 09:32:56.131,53.30,2.22,53.30,2.22,52.70,1.00,0
B2,uav-09,DJI_202609080915_003,DJI_20260908092435_0004,2,@raw/02_第二批_20260908_0924_单火点/01_正式视频/无人机09_1581F7K3C24CS00AX535/DJI_202609080915_003/DJI_20260908092435_0004_S.MP4,@raw/02_第二批_20260908_0924_单火点/01_正式视频/无人机09_1581F7K3C24CS00AX535/DJI_202609080915_003/DJI_20260908092435_0004_V.MP4,@raw/02_第二批_20260908_0924_单火点/01_正式视频/无人机09_1581F7K3C24CS00AX535/DJI_202609080915_003/DJI_20260908092435_0004_T.MP4,1000.015533,1000.066733,2026-09-08 09:41:16.040,2026-09-08 09:41:16.001,2026-09-08 09:41:16.069,53.30,2.22,53.30,2.22,52.70,1.00,0
B3,uav-01,DJI_202609080945_004,DJI_20260908100826_0002,0,@raw/03_第三批_20260908_1006_多火点/01_正式视频/无人机01_1581F7K3C251800CYBVP/DJI_202609080945_004/DJI_20260908100826_0002_S.MP4,@raw/03_第三批_20260908_1006_多火点/01_正式视频/无人机01_1581F7K3C251800CYBVP/DJI_202609080945_004/DJI_20260908100826_0002_V.MP4,@raw/03_第三批_20260908_1006_多火点/01_正式视频/无人机01_1581F7K3C251800CYBVP/DJI_202609080945_004/DJI_20260908100826_0002_T.MP4,0.5,0.5,2026-09-08 10:08:26.471,2026-09-08 10:08:26.449,2026-09-08 10:08:26.532,53.30,2.22,53.30,2.22,52.70,1.00,0
B3,uav-01,DJI_202609080945_004,DJI_20260908100826_0002,1,@raw/03_第三批_20260908_1006_多火点/01_正式视频/无人机01_1581F7K3C251800CYBVP/DJI_202609080945_004/DJI_20260908100826_0002_S.MP4,@raw/03_第三批_20260908_1006_多火点/01_正式视频/无人机01_1581F7K3C251800CYBVP/DJI_202609080945_004/DJI_20260908100826_0002_V.MP4,@raw/03_第三批_20260908_1006_多火点/01_正式视频/无人机01_1581F7K3C251800CYBVP/DJI_202609080945_004/DJI_20260908100826_0002_T.MP4,346.79175,346.8131335,2026-09-08 10:14:12.785,2026-09-08 10:14:12.780,2026-09-08 10:14:12.535,53.30,2.22,53.30,2.22,52.70,1.00,0
B3,uav-01,DJI_202609080945_004,DJI_20260908100826_0002,2,@raw/03_第三批_20260908_1006_多火点/01_正式视频/无人机01_1581F7K3C251800CYBVP/DJI_202609080945_004/DJI_20260908100826_0002_S.MP4,@raw/03_第三批_20260908_1006_多火点/01_正式视频/无人机01_1581F7K3C251800CYBVP/DJI_202609080945_004/DJI_20260908100826_0002_V.MP4,@raw/03_第三批_20260908_1006_多火点/01_正式视频/无人机01_1581F7K3C251800CYBVP/DJI_202609080945_004/DJI_20260908100826_0002_T.MP4,692.5835,692.626267,2026-09-08 10:19:58.140,2026-09-08 10:19:58.103,2026-09-08 10:19:58.515,53.30,2.22,53.30,2.22,52.70,1.00,0
B3,uav-02,DJI_202609080957_005,DJI_20260908100606_0001,0,@raw/03_第三批_20260908_1006_多火点/01_正式视频/无人机02_1581F7K3C267500D2DQD/DJI_202609080957_005/DJI_20260908100606_0001_S.MP4,@raw/03_第三批_20260908_1006_多火点/01_正式视频/无人机02_1581F7K3C267500D2DQD/DJI_202609080957_005/DJI_20260908100606_0001_V.MP4,@raw/03_第三批_20260908_1006_多火点/01_正式视频/无人机02_1581F7K3C267500D2DQD/DJI_202609080957_005/DJI_20260908100606_0001_T.MP4,0.5,0.5,2026-09-08 10:06:07.221,2026-09-08 10:06:07.282,2026-09-08 10:06:07.220,53.00,2.21,53.00,2.21,52.70,1.00,0
B3,uav-02,DJI_202609080957_005,DJI_20260908100606_0001,1,@raw/03_第三批_20260908_1006_多火点/01_正式视频/无人机02_1581F7K3C267500D2DQD/DJI_202609080957_005/DJI_20260908100606_0001_S.MP4,@raw/03_第三批_20260908_1006_多火点/01_正式视频/无人机02_1581F7K3C267500D2DQD/DJI_202609080957_005/DJI_20260908100606_0001_V.MP4,@raw/03_第三批_20260908_1006_多火点/01_正式视频/无人机02_1581F7K3C267500D2DQD/DJI_202609080957_005/DJI_20260908100606_0001_T.MP4,426.81595,426.7429835,2026-09-08 10:13:13.542,2026-09-08 10:13:13.668,2026-09-08 10:13:13.168,53.00,2.21,53.00,2.21,52.70,1.00,0
B3,uav-02,DJI_202609080957_005,DJI_20260908100606_0001,2,@raw/03_第三批_20260908_1006_多火点/01_正式视频/无人机02_1581F7K3C267500D2DQD/DJI_202609080957_005/DJI_20260908100606_0001_S.MP4,@raw/03_第三批_20260908_1006_多火点/01_正式视频/无人机02_1581F7K3C267500D2DQD/DJI_202609080957_005/DJI_20260908100606_0001_V.MP4,@raw/03_第三批_20260908_1006_多火点/01_正式视频/无人机02_1581F7K3C267500D2DQD/DJI_202609080957_005/DJI_20260908100606_0001_T.MP4,852.6319,852.485967,2026-09-08 10:20:19.598,2026-09-08 10:20:19.105,2026-09-08 10:20:19.160,52.70,1.00,53.00,2.21,52.70,1.00,1
B3,uav-03,DJI_202609080957_005,DJI_20260908100550_0001,0,@raw/03_第三批_20260908_1006_多火点/01_正式视频/无人机03_1581F7K3C255900D76E8/DJI_202609080957_005/DJI_20260908100550_0001_S.MP4,@raw/03_第三批_20260908_1006_多火点/01_正式视频/无人机03_1581F7K3C255900D76E8/DJI_202609080957_005/DJI_20260908100550_0001_V.MP4,@raw/03_第三批_20260908_1006_多火点/01_正式视频/无人机03_1581F7K3C255900D76E8/DJI_202609080957_005/DJI_20260908100550_0001_T.MP4,0.5,0.5,2026-09-08 10:05:51.419,2026-09-08 10:05:51.359,2026-09-08 10:05:51.449,33.80,1.41,33.80,1.41,52.70,1.00,0
B3,uav-03,DJI_202609080957_005,DJI_20260908100550_0001,1,@raw/03_第三批_20260908_1006_多火点/01_正式视频/无人机03_1581F7K3C255900D76E8/DJI_202609080957_005/DJI_20260908100550_0001_S.MP4,@raw/03_第三批_20260908_1006_多火点/01_正式视频/无人机03_1581F7K3C255900D76E8/DJI_202609080957_005/DJI_20260908100550_0001_V.MP4,@raw/03_第三批_20260908_1006_多火点/01_正式视频/无人机03_1581F7K3C255900D76E8/DJI_202609080957_005/DJI_20260908100550_0001_T.MP4,425.86125,425.8420835,2026-09-08 10:12:56.727,2026-09-08 10:12:56.791,2026-09-08 10:12:56.392,33.80,1.41,33.80,1.41,52.70,1.00,0
B3,uav-03,DJI_202609080957_005,DJI_20260908100550_0001,2,@raw/03_第三批_20260908_1006_多火点/01_正式视频/无人机03_1581F7K3C255900D76E8/DJI_202609080957_005/DJI_20260908100550_0001_S.MP4,@raw/03_第三批_20260908_1006_多火点/01_正式视频/无人机03_1581F7K3C255900D76E8/DJI_202609080957_005/DJI_20260908100550_0001_V.MP4,@raw/03_第三批_20260908_1006_多火点/01_正式视频/无人机03_1581F7K3C255900D76E8/DJI_202609080957_005/DJI_20260908100550_0001_T.MP4,850.7225,850.684167,2026-09-08 10:20:01.148,2026-09-08 10:20:01.242,2026-09-08 10:20:01.417,33.80,1.41,33.80,1.41,52.70,1.00,0
B3,uav-04,DJI_202609080957_035,DJI_20260908100549_0001,0,@raw/03_第三批_20260908_1006_多火点/01_正式视频/无人机04_1581F7K33258900AP021/DJI_202609080957_035/DJI_20260908100549_0001_S.MP4,@raw/03_第三批_20260908_1006_多火点/01_正式视频/无人机04_1581F7K33258900AP021/DJI_202609080957_035/DJI_20260908100549_0001_V.MP4,@raw/03_第三批_20260908_1006_多火点/01_正式视频/无人机04_1581F7K33258900AP021/DJI_202609080957_035/DJI_20260908100549_0001_T.MP4,0.5,0.5,2026-09-08 10:05:49.512,2026-09-08 10:05:49.566,2026-09-08 10:05:49.544,53.80,2.24,53.80,2.24,52.70,1.00,0
B3,uav-04,DJI_202609080957_035,DJI_20260908100549_0001,1,@raw/03_第三批_20260908_1006_多火点/01_正式视频/无人机04_1581F7K33258900AP021/DJI_202609080957_035/DJI_20260908100549_0001_S.MP4,@raw/03_第三批_20260908_1006_多火点/01_正式视频/无人机04_1581F7K33258900AP021/DJI_202609080957_035/DJI_20260908100549_0001_V.MP4,@raw/03_第三批_20260908_1006_多火点/01_正式视频/无人机04_1581F7K33258900AP021/DJI_202609080957_035/DJI_20260908100549_0001_T.MP4,438.2755,438.3045335,2026-09-08 10:13:07.674,2026-09-08 10:13:06.970,2026-09-08 10:13:07.489,53.80,2.24,53.80,2.24,52.70,1.00,0
B3,uav-04,DJI_202609080957_035,DJI_20260908100549_0001,2,@raw/03_第三批_20260908_1006_多火点/01_正式视频/无人机04_1581F7K33258900AP021/DJI_202609080957_035/DJI_20260908100549_0001_S.MP4,@raw/03_第三批_20260908_1006_多火点/01_正式视频/无人机04_1581F7K33258900AP021/DJI_202609080957_035/DJI_20260908100549_0001_V.MP4,@raw/03_第三批_20260908_1006_多火点/01_正式视频/无人机04_1581F7K33258900AP021/DJI_202609080957_035/DJI_20260908100549_0001_T.MP4,875.551,875.609067,2026-09-08 10:20:24.158,2026-09-08 10:20:24.418,2026-09-08 10:20:24.501,53.80,2.24,53.80,2.24,52.70,1.00,0
B3,uav-05,DJI_202609080957_004,DJI_20260908100545_0001,0,@raw/03_第三批_20260908_1006_多火点/01_正式视频/无人机05_1581F7K3C251400CFB45/DJI_202609080957_004/DJI_20260908100545_0001_S.MP4,@raw/03_第三批_20260908_1006_多火点/01_正式视频/无人机05_1581F7K3C251400CFB45/DJI_202609080957_004/DJI_20260908100545_0001_V.MP4,@raw/03_第三批_20260908_1006_多火点/01_正式视频/无人机05_1581F7K3C251400CFB45/DJI_202609080957_004/DJI_20260908100545_0001_T.MP4,0.5,0.5,2026-09-08 10:05:46.201,2026-09-08 10:05:46.121,2026-09-08 10:05:46.179,52.70,1.00,53.00,2.21,52.70,1.00,1
B3,uav-05,DJI_202609080957_004,DJI_20260908100545_0001,1,@raw/03_第三批_20260908_1006_多火点/01_正式视频/无人机05_1581F7K3C251400CFB45/DJI_202609080957_004/DJI_20260908100545_0001_S.MP4,@raw/03_第三批_20260908_1006_多火点/01_正式视频/无人机05_1581F7K3C251400CFB45/DJI_202609080957_004/DJI_20260908100545_0001_V.MP4,@raw/03_第三批_20260908_1006_多火点/01_正式视频/无人机05_1581F7K3C251400CFB45/DJI_202609080957_004/DJI_20260908100545_0001_T.MP4,436.7376165,436.7696665,2026-09-08 10:13:02.691,2026-09-08 10:13:02.547,2026-09-08 10:13:02.151,52.70,1.00,53.00,2.21,52.70,1.00,1
B3,uav-05,DJI_202609080957_004,DJI_20260908100545_0001,2,@raw/03_第三批_20260908_1006_多火点/01_正式视频/无人机05_1581F7K3C251400CFB45/DJI_202609080957_004/DJI_20260908100545_0001_S.MP4,@raw/03_第三批_20260908_1006_多火点/01_正式视频/无人机05_1581F7K3C251400CFB45/DJI_202609080957_004/DJI_20260908100545_0001_V.MP4,@raw/03_第三批_20260908_1006_多火点/01_正式视频/无人机05_1581F7K3C251400CFB45/DJI_202609080957_004/DJI_20260908100545_0001_T.MP4,872.475233,872.539333,2026-09-08 10:20:17.800,2026-09-08 10:20:17.992,2026-09-08 10:20:18.160,52.70,1.00,53.00,2.21,52.70,1.00,1
B3,uav-07,DJI_202609081002_003,DJI_20260908100617_0001,0,@raw/03_第三批_20260908_1006_多火点/01_正式视频/无人机07_1581F7K3325B100AS0AG/DJI_202609081002_003/DJI_20260908100617_0001_S.MP4,@raw/03_第三批_20260908_1006_多火点/01_正式视频/无人机07_1581F7K3325B100AS0AG/DJI_202609081002_003/DJI_20260908100617_0001_V.MP4,@raw/03_第三批_20260908_1006_多火点/01_正式视频/无人机07_1581F7K3325B100AS0AG/DJI_202609081002_003/DJI_20260908100617_0001_T.MP4,0.5,0.5,2026-09-08 10:06:18.024,2026-09-08 10:06:18.050,2026-09-08 10:06:18.080,53.10,2.21,53.10,2.21,52.70,1.00,0
B3,uav-07,DJI_202609081002_003,DJI_20260908100617_0001,1,@raw/03_第三批_20260908_1006_多火点/01_正式视频/无人机07_1581F7K3325B100AS0AG/DJI_202609081002_003/DJI_20260908100617_0001_S.MP4,@raw/03_第三批_20260908_1006_多火点/01_正式视频/无人机07_1581F7K3325B100AS0AG/DJI_202609081002_003/DJI_20260908100617_0001_V.MP4,@raw/03_第三批_20260908_1006_多火点/01_正式视频/无人机07_1581F7K3325B100AS0AG/DJI_202609081002_003/DJI_20260908100617_0001_T.MP4,251.6338665,251.6347165,2026-09-08 10:10:29.224,2026-09-08 10:10:29.252,2026-09-08 10:10:29.020,53.80,2.24,53.80,2.24,52.70,1.00,0
B3,uav-07,DJI_202609081002_003,DJI_20260908100617_0001,2,@raw/03_第三批_20260908_1006_多火点/01_正式视频/无人机07_1581F7K3325B100AS0AG/DJI_202609081002_003/DJI_20260908100617_0001_S.MP4,@raw/03_第三批_20260908_1006_多火点/01_正式视频/无人机07_1581F7K3325B100AS0AG/DJI_202609081002_003/DJI_20260908100617_0001_V.MP4,@raw/03_第三批_20260908_1006_多火点/01_正式视频/无人机07_1581F7K3325B100AS0AG/DJI_202609081002_003/DJI_20260908100617_0001_T.MP4,502.267733,502.269433,2026-09-08 10:14:39.550,2026-09-08 10:14:39.547,2026-09-08 10:14:40.058,53.80,2.24,53.80,2.24,52.70,1.00,0
B3,uav-08,DJI_202609080958_004,DJI_20260908100611_0001,0,@raw/03_第三批_20260908_1006_多火点/01_正式视频/无人机08_1581F7K3C256N00DCP1T/DJI_202609080958_004/DJI_20260908100611_0001_S.MP4,@raw/03_第三批_20260908_1006_多火点/01_正式视频/无人机08_1581F7K3C256N00DCP1T/DJI_202609080958_004/DJI_20260908100611_0001_V.MP4,@raw/03_第三批_20260908_1006_多火点/01_正式视频/无人机08_1581F7K3C256N00DCP1T/DJI_202609080958_004/DJI_20260908100611_0001_T.MP4,0.5,0.5,2026-09-08 10:06:11.891,2026-09-08 10:06:11.895,2026-09-08 10:06:11.870,24.00,1.00,24.00,1.00,52.70,1.00,0
B3,uav-08,DJI_202609080958_004,DJI_20260908100611_0001,1,@raw/03_第三批_20260908_1006_多火点/01_正式视频/无人机08_1581F7K3C256N00DCP1T/DJI_202609080958_004/DJI_20260908100611_0001_S.MP4,@raw/03_第三批_20260908_1006_多火点/01_正式视频/无人机08_1581F7K3C256N00DCP1T/DJI_202609080958_004/DJI_20260908100611_0001_V.MP4,@raw/03_第三批_20260908_1006_多火点/01_正式视频/无人机08_1581F7K3C256N00DCP1T/DJI_202609080958_004/DJI_20260908100611_0001_T.MP4,379.5553835,379.5458335,2026-09-08 10:12:30.833,2026-09-08 10:12:31.245,2026-09-08 10:12:30.861,52.70,1.00,24.00,1.00,52.70,1.00,1
B3,uav-08,DJI_202609080958_004,DJI_20260908100611_0001,2,@raw/03_第三批_20260908_1006_多火点/01_正式视频/无人机08_1581F7K3C256N00DCP1T/DJI_202609080958_004/DJI_20260908100611_0001_S.MP4,@raw/03_第三批_20260908_1006_多火点/01_正式视频/无人机08_1581F7K3C256N00DCP1T/DJI_202609080958_004/DJI_20260908100611_0001_V.MP4,@raw/03_第三批_20260908_1006_多火点/01_正式视频/无人机08_1581F7K3C256N00DCP1T/DJI_202609080958_004/DJI_20260908100611_0001_T.MP4,758.110767,758.091667,2026-09-08 10:18:49.942,2026-09-08 10:18:49.629,2026-09-08 10:18:49.871,52.70,1.00,24.00,1.00,52.70,1.00,1
B3,uav-09,DJI_202609080957_004,DJI_20260908100604_0001,0,@raw/03_第三批_20260908_1006_多火点/01_正式视频/无人机09_1581F7K3C24CS00AX535/DJI_202609080957_004/DJI_20260908100604_0001_S.MP4,@raw/03_第三批_20260908_1006_多火点/01_正式视频/无人机09_1581F7K3C24CS00AX535/DJI_202609080957_004/DJI_20260908100604_0001_V.MP4,@raw/03_第三批_20260908_1006_多火点/01_正式视频/无人机09_1581F7K3C24CS00AX535/DJI_202609080957_004/DJI_20260908100604_0001_T.MP4,0.5,0.5,2026-09-08 10:06:05.059,2026-09-08 10:06:05.030,2026-09-08 10:06:05.150,54.70,2.28,54.70,2.28,52.70,1.00,0
B3,uav-09,DJI_202609080957_004,DJI_20260908100604_0001,1,@raw/03_第三批_20260908_1006_多火点/01_正式视频/无人机09_1581F7K3C24CS00AX535/DJI_202609080957_004/DJI_20260908100604_0001_S.MP4,@raw/03_第三批_20260908_1006_多火点/01_正式视频/无人机09_1581F7K3C24CS00AX535/DJI_202609080957_004/DJI_20260908100604_0001_V.MP4,@raw/03_第三批_20260908_1006_多火点/01_正式视频/无人机09_1581F7K3C24CS00AX535/DJI_202609080957_004/DJI_20260908100604_0001_T.MP4,468.8651,468.8850835,2026-09-08 10:13:53.354,2026-09-08 10:13:53.484,2026-09-08 10:13:53.135,54.70,2.28,54.70,2.28,52.70,1.00,0
B3,uav-09,DJI_202609080957_004,DJI_20260908100604_0001,2,@raw/03_第三批_20260908_1006_多火点/01_正式视频/无人机09_1581F7K3C24CS00AX535/DJI_202609080957_004/DJI_20260908100604_0001_S.MP4,@raw/03_第三批_20260908_1006_多火点/01_正式视频/无人机09_1581F7K3C24CS00AX535/DJI_202609080957_004/DJI_20260908100604_0001_V.MP4,@raw/03_第三批_20260908_1006_多火点/01_正式视频/无人机09_1581F7K3C24CS00AX535/DJI_202609080957_004/DJI_20260908100604_0001_T.MP4,936.7302,936.770167,2026-09-08 10:21:40.832,2026-09-08 10:21:40.960,2026-09-08 10:21:41.142,54.70,2.28,54.70,2.28,52.70,1.00,0
B4,uav-01,DJI_202609081030_005,DJI_20260908105248_0002,0,@raw/04_第四批_20260908_1053_多火点与余热点/01_正式视频/无人机01_1581F7K3C251800CYBVP/DJI_202609081030_005/DJI_20260908105248_0002_S.MP4,@raw/04_第四批_20260908_1053_多火点与余热点/01_正式视频/无人机01_1581F7K3C251800CYBVP/DJI_202609081030_005/DJI_20260908105248_0002_V.MP4,@raw/04_第四批_20260908_1053_多火点与余热点/01_正式视频/无人机01_1581F7K3C251800CYBVP/DJI_202609081030_005/DJI_20260908105248_0002_T.MP4,0.5,0.5,2026-09-08 10:52:49.122,2026-09-08 10:52:49.099,2026-09-08 10:52:48.968,31.40,1.31,31.40,1.31,52.70,1.00,0
B4,uav-01,DJI_202609081030_005,DJI_20260908105248_0002,1,@raw/04_第四批_20260908_1053_多火点与余热点/01_正式视频/无人机01_1581F7K3C251800CYBVP/DJI_202609081030_005/DJI_20260908105248_0002_S.MP4,@raw/04_第四批_20260908_1053_多火点与余热点/01_正式视频/无人机01_1581F7K3C251800CYBVP/DJI_202609081030_005/DJI_20260908105248_0002_V.MP4,@raw/04_第四批_20260908_1053_多火点与余热点/01_正式视频/无人机01_1581F7K3C251800CYBVP/DJI_202609081030_005/DJI_20260908105248_0002_T.MP4,500.55005,500.5166835,2026-09-08 11:01:09.503,2026-09-08 11:01:09.600,2026-09-08 11:01:08.944,31.40,1.31,31.40,1.31,52.70,1.00,0
B4,uav-01,DJI_202609081030_005,DJI_20260908105248_0002,2,@raw/04_第四批_20260908_1053_多火点与余热点/01_正式视频/无人机01_1581F7K3C251800CYBVP/DJI_202609081030_005/DJI_20260908105248_0002_S.MP4,@raw/04_第四批_20260908_1053_多火点与余热点/01_正式视频/无人机01_1581F7K3C251800CYBVP/DJI_202609081030_005/DJI_20260908105248_0002_V.MP4,@raw/04_第四批_20260908_1053_多火点与余热点/01_正式视频/无人机01_1581F7K3C251800CYBVP/DJI_202609081030_005/DJI_20260908105248_0002_T.MP4,1000.1001,1000.033367,2026-09-08 11:09:29.019,2026-09-08 11:09:29.109,2026-09-08 11:09:28.946,31.40,1.31,31.40,1.31,52.70,1.00,0
B4,uav-01,DJI_202609081117_006,DJI_20260908112447_0010,0,@raw/04_第四批_20260908_1053_多火点与余热点/02_激光打点与定位验证/01_事后打点候选/无人机01_1581F7K3C251800CYBVP/DJI_202609081117_006/DJI_20260908112447_0010_S.MP4,@raw/04_第四批_20260908_1053_多火点与余热点/02_激光打点与定位验证/01_事后打点候选/无人机01_1581F7K3C251800CYBVP/DJI_202609081117_006/DJI_20260908112447_0010_V.MP4,@raw/04_第四批_20260908_1053_多火点与余热点/02_激光打点与定位验证/01_事后打点候选/无人机01_1581F7K3C251800CYBVP/DJI_202609081117_006/DJI_20260908112447_0010_T.MP4,0.5,0.5,2026-09-08 11:24:48.249,2026-09-08 11:24:48.203,2026-09-08 11:24:48.328,24.00,1.00,24.00,1.00,52.70,1.00,0
B4,uav-01,DJI_202609081117_006,DJI_20260908112447_0010,1,@raw/04_第四批_20260908_1053_多火点与余热点/02_激光打点与定位验证/01_事后打点候选/无人机01_1581F7K3C251800CYBVP/DJI_202609081117_006/DJI_20260908112447_0010_S.MP4,@raw/04_第四批_20260908_1053_多火点与余热点/02_激光打点与定位验证/01_事后打点候选/无人机01_1581F7K3C251800CYBVP/DJI_202609081117_006/DJI_20260908112447_0010_V.MP4,@raw/04_第四批_20260908_1053_多火点与余热点/02_激光打点与定位验证/01_事后打点候选/无人机01_1581F7K3C251800CYBVP/DJI_202609081117_006/DJI_20260908112447_0010_T.MP4,42.39235,42.4090335,2026-09-08 11:25:30.275,2026-09-08 11:25:30.240,2026-09-08 11:25:30.317,30.70,1.28,30.70,1.28,52.70,1.00,0
B4,uav-01,DJI_202609081117_006,DJI_20260908112447_0010,2,@raw/04_第四批_20260908_1053_多火点与余热点/02_激光打点与定位验证/01_事后打点候选/无人机01_1581F7K3C251800CYBVP/DJI_202609081117_006/DJI_20260908112447_0010_S.MP4,@raw/04_第四批_20260908_1053_多火点与余热点/02_激光打点与定位验证/01_事后打点候选/无人机01_1581F7K3C251800CYBVP/DJI_202609081117_006/DJI_20260908112447_0010_V.MP4,@raw/04_第四批_20260908_1053_多火点与余热点/02_激光打点与定位验证/01_事后打点候选/无人机01_1581F7K3C251800CYBVP/DJI_202609081117_006/DJI_20260908112447_0010_T.MP4,83.7847,83.818067,2026-09-08 11:26:11.325,2026-09-08 11:26:11.285,2026-09-08 11:26:11.320,27.70,1.15,27.70,1.15,52.70,1.00,0
B4,uav-01,DJI_202609081117_006,DJI_20260908113147_0011,0,@raw/04_第四批_20260908_1053_多火点与余热点/02_激光打点与定位验证/01_事后打点候选/无人机01_1581F7K3C251800CYBVP/DJI_202609081117_006/DJI_20260908113147_0011_S.MP4,@raw/04_第四批_20260908_1053_多火点与余热点/02_激光打点与定位验证/01_事后打点候选/无人机01_1581F7K3C251800CYBVP/DJI_202609081117_006/DJI_20260908113147_0011_V.MP4,@raw/04_第四批_20260908_1053_多火点与余热点/02_激光打点与定位验证/01_事后打点候选/无人机01_1581F7K3C251800CYBVP/DJI_202609081117_006/DJI_20260908113147_0011_T.MP4,0.5,0.5,2026-09-08 11:31:47.911,2026-09-08 11:31:47.885,2026-09-08 11:31:47.977,29.10,1.21,29.10,1.21,52.70,1.00,0
B4,uav-01,DJI_202609081117_006,DJI_20260908113147_0011,1,@raw/04_第四批_20260908_1053_多火点与余热点/02_激光打点与定位验证/01_事后打点候选/无人机01_1581F7K3C251800CYBVP/DJI_202609081117_006/DJI_20260908113147_0011_S.MP4,@raw/04_第四批_20260908_1053_多火点与余热点/02_激光打点与定位验证/01_事后打点候选/无人机01_1581F7K3C251800CYBVP/DJI_202609081117_006/DJI_20260908113147_0011_V.MP4,@raw/04_第四批_20260908_1053_多火点与余热点/02_激光打点与定位验证/01_事后打点候选/无人机01_1581F7K3C251800CYBVP/DJI_202609081117_006/DJI_20260908113147_0011_T.MP4,85.8691165,85.8691165,2026-09-08 11:33:12.957,2026-09-08 11:33:12.953,2026-09-08 11:33:12.944,46.50,1.94,46.50,1.94,52.70,1.00,0
B4,uav-01,DJI_202609081117_006,DJI_20260908113147_0011,2,@raw/04_第四批_20260908_1053_多火点与余热点/02_激光打点与定位验证/01_事后打点候选/无人机01_1581F7K3C251800CYBVP/DJI_202609081117_006/DJI_20260908113147_0011_S.MP4,@raw/04_第四批_20260908_1053_多火点与余热点/02_激光打点与定位验证/01_事后打点候选/无人机01_1581F7K3C251800CYBVP/DJI_202609081117_006/DJI_20260908113147_0011_V.MP4,@raw/04_第四批_20260908_1053_多火点与余热点/02_激光打点与定位验证/01_事后打点候选/无人机01_1581F7K3C251800CYBVP/DJI_202609081117_006/DJI_20260908113147_0011_T.MP4,170.738233,170.738233,2026-09-08 11:34:38.594,2026-09-08 11:34:38.587,2026-09-08 11:34:37.968,65.10,2.71,65.10,2.71,52.70,1.00,0
B4,uav-02,DJI_202609081040_006,DJI_20260908105306_0001,0,@raw/04_第四批_20260908_1053_多火点与余热点/01_正式视频/无人机02_1581F7K3C267500D2DQD/DJI_202609081040_006/DJI_20260908105306_0001_S.MP4,@raw/04_第四批_20260908_1053_多火点与余热点/01_正式视频/无人机02_1581F7K3C267500D2DQD/DJI_202609081040_006/DJI_20260908105306_0001_V.MP4,@raw/04_第四批_20260908_1053_多火点与余热点/01_正式视频/无人机02_1581F7K3C267500D2DQD/DJI_202609081040_006/DJI_20260908105306_0001_T.MP4,0.5,0.5,2026-09-08 10:53:07.055,2026-09-08 10:53:07.099,2026-09-08 10:53:07.033,52.70,1.00,52.80,2.20,52.70,1.00,1
B4,uav-02,DJI_202609081040_006,DJI_20260908105306_0001,1,@raw/04_第四批_20260908_1053_多火点与余热点/01_正式视频/无人机02_1581F7K3C267500D2DQD/DJI_202609081040_006/DJI_20260908105306_0001_S.MP4,@raw/04_第四批_20260908_1053_多火点与余热点/01_正式视频/无人机02_1581F7K3C267500D2DQD/DJI_202609081040_006/DJI_20260908105306_0001_V.MP4,@raw/04_第四批_20260908_1053_多火点与余热点/01_正式视频/无人机02_1581F7K3C267500D2DQD/DJI_202609081040_006/DJI_20260908105306_0001_T.MP4,423.9060665,423.8901335,2026-09-08 11:00:10.426,2026-09-08 11:00:10.476,2026-09-08 11:00:10.019,52.70,1.00,52.80,2.20,52.70,1.00,1
B4,uav-02,DJI_202609081040_006,DJI_20260908105306_0001,2,@raw/04_第四批_20260908_1053_多火点与余热点/01_正式视频/无人机02_1581F7K3C267500D2DQD/DJI_202609081040_006/DJI_20260908105306_0001_S.MP4,@raw/04_第四批_20260908_1053_多火点与余热点/01_正式视频/无人机02_1581F7K3C267500D2DQD/DJI_202609081040_006/DJI_20260908105306_0001_V.MP4,@raw/04_第四批_20260908_1053_多火点与余热点/01_正式视频/无人机02_1581F7K3C267500D2DQD/DJI_202609081040_006/DJI_20260908105306_0001_T.MP4,846.812133,846.780267,2026-09-08 11:07:13.440,2026-09-08 11:07:12.923,2026-09-08 11:07:13.032,52.70,1.00,52.80,2.20,52.70,1.00,1
B4,uav-03,DJI_202609081046_006,DJI_20260908105253_0001,0,@raw/04_第四批_20260908_1053_多火点与余热点/01_正式视频/无人机03_1581F7K3C255900D76E8/DJI_202609081046_006/DJI_20260908105253_0001_S.MP4,@raw/04_第四批_20260908_1053_多火点与余热点/01_正式视频/无人机03_1581F7K3C255900D76E8/DJI_202609081046_006/DJI_20260908105253_0001_V.MP4,@raw/04_第四批_20260908_1053_多火点与余热点/01_正式视频/无人机03_1581F7K3C255900D76E8/DJI_202609081046_006/DJI_20260908105253_0001_T.MP4,0.5,0.5,2026-09-08 10:52:53.578,2026-09-08 10:52:53.536,2026-09-08 10:52:53.623,24.00,1.00,24.00,1.00,52.70,1.00,0
B4,uav-03,DJI_202609081046_006,DJI_20260908105253_0001,1,@raw/04_第四批_20260908_1053_多火点与余热点/01_正式视频/无人机03_1581F7K3C255900D76E8/DJI_202609081046_006/DJI_20260908105253_0001_S.MP4,@raw/04_第四批_20260908_1053_多火点与余热点/01_正式视频/无人机03_1581F7K3C255900D76E8/DJI_202609081046_006/DJI_20260908105253_0001_V.MP4,@raw/04_第四批_20260908_1053_多火点与余热点/01_正式视频/无人机03_1581F7K3C255900D76E8/DJI_202609081046_006/DJI_20260908105253_0001_T.MP4,427.1514835,427.1267,2026-09-08 11:00:00.552,2026-09-08 11:00:00.618,2026-09-08 11:00:00.599,24.00,1.00,24.00,1.00,52.70,1.00,0
B4,uav-03,DJI_202609081046_006,DJI_20260908105253_0001,2,@raw/04_第四批_20260908_1053_多火点与余热点/01_正式视频/无人机03_1581F7K3C255900D76E8/DJI_202609081046_006/DJI_20260908105253_0001_S.MP4,@raw/04_第四批_20260908_1053_多火点与余热点/01_正式视频/无人机03_1581F7K3C255900D76E8/DJI_202609081046_006/DJI_20260908105253_0001_V.MP4,@raw/04_第四批_20260908_1053_多火点与余热点/01_正式视频/无人机03_1581F7K3C255900D76E8/DJI_202609081046_006/DJI_20260908105253_0001_T.MP4,853.302967,853.2534,2026-09-08 11:07:05.954,2026-09-08 11:07:06.015,2026-09-08 11:07:06.571,24.00,1.00,24.00,1.00,52.70,1.00,0
B4,uav-04,DJI_202609081042_036,DJI_20260908105259_0001,0,@raw/04_第四批_20260908_1053_多火点与余热点/01_正式视频/无人机04_1581F7K33258900AP021/DJI_202609081042_036/DJI_20260908105259_0001_S.MP4,@raw/04_第四批_20260908_1053_多火点与余热点/01_正式视频/无人机04_1581F7K33258900AP021/DJI_202609081042_036/DJI_20260908105259_0001_V.MP4,@raw/04_第四批_20260908_1053_多火点与余热点/01_正式视频/无人机04_1581F7K33258900AP021/DJI_202609081042_036/DJI_20260908105259_0001_T.MP4,0.5,0.5,2026-09-08 10:52:59.816,2026-09-08 10:52:59.778,2026-09-08 10:52:59.848,52.70,1.00,53.80,2.24,52.70,1.00,1
B4,uav-04,DJI_202609081042_036,DJI_20260908105259_0001,1,@raw/04_第四批_20260908_1053_多火点与余热点/01_正式视频/无人机04_1581F7K33258900AP021/DJI_202609081042_036/DJI_20260908105259_0001_S.MP4,@raw/04_第四批_20260908_1053_多火点与余热点/01_正式视频/无人机04_1581F7K33258900AP021/DJI_202609081042_036/DJI_20260908105259_0001_V.MP4,@raw/04_第四批_20260908_1053_多火点与余热点/01_正式视频/无人机04_1581F7K33258900AP021/DJI_202609081042_036/DJI_20260908105259_0001_T.MP4,459.1994665,459.2421165,2026-09-08 11:00:38.722,2026-09-08 11:00:38.248,2026-09-08 11:00:38.802,53.80,2.24,53.80,2.24,52.70,1.00,0
B4,uav-04,DJI_202609081042_036,DJI_20260908105259_0001,2,@raw/04_第四批_20260908_1053_多火点与余热点/01_正式视频/无人机04_1581F7K33258900AP021/DJI_202609081042_036/DJI_20260908105259_0001_S.MP4,@raw/04_第四批_20260908_1053_多火点与余热点/01_正式视频/无人机04_1581F7K33258900AP021/DJI_202609081042_036/DJI_20260908105259_0001_V.MP4,@raw/04_第四批_20260908_1053_多火点与余热点/01_正式视频/无人机04_1581F7K33258900AP021/DJI_202609081042_036/DJI_20260908105259_0001_T.MP4,917.398933,917.484233,2026-09-08 11:08:17.122,2026-09-08 11:08:16.717,2026-09-08 11:08:16.818,24.00,1.00,24.00,1.00,52.70,1.00,0
B4,uav-05,DJI_202609081039_005,DJI_20260908105253_0001,0,@raw/04_第四批_20260908_1053_多火点与余热点/01_正式视频/无人机05_1581F7K3C251400CFB45/DJI_202609081039_005/DJI_20260908105253_0001_S.MP4,@raw/04_第四批_20260908_1053_多火点与余热点/01_正式视频/无人机05_1581F7K3C251400CFB45/DJI_202609081039_005/DJI_20260908105253_0001_V.MP4,@raw/04_第四批_20260908_1053_多火点与余热点/01_正式视频/无人机05_1581F7K3C251400CFB45/DJI_202609081039_005/DJI_20260908105253_0001_T.MP4,0.5,0.5,2026-09-08 10:52:53.653,2026-09-08 10:52:53.718,2026-09-08 10:52:53.662,55.10,2.30,55.10,2.30,52.70,1.00,0
B4,uav-05,DJI_202609081039_005,DJI_20260908105253_0001,1,@raw/04_第四批_20260908_1053_多火点与余热点/01_正式视频/无人机05_1581F7K3C251400CFB45/DJI_202609081039_005/DJI_20260908105253_0001_S.MP4,@raw/04_第四批_20260908_1053_多火点与余热点/01_正式视频/无人机05_1581F7K3C251400CFB45/DJI_202609081039_005/DJI_20260908105253_0001_V.MP4,@raw/04_第四批_20260908_1053_多火点与余热点/01_正式视频/无人机05_1581F7K3C251400CFB45/DJI_202609081039_005/DJI_20260908105253_0001_T.MP4,487.43365,487.3702165,2026-09-08 11:01:00.794,2026-09-08 11:01:00.181,2026-09-08 11:01:00.623,52.70,1.00,55.10,2.30,52.70,1.00,1
B4,uav-05,DJI_202609081039_005,DJI_20260908105253_0001,2,@raw/04_第四批_20260908_1053_多火点与余热点/01_正式视频/无人机05_1581F7K3C251400CFB45/DJI_202609081039_005/DJI_20260908105253_0001_S.MP4,@raw/04_第四批_20260908_1053_多火点与余热点/01_正式视频/无人机05_1581F7K3C251400CFB45/DJI_202609081039_005/DJI_20260908105253_0001_V.MP4,@raw/04_第四批_20260908_1053_多火点与余热点/01_正式视频/无人机05_1581F7K3C251400CFB45/DJI_202609081039_005/DJI_20260908105253_0001_T.MP4,973.8673,973.740433,2026-09-08 11:09:06.892,2026-09-08 11:09:06.685,2026-09-08 11:09:06.634,24.00,1.00,24.00,1.00,52.70,1.00,0
B4,uav-06,DJI_202609081040_004,DJI_20260908105300_0001,0,@raw/04_第四批_20260908_1053_多火点与余热点/01_正式视频/无人机06_1581F7K3C254N00D16Y8/DJI_202609081040_004/DJI_20260908105300_0001_S.MP4,@raw/04_第四批_20260908_1053_多火点与余热点/01_正式视频/无人机06_1581F7K3C254N00D16Y8/DJI_202609081040_004/DJI_20260908105300_0001_V.MP4,@raw/04_第四批_20260908_1053_多火点与余热点/01_正式视频/无人机06_1581F7K3C254N00D16Y8/DJI_202609081040_004/DJI_20260908105300_0001_T.MP4,0.5,0.5,2026-09-08 10:53:01.125,2026-09-08 10:53:01.200,2026-09-08 10:53:01.155,54.70,2.28,54.70,2.28,52.70,1.00,0
B4,uav-06,DJI_202609081040_004,DJI_20260908105300_0001,1,@raw/04_第四批_20260908_1053_多火点与余热点/01_正式视频/无人机06_1581F7K3C254N00D16Y8/DJI_202609081040_004/DJI_20260908105300_0001_S.MP4,@raw/04_第四批_20260908_1053_多火点与余热点/01_正式视频/无人机06_1581F7K3C254N00D16Y8/DJI_202609081040_004/DJI_20260908105300_0001_V.MP4,@raw/04_第四批_20260908_1053_多火点与余热点/01_正式视频/无人机06_1581F7K3C254N00D16Y8/DJI_202609081040_004/DJI_20260908105300_0001_T.MP4,425.53385,425.4416835,2026-09-08 11:00:06.206,2026-09-08 11:00:06.652,2026-09-08 11:00:06.136,52.70,1.00,54.70,2.28,52.70,1.00,1
B4,uav-06,DJI_202609081040_004,DJI_20260908105300_0001,2,@raw/04_第四批_20260908_1053_多火点与余热点/01_正式视频/无人机06_1581F7K3C254N00D16Y8/DJI_202609081040_004/DJI_20260908105300_0001_S.MP4,@raw/04_第四批_20260908_1053_多火点与余热点/01_正式视频/无人机06_1581F7K3C254N00D16Y8/DJI_202609081040_004/DJI_20260908105300_0001_V.MP4,@raw/04_第四批_20260908_1053_多火点与余热点/01_正式视频/无人机06_1581F7K3C254N00D16Y8/DJI_202609081040_004/DJI_20260908105300_0001_T.MP4,850.0677,849.883367,2026-09-08 11:07:10.295,2026-09-08 11:07:10.922,2026-09-08 11:07:10.990,54.70,2.28,54.70,2.28,52.70,1.00,0
B4,uav-07,DJI_202609081048_005,DJI_20260908105258_0001,0,@raw/04_第四批_20260908_1053_多火点与余热点/01_正式视频/无人机07_1581F7K3325B100AS0AG/DJI_202609081048_005/DJI_20260908105258_0001_S.MP4,@raw/04_第四批_20260908_1053_多火点与余热点/01_正式视频/无人机07_1581F7K3325B100AS0AG/DJI_202609081048_005/DJI_20260908105258_0001_V.MP4,@raw/04_第四批_20260908_1053_多火点与余热点/01_正式视频/无人机07_1581F7K3325B100AS0AG/DJI_202609081048_005/DJI_20260908105258_0001_T.MP4,0.5,0.5,2026-09-08 10:52:59.179,2026-09-08 10:52:59.135,2026-09-08 10:52:59.245,55.30,2.30,55.30,2.30,52.70,1.00,0
B4,uav-07,DJI_202609081048_005,DJI_20260908105258_0001,1,@raw/04_第四批_20260908_1053_多火点与余热点/01_正式视频/无人机07_1581F7K3325B100AS0AG/DJI_202609081048_005/DJI_20260908105258_0001_S.MP4,@raw/04_第四批_20260908_1053_多火点与余热点/01_正式视频/无人机07_1581F7K3325B100AS0AG/DJI_202609081048_005/DJI_20260908105258_0001_V.MP4,@raw/04_第四批_20260908_1053_多火点与余热点/01_正式视频/无人机07_1581F7K3325B100AS0AG/DJI_202609081048_005/DJI_20260908105258_0001_T.MP4,424.3906335,424.424,2026-09-08 11:00:02.578,2026-09-08 11:00:03.542,2026-09-08 11:00:03.230,55.30,2.30,55.30,2.30,52.70,1.00,0
B4,uav-07,DJI_202609081048_005,DJI_20260908105258_0001,2,@raw/04_第四批_20260908_1053_多火点与余热点/01_正式视频/无人机07_1581F7K3325B100AS0AG/DJI_202609081048_005/DJI_20260908105258_0001_S.MP4,@raw/04_第四批_20260908_1053_多火点与余热点/01_正式视频/无人机07_1581F7K3325B100AS0AG/DJI_202609081048_005/DJI_20260908105258_0001_V.MP4,@raw/04_第四批_20260908_1053_多火点与余热点/01_正式视频/无人机07_1581F7K3325B100AS0AG/DJI_202609081048_005/DJI_20260908105258_0001_T.MP4,847.781267,847.848,2026-09-08 11:07:06.011,2026-09-08 11:07:06.975,2026-09-08 11:07:06.242,24.00,1.00,24.00,1.00,52.70,1.00,0
B4,uav-08,DJI_202609081036_005,DJI_20260908105257_0001,0,@raw/04_第四批_20260908_1053_多火点与余热点/01_正式视频/无人机08_1581F7K3C256N00DCP1T/DJI_202609081036_005/DJI_20260908105257_0001_S.MP4,@raw/04_第四批_20260908_1053_多火点与余热点/01_正式视频/无人机08_1581F7K3C256N00DCP1T/DJI_202609081036_005/DJI_20260908105257_0001_V.MP4,@raw/04_第四批_20260908_1053_多火点与余热点/01_正式视频/无人机08_1581F7K3C256N00DCP1T/DJI_202609081036_005/DJI_20260908105257_0001_T.MP4,0.5,0.5,2026-09-08 10:52:57.559,2026-09-08 10:52:57.710,2026-09-08 10:52:57.559,24.00,1.00,24.00,1.00,52.70,1.00,0
B4,uav-08,DJI_202609081036_005,DJI_20260908105257_0001,1,@raw/04_第四批_20260908_1053_多火点与余热点/01_正式视频/无人机08_1581F7K3C256N00DCP1T/DJI_202609081036_005/DJI_20260908105257_0001_S.MP4,@raw/04_第四批_20260908_1053_多火点与余热点/01_正式视频/无人机08_1581F7K3C256N00DCP1T/DJI_202609081036_005/DJI_20260908105257_0001_V.MP4,@raw/04_第四批_20260908_1053_多火点与余热点/01_正式视频/无人机08_1581F7K3C256N00DCP1T/DJI_202609081036_005/DJI_20260908105257_0001_T.MP4,539.6761335,539.6391,2026-09-08 11:01:56.917,2026-09-08 11:01:57.278,2026-09-08 11:01:56.576,52.70,1.00,24.00,1.00,52.70,1.00,1
B4,uav-08,DJI_202609081036_005,DJI_20260908105257_0001,2,@raw/04_第四批_20260908_1053_多火点与余热点/01_正式视频/无人机08_1581F7K3C256N00DCP1T/DJI_202609081036_005/DJI_20260908105257_0001_S.MP4,@raw/04_第四批_20260908_1053_多火点与余热点/01_正式视频/无人机08_1581F7K3C256N00DCP1T/DJI_202609081036_005/DJI_20260908105257_0001_V.MP4,@raw/04_第四批_20260908_1053_多火点与余热点/01_正式视频/无人机08_1581F7K3C256N00DCP1T/DJI_202609081036_005/DJI_20260908105257_0001_T.MP4,1078.352267,1078.2782,2026-09-08 11:10:55.418,2026-09-08 11:10:55.815,2026-09-08 11:10:55.570,24.00,1.00,24.00,1.00,52.70,1.00,0
B4,uav-09,DJI_202609081039_006,DJI_20260908105258_0002,0,@raw/04_第四批_20260908_1053_多火点与余热点/01_正式视频/无人机09_1581F7K3C24CS00AX535/DJI_202609081039_006/DJI_20260908105258_0002_S.MP4,@raw/04_第四批_20260908_1053_多火点与余热点/01_正式视频/无人机09_1581F7K3C24CS00AX535/DJI_202609081039_006/DJI_20260908105258_0002_V.MP4,@raw/04_第四批_20260908_1053_多火点与余热点/01_正式视频/无人机09_1581F7K3C24CS00AX535/DJI_202609081039_006/DJI_20260908105258_0002_T.MP4,0.5,0.5,2026-09-08 10:52:58.959,2026-09-08 10:52:58.935,2026-09-08 10:52:59.013,54.60,2.28,54.60,2.28,52.70,1.00,0
B4,uav-09,DJI_202609081039_006,DJI_20260908105258_0002,1,@raw/04_第四批_20260908_1053_多火点与余热点/01_正式视频/无人机09_1581F7K3C24CS00AX535/DJI_202609081039_006/DJI_20260908105258_0002_S.MP4,@raw/04_第四批_20260908_1053_多火点与余热点/01_正式视频/无人机09_1581F7K3C24CS00AX535/DJI_202609081039_006/DJI_20260908105258_0002_V.MP4,@raw/04_第四批_20260908_1053_多火点与余热点/01_正式视频/无人机09_1581F7K3C24CS00AX535/DJI_202609081039_006/DJI_20260908105258_0002_T.MP4,440.91455,440.9238165,2026-09-08 11:00:19.357,2026-09-08 11:00:19.346,2026-09-08 11:00:18.980,54.60,2.28,54.60,2.28,52.70,1.00,0
B4,uav-09,DJI_202609081039_006,DJI_20260908105258_0002,2,@raw/04_第四批_20260908_1053_多火点与余热点/01_正式视频/无人机09_1581F7K3C24CS00AX535/DJI_202609081039_006/DJI_20260908105258_0002_S.MP4,@raw/04_第四批_20260908_1053_多火点与余热点/01_正式视频/无人机09_1581F7K3C24CS00AX535/DJI_202609081039_006/DJI_20260908105258_0002_V.MP4,@raw/04_第四批_20260908_1053_多火点与余热点/01_正式视频/无人机09_1581F7K3C24CS00AX535/DJI_202609081039_006/DJI_20260908105258_0002_T.MP4,880.8291,880.847633,2026-09-08 11:07:38.769,2026-09-08 11:07:38.799,2026-09-08 11:07:38.986,54.60,2.28,54.60,2.28,52.70,1.00,0
B90,uav-01,DJI_202609080913_003,DJI_20260908092406_0001,0,@raw/90_短视频_试拍_补拍/无人机01_1581F7K3C251800CYBVP/DJI_202609080913_003/DJI_20260908092406_0001_S.MP4,@raw/90_短视频_试拍_补拍/无人机01_1581F7K3C251800CYBVP/DJI_202609080913_003/DJI_20260908092406_0001_V.MP4,@raw/90_短视频_试拍_补拍/无人机01_1581F7K3C251800CYBVP/DJI_202609080913_003/DJI_20260908092406_0001_T.MP4,0.5,0.5,2026-09-08 09:24:06.820,2026-09-08 09:24:06.817,2026-09-08 09:24:06.873,53.60,2.23,53.60,2.23,52.70,1.00,0
B90,uav-01,DJI_202609080913_003,DJI_20260908092406_0001,1,@raw/90_短视频_试拍_补拍/无人机01_1581F7K3C251800CYBVP/DJI_202609080913_003/DJI_20260908092406_0001_S.MP4,@raw/90_短视频_试拍_补拍/无人机01_1581F7K3C251800CYBVP/DJI_202609080913_003/DJI_20260908092406_0001_V.MP4,@raw/90_短视频_试拍_补拍/无人机01_1581F7K3C251800CYBVP/DJI_202609080913_003/DJI_20260908092406_0001_T.MP4,0.3837165,0.3670335,2026-09-08 09:24:06.820,2026-09-08 09:24:06.817,2026-09-08 09:24:06.873,53.60,2.23,53.60,2.23,52.70,1.00,0
B90,uav-01,DJI_202609080913_003,DJI_20260908092406_0001,2,@raw/90_短视频_试拍_补拍/无人机01_1581F7K3C251800CYBVP/DJI_202609080913_003/DJI_20260908092406_0001_S.MP4,@raw/90_短视频_试拍_补拍/无人机01_1581F7K3C251800CYBVP/DJI_202609080913_003/DJI_20260908092406_0001_V.MP4,@raw/90_短视频_试拍_补拍/无人机01_1581F7K3C251800CYBVP/DJI_202609080913_003/DJI_20260908092406_0001_T.MP4,0.5,0.5,2026-09-08 09:24:06.820,2026-09-08 09:24:06.817,2026-09-08 09:24:06.873,53.60,2.23,53.60,2.23,52.70,1.00,0
B90,uav-01,DJI_202609080913_003,DJI_20260908092420_0002,0,@raw/90_短视频_试拍_补拍/无人机01_1581F7K3C251800CYBVP/DJI_202609080913_003/DJI_20260908092420_0002_S.MP4,@raw/90_短视频_试拍_补拍/无人机01_1581F7K3C251800CYBVP/DJI_202609080913_003/DJI_20260908092420_0002_V.MP4,@raw/90_短视频_试拍_补拍/无人机01_1581F7K3C251800CYBVP/DJI_202609080913_003/DJI_20260908092420_0002_T.MP4,0.5,0.5,2026-09-08 09:24:20.455,2026-09-08 09:24:20.415,2026-09-08 09:24:20.529,53.60,2.23,53.60,2.23,52.70,1.00,0
B90,uav-01,DJI_202609080913_003,DJI_20260908092420_0002,1,@raw/90_短视频_试拍_补拍/无人机01_1581F7K3C251800CYBVP/DJI_202609080913_003/DJI_20260908092420_0002_S.MP4,@raw/90_短视频_试拍_补拍/无人机01_1581F7K3C251800CYBVP/DJI_202609080913_003/DJI_20260908092420_0002_V.MP4,@raw/90_短视频_试拍_补拍/无人机01_1581F7K3C251800CYBVP/DJI_202609080913_003/DJI_20260908092420_0002_T.MP4,4.5712335,4.5879165,2026-09-08 09:24:24.450,2026-09-08 09:24:24.410,2026-09-08 09:24:24.496,53.60,2.23,53.60,2.23,52.70,1.00,0
B90,uav-01,DJI_202609080913_003,DJI_20260908092420_0002,2,@raw/90_短视频_试拍_补拍/无人机01_1581F7K3C251800CYBVP/DJI_202609080913_003/DJI_20260908092420_0002_S.MP4,@raw/90_短视频_试拍_补拍/无人机01_1581F7K3C251800CYBVP/DJI_202609080913_003/DJI_20260908092420_0002_V.MP4,@raw/90_短视频_试拍_补拍/无人机01_1581F7K3C251800CYBVP/DJI_202609080913_003/DJI_20260908092420_0002_T.MP4,8.142467,8.175833,2026-09-08 09:24:28.453,2026-09-08 09:24:28.414,2026-09-08 09:24:28.495,53.60,2.23,53.60,2.23,52.70,1.00,0
B90,uav-01,DJI_202609080945_004,DJI_20260908100604_0001,0,@raw/90_短视频_试拍_补拍/无人机01_1581F7K3C251800CYBVP/DJI_202609080945_004/DJI_20260908100604_0001_S.MP4,@raw/90_短视频_试拍_补拍/无人机01_1581F7K3C251800CYBVP/DJI_202609080945_004/DJI_20260908100604_0001_V.MP4,@raw/90_短视频_试拍_补拍/无人机01_1581F7K3C251800CYBVP/DJI_202609080945_004/DJI_20260908100604_0001_T.MP4,0.5,0.5,2026-09-08 10:06:04.762,2026-09-08 10:06:04.818,2026-09-08 10:06:04.811,54.10,2.25,54.10,2.25,52.70,1.00,0
B90,uav-01,DJI_202609080945_004,DJI_20260908100604_0001,1,@raw/90_短视频_试拍_补拍/无人机01_1581F7K3C251800CYBVP/DJI_202609080945_004/DJI_20260908100604_0001_S.MP4,@raw/90_短视频_试拍_补拍/无人机01_1581F7K3C251800CYBVP/DJI_202609080945_004/DJI_20260908100604_0001_V.MP4,@raw/90_短视频_试拍_补拍/无人机01_1581F7K3C251800CYBVP/DJI_202609080945_004/DJI_20260908100604_0001_T.MP4,69.3175,69.2858835,2026-09-08 10:07:13.752,2026-09-08 10:07:13.847,2026-09-08 10:07:13.794,54.10,2.25,54.10,2.25,52.70,1.00,0
B90,uav-01,DJI_202609080945_004,DJI_20260908100604_0001,2,@raw/90_短视频_试拍_补拍/无人机01_1581F7K3C251800CYBVP/DJI_202609080945_004/DJI_20260908100604_0001_S.MP4,@raw/90_短视频_试拍_补拍/无人机01_1581F7K3C251800CYBVP/DJI_202609080945_004/DJI_20260908100604_0001_V.MP4,@raw/90_短视频_试拍_补拍/无人机01_1581F7K3C251800CYBVP/DJI_202609080945_004/DJI_20260908100604_0001_T.MP4,137.635,137.571767,2026-09-08 10:08:21.818,2026-09-08 10:08:21.914,2026-09-08 10:08:21.795,53.30,2.22,53.30,2.22,52.70,1.00,0
B90,uav-01,DJI_202609081030_005,DJI_20260908105026_0001,0,@raw/90_短视频_试拍_补拍/无人机01_1581F7K3C251800CYBVP/DJI_202609081030_005/DJI_20260908105026_0001_S.MP4,@raw/90_短视频_试拍_补拍/无人机01_1581F7K3C251800CYBVP/DJI_202609081030_005/DJI_20260908105026_0001_V.MP4,@raw/90_短视频_试拍_补拍/无人机01_1581F7K3C251800CYBVP/DJI_202609081030_005/DJI_20260908105026_0001_T.MP4,0.5,0.5,2026-09-08 10:50:27.351,2026-09-08 10:50:27.305,2026-09-08 10:50:27.382,31.40,1.31,31.40,1.31,52.70,1.00,0
B90,uav-01,DJI_202609081030_005,DJI_20260908105026_0001,1,@raw/90_短视频_试拍_补拍/无人机01_1581F7K3C251800CYBVP/DJI_202609081030_005/DJI_20260908105026_0001_S.MP4,@raw/90_短视频_试拍_补拍/无人机01_1581F7K3C251800CYBVP/DJI_202609081030_005/DJI_20260908105026_0001_V.MP4,@raw/90_短视频_试拍_补拍/无人机01_1581F7K3C251800CYBVP/DJI_202609081030_005/DJI_20260908105026_0001_T.MP4,0.3003,0.3169835,2026-09-08 10:50:27.351,2026-09-08 10:50:27.305,2026-09-08 10:50:27.382,31.40,1.31,31.40,1.31,52.70,1.00,0
B90,uav-01,DJI_202609081030_005,DJI_20260908105026_0001,2,@raw/90_短视频_试拍_补拍/无人机01_1581F7K3C251800CYBVP/DJI_202609081030_005/DJI_20260908105026_0001_S.MP4,@raw/90_短视频_试拍_补拍/无人机01_1581F7K3C251800CYBVP/DJI_202609081030_005/DJI_20260908105026_0001_V.MP4,@raw/90_短视频_试拍_补拍/无人机01_1581F7K3C251800CYBVP/DJI_202609081030_005/DJI_20260908105026_0001_T.MP4,0.5,0.5,2026-09-08 10:50:27.351,2026-09-08 10:50:27.305,2026-09-08 10:50:27.382,31.40,1.31,31.40,1.31,52.70,1.00,0
B90,uav-02,DJI_202609071516_002,DJI_20260907152749_0001,0,@raw/90_短视频_试拍_补拍/无人机02_1581F7K3C267500D2DQD/DJI_202609071516_002/DJI_20260907152749_0001_S.MP4,@raw/90_短视频_试拍_补拍/无人机02_1581F7K3C267500D2DQD/DJI_202609071516_002/DJI_20260907152749_0001_V.MP4,@raw/90_短视频_试拍_补拍/无人机02_1581F7K3C267500D2DQD/DJI_202609071516_002/DJI_20260907152749_0001_T.MP4,0.5,0.5,2026-09-07 15:27:49.709,2026-09-07 15:27:49.796,2026-09-07 15:27:49.688,52.70,1.00,24.00,1.00,52.70,1.00,1
B90,uav-02,DJI_202609071516_002,DJI_20260907152749_0001,1,@raw/90_短视频_试拍_补拍/无人机02_1581F7K3C267500D2DQD/DJI_202609071516_002/DJI_20260907152749_0001_S.MP4,@raw/90_短视频_试拍_补拍/无人机02_1581F7K3C267500D2DQD/DJI_202609071516_002/DJI_20260907152749_0001_V.MP4,@raw/90_短视频_试拍_补拍/无人机02_1581F7K3C267500D2DQD/DJI_202609071516_002/DJI_20260907152749_0001_T.MP4,51.5666665,51.4847665,2026-09-07 15:28:40.633,2026-09-07 15:28:40.845,2026-09-07 15:28:40.628,52.70,1.00,24.00,1.00,52.70,1.00,1
B90,uav-02,DJI_202609071516_002,DJI_20260907152749_0001,2,@raw/90_短视频_试拍_补拍/无人机02_1581F7K3C267500D2DQD/DJI_202609071516_002/DJI_20260907152749_0001_S.MP4,@raw/90_短视频_试拍_补拍/无人机02_1581F7K3C267500D2DQD/DJI_202609071516_002/DJI_20260907152749_0001_V.MP4,@raw/90_短视频_试拍_补拍/无人机02_1581F7K3C267500D2DQD/DJI_202609071516_002/DJI_20260907152749_0001_T.MP4,102.133333,101.969533,2026-09-07 15:29:31.637,2026-09-07 15:29:30.893,2026-09-07 15:29:31.629,52.70,1.00,24.00,1.00,52.70,1.00,1
B90,uav-02,DJI_202609071534_003,DJI_20260907155619_0001,0,@raw/90_短视频_试拍_补拍/无人机02_1581F7K3C267500D2DQD/DJI_202609071534_003/DJI_20260907155619_0001_S.MP4,@raw/90_短视频_试拍_补拍/无人机02_1581F7K3C267500D2DQD/DJI_202609071534_003/DJI_20260907155619_0001_V.MP4,@raw/90_短视频_试拍_补拍/无人机02_1581F7K3C267500D2DQD/DJI_202609071534_003/DJI_20260907155619_0001_T.MP4,0.5,0.5,2026-09-07 15:56:19.503,2026-09-07 15:56:19.385,2026-09-07 15:56:19.469,51.70,2.15,51.70,2.15,52.70,1.00,0
B90,uav-02,DJI_202609071534_003,DJI_20260907155619_0001,1,@raw/90_短视频_试拍_补拍/无人机02_1581F7K3C267500D2DQD/DJI_202609071534_003/DJI_20260907155619_0001_S.MP4,@raw/90_短视频_试拍_补拍/无人机02_1581F7K3C267500D2DQD/DJI_202609071534_003/DJI_20260907155619_0001_V.MP4,@raw/90_短视频_试拍_补拍/无人机02_1581F7K3C267500D2DQD/DJI_202609071534_003/DJI_20260907155619_0001_T.MP4,3.5869165,3.6369665,2026-09-07 15:56:22.479,2026-09-07 15:56:22.375,2026-09-07 15:56:22.463,51.70,2.15,51.70,2.15,52.70,1.00,0
B90,uav-02,DJI_202609071534_003,DJI_20260907155619_0001,2,@raw/90_短视频_试拍_补拍/无人机02_1581F7K3C267500D2DQD/DJI_202609071534_003/DJI_20260907155619_0001_S.MP4,@raw/90_短视频_试拍_补拍/无人机02_1581F7K3C267500D2DQD/DJI_202609071534_003/DJI_20260907155619_0001_V.MP4,@raw/90_短视频_试拍_补拍/无人机02_1581F7K3C267500D2DQD/DJI_202609071534_003/DJI_20260907155619_0001_T.MP4,6.173833,6.273933,2026-09-07 15:56:25.485,2026-09-07 15:56:25.378,2026-09-07 15:56:25.463,54.10,2.25,54.10,2.25,52.70,1.00,0
B90,uav-02,DJI_202609071534_003,DJI_20260907155633_0002,0,@raw/90_短视频_试拍_补拍/无人机02_1581F7K3C267500D2DQD/DJI_202609071534_003/DJI_20260907155633_0002_S.MP4,@raw/90_短视频_试拍_补拍/无人机02_1581F7K3C267500D2DQD/DJI_202609071534_003/DJI_20260907155633_0002_V.MP4,@raw/90_短视频_试拍_补拍/无人机02_1581F7K3C267500D2DQD/DJI_202609071534_003/DJI_20260907155633_0002_T.MP4,0.5,0.5,2026-09-07 15:56:33.467,2026-09-07 15:56:33.386,2026-09-07 15:56:33.572,54.10,2.25,54.10,2.25,52.70,1.00,0
B90,uav-02,DJI_202609071534_003,DJI_20260907155633_0002,1,@raw/90_短视频_试拍_补拍/无人机02_1581F7K3C267500D2DQD/DJI_202609071534_003/DJI_20260907155633_0002_S.MP4,@raw/90_短视频_试拍_补拍/无人机02_1581F7K3C267500D2DQD/DJI_202609071534_003/DJI_20260907155633_0002_V.MP4,@raw/90_短视频_试拍_补拍/无人机02_1581F7K3C267500D2DQD/DJI_202609071534_003/DJI_20260907155633_0002_T.MP4,3.003,3.05305,2026-09-07 15:56:36.460,2026-09-07 15:56:36.389,2026-09-07 15:56:35.534,54.10,2.25,54.10,2.25,52.70,1.00,0
B90,uav-02,DJI_202609071534_003,DJI_20260907155633_0002,2,@raw/90_短视频_试拍_补拍/无人机02_1581F7K3C267500D2DQD/DJI_202609071534_003/DJI_20260907155633_0002_S.MP4,@raw/90_短视频_试拍_补拍/无人机02_1581F7K3C267500D2DQD/DJI_202609071534_003/DJI_20260907155633_0002_V.MP4,@raw/90_短视频_试拍_补拍/无人机02_1581F7K3C267500D2DQD/DJI_202609071534_003/DJI_20260907155633_0002_T.MP4,5.006,5.1061,2026-09-07 15:56:38.461,2026-09-07 15:56:38.391,2026-09-07 15:56:37.534,54.10,2.25,54.10,2.25,52.70,1.00,0
B90,uav-02,DJI_202609071534_003,DJI_20260907155817_0003,0,@raw/90_短视频_试拍_补拍/无人机02_1581F7K3C267500D2DQD/DJI_202609071534_003/DJI_20260907155817_0003_S.MP4,@raw/90_短视频_试拍_补拍/无人机02_1581F7K3C267500D2DQD/DJI_202609071534_003/DJI_20260907155817_0003_V.MP4,@raw/90_短视频_试拍_补拍/无人机02_1581F7K3C267500D2DQD/DJI_202609071534_003/DJI_20260907155817_0003_T.MP4,0.5,0.5,2026-09-07 15:58:17.392,2026-09-07 15:58:17.290,2026-09-07 15:58:17.315,54.10,2.25,54.10,2.25,52.70,1.00,0
B90,uav-02,DJI_202609071534_003,DJI_20260907155817_0003,1,@raw/90_短视频_试拍_补拍/无人机02_1581F7K3C267500D2DQD/DJI_202609071534_003/DJI_20260907155817_0003_S.MP4,@raw/90_短视频_试拍_补拍/无人机02_1581F7K3C267500D2DQD/DJI_202609071534_003/DJI_20260907155817_0003_V.MP4,@raw/90_短视频_试拍_补拍/无人机02_1581F7K3C267500D2DQD/DJI_202609071534_003/DJI_20260907155817_0003_T.MP4,6.2228835,6.2729335,2026-09-07 15:58:23.392,2026-09-07 15:58:23.289,2026-09-07 15:58:23.306,54.10,2.25,54.10,2.25,52.70,1.00,0
B90,uav-02,DJI_202609071534_003,DJI_20260907155817_0003,2,@raw/90_短视频_试拍_补拍/无人机02_1581F7K3C267500D2DQD/DJI_202609071534_003/DJI_20260907155817_0003_S.MP4,@raw/90_短视频_试拍_补拍/无人机02_1581F7K3C267500D2DQD/DJI_202609071534_003/DJI_20260907155817_0003_V.MP4,@raw/90_短视频_试拍_补拍/无人机02_1581F7K3C267500D2DQD/DJI_202609071534_003/DJI_20260907155817_0003_T.MP4,11.445767,11.545867,2026-09-07 15:58:28.396,2026-09-07 15:58:28.295,2026-09-07 15:58:28.309,54.10,2.25,54.10,2.25,52.70,1.00,0
B90,uav-02,DJI_202609071534_003,DJI_20260907160144_0004,0,@raw/90_短视频_试拍_补拍/无人机02_1581F7K3C267500D2DQD/DJI_202609071534_003/DJI_20260907160144_0004_S.MP4,@raw/90_短视频_试拍_补拍/无人机02_1581F7K3C267500D2DQD/DJI_202609071534_003/DJI_20260907160144_0004_V.MP4,@raw/90_短视频_试拍_补拍/无人机02_1581F7K3C267500D2DQD/DJI_202609071534_003/DJI_20260907160144_0004_T.MP4,0.5,0.5,2026-09-07 16:01:45.112,2026-09-07 16:01:45.225,2026-09-07 16:01:45.110,54.10,2.25,54.10,2.25,52.70,1.00,0
B90,uav-02,DJI_202609071534_003,DJI_20260907160144_0004,1,@raw/90_短视频_试拍_补拍/无人机02_1581F7K3C267500D2DQD/DJI_202609071534_003/DJI_20260907160144_0004_S.MP4,@raw/90_短视频_试拍_补拍/无人机02_1581F7K3C267500D2DQD/DJI_202609071534_003/DJI_20260907160144_0004_V.MP4,@raw/90_短视频_试拍_补拍/无人机02_1581F7K3C267500D2DQD/DJI_202609071534_003/DJI_20260907160144_0004_T.MP4,2.8862165,2.85285,2026-09-07 16:01:47.033,2026-09-07 16:01:47.095,2026-09-07 16:01:47.075,54.10,2.25,54.10,2.25,52.70,1.00,0
B90,uav-02,DJI_202609071534_003,DJI_20260907160144_0004,2,@raw/90_短视频_试拍_补拍/无人机02_1581F7K3C267500D2DQD/DJI_202609071534_003/DJI_20260907160144_0004_S.MP4,@raw/90_短视频_试拍_补拍/无人机02_1581F7K3C267500D2DQD/DJI_202609071534_003/DJI_20260907160144_0004_V.MP4,@raw/90_短视频_试拍_补拍/无人机02_1581F7K3C267500D2DQD/DJI_202609071534_003/DJI_20260907160144_0004_T.MP4,4.772433,4.7057,2026-09-07 16:01:49.035,2026-09-07 16:01:49.097,2026-09-07 16:01:49.075,54.10,2.25,54.10,2.25,52.70,1.00,0
B90,uav-02,DJI_202609080909_004,DJI_20260908092250_0001,0,@raw/90_短视频_试拍_补拍/无人机02_1581F7K3C267500D2DQD/DJI_202609080909_004/DJI_20260908092250_0001_S.MP4,@raw/90_短视频_试拍_补拍/无人机02_1581F7K3C267500D2DQD/DJI_202609080909_004/DJI_20260908092250_0001_V.MP4,@raw/90_短视频_试拍_补拍/无人机02_1581F7K3C267500D2DQD/DJI_202609080909_004/DJI_20260908092250_0001_T.MP4,0.5,0.5,2026-09-08 09:22:50.750,2026-09-08 09:22:50.805,2026-09-08 09:22:50.833,53.80,2.24,53.80,2.24,52.70,1.00,0
B90,uav-02,DJI_202609080909_004,DJI_20260908092250_0001,1,@raw/90_短视频_试拍_补拍/无人机02_1581F7K3C267500D2DQD/DJI_202609080909_004/DJI_20260908092250_0001_S.MP4,@raw/90_短视频_试拍_补拍/无人机02_1581F7K3C267500D2DQD/DJI_202609080909_004/DJI_20260908092250_0001_V.MP4,@raw/90_短视频_试拍_补拍/无人机02_1581F7K3C267500D2DQD/DJI_202609080909_004/DJI_20260908092250_0001_T.MP4,1.5348665,1.5015,2026-09-08 09:22:51.708,2026-09-08 09:22:51.770,2026-09-08 09:22:51.810,53.80,2.24,53.80,2.24,52.70,1.00,0
B90,uav-02,DJI_202609080909_004,DJI_20260908092250_0001,2,@raw/90_短视频_试拍_补拍/无人机02_1581F7K3C267500D2DQD/DJI_202609080909_004/DJI_20260908092250_0001_S.MP4,@raw/90_短视频_试拍_补拍/无人机02_1581F7K3C267500D2DQD/DJI_202609080909_004/DJI_20260908092250_0001_V.MP4,@raw/90_短视频_试拍_补拍/无人机02_1581F7K3C267500D2DQD/DJI_202609080909_004/DJI_20260908092250_0001_T.MP4,2.069733,2.003,2026-09-08 09:22:52.715,2026-09-08 09:22:52.772,2026-09-08 09:22:52.809,53.80,2.24,53.80,2.24,52.70,1.00,0
B90,uav-03,DJI_202609071448_001,DJI_20260907145316_0001,0,@raw/90_短视频_试拍_补拍/无人机03_1581F7K3C255900D76E8/DJI_202609071448_001/DJI_20260907145316_0001_S.MP4,@raw/90_短视频_试拍_补拍/无人机03_1581F7K3C255900D76E8/DJI_202609071448_001/DJI_20260907145316_0001_V.MP4,@raw/90_短视频_试拍_补拍/无人机03_1581F7K3C255900D76E8/DJI_202609071448_001/DJI_20260907145316_0001_T.MP4,0.5,0.5,2026-09-07 14:53:17.019,2026-09-07 14:53:16.955,2026-09-07 14:53:17.049,24.00,1.00,24.00,1.00,52.70,1.00,0
B90,uav-03,DJI_202609071448_001,DJI_20260907145316_0001,1,@raw/90_短视频_试拍_补拍/无人机03_1581F7K3C255900D76E8/DJI_202609071448_001/DJI_20260907145316_0001_S.MP4,@raw/90_短视频_试拍_补拍/无人机03_1581F7K3C255900D76E8/DJI_202609071448_001/DJI_20260907145316_0001_V.MP4,@raw/90_短视频_试拍_补拍/无人机03_1581F7K3C255900D76E8/DJI_202609071448_001/DJI_20260907145316_0001_T.MP4,15.4821335,15.4988165,2026-09-07 14:53:31.970,2026-09-07 14:53:31.931,2026-09-07 14:53:31.981,24.00,1.00,24.00,1.00,52.70,1.00,0
B90,uav-03,DJI_202609071448_001,DJI_20260907145316_0001,2,@raw/90_短视频_试拍_补拍/无人机03_1581F7K3C255900D76E8/DJI_202609071448_001/DJI_20260907145316_0001_S.MP4,@raw/90_短视频_试拍_补拍/无人机03_1581F7K3C255900D76E8/DJI_202609071448_001/DJI_20260907145316_0001_V.MP4,@raw/90_短视频_试拍_补拍/无人机03_1581F7K3C255900D76E8/DJI_202609071448_001/DJI_20260907145316_0001_T.MP4,29.964267,29.997633,2026-09-07 14:53:45.984,2026-09-07 14:53:45.946,2026-09-07 14:53:45.987,24.00,1.00,24.00,1.00,52.70,1.00,0
B90,uav-03,DJI_202609071448_001,DJI_20260907150014_0002,0,@raw/90_短视频_试拍_补拍/无人机03_1581F7K3C255900D76E8/DJI_202609071448_001/DJI_20260907150014_0002_S.MP4,@raw/90_短视频_试拍_补拍/无人机03_1581F7K3C255900D76E8/DJI_202609071448_001/DJI_20260907150014_0002_V.MP4,@raw/90_短视频_试拍_补拍/无人机03_1581F7K3C255900D76E8/DJI_202609071448_001/DJI_20260907150014_0002_T.MP4,0.5,0.5,2026-09-07 15:00:15.159,2026-09-07 15:00:15.228,2026-09-07 15:00:15.205,24.00,1.00,24.00,1.00,52.70,1.00,0
B90,uav-03,DJI_202609071448_001,DJI_20260907150014_0002,1,@raw/90_短视频_试拍_补拍/无人机03_1581F7K3C255900D76E8/DJI_202609071448_001/DJI_20260907150014_0002_S.MP4,@raw/90_短视频_试拍_补拍/无人机03_1581F7K3C255900D76E8/DJI_202609071448_001/DJI_20260907150014_0002_V.MP4,@raw/90_短视频_试拍_补拍/无人机03_1581F7K3C255900D76E8/DJI_202609071448_001/DJI_20260907150014_0002_T.MP4,3.3700335,3.35335,2026-09-07 15:00:18.134,2026-09-07 15:00:18.192,2026-09-07 15:00:18.166,24.00,1.00,24.00,1.00,52.70,1.00,0
B90,uav-03,DJI_202609071448_001,DJI_20260907150014_0002,2,@raw/90_短视频_试拍_补拍/无人机03_1581F7K3C255900D76E8/DJI_202609071448_001/DJI_20260907150014_0002_S.MP4,@raw/90_短视频_试拍_补拍/无人机03_1581F7K3C255900D76E8/DJI_202609071448_001/DJI_20260907150014_0002_V.MP4,@raw/90_短视频_试拍_补拍/无人机03_1581F7K3C255900D76E8/DJI_202609071448_001/DJI_20260907150014_0002_T.MP4,5.740067,5.7067,2026-09-07 15:00:20.135,2026-09-07 15:00:20.194,2026-09-07 15:00:20.168,24.00,1.00,24.00,1.00,52.70,1.00,0
B90,uav-03,DJI_202609071609_002,DJI_20260907161154_0001,0,@raw/90_短视频_试拍_补拍/无人机03_1581F7K3C255900D76E8/DJI_202609071609_002/DJI_20260907161154_0001_S.MP4,@raw/90_短视频_试拍_补拍/无人机03_1581F7K3C255900D76E8/DJI_202609071609_002/DJI_20260907161154_0001_V.MP4,@raw/90_短视频_试拍_补拍/无人机03_1581F7K3C255900D76E8/DJI_202609071609_002/DJI_20260907161154_0001_T.MP4,0.5,0.5,2026-09-07 16:11:54.752,2026-09-07 16:11:54.805,2026-09-07 16:11:54.748,49.80,2.07,49.80,2.07,52.70,1.00,0
B90,uav-03,DJI_202609071609_002,DJI_20260907161154_0001,1,@raw/90_短视频_试拍_补拍/无人机03_1581F7K3C255900D76E8/DJI_202609071609_002/DJI_20260907161154_0001_S.MP4,@raw/90_短视频_试拍_补拍/无人机03_1581F7K3C255900D76E8/DJI_202609071609_002/DJI_20260907161154_0001_V.MP4,@raw/90_短视频_试拍_补拍/无人机03_1581F7K3C255900D76E8/DJI_202609071609_002/DJI_20260907161154_0001_T.MP4,49.37545,49.3659835,2026-09-07 16:12:43.850,2026-09-07 16:12:43.880,2026-09-07 16:12:43.757,49.80,2.07,49.80,2.07,52.70,1.00,0
B90,uav-03,DJI_202609071609_002,DJI_20260907161154_0001,2,@raw/90_短视频_试拍_补拍/无人机03_1581F7K3C255900D76E8/DJI_202609071609_002/DJI_20260907161154_0001_S.MP4,@raw/90_短视频_试拍_补拍/无人机03_1581F7K3C255900D76E8/DJI_202609071609_002/DJI_20260907161154_0001_V.MP4,@raw/90_短视频_试拍_补拍/无人机03_1581F7K3C255900D76E8/DJI_202609071609_002/DJI_20260907161154_0001_T.MP4,97.7509,97.731967,2026-09-07 16:13:31.894,2026-09-07 16:13:31.918,2026-09-07 16:13:31.754,52.70,1.00,52.90,2.20,52.70,1.00,1
B90,uav-03,DJI_202609071609_002,DJI_20260907161336_0002,0,@raw/90_短视频_试拍_补拍/无人机03_1581F7K3C255900D76E8/DJI_202609071609_002/DJI_20260907161336_0002_S.MP4,@raw/90_短视频_试拍_补拍/无人机03_1581F7K3C255900D76E8/DJI_202609071609_002/DJI_20260907161336_0002_V.MP4,@raw/90_短视频_试拍_补拍/无人机03_1581F7K3C255900D76E8/DJI_202609071609_002/DJI_20260907161336_0002_T.MP4,0.5,0.5,2026-09-07 16:13:36.622,2026-09-07 16:13:36.600,2026-09-07 16:13:36.685,52.90,2.20,52.90,2.20,52.70,1.00,0
B90,uav-03,DJI_202609071609_002,DJI_20260907161336_0002,1,@raw/90_短视频_试拍_补拍/无人机03_1581F7K3C255900D76E8/DJI_202609071609_002/DJI_20260907161336_0002_S.MP4,@raw/90_短视频_试拍_补拍/无人机03_1581F7K3C255900D76E8/DJI_202609071609_002/DJI_20260907161336_0002_V.MP4,@raw/90_短视频_试拍_补拍/无人机03_1581F7K3C255900D76E8/DJI_202609071609_002/DJI_20260907161336_0002_T.MP4,74.1741,74.1907835,2026-09-07 16:14:50.688,2026-09-07 16:14:50.681,2026-09-07 16:14:50.695,52.90,2.20,52.90,2.20,52.70,1.00,0
B90,uav-03,DJI_202609071609_002,DJI_20260907161336_0002,2,@raw/90_短视频_试拍_补拍/无人机03_1581F7K3C255900D76E8/DJI_202609071609_002/DJI_20260907161336_0002_S.MP4,@raw/90_短视频_试拍_补拍/无人机03_1581F7K3C255900D76E8/DJI_202609071609_002/DJI_20260907161336_0002_V.MP4,@raw/90_短视频_试拍_补拍/无人机03_1581F7K3C255900D76E8/DJI_202609071609_002/DJI_20260907161336_0002_T.MP4,147.3482,147.381567,2026-09-07 16:16:03.749,2026-09-07 16:16:03.743,2026-09-07 16:16:03.685,52.90,2.20,52.90,2.20,52.70,1.00,0
B90,uav-03,DJI_202609080916_004,DJI_20260908092444_0001,0,@raw/90_短视频_试拍_补拍/无人机03_1581F7K3C255900D76E8/DJI_202609080916_004/DJI_20260908092444_0001_S.MP4,@raw/90_短视频_试拍_补拍/无人机03_1581F7K3C255900D76E8/DJI_202609080916_004/DJI_20260908092444_0001_V.MP4,@raw/90_短视频_试拍_补拍/无人机03_1581F7K3C255900D76E8/DJI_202609080916_004/DJI_20260908092444_0001_T.MP4,0.5,0.5,2026-09-08 09:24:45.141,2026-09-08 09:24:45.113,2026-09-08 09:24:45.092,24.00,1.00,24.00,1.00,52.70,1.00,0
B90,uav-03,DJI_202609080916_004,DJI_20260908092444_0001,1,@raw/90_短视频_试拍_补拍/无人机03_1581F7K3C255900D76E8/DJI_202609080916_004/DJI_20260908092444_0001_S.MP4,@raw/90_短视频_试拍_补拍/无人机03_1581F7K3C255900D76E8/DJI_202609080916_004/DJI_20260908092444_0001_V.MP4,@raw/90_短视频_试拍_补拍/无人机03_1581F7K3C255900D76E8/DJI_202609080916_004/DJI_20260908092444_0001_T.MP4,0.5171835,0.5171835,2026-09-08 09:24:45.141,2026-09-08 09:24:45.113,2026-09-08 09:24:45.092,24.00,1.00,24.00,1.00,52.70,1.00,0
B90,uav-03,DJI_202609080916_004,DJI_20260908092444_0001,2,@raw/90_短视频_试拍_补拍/无人机03_1581F7K3C255900D76E8/DJI_202609080916_004/DJI_20260908092444_0001_S.MP4,@raw/90_短视频_试拍_补拍/无人机03_1581F7K3C255900D76E8/DJI_202609080916_004/DJI_20260908092444_0001_V.MP4,@raw/90_短视频_试拍_补拍/无人机03_1581F7K3C255900D76E8/DJI_202609080916_004/DJI_20260908092444_0001_T.MP4,0.5,0.5,2026-09-08 09:24:45.141,2026-09-08 09:24:45.113,2026-09-08 09:24:45.092,24.00,1.00,24.00,1.00,52.70,1.00,0
B90,uav-03,DJI_202609080916_004,DJI_20260908094824_0003,0,@raw/90_短视频_试拍_补拍/无人机03_1581F7K3C255900D76E8/DJI_202609080916_004/DJI_20260908094824_0003_S.MP4,@raw/90_短视频_试拍_补拍/无人机03_1581F7K3C255900D76E8/DJI_202609080916_004/DJI_20260908094824_0003_V.MP4,@raw/90_短视频_试拍_补拍/无人机03_1581F7K3C255900D76E8/DJI_202609080916_004/DJI_20260908094824_0003_T.MP4,0.5,0.5,2026-09-08 09:48:24.925,2026-09-08 09:48:24.850,2026-09-08 09:48:24.929,24.00,1.00,24.00,1.00,52.70,1.00,0
B90,uav-03,DJI_202609080916_004,DJI_20260908094824_0003,1,@raw/90_短视频_试拍_补拍/无人机03_1581F7K3C255900D76E8/DJI_202609080916_004/DJI_20260908094824_0003_S.MP4,@raw/90_短视频_试拍_补拍/无人机03_1581F7K3C255900D76E8/DJI_202609080916_004/DJI_20260908094824_0003_V.MP4,@raw/90_短视频_试拍_补拍/无人机03_1581F7K3C255900D76E8/DJI_202609080916_004/DJI_20260908094824_0003_T.MP4,25.6089165,25.6256,2026-09-08 09:48:49.886,2026-09-08 09:48:49.850,2026-09-08 09:48:49.892,24.00,1.00,24.00,1.00,52.70,1.00,0
B90,uav-03,DJI_202609080916_004,DJI_20260908094824_0003,2,@raw/90_短视频_试拍_补拍/无人机03_1581F7K3C255900D76E8/DJI_202609080916_004/DJI_20260908094824_0003_S.MP4,@raw/90_短视频_试拍_补拍/无人机03_1581F7K3C255900D76E8/DJI_202609080916_004/DJI_20260908094824_0003_V.MP4,@raw/90_短视频_试拍_补拍/无人机03_1581F7K3C255900D76E8/DJI_202609080916_004/DJI_20260908094824_0003_T.MP4,50.217833,50.2512,2026-09-08 09:49:14.911,2026-09-08 09:49:14.874,2026-09-08 09:49:14.888,24.00,1.00,24.00,1.00,52.70,1.00,0
B90,uav-04,DJI_202609080915_034,DJI_20260908092113_0001,0,@raw/90_短视频_试拍_补拍/无人机04_1581F7K33258900AP021/DJI_202609080915_034/DJI_20260908092113_0001_S.MP4,@raw/90_短视频_试拍_补拍/无人机04_1581F7K33258900AP021/DJI_202609080915_034/DJI_20260908092113_0001_V.MP4,@raw/90_短视频_试拍_补拍/无人机04_1581F7K33258900AP021/DJI_202609080915_034/DJI_20260908092113_0001_T.MP4,0.5,0.5,2026-09-08 09:21:14.314,2026-09-08 09:21:14.272,2026-09-08 09:21:14.342,55.00,2.29,55.00,2.29,52.70,1.00,0
B90,uav-04,DJI_202609080915_034,DJI_20260908092113_0001,1,@raw/90_短视频_试拍_补拍/无人机04_1581F7K33258900AP021/DJI_202609080915_034/DJI_20260908092113_0001_S.MP4,@raw/90_短视频_试拍_补拍/无人机04_1581F7K33258900AP021/DJI_202609080915_034/DJI_20260908092113_0001_V.MP4,@raw/90_短视频_试拍_补拍/无人机04_1581F7K33258900AP021/DJI_202609080915_034/DJI_20260908092113_0001_T.MP4,1.8184835,1.85185,2026-09-08 09:21:15.300,2026-09-08 09:21:15.259,2026-09-08 09:21:15.281,55.00,2.29,55.00,2.29,52.70,1.00,0
B90,uav-04,DJI_202609080915_034,DJI_20260908092113_0001,2,@raw/90_短视频_试拍_补拍/无人机04_1581F7K33258900AP021/DJI_202609080915_034/DJI_20260908092113_0001_S.MP4,@raw/90_短视频_试拍_补拍/无人机04_1581F7K33258900AP021/DJI_202609080915_034/DJI_20260908092113_0001_V.MP4,@raw/90_短视频_试拍_补拍/无人机04_1581F7K33258900AP021/DJI_202609080915_034/DJI_20260908092113_0001_T.MP4,2.636967,2.7037,2026-09-08 09:21:16.300,2026-09-08 09:21:16.260,2026-09-08 09:21:16.280,55.00,2.29,55.00,2.29,52.70,1.00,0
B90,uav-05,DJI_202609071622_002,DJI_20260907162723_0002,0,@raw/90_短视频_试拍_补拍/无人机05_1581F7K3C251400CFB45/DJI_202609071622_002/DJI_20260907162723_0002_S.MP4,@raw/90_短视频_试拍_补拍/无人机05_1581F7K3C251400CFB45/DJI_202609071622_002/DJI_20260907162723_0002_V.MP4,@raw/90_短视频_试拍_补拍/无人机05_1581F7K3C251400CFB45/DJI_202609071622_002/DJI_20260907162723_0002_T.MP4,0.5,0.5,2026-09-07 16:27:23.940,2026-09-07 16:27:24.043,2026-09-07 16:27:24.009,52.70,1.00,172.10,2.46,52.70,1.00,1
B90,uav-05,DJI_202609071622_002,DJI_20260907162723_0002,1,@raw/90_短视频_试拍_补拍/无人机05_1581F7K3C251400CFB45/DJI_202609071622_002/DJI_20260907162723_0002_S.MP4,@raw/90_短视频_试拍_补拍/无人机05_1581F7K3C251400CFB45/DJI_202609071622_002/DJI_20260907162723_0002_V.MP4,@raw/90_短视频_试拍_补拍/无人机05_1581F7K3C251400CFB45/DJI_202609071622_002/DJI_20260907162723_0002_T.MP4,1.7166665,1.6683335,2026-09-07 16:27:24.910,2026-09-07 16:27:25.028,2026-09-07 16:27:24.972,52.70,1.00,172.10,2.46,52.70,1.00,1
B90,uav-05,DJI_202609071622_002,DJI_20260907162723_0002,2,@raw/90_短视频_试拍_补拍/无人机05_1581F7K3C251400CFB45/DJI_202609071622_002/DJI_20260907162723_0002_S.MP4,@raw/90_短视频_试拍_补拍/无人机05_1581F7K3C251400CFB45/DJI_202609071622_002/DJI_20260907162723_0002_V.MP4,@raw/90_短视频_试拍_补拍/无人机05_1581F7K3C251400CFB45/DJI_202609071622_002/DJI_20260907162723_0002_T.MP4,2.433333,2.336667,2026-09-07 16:27:25.914,2026-09-07 16:27:26.029,2026-09-07 16:27:25.970,52.70,1.00,172.10,2.46,52.70,1.00,1
B90,uav-05,DJI_202609080912_003,DJI_20260908092228_0001,0,@raw/90_短视频_试拍_补拍/无人机05_1581F7K3C251400CFB45/DJI_202609080912_003/DJI_20260908092228_0001_S.MP4,@raw/90_短视频_试拍_补拍/无人机05_1581F7K3C251400CFB45/DJI_202609080912_003/DJI_20260908092228_0001_V.MP4,@raw/90_短视频_试拍_补拍/无人机05_1581F7K3C251400CFB45/DJI_202609080912_003/DJI_20260908092228_0001_T.MP4,0.5,0.5,2026-09-08 09:22:29.219,2026-09-08 09:22:29.279,2026-09-08 09:22:29.157,54.00,2.25,54.00,2.25,52.70,1.00,0
B90,uav-05,DJI_202609080912_003,DJI_20260908092228_0001,1,@raw/90_短视频_试拍_补拍/无人机05_1581F7K3C251400CFB45/DJI_202609080912_003/DJI_20260908092228_0001_S.MP4,@raw/90_短视频_试拍_补拍/无人机05_1581F7K3C251400CFB45/DJI_202609080912_003/DJI_20260908092228_0001_V.MP4,@raw/90_短视频_试拍_补拍/无人机05_1581F7K3C251400CFB45/DJI_202609080912_003/DJI_20260908092228_0001_T.MP4,1.85185,1.8184835,2026-09-08 09:22:30.218,2026-09-08 09:22:30.277,2026-09-08 09:22:30.112,54.00,2.25,54.00,2.25,52.70,1.00,0
B90,uav-05,DJI_202609080912_003,DJI_20260908092228_0001,2,@raw/90_短视频_试拍_补拍/无人机05_1581F7K3C251400CFB45/DJI_202609080912_003/DJI_20260908092228_0001_S.MP4,@raw/90_短视频_试拍_补拍/无人机05_1581F7K3C251400CFB45/DJI_202609080912_003/DJI_20260908092228_0001_V.MP4,@raw/90_短视频_试拍_补拍/无人机05_1581F7K3C251400CFB45/DJI_202609080912_003/DJI_20260908092228_0001_T.MP4,2.7037,2.636967,2026-09-08 09:22:31.221,2026-09-08 09:22:31.280,2026-09-08 09:22:31.113,54.00,2.25,54.00,2.25,52.70,1.00,0
B90,uav-06,DJI_202609071535_001,DJI_20260907155637_0001,0,@raw/90_短视频_试拍_补拍/无人机06_1581F7K3C254N00D16Y8/DJI_202609071535_001/DJI_20260907155637_0001_S.MP4,@raw/90_短视频_试拍_补拍/无人机06_1581F7K3C254N00D16Y8/DJI_202609071535_001/DJI_20260907155637_0001_V.MP4,@raw/90_短视频_试拍_补拍/无人机06_1581F7K3C254N00D16Y8/DJI_202609071535_001/DJI_20260907155637_0001_T.MP4,0.5,0.5,2026-09-07 15:56:38.330,2026-09-07 15:56:38.386,2026-09-07 15:56:38.362,54.50,2.27,54.50,2.27,52.70,1.00,0
B90,uav-06,DJI_202609071535_001,DJI_20260907155637_0001,1,@raw/90_短视频_试拍_补拍/无人机06_1581F7K3C254N00D16Y8/DJI_202609071535_001/DJI_20260907155637_0001_S.MP4,@raw/90_短视频_试拍_补拍/无人机06_1581F7K3C254N00D16Y8/DJI_202609071535_001/DJI_20260907155637_0001_V.MP4,@raw/90_短视频_试拍_补拍/无人机06_1581F7K3C254N00D16Y8/DJI_202609071535_001/DJI_20260907155637_0001_T.MP4,2.9863165,2.9696335,2026-09-07 15:56:40.310,2026-09-07 15:56:40.338,2026-09-07 15:56:41.289,54.50,2.27,54.50,2.27,52.70,1.00,0
B90,uav-06,DJI_202609071535_001,DJI_20260907155637_0001,2,@raw/90_短视频_试拍_补拍/无人机06_1581F7K3C254N00D16Y8/DJI_202609071535_001/DJI_20260907155637_0001_S.MP4,@raw/90_短视频_试拍_补拍/无人机06_1581F7K3C254N00D16Y8/DJI_202609071535_001/DJI_20260907155637_0001_V.MP4,@raw/90_短视频_试拍_补拍/无人机06_1581F7K3C254N00D16Y8/DJI_202609071535_001/DJI_20260907155637_0001_T.MP4,4.972633,4.939267,2026-09-07 15:56:42.310,2026-09-07 15:56:42.341,2026-09-07 15:56:43.289,54.50,2.27,54.50,2.27,52.70,1.00,0
B90,uav-06,DJI_202609080910_002,DJI_20260908092133_0001,0,@raw/90_短视频_试拍_补拍/无人机06_1581F7K3C254N00D16Y8/DJI_202609080910_002/DJI_20260908092133_0001_S.MP4,@raw/90_短视频_试拍_补拍/无人机06_1581F7K3C254N00D16Y8/DJI_202609080910_002/DJI_20260908092133_0001_V.MP4,@raw/90_短视频_试拍_补拍/无人机06_1581F7K3C254N00D16Y8/DJI_202609080910_002/DJI_20260908092133_0001_T.MP4,0.5,0.5,2026-09-08 09:21:33.580,2026-09-08 09:21:33.536,2026-09-08 09:21:33.646,52.90,2.20,52.90,2.20,52.70,1.00,0
B90,uav-06,DJI_202609080910_002,DJI_20260908092133_0001,1,@raw/90_短视频_试拍_补拍/无人机06_1581F7K3C254N00D16Y8/DJI_202609080910_002/DJI_20260908092133_0001_S.MP4,@raw/90_短视频_试拍_补拍/无人机06_1581F7K3C254N00D16Y8/DJI_202609080910_002/DJI_20260908092133_0001_V.MP4,@raw/90_短视频_试拍_补拍/无人机06_1581F7K3C254N00D16Y8/DJI_202609080910_002/DJI_20260908092133_0001_T.MP4,1.8852165,1.9019,2026-09-08 09:21:34.564,2026-09-08 09:21:34.525,2026-09-08 09:21:34.593,52.90,2.20,52.90,2.20,52.70,1.00,0
B90,uav-06,DJI_202609080910_002,DJI_20260908092133_0001,2,@raw/90_短视频_试拍_补拍/无人机06_1581F7K3C254N00D16Y8/DJI_202609080910_002/DJI_20260908092133_0001_S.MP4,@raw/90_短视频_试拍_补拍/无人机06_1581F7K3C254N00D16Y8/DJI_202609080910_002/DJI_20260908092133_0001_V.MP4,@raw/90_短视频_试拍_补拍/无人机06_1581F7K3C254N00D16Y8/DJI_202609080910_002/DJI_20260908092133_0001_T.MP4,2.770433,2.8038,2026-09-08 09:21:35.565,2026-09-08 09:21:35.525,2026-09-08 09:21:35.595,52.90,2.20,52.90,2.20,52.70,1.00,0
B90,uav-06,DJI_202609080946_003,DJI_20260908102508_0002,0,@raw/90_短视频_试拍_补拍/无人机06_1581F7K3C254N00D16Y8/DJI_202609080946_003/DJI_20260908102508_0002_S.MP4,@raw/90_短视频_试拍_补拍/无人机06_1581F7K3C254N00D16Y8/DJI_202609080946_003/DJI_20260908102508_0002_V.MP4,@raw/90_短视频_试拍_补拍/无人机06_1581F7K3C254N00D16Y8/DJI_202609080946_003/DJI_20260908102508_0002_T.MP4,0.5,0.5,2026-09-08 10:25:08.928,2026-09-08 10:25:08.861,2026-09-08 10:25:08.923,24.00,1.00,24.00,1.00,52.70,1.00,0
B90,uav-06,DJI_202609080946_003,DJI_20260908102508_0002,1,@raw/90_短视频_试拍_补拍/无人机06_1581F7K3C254N00D16Y8/DJI_202609080946_003/DJI_20260908102508_0002_S.MP4,@raw/90_短视频_试拍_补拍/无人机06_1581F7K3C254N00D16Y8/DJI_202609080946_003/DJI_20260908102508_0002_V.MP4,@raw/90_短视频_试拍_补拍/无人机06_1581F7K3C254N00D16Y8/DJI_202609080946_003/DJI_20260908102508_0002_T.MP4,89.9065,89.84,2026-09-08 10:26:37.966,2026-09-08 10:26:37.927,2026-09-08 10:26:38.895,24.00,1.00,24.00,1.00,52.70,1.00,0
B90,uav-06,DJI_202609080946_003,DJI_20260908102508_0002,2,@raw/90_短视频_试拍_补拍/无人机06_1581F7K3C254N00D16Y8/DJI_202609080946_003/DJI_20260908102508_0002_S.MP4,@raw/90_短视频_试拍_补拍/无人机06_1581F7K3C254N00D16Y8/DJI_202609080946_003/DJI_20260908102508_0002_V.MP4,@raw/90_短视频_试拍_补拍/无人机06_1581F7K3C254N00D16Y8/DJI_202609080946_003/DJI_20260908102508_0002_T.MP4,178.813,178.68,2026-09-08 10:28:07.066,2026-09-08 10:28:07.025,2026-09-08 10:28:07.902,24.00,1.00,24.00,1.00,52.70,1.00,0
B90,uav-07,DJI_202609080909_002,DJI_20260908092219_0001,0,@raw/90_短视频_试拍_补拍/无人机07_1581F7K3325B100AS0AG/DJI_202609080909_002/DJI_20260908092219_0001_S.MP4,@raw/90_短视频_试拍_补拍/无人机07_1581F7K3325B100AS0AG/DJI_202609080909_002/DJI_20260908092219_0001_V.MP4,@raw/90_短视频_试拍_补拍/无人机07_1581F7K3325B100AS0AG/DJI_202609080909_002/DJI_20260908092219_0001_T.MP4,0.5,0.5,2026-09-08 09:22:19.905,2026-09-08 09:22:19.881,2026-09-08 09:22:19.903,54.10,2.26,54.10,2.26,52.70,1.00,0
B90,uav-07,DJI_202609080909_002,DJI_20260908092219_0001,1,@raw/90_短视频_试拍_补拍/无人机07_1581F7K3325B100AS0AG/DJI_202609080909_002/DJI_20260908092219_0001_S.MP4,@raw/90_短视频_试拍_补拍/无人机07_1581F7K3325B100AS0AG/DJI_202609080909_002/DJI_20260908092219_0001_V.MP4,@raw/90_短视频_试拍_补拍/无人机07_1581F7K3325B100AS0AG/DJI_202609080909_002/DJI_20260908092219_0001_T.MP4,1.55155,1.55155,2026-09-08 09:22:20.888,2026-09-08 09:22:20.880,2026-09-08 09:22:20.869,54.10,2.26,54.10,2.26,52.70,1.00,0
B90,uav-07,DJI_202609080909_002,DJI_20260908092219_0001,2,@raw/90_短视频_试拍_补拍/无人机07_1581F7K3325B100AS0AG/DJI_202609080909_002/DJI_20260908092219_0001_S.MP4,@raw/90_短视频_试拍_补拍/无人机07_1581F7K3325B100AS0AG/DJI_202609080909_002/DJI_20260908092219_0001_V.MP4,@raw/90_短视频_试拍_补拍/无人机07_1581F7K3325B100AS0AG/DJI_202609080909_002/DJI_20260908092219_0001_T.MP4,2.1031,2.1031,2026-09-08 09:22:21.886,2026-09-08 09:22:21.882,2026-09-08 09:22:21.869,54.10,2.26,54.10,2.26,52.70,1.00,0
B90,uav-07,DJI_202609080909_002,DJI_20260908094144_0003,0,@raw/90_短视频_试拍_补拍/无人机07_1581F7K3325B100AS0AG/DJI_202609080909_002/DJI_20260908094144_0003_S.MP4,@raw/90_短视频_试拍_补拍/无人机07_1581F7K3325B100AS0AG/DJI_202609080909_002/DJI_20260908094144_0003_V.MP4,@raw/90_短视频_试拍_补拍/无人机07_1581F7K3325B100AS0AG/DJI_202609080909_002/DJI_20260908094144_0003_T.MP4,0.5,0.5,2026-09-08 09:41:44.609,2026-09-08 09:41:44.604,2026-09-08 09:41:44.704,54.10,2.25,54.10,2.25,52.70,1.00,0
B90,uav-07,DJI_202609080909_002,DJI_20260908094144_0003,1,@raw/90_短视频_试拍_补拍/无人机07_1581F7K3325B100AS0AG/DJI_202609080909_002/DJI_20260908094144_0003_S.MP4,@raw/90_短视频_试拍_补拍/无人机07_1581F7K3325B100AS0AG/DJI_202609080909_002/DJI_20260908094144_0003_V.MP4,@raw/90_短视频_试拍_补拍/无人机07_1581F7K3325B100AS0AG/DJI_202609080909_002/DJI_20260908094144_0003_T.MP4,76.076,76.0926835,2026-09-08 09:43:00.661,2026-09-08 09:43:00.658,2026-09-08 09:43:00.669,54.10,2.25,54.10,2.25,52.70,1.00,0
B90,uav-07,DJI_202609080909_002,DJI_20260908094144_0003,2,@raw/90_短视频_试拍_补拍/无人机07_1581F7K3325B100AS0AG/DJI_202609080909_002/DJI_20260908094144_0003_S.MP4,@raw/90_短视频_试拍_补拍/无人机07_1581F7K3325B100AS0AG/DJI_202609080909_002/DJI_20260908094144_0003_V.MP4,@raw/90_短视频_试拍_补拍/无人机07_1581F7K3325B100AS0AG/DJI_202609080909_002/DJI_20260908094144_0003_T.MP4,151.152,151.185367,2026-09-08 09:44:15.740,2026-09-08 09:44:15.737,2026-09-08 09:44:15.671,54.10,2.25,54.10,2.25,52.70,1.00,0
B90,uav-07,DJI_202609080909_002,DJI_20260908094419_0004,0,@raw/90_短视频_试拍_补拍/无人机07_1581F7K3325B100AS0AG/DJI_202609080909_002/DJI_20260908094419_0004_S.MP4,@raw/90_短视频_试拍_补拍/无人机07_1581F7K3325B100AS0AG/DJI_202609080909_002/DJI_20260908094419_0004_V.MP4,@raw/90_短视频_试拍_补拍/无人机07_1581F7K3325B100AS0AG/DJI_202609080909_002/DJI_20260908094419_0004_T.MP4,0.5,0.5,2026-09-08 09:44:19.629,2026-09-08 09:44:19.625,2026-09-08 09:44:19.728,54.10,2.25,54.10,2.25,52.70,1.00,0
B90,uav-07,DJI_202609080909_002,DJI_20260908094419_0004,1,@raw/90_短视频_试拍_补拍/无人机07_1581F7K3325B100AS0AG/DJI_202609080909_002/DJI_20260908094419_0004_S.MP4,@raw/90_短视频_试拍_补拍/无人机07_1581F7K3325B100AS0AG/DJI_202609080909_002/DJI_20260908094419_0004_V.MP4,@raw/90_短视频_试拍_补拍/无人机07_1581F7K3325B100AS0AG/DJI_202609080909_002/DJI_20260908094419_0004_T.MP4,30.7307,30.7307,2026-09-08 09:44:49.645,2026-09-08 09:44:49.637,2026-09-08 09:44:49.672,54.10,2.25,54.10,2.25,52.70,1.00,0
B90,uav-07,DJI_202609080909_002,DJI_20260908094419_0004,2,@raw/90_短视频_试拍_补拍/无人机07_1581F7K3325B100AS0AG/DJI_202609080909_002/DJI_20260908094419_0004_S.MP4,@raw/90_短视频_试拍_补拍/无人机07_1581F7K3325B100AS0AG/DJI_202609080909_002/DJI_20260908094419_0004_V.MP4,@raw/90_短视频_试拍_补拍/无人机07_1581F7K3325B100AS0AG/DJI_202609080909_002/DJI_20260908094419_0004_T.MP4,60.4614,60.4614,2026-09-08 09:45:19.672,2026-09-08 09:45:19.668,2026-09-08 09:45:19.677,54.10,2.25,54.10,2.25,52.70,1.00,0
B90,uav-07,DJI_202609081002_003,DJI_20260908101451_0002,0,@raw/90_短视频_试拍_补拍/无人机07_1581F7K3325B100AS0AG/DJI_202609081002_003/DJI_20260908101451_0002_S.MP4,@raw/90_短视频_试拍_补拍/无人机07_1581F7K3325B100AS0AG/DJI_202609081002_003/DJI_20260908101451_0002_V.MP4,@raw/90_短视频_试拍_补拍/无人机07_1581F7K3325B100AS0AG/DJI_202609081002_003/DJI_20260908101451_0002_T.MP4,0.5,0.5,2026-09-08 10:14:51.903,2026-09-08 10:14:51.899,2026-09-08 10:14:51.972,53.80,2.24,53.80,2.24,52.70,1.00,0
B90,uav-07,DJI_202609081002_003,DJI_20260908101451_0002,1,@raw/90_短视频_试拍_补拍/无人机07_1581F7K3325B100AS0AG/DJI_202609081002_003/DJI_20260908101451_0002_S.MP4,@raw/90_短视频_试拍_补拍/无人机07_1581F7K3325B100AS0AG/DJI_202609081002_003/DJI_20260908101451_0002_V.MP4,@raw/90_短视频_试拍_补拍/无人机07_1581F7K3325B100AS0AG/DJI_202609081002_003/DJI_20260908101451_0002_T.MP4,73.6569165,73.6736,2026-09-08 10:16:04.975,2026-09-08 10:16:04.967,2026-09-08 10:16:04.925,53.80,2.24,53.80,2.24,52.70,1.00,0
B90,uav-07,DJI_202609081002_003,DJI_20260908101451_0002,2,@raw/90_短视频_试拍_补拍/无人机07_1581F7K3325B100AS0AG/DJI_202609081002_003/DJI_20260908101451_0002_S.MP4,@raw/90_短视频_试拍_补拍/无人机07_1581F7K3325B100AS0AG/DJI_202609081002_003/DJI_20260908101451_0002_V.MP4,@raw/90_短视频_试拍_补拍/无人机07_1581F7K3325B100AS0AG/DJI_202609081002_003/DJI_20260908101451_0002_T.MP4,146.313833,146.3472,2026-09-08 10:17:18.036,2026-09-08 10:17:18.029,2026-09-08 10:17:17.914,53.80,2.24,53.80,2.24,52.70,1.00,0
B90,uav-07,DJI_202609081037_004,DJI_20260908103828_0001,0,@raw/90_短视频_试拍_补拍/无人机07_1581F7K3325B100AS0AG/DJI_202609081037_004/DJI_20260908103828_0001_S.MP4,@raw/90_短视频_试拍_补拍/无人机07_1581F7K3325B100AS0AG/DJI_202609081037_004/DJI_20260908103828_0001_V.MP4,@raw/90_短视频_试拍_补拍/无人机07_1581F7K3325B100AS0AG/DJI_202609081037_004/DJI_20260908103828_0001_T.MP4,0.5,0.5,2026-09-08 10:38:28.561,2026-09-08 10:38:28.516,2026-09-08 10:38:28.562,24.00,1.00,24.00,1.00,52.70,1.00,0
B90,uav-07,DJI_202609081037_004,DJI_20260908103828_0001,1,@raw/90_短视频_试拍_补拍/无人机07_1581F7K3325B100AS0AG/DJI_202609081037_004/DJI_20260908103828_0001_S.MP4,@raw/90_短视频_试拍_补拍/无人机07_1581F7K3325B100AS0AG/DJI_202609081037_004/DJI_20260908103828_0001_V.MP4,@raw/90_短视频_试拍_补拍/无人机07_1581F7K3325B100AS0AG/DJI_202609081037_004/DJI_20260908103828_0001_T.MP4,23.2899335,23.2899335,2026-09-08 10:38:52.004,2026-09-08 10:38:51.995,2026-09-08 10:38:52.009,24.00,1.00,24.00,1.00,52.70,1.00,0
B90,uav-07,DJI_202609081037_004,DJI_20260908103828_0001,2,@raw/90_短视频_试拍_补拍/无人机07_1581F7K3325B100AS0AG/DJI_202609081037_004/DJI_20260908103828_0001_S.MP4,@raw/90_短视频_试拍_补拍/无人机07_1581F7K3325B100AS0AG/DJI_202609081037_004/DJI_20260908103828_0001_V.MP4,@raw/90_短视频_试拍_补拍/无人机07_1581F7K3325B100AS0AG/DJI_202609081037_004/DJI_20260908103828_0001_T.MP4,45.579867,45.579867,2026-09-08 10:39:14.024,2026-09-08 10:39:14.017,2026-09-08 10:39:14.009,24.00,1.00,24.00,1.00,52.70,1.00,0
B90,uav-07,DJI_202609081037_004,DJI_20260908104053_0002,0,@raw/90_短视频_试拍_补拍/无人机07_1581F7K3325B100AS0AG/DJI_202609081037_004/DJI_20260908104053_0002_S.MP4,@raw/90_短视频_试拍_补拍/无人机07_1581F7K3325B100AS0AG/DJI_202609081037_004/DJI_20260908104053_0002_V.MP4,@raw/90_短视频_试拍_补拍/无人机07_1581F7K3325B100AS0AG/DJI_202609081037_004/DJI_20260908104053_0002_T.MP4,0.5,0.5,2026-09-08 10:40:53.882,2026-09-08 10:40:53.860,2026-09-08 10:40:53.963,24.00,1.00,24.00,1.00,52.70,1.00,0
B90,uav-07,DJI_202609081037_004,DJI_20260908104053_0002,1,@raw/90_短视频_试拍_补拍/无人机07_1581F7K3325B100AS0AG/DJI_202609081037_004/DJI_20260908104053_0002_S.MP4,@raw/90_短视频_试拍_补拍/无人机07_1581F7K3325B100AS0AG/DJI_202609081037_004/DJI_20260908104053_0002_V.MP4,@raw/90_短视频_试拍_补拍/无人机07_1581F7K3325B100AS0AG/DJI_202609081037_004/DJI_20260908104053_0002_T.MP4,107.6909165,107.7076,2026-09-08 10:42:40.966,2026-09-08 10:42:40.962,2026-09-08 10:42:40.946,24.00,1.00,24.00,1.00,52.70,1.00,0
B90,uav-07,DJI_202609081037_004,DJI_20260908104053_0002,2,@raw/90_短视频_试拍_补拍/无人机07_1581F7K3325B100AS0AG/DJI_202609081037_004/DJI_20260908104053_0002_S.MP4,@raw/90_短视频_试拍_补拍/无人机07_1581F7K3325B100AS0AG/DJI_202609081037_004/DJI_20260908104053_0002_V.MP4,@raw/90_短视频_试拍_补拍/无人机07_1581F7K3325B100AS0AG/DJI_202609081037_004/DJI_20260908104053_0002_T.MP4,214.381833,214.4152,2026-09-08 10:44:28.080,2026-09-08 10:44:28.074,2026-09-08 10:44:27.953,24.00,1.00,24.00,1.00,52.70,1.00,0
B90,uav-09,DJI_202609071543_001,DJI_20260907154450_0001,0,@raw/90_短视频_试拍_补拍/无人机09_1581F7K3C24CS00AX535/DJI_202609071543_001/DJI_20260907154450_0001_S.MP4,@raw/90_短视频_试拍_补拍/无人机09_1581F7K3C24CS00AX535/DJI_202609071543_001/DJI_20260907154450_0001_V.MP4,@raw/90_短视频_试拍_补拍/无人机09_1581F7K3C24CS00AX535/DJI_202609071543_001/DJI_20260907154450_0001_T.MP4,0.5,0.5,2026-09-07 15:44:50.842,2026-09-07 15:44:50.798,2026-09-07 15:44:50.777,52.70,1.00,24.00,1.00,52.70,1.00,1
B90,uav-09,DJI_202609071543_001,DJI_20260907154450_0001,1,@raw/90_短视频_试拍_补拍/无人机09_1581F7K3C24CS00AX535/DJI_202609071543_001/DJI_20260907154450_0001_S.MP4,@raw/90_短视频_试拍_补拍/无人机09_1581F7K3C24CS00AX535/DJI_202609071543_001/DJI_20260907154450_0001_V.MP4,@raw/90_短视频_试拍_补拍/无人机09_1581F7K3C24CS00AX535/DJI_202609071543_001/DJI_20260907154450_0001_T.MP4,0.9166665,0.9342665,2026-09-07 15:44:50.842,2026-09-07 15:44:50.798,2026-09-07 15:44:50.777,52.70,1.00,24.00,1.00,52.70,1.00,1
B90,uav-09,DJI_202609071543_001,DJI_20260907154450_0001,2,@raw/90_短视频_试拍_补拍/无人机09_1581F7K3C24CS00AX535/DJI_202609071543_001/DJI_20260907154450_0001_S.MP4,@raw/90_短视频_试拍_补拍/无人机09_1581F7K3C24CS00AX535/DJI_202609071543_001/DJI_20260907154450_0001_V.MP4,@raw/90_短视频_试拍_补拍/无人机09_1581F7K3C24CS00AX535/DJI_202609071543_001/DJI_20260907154450_0001_T.MP4,0.8333330000000001,0.868533,2026-09-07 15:44:50.842,2026-09-07 15:44:50.798,2026-09-07 15:44:50.777,52.70,1.00,24.00,1.00,52.70,1.00,1
B90,uav-09,DJI_202609080915_003,DJI_20260908092155_0001,0,@raw/90_短视频_试拍_补拍/无人机09_1581F7K3C24CS00AX535/DJI_202609080915_003/DJI_20260908092155_0001_S.MP4,@raw/90_短视频_试拍_补拍/无人机09_1581F7K3C24CS00AX535/DJI_202609080915_003/DJI_20260908092155_0001_V.MP4,@raw/90_短视频_试拍_补拍/无人机09_1581F7K3C24CS00AX535/DJI_202609080915_003/DJI_20260908092155_0001_T.MP4,0.5,0.5,2026-09-08 09:21:56.142,2026-09-08 09:21:56.070,2026-09-08 09:21:56.115,53.30,2.22,53.30,2.22,52.70,1.00,0
B90,uav-09,DJI_202609080915_003,DJI_20260908092155_0001,1,@raw/90_短视频_试拍_补拍/无人机09_1581F7K3C24CS00AX535/DJI_202609080915_003/DJI_20260908092155_0001_S.MP4,@raw/90_短视频_试拍_补拍/无人机09_1581F7K3C24CS00AX535/DJI_202609080915_003/DJI_20260908092155_0001_V.MP4,@raw/90_短视频_试拍_补拍/无人机09_1581F7K3C24CS00AX535/DJI_202609080915_003/DJI_20260908092155_0001_T.MP4,1.8351665,1.85185,2026-09-08 09:21:57.084,2026-09-08 09:21:57.047,2026-09-08 09:21:57.061,53.30,2.22,53.30,2.22,52.70,1.00,0
B90,uav-09,DJI_202609080915_003,DJI_20260908092155_0001,2,@raw/90_短视频_试拍_补拍/无人机09_1581F7K3C24CS00AX535/DJI_202609080915_003/DJI_20260908092155_0001_S.MP4,@raw/90_短视频_试拍_补拍/无人机09_1581F7K3C24CS00AX535/DJI_202609080915_003/DJI_20260908092155_0001_V.MP4,@raw/90_短视频_试拍_补拍/无人机09_1581F7K3C24CS00AX535/DJI_202609080915_003/DJI_20260908092155_0001_T.MP4,2.670333,2.7037,2026-09-08 09:21:58.084,2026-09-08 09:21:58.048,2026-09-08 09:21:58.062,53.30,2.22,53.30,2.22,52.70,1.00,0
B90,uav-09,DJI_202609080915_003,DJI_20260908092311_0003,0,@raw/90_短视频_试拍_补拍/无人机09_1581F7K3C24CS00AX535/DJI_202609080915_003/DJI_20260908092311_0003_S.MP4,@raw/90_短视频_试拍_补拍/无人机09_1581F7K3C24CS00AX535/DJI_202609080915_003/DJI_20260908092311_0003_V.MP4,@raw/90_短视频_试拍_补拍/无人机09_1581F7K3C24CS00AX535/DJI_202609080915_003/DJI_20260908092311_0003_T.MP4,0.5,0.5,2026-09-08 09:23:11.903,2026-09-08 09:23:11.819,2026-09-08 09:23:11.905,53.30,2.22,53.30,2.22,52.70,1.00,0
B90,uav-09,DJI_202609080915_003,DJI_20260908092311_0003,1,@raw/90_短视频_试拍_补拍/无人机09_1581F7K3C24CS00AX535/DJI_202609080915_003/DJI_20260908092311_0003_S.MP4,@raw/90_短视频_试拍_补拍/无人机09_1581F7K3C24CS00AX535/DJI_202609080915_003/DJI_20260908092311_0003_V.MP4,@raw/90_短视频_试拍_补拍/无人机09_1581F7K3C24CS00AX535/DJI_202609080915_003/DJI_20260908092311_0003_T.MP4,1.7183835,1.7684335,2026-09-08 09:23:12.887,2026-09-08 09:23:12.818,2026-09-08 09:23:12.892,53.30,2.22,53.30,2.22,52.70,1.00,0
B90,uav-09,DJI_202609080915_003,DJI_20260908092311_0003,2,@raw/90_短视频_试拍_补拍/无人机09_1581F7K3C24CS00AX535/DJI_202609080915_003/DJI_20260908092311_0003_S.MP4,@raw/90_短视频_试拍_补拍/无人机09_1581F7K3C24CS00AX535/DJI_202609080915_003/DJI_20260908092311_0003_V.MP4,@raw/90_短视频_试拍_补拍/无人机09_1581F7K3C24CS00AX535/DJI_202609080915_003/DJI_20260908092311_0003_T.MP4,2.436767,2.536867,2026-09-08 09:23:13.888,2026-09-08 09:23:13.818,2026-09-08 09:23:13.897,53.30,2.22,53.30,2.22,52.70,1.00,0
B90,uav-09,DJI_202609081039_006,DJI_20260908104445_0001,0,@raw/90_短视频_试拍_补拍/无人机09_1581F7K3C24CS00AX535/DJI_202609081039_006/DJI_20260908104445_0001_S.MP4,@raw/90_短视频_试拍_补拍/无人机09_1581F7K3C24CS00AX535/DJI_202609081039_006/DJI_20260908104445_0001_V.MP4,@raw/90_短视频_试拍_补拍/无人机09_1581F7K3C24CS00AX535/DJI_202609081039_006/DJI_20260908104445_0001_T.MP4,0.5,0.5,2026-09-08 10:44:46.274,2026-09-08 10:44:46.215,2026-09-08 10:44:46.304,54.60,2.27,54.60,2.27,52.70,1.00,0
B90,uav-09,DJI_202609081039_006,DJI_20260908104445_0001,1,@raw/90_短视频_试拍_补拍/无人机09_1581F7K3C24CS00AX535/DJI_202609081039_006/DJI_20260908104445_0001_S.MP4,@raw/90_短视频_试拍_补拍/无人机09_1581F7K3C24CS00AX535/DJI_202609081039_006/DJI_20260908104445_0001_V.MP4,@raw/90_短视频_试拍_补拍/无人机09_1581F7K3C24CS00AX535/DJI_202609081039_006/DJI_20260908104445_0001_T.MP4,0.85085,0.8675335,2026-09-08 10:44:46.274,2026-09-08 10:44:46.215,2026-09-08 10:44:46.304,54.60,2.27,54.60,2.27,52.70,1.00,0
B90,uav-09,DJI_202609081039_006,DJI_20260908104445_0001,2,@raw/90_短视频_试拍_补拍/无人机09_1581F7K3C24CS00AX535/DJI_202609081039_006/DJI_20260908104445_0001_S.MP4,@raw/90_短视频_试拍_补拍/无人机09_1581F7K3C24CS00AX535/DJI_202609081039_006/DJI_20260908104445_0001_V.MP4,@raw/90_短视频_试拍_补拍/无人机09_1581F7K3C24CS00AX535/DJI_202609081039_006/DJI_20260908104445_0001_T.MP4,0.7017,0.7350669999999999,2026-09-08 10:44:46.274,2026-09-08 10:44:46.215,2026-09-08 10:44:46.304,54.60,2.27,54.60,2.27,52.70,1.00,0
