batch,uav,session,recording_prefix,s_path,v_path,start_pts_s,end_pts_s,duration_s,s_state_first_wall_time,v_state_first_wall_time,s_focal_len,s_zoom,v_focal_len,v_zoom
B1,uav-01,DJI_202609071553_002,DJI_20260907160207_0001,@raw/01_第一批_20260907_1602_单火点/01_正式视频/无人机01_1581F7K3C251800CYBVP/DJI_202609071553_002/DJI_20260907160207_0001_S.MP4,@raw/01_第一批_20260907_1602_单火点/01_正式视频/无人机01_1581F7K3C251800CYBVP/DJI_202609071553_002/DJI_20260907160207_0001_V.MP4,80.48,188.814,108.334,2026-09-07 16:03:27.899,2026-09-07 16:02:07.532,52.70,1.00,53.30,2.22
B1,uav-01,DJI_202609071553_002,DJI_20260907160207_0001,@raw/01_第一批_20260907_1602_单火点/01_正式视频/无人机01_1581F7K3C251800CYBVP/DJI_202609071553_002/DJI_20260907160207_0001_S.MP4,@raw/01_第一批_20260907_1602_单火点/01_正式视频/无人机01_1581F7K3C251800CYBVP/DJI_202609071553_002/DJI_20260907160207_0001_V.MP4,202.127,339.427,137.3,2026-09-07 16:05:29.567,2026-09-07 16:02:07.532,52.70,1.00,53.30,2.22
B1,uav-01,DJI_202609071553_002,DJI_20260907160207_0001,@raw/01_第一批_20260907_1602_单火点/01_正式视频/无人机01_1581F7K3C251800CYBVP/DJI_202609071553_002/DJI_20260907160207_0001_S.MP4,@raw/01_第一批_20260907_1602_单火点/01_正式视频/无人机01_1581F7K3C251800CYBVP/DJI_202609071553_002/DJI_20260907160207_0001_V.MP4,458.746,518.48,59.734,2026-09-07 16:09:46.207,2026-09-07 16:02:07.532,52.70,1.00,53.30,2.22
B1,uav-02,DJI_202609071534_003,DJI_20260907160153_0005,@raw/01_第一批_20260907_1602_单火点/01_正式视频/无人机02_1581F7K3C267500D2DQD/DJI_202609071534_003/DJI_20260907160153_0005_S.MP4,@raw/01_第一批_20260907_1602_单火点/01_正式视频/无人机02_1581F7K3C267500D2DQD/DJI_202609071534_003/DJI_20260907160153_0005_V.MP4,203.103,210.303,7.2,2026-09-07 16:05:17.157,2026-09-07 16:01:54.072,52.70,1.00,54.10,2.25
B1,uav-02,DJI_202609071534_003,DJI_20260907160153_0005,@raw/01_第一批_20260907_1602_单火点/01_正式视频/无人机02_1581F7K3C267500D2DQD/DJI_202609071534_003/DJI_20260907160153_0005_S.MP4,@raw/01_第一批_20260907_1602_单火点/01_正式视频/无人机02_1581F7K3C267500D2DQD/DJI_202609071534_003/DJI_20260907160153_0005_V.MP4,426.419,431.985,5.566,2026-09-07 16:09:00.526,2026-09-07 16:01:54.072,52.70,1.00,54.10,2.25
B1,uav-04,DJI_202609071553_033,DJI_20260907160203_0002,@raw/01_第一批_20260907_1602_单火点/01_正式视频/无人机04_1581F7K33258900AP021/DJI_202609071553_033/DJI_20260907160203_0002_S.MP4,@raw/01_第一批_20260907_1602_单火点/01_正式视频/无人机04_1581F7K33258900AP021/DJI_202609071553_033/DJI_20260907160203_0002_V.MP4,0.0,16.933,16.933,2026-09-07 16:02:03.788,2026-09-07 16:02:03.730,52.70,1.00,55.30,2.30
B1,uav-04,DJI_202609071553_033,DJI_20260907160203_0002,@raw/01_第一批_20260907_1602_单火点/01_正式视频/无人机04_1581F7K33258900AP021/DJI_202609071553_033/DJI_20260907160203_0002_S.MP4,@raw/01_第一批_20260907_1602_单火点/01_正式视频/无人机04_1581F7K33258900AP021/DJI_202609071553_033/DJI_20260907160203_0002_V.MP4,136.853,261.02,124.167,2026-09-07 16:04:20.608,2026-09-07 16:02:03.730,52.70,1.00,55.30,2.30
B1,uav-04,DJI_202609071553_033,DJI_20260907160203_0002,@raw/01_第一批_20260907_1602_单火点/01_正式视频/无人机04_1581F7K33258900AP021/DJI_202609071553_033/DJI_20260907160203_0002_S.MP4,@raw/01_第一批_20260907_1602_单火点/01_正式视频/无人机04_1581F7K33258900AP021/DJI_202609071553_033/DJI_20260907160203_0002_V.MP4,439.265,460.265,21.0,2026-09-07 16:09:23.009,2026-09-07 16:02:03.730,52.70,1.00,55.30,2.30
B1,uav-04,DJI_202609071553_033,DJI_20260907160203_0002,@raw/01_第一批_20260907_1602_单火点/01_正式视频/无人机04_1581F7K33258900AP021/DJI_202609071553_033/DJI_20260907160203_0002_S.MP4,@raw/01_第一批_20260907_1602_单火点/01_正式视频/无人机04_1581F7K33258900AP021/DJI_202609071553_033/DJI_20260907160203_0002_V.MP4,462.734,465.234,2.5,2026-09-07 16:09:46.478,2026-09-07 16:02:03.730,52.70,1.00,55.30,2.30
B1,uav-04,DJI_202609071553_033,DJI_20260907160203_0002,@raw/01_第一批_20260907_1602_单火点/01_正式视频/无人机04_1581F7K33258900AP021/DJI_202609071553_033/DJI_20260907160203_0002_S.MP4,@raw/01_第一批_20260907_1602_单火点/01_正式视频/无人机04_1581F7K33258900AP021/DJI_202609071553_033/DJI_20260907160203_0002_V.MP4,505.641,505.672,0.031,2026-09-07 16:10:29.409,2026-09-07 16:02:03.730,24.00,1.00,55.30,2.30
B1,uav-04,DJI_202609071553_033,DJI_20260907160203_0002,@raw/01_第一批_20260907_1602_单火点/01_正式视频/无人机04_1581F7K33258900AP021/DJI_202609071553_033/DJI_20260907160203_0002_S.MP4,@raw/01_第一批_20260907_1602_单火点/01_正式视频/无人机04_1581F7K33258900AP021/DJI_202609071553_033/DJI_20260907160203_0002_V.MP4,508.911,512.912,4.001,2026-09-07 16:10:32.683,2026-09-07 16:10:29.403,52.70,1.00,24.00,1.00
B1,uav-04,DJI_202609071553_033,DJI_20260907160203_0002,@raw/01_第一批_20260907_1602_单火点/01_正式视频/无人机04_1581F7K33258900AP021/DJI_202609071553_033/DJI_20260907160203_0002_S.MP4,@raw/01_第一批_20260907_1602_单火点/01_正式视频/无人机04_1581F7K33258900AP021/DJI_202609071553_033/DJI_20260907160203_0002_V.MP4,512.912,513.077,0.165,2026-09-07 16:10:32.683,2026-09-07 16:10:36.850,52.70,1.00,55.30,2.30
B1,uav-04,DJI_202609071553_033,DJI_20260907160203_0002,@raw/01_第一批_20260907_1602_单火点/01_正式视频/无人机04_1581F7K33258900AP021/DJI_202609071553_033/DJI_20260907160203_0002_S.MP4,@raw/01_第一批_20260907_1602_单火点/01_正式视频/无人机04_1581F7K33258900AP021/DJI_202609071553_033/DJI_20260907160203_0002_V.MP4,569.901,571.334,1.433,2026-09-07 16:11:33.482,2026-09-07 16:10:36.850,52.70,1.00,55.30,2.30
B1,uav-04,DJI_202609071553_033,DJI_20260907160203_0002,@raw/01_第一批_20260907_1602_单火点/01_正式视频/无人机04_1581F7K33258900AP021/DJI_202609071553_033/DJI_20260907160203_0002_S.MP4,@raw/01_第一批_20260907_1602_单火点/01_正式视频/无人机04_1581F7K33258900AP021/DJI_202609071553_033/DJI_20260907160203_0002_V.MP4,574.637,615.537,40.9,2026-09-07 16:11:38.218,2026-09-07 16:10:36.850,52.70,1.00,55.30,2.30
B1,uav-04,DJI_202609071553_033,DJI_20260907160203_0002,@raw/01_第一批_20260907_1602_单火点/01_正式视频/无人机04_1581F7K33258900AP021/DJI_202609071553_033/DJI_20260907160203_0002_S.MP4,@raw/01_第一批_20260907_1602_单火点/01_正式视频/无人机04_1581F7K33258900AP021/DJI_202609071553_033/DJI_20260907160203_0002_V.MP4,638.627,906.806,268.179,2026-09-07 16:12:42.176,2026-09-07 16:10:36.850,52.70,1.00,55.30,2.30
B1,uav-06,DJI_202609071535_001,DJI_20260907160153_0002,@raw/01_第一批_20260907_1602_单火点/01_正式视频/无人机06_1581F7K3C254N00D16Y8/DJI_202609071535_001/DJI_20260907160153_0002_S.MP4,@raw/01_第一批_20260907_1602_单火点/01_正式视频/无人机06_1581F7K3C254N00D16Y8/DJI_202609071535_001/DJI_20260907160153_0002_V.MP4,220.287,315.849,95.562,2026-09-07 16:05:33.816,2026-09-07 16:01:53.543,52.70,1.00,54.50,2.27
B1,uav-06,DJI_202609071535_001,DJI_20260907160153_0002,@raw/01_第一批_20260907_1602_单火点/01_正式视频/无人机06_1581F7K3C254N00D16Y8/DJI_202609071535_001/DJI_20260907160153_0002_S.MP4,@raw/01_第一批_20260907_1602_单火点/01_正式视频/无人机06_1581F7K3C254N00D16Y8/DJI_202609071535_001/DJI_20260907160153_0002_V.MP4,315.849,315.887,0.038,2026-09-07 16:05:33.816,2026-09-07 16:07:09.363,52.70,1.00,24.00,1.00
B1,uav-06,DJI_202609071535_001,DJI_20260907160153_0002,@raw/01_第一批_20260907_1602_单火点/01_正式视频/无人机06_1581F7K3C254N00D16Y8/DJI_202609071535_001/DJI_20260907160153_0002_S.MP4,@raw/01_第一批_20260907_1602_单火点/01_正式视频/无人机06_1581F7K3C254N00D16Y8/DJI_202609071535_001/DJI_20260907160153_0002_V.MP4,424.691,424.729,0.038,2026-09-07 16:07:09.368,2026-09-07 16:08:58.254,24.00,1.00,54.50,2.27
B1,uav-06,DJI_202609071535_001,DJI_20260907160153_0002,@raw/01_第一批_20260907_1602_单火点/01_正式视频/无人机06_1581F7K3C254N00D16Y8/DJI_202609071535_001/DJI_20260907160153_0002_S.MP4,@raw/01_第一批_20260907_1602_单火点/01_正式视频/无人机06_1581F7K3C254N00D16Y8/DJI_202609071535_001/DJI_20260907160153_0002_V.MP4,427.961,427.999,0.038,2026-09-07 16:08:58.259,2026-09-07 16:09:01.505,54.50,2.27,24.00,1.00
B1,uav-06,DJI_202609071535_001,DJI_20260907160153_0002,@raw/01_第一批_20260907_1602_单火点/01_正式视频/无人机06_1581F7K3C254N00D16Y8/DJI_202609071535_001/DJI_20260907160153_0002_S.MP4,@raw/01_第一批_20260907_1602_单火点/01_正式视频/无人机06_1581F7K3C254N00D16Y8/DJI_202609071535_001/DJI_20260907160153_0002_V.MP4,430.735,915.548,484.813,2026-09-07 16:09:04.253,2026-09-07 16:09:01.505,52.70,1.00,24.00,1.00
B1,uav-07,DJI_202609071532_001,DJI_20260907160202_0005,@raw/01_第一批_20260907_1602_单火点/01_正式视频/无人机07_1581F7K3325B100AS0AG/DJI_202609071532_001/DJI_20260907160202_0005_S.MP4,@raw/01_第一批_20260907_1602_单火点/01_正式视频/无人机07_1581F7K3325B100AS0AG/DJI_202609071532_001/DJI_20260907160202_0005_V.MP4,6.273,34.073,27.8,2026-09-07 16:02:09.038,2026-09-07 16:02:02.915,52.70,1.00,54.00,2.25
B1,uav-07,DJI_202609071532_001,DJI_20260907160202_0005,@raw/01_第一批_20260907_1602_单火点/01_正式视频/无人机07_1581F7K3325B100AS0AG/DJI_202609071532_001/DJI_20260907160202_0005_S.MP4,@raw/01_第一批_20260907_1602_单火点/01_正式视频/无人机07_1581F7K3325B100AS0AG/DJI_202609071532_001/DJI_20260907160202_0005_V.MP4,60.633,176.433,115.8,2026-09-07 16:03:03.397,2026-09-07 16:02:02.915,52.70,1.00,54.00,2.25
B1,uav-07,DJI_202609071532_001,DJI_20260907160202_0005,@raw/01_第一批_20260907_1602_单火点/01_正式视频/无人机07_1581F7K3325B100AS0AG/DJI_202609071532_001/DJI_20260907160202_0005_S.MP4,@raw/01_第一批_20260907_1602_单火点/01_正式视频/无人机07_1581F7K3325B100AS0AG/DJI_202609071532_001/DJI_20260907160202_0005_V.MP4,190.413,325.147,134.734,2026-09-07 16:05:13.235,2026-09-07 16:02:02.915,52.70,1.00,54.00,2.25
B1,uav-07,DJI_202609071532_001,DJI_20260907160202_0005,@raw/01_第一批_20260907_1602_单火点/01_正式视频/无人机07_1581F7K3325B100AS0AG/DJI_202609071532_001/DJI_20260907160202_0005_S.MP4,@raw/01_第一批_20260907_1602_单火点/01_正式视频/无人机07_1581F7K3325B100AS0AG/DJI_202609071532_001/DJI_20260907160202_0005_V.MP4,333.021,336.188,3.167,2026-09-07 16:07:35.802,2026-09-07 16:02:02.915,52.70,1.00,54.00,2.25
B1,uav-07,DJI_202609071532_001,DJI_20260907160202_0005,@raw/01_第一批_20260907_1602_单火点/01_正式视频/无人机07_1581F7K3325B100AS0AG/DJI_202609071532_001/DJI_20260907160202_0005_S.MP4,@raw/01_第一批_20260907_1602_单火点/01_正式视频/无人机07_1581F7K3325B100AS0AG/DJI_202609071532_001/DJI_20260907160202_0005_V.MP4,338.791,340.257,1.466,2026-09-07 16:07:41.578,2026-09-07 16:02:02.915,52.70,1.00,54.00,2.25
B1,uav-07,DJI_202609071532_001,DJI_20260907160202_0005,@raw/01_第一批_20260907_1602_单火点/01_正式视频/无人机07_1581F7K3325B100AS0AG/DJI_202609071532_001/DJI_20260907160202_0005_S.MP4,@raw/01_第一批_20260907_1602_单火点/01_正式视频/无人机07_1581F7K3325B100AS0AG/DJI_202609071532_001/DJI_20260907160202_0005_V.MP4,424.375,858.008,433.633,2026-09-07 16:09:07.167,2026-09-07 16:02:02.915,52.70,1.00,54.00,2.25
B1,uav-07,DJI_202609071532_001,DJI_20260907160202_0005,@raw/01_第一批_20260907_1602_单火点/01_正式视频/无人机07_1581F7K3325B100AS0AG/DJI_202609071532_001/DJI_20260907160202_0005_S.MP4,@raw/01_第一批_20260907_1602_单火点/01_正式视频/无人机07_1581F7K3325B100AS0AG/DJI_202609071532_001/DJI_20260907160202_0005_V.MP4,1065.831,1065.949,0.118,2026-09-07 16:16:20.804,2026-09-07 16:19:48.737,54.00,2.25,24.00,1.00
B1,uav-08,DJI_202609071536_001,DJI_20260907160201_0001,@raw/01_第一批_20260907_1602_单火点/01_正式视频/无人机08_1581F7K3C256N00DCP1T/DJI_202609071536_001/DJI_20260907160201_0001_S.MP4,@raw/01_第一批_20260907_1602_单火点/01_正式视频/无人机08_1581F7K3C256N00DCP1T/DJI_202609071536_001/DJI_20260907160201_0001_V.MP4,204.404,299.704,95.3,2026-09-07 16:05:26.138,2026-09-07 16:02:01.853,52.70,1.00,53.40,2.23
B1,uav-08,DJI_202609071536_001,DJI_20260907160201_0001,@raw/01_第一批_20260907_1602_单火点/01_正式视频/无人机08_1581F7K3C256N00DCP1T/DJI_202609071536_001/DJI_20260907160201_0001_S.MP4,@raw/01_第一批_20260907_1602_单火点/01_正式视频/无人机08_1581F7K3C256N00DCP1T/DJI_202609071536_001/DJI_20260907160201_0001_V.MP4,310.815,416.815,106.0,2026-09-07 16:07:12.570,2026-09-07 16:02:01.853,52.70,1.00,53.40,2.23
B1,uav-08,DJI_202609071536_001,DJI_20260907160201_0001,@raw/01_第一批_20260907_1602_单火点/01_正式视频/无人机08_1581F7K3C256N00DCP1T/DJI_202609071536_001/DJI_20260907160201_0001_S.MP4,@raw/01_第一批_20260907_1602_单火点/01_正式视频/无人机08_1581F7K3C256N00DCP1T/DJI_202609071536_001/DJI_20260907160201_0001_V.MP4,427.226,430.792,3.566,2026-09-07 16:09:08.976,2026-09-07 16:02:01.853,52.70,1.00,53.40,2.23
B1,uav-08,DJI_202609071536_001,DJI_20260907160201_0001,@raw/01_第一批_20260907_1602_单火点/01_正式视频/无人机08_1581F7K3C256N00DCP1T/DJI_202609071536_001/DJI_20260907160201_0001_S.MP4,@raw/01_第一批_20260907_1602_单火点/01_正式视频/无人机08_1581F7K3C256N00DCP1T/DJI_202609071536_001/DJI_20260907160201_0001_V.MP4,519.214,566.081,46.867,2026-09-07 16:10:40.971,2026-09-07 16:02:01.853,52.70,1.00,53.40,2.23
B1,uav-08,DJI_202609071536_001,DJI_20260907160201_0001,@raw/01_第一批_20260907_1602_单火点/01_正式视频/无人机08_1581F7K3C256N00DCP1T/DJI_202609071536_001/DJI_20260907160201_0001_S.MP4,@raw/01_第一批_20260907_1602_单火点/01_正式视频/无人机08_1581F7K3C256N00DCP1T/DJI_202609071536_001/DJI_20260907160201_0001_V.MP4,708.99,725.89,16.9,2026-09-07 16:13:50.780,2026-09-07 16:02:01.853,52.70,1.00,53.40,2.23
B1,uav-08,DJI_202609071536_001,DJI_20260907160201_0001,@raw/01_第一批_20260907_1602_单火点/01_正式视频/无人机08_1581F7K3C256N00DCP1T/DJI_202609071536_001/DJI_20260907160201_0001_S.MP4,@raw/01_第一批_20260907_1602_单火点/01_正式视频/无人机08_1581F7K3C256N00DCP1T/DJI_202609071536_001/DJI_20260907160201_0001_V.MP4,768.8,855.8,87.0,2026-09-07 16:14:50.624,2026-09-07 16:02:01.853,52.70,1.00,53.40,2.23
B1,uav-08,DJI_202609071536_001,DJI_20260907160201_0001,@raw/01_第一批_20260907_1602_单火点/01_正式视频/无人机08_1581F7K3C256N00DCP1T/DJI_202609071536_001/DJI_20260907160201_0001_S.MP4,@raw/01_第一批_20260907_1602_单火点/01_正式视频/无人机08_1581F7K3C256N00DCP1T/DJI_202609071536_001/DJI_20260907160201_0001_V.MP4,991.936,991.958,0.022,2026-09-07 16:18:33.766,2026-09-07 16:02:01.853,24.00,1.00,53.40,2.23
B1,uav-09,DJI_202609071543_001,DJI_20260907160202_0003,@raw/01_第一批_20260907_1602_单火点/01_正式视频/无人机09_1581F7K3C24CS00AX535/DJI_202609071543_001/DJI_20260907160202_0003_S.MP4,@raw/01_第一批_20260907_1602_单火点/01_正式视频/无人机09_1581F7K3C24CS00AX535/DJI_202609071543_001/DJI_20260907160202_0003_V.MP4,573.573,586.773,13.2,2026-09-07 16:11:36.752,2026-09-07 16:02:03.174,52.70,1.00,54.60,2.27
B2,uav-02,DJI_202609080909_004,DJI_20260908092422_0002,@raw/02_第二批_20260908_0924_单火点/01_正式视频/无人机02_1581F7K3C267500D2DQD/DJI_202609080909_004/DJI_20260908092422_0002_S.MP4,@raw/02_第二批_20260908_0924_单火点/01_正式视频/无人机02_1581F7K3C267500D2DQD/DJI_202609080909_004/DJI_20260908092422_0002_V.MP4,257.591,1002.824,745.233,2026-09-08 09:28:40.360,2026-09-08 09:24:22.660,52.70,1.00,53.80,2.24
B2,uav-03,DJI_202609080916_004,DJI_20260908092454_0002,@raw/02_第二批_20260908_0924_单火点/01_正式视频/无人机03_1581F7K3C255900D76E8/DJI_202609080916_004/DJI_20260908092454_0002_S.MP4,@raw/02_第二批_20260908_0924_单火点/01_正式视频/无人机03_1581F7K3C255900D76E8/DJI_202609080916_004/DJI_20260908092454_0002_V.MP4,142.743,144.709,1.966,2026-09-08 09:27:17.391,2026-09-08 09:24:54.559,52.70,1.00,24.00,1.00
B2,uav-03,DJI_202609080916_004,DJI_20260908092454_0002,@raw/02_第二批_20260908_0924_单火点/01_正式视频/无人机03_1581F7K3C255900D76E8/DJI_202609080916_004/DJI_20260908092454_0002_S.MP4,@raw/02_第二批_20260908_0924_单火点/01_正式视频/无人机03_1581F7K3C255900D76E8/DJI_202609080916_004/DJI_20260908092454_0002_V.MP4,158.823,163.423,4.6,2026-09-08 09:27:33.509,2026-09-08 09:24:54.559,52.70,1.00,24.00,1.00
B2,uav-03,DJI_202609080916_004,DJI_20260908092454_0002,@raw/02_第二批_20260908_0924_单火点/01_正式视频/无人机03_1581F7K3C255900D76E8/DJI_202609080916_004/DJI_20260908092454_0002_S.MP4,@raw/02_第二批_20260908_0924_单火点/01_正式视频/无人机03_1581F7K3C255900D76E8/DJI_202609080916_004/DJI_20260908092454_0002_V.MP4,240.534,242.7,2.166,2026-09-08 09:28:55.219,2026-09-08 09:24:54.559,52.70,1.00,24.00,1.00
B2,uav-03,DJI_202609080916_004,DJI_20260908092454_0002,@raw/02_第二批_20260908_0924_单火点/01_正式视频/无人机03_1581F7K3C255900D76E8/DJI_202609080916_004/DJI_20260908092454_0002_S.MP4,@raw/02_第二批_20260908_0924_单火点/01_正式视频/无人机03_1581F7K3C255900D76E8/DJI_202609080916_004/DJI_20260908092454_0002_V.MP4,265.356,275.123,9.767,2026-09-08 09:29:20.000,2026-09-08 09:24:54.559,52.70,1.00,24.00,1.00
B2,uav-03,DJI_202609080916_004,DJI_20260908092454_0002,@raw/02_第二批_20260908_0924_单火点/01_正式视频/无人机03_1581F7K3C255900D76E8/DJI_202609080916_004/DJI_20260908092454_0002_S.MP4,@raw/02_第二批_20260908_0924_单火点/01_正式视频/无人机03_1581F7K3C255900D76E8/DJI_202609080916_004/DJI_20260908092454_0002_V.MP4,701.783,703.916,2.133,2026-09-08 09:36:36.484,2026-09-08 09:24:54.559,52.70,1.00,24.00,1.00
B2,uav-03,DJI_202609080916_004,DJI_20260908092454_0002,@raw/02_第二批_20260908_0924_单火点/01_正式视频/无人机03_1581F7K3C255900D76E8/DJI_202609080916_004/DJI_20260908092454_0002_S.MP4,@raw/02_第二批_20260908_0924_单火点/01_正式视频/无人机03_1581F7K3C255900D76E8/DJI_202609080916_004/DJI_20260908092454_0002_V.MP4,705.351,707.251,1.9,2026-09-08 09:36:40.040,2026-09-08 09:24:54.559,52.70,1.00,24.00,1.00
B2,uav-03,DJI_202609080916_004,DJI_20260908092454_0002,@raw/02_第二批_20260908_0924_单火点/01_正式视频/无人机03_1581F7K3C255900D76E8/DJI_202609080916_004/DJI_20260908092454_0002_S.MP4,@raw/02_第二批_20260908_0924_单火点/01_正式视频/无人机03_1581F7K3C255900D76E8/DJI_202609080916_004/DJI_20260908092454_0002_V.MP4,711.088,712.788,1.7,2026-09-08 09:36:45.775,2026-09-08 09:24:54.559,52.70,1.00,24.00,1.00
B2,uav-03,DJI_202609080916_004,DJI_20260908092454_0002,@raw/02_第二批_20260908_0924_单火点/01_正式视频/无人机03_1581F7K3C255900D76E8/DJI_202609080916_004/DJI_20260908092454_0002_S.MP4,@raw/02_第二批_20260908_0924_单火点/01_正式视频/无人机03_1581F7K3C255900D76E8/DJI_202609080916_004/DJI_20260908092454_0002_V.MP4,714.323,718.889,4.566,2026-09-08 09:36:49.010,2026-09-08 09:24:54.559,52.70,1.00,24.00,1.00
B2,uav-03,DJI_202609080916_004,DJI_20260908092454_0002,@raw/02_第二批_20260908_0924_单火点/01_正式视频/无人机03_1581F7K3C255900D76E8/DJI_202609080916_004/DJI_20260908092454_0002_S.MP4,@raw/02_第二批_20260908_0924_单火点/01_正式视频/无人机03_1581F7K3C255900D76E8/DJI_202609080916_004/DJI_20260908092454_0002_V.MP4,722.526,723.493,0.967,2026-09-08 09:36:57.204,2026-09-08 09:24:54.559,52.70,1.00,24.00,1.00
B2,uav-04,DJI_202609080915_034,DJI_20260908092436_0002,@raw/02_第二批_20260908_0924_单火点/01_正式视频/无人机04_1581F7K33258900AP021/DJI_202609080915_034/DJI_20260908092436_0002_S.MP4,@raw/02_第二批_20260908_0924_单火点/01_正式视频/无人机04_1581F7K33258900AP021/DJI_202609080915_034/DJI_20260908092436_0002_V.MP4,50.484,53.75,3.266,2026-09-08 09:25:27.043,2026-09-08 09:24:36.480,52.70,1.00,55.00,2.29
B2,uav-04,DJI_202609080915_034,DJI_20260908092436_0002,@raw/02_第二批_20260908_0924_单火点/01_正式视频/无人机04_1581F7K33258900AP021/DJI_202609080915_034/DJI_20260908092436_0002_S.MP4,@raw/02_第二批_20260908_0924_单火点/01_正式视频/无人机04_1581F7K33258900AP021/DJI_202609080915_034/DJI_20260908092436_0002_V.MP4,98.028,107.128,9.1,2026-09-08 09:26:14.606,2026-09-08 09:24:36.480,52.70,1.00,55.00,2.29
B2,uav-04,DJI_202609080915_034,DJI_20260908092436_0002,@raw/02_第二批_20260908_0924_单火点/01_正式视频/无人机04_1581F7K33258900AP021/DJI_202609080915_034/DJI_20260908092436_0002_S.MP4,@raw/02_第二批_20260908_0924_单火点/01_正式视频/无人机04_1581F7K33258900AP021/DJI_202609080915_034/DJI_20260908092436_0002_V.MP4,107.895,123.362,15.467,2026-09-08 09:26:24.445,2026-09-08 09:24:36.480,52.70,1.00,55.00,2.29
B2,uav-04,DJI_202609080915_034,DJI_20260908092436_0002,@raw/02_第二批_20260908_0924_单火点/01_正式视频/无人机04_1581F7K33258900AP021/DJI_202609080915_034/DJI_20260908092436_0002_S.MP4,@raw/02_第二批_20260908_0924_单火点/01_正式视频/无人机04_1581F7K33258900AP021/DJI_202609080915_034/DJI_20260908092436_0002_V.MP4,128.834,130.768,1.934,2026-09-08 09:26:45.408,2026-09-08 09:24:36.480,52.70,1.00,55.00,2.29
B2,uav-04,DJI_202609080915_034,DJI_20260908092436_0002,@raw/02_第二批_20260908_0924_单火点/01_正式视频/无人机04_1581F7K33258900AP021/DJI_202609080915_034/DJI_20260908092436_0002_S.MP4,@raw/02_第二批_20260908_0924_单火点/01_正式视频/无人机04_1581F7K33258900AP021/DJI_202609080915_034/DJI_20260908092436_0002_V.MP4,132.669,235.069,102.4,2026-09-08 09:26:49.239,2026-09-08 09:24:36.480,52.70,1.00,55.00,2.29
B2,uav-04,DJI_202609080915_034,DJI_20260908092436_0002,@raw/02_第二批_20260908_0924_单火点/01_正式视频/无人机04_1581F7K33258900AP021/DJI_202609080915_034/DJI_20260908092436_0002_S.MP4,@raw/02_第二批_20260908_0924_单火点/01_正式视频/无人机04_1581F7K33258900AP021/DJI_202609080915_034/DJI_20260908092436_0002_V.MP4,284.886,336.886,52.0,2026-09-08 09:29:21.450,2026-09-08 09:24:36.480,52.70,1.00,55.00,2.29
B2,uav-04,DJI_202609080915_034,DJI_20260908092436_0002,@raw/02_第二批_20260908_0924_单火点/01_正式视频/无人机04_1581F7K33258900AP021/DJI_202609080915_034/DJI_20260908092436_0002_S.MP4,@raw/02_第二批_20260908_0924_单火点/01_正式视频/无人机04_1581F7K33258900AP021/DJI_202609080915_034/DJI_20260908092436_0002_V.MP4,435.818,444.951,9.133,2026-09-08 09:31:52.353,2026-09-08 09:24:36.480,52.70,1.00,55.00,2.29
B2,uav-04,DJI_202609080915_034,DJI_20260908092436_0002,@raw/02_第二批_20260908_0924_单火点/01_正式视频/无人机04_1581F7K33258900AP021/DJI_202609080915_034/DJI_20260908092436_0002_S.MP4,@raw/02_第二批_20260908_0924_单火点/01_正式视频/无人机04_1581F7K33258900AP021/DJI_202609080915_034/DJI_20260908092436_0002_V.MP4,606.346,610.813,4.467,2026-09-08 09:34:42.856,2026-09-08 09:24:36.480,52.70,1.00,55.00,2.29
B2,uav-04,DJI_202609080915_034,DJI_20260908092436_0002,@raw/02_第二批_20260908_0924_单火点/01_正式视频/无人机04_1581F7K33258900AP021/DJI_202609080915_034/DJI_20260908092436_0002_S.MP4,@raw/02_第二批_20260908_0924_单火点/01_正式视频/无人机04_1581F7K33258900AP021/DJI_202609080915_034/DJI_20260908092436_0002_V.MP4,650.719,653.186,2.467,2026-09-08 09:35:27.224,2026-09-08 09:24:36.480,52.70,1.00,55.00,2.29
B2,uav-04,DJI_202609080915_034,DJI_20260908092436_0002,@raw/02_第二批_20260908_0924_单火点/01_正式视频/无人机04_1581F7K33258900AP021/DJI_202609080915_034/DJI_20260908092436_0002_S.MP4,@raw/02_第二批_20260908_0924_单火点/01_正式视频/无人机04_1581F7K33258900AP021/DJI_202609080915_034/DJI_20260908092436_0002_V.MP4,756.322,759.389,3.067,2026-09-08 09:37:12.865,2026-09-08 09:24:36.480,52.70,1.00,55.00,2.29
B2,uav-07,DJI_202609080909_002,DJI_20260908092438_0002,@raw/02_第二批_20260908_0924_单火点/01_正式视频/无人机07_1581F7K3325B100AS0AG/DJI_202609080909_002/DJI_20260908092438_0002_S.MP4,@raw/02_第二批_20260908_0924_单火点/01_正式视频/无人机07_1581F7K3325B100AS0AG/DJI_202609080909_002/DJI_20260908092438_0002_V.MP4,0.0,32.167,32.167,2026-09-08 09:24:38.444,2026-09-08 09:24:38.306,52.70,1.00,54.10,2.25
B2,uav-07,DJI_202609080909_002,DJI_20260908092438_0002,@raw/02_第二批_20260908_0924_单火点/01_正式视频/无人机07_1581F7K3325B100AS0AG/DJI_202609080909_002/DJI_20260908092438_0002_S.MP4,@raw/02_第二批_20260908_0924_单火点/01_正式视频/无人机07_1581F7K3325B100AS0AG/DJI_202609080909_002/DJI_20260908092438_0002_V.MP4,33.401,40.035,6.634,2026-09-08 09:25:11.782,2026-09-08 09:24:38.306,52.70,1.00,54.10,2.25
B2,uav-07,DJI_202609080909_002,DJI_20260908092438_0002,@raw/02_第二批_20260908_0924_单火点/01_正式视频/无人机07_1581F7K3325B100AS0AG/DJI_202609080909_002/DJI_20260908092438_0002_S.MP4,@raw/02_第二批_20260908_0924_单火点/01_正式视频/无人机07_1581F7K3325B100AS0AG/DJI_202609080909_002/DJI_20260908092438_0002_V.MP4,41.069,42.236,1.167,2026-09-08 09:25:19.452,2026-09-08 09:24:38.306,52.70,1.00,54.10,2.25
B2,uav-07,DJI_202609080909_002,DJI_20260908092438_0002,@raw/02_第二批_20260908_0924_单火点/01_正式视频/无人机07_1581F7K3325B100AS0AG/DJI_202609080909_002/DJI_20260908092438_0002_S.MP4,@raw/02_第二批_20260908_0924_单火点/01_正式视频/无人机07_1581F7K3325B100AS0AG/DJI_202609080909_002/DJI_20260908092438_0002_V.MP4,43.303,45.903,2.6,2026-09-08 09:25:21.688,2026-09-08 09:24:38.306,52.70,1.00,54.10,2.25
B2,uav-07,DJI_202609080909_002,DJI_20260908092438_0002,@raw/02_第二批_20260908_0924_单火点/01_正式视频/无人机07_1581F7K3325B100AS0AG/DJI_202609080909_002/DJI_20260908092438_0002_S.MP4,@raw/02_第二批_20260908_0924_单火点/01_正式视频/无人机07_1581F7K3325B100AS0AG/DJI_202609080909_002/DJI_20260908092438_0002_V.MP4,74.198,127.098,52.9,2026-09-08 09:25:52.586,2026-09-08 09:24:38.306,52.70,1.00,54.10,2.25
B2,uav-07,DJI_202609080909_002,DJI_20260908092438_0002,@raw/02_第二批_20260908_0924_单火点/01_正式视频/无人机07_1581F7K3325B100AS0AG/DJI_202609080909_002/DJI_20260908092438_0002_S.MP4,@raw/02_第二批_20260908_0924_单火点/01_正式视频/无人机07_1581F7K3325B100AS0AG/DJI_202609080909_002/DJI_20260908092438_0002_V.MP4,149.587,309.354,159.767,2026-09-08 09:27:07.968,2026-09-08 09:24:38.306,52.70,1.00,54.10,2.25
B2,uav-07,DJI_202609080909_002,DJI_20260908092438_0002,@raw/02_第二批_20260908_0924_单火点/01_正式视频/无人机07_1581F7K3325B100AS0AG/DJI_202609080909_002/DJI_20260908092438_0002_S.MP4,@raw/02_第二批_20260908_0924_单火点/01_正式视频/无人机07_1581F7K3325B100AS0AG/DJI_202609080909_002/DJI_20260908092438_0002_V.MP4,529.307,612.074,82.767,2026-09-08 09:33:27.719,2026-09-08 09:24:38.306,52.70,1.00,54.10,2.25
B2,uav-07,DJI_202609080909_002,DJI_20260908092438_0002,@raw/02_第二批_20260908_0924_单火点/01_正式视频/无人机07_1581F7K3325B100AS0AG/DJI_202609080909_002/DJI_20260908092438_0002_S.MP4,@raw/02_第二批_20260908_0924_单火点/01_正式视频/无人机07_1581F7K3325B100AS0AG/DJI_202609080909_002/DJI_20260908092438_0002_V.MP4,714.142,727.542,13.4,2026-09-08 09:36:32.571,2026-09-08 09:24:38.306,52.70,1.00,54.10,2.25
B2,uav-07,DJI_202609080909_002,DJI_20260908092438_0002,@raw/02_第二批_20260908_0924_单火点/01_正式视频/无人机07_1581F7K3325B100AS0AG/DJI_202609080909_002/DJI_20260908092438_0002_S.MP4,@raw/02_第二批_20260908_0924_单火点/01_正式视频/无人机07_1581F7K3325B100AS0AG/DJI_202609080909_002/DJI_20260908092438_0002_V.MP4,756.972,759.072,2.1,2026-09-08 09:37:15.393,2026-09-08 09:24:38.306,52.70,1.00,54.10,2.25
B2,uav-07,DJI_202609080909_002,DJI_20260908092438_0002,@raw/02_第二批_20260908_0924_单火点/01_正式视频/无人机07_1581F7K3325B100AS0AG/DJI_202609080909_002/DJI_20260908092438_0002_S.MP4,@raw/02_第二批_20260908_0924_单火点/01_正式视频/无人机07_1581F7K3325B100AS0AG/DJI_202609080909_002/DJI_20260908092438_0002_V.MP4,761.574,762.608,1.034,2026-09-08 09:37:19.994,2026-09-08 09:24:38.306,52.70,1.00,54.10,2.25
B2,uav-07,DJI_202609080909_002,DJI_20260908092438_0002,@raw/02_第二批_20260908_0924_单火点/01_正式视频/无人机07_1581F7K3325B100AS0AG/DJI_202609080909_002/DJI_20260908092438_0002_S.MP4,@raw/02_第二批_20260908_0924_单火点/01_正式视频/无人机07_1581F7K3325B100AS0AG/DJI_202609080909_002/DJI_20260908092438_0002_V.MP4,817.729,943.796,126.067,2026-09-08 09:38:16.127,2026-09-08 09:24:38.306,52.70,1.00,54.10,2.25
B2,uav-08,DJI_202609080922_003,DJI_20260908092433_0001,@raw/02_第二批_20260908_0924_单火点/01_正式视频/无人机08_1581F7K3C256N00DCP1T/DJI_202609080922_003/DJI_20260908092433_0001_S.MP4,@raw/02_第二批_20260908_0924_单火点/01_正式视频/无人机08_1581F7K3C256N00DCP1T/DJI_202609080922_003/DJI_20260908092433_0001_V.MP4,220.654,221.82,1.166,2026-09-08 09:28:14.679,2026-09-08 09:24:34.030,52.70,1.00,55.10,2.30
B2,uav-08,DJI_202609080922_003,DJI_20260908092433_0001,@raw/02_第二批_20260908_0924_单火点/01_正式视频/无人机08_1581F7K3C256N00DCP1T/DJI_202609080922_003/DJI_20260908092433_0001_S.MP4,@raw/02_第二批_20260908_0924_单火点/01_正式视频/无人机08_1581F7K3C256N00DCP1T/DJI_202609080922_003/DJI_20260908092433_0001_V.MP4,1073.372,1073.405,0.033,2026-09-08 09:28:15.819,2026-09-08 09:42:27.399,55.10,2.30,24.00,1.00
B2,uav-09,DJI_202609080915_003,DJI_20260908092435_0004,@raw/02_第二批_20260908_0924_单火点/01_正式视频/无人机09_1581F7K3C24CS00AX535/DJI_202609080915_003/DJI_20260908092435_0004_S.MP4,@raw/02_第二批_20260908_0924_单火点/01_正式视频/无人机09_1581F7K3C24CS00AX535/DJI_202609080915_003/DJI_20260908092435_0004_V.MP4,126.026,129.759,3.733,2026-09-08 09:26:42.138,2026-09-08 09:24:36.082,52.70,1.00,53.30,2.22
B2,uav-09,DJI_202609080915_003,DJI_20260908092435_0004,@raw/02_第二批_20260908_0924_单火点/01_正式视频/无人机09_1581F7K3C24CS00AX535/DJI_202609080915_003/DJI_20260908092435_0004_S.MP4,@raw/02_第二批_20260908_0924_单火点/01_正式视频/无人机09_1581F7K3C24CS00AX535/DJI_202609080915_003/DJI_20260908092435_0004_V.MP4,163.993,164.96,0.967,2026-09-08 09:27:20.090,2026-09-08 09:24:36.082,52.70,1.00,53.30,2.22
B2,uav-09,DJI_202609080915_003,DJI_20260908092435_0004,@raw/02_第二批_20260908_0924_单火点/01_正式视频/无人机09_1581F7K3C24CS00AX535/DJI_202609080915_003/DJI_20260908092435_0004_S.MP4,@raw/02_第二批_20260908_0924_单火点/01_正式视频/无人机09_1581F7K3C24CS00AX535/DJI_202609080915_003/DJI_20260908092435_0004_V.MP4,517.512,521.112,3.6,2026-09-08 09:33:13.630,2026-09-08 09:24:36.082,52.70,1.00,53.30,2.22
B2,uav-09,DJI_202609080915_003,DJI_20260908092435_0004,@raw/02_第二批_20260908_0924_单火点/01_正式视频/无人机09_1581F7K3C24CS00AX535/DJI_202609080915_003/DJI_20260908092435_0004_S.MP4,@raw/02_第二批_20260908_0924_单火点/01_正式视频/无人机09_1581F7K3C24CS00AX535/DJI_202609080915_003/DJI_20260908092435_0004_V.MP4,523.114,526.381,3.267,2026-09-08 09:33:19.265,2026-09-08 09:24:36.082,52.70,1.00,53.30,2.22
B2,uav-09,DJI_202609080915_003,DJI_20260908092435_0004,@raw/02_第二批_20260908_0924_单火点/01_正式视频/无人机09_1581F7K3C24CS00AX535/DJI_202609080915_003/DJI_20260908092435_0004_S.MP4,@raw/02_第二批_20260908_0924_单火点/01_正式视频/无人机09_1581F7K3C24CS00AX535/DJI_202609080915_003/DJI_20260908092435_0004_V.MP4,533.154,535.621,2.467,2026-09-08 09:33:29.303,2026-09-08 09:24:36.082,52.70,1.00,53.30,2.22
B2,uav-09,DJI_202609080915_003,DJI_20260908092435_0004,@raw/02_第二批_20260908_0924_单火点/01_正式视频/无人机09_1581F7K3C24CS00AX535/DJI_202609080915_003/DJI_20260908092435_0004_S.MP4,@raw/02_第二批_20260908_0924_单火点/01_正式视频/无人机09_1581F7K3C24CS00AX535/DJI_202609080915_003/DJI_20260908092435_0004_V.MP4,837.589,839.156,1.567,2026-09-08 09:38:33.754,2026-09-08 09:24:36.082,52.70,1.00,53.30,2.22
B2,uav-09,DJI_202609080915_003,DJI_20260908092435_0004,@raw/02_第二批_20260908_0924_单火点/01_正式视频/无人机09_1581F7K3C24CS00AX535/DJI_202609080915_003/DJI_20260908092435_0004_S.MP4,@raw/02_第二批_20260908_0924_单火点/01_正式视频/无人机09_1581F7K3C24CS00AX535/DJI_202609080915_003/DJI_20260908092435_0004_V.MP4,959.176,960.176,1.0,2026-09-08 09:40:35.321,2026-09-08 09:24:36.082,52.70,1.00,53.30,2.22
B2,uav-09,DJI_202609080915_003,DJI_20260908092435_0004,@raw/02_第二批_20260908_0924_单火点/01_正式视频/无人机09_1581F7K3C24CS00AX535/DJI_202609080915_003/DJI_20260908092435_0004_S.MP4,@raw/02_第二批_20260908_0924_单火点/01_正式视频/无人机09_1581F7K3C24CS00AX535/DJI_202609080915_003/DJI_20260908092435_0004_V.MP4,961.477,962.711,1.234,2026-09-08 09:40:37.622,2026-09-08 09:24:36.082,52.70,1.00,53.30,2.22
B3,uav-01,DJI_202609080945_004,DJI_20260908100826_0002,@raw/03_第三批_20260908_1006_多火点/01_正式视频/无人机01_1581F7K3C251800CYBVP/DJI_202609080945_004/DJI_20260908100826_0002_S.MP4,@raw/03_第三批_20260908_1006_多火点/01_正式视频/无人机01_1581F7K3C251800CYBVP/DJI_202609080945_004/DJI_20260908100826_0002_V.MP4,552.685,562.085,9.4,2026-09-08 10:17:39.148,2026-09-08 10:08:26.449,52.70,1.00,53.30,2.22
B3,uav-02,DJI_202609080957_005,DJI_20260908100606_0001,@raw/03_第三批_20260908_1006_多火点/01_正式视频/无人机02_1581F7K3C267500D2DQD/DJI_202609080957_005/DJI_20260908100606_0001_S.MP4,@raw/03_第三批_20260908_1006_多火点/01_正式视频/无人机02_1581F7K3C267500D2DQD/DJI_202609080957_005/DJI_20260908100606_0001_V.MP4,86.253,88.32,2.067,2026-09-08 10:07:33.368,2026-09-08 10:06:07.282,52.70,1.00,53.00,2.21
B3,uav-02,DJI_202609080957_005,DJI_20260908100606_0001,@raw/03_第三批_20260908_1006_多火点/01_正式视频/无人机02_1581F7K3C267500D2DQD/DJI_202609080957_005/DJI_20260908100606_0001_S.MP4,@raw/03_第三批_20260908_1006_多火点/01_正式视频/无人机02_1581F7K3C267500D2DQD/DJI_202609080957_005/DJI_20260908100606_0001_V.MP4,501.165,853.486,352.321,2026-09-08 10:14:28.237,2026-09-08 10:06:07.282,52.70,1.00,53.00,2.21
B3,uav-03,DJI_202609080957_005,DJI_20260908100550_0001,@raw/03_第三批_20260908_1006_多火点/01_正式视频/无人机03_1581F7K3C255900D76E8/DJI_202609080957_005/DJI_20260908100550_0001_S.MP4,@raw/03_第三批_20260908_1006_多火点/01_正式视频/无人机03_1581F7K3C255900D76E8/DJI_202609080957_005/DJI_20260908100550_0001_V.MP4,72.105,74.172,2.067,2026-09-08 10:07:03.524,2026-09-08 10:05:51.359,52.70,1.00,33.80,1.41
B3,uav-03,DJI_202609080957_005,DJI_20260908100550_0001,@raw/03_第三批_20260908_1006_多火点/01_正式视频/无人机03_1581F7K3C255900D76E8/DJI_202609080957_005/DJI_20260908100550_0001_S.MP4,@raw/03_第三批_20260908_1006_多火点/01_正式视频/无人机03_1581F7K3C255900D76E8/DJI_202609080957_005/DJI_20260908100550_0001_V.MP4,81.68,83.313,1.633,2026-09-08 10:07:13.094,2026-09-08 10:05:51.359,52.70,1.00,33.80,1.41
B3,uav-03,DJI_202609080957_005,DJI_20260908100550_0001,@raw/03_第三批_20260908_1006_多火点/01_正式视频/无人机03_1581F7K3C255900D76E8/DJI_202609080957_005/DJI_20260908100550_0001_S.MP4,@raw/03_第三批_20260908_1006_多火点/01_正式视频/无人机03_1581F7K3C255900D76E8/DJI_202609080957_005/DJI_20260908100550_0001_V.MP4,84.28,85.014,0.734,2026-09-08 10:07:15.728,2026-09-08 10:05:51.359,52.70,1.00,33.80,1.41
B3,uav-03,DJI_202609080957_005,DJI_20260908100550_0001,@raw/03_第三批_20260908_1006_多火点/01_正式视频/无人机03_1581F7K3C255900D76E8/DJI_202609080957_005/DJI_20260908100550_0001_S.MP4,@raw/03_第三批_20260908_1006_多火点/01_正式视频/无人机03_1581F7K3C255900D76E8/DJI_202609080957_005/DJI_20260908100550_0001_V.MP4,95.524,99.091,3.567,2026-09-08 10:07:26.957,2026-09-08 10:05:51.359,52.70,1.00,33.80,1.41
B3,uav-03,DJI_202609080957_005,DJI_20260908100550_0001,@raw/03_第三批_20260908_1006_多火点/01_正式视频/无人机03_1581F7K3C255900D76E8/DJI_202609080957_005/DJI_20260908100550_0001_S.MP4,@raw/03_第三批_20260908_1006_多火点/01_正式视频/无人机03_1581F7K3C255900D76E8/DJI_202609080957_005/DJI_20260908100550_0001_V.MP4,102.194,112.327,10.133,2026-09-08 10:07:33.657,2026-09-08 10:05:51.359,52.70,1.00,33.80,1.41
B3,uav-03,DJI_202609080957_005,DJI_20260908100550_0001,@raw/03_第三批_20260908_1006_多火点/01_正式视频/无人机03_1581F7K3C255900D76E8/DJI_202609080957_005/DJI_20260908100550_0001_S.MP4,@raw/03_第三批_20260908_1006_多火点/01_正式视频/无人机03_1581F7K3C255900D76E8/DJI_202609080957_005/DJI_20260908100550_0001_V.MP4,113.095,117.028,3.933,2026-09-08 10:07:44.562,2026-09-08 10:05:51.359,52.70,1.00,33.80,1.41
B3,uav-03,DJI_202609080957_005,DJI_20260908100550_0001,@raw/03_第三批_20260908_1006_多火点/01_正式视频/无人机03_1581F7K3C255900D76E8/DJI_202609080957_005/DJI_20260908100550_0001_S.MP4,@raw/03_第三批_20260908_1006_多火点/01_正式视频/无人机03_1581F7K3C255900D76E8/DJI_202609080957_005/DJI_20260908100550_0001_V.MP4,117.962,123.062,5.1,2026-09-08 10:07:49.425,2026-09-08 10:05:51.359,52.70,1.00,33.80,1.41
B3,uav-03,DJI_202609080957_005,DJI_20260908100550_0001,@raw/03_第三批_20260908_1006_多火点/01_正式视频/无人机03_1581F7K3C255900D76E8/DJI_202609080957_005/DJI_20260908100550_0001_S.MP4,@raw/03_第三批_20260908_1006_多火点/01_正式视频/无人机03_1581F7K3C255900D76E8/DJI_202609080957_005/DJI_20260908100550_0001_V.MP4,123.997,125.697,1.7,2026-09-08 10:07:55.465,2026-09-08 10:05:51.359,52.70,1.00,33.80,1.41
B3,uav-03,DJI_202609080957_005,DJI_20260908100550_0001,@raw/03_第三批_20260908_1006_多火点/01_正式视频/无人机03_1581F7K3C255900D76E8/DJI_202609080957_005/DJI_20260908100550_0001_S.MP4,@raw/03_第三批_20260908_1006_多火点/01_正式视频/无人机03_1581F7K3C255900D76E8/DJI_202609080957_005/DJI_20260908100550_0001_V.MP4,175.246,177.28,2.034,2026-09-08 10:08:46.676,2026-09-08 10:05:51.359,52.70,1.00,33.80,1.41
B3,uav-03,DJI_202609080957_005,DJI_20260908100550_0001,@raw/03_第三批_20260908_1006_多火点/01_正式视频/无人机03_1581F7K3C255900D76E8/DJI_202609080957_005/DJI_20260908100550_0001_S.MP4,@raw/03_第三批_20260908_1006_多火点/01_正式视频/无人机03_1581F7K3C255900D76E8/DJI_202609080957_005/DJI_20260908100550_0001_V.MP4,233.102,236.335,3.233,2026-09-08 10:09:44.522,2026-09-08 10:05:51.359,52.70,1.00,33.80,1.41
B3,uav-03,DJI_202609080957_005,DJI_20260908100550_0001,@raw/03_第三批_20260908_1006_多火点/01_正式视频/无人机03_1581F7K3C255900D76E8/DJI_202609080957_005/DJI_20260908100550_0001_S.MP4,@raw/03_第三批_20260908_1006_多火点/01_正式视频/无人机03_1581F7K3C255900D76E8/DJI_202609080957_005/DJI_20260908100550_0001_V.MP4,237.303,238.37,1.067,2026-09-08 10:09:48.721,2026-09-08 10:05:51.359,52.70,1.00,33.80,1.41
B3,uav-03,DJI_202609080957_005,DJI_20260908100550_0001,@raw/03_第三批_20260908_1006_多火点/01_正式视频/无人机03_1581F7K3C255900D76E8/DJI_202609080957_005/DJI_20260908100550_0001_S.MP4,@raw/03_第三批_20260908_1006_多火点/01_正式视频/无人机03_1581F7K3C255900D76E8/DJI_202609080957_005/DJI_20260908100550_0001_V.MP4,239.237,241.171,1.934,2026-09-08 10:09:50.654,2026-09-08 10:05:51.359,52.70,1.00,33.80,1.41
B3,uav-03,DJI_202609080957_005,DJI_20260908100550_0001,@raw/03_第三批_20260908_1006_多火点/01_正式视频/无人机03_1581F7K3C255900D76E8/DJI_202609080957_005/DJI_20260908100550_0001_S.MP4,@raw/03_第三批_20260908_1006_多火点/01_正式视频/无人机03_1581F7K3C255900D76E8/DJI_202609080957_005/DJI_20260908100550_0001_V.MP4,242.205,243.872,1.667,2026-09-08 10:09:53.621,2026-09-08 10:05:51.359,52.70,1.00,33.80,1.41
B3,uav-03,DJI_202609080957_005,DJI_20260908100550_0001,@raw/03_第三批_20260908_1006_多火点/01_正式视频/无人机03_1581F7K3C255900D76E8/DJI_202609080957_005/DJI_20260908100550_0001_S.MP4,@raw/03_第三批_20260908_1006_多火点/01_正式视频/无人机03_1581F7K3C255900D76E8/DJI_202609080957_005/DJI_20260908100550_0001_V.MP4,250.311,253.945,3.634,2026-09-08 10:10:01.767,2026-09-08 10:05:51.359,52.70,1.00,33.80,1.41
B3,uav-03,DJI_202609080957_005,DJI_20260908100550_0001,@raw/03_第三批_20260908_1006_多火点/01_正式视频/无人机03_1581F7K3C255900D76E8/DJI_202609080957_005/DJI_20260908100550_0001_S.MP4,@raw/03_第三批_20260908_1006_多火点/01_正式视频/无人机03_1581F7K3C255900D76E8/DJI_202609080957_005/DJI_20260908100550_0001_V.MP4,254.645,259.545,4.9,2026-09-08 10:10:06.072,2026-09-08 10:05:51.359,52.70,1.00,33.80,1.41
B3,uav-03,DJI_202609080957_005,DJI_20260908100550_0001,@raw/03_第三批_20260908_1006_多火点/01_正式视频/无人机03_1581F7K3C255900D76E8/DJI_202609080957_005/DJI_20260908100550_0001_S.MP4,@raw/03_第三批_20260908_1006_多火点/01_正式视频/无人机03_1581F7K3C255900D76E8/DJI_202609080957_005/DJI_20260908100550_0001_V.MP4,263.349,264.516,1.167,2026-09-08 10:10:14.762,2026-09-08 10:05:51.359,52.70,1.00,33.80,1.41
B3,uav-03,DJI_202609080957_005,DJI_20260908100550_0001,@raw/03_第三批_20260908_1006_多火点/01_正式视频/无人机03_1581F7K3C255900D76E8/DJI_202609080957_005/DJI_20260908100550_0001_S.MP4,@raw/03_第三批_20260908_1006_多火点/01_正式视频/无人机03_1581F7K3C255900D76E8/DJI_202609080957_005/DJI_20260908100550_0001_V.MP4,371.423,373.889,2.466,2026-09-08 10:12:02.793,2026-09-08 10:05:51.359,52.70,1.00,33.80,1.41
B3,uav-03,DJI_202609080957_005,DJI_20260908100550_0001,@raw/03_第三批_20260908_1006_多火点/01_正式视频/无人机03_1581F7K3C255900D76E8/DJI_202609080957_005/DJI_20260908100550_0001_S.MP4,@raw/03_第三批_20260908_1006_多火点/01_正式视频/无人机03_1581F7K3C255900D76E8/DJI_202609080957_005/DJI_20260908100550_0001_V.MP4,407.423,408.489,1.066,2026-09-08 10:12:38.793,2026-09-08 10:05:51.359,52.70,1.00,33.80,1.41
B3,uav-03,DJI_202609080957_005,DJI_20260908100550_0001,@raw/03_第三批_20260908_1006_多火点/01_正式视频/无人机03_1581F7K3C255900D76E8/DJI_202609080957_005/DJI_20260908100550_0001_S.MP4,@raw/03_第三批_20260908_1006_多火点/01_正式视频/无人机03_1581F7K3C255900D76E8/DJI_202609080957_005/DJI_20260908100550_0001_V.MP4,454.168,455.302,1.134,2026-09-08 10:13:25.527,2026-09-08 10:05:51.359,52.70,1.00,33.80,1.41
B3,uav-03,DJI_202609080957_005,DJI_20260908100550_0001,@raw/03_第三批_20260908_1006_多火点/01_正式视频/无人机03_1581F7K3C255900D76E8/DJI_202609080957_005/DJI_20260908100550_0001_S.MP4,@raw/03_第三批_20260908_1006_多火点/01_正式视频/无人机03_1581F7K3C255900D76E8/DJI_202609080957_005/DJI_20260908100550_0001_V.MP4,527.107,531.007,3.9,2026-09-08 10:14:38.473,2026-09-08 10:05:51.359,52.70,1.00,33.80,1.41
B3,uav-03,DJI_202609080957_005,DJI_20260908100550_0001,@raw/03_第三批_20260908_1006_多火点/01_正式视频/无人机03_1581F7K3C255900D76E8/DJI_202609080957_005/DJI_20260908100550_0001_S.MP4,@raw/03_第三批_20260908_1006_多火点/01_正式视频/无人机03_1581F7K3C255900D76E8/DJI_202609080957_005/DJI_20260908100550_0001_V.MP4,789.732,794.432,4.7,2026-09-08 10:19:01.085,2026-09-08 10:05:51.359,52.70,1.00,33.80,1.41
B3,uav-04,DJI_202609080957_035,DJI_20260908100549_0001,@raw/03_第三批_20260908_1006_多火点/01_正式视频/无人机04_1581F7K33258900AP021/DJI_202609080957_035/DJI_20260908100549_0001_S.MP4,@raw/03_第三批_20260908_1006_多火点/01_正式视频/无人机04_1581F7K33258900AP021/DJI_202609080957_035/DJI_20260908100549_0001_V.MP4,16.35,74.05,57.7,2026-09-08 10:06:05.822,2026-09-08 10:05:49.566,52.70,1.00,53.80,2.24
B3,uav-04,DJI_202609080957_035,DJI_20260908100549_0001,@raw/03_第三批_20260908_1006_多火点/01_正式视频/无人机04_1581F7K33258900AP021/DJI_202609080957_035/DJI_20260908100549_0001_S.MP4,@raw/03_第三批_20260908_1006_多火点/01_正式视频/无人机04_1581F7K33258900AP021/DJI_202609080957_035/DJI_20260908100549_0001_V.MP4,77.553,120.787,43.234,2026-09-08 10:07:07.054,2026-09-08 10:05:49.566,52.70,1.00,53.80,2.24
B3,uav-04,DJI_202609080957_035,DJI_20260908100549_0001,@raw/03_第三批_20260908_1006_多火点/01_正式视频/无人机04_1581F7K33258900AP021/DJI_202609080957_035/DJI_20260908100549_0001_S.MP4,@raw/03_第三批_20260908_1006_多火点/01_正式视频/无人机04_1581F7K33258900AP021/DJI_202609080957_035/DJI_20260908100549_0001_V.MP4,244.543,419.777,175.234,2026-09-08 10:09:54.061,2026-09-08 10:05:49.566,52.70,1.00,53.80,2.24
B3,uav-04,DJI_202609080957_035,DJI_20260908100549_0001,@raw/03_第三批_20260908_1006_多火点/01_正式视频/无人机04_1581F7K33258900AP021/DJI_202609080957_035/DJI_20260908100549_0001_S.MP4,@raw/03_第三批_20260908_1006_多火点/01_正式视频/无人机04_1581F7K33258900AP021/DJI_202609080957_035/DJI_20260908100549_0001_V.MP4,513.003,528.47,15.467,2026-09-08 10:14:22.528,2026-09-08 10:05:49.566,52.70,1.00,53.80,2.24
B3,uav-05,DJI_202609080957_004,DJI_20260908100545_0001,@raw/03_第三批_20260908_1006_多火点/01_正式视频/无人机05_1581F7K3C251400CFB45/DJI_202609080957_004/DJI_20260908100545_0001_S.MP4,@raw/03_第三批_20260908_1006_多火点/01_正式视频/无人机05_1581F7K3C251400CFB45/DJI_202609080957_004/DJI_20260908100545_0001_V.MP4,0.0,3.233,3.233,2026-09-08 10:05:46.201,2026-09-08 10:05:46.121,52.70,1.00,53.00,2.21
B3,uav-05,DJI_202609080957_004,DJI_20260908100545_0001,@raw/03_第三批_20260908_1006_多火点/01_正式视频/无人机05_1581F7K3C251400CFB45/DJI_202609080957_004/DJI_20260908100545_0001_S.MP4,@raw/03_第三批_20260908_1006_多火点/01_正式视频/无人机05_1581F7K3C251400CFB45/DJI_202609080957_004/DJI_20260908100545_0001_V.MP4,84.481,216.781,132.3,2026-09-08 10:07:10.623,2026-09-08 10:05:46.121,52.70,1.00,53.00,2.21
B3,uav-05,DJI_202609080957_004,DJI_20260908100545_0001,@raw/03_第三批_20260908_1006_多火点/01_正式视频/无人机05_1581F7K3C251400CFB45/DJI_202609080957_004/DJI_20260908100545_0001_S.MP4,@raw/03_第三批_20260908_1006_多火点/01_正式视频/无人机05_1581F7K3C251400CFB45/DJI_202609080957_004/DJI_20260908100545_0001_V.MP4,417.215,534.015,116.8,2026-09-08 10:12:43.507,2026-09-08 10:05:46.121,52.70,1.00,53.00,2.21
B3,uav-05,DJI_202609080957_004,DJI_20260908100545_0001,@raw/03_第三批_20260908_1006_多火点/01_正式视频/无人机05_1581F7K3C251400CFB45/DJI_202609080957_004/DJI_20260908100545_0001_S.MP4,@raw/03_第三批_20260908_1006_多火点/01_正式视频/无人机05_1581F7K3C251400CFB45/DJI_202609080957_004/DJI_20260908100545_0001_V.MP4,627.942,873.475,245.533,2026-09-08 10:16:14.120,2026-09-08 10:05:46.121,52.70,1.00,53.00,2.21
B3,uav-07,DJI_202609081002_003,DJI_20260908100617_0001,@raw/03_第三批_20260908_1006_多火点/01_正式视频/无人机07_1581F7K3325B100AS0AG/DJI_202609081002_003/DJI_20260908100617_0001_S.MP4,@raw/03_第三批_20260908_1006_多火点/01_正式视频/无人机07_1581F7K3325B100AS0AG/DJI_202609081002_003/DJI_20260908100617_0001_V.MP4,142.843,142.876,0.033,2026-09-08 10:06:18.024,2026-09-08 10:08:40.877,53.10,2.21,53.40,2.23
B3,uav-07,DJI_202609081002_003,DJI_20260908100617_0001,@raw/03_第三批_20260908_1006_多火点/01_正式视频/无人机07_1581F7K3325B100AS0AG/DJI_202609081002_003/DJI_20260908100617_0001_S.MP4,@raw/03_第三批_20260908_1006_多火点/01_正式视频/无人机07_1581F7K3325B100AS0AG/DJI_202609081002_003/DJI_20260908100617_0001_V.MP4,142.876,142.909,0.033,2026-09-08 10:08:40.886,2026-09-08 10:08:40.909,53.40,2.23,53.80,2.24
B3,uav-07,DJI_202609081002_003,DJI_20260908100617_0001,@raw/03_第三批_20260908_1006_多火点/01_正式视频/无人机07_1581F7K3325B100AS0AG/DJI_202609081002_003/DJI_20260908100617_0001_S.MP4,@raw/03_第三批_20260908_1006_多火点/01_正式视频/无人机07_1581F7K3325B100AS0AG/DJI_202609081002_003/DJI_20260908100617_0001_V.MP4,262.062,263.762,1.7,2026-09-08 10:10:40.052,2026-09-08 10:08:40.909,52.70,1.00,53.80,2.24
B3,uav-08,DJI_202609080958_004,DJI_20260908100611_0001,@raw/03_第三批_20260908_1006_多火点/01_正式视频/无人机08_1581F7K3C256N00DCP1T/DJI_202609080958_004/DJI_20260908100611_0001_S.MP4,@raw/03_第三批_20260908_1006_多火点/01_正式视频/无人机08_1581F7K3C256N00DCP1T/DJI_202609080958_004/DJI_20260908100611_0001_V.MP4,10.477,17.31,6.833,2026-09-08 10:06:22.246,2026-09-08 10:06:11.895,52.70,1.00,24.00,1.00
B3,uav-08,DJI_202609080958_004,DJI_20260908100611_0001,@raw/03_第三批_20260908_1006_多火点/01_正式视频/无人机08_1581F7K3C256N00DCP1T/DJI_202609080958_004/DJI_20260908100611_0001_S.MP4,@raw/03_第三批_20260908_1006_多火点/01_正式视频/无人机08_1581F7K3C256N00DCP1T/DJI_202609080958_004/DJI_20260908100611_0001_V.MP4,25.318,50.885,25.567,2026-09-08 10:06:37.087,2026-09-08 10:06:11.895,52.70,1.00,24.00,1.00
B3,uav-08,DJI_202609080958_004,DJI_20260908100611_0001,@raw/03_第三批_20260908_1006_多火点/01_正式视频/无人机08_1581F7K3C256N00DCP1T/DJI_202609080958_004/DJI_20260908100611_0001_S.MP4,@raw/03_第三批_20260908_1006_多火点/01_正式视频/无人机08_1581F7K3C256N00DCP1T/DJI_202609080958_004/DJI_20260908100611_0001_V.MP4,51.953,59.92,7.967,2026-09-08 10:07:03.655,2026-09-08 10:06:11.895,52.70,1.00,24.00,1.00
B3,uav-08,DJI_202609080958_004,DJI_20260908100611_0001,@raw/03_第三批_20260908_1006_多火点/01_正式视频/无人机08_1581F7K3C256N00DCP1T/DJI_202609080958_004/DJI_20260908100611_0001_S.MP4,@raw/03_第三批_20260908_1006_多火点/01_正式视频/无人机08_1581F7K3C256N00DCP1T/DJI_202609080958_004/DJI_20260908100611_0001_V.MP4,61.221,123.388,62.167,2026-09-08 10:07:12.926,2026-09-08 10:06:11.895,52.70,1.00,24.00,1.00
B3,uav-08,DJI_202609080958_004,DJI_20260908100611_0001,@raw/03_第三批_20260908_1006_多火点/01_正式视频/无人机08_1581F7K3C256N00DCP1T/DJI_202609080958_004/DJI_20260908100611_0001_S.MP4,@raw/03_第三批_20260908_1006_多火点/01_正式视频/无人机08_1581F7K3C256N00DCP1T/DJI_202609080958_004/DJI_20260908100611_0001_V.MP4,129.494,144.094,14.6,2026-09-08 10:08:21.261,2026-09-08 10:06:11.895,52.70,1.00,24.00,1.00
B3,uav-08,DJI_202609080958_004,DJI_20260908100611_0001,@raw/03_第三批_20260908_1006_多火点/01_正式视频/无人机08_1581F7K3C256N00DCP1T/DJI_202609080958_004/DJI_20260908100611_0001_S.MP4,@raw/03_第三批_20260908_1006_多火点/01_正式视频/无人机08_1581F7K3C256N00DCP1T/DJI_202609080958_004/DJI_20260908100611_0001_V.MP4,146.629,441.763,295.134,2026-09-08 10:08:38.421,2026-09-08 10:06:11.895,52.70,1.00,24.00,1.00
B3,uav-08,DJI_202609080958_004,DJI_20260908100611_0001,@raw/03_第三批_20260908_1006_多火点/01_正式视频/无人机08_1581F7K3C256N00DCP1T/DJI_202609080958_004/DJI_20260908100611_0001_S.MP4,@raw/03_第三批_20260908_1006_多火点/01_正式视频/无人机08_1581F7K3C256N00DCP1T/DJI_202609080958_004/DJI_20260908100611_0001_V.MP4,444.032,507.498,63.466,2026-09-08 10:13:35.828,2026-09-08 10:06:11.895,52.70,1.00,24.00,1.00
B3,uav-08,DJI_202609080958_004,DJI_20260908100611_0001,@raw/03_第三批_20260908_1006_多火点/01_正式视频/无人机08_1581F7K3C256N00DCP1T/DJI_202609080958_004/DJI_20260908100611_0001_S.MP4,@raw/03_第三批_20260908_1006_多火点/01_正式视频/无人机08_1581F7K3C256N00DCP1T/DJI_202609080958_004/DJI_20260908100611_0001_V.MP4,510.268,554.068,43.8,2026-09-08 10:14:42.074,2026-09-08 10:06:11.895,52.70,1.00,24.00,1.00
B3,uav-08,DJI_202609080958_004,DJI_20260908100611_0001,@raw/03_第三批_20260908_1006_多火点/01_正式视频/无人机08_1581F7K3C256N00DCP1T/DJI_202609080958_004/DJI_20260908100611_0001_S.MP4,@raw/03_第三批_20260908_1006_多火点/01_正式视频/无人机08_1581F7K3C256N00DCP1T/DJI_202609080958_004/DJI_20260908100611_0001_V.MP4,630.444,759.092,128.648,2026-09-08 10:16:42.263,2026-09-08 10:06:11.895,52.70,1.00,24.00,1.00
B3,uav-09,DJI_202609080957_004,DJI_20260908100604_0001,@raw/03_第三批_20260908_1006_多火点/01_正式视频/无人机09_1581F7K3C24CS00AX535/DJI_202609080957_004/DJI_20260908100604_0001_S.MP4,@raw/03_第三批_20260908_1006_多火点/01_正式视频/无人机09_1581F7K3C24CS00AX535/DJI_202609080957_004/DJI_20260908100604_0001_V.MP4,8.909,11.142,2.233,2026-09-08 10:06:13.929,2026-09-08 10:06:05.030,52.70,1.00,54.70,2.28
B3,uav-09,DJI_202609080957_004,DJI_20260908100604_0001,@raw/03_第三批_20260908_1006_多火点/01_正式视频/无人机09_1581F7K3C24CS00AX535/DJI_202609080957_004/DJI_20260908100604_0001_S.MP4,@raw/03_第三批_20260908_1006_多火点/01_正式视频/无人机09_1581F7K3C24CS00AX535/DJI_202609080957_004/DJI_20260908100604_0001_V.MP4,12.777,13.777,1.0,2026-09-08 10:06:17.795,2026-09-08 10:06:05.030,52.70,1.00,54.70,2.28
B3,uav-09,DJI_202609080957_004,DJI_20260908100604_0001,@raw/03_第三批_20260908_1006_多火点/01_正式视频/无人机09_1581F7K3C24CS00AX535/DJI_202609080957_004/DJI_20260908100604_0001_S.MP4,@raw/03_第三批_20260908_1006_多火点/01_正式视频/无人机09_1581F7K3C24CS00AX535/DJI_202609080957_004/DJI_20260908100604_0001_V.MP4,32.229,159.529,127.3,2026-09-08 10:06:37.250,2026-09-08 10:06:05.030,52.70,1.00,54.70,2.28
B3,uav-09,DJI_202609080957_004,DJI_20260908100604_0001,@raw/03_第三批_20260908_1006_多火点/01_正式视频/无人机09_1581F7K3C24CS00AX535/DJI_202609080957_004/DJI_20260908100604_0001_S.MP4,@raw/03_第三批_20260908_1006_多火点/01_正式视频/无人机09_1581F7K3C24CS00AX535/DJI_202609080957_004/DJI_20260908100604_0001_V.MP4,168.471,172.838,4.367,2026-09-08 10:08:53.465,2026-09-08 10:06:05.030,52.70,1.00,54.70,2.28
B3,uav-09,DJI_202609080957_004,DJI_20260908100604_0001,@raw/03_第三批_20260908_1006_多火点/01_正式视频/无人机09_1581F7K3C24CS00AX535/DJI_202609080957_004/DJI_20260908100604_0001_S.MP4,@raw/03_第三批_20260908_1006_多火点/01_正式视频/无人机09_1581F7K3C24CS00AX535/DJI_202609080957_004/DJI_20260908100604_0001_V.MP4,409.341,412.141,2.8,2026-09-08 10:12:54.326,2026-09-08 10:06:05.030,52.70,1.00,54.70,2.28
B3,uav-09,DJI_202609080957_004,DJI_20260908100604_0001,@raw/03_第三批_20260908_1006_多火点/01_正式视频/无人机09_1581F7K3C24CS00AX535/DJI_202609080957_004/DJI_20260908100604_0001_S.MP4,@raw/03_第三批_20260908_1006_多火点/01_正式视频/无人机09_1581F7K3C24CS00AX535/DJI_202609080957_004/DJI_20260908100604_0001_V.MP4,825.12,827.487,2.367,2026-09-08 10:19:50.145,2026-09-08 10:06:05.030,52.70,1.00,54.70,2.28
B4,uav-01,DJI_202609081117_006,DJI_20260908112447_0010,@raw/04_第四批_20260908_1053_多火点与余热点/02_激光打点与定位验证/01_事后打点候选/无人机01_1581F7K3C251800CYBVP/DJI_202609081117_006/DJI_20260908112447_0010_S.MP4,@raw/04_第四批_20260908_1053_多火点与余热点/02_激光打点与定位验证/01_事后打点候选/无人机01_1581F7K3C251800CYBVP/DJI_202609081117_006/DJI_20260908112447_0010_V.MP4,14.882,14.915,0.033,2026-09-08 11:25:03.120,2026-09-08 11:24:48.203,24.20,1.01,24.00,1.00
B4,uav-01,DJI_202609081117_006,DJI_20260908112447_0010,@raw/04_第四批_20260908_1053_多火点与余热点/02_激光打点与定位验证/01_事后打点候选/无人机01_1581F7K3C251800CYBVP/DJI_202609081117_006/DJI_20260908112447_0010_S.MP4,@raw/04_第四批_20260908_1053_多火点与余热点/02_激光打点与定位验证/01_事后打点候选/无人机01_1581F7K3C251800CYBVP/DJI_202609081117_006/DJI_20260908112447_0010_V.MP4,14.915,14.948,0.033,2026-09-08 11:25:03.149,2026-09-08 11:25:03.113,24.30,1.01,24.20,1.01
B4,uav-01,DJI_202609081117_006,DJI_20260908112447_0010,@raw/04_第四批_20260908_1053_多火点与余热点/02_激光打点与定位验证/01_事后打点候选/无人机01_1581F7K3C251800CYBVP/DJI_202609081117_006/DJI_20260908112447_0010_S.MP4,@raw/04_第四批_20260908_1053_多火点与余热点/02_激光打点与定位验证/01_事后打点候选/无人机01_1581F7K3C251800CYBVP/DJI_202609081117_006/DJI_20260908112447_0010_V.MP4,14.948,14.982,0.034,2026-09-08 11:25:03.187,2026-09-08 11:25:03.146,24.50,1.02,24.30,1.01
B4,uav-01,DJI_202609081117_006,DJI_20260908112447_0010,@raw/04_第四批_20260908_1053_多火点与余热点/02_激光打点与定位验证/01_事后打点候选/无人机01_1581F7K3C251800CYBVP/DJI_202609081117_006/DJI_20260908112447_0010_S.MP4,@raw/04_第四批_20260908_1053_多火点与余热点/02_激光打点与定位验证/01_事后打点候选/无人机01_1581F7K3C251800CYBVP/DJI_202609081117_006/DJI_20260908112447_0010_V.MP4,14.982,15.015,0.033,2026-09-08 11:25:03.220,2026-09-08 11:25:03.179,24.60,1.03,24.50,1.02
B4,uav-01,DJI_202609081117_006,DJI_20260908112447_0010,@raw/04_第四批_20260908_1053_多火点与余热点/02_激光打点与定位验证/01_事后打点候选/无人机01_1581F7K3C251800CYBVP/DJI_202609081117_006/DJI_20260908112447_0010_S.MP4,@raw/04_第四批_20260908_1053_多火点与余热点/02_激光打点与定位验证/01_事后打点候选/无人机01_1581F7K3C251800CYBVP/DJI_202609081117_006/DJI_20260908112447_0010_V.MP4,15.015,15.048,0.033,2026-09-08 11:25:03.251,2026-09-08 11:25:03.213,24.80,1.03,24.60,1.03
B4,uav-01,DJI_202609081117_006,DJI_20260908112447_0010,@raw/04_第四批_20260908_1053_多火点与余热点/02_激光打点与定位验证/01_事后打点候选/无人机01_1581F7K3C251800CYBVP/DJI_202609081117_006/DJI_20260908112447_0010_S.MP4,@raw/04_第四批_20260908_1053_多火点与余热点/02_激光打点与定位验证/01_事后打点候选/无人机01_1581F7K3C251800CYBVP/DJI_202609081117_006/DJI_20260908112447_0010_V.MP4,15.048,15.082,0.034,2026-09-08 11:25:03.288,2026-09-08 11:25:03.247,24.90,1.04,24.80,1.03
B4,uav-01,DJI_202609081117_006,DJI_20260908112447_0010,@raw/04_第四批_20260908_1053_多火点与余热点/02_激光打点与定位验证/01_事后打点候选/无人机01_1581F7K3C251800CYBVP/DJI_202609081117_006/DJI_20260908112447_0010_S.MP4,@raw/04_第四批_20260908_1053_多火点与余热点/02_激光打点与定位验证/01_事后打点候选/无人机01_1581F7K3C251800CYBVP/DJI_202609081117_006/DJI_20260908112447_0010_V.MP4,15.082,15.115,0.033,2026-09-08 11:25:03.323,2026-09-08 11:25:03.279,25.10,1.05,24.90,1.04
B4,uav-01,DJI_202609081117_006,DJI_20260908112447_0010,@raw/04_第四批_20260908_1053_多火点与余热点/02_激光打点与定位验证/01_事后打点候选/无人机01_1581F7K3C251800CYBVP/DJI_202609081117_006/DJI_20260908112447_0010_S.MP4,@raw/04_第四批_20260908_1053_多火点与余热点/02_激光打点与定位验证/01_事后打点候选/无人机01_1581F7K3C251800CYBVP/DJI_202609081117_006/DJI_20260908112447_0010_V.MP4,15.115,15.148,0.033,2026-09-08 11:25:03.354,2026-09-08 11:25:03.315,25.30,1.05,25.10,1.05
B4,uav-01,DJI_202609081117_006,DJI_20260908112447_0010,@raw/04_第四批_20260908_1053_多火点与余热点/02_激光打点与定位验证/01_事后打点候选/无人机01_1581F7K3C251800CYBVP/DJI_202609081117_006/DJI_20260908112447_0010_S.MP4,@raw/04_第四批_20260908_1053_多火点与余热点/02_激光打点与定位验证/01_事后打点候选/无人机01_1581F7K3C251800CYBVP/DJI_202609081117_006/DJI_20260908112447_0010_V.MP4,15.148,15.182,0.034,2026-09-08 11:25:03.387,2026-09-08 11:25:03.346,25.40,1.06,25.30,1.05
B4,uav-01,DJI_202609081117_006,DJI_20260908112447_0010,@raw/04_第四批_20260908_1053_多火点与余热点/02_激光打点与定位验证/01_事后打点候选/无人机01_1581F7K3C251800CYBVP/DJI_202609081117_006/DJI_20260908112447_0010_S.MP4,@raw/04_第四批_20260908_1053_多火点与余热点/02_激光打点与定位验证/01_事后打点候选/无人机01_1581F7K3C251800CYBVP/DJI_202609081117_006/DJI_20260908112447_0010_V.MP4,15.182,15.215,0.033,2026-09-08 11:25:03.420,2026-09-08 11:25:03.380,25.60,1.07,25.40,1.06
B4,uav-01,DJI_202609081117_006,DJI_20260908112447_0010,@raw/04_第四批_20260908_1053_多火点与余热点/02_激光打点与定位验证/01_事后打点候选/无人机01_1581F7K3C251800CYBVP/DJI_202609081117_006/DJI_20260908112447_0010_S.MP4,@raw/04_第四批_20260908_1053_多火点与余热点/02_激光打点与定位验证/01_事后打点候选/无人机01_1581F7K3C251800CYBVP/DJI_202609081117_006/DJI_20260908112447_0010_V.MP4,15.215,15.249,0.034,2026-09-08 11:25:03.452,2026-09-08 11:25:03.413,25.80,1.07,25.60,1.07
B4,uav-01,DJI_202609081117_006,DJI_20260908112447_0010,@raw/04_第四批_20260908_1053_多火点与余热点/02_激光打点与定位验证/01_事后打点候选/无人机01_1581F7K3C251800CYBVP/DJI_202609081117_006/DJI_20260908112447_0010_S.MP4,@raw/04_第四批_20260908_1053_多火点与余热点/02_激光打点与定位验证/01_事后打点候选/无人机01_1581F7K3C251800CYBVP/DJI_202609081117_006/DJI_20260908112447_0010_V.MP4,15.249,15.282,0.033,2026-09-08 11:25:03.485,2026-09-08 11:25:03.447,25.90,1.08,25.80,1.07
B4,uav-01,DJI_202609081117_006,DJI_20260908112447_0010,@raw/04_第四批_20260908_1053_多火点与余热点/02_激光打点与定位验证/01_事后打点候选/无人机01_1581F7K3C251800CYBVP/DJI_202609081117_006/DJI_20260908112447_0010_S.MP4,@raw/04_第四批_20260908_1053_多火点与余热点/02_激光打点与定位验证/01_事后打点候选/无人机01_1581F7K3C251800CYBVP/DJI_202609081117_006/DJI_20260908112447_0010_V.MP4,15.282,15.315,0.033,2026-09-08 11:25:03.521,2026-09-08 11:25:03.479,26.10,1.09,25.90,1.08
B4,uav-01,DJI_202609081117_006,DJI_20260908112447_0010,@raw/04_第四批_20260908_1053_多火点与余热点/02_激光打点与定位验证/01_事后打点候选/无人机01_1581F7K3C251800CYBVP/DJI_202609081117_006/DJI_20260908112447_0010_S.MP4,@raw/04_第四批_20260908_1053_多火点与余热点/02_激光打点与定位验证/01_事后打点候选/无人机01_1581F7K3C251800CYBVP/DJI_202609081117_006/DJI_20260908112447_0010_V.MP4,15.315,15.349,0.034,2026-09-08 11:25:03.553,2026-09-08 11:25:03.513,26.30,1.09,26.10,1.09
B4,uav-01,DJI_202609081117_006,DJI_20260908112447_0010,@raw/04_第四批_20260908_1053_多火点与余热点/02_激光打点与定位验证/01_事后打点候选/无人机01_1581F7K3C251800CYBVP/DJI_202609081117_006/DJI_20260908112447_0010_S.MP4,@raw/04_第四批_20260908_1053_多火点与余热点/02_激光打点与定位验证/01_事后打点候选/无人机01_1581F7K3C251800CYBVP/DJI_202609081117_006/DJI_20260908112447_0010_V.MP4,15.349,15.382,0.033,2026-09-08 11:25:03.587,2026-09-08 11:25:03.547,26.40,1.10,26.30,1.09
B4,uav-01,DJI_202609081117_006,DJI_20260908112447_0010,@raw/04_第四批_20260908_1053_多火点与余热点/02_激光打点与定位验证/01_事后打点候选/无人机01_1581F7K3C251800CYBVP/DJI_202609081117_006/DJI_20260908112447_0010_S.MP4,@raw/04_第四批_20260908_1053_多火点与余热点/02_激光打点与定位验证/01_事后打点候选/无人机01_1581F7K3C251800CYBVP/DJI_202609081117_006/DJI_20260908112447_0010_V.MP4,15.382,15.415,0.033,2026-09-08 11:25:03.624,2026-09-08 11:25:03.580,26.60,1.11,26.40,1.10
B4,uav-01,DJI_202609081117_006,DJI_20260908112447_0010,@raw/04_第四批_20260908_1053_多火点与余热点/02_激光打点与定位验证/01_事后打点候选/无人机01_1581F7K3C251800CYBVP/DJI_202609081117_006/DJI_20260908112447_0010_S.MP4,@raw/04_第四批_20260908_1053_多火点与余热点/02_激光打点与定位验证/01_事后打点候选/无人机01_1581F7K3C251800CYBVP/DJI_202609081117_006/DJI_20260908112447_0010_V.MP4,15.415,15.449,0.034,2026-09-08 11:25:03.652,2026-09-08 11:25:03.615,26.80,1.12,26.60,1.11
B4,uav-01,DJI_202609081117_006,DJI_20260908112447_0010,@raw/04_第四批_20260908_1053_多火点与余热点/02_激光打点与定位验证/01_事后打点候选/无人机01_1581F7K3C251800CYBVP/DJI_202609081117_006/DJI_20260908112447_0010_S.MP4,@raw/04_第四批_20260908_1053_多火点与余热点/02_激光打点与定位验证/01_事后打点候选/无人机01_1581F7K3C251800CYBVP/DJI_202609081117_006/DJI_20260908112447_0010_V.MP4,15.449,15.482,0.033,2026-09-08 11:25:03.698,2026-09-08 11:25:03.646,27.00,1.12,26.80,1.12
B4,uav-01,DJI_202609081117_006,DJI_20260908112447_0010,@raw/04_第四批_20260908_1053_多火点与余热点/02_激光打点与定位验证/01_事后打点候选/无人机01_1581F7K3C251800CYBVP/DJI_202609081117_006/DJI_20260908112447_0010_S.MP4,@raw/04_第四批_20260908_1053_多火点与余热点/02_激光打点与定位验证/01_事后打点候选/无人机01_1581F7K3C251800CYBVP/DJI_202609081117_006/DJI_20260908112447_0010_V.MP4,15.482,15.516,0.034,2026-09-08 11:25:03.720,2026-09-08 11:25:03.679,27.10,1.13,27.00,1.12
B4,uav-01,DJI_202609081117_006,DJI_20260908112447_0010,@raw/04_第四批_20260908_1053_多火点与余热点/02_激光打点与定位验证/01_事后打点候选/无人机01_1581F7K3C251800CYBVP/DJI_202609081117_006/DJI_20260908112447_0010_S.MP4,@raw/04_第四批_20260908_1053_多火点与余热点/02_激光打点与定位验证/01_事后打点候选/无人机01_1581F7K3C251800CYBVP/DJI_202609081117_006/DJI_20260908112447_0010_V.MP4,15.516,15.549,0.033,2026-09-08 11:25:03.755,2026-09-08 11:25:03.714,27.30,1.14,27.10,1.13
B4,uav-01,DJI_202609081117_006,DJI_20260908112447_0010,@raw/04_第四批_20260908_1053_多火点与余热点/02_激光打点与定位验证/01_事后打点候选/无人机01_1581F7K3C251800CYBVP/DJI_202609081117_006/DJI_20260908112447_0010_S.MP4,@raw/04_第四批_20260908_1053_多火点与余热点/02_激光打点与定位验证/01_事后打点候选/无人机01_1581F7K3C251800CYBVP/DJI_202609081117_006/DJI_20260908112447_0010_V.MP4,15.549,15.582,0.033,2026-09-08 11:25:03.789,2026-09-08 11:25:03.748,27.50,1.15,27.30,1.14
B4,uav-01,DJI_202609081117_006,DJI_20260908112447_0010,@raw/04_第四批_20260908_1053_多火点与余热点/02_激光打点与定位验证/01_事后打点候选/无人机01_1581F7K3C251800CYBVP/DJI_202609081117_006/DJI_20260908112447_0010_S.MP4,@raw/04_第四批_20260908_1053_多火点与余热点/02_激光打点与定位验证/01_事后打点候选/无人机01_1581F7K3C251800CYBVP/DJI_202609081117_006/DJI_20260908112447_0010_V.MP4,15.582,15.616,0.034,2026-09-08 11:25:03.824,2026-09-08 11:25:03.780,27.70,1.15,27.50,1.15
B4,uav-01,DJI_202609081117_006,DJI_20260908112447_0010,@raw/04_第四批_20260908_1053_多火点与余热点/02_激光打点与定位验证/01_事后打点候选/无人机01_1581F7K3C251800CYBVP/DJI_202609081117_006/DJI_20260908112447_0010_S.MP4,@raw/04_第四批_20260908_1053_多火点与余热点/02_激光打点与定位验证/01_事后打点候选/无人机01_1581F7K3C251800CYBVP/DJI_202609081117_006/DJI_20260908112447_0010_V.MP4,15.616,15.649,0.033,2026-09-08 11:25:03.852,2026-09-08 11:25:03.813,27.80,1.16,27.70,1.15
B4,uav-01,DJI_202609081117_006,DJI_20260908112447_0010,@raw/04_第四批_20260908_1053_多火点与余热点/02_激光打点与定位验证/01_事后打点候选/无人机01_1581F7K3C251800CYBVP/DJI_202609081117_006/DJI_20260908112447_0010_S.MP4,@raw/04_第四批_20260908_1053_多火点与余热点/02_激光打点与定位验证/01_事后打点候选/无人机01_1581F7K3C251800CYBVP/DJI_202609081117_006/DJI_20260908112447_0010_V.MP4,15.649,15.682,0.033,2026-09-08 11:25:03.888,2026-09-08 11:25:03.846,28.00,1.17,27.80,1.16
B4,uav-01,DJI_202609081117_006,DJI_20260908112447_0010,@raw/04_第四批_20260908_1053_多火点与余热点/02_激光打点与定位验证/01_事后打点候选/无人机01_1581F7K3C251800CYBVP/DJI_202609081117_006/DJI_20260908112447_0010_S.MP4,@raw/04_第四批_20260908_1053_多火点与余热点/02_激光打点与定位验证/01_事后打点候选/无人机01_1581F7K3C251800CYBVP/DJI_202609081117_006/DJI_20260908112447_0010_V.MP4,15.682,15.716,0.034,2026-09-08 11:25:03.922,2026-09-08 11:25:03.880,28.20,1.17,28.00,1.17
B4,uav-01,DJI_202609081117_006,DJI_20260908112447_0010,@raw/04_第四批_20260908_1053_多火点与余热点/02_激光打点与定位验证/01_事后打点候选/无人机01_1581F7K3C251800CYBVP/DJI_202609081117_006/DJI_20260908112447_0010_S.MP4,@raw/04_第四批_20260908_1053_多火点与余热点/02_激光打点与定位验证/01_事后打点候选/无人机01_1581F7K3C251800CYBVP/DJI_202609081117_006/DJI_20260908112447_0010_V.MP4,15.716,15.749,0.033,2026-09-08 11:25:03.953,2026-09-08 11:25:03.913,28.40,1.18,28.20,1.17
B4,uav-01,DJI_202609081117_006,DJI_20260908112447_0010,@raw/04_第四批_20260908_1053_多火点与余热点/02_激光打点与定位验证/01_事后打点候选/无人机01_1581F7K3C251800CYBVP/DJI_202609081117_006/DJI_20260908112447_0010_S.MP4,@raw/04_第四批_20260908_1053_多火点与余热点/02_激光打点与定位验证/01_事后打点候选/无人机01_1581F7K3C251800CYBVP/DJI_202609081117_006/DJI_20260908112447_0010_V.MP4,15.749,15.782,0.033,2026-09-08 11:25:03.987,2026-09-08 11:25:03.946,28.60,1.19,28.40,1.18
B4,uav-01,DJI_202609081117_006,DJI_20260908112447_0010,@raw/04_第四批_20260908_1053_多火点与余热点/02_激光打点与定位验证/01_事后打点候选/无人机01_1581F7K3C251800CYBVP/DJI_202609081117_006/DJI_20260908112447_0010_S.MP4,@raw/04_第四批_20260908_1053_多火点与余热点/02_激光打点与定位验证/01_事后打点候选/无人机01_1581F7K3C251800CYBVP/DJI_202609081117_006/DJI_20260908112447_0010_V.MP4,15.782,15.816,0.034,2026-09-08 11:25:04.022,2026-09-08 11:25:03.980,28.80,1.20,28.60,1.19
B4,uav-01,DJI_202609081117_006,DJI_20260908112447_0010,@raw/04_第四批_20260908_1053_多火点与余热点/02_激光打点与定位验证/01_事后打点候选/无人机01_1581F7K3C251800CYBVP/DJI_202609081117_006/DJI_20260908112447_0010_S.MP4,@raw/04_第四批_20260908_1053_多火点与余热点/02_激光打点与定位验证/01_事后打点候选/无人机01_1581F7K3C251800CYBVP/DJI_202609081117_006/DJI_20260908112447_0010_V.MP4,15.816,15.849,0.033,2026-09-08 11:25:04.054,2026-09-08 11:25:04.014,28.90,1.21,28.80,1.20
B4,uav-01,DJI_202609081117_006,DJI_20260908112447_0010,@raw/04_第四批_20260908_1053_多火点与余热点/02_激光打点与定位验证/01_事后打点候选/无人机01_1581F7K3C251800CYBVP/DJI_202609081117_006/DJI_20260908112447_0010_S.MP4,@raw/04_第四批_20260908_1053_多火点与余热点/02_激光打点与定位验证/01_事后打点候选/无人机01_1581F7K3C251800CYBVP/DJI_202609081117_006/DJI_20260908112447_0010_V.MP4,15.849,15.883,0.034,2026-09-08 11:25:04.088,2026-09-08 11:25:04.047,29.10,1.21,28.90,1.21
B4,uav-01,DJI_202609081117_006,DJI_20260908112447_0010,@raw/04_第四批_20260908_1053_多火点与余热点/02_激光打点与定位验证/01_事后打点候选/无人机01_1581F7K3C251800CYBVP/DJI_202609081117_006/DJI_20260908112447_0010_S.MP4,@raw/04_第四批_20260908_1053_多火点与余热点/02_激光打点与定位验证/01_事后打点候选/无人机01_1581F7K3C251800CYBVP/DJI_202609081117_006/DJI_20260908112447_0010_V.MP4,15.883,15.916,0.033,2026-09-08 11:25:04.120,2026-09-08 11:25:04.079,29.30,1.22,29.10,1.21
B4,uav-01,DJI_202609081117_006,DJI_20260908112447_0010,@raw/04_第四批_20260908_1053_多火点与余热点/02_激光打点与定位验证/01_事后打点候选/无人机01_1581F7K3C251800CYBVP/DJI_202609081117_006/DJI_20260908112447_0010_S.MP4,@raw/04_第四批_20260908_1053_多火点与余热点/02_激光打点与定位验证/01_事后打点候选/无人机01_1581F7K3C251800CYBVP/DJI_202609081117_006/DJI_20260908112447_0010_V.MP4,15.916,15.949,0.033,2026-09-08 11:25:04.153,2026-09-08 11:25:04.114,29.50,1.23,29.30,1.22
B4,uav-01,DJI_202609081117_006,DJI_20260908112447_0010,@raw/04_第四批_20260908_1053_多火点与余热点/02_激光打点与定位验证/01_事后打点候选/无人机01_1581F7K3C251800CYBVP/DJI_202609081117_006/DJI_20260908112447_0010_S.MP4,@raw/04_第四批_20260908_1053_多火点与余热点/02_激光打点与定位验证/01_事后打点候选/无人机01_1581F7K3C251800CYBVP/DJI_202609081117_006/DJI_20260908112447_0010_V.MP4,15.949,15.983,0.034,2026-09-08 11:25:04.187,2026-09-08 11:25:04.147,29.70,1.24,29.50,1.23
B4,uav-01,DJI_202609081117_006,DJI_20260908112447_0010,@raw/04_第四批_20260908_1053_多火点与余热点/02_激光打点与定位验证/01_事后打点候选/无人机01_1581F7K3C251800CYBVP/DJI_202609081117_006/DJI_20260908112447_0010_S.MP4,@raw/04_第四批_20260908_1053_多火点与余热点/02_激光打点与定位验证/01_事后打点候选/无人机01_1581F7K3C251800CYBVP/DJI_202609081117_006/DJI_20260908112447_0010_V.MP4,15.983,16.016,0.033,2026-09-08 11:25:04.217,2026-09-08 11:25:04.179,29.90,1.25,29.70,1.24
B4,uav-01,DJI_202609081117_006,DJI_20260908112447_0010,@raw/04_第四批_20260908_1053_多火点与余热点/02_激光打点与定位验证/01_事后打点候选/无人机01_1581F7K3C251800CYBVP/DJI_202609081117_006/DJI_20260908112447_0010_S.MP4,@raw/04_第四批_20260908_1053_多火点与余热点/02_激光打点与定位验证/01_事后打点候选/无人机01_1581F7K3C251800CYBVP/DJI_202609081117_006/DJI_20260908112447_0010_V.MP4,16.016,16.049,0.033,2026-09-08 11:25:04.253,2026-09-08 11:25:04.213,30.10,1.25,29.90,1.25
B4,uav-01,DJI_202609081117_006,DJI_20260908112447_0010,@raw/04_第四批_20260908_1053_多火点与余热点/02_激光打点与定位验证/01_事后打点候选/无人机01_1581F7K3C251800CYBVP/DJI_202609081117_006/DJI_20260908112447_0010_S.MP4,@raw/04_第四批_20260908_1053_多火点与余热点/02_激光打点与定位验证/01_事后打点候选/无人机01_1581F7K3C251800CYBVP/DJI_202609081117_006/DJI_20260908112447_0010_V.MP4,16.049,16.083,0.034,2026-09-08 11:25:04.289,2026-09-08 11:25:04.247,30.30,1.26,30.10,1.25
B4,uav-01,DJI_202609081117_006,DJI_20260908112447_0010,@raw/04_第四批_20260908_1053_多火点与余热点/02_激光打点与定位验证/01_事后打点候选/无人机01_1581F7K3C251800CYBVP/DJI_202609081117_006/DJI_20260908112447_0010_S.MP4,@raw/04_第四批_20260908_1053_多火点与余热点/02_激光打点与定位验证/01_事后打点候选/无人机01_1581F7K3C251800CYBVP/DJI_202609081117_006/DJI_20260908112447_0010_V.MP4,16.083,16.116,0.033,2026-09-08 11:25:04.323,2026-09-08 11:25:04.280,30.50,1.27,30.30,1.26
B4,uav-01,DJI_202609081117_006,DJI_20260908112447_0010,@raw/04_第四批_20260908_1053_多火点与余热点/02_激光打点与定位验证/01_事后打点候选/无人机01_1581F7K3C251800CYBVP/DJI_202609081117_006/DJI_20260908112447_0010_S.MP4,@raw/04_第四批_20260908_1053_多火点与余热点/02_激光打点与定位验证/01_事后打点候选/无人机01_1581F7K3C251800CYBVP/DJI_202609081117_006/DJI_20260908112447_0010_V.MP4,16.116,16.149,0.033,2026-09-08 11:25:04.354,2026-09-08 11:25:04.314,30.70,1.28,30.50,1.27
B4,uav-01,DJI_202609081117_006,DJI_20260908112447_0010,@raw/04_第四批_20260908_1053_多火点与余热点/02_激光打点与定位验证/01_事后打点候选/无人机01_1581F7K3C251800CYBVP/DJI_202609081117_006/DJI_20260908112447_0010_S.MP4,@raw/04_第四批_20260908_1053_多火点与余热点/02_激光打点与定位验证/01_事后打点候选/无人机01_1581F7K3C251800CYBVP/DJI_202609081117_006/DJI_20260908112447_0010_V.MP4,45.746,45.779,0.033,2026-09-08 11:25:33.988,2026-09-08 11:25:04.347,30.50,1.27,30.70,1.28
B4,uav-01,DJI_202609081117_006,DJI_20260908112447_0010,@raw/04_第四批_20260908_1053_多火点与余热点/02_激光打点与定位验证/01_事后打点候选/无人机01_1581F7K3C251800CYBVP/DJI_202609081117_006/DJI_20260908112447_0010_S.MP4,@raw/04_第四批_20260908_1053_多火点与余热点/02_激光打点与定位验证/01_事后打点候选/无人机01_1581F7K3C251800CYBVP/DJI_202609081117_006/DJI_20260908112447_0010_V.MP4,45.779,45.812,0.033,2026-09-08 11:25:34.023,2026-09-08 11:25:33.982,30.30,1.26,30.50,1.27
B4,uav-01,DJI_202609081117_006,DJI_20260908112447_0010,@raw/04_第四批_20260908_1053_多火点与余热点/02_激光打点与定位验证/01_事后打点候选/无人机01_1581F7K3C251800CYBVP/DJI_202609081117_006/DJI_20260908112447_0010_S.MP4,@raw/04_第四批_20260908_1053_多火点与余热点/02_激光打点与定位验证/01_事后打点候选/无人机01_1581F7K3C251800CYBVP/DJI_202609081117_006/DJI_20260908112447_0010_V.MP4,45.812,45.846,0.034,2026-09-08 11:25:34.056,2026-09-08 11:25:34.015,30.10,1.25,30.30,1.26
B4,uav-01,DJI_202609081117_006,DJI_20260908112447_0010,@raw/04_第四批_20260908_1053_多火点与余热点/02_激光打点与定位验证/01_事后打点候选/无人机01_1581F7K3C251800CYBVP/DJI_202609081117_006/DJI_20260908112447_0010_S.MP4,@raw/04_第四批_20260908_1053_多火点与余热点/02_激光打点与定位验证/01_事后打点候选/无人机01_1581F7K3C251800CYBVP/DJI_202609081117_006/DJI_20260908112447_0010_V.MP4,45.846,45.879,0.033,2026-09-08 11:25:34.090,2026-09-08 11:25:34.049,29.90,1.25,30.10,1.25
B4,uav-01,DJI_202609081117_006,DJI_20260908112447_0010,@raw/04_第四批_20260908_1053_多火点与余热点/02_激光打点与定位验证/01_事后打点候选/无人机01_1581F7K3C251800CYBVP/DJI_202609081117_006/DJI_20260908112447_0010_S.MP4,@raw/04_第四批_20260908_1053_多火点与余热点/02_激光打点与定位验证/01_事后打点候选/无人机01_1581F7K3C251800CYBVP/DJI_202609081117_006/DJI_20260908112447_0010_V.MP4,45.879,45.913,0.034,2026-09-08 11:25:34.122,2026-09-08 11:25:34.082,29.70,1.24,29.90,1.25
B4,uav-01,DJI_202609081117_006,DJI_20260908112447_0010,@raw/04_第四批_20260908_1053_多火点与余热点/02_激光打点与定位验证/01_事后打点候选/无人机01_1581F7K3C251800CYBVP/DJI_202609081117_006/DJI_20260908112447_0010_S.MP4,@raw/04_第四批_20260908_1053_多火点与余热点/02_激光打点与定位验证/01_事后打点候选/无人机01_1581F7K3C251800CYBVP/DJI_202609081117_006/DJI_20260908112447_0010_V.MP4,45.913,45.946,0.033,2026-09-08 11:25:34.156,2026-09-08 11:25:34.115,29.50,1.23,29.70,1.24
B4,uav-01,DJI_202609081117_006,DJI_20260908112447_0010,@raw/04_第四批_20260908_1053_多火点与余热点/02_激光打点与定位验证/01_事后打点候选/无人机01_1581F7K3C251800CYBVP/DJI_202609081117_006/DJI_20260908112447_0010_S.MP4,@raw/04_第四批_20260908_1053_多火点与余热点/02_激光打点与定位验证/01_事后打点候选/无人机01_1581F7K3C251800CYBVP/DJI_202609081117_006/DJI_20260908112447_0010_V.MP4,45.946,45.979,0.033,2026-09-08 11:25:34.190,2026-09-08 11:25:34.150,29.30,1.22,29.50,1.23
B4,uav-01,DJI_202609081117_006,DJI_20260908112447_0010,@raw/04_第四批_20260908_1053_多火点与余热点/02_激光打点与定位验证/01_事后打点候选/无人机01_1581F7K3C251800CYBVP/DJI_202609081117_006/DJI_20260908112447_0010_S.MP4,@raw/04_第四批_20260908_1053_多火点与余热点/02_激光打点与定位验证/01_事后打点候选/无人机01_1581F7K3C251800CYBVP/DJI_202609081117_006/DJI_20260908112447_0010_V.MP4,45.979,46.013,0.034,2026-09-08 11:25:34.223,2026-09-08 11:25:34.182,29.20,1.21,29.30,1.22
B4,uav-01,DJI_202609081117_006,DJI_20260908112447_0010,@raw/04_第四批_20260908_1053_多火点与余热点/02_激光打点与定位验证/01_事后打点候选/无人机01_1581F7K3C251800CYBVP/DJI_202609081117_006/DJI_20260908112447_0010_S.MP4,@raw/04_第四批_20260908_1053_多火点与余热点/02_激光打点与定位验证/01_事后打点候选/无人机01_1581F7K3C251800CYBVP/DJI_202609081117_006/DJI_20260908112447_0010_V.MP4,46.013,46.046,0.033,2026-09-08 11:25:34.257,2026-09-08 11:25:34.216,29.00,1.21,29.20,1.21
B4,uav-01,DJI_202609081117_006,DJI_20260908112447_0010,@raw/04_第四批_20260908_1053_多火点与余热点/02_激光打点与定位验证/01_事后打点候选/无人机01_1581F7K3C251800CYBVP/DJI_202609081117_006/DJI_20260908112447_0010_S.MP4,@raw/04_第四批_20260908_1053_多火点与余热点/02_激光打点与定位验证/01_事后打点候选/无人机01_1581F7K3C251800CYBVP/DJI_202609081117_006/DJI_20260908112447_0010_V.MP4,46.046,46.079,0.033,2026-09-08 11:25:34.289,2026-09-08 11:25:34.249,28.80,1.20,29.00,1.21
B4,uav-01,DJI_202609081117_006,DJI_20260908112447_0010,@raw/04_第四批_20260908_1053_多火点与余热点/02_激光打点与定位验证/01_事后打点候选/无人机01_1581F7K3C251800CYBVP/DJI_202609081117_006/DJI_20260908112447_0010_S.MP4,@raw/04_第四批_20260908_1053_多火点与余热点/02_激光打点与定位验证/01_事后打点候选/无人机01_1581F7K3C251800CYBVP/DJI_202609081117_006/DJI_20260908112447_0010_V.MP4,46.079,46.113,0.034,2026-09-08 11:25:34.324,2026-09-08 11:25:34.282,28.60,1.19,28.80,1.20
B4,uav-01,DJI_202609081117_006,DJI_20260908112447_0010,@raw/04_第四批_20260908_1053_多火点与余热点/02_激光打点与定位验证/01_事后打点候选/无人机01_1581F7K3C251800CYBVP/DJI_202609081117_006/DJI_20260908112447_0010_S.MP4,@raw/04_第四批_20260908_1053_多火点与余热点/02_激光打点与定位验证/01_事后打点候选/无人机01_1581F7K3C251800CYBVP/DJI_202609081117_006/DJI_20260908112447_0010_V.MP4,46.113,46.146,0.033,2026-09-08 11:25:34.355,2026-09-08 11:25:34.315,28.40,1.18,28.60,1.19
B4,uav-01,DJI_202609081117_006,DJI_20260908112447_0010,@raw/04_第四批_20260908_1053_多火点与余热点/02_激光打点与定位验证/01_事后打点候选/无人机01_1581F7K3C251800CYBVP/DJI_202609081117_006/DJI_20260908112447_0010_S.MP4,@raw/04_第四批_20260908_1053_多火点与余热点/02_激光打点与定位验证/01_事后打点候选/无人机01_1581F7K3C251800CYBVP/DJI_202609081117_006/DJI_20260908112447_0010_V.MP4,46.146,46.179,0.033,2026-09-08 11:25:34.393,2026-09-08 11:25:34.349,28.20,1.18,28.40,1.18
B4,uav-01,DJI_202609081117_006,DJI_20260908112447_0010,@raw/04_第四批_20260908_1053_多火点与余热点/02_激光打点与定位验证/01_事后打点候选/无人机01_1581F7K3C251800CYBVP/DJI_202609081117_006/DJI_20260908112447_0010_S.MP4,@raw/04_第四批_20260908_1053_多火点与余热点/02_激光打点与定位验证/01_事后打点候选/无人机01_1581F7K3C251800CYBVP/DJI_202609081117_006/DJI_20260908112447_0010_V.MP4,46.179,46.213,0.034,2026-09-08 11:25:34.424,2026-09-08 11:25:34.383,28.00,1.17,28.20,1.18
B4,uav-01,DJI_202609081117_006,DJI_20260908112447_0010,@raw/04_第四批_20260908_1053_多火点与余热点/02_激光打点与定位验证/01_事后打点候选/无人机01_1581F7K3C251800CYBVP/DJI_202609081117_006/DJI_20260908112447_0010_S.MP4,@raw/04_第四批_20260908_1053_多火点与余热点/02_激光打点与定位验证/01_事后打点候选/无人机01_1581F7K3C251800CYBVP/DJI_202609081117_006/DJI_20260908112447_0010_V.MP4,46.213,46.246,0.033,2026-09-08 11:25:34.457,2026-09-08 11:25:34.416,27.90,1.16,28.00,1.17
B4,uav-01,DJI_202609081117_006,DJI_20260908112447_0010,@raw/04_第四批_20260908_1053_多火点与余热点/02_激光打点与定位验证/01_事后打点候选/无人机01_1581F7K3C251800CYBVP/DJI_202609081117_006/DJI_20260908112447_0010_S.MP4,@raw/04_第四批_20260908_1053_多火点与余热点/02_激光打点与定位验证/01_事后打点候选/无人机01_1581F7K3C251800CYBVP/DJI_202609081117_006/DJI_20260908112447_0010_V.MP4,46.246,46.28,0.034,2026-09-08 11:25:34.490,2026-09-08 11:25:34.449,27.70,1.15,27.90,1.16
B4,uav-02,DJI_202609081040_006,DJI_20260908105306_0001,@raw/04_第四批_20260908_1053_多火点与余热点/01_正式视频/无人机02_1581F7K3C267500D2DQD/DJI_202609081040_006/DJI_20260908105306_0001_S.MP4,@raw/04_第四批_20260908_1053_多火点与余热点/01_正式视频/无人机02_1581F7K3C267500D2DQD/DJI_202609081040_006/DJI_20260908105306_0001_V.MP4,0.0,7.267,7.267,2026-09-08 10:53:07.055,2026-09-08 10:53:07.099,52.70,1.00,52.80,2.20
B4,uav-02,DJI_202609081040_006,DJI_20260908105306_0001,@raw/04_第四批_20260908_1053_多火点与余热点/01_正式视频/无人机02_1581F7K3C267500D2DQD/DJI_202609081040_006/DJI_20260908105306_0001_S.MP4,@raw/04_第四批_20260908_1053_多火点与余热点/01_正式视频/无人机02_1581F7K3C267500D2DQD/DJI_202609081040_006/DJI_20260908105306_0001_V.MP4,48.541,52.608,4.067,2026-09-08 10:53:55.537,2026-09-08 10:53:07.099,52.70,1.00,52.80,2.20
B4,uav-02,DJI_202609081040_006,DJI_20260908105306_0001,@raw/04_第四批_20260908_1053_多火点与余热点/01_正式视频/无人机02_1581F7K3C267500D2DQD/DJI_202609081040_006/DJI_20260908105306_0001_S.MP4,@raw/04_第四批_20260908_1053_多火点与余热点/01_正式视频/无人机02_1581F7K3C267500D2DQD/DJI_202609081040_006/DJI_20260908105306_0001_V.MP4,53.409,59.942,6.533,2026-09-08 10:54:00.426,2026-09-08 10:53:07.099,52.70,1.00,52.80,2.20
B4,uav-02,DJI_202609081040_006,DJI_20260908105306_0001,@raw/04_第四批_20260908_1053_多火点与余热点/01_正式视频/无人机02_1581F7K3C267500D2DQD/DJI_202609081040_006/DJI_20260908105306_0001_S.MP4,@raw/04_第四批_20260908_1053_多火点与余热点/01_正式视频/无人机02_1581F7K3C267500D2DQD/DJI_202609081040_006/DJI_20260908105306_0001_V.MP4,74.156,76.29,2.134,2026-09-08 10:54:21.199,2026-09-08 10:53:07.099,52.70,1.00,52.80,2.20
B4,uav-02,DJI_202609081040_006,DJI_20260908105306_0001,@raw/04_第四批_20260908_1053_多火点与余热点/01_正式视频/无人机02_1581F7K3C267500D2DQD/DJI_202609081040_006/DJI_20260908105306_0001_S.MP4,@raw/04_第四批_20260908_1053_多火点与余热点/01_正式视频/无人机02_1581F7K3C267500D2DQD/DJI_202609081040_006/DJI_20260908105306_0001_V.MP4,157.204,677.57,520.366,2026-09-08 10:55:44.204,2026-09-08 10:53:07.099,52.70,1.00,52.80,2.20
B4,uav-02,DJI_202609081040_006,DJI_20260908105306_0001,@raw/04_第四批_20260908_1053_多火点与余热点/01_正式视频/无人机02_1581F7K3C267500D2DQD/DJI_202609081040_006/DJI_20260908105306_0001_S.MP4,@raw/04_第四批_20260908_1053_多火点与余热点/01_正式视频/无人机02_1581F7K3C267500D2DQD/DJI_202609081040_006/DJI_20260908105306_0001_V.MP4,684.611,685.477,0.866,2026-09-08 11:04:31.675,2026-09-08 10:53:07.099,52.70,1.00,52.80,2.20
B4,uav-02,DJI_202609081040_006,DJI_20260908105306_0001,@raw/04_第四批_20260908_1053_多火点与余热点/01_正式视频/无人机02_1581F7K3C267500D2DQD/DJI_202609081040_006/DJI_20260908105306_0001_S.MP4,@raw/04_第四批_20260908_1053_多火点与余热点/01_正式视频/无人机02_1581F7K3C267500D2DQD/DJI_202609081040_006/DJI_20260908105306_0001_V.MP4,686.845,847.78,160.935,2026-09-08 11:04:33.879,2026-09-08 10:53:07.099,52.70,1.00,52.80,2.20
B4,uav-03,DJI_202609081046_006,DJI_20260908105253_0001,@raw/04_第四批_20260908_1053_多火点与余热点/01_正式视频/无人机03_1581F7K3C255900D76E8/DJI_202609081046_006/DJI_20260908105253_0001_S.MP4,@raw/04_第四批_20260908_1053_多火点与余热点/01_正式视频/无人机03_1581F7K3C255900D76E8/DJI_202609081046_006/DJI_20260908105253_0001_V.MP4,22.89,24.456,1.566,2026-09-08 10:53:16.448,2026-09-08 10:52:53.536,52.70,1.00,24.00,1.00
B4,uav-03,DJI_202609081046_006,DJI_20260908105253_0001,@raw/04_第四批_20260908_1053_多火点与余热点/01_正式视频/无人机03_1581F7K3C255900D76E8/DJI_202609081046_006/DJI_20260908105253_0001_S.MP4,@raw/04_第四批_20260908_1053_多火点与余热点/01_正式视频/无人机03_1581F7K3C255900D76E8/DJI_202609081046_006/DJI_20260908105253_0001_V.MP4,25.491,27.757,2.266,2026-09-08 10:53:19.047,2026-09-08 10:52:53.536,52.70,1.00,24.00,1.00
B4,uav-03,DJI_202609081046_006,DJI_20260908105253_0001,@raw/04_第四批_20260908_1053_多火点与余热点/01_正式视频/无人机03_1581F7K3C255900D76E8/DJI_202609081046_006/DJI_20260908105253_0001_S.MP4,@raw/04_第四批_20260908_1053_多火点与余热点/01_正式视频/无人机03_1581F7K3C255900D76E8/DJI_202609081046_006/DJI_20260908105253_0001_V.MP4,28.725,29.892,1.167,2026-09-08 10:53:22.258,2026-09-08 10:52:53.536,52.70,1.00,24.00,1.00
B4,uav-03,DJI_202609081046_006,DJI_20260908105253_0001,@raw/04_第四批_20260908_1053_多火点与余热点/01_正式视频/无人机03_1581F7K3C255900D76E8/DJI_202609081046_006/DJI_20260908105253_0001_S.MP4,@raw/04_第四批_20260908_1053_多火点与余热点/01_正式视频/无人机03_1581F7K3C255900D76E8/DJI_202609081046_006/DJI_20260908105253_0001_V.MP4,73.735,77.169,3.434,2026-09-08 10:54:07.244,2026-09-08 10:52:53.536,52.70,1.00,24.00,1.00
B4,uav-03,DJI_202609081046_006,DJI_20260908105253_0001,@raw/04_第四批_20260908_1053_多火点与余热点/01_正式视频/无人机03_1581F7K3C255900D76E8/DJI_202609081046_006/DJI_20260908105253_0001_S.MP4,@raw/04_第四批_20260908_1053_多火点与余热点/01_正式视频/无人机03_1581F7K3C255900D76E8/DJI_202609081046_006/DJI_20260908105253_0001_V.MP4,81.073,93.473,12.4,2026-09-08 10:54:14.578,2026-09-08 10:52:53.536,52.70,1.00,24.00,1.00
B4,uav-03,DJI_202609081046_006,DJI_20260908105253_0001,@raw/04_第四批_20260908_1053_多火点与余热点/01_正式视频/无人机03_1581F7K3C255900D76E8/DJI_202609081046_006/DJI_20260908105253_0001_S.MP4,@raw/04_第四批_20260908_1053_多火点与余热点/01_正式视频/无人机03_1581F7K3C255900D76E8/DJI_202609081046_006/DJI_20260908105253_0001_V.MP4,95.041,103.741,8.7,2026-09-08 10:54:28.590,2026-09-08 10:52:53.536,52.70,1.00,24.00,1.00
B4,uav-03,DJI_202609081046_006,DJI_20260908105253_0001,@raw/04_第四批_20260908_1053_多火点与余热点/01_正式视频/无人机03_1581F7K3C255900D76E8/DJI_202609081046_006/DJI_20260908105253_0001_S.MP4,@raw/04_第四批_20260908_1053_多火点与余热点/01_正式视频/无人机03_1581F7K3C255900D76E8/DJI_202609081046_006/DJI_20260908105253_0001_V.MP4,106.544,107.344,0.8,2026-09-08 10:54:40.042,2026-09-08 10:52:53.536,52.70,1.00,24.00,1.00
B4,uav-03,DJI_202609081046_006,DJI_20260908105253_0001,@raw/04_第四批_20260908_1053_多火点与余热点/01_正式视频/无人机03_1581F7K3C255900D76E8/DJI_202609081046_006/DJI_20260908105253_0001_S.MP4,@raw/04_第四批_20260908_1053_多火点与余热点/01_正式视频/无人机03_1581F7K3C255900D76E8/DJI_202609081046_006/DJI_20260908105253_0001_V.MP4,110.647,111.547,0.9,2026-09-08 10:54:44.176,2026-09-08 10:52:53.536,52.70,1.00,24.00,1.00
B4,uav-03,DJI_202609081046_006,DJI_20260908105253_0001,@raw/04_第四批_20260908_1053_多火点与余热点/01_正式视频/无人机03_1581F7K3C255900D76E8/DJI_202609081046_006/DJI_20260908105253_0001_S.MP4,@raw/04_第四批_20260908_1053_多火点与余热点/01_正式视频/无人机03_1581F7K3C255900D76E8/DJI_202609081046_006/DJI_20260908105253_0001_V.MP4,140.007,140.009,0.002,2026-09-08 10:54:45.066,2026-09-08 10:55:13.707,24.00,1.00,172.20,1.02
B4,uav-03,DJI_202609081046_006,DJI_20260908105253_0001,@raw/04_第四批_20260908_1053_多火点与余热点/01_正式视频/无人机03_1581F7K3C255900D76E8/DJI_202609081046_006/DJI_20260908105253_0001_S.MP4,@raw/04_第四批_20260908_1053_多火点与余热点/01_正式视频/无人机03_1581F7K3C255900D76E8/DJI_202609081046_006/DJI_20260908105253_0001_V.MP4,141.808,141.81,0.002,2026-09-08 10:55:13.718,2026-09-08 10:55:15.317,172.20,1.02,24.00,1.00
B4,uav-03,DJI_202609081046_006,DJI_20260908105253_0001,@raw/04_第四批_20260908_1053_多火点与余热点/01_正式视频/无人机03_1581F7K3C255900D76E8/DJI_202609081046_006/DJI_20260908105253_0001_S.MP4,@raw/04_第四批_20260908_1053_多火点与余热点/01_正式视频/无人机03_1581F7K3C255900D76E8/DJI_202609081046_006/DJI_20260908105253_0001_V.MP4,143.612,145.112,1.5,2026-09-08 10:55:17.129,2026-09-08 10:55:15.317,52.70,1.00,24.00,1.00
B4,uav-03,DJI_202609081046_006,DJI_20260908105253_0001,@raw/04_第四批_20260908_1053_多火点与余热点/01_正式视频/无人机03_1581F7K3C255900D76E8/DJI_202609081046_006/DJI_20260908105253_0001_S.MP4,@raw/04_第四批_20260908_1053_多火点与余热点/01_正式视频/无人机03_1581F7K3C255900D76E8/DJI_202609081046_006/DJI_20260908105253_0001_V.MP4,146.013,148.513,2.5,2026-09-08 10:55:19.532,2026-09-08 10:55:15.317,52.70,1.00,24.00,1.00
B4,uav-03,DJI_202609081046_006,DJI_20260908105253_0001,@raw/04_第四批_20260908_1053_多火点与余热点/01_正式视频/无人机03_1581F7K3C255900D76E8/DJI_202609081046_006/DJI_20260908105253_0001_S.MP4,@raw/04_第四批_20260908_1053_多火点与余热点/01_正式视频/无人机03_1581F7K3C255900D76E8/DJI_202609081046_006/DJI_20260908105253_0001_V.MP4,323.988,325.422,1.434,2026-09-08 10:58:17.491,2026-09-08 10:55:15.317,52.70,1.00,24.00,1.00
B4,uav-03,DJI_202609081046_006,DJI_20260908105253_0001,@raw/04_第四批_20260908_1053_多火点与余热点/01_正式视频/无人机03_1581F7K3C255900D76E8/DJI_202609081046_006/DJI_20260908105253_0001_S.MP4,@raw/04_第四批_20260908_1053_多火点与余热点/01_正式视频/无人机03_1581F7K3C255900D76E8/DJI_202609081046_006/DJI_20260908105253_0001_V.MP4,332.262,333.629,1.367,2026-09-08 10:58:25.727,2026-09-08 10:55:15.317,52.70,1.00,24.00,1.00
B4,uav-03,DJI_202609081046_006,DJI_20260908105253_0001,@raw/04_第四批_20260908_1053_多火点与余热点/01_正式视频/无人机03_1581F7K3C255900D76E8/DJI_202609081046_006/DJI_20260908105253_0001_S.MP4,@raw/04_第四批_20260908_1053_多火点与余热点/01_正式视频/无人机03_1581F7K3C255900D76E8/DJI_202609081046_006/DJI_20260908105253_0001_V.MP4,336.031,338.364,2.333,2026-09-08 10:58:29.529,2026-09-08 10:55:15.317,52.70,1.00,24.00,1.00
B4,uav-03,DJI_202609081046_006,DJI_20260908105253_0001,@raw/04_第四批_20260908_1053_多火点与余热点/01_正式视频/无人机03_1581F7K3C255900D76E8/DJI_202609081046_006/DJI_20260908105253_0001_S.MP4,@raw/04_第四批_20260908_1053_多火点与余热点/01_正式视频/无人机03_1581F7K3C255900D76E8/DJI_202609081046_006/DJI_20260908105253_0001_V.MP4,349.842,360.009,10.167,2026-09-08 10:58:43.335,2026-09-08 10:55:15.317,52.70,1.00,24.00,1.00
B4,uav-04,DJI_202609081042_036,DJI_20260908105259_0001,@raw/04_第四批_20260908_1053_多火点与余热点/01_正式视频/无人机04_1581F7K33258900AP021/DJI_202609081042_036/DJI_20260908105259_0001_S.MP4,@raw/04_第四批_20260908_1053_多火点与余热点/01_正式视频/无人机04_1581F7K33258900AP021/DJI_202609081042_036/DJI_20260908105259_0001_V.MP4,0.0,24.7,24.7,2026-09-08 10:52:59.816,2026-09-08 10:52:59.778,52.70,1.00,53.80,2.24
B4,uav-04,DJI_202609081042_036,DJI_20260908105259_0001,@raw/04_第四批_20260908_1053_多火点与余热点/01_正式视频/无人机04_1581F7K33258900AP021/DJI_202609081042_036/DJI_20260908105259_0001_S.MP4,@raw/04_第四批_20260908_1053_多火点与余热点/01_正式视频/无人机04_1581F7K33258900AP021/DJI_202609081042_036/DJI_20260908105259_0001_V.MP4,31.507,248.64,217.133,2026-09-08 10:53:31.293,2026-09-08 10:52:59.778,52.70,1.00,53.80,2.24
B4,uav-04,DJI_202609081042_036,DJI_20260908105259_0001,@raw/04_第四批_20260908_1053_多火点与余热点/01_正式视频/无人机04_1581F7K33258900AP021/DJI_202609081042_036/DJI_20260908105259_0001_S.MP4,@raw/04_第四批_20260908_1053_多火点与余热点/01_正式视频/无人机04_1581F7K33258900AP021/DJI_202609081042_036/DJI_20260908105259_0001_V.MP4,796.754,829.854,33.1,2026-09-08 11:06:16.580,2026-09-08 10:52:59.778,52.70,1.00,53.80,2.24
B4,uav-04,DJI_202609081042_036,DJI_20260908105259_0001,@raw/04_第四批_20260908_1053_多火点与余热点/01_正式视频/无人机04_1581F7K33258900AP021/DJI_202609081042_036/DJI_20260908105259_0001_S.MP4,@raw/04_第四批_20260908_1053_多火点与余热点/01_正式视频/无人机04_1581F7K33258900AP021/DJI_202609081042_036/DJI_20260908105259_0001_V.MP4,831.456,832.423,0.967,2026-09-08 11:06:51.282,2026-09-08 10:52:59.778,52.70,1.00,53.80,2.24
B4,uav-04,DJI_202609081042_036,DJI_20260908105259_0001,@raw/04_第四批_20260908_1053_多火点与余热点/01_正式视频/无人机04_1581F7K33258900AP021/DJI_202609081042_036/DJI_20260908105259_0001_S.MP4,@raw/04_第四批_20260908_1053_多火点与余热点/01_正式视频/无人机04_1581F7K33258900AP021/DJI_202609081042_036/DJI_20260908105259_0001_V.MP4,834.458,910.825,76.367,2026-09-08 11:06:54.314,2026-09-08 10:52:59.778,52.70,1.00,53.80,2.24
B4,uav-04,DJI_202609081042_036,DJI_20260908105259_0001,@raw/04_第四批_20260908_1053_多火点与余热点/01_正式视频/无人机04_1581F7K33258900AP021/DJI_202609081042_036/DJI_20260908105259_0001_S.MP4,@raw/04_第四批_20260908_1053_多火点与余热点/01_正式视频/无人机04_1581F7K33258900AP021/DJI_202609081042_036/DJI_20260908105259_0001_V.MP4,910.825,910.877,0.052,2026-09-08 11:08:10.693,2026-09-08 10:52:59.778,24.00,1.00,53.80,2.24
B4,uav-05,DJI_202609081039_005,DJI_20260908105253_0001,@raw/04_第四批_20260908_1053_多火点与余热点/01_正式视频/无人机05_1581F7K3C251400CFB45/DJI_202609081039_005/DJI_20260908105253_0001_S.MP4,@raw/04_第四批_20260908_1053_多火点与余热点/01_正式视频/无人机05_1581F7K3C251400CFB45/DJI_202609081039_005/DJI_20260908105253_0001_V.MP4,68.535,167.102,98.567,2026-09-08 10:54:02.111,2026-09-08 10:52:53.718,52.70,1.00,55.10,2.30
B4,uav-05,DJI_202609081039_005,DJI_20260908105253_0001,@raw/04_第四批_20260908_1053_多火点与余热点/01_正式视频/无人机05_1581F7K3C251400CFB45/DJI_202609081039_005/DJI_20260908105253_0001_S.MP4,@raw/04_第四批_20260908_1053_多火点与余热点/01_正式视频/无人机05_1581F7K3C251400CFB45/DJI_202609081039_005/DJI_20260908105253_0001_V.MP4,315.85,545.784,229.934,2026-09-08 10:58:09.424,2026-09-08 10:52:53.718,52.70,1.00,55.10,2.30
B4,uav-05,DJI_202609081039_005,DJI_20260908105253_0001,@raw/04_第四批_20260908_1053_多火点与余热点/01_正式视频/无人机05_1581F7K3C251400CFB45/DJI_202609081039_005/DJI_20260908105253_0001_S.MP4,@raw/04_第四批_20260908_1053_多火点与余热点/01_正式视频/无人机05_1581F7K3C251400CFB45/DJI_202609081039_005/DJI_20260908105253_0001_V.MP4,556.962,563.128,6.166,2026-09-08 11:02:10.524,2026-09-08 10:52:53.718,52.70,1.00,55.10,2.30
B4,uav-05,DJI_202609081039_005,DJI_20260908105253_0001,@raw/04_第四批_20260908_1053_多火点与余热点/01_正式视频/无人机05_1581F7K3C251400CFB45/DJI_202609081039_005/DJI_20260908105253_0001_S.MP4,@raw/04_第四批_20260908_1053_多火点与余热点/01_正式视频/无人机05_1581F7K3C251400CFB45/DJI_202609081039_005/DJI_20260908105253_0001_V.MP4,663.161,968.901,305.74,2026-09-08 11:03:56.704,2026-09-08 10:52:53.718,52.70,1.00,55.10,2.30
B4,uav-05,DJI_202609081039_005,DJI_20260908105253_0001,@raw/04_第四批_20260908_1053_多火点与余热点/01_正式视频/无人机05_1581F7K3C251400CFB45/DJI_202609081039_005/DJI_20260908105253_0001_S.MP4,@raw/04_第四批_20260908_1053_多火点与余热点/01_正式视频/无人机05_1581F7K3C251400CFB45/DJI_202609081039_005/DJI_20260908105253_0001_V.MP4,968.901,969.062,0.161,2026-09-08 11:03:56.704,2026-09-08 11:09:02.615,52.70,1.00,24.00,1.00
B4,uav-06,DJI_202609081040_004,DJI_20260908105300_0001,@raw/04_第四批_20260908_1053_多火点与余热点/01_正式视频/无人机06_1581F7K3C254N00D16Y8/DJI_202609081040_004/DJI_20260908105300_0001_S.MP4,@raw/04_第四批_20260908_1053_多火点与余热点/01_正式视频/无人机06_1581F7K3C254N00D16Y8/DJI_202609081040_004/DJI_20260908105300_0001_V.MP4,138.005,138.171,0.166,2026-09-08 10:53:01.125,2026-09-08 10:55:19.218,54.70,2.28,24.00,1.00
B4,uav-06,DJI_202609081040_004,DJI_20260908105300_0001,@raw/04_第四批_20260908_1053_多火点与余热点/01_正式视频/无人机06_1581F7K3C254N00D16Y8/DJI_202609081040_004/DJI_20260908105300_0001_S.MP4,@raw/04_第四批_20260908_1053_多火点与余热点/01_正式视频/无人机06_1581F7K3C254N00D16Y8/DJI_202609081040_004/DJI_20260908105300_0001_V.MP4,139.906,140.073,0.167,2026-09-08 10:55:19.233,2026-09-08 10:55:21.129,24.00,1.00,54.70,2.28
B4,uav-06,DJI_202609081040_004,DJI_20260908105300_0001,@raw/04_第四批_20260908_1053_多火点与余热点/01_正式视频/无人机06_1581F7K3C254N00D16Y8/DJI_202609081040_004/DJI_20260908105300_0001_S.MP4,@raw/04_第四批_20260908_1053_多火点与余热点/01_正式视频/无人机06_1581F7K3C254N00D16Y8/DJI_202609081040_004/DJI_20260908105300_0001_V.MP4,141.775,159.375,17.6,2026-09-08 10:55:22.840,2026-09-08 10:55:21.129,52.70,1.00,54.70,2.28
B4,uav-06,DJI_202609081040_004,DJI_20260908105300_0001,@raw/04_第四批_20260908_1053_多火点与余热点/01_正式视频/无人机06_1581F7K3C254N00D16Y8/DJI_202609081040_004/DJI_20260908105300_0001_S.MP4,@raw/04_第四批_20260908_1053_多火点与余热点/01_正式视频/无人机06_1581F7K3C254N00D16Y8/DJI_202609081040_004/DJI_20260908105300_0001_V.MP4,162.011,592.625,430.614,2026-09-08 10:55:43.060,2026-09-08 10:55:21.129,52.70,1.00,54.70,2.28
B4,uav-06,DJI_202609081040_004,DJI_20260908105300_0001,@raw/04_第四批_20260908_1053_多火点与余热点/01_正式视频/无人机06_1581F7K3C254N00D16Y8/DJI_202609081040_004/DJI_20260908105300_0001_S.MP4,@raw/04_第四批_20260908_1053_多火点与余热点/01_正式视频/无人机06_1581F7K3C254N00D16Y8/DJI_202609081040_004/DJI_20260908105300_0001_V.MP4,592.625,592.811,0.186,2026-09-08 10:55:43.060,2026-09-08 11:02:53.816,52.70,1.00,24.00,1.00
B4,uav-06,DJI_202609081040_004,DJI_20260908105300_0001,@raw/04_第四批_20260908_1053_多火点与余热点/01_正式视频/无人机06_1581F7K3C254N00D16Y8/DJI_202609081040_004/DJI_20260908105300_0001_S.MP4,@raw/04_第四批_20260908_1053_多火点与余热点/01_正式视频/无人机06_1581F7K3C254N00D16Y8/DJI_202609081040_004/DJI_20260908105300_0001_V.MP4,595.48,596.714,1.234,2026-09-08 11:02:56.503,2026-09-08 11:02:53.816,52.70,1.00,24.00,1.00
B4,uav-06,DJI_202609081040_004,DJI_20260908105300_0001,@raw/04_第四批_20260908_1053_多火点与余热点/01_正式视频/无人机06_1581F7K3C254N00D16Y8/DJI_202609081040_004/DJI_20260908105300_0001_S.MP4,@raw/04_第四批_20260908_1053_多火点与余热点/01_正式视频/无人机06_1581F7K3C254N00D16Y8/DJI_202609081040_004/DJI_20260908105300_0001_V.MP4,597.764,597.948,0.184,2026-09-08 11:02:57.725,2026-09-08 11:02:58.953,24.00,1.00,54.70,2.28
B4,uav-07,DJI_202609081048_005,DJI_20260908105258_0001,@raw/04_第四批_20260908_1053_多火点与余热点/01_正式视频/无人机07_1581F7K3325B100AS0AG/DJI_202609081048_005/DJI_20260908105258_0001_S.MP4,@raw/04_第四批_20260908_1053_多火点与余热点/01_正式视频/无人机07_1581F7K3325B100AS0AG/DJI_202609081048_005/DJI_20260908105258_0001_V.MP4,453.887,453.92,0.033,2026-09-08 11:00:33.053,2026-09-08 10:52:59.135,55.60,2.32,55.30,2.30
B4,uav-07,DJI_202609081048_005,DJI_20260908105258_0001,@raw/04_第四批_20260908_1053_多火点与余热点/01_正式视频/无人机07_1581F7K3325B100AS0AG/DJI_202609081048_005/DJI_20260908105258_0001_S.MP4,@raw/04_第四批_20260908_1053_多火点与余热点/01_正式视频/无人机07_1581F7K3325B100AS0AG/DJI_202609081048_005/DJI_20260908105258_0001_V.MP4,453.92,453.954,0.034,2026-09-08 11:00:33.078,2026-09-08 11:00:33.039,56.60,2.36,55.60,2.32
B4,uav-07,DJI_202609081048_005,DJI_20260908105258_0001,@raw/04_第四批_20260908_1053_多火点与余热点/01_正式视频/无人机07_1581F7K3325B100AS0AG/DJI_202609081048_005/DJI_20260908105258_0001_S.MP4,@raw/04_第四批_20260908_1053_多火点与余热点/01_正式视频/无人机07_1581F7K3325B100AS0AG/DJI_202609081048_005/DJI_20260908105258_0001_V.MP4,453.954,453.987,0.033,2026-09-08 11:00:33.113,2026-09-08 11:00:33.073,57.50,2.40,56.60,2.36
B4,uav-07,DJI_202609081048_005,DJI_20260908105258_0001,@raw/04_第四批_20260908_1053_多火点与余热点/01_正式视频/无人机07_1581F7K3325B100AS0AG/DJI_202609081048_005/DJI_20260908105258_0001_S.MP4,@raw/04_第四批_20260908_1053_多火点与余热点/01_正式视频/无人机07_1581F7K3325B100AS0AG/DJI_202609081048_005/DJI_20260908105258_0001_V.MP4,453.987,454.02,0.033,2026-09-08 11:00:33.146,2026-09-08 11:00:33.107,58.50,2.44,57.50,2.40
B4,uav-07,DJI_202609081048_005,DJI_20260908105258_0001,@raw/04_第四批_20260908_1053_多火点与余热点/01_正式视频/无人机07_1581F7K3325B100AS0AG/DJI_202609081048_005/DJI_20260908105258_0001_S.MP4,@raw/04_第四批_20260908_1053_多火点与余热点/01_正式视频/无人机07_1581F7K3325B100AS0AG/DJI_202609081048_005/DJI_20260908105258_0001_V.MP4,454.02,454.054,0.034,2026-09-08 11:00:33.181,2026-09-08 11:00:33.139,59.50,2.48,58.50,2.44
B4,uav-07,DJI_202609081048_005,DJI_20260908105258_0001,@raw/04_第四批_20260908_1053_多火点与余热点/01_正式视频/无人机07_1581F7K3325B100AS0AG/DJI_202609081048_005/DJI_20260908105258_0001_S.MP4,@raw/04_第四批_20260908_1053_多火点与余热点/01_正式视频/无人机07_1581F7K3325B100AS0AG/DJI_202609081048_005/DJI_20260908105258_0001_V.MP4,454.054,454.087,0.033,2026-09-08 11:00:33.214,2026-09-08 11:00:33.174,60.50,2.52,59.50,2.48
B4,uav-07,DJI_202609081048_005,DJI_20260908105258_0001,@raw/04_第四批_20260908_1053_多火点与余热点/01_正式视频/无人机07_1581F7K3325B100AS0AG/DJI_202609081048_005/DJI_20260908105258_0001_S.MP4,@raw/04_第四批_20260908_1053_多火点与余热点/01_正式视频/无人机07_1581F7K3325B100AS0AG/DJI_202609081048_005/DJI_20260908105258_0001_V.MP4,454.087,454.12,0.033,2026-09-08 11:00:33.247,2026-09-08 11:00:33.207,61.60,2.56,60.50,2.52
B4,uav-07,DJI_202609081048_005,DJI_20260908105258_0001,@raw/04_第四批_20260908_1053_多火点与余热点/01_正式视频/无人机07_1581F7K3325B100AS0AG/DJI_202609081048_005/DJI_20260908105258_0001_S.MP4,@raw/04_第四批_20260908_1053_多火点与余热点/01_正式视频/无人机07_1581F7K3325B100AS0AG/DJI_202609081048_005/DJI_20260908105258_0001_V.MP4,454.12,454.154,0.034,2026-09-08 11:00:33.277,2026-09-08 11:00:33.240,62.60,2.61,61.60,2.56
B4,uav-07,DJI_202609081048_005,DJI_20260908105258_0001,@raw/04_第四批_20260908_1053_多火点与余热点/01_正式视频/无人机07_1581F7K3325B100AS0AG/DJI_202609081048_005/DJI_20260908105258_0001_S.MP4,@raw/04_第四批_20260908_1053_多火点与余热点/01_正式视频/无人机07_1581F7K3325B100AS0AG/DJI_202609081048_005/DJI_20260908105258_0001_V.MP4,454.154,454.187,0.033,2026-09-08 11:00:33.313,2026-09-08 11:00:33.273,63.70,2.65,62.60,2.61
B4,uav-07,DJI_202609081048_005,DJI_20260908105258_0001,@raw/04_第四批_20260908_1053_多火点与余热点/01_正式视频/无人机07_1581F7K3325B100AS0AG/DJI_202609081048_005/DJI_20260908105258_0001_S.MP4,@raw/04_第四批_20260908_1053_多火点与余热点/01_正式视频/无人机07_1581F7K3325B100AS0AG/DJI_202609081048_005/DJI_20260908105258_0001_V.MP4,454.187,454.22,0.033,2026-09-08 11:00:33.343,2026-09-08 11:00:33.306,64.50,2.69,63.70,2.65
B4,uav-07,DJI_202609081048_005,DJI_20260908105258_0001,@raw/04_第四批_20260908_1053_多火点与余热点/01_正式视频/无人机07_1581F7K3325B100AS0AG/DJI_202609081048_005/DJI_20260908105258_0001_S.MP4,@raw/04_第四批_20260908_1053_多火点与余热点/01_正式视频/无人机07_1581F7K3325B100AS0AG/DJI_202609081048_005/DJI_20260908105258_0001_V.MP4,455.121,455.155,0.034,2026-09-08 11:00:34.277,2026-09-08 11:00:33.339,64.10,2.67,64.50,2.69
B4,uav-07,DJI_202609081048_005,DJI_20260908105258_0001,@raw/04_第四批_20260908_1053_多火点与余热点/01_正式视频/无人机07_1581F7K3325B100AS0AG/DJI_202609081048_005/DJI_20260908105258_0001_S.MP4,@raw/04_第四批_20260908_1053_多火点与余热点/01_正式视频/无人机07_1581F7K3325B100AS0AG/DJI_202609081048_005/DJI_20260908105258_0001_V.MP4,455.155,455.188,0.033,2026-09-08 11:00:34.313,2026-09-08 11:00:34.274,63.60,2.65,64.10,2.67
B4,uav-07,DJI_202609081048_005,DJI_20260908105258_0001,@raw/04_第四批_20260908_1053_多火点与余热点/01_正式视频/无人机07_1581F7K3325B100AS0AG/DJI_202609081048_005/DJI_20260908105258_0001_S.MP4,@raw/04_第四批_20260908_1053_多火点与余热点/01_正式视频/无人机07_1581F7K3325B100AS0AG/DJI_202609081048_005/DJI_20260908105258_0001_V.MP4,455.188,455.221,0.033,2026-09-08 11:00:34.348,2026-09-08 11:00:34.307,63.10,2.63,63.60,2.65
B4,uav-07,DJI_202609081048_005,DJI_20260908105258_0001,@raw/04_第四批_20260908_1053_多火点与余热点/01_正式视频/无人机07_1581F7K3325B100AS0AG/DJI_202609081048_005/DJI_20260908105258_0001_S.MP4,@raw/04_第四批_20260908_1053_多火点与余热点/01_正式视频/无人机07_1581F7K3325B100AS0AG/DJI_202609081048_005/DJI_20260908105258_0001_V.MP4,455.221,455.255,0.034,2026-09-08 11:00:34.380,2026-09-08 11:00:34.342,62.50,2.61,63.10,2.63
B4,uav-07,DJI_202609081048_005,DJI_20260908105258_0001,@raw/04_第四批_20260908_1053_多火点与余热点/01_正式视频/无人机07_1581F7K3325B100AS0AG/DJI_202609081048_005/DJI_20260908105258_0001_S.MP4,@raw/04_第四批_20260908_1053_多火点与余热点/01_正式视频/无人机07_1581F7K3325B100AS0AG/DJI_202609081048_005/DJI_20260908105258_0001_V.MP4,455.255,455.288,0.033,2026-09-08 11:00:34.416,2026-09-08 11:00:34.373,62.00,2.58,62.50,2.61
B4,uav-07,DJI_202609081048_005,DJI_20260908105258_0001,@raw/04_第四批_20260908_1053_多火点与余热点/01_正式视频/无人机07_1581F7K3325B100AS0AG/DJI_202609081048_005/DJI_20260908105258_0001_S.MP4,@raw/04_第四批_20260908_1053_多火点与余热点/01_正式视频/无人机07_1581F7K3325B100AS0AG/DJI_202609081048_005/DJI_20260908105258_0001_V.MP4,455.288,455.322,0.034,2026-09-08 11:00:34.447,2026-09-08 11:00:34.408,61.50,2.56,62.00,2.58
B4,uav-07,DJI_202609081048_005,DJI_20260908105258_0001,@raw/04_第四批_20260908_1053_多火点与余热点/01_正式视频/无人机07_1581F7K3325B100AS0AG/DJI_202609081048_005/DJI_20260908105258_0001_S.MP4,@raw/04_第四批_20260908_1053_多火点与余热点/01_正式视频/无人机07_1581F7K3325B100AS0AG/DJI_202609081048_005/DJI_20260908105258_0001_V.MP4,456.156,456.189,0.033,2026-09-08 11:00:35.313,2026-09-08 11:00:34.442,61.00,2.54,61.50,2.56
B4,uav-07,DJI_202609081048_005,DJI_20260908105258_0001,@raw/04_第四批_20260908_1053_多火点与余热点/01_正式视频/无人机07_1581F7K3325B100AS0AG/DJI_202609081048_005/DJI_20260908105258_0001_S.MP4,@raw/04_第四批_20260908_1053_多火点与余热点/01_正式视频/无人机07_1581F7K3325B100AS0AG/DJI_202609081048_005/DJI_20260908105258_0001_V.MP4,456.189,456.222,0.033,2026-09-08 11:00:35.346,2026-09-08 11:00:35.308,60.40,2.52,61.00,2.54
B4,uav-07,DJI_202609081048_005,DJI_20260908105258_0001,@raw/04_第四批_20260908_1053_多火点与余热点/01_正式视频/无人机07_1581F7K3325B100AS0AG/DJI_202609081048_005/DJI_20260908105258_0001_S.MP4,@raw/04_第四批_20260908_1053_多火点与余热点/01_正式视频/无人机07_1581F7K3325B100AS0AG/DJI_202609081048_005/DJI_20260908105258_0001_V.MP4,456.222,456.256,0.034,2026-09-08 11:00:35.380,2026-09-08 11:00:35.342,59.60,2.48,60.40,2.52
B4,uav-07,DJI_202609081048_005,DJI_20260908105258_0001,@raw/04_第四批_20260908_1053_多火点与余热点/01_正式视频/无人机07_1581F7K3325B100AS0AG/DJI_202609081048_005/DJI_20260908105258_0001_S.MP4,@raw/04_第四批_20260908_1053_多火点与余热点/01_正式视频/无人机07_1581F7K3325B100AS0AG/DJI_202609081048_005/DJI_20260908105258_0001_V.MP4,456.256,456.289,0.033,2026-09-08 11:00:35.415,2026-09-08 11:00:35.375,58.90,2.46,59.60,2.48
B4,uav-07,DJI_202609081048_005,DJI_20260908105258_0001,@raw/04_第四批_20260908_1053_多火点与余热点/01_正式视频/无人机07_1581F7K3325B100AS0AG/DJI_202609081048_005/DJI_20260908105258_0001_S.MP4,@raw/04_第四批_20260908_1053_多火点与余热点/01_正式视频/无人机07_1581F7K3325B100AS0AG/DJI_202609081048_005/DJI_20260908105258_0001_V.MP4,456.289,456.323,0.034,2026-09-08 11:00:35.444,2026-09-08 11:00:35.409,58.30,2.43,58.90,2.46
B4,uav-07,DJI_202609081048_005,DJI_20260908105258_0001,@raw/04_第四批_20260908_1053_多火点与余热点/01_正式视频/无人机07_1581F7K3325B100AS0AG/DJI_202609081048_005/DJI_20260908105258_0001_S.MP4,@raw/04_第四批_20260908_1053_多火点与余热点/01_正式视频/无人机07_1581F7K3325B100AS0AG/DJI_202609081048_005/DJI_20260908105258_0001_V.MP4,456.823,456.856,0.033,2026-09-08 11:00:35.981,2026-09-08 11:00:35.441,57.90,2.41,58.30,2.43
B4,uav-07,DJI_202609081048_005,DJI_20260908105258_0001,@raw/04_第四批_20260908_1053_多火点与余热点/01_正式视频/无人机07_1581F7K3325B100AS0AG/DJI_202609081048_005/DJI_20260908105258_0001_S.MP4,@raw/04_第四批_20260908_1053_多火点与余热点/01_正式视频/无人机07_1581F7K3325B100AS0AG/DJI_202609081048_005/DJI_20260908105258_0001_V.MP4,456.856,456.89,0.034,2026-09-08 11:00:36.016,2026-09-08 11:00:35.975,57.30,2.39,57.90,2.41
B4,uav-07,DJI_202609081048_005,DJI_20260908105258_0001,@raw/04_第四批_20260908_1053_多火点与余热点/01_正式视频/无人机07_1581F7K3325B100AS0AG/DJI_202609081048_005/DJI_20260908105258_0001_S.MP4,@raw/04_第四批_20260908_1053_多火点与余热点/01_正式视频/无人机07_1581F7K3325B100AS0AG/DJI_202609081048_005/DJI_20260908105258_0001_V.MP4,456.89,456.923,0.033,2026-09-08 11:00:36.048,2026-09-08 11:00:36.009,56.30,2.35,57.30,2.39
B4,uav-07,DJI_202609081048_005,DJI_20260908105258_0001,@raw/04_第四批_20260908_1053_多火点与余热点/01_正式视频/无人机07_1581F7K3325B100AS0AG/DJI_202609081048_005/DJI_20260908105258_0001_S.MP4,@raw/04_第四批_20260908_1053_多火点与余热点/01_正式视频/无人机07_1581F7K3325B100AS0AG/DJI_202609081048_005/DJI_20260908105258_0001_V.MP4,456.923,456.957,0.034,2026-09-08 11:00:36.080,2026-09-08 11:00:36.041,55.40,2.31,56.30,2.35
B4,uav-07,DJI_202609081048_005,DJI_20260908105258_0001,@raw/04_第四批_20260908_1053_多火点与余热点/01_正式视频/无人机07_1581F7K3325B100AS0AG/DJI_202609081048_005/DJI_20260908105258_0001_S.MP4,@raw/04_第四批_20260908_1053_多火点与余热点/01_正式视频/无人机07_1581F7K3325B100AS0AG/DJI_202609081048_005/DJI_20260908105258_0001_V.MP4,456.957,456.99,0.033,2026-09-08 11:00:36.112,2026-09-08 11:00:36.075,54.50,2.27,55.40,2.31
B4,uav-07,DJI_202609081048_005,DJI_20260908105258_0001,@raw/04_第四批_20260908_1053_多火点与余热点/01_正式视频/无人机07_1581F7K3325B100AS0AG/DJI_202609081048_005/DJI_20260908105258_0001_S.MP4,@raw/04_第四批_20260908_1053_多火点与余热点/01_正式视频/无人机07_1581F7K3325B100AS0AG/DJI_202609081048_005/DJI_20260908105258_0001_V.MP4,456.99,457.023,0.033,2026-09-08 11:00:36.145,2026-09-08 11:00:36.108,53.60,2.23,54.50,2.27
B4,uav-07,DJI_202609081048_005,DJI_20260908105258_0001,@raw/04_第四批_20260908_1053_多火点与余热点/01_正式视频/无人机07_1581F7K3325B100AS0AG/DJI_202609081048_005/DJI_20260908105258_0001_S.MP4,@raw/04_第四批_20260908_1053_多火点与余热点/01_正式视频/无人机07_1581F7K3325B100AS0AG/DJI_202609081048_005/DJI_20260908105258_0001_V.MP4,844.177,844.21,0.033,2026-09-08 11:07:03.344,2026-09-08 11:00:36.142,24.00,1.00,53.60,2.23
B4,uav-08,DJI_202609081036_005,DJI_20260908105257_0001,@raw/04_第四批_20260908_1053_多火点与余热点/01_正式视频/无人机08_1581F7K3C256N00DCP1T/DJI_202609081036_005/DJI_20260908105257_0001_S.MP4,@raw/04_第四批_20260908_1053_多火点与余热点/01_正式视频/无人机08_1581F7K3C256N00DCP1T/DJI_202609081036_005/DJI_20260908105257_0001_V.MP4,25.759,28.592,2.833,2026-09-08 10:53:23.282,2026-09-08 10:52:57.710,52.70,1.00,24.00,1.00
B4,uav-08,DJI_202609081036_005,DJI_20260908105257_0001,@raw/04_第四批_20260908_1053_多火点与余热点/01_正式视频/无人机08_1581F7K3C256N00DCP1T/DJI_202609081036_005/DJI_20260908105257_0001_S.MP4,@raw/04_第四批_20260908_1053_多火点与余热点/01_正式视频/无人机08_1581F7K3C256N00DCP1T/DJI_202609081036_005/DJI_20260908105257_0001_V.MP4,78.008,80.408,2.4,2026-09-08 10:54:15.510,2026-09-08 10:52:57.710,52.70,1.00,24.00,1.00
B4,uav-08,DJI_202609081036_005,DJI_20260908105257_0001,@raw/04_第四批_20260908_1053_多火点与余热点/01_正式视频/无人机08_1581F7K3C256N00DCP1T/DJI_202609081036_005/DJI_20260908105257_0001_S.MP4,@raw/04_第四批_20260908_1053_多火点与余热点/01_正式视频/无人机08_1581F7K3C256N00DCP1T/DJI_202609081036_005/DJI_20260908105257_0001_V.MP4,91.887,98.653,6.766,2026-09-08 10:54:29.414,2026-09-08 10:52:57.710,52.70,1.00,24.00,1.00
B4,uav-08,DJI_202609081036_005,DJI_20260908105257_0001,@raw/04_第四批_20260908_1053_多火点与余热点/01_正式视频/无人机08_1581F7K3C256N00DCP1T/DJI_202609081036_005/DJI_20260908105257_0001_S.MP4,@raw/04_第四批_20260908_1053_多火点与余热点/01_正式视频/无人机08_1581F7K3C256N00DCP1T/DJI_202609081036_005/DJI_20260908105257_0001_V.MP4,128.45,148.383,19.933,2026-09-08 10:55:05.992,2026-09-08 10:52:57.710,52.70,1.00,24.00,1.00
B4,uav-08,DJI_202609081036_005,DJI_20260908105257_0001,@raw/04_第四批_20260908_1053_多火点与余热点/01_正式视频/无人机08_1581F7K3C256N00DCP1T/DJI_202609081036_005/DJI_20260908105257_0001_S.MP4,@raw/04_第四批_20260908_1053_多火点与余热点/01_正式视频/无人机08_1581F7K3C256N00DCP1T/DJI_202609081036_005/DJI_20260908105257_0001_V.MP4,151.653,154.42,2.767,2026-09-08 10:55:29.221,2026-09-08 10:52:57.710,52.70,1.00,24.00,1.00
B4,uav-08,DJI_202609081036_005,DJI_20260908105257_0001,@raw/04_第四批_20260908_1053_多火点与余热点/01_正式视频/无人机08_1581F7K3C256N00DCP1T/DJI_202609081036_005/DJI_20260908105257_0001_S.MP4,@raw/04_第四批_20260908_1053_多火点与余热点/01_正式视频/无人机08_1581F7K3C256N00DCP1T/DJI_202609081036_005/DJI_20260908105257_0001_V.MP4,170.369,187.936,17.567,2026-09-08 10:55:47.962,2026-09-08 10:52:57.710,52.70,1.00,24.00,1.00
B4,uav-08,DJI_202609081036_005,DJI_20260908105257_0001,@raw/04_第四批_20260908_1053_多火点与余热点/01_正式视频/无人机08_1581F7K3C256N00DCP1T/DJI_202609081036_005/DJI_20260908105257_0001_S.MP4,@raw/04_第四批_20260908_1053_多火点与余热点/01_正式视频/无人机08_1581F7K3C256N00DCP1T/DJI_202609081036_005/DJI_20260908105257_0001_V.MP4,190.738,193.972,3.234,2026-09-08 10:56:08.356,2026-09-08 10:52:57.710,52.70,1.00,24.00,1.00
B4,uav-08,DJI_202609081036_005,DJI_20260908105257_0001,@raw/04_第四批_20260908_1053_多火点与余热点/01_正式视频/无人机08_1581F7K3C256N00DCP1T/DJI_202609081036_005/DJI_20260908105257_0001_S.MP4,@raw/04_第四批_20260908_1053_多火点与余热点/01_正式视频/无人机08_1581F7K3C256N00DCP1T/DJI_202609081036_005/DJI_20260908105257_0001_V.MP4,325.036,328.236,3.2,2026-09-08 10:58:22.654,2026-09-08 10:52:57.710,52.70,1.00,24.00,1.00
B4,uav-08,DJI_202609081036_005,DJI_20260908105257_0001,@raw/04_第四批_20260908_1053_多火点与余热点/01_正式视频/无人机08_1581F7K3C256N00DCP1T/DJI_202609081036_005/DJI_20260908105257_0001_S.MP4,@raw/04_第四批_20260908_1053_多火点与余热点/01_正式视频/无人机08_1581F7K3C256N00DCP1T/DJI_202609081036_005/DJI_20260908105257_0001_V.MP4,329.003,330.57,1.567,2026-09-08 10:58:26.622,2026-09-08 10:52:57.710,52.70,1.00,24.00,1.00
B4,uav-08,DJI_202609081036_005,DJI_20260908105257_0001,@raw/04_第四批_20260908_1053_多火点与余热点/01_正式视频/无人机08_1581F7K3C256N00DCP1T/DJI_202609081036_005/DJI_20260908105257_0001_S.MP4,@raw/04_第四批_20260908_1053_多火点与余热点/01_正式视频/无人机08_1581F7K3C256N00DCP1T/DJI_202609081036_005/DJI_20260908105257_0001_V.MP4,331.604,593.938,262.334,2026-09-08 10:58:29.223,2026-09-08 10:52:57.710,52.70,1.00,24.00,1.00
B4,uav-08,DJI_202609081036_005,DJI_20260908105257_0001,@raw/04_第四批_20260908_1053_多火点与余热点/01_正式视频/无人机08_1581F7K3C256N00DCP1T/DJI_202609081036_005/DJI_20260908105257_0001_S.MP4,@raw/04_第四批_20260908_1053_多火点与余热点/01_正式视频/无人机08_1581F7K3C256N00DCP1T/DJI_202609081036_005/DJI_20260908105257_0001_V.MP4,744.388,748.121,3.733,2026-09-08 11:05:22.038,2026-09-08 10:52:57.710,52.70,1.00,24.00,1.00
B4,uav-09,DJI_202609081039_006,DJI_20260908105258_0002,@raw/04_第四批_20260908_1053_多火点与余热点/01_正式视频/无人机09_1581F7K3C24CS00AX535/DJI_202609081039_006/DJI_20260908105258_0002_S.MP4,@raw/04_第四批_20260908_1053_多火点与余热点/01_正式视频/无人机09_1581F7K3C24CS00AX535/DJI_202609081039_006/DJI_20260908105258_0002_V.MP4,30.197,33.297,3.1,2026-09-08 10:53:29.116,2026-09-08 10:52:58.935,52.70,1.00,54.60,2.28
B4,uav-09,DJI_202609081039_006,DJI_20260908105258_0002,@raw/04_第四批_20260908_1053_多火点与余热点/01_正式视频/无人机09_1581F7K3C24CS00AX535/DJI_202609081039_006/DJI_20260908105258_0002_S.MP4,@raw/04_第四批_20260908_1053_多火点与余热点/01_正式视频/无人机09_1581F7K3C24CS00AX535/DJI_202609081039_006/DJI_20260908105258_0002_V.MP4,70.934,75.168,4.234,2026-09-08 10:54:09.850,2026-09-08 10:52:58.935,52.70,1.00,54.60,2.28
B4,uav-09,DJI_202609081039_006,DJI_20260908105258_0002,@raw/04_第四批_20260908_1053_多火点与余热点/01_正式视频/无人机09_1581F7K3C24CS00AX535/DJI_202609081039_006/DJI_20260908105258_0002_S.MP4,@raw/04_第四批_20260908_1053_多火点与余热点/01_正式视频/无人机09_1581F7K3C24CS00AX535/DJI_202609081039_006/DJI_20260908105258_0002_V.MP4,76.135,77.835,1.7,2026-09-08 10:54:15.057,2026-09-08 10:52:58.935,52.70,1.00,54.60,2.28
B4,uav-09,DJI_202609081039_006,DJI_20260908105258_0002,@raw/04_第四批_20260908_1053_多火点与余热点/01_正式视频/无人机09_1581F7K3C24CS00AX535/DJI_202609081039_006/DJI_20260908105258_0002_S.MP4,@raw/04_第四批_20260908_1053_多火点与余热点/01_正式视频/无人机09_1581F7K3C24CS00AX535/DJI_202609081039_006/DJI_20260908105258_0002_V.MP4,91.149,93.682,2.533,2026-09-08 10:54:30.048,2026-09-08 10:52:58.935,52.70,1.00,54.60,2.28
B4,uav-09,DJI_202609081039_006,DJI_20260908105258_0002,@raw/04_第四批_20260908_1053_多火点与余热点/01_正式视频/无人机09_1581F7K3C24CS00AX535/DJI_202609081039_006/DJI_20260908105258_0002_S.MP4,@raw/04_第四批_20260908_1053_多火点与余热点/01_正式视频/无人机09_1581F7K3C24CS00AX535/DJI_202609081039_006/DJI_20260908105258_0002_V.MP4,252.941,254.974,2.033,2026-09-08 10:57:11.858,2026-09-08 10:52:58.935,52.70,1.00,54.60,2.28
B4,uav-09,DJI_202609081039_006,DJI_20260908105258_0002,@raw/04_第四批_20260908_1053_多火点与余热点/01_正式视频/无人机09_1581F7K3C24CS00AX535/DJI_202609081039_006/DJI_20260908105258_0002_S.MP4,@raw/04_第四批_20260908_1053_多火点与余热点/01_正式视频/无人机09_1581F7K3C24CS00AX535/DJI_202609081039_006/DJI_20260908105258_0002_V.MP4,460.48,462.713,2.233,2026-09-08 11:00:39.398,2026-09-08 10:52:58.935,52.70,1.00,54.60,2.28
B4,uav-09,DJI_202609081039_006,DJI_20260908105258_0002,@raw/04_第四批_20260908_1053_多火点与余热点/01_正式视频/无人机09_1581F7K3C24CS00AX535/DJI_202609081039_006/DJI_20260908105258_0002_S.MP4,@raw/04_第四批_20260908_1053_多火点与余热点/01_正式视频/无人机09_1581F7K3C24CS00AX535/DJI_202609081039_006/DJI_20260908105258_0002_V.MP4,527.111,528.511,1.4,2026-09-08 11:01:46.065,2026-09-08 10:52:58.935,52.70,1.00,54.60,2.28
B4,uav-09,DJI_202609081039_006,DJI_20260908105258_0002,@raw/04_第四批_20260908_1053_多火点与余热点/01_正式视频/无人机09_1581F7K3C24CS00AX535/DJI_202609081039_006/DJI_20260908105258_0002_S.MP4,@raw/04_第四批_20260908_1053_多火点与余热点/01_正式视频/无人机09_1581F7K3C24CS00AX535/DJI_202609081039_006/DJI_20260908105258_0002_V.MP4,800.549,801.849,1.3,2026-09-08 11:06:19.473,2026-09-08 10:52:58.935,52.70,1.00,54.60,2.28
B90,uav-01,DJI_202609080945_004,DJI_20260908100604_0001,@raw/90_短视频_试拍_补拍/无人机01_1581F7K3C251800CYBVP/DJI_202609080945_004/DJI_20260908100604_0001_S.MP4,@raw/90_短视频_试拍_补拍/无人机01_1581F7K3C251800CYBVP/DJI_202609080945_004/DJI_20260908100604_0001_V.MP4,10.477,13.977,3.5,2026-09-08 10:06:15.175,2026-09-08 10:06:04.818,52.70,1.00,54.10,2.25
B90,uav-01,DJI_202609080945_004,DJI_20260908100604_0001,@raw/90_短视频_试拍_补拍/无人机01_1581F7K3C251800CYBVP/DJI_202609080945_004/DJI_20260908100604_0001_S.MP4,@raw/90_短视频_试拍_补拍/无人机01_1581F7K3C251800CYBVP/DJI_202609080945_004/DJI_20260908100604_0001_V.MP4,128.395,128.428,0.033,2026-09-08 10:06:18.664,2026-09-08 10:08:13.176,54.10,2.25,53.70,2.24
B90,uav-01,DJI_202609080945_004,DJI_20260908100604_0001,@raw/90_短视频_试拍_补拍/无人机01_1581F7K3C251800CYBVP/DJI_202609080945_004/DJI_20260908100604_0001_S.MP4,@raw/90_短视频_试拍_补拍/无人机01_1581F7K3C251800CYBVP/DJI_202609080945_004/DJI_20260908100604_0001_V.MP4,128.428,128.462,0.034,2026-09-08 10:06:18.664,2026-09-08 10:08:13.206,54.10,2.25,53.00,2.21
B90,uav-01,DJI_202609080945_004,DJI_20260908100604_0001,@raw/90_短视频_试拍_补拍/无人机01_1581F7K3C251800CYBVP/DJI_202609080945_004/DJI_20260908100604_0001_S.MP4,@raw/90_短视频_试拍_补拍/无人机01_1581F7K3C251800CYBVP/DJI_202609080945_004/DJI_20260908100604_0001_V.MP4,128.462,128.492,0.03,2026-09-08 10:06:18.664,2026-09-08 10:08:13.240,54.10,2.25,52.10,2.17
B90,uav-01,DJI_202609080945_004,DJI_20260908100604_0001,@raw/90_短视频_试拍_补拍/无人机01_1581F7K3C251800CYBVP/DJI_202609080945_004/DJI_20260908100604_0001_S.MP4,@raw/90_短视频_试拍_补拍/无人机01_1581F7K3C251800CYBVP/DJI_202609080945_004/DJI_20260908100604_0001_V.MP4,128.492,128.495,0.003,2026-09-08 10:08:13.183,2026-09-08 10:08:13.240,53.70,2.24,52.10,2.17
B90,uav-01,DJI_202609080945_004,DJI_20260908100604_0001,@raw/90_短视频_试拍_补拍/无人机01_1581F7K3C251800CYBVP/DJI_202609080945_004/DJI_20260908100604_0001_S.MP4,@raw/90_短视频_试拍_补拍/无人机01_1581F7K3C251800CYBVP/DJI_202609080945_004/DJI_20260908100604_0001_V.MP4,128.495,128.525,0.03,2026-09-08 10:08:13.183,2026-09-08 10:08:13.274,53.70,2.24,51.20,2.13
B90,uav-01,DJI_202609080945_004,DJI_20260908100604_0001,@raw/90_短视频_试拍_补拍/无人机01_1581F7K3C251800CYBVP/DJI_202609080945_004/DJI_20260908100604_0001_S.MP4,@raw/90_短视频_试拍_补拍/无人机01_1581F7K3C251800CYBVP/DJI_202609080945_004/DJI_20260908100604_0001_V.MP4,128.525,128.528,0.003,2026-09-08 10:08:13.209,2026-09-08 10:08:13.274,53.00,2.21,51.20,2.13
B90,uav-01,DJI_202609080945_004,DJI_20260908100604_0001,@raw/90_短视频_试拍_补拍/无人机01_1581F7K3C251800CYBVP/DJI_202609080945_004/DJI_20260908100604_0001_S.MP4,@raw/90_短视频_试拍_补拍/无人机01_1581F7K3C251800CYBVP/DJI_202609080945_004/DJI_20260908100604_0001_V.MP4,128.528,128.558,0.03,2026-09-08 10:08:13.209,2026-09-08 10:08:13.307,53.00,2.21,50.40,2.10
B90,uav-01,DJI_202609080945_004,DJI_20260908100604_0001,@raw/90_短视频_试拍_补拍/无人机01_1581F7K3C251800CYBVP/DJI_202609080945_004/DJI_20260908100604_0001_S.MP4,@raw/90_短视频_试拍_补拍/无人机01_1581F7K3C251800CYBVP/DJI_202609080945_004/DJI_20260908100604_0001_V.MP4,128.558,128.562,0.004,2026-09-08 10:08:13.248,2026-09-08 10:08:13.307,52.10,2.17,50.40,2.10
B90,uav-01,DJI_202609080945_004,DJI_20260908100604_0001,@raw/90_短视频_试拍_补拍/无人机01_1581F7K3C251800CYBVP/DJI_202609080945_004/DJI_20260908100604_0001_S.MP4,@raw/90_短视频_试拍_补拍/无人机01_1581F7K3C251800CYBVP/DJI_202609080945_004/DJI_20260908100604_0001_V.MP4,128.562,128.592,0.03,2026-09-08 10:08:13.248,2026-09-08 10:08:13.339,52.10,2.17,49.50,2.06
B90,uav-01,DJI_202609080945_004,DJI_20260908100604_0001,@raw/90_短视频_试拍_补拍/无人机01_1581F7K3C251800CYBVP/DJI_202609080945_004/DJI_20260908100604_0001_S.MP4,@raw/90_短视频_试拍_补拍/无人机01_1581F7K3C251800CYBVP/DJI_202609080945_004/DJI_20260908100604_0001_V.MP4,128.592,128.595,0.003,2026-09-08 10:08:13.278,2026-09-08 10:08:13.339,51.20,2.13,49.50,2.06
B90,uav-01,DJI_202609080945_004,DJI_20260908100604_0001,@raw/90_短视频_试拍_补拍/无人机01_1581F7K3C251800CYBVP/DJI_202609080945_004/DJI_20260908100604_0001_S.MP4,@raw/90_短视频_试拍_补拍/无人机01_1581F7K3C251800CYBVP/DJI_202609080945_004/DJI_20260908100604_0001_V.MP4,128.595,128.625,0.03,2026-09-08 10:08:13.278,2026-09-08 10:08:13.373,51.20,2.13,48.70,2.03
B90,uav-01,DJI_202609080945_004,DJI_20260908100604_0001,@raw/90_短视频_试拍_补拍/无人机01_1581F7K3C251800CYBVP/DJI_202609080945_004/DJI_20260908100604_0001_S.MP4,@raw/90_短视频_试拍_补拍/无人机01_1581F7K3C251800CYBVP/DJI_202609080945_004/DJI_20260908100604_0001_V.MP4,128.625,128.629,0.004,2026-09-08 10:08:13.310,2026-09-08 10:08:13.373,50.40,2.10,48.70,2.03
B90,uav-01,DJI_202609080945_004,DJI_20260908100604_0001,@raw/90_短视频_试拍_补拍/无人机01_1581F7K3C251800CYBVP/DJI_202609080945_004/DJI_20260908100604_0001_S.MP4,@raw/90_短视频_试拍_补拍/无人机01_1581F7K3C251800CYBVP/DJI_202609080945_004/DJI_20260908100604_0001_V.MP4,128.629,128.658,0.029,2026-09-08 10:08:13.310,2026-09-08 10:08:13.407,50.40,2.10,47.90,2.00
B90,uav-01,DJI_202609080945_004,DJI_20260908100604_0001,@raw/90_短视频_试拍_补拍/无人机01_1581F7K3C251800CYBVP/DJI_202609080945_004/DJI_20260908100604_0001_S.MP4,@raw/90_短视频_试拍_补拍/无人机01_1581F7K3C251800CYBVP/DJI_202609080945_004/DJI_20260908100604_0001_V.MP4,128.658,128.662,0.004,2026-09-08 10:08:13.343,2026-09-08 10:08:13.407,49.50,2.06,47.90,2.00
B90,uav-01,DJI_202609080945_004,DJI_20260908100604_0001,@raw/90_短视频_试拍_补拍/无人机01_1581F7K3C251800CYBVP/DJI_202609080945_004/DJI_20260908100604_0001_S.MP4,@raw/90_短视频_试拍_补拍/无人机01_1581F7K3C251800CYBVP/DJI_202609080945_004/DJI_20260908100604_0001_V.MP4,128.662,128.692,0.03,2026-09-08 10:08:13.343,2026-09-08 10:08:13.439,49.50,2.06,47.10,1.96
B90,uav-01,DJI_202609080945_004,DJI_20260908100604_0001,@raw/90_短视频_试拍_补拍/无人机01_1581F7K3C251800CYBVP/DJI_202609080945_004/DJI_20260908100604_0001_S.MP4,@raw/90_短视频_试拍_补拍/无人机01_1581F7K3C251800CYBVP/DJI_202609080945_004/DJI_20260908100604_0001_V.MP4,128.692,128.695,0.003,2026-09-08 10:08:13.376,2026-09-08 10:08:13.439,48.70,2.03,47.10,1.96
B90,uav-01,DJI_202609080945_004,DJI_20260908100604_0001,@raw/90_短视频_试拍_补拍/无人机01_1581F7K3C251800CYBVP/DJI_202609080945_004/DJI_20260908100604_0001_S.MP4,@raw/90_短视频_试拍_补拍/无人机01_1581F7K3C251800CYBVP/DJI_202609080945_004/DJI_20260908100604_0001_V.MP4,128.695,128.725,0.03,2026-09-08 10:08:13.376,2026-09-08 10:08:13.473,48.70,2.03,46.30,1.93
B90,uav-01,DJI_202609080945_004,DJI_20260908100604_0001,@raw/90_短视频_试拍_补拍/无人机01_1581F7K3C251800CYBVP/DJI_202609080945_004/DJI_20260908100604_0001_S.MP4,@raw/90_短视频_试拍_补拍/无人机01_1581F7K3C251800CYBVP/DJI_202609080945_004/DJI_20260908100604_0001_V.MP4,128.725,128.729,0.004,2026-09-08 10:08:13.414,2026-09-08 10:08:13.473,47.90,2.00,46.30,1.93
B90,uav-01,DJI_202609080945_004,DJI_20260908100604_0001,@raw/90_短视频_试拍_补拍/无人机01_1581F7K3C251800CYBVP/DJI_202609080945_004/DJI_20260908100604_0001_S.MP4,@raw/90_短视频_试拍_补拍/无人机01_1581F7K3C251800CYBVP/DJI_202609080945_004/DJI_20260908100604_0001_V.MP4,128.729,128.758,0.029,2026-09-08 10:08:13.414,2026-09-08 10:08:13.506,47.90,2.00,45.50,1.90
B90,uav-01,DJI_202609080945_004,DJI_20260908100604_0001,@raw/90_短视频_试拍_补拍/无人机01_1581F7K3C251800CYBVP/DJI_202609080945_004/DJI_20260908100604_0001_S.MP4,@raw/90_短视频_试拍_补拍/无人机01_1581F7K3C251800CYBVP/DJI_202609080945_004/DJI_20260908100604_0001_V.MP4,128.758,128.762,0.004,2026-09-08 10:08:13.447,2026-09-08 10:08:13.506,47.10,1.96,45.50,1.90
B90,uav-01,DJI_202609080945_004,DJI_20260908100604_0001,@raw/90_短视频_试拍_补拍/无人机01_1581F7K3C251800CYBVP/DJI_202609080945_004/DJI_20260908100604_0001_S.MP4,@raw/90_短视频_试拍_补拍/无人机01_1581F7K3C251800CYBVP/DJI_202609080945_004/DJI_20260908100604_0001_V.MP4,128.762,128.792,0.03,2026-09-08 10:08:13.447,2026-09-08 10:08:13.539,47.10,1.96,44.80,1.87
B90,uav-01,DJI_202609080945_004,DJI_20260908100604_0001,@raw/90_短视频_试拍_补拍/无人机01_1581F7K3C251800CYBVP/DJI_202609080945_004/DJI_20260908100604_0001_S.MP4,@raw/90_短视频_试拍_补拍/无人机01_1581F7K3C251800CYBVP/DJI_202609080945_004/DJI_20260908100604_0001_V.MP4,128.792,128.795,0.003,2026-09-08 10:08:13.476,2026-09-08 10:08:13.539,46.30,1.93,44.80,1.87
B90,uav-01,DJI_202609080945_004,DJI_20260908100604_0001,@raw/90_短视频_试拍_补拍/无人机01_1581F7K3C251800CYBVP/DJI_202609080945_004/DJI_20260908100604_0001_S.MP4,@raw/90_短视频_试拍_补拍/无人机01_1581F7K3C251800CYBVP/DJI_202609080945_004/DJI_20260908100604_0001_V.MP4,128.795,128.825,0.03,2026-09-08 10:08:13.476,2026-09-08 10:08:13.573,46.30,1.93,44.00,1.83
B90,uav-01,DJI_202609080945_004,DJI_20260908100604_0001,@raw/90_短视频_试拍_补拍/无人机01_1581F7K3C251800CYBVP/DJI_202609080945_004/DJI_20260908100604_0001_S.MP4,@raw/90_短视频_试拍_补拍/无人机01_1581F7K3C251800CYBVP/DJI_202609080945_004/DJI_20260908100604_0001_V.MP4,128.825,128.829,0.004,2026-09-08 10:08:13.510,2026-09-08 10:08:13.573,45.50,1.90,44.00,1.83
B90,uav-01,DJI_202609080945_004,DJI_20260908100604_0001,@raw/90_短视频_试拍_补拍/无人机01_1581F7K3C251800CYBVP/DJI_202609080945_004/DJI_20260908100604_0001_S.MP4,@raw/90_短视频_试拍_补拍/无人机01_1581F7K3C251800CYBVP/DJI_202609080945_004/DJI_20260908100604_0001_V.MP4,128.829,128.859,0.03,2026-09-08 10:08:13.510,2026-09-08 10:08:13.607,45.50,1.90,43.30,1.80
B90,uav-01,DJI_202609080945_004,DJI_20260908100604_0001,@raw/90_短视频_试拍_补拍/无人机01_1581F7K3C251800CYBVP/DJI_202609080945_004/DJI_20260908100604_0001_S.MP4,@raw/90_短视频_试拍_补拍/无人机01_1581F7K3C251800CYBVP/DJI_202609080945_004/DJI_20260908100604_0001_V.MP4,128.859,128.892,0.033,2026-09-08 10:08:13.547,2026-09-08 10:08:13.607,44.80,1.87,43.30,1.80
B90,uav-01,DJI_202609080945_004,DJI_20260908100604_0001,@raw/90_短视频_试拍_补拍/无人机01_1581F7K3C251800CYBVP/DJI_202609080945_004/DJI_20260908100604_0001_S.MP4,@raw/90_短视频_试拍_补拍/无人机01_1581F7K3C251800CYBVP/DJI_202609080945_004/DJI_20260908100604_0001_V.MP4,128.892,128.925,0.033,2026-09-08 10:08:13.581,2026-09-08 10:08:13.607,44.00,1.83,43.30,1.80
B90,uav-01,DJI_202609080945_004,DJI_20260908100604_0001,@raw/90_短视频_试拍_补拍/无人机01_1581F7K3C251800CYBVP/DJI_202609080945_004/DJI_20260908100604_0001_S.MP4,@raw/90_短视频_试拍_补拍/无人机01_1581F7K3C251800CYBVP/DJI_202609080945_004/DJI_20260908100604_0001_V.MP4,132.232,132.265,0.033,2026-09-08 10:08:13.611,2026-09-08 10:08:17.012,43.30,1.80,43.60,1.81
B90,uav-01,DJI_202609080945_004,DJI_20260908100604_0001,@raw/90_短视频_试拍_补拍/无人机01_1581F7K3C251800CYBVP/DJI_202609080945_004/DJI_20260908100604_0001_S.MP4,@raw/90_短视频_试拍_补拍/无人机01_1581F7K3C251800CYBVP/DJI_202609080945_004/DJI_20260908100604_0001_V.MP4,132.265,132.299,0.034,2026-09-08 10:08:13.611,2026-09-08 10:08:17.044,43.30,1.80,43.80,1.83
B90,uav-01,DJI_202609080945_004,DJI_20260908100604_0001,@raw/90_短视频_试拍_补拍/无人机01_1581F7K3C251800CYBVP/DJI_202609080945_004/DJI_20260908100604_0001_S.MP4,@raw/90_短视频_试拍_补拍/无人机01_1581F7K3C251800CYBVP/DJI_202609080945_004/DJI_20260908100604_0001_V.MP4,132.299,132.329,0.03,2026-09-08 10:08:13.611,2026-09-08 10:08:17.078,43.30,1.80,44.10,1.84
B90,uav-01,DJI_202609080945_004,DJI_20260908100604_0001,@raw/90_短视频_试拍_补拍/无人机01_1581F7K3C251800CYBVP/DJI_202609080945_004/DJI_20260908100604_0001_S.MP4,@raw/90_短视频_试拍_补拍/无人机01_1581F7K3C251800CYBVP/DJI_202609080945_004/DJI_20260908100604_0001_V.MP4,132.329,132.332,0.003,2026-09-08 10:08:17.017,2026-09-08 10:08:17.078,43.60,1.81,44.10,1.84
B90,uav-01,DJI_202609080945_004,DJI_20260908100604_0001,@raw/90_短视频_试拍_补拍/无人机01_1581F7K3C251800CYBVP/DJI_202609080945_004/DJI_20260908100604_0001_S.MP4,@raw/90_短视频_试拍_补拍/无人机01_1581F7K3C251800CYBVP/DJI_202609080945_004/DJI_20260908100604_0001_V.MP4,132.332,132.362,0.03,2026-09-08 10:08:17.017,2026-09-08 10:08:17.110,43.60,1.81,44.40,1.85
B90,uav-01,DJI_202609080945_004,DJI_20260908100604_0001,@raw/90_短视频_试拍_补拍/无人机01_1581F7K3C251800CYBVP/DJI_202609080945_004/DJI_20260908100604_0001_S.MP4,@raw/90_短视频_试拍_补拍/无人机01_1581F7K3C251800CYBVP/DJI_202609080945_004/DJI_20260908100604_0001_V.MP4,132.362,132.366,0.004,2026-09-08 10:08:17.050,2026-09-08 10:08:17.110,43.80,1.83,44.40,1.85
B90,uav-01,DJI_202609080945_004,DJI_20260908100604_0001,@raw/90_短视频_试拍_补拍/无人机01_1581F7K3C251800CYBVP/DJI_202609080945_004/DJI_20260908100604_0001_S.MP4,@raw/90_短视频_试拍_补拍/无人机01_1581F7K3C251800CYBVP/DJI_202609080945_004/DJI_20260908100604_0001_V.MP4,132.366,132.395,0.029,2026-09-08 10:08:17.050,2026-09-08 10:08:17.143,43.80,1.83,44.70,1.86
B90,uav-01,DJI_202609080945_004,DJI_20260908100604_0001,@raw/90_短视频_试拍_补拍/无人机01_1581F7K3C251800CYBVP/DJI_202609080945_004/DJI_20260908100604_0001_S.MP4,@raw/90_短视频_试拍_补拍/无人机01_1581F7K3C251800CYBVP/DJI_202609080945_004/DJI_20260908100604_0001_V.MP4,132.395,132.399,0.004,2026-09-08 10:08:17.084,2026-09-08 10:08:17.143,44.10,1.84,44.70,1.86
B90,uav-01,DJI_202609080945_004,DJI_20260908100604_0001,@raw/90_短视频_试拍_补拍/无人机01_1581F7K3C251800CYBVP/DJI_202609080945_004/DJI_20260908100604_0001_S.MP4,@raw/90_短视频_试拍_补拍/无人机01_1581F7K3C251800CYBVP/DJI_202609080945_004/DJI_20260908100604_0001_V.MP4,132.399,132.429,0.03,2026-09-08 10:08:17.084,2026-09-08 10:08:17.177,44.10,1.84,45.00,1.87
B90,uav-01,DJI_202609080945_004,DJI_20260908100604_0001,@raw/90_短视频_试拍_补拍/无人机01_1581F7K3C251800CYBVP/DJI_202609080945_004/DJI_20260908100604_0001_S.MP4,@raw/90_短视频_试拍_补拍/无人机01_1581F7K3C251800CYBVP/DJI_202609080945_004/DJI_20260908100604_0001_V.MP4,132.429,132.432,0.003,2026-09-08 10:08:17.113,2026-09-08 10:08:17.177,44.40,1.85,45.00,1.87
B90,uav-01,DJI_202609080945_004,DJI_20260908100604_0001,@raw/90_短视频_试拍_补拍/无人机01_1581F7K3C251800CYBVP/DJI_202609080945_004/DJI_20260908100604_0001_S.MP4,@raw/90_短视频_试拍_补拍/无人机01_1581F7K3C251800CYBVP/DJI_202609080945_004/DJI_20260908100604_0001_V.MP4,132.432,132.462,0.03,2026-09-08 10:08:17.113,2026-09-08 10:08:17.211,44.40,1.85,45.30,1.89
B90,uav-01,DJI_202609080945_004,DJI_20260908100604_0001,@raw/90_短视频_试拍_补拍/无人机01_1581F7K3C251800CYBVP/DJI_202609080945_004/DJI_20260908100604_0001_S.MP4,@raw/90_短视频_试拍_补拍/无人机01_1581F7K3C251800CYBVP/DJI_202609080945_004/DJI_20260908100604_0001_V.MP4,132.462,132.466,0.004,2026-09-08 10:08:17.147,2026-09-08 10:08:17.211,44.70,1.86,45.30,1.89
B90,uav-01,DJI_202609080945_004,DJI_20260908100604_0001,@raw/90_短视频_试拍_补拍/无人机01_1581F7K3C251800CYBVP/DJI_202609080945_004/DJI_20260908100604_0001_S.MP4,@raw/90_短视频_试拍_补拍/无人机01_1581F7K3C251800CYBVP/DJI_202609080945_004/DJI_20260908100604_0001_V.MP4,132.466,132.496,0.03,2026-09-08 10:08:17.147,2026-09-08 10:08:17.243,44.70,1.86,45.60,1.90
B90,uav-01,DJI_202609080945_004,DJI_20260908100604_0001,@raw/90_短视频_试拍_补拍/无人机01_1581F7K3C251800CYBVP/DJI_202609080945_004/DJI_20260908100604_0001_S.MP4,@raw/90_短视频_试拍_补拍/无人机01_1581F7K3C251800CYBVP/DJI_202609080945_004/DJI_20260908100604_0001_V.MP4,132.496,132.499,0.003,2026-09-08 10:08:17.183,2026-09-08 10:08:17.243,45.00,1.87,45.60,1.90
B90,uav-01,DJI_202609080945_004,DJI_20260908100604_0001,@raw/90_短视频_试拍_补拍/无人机01_1581F7K3C251800CYBVP/DJI_202609080945_004/DJI_20260908100604_0001_S.MP4,@raw/90_短视频_试拍_补拍/无人机01_1581F7K3C251800CYBVP/DJI_202609080945_004/DJI_20260908100604_0001_V.MP4,132.499,132.529,0.03,2026-09-08 10:08:17.183,2026-09-08 10:08:17.277,45.00,1.87,46.00,1.92
B90,uav-01,DJI_202609080945_004,DJI_20260908100604_0001,@raw/90_短视频_试拍_补拍/无人机01_1581F7K3C251800CYBVP/DJI_202609080945_004/DJI_20260908100604_0001_S.MP4,@raw/90_短视频_试拍_补拍/无人机01_1581F7K3C251800CYBVP/DJI_202609080945_004/DJI_20260908100604_0001_V.MP4,132.529,132.532,0.003,2026-09-08 10:08:17.217,2026-09-08 10:08:17.277,45.30,1.89,46.00,1.92
B90,uav-01,DJI_202609080945_004,DJI_20260908100604_0001,@raw/90_短视频_试拍_补拍/无人机01_1581F7K3C251800CYBVP/DJI_202609080945_004/DJI_20260908100604_0001_S.MP4,@raw/90_短视频_试拍_补拍/无人机01_1581F7K3C251800CYBVP/DJI_202609080945_004/DJI_20260908100604_0001_V.MP4,132.532,132.562,0.03,2026-09-08 10:08:17.217,2026-09-08 10:08:17.310,45.30,1.89,46.30,1.93
B90,uav-01,DJI_202609080945_004,DJI_20260908100604_0001,@raw/90_短视频_试拍_补拍/无人机01_1581F7K3C251800CYBVP/DJI_202609080945_004/DJI_20260908100604_0001_S.MP4,@raw/90_短视频_试拍_补拍/无人机01_1581F7K3C251800CYBVP/DJI_202609080945_004/DJI_20260908100604_0001_V.MP4,132.562,132.566,0.004,2026-09-08 10:08:17.246,2026-09-08 10:08:17.310,45.60,1.90,46.30,1.93
B90,uav-01,DJI_202609080945_004,DJI_20260908100604_0001,@raw/90_短视频_试拍_补拍/无人机01_1581F7K3C251800CYBVP/DJI_202609080945_004/DJI_20260908100604_0001_S.MP4,@raw/90_短视频_试拍_补拍/无人机01_1581F7K3C251800CYBVP/DJI_202609080945_004/DJI_20260908100604_0001_V.MP4,132.566,132.596,0.03,2026-09-08 10:08:17.246,2026-09-08 10:08:17.343,45.60,1.90,46.70,1.94
B90,uav-01,DJI_202609080945_004,DJI_20260908100604_0001,@raw/90_短视频_试拍_补拍/无人机01_1581F7K3C251800CYBVP/DJI_202609080945_004/DJI_20260908100604_0001_S.MP4,@raw/90_短视频_试拍_补拍/无人机01_1581F7K3C251800CYBVP/DJI_202609080945_004/DJI_20260908100604_0001_V.MP4,132.596,132.599,0.003,2026-09-08 10:08:17.283,2026-09-08 10:08:17.343,46.00,1.92,46.70,1.94
B90,uav-01,DJI_202609080945_004,DJI_20260908100604_0001,@raw/90_短视频_试拍_补拍/无人机01_1581F7K3C251800CYBVP/DJI_202609080945_004/DJI_20260908100604_0001_S.MP4,@raw/90_短视频_试拍_补拍/无人机01_1581F7K3C251800CYBVP/DJI_202609080945_004/DJI_20260908100604_0001_V.MP4,132.599,132.629,0.03,2026-09-08 10:08:17.283,2026-09-08 10:08:17.376,46.00,1.92,47.00,1.96
B90,uav-01,DJI_202609080945_004,DJI_20260908100604_0001,@raw/90_短视频_试拍_补拍/无人机01_1581F7K3C251800CYBVP/DJI_202609080945_004/DJI_20260908100604_0001_S.MP4,@raw/90_短视频_试拍_补拍/无人机01_1581F7K3C251800CYBVP/DJI_202609080945_004/DJI_20260908100604_0001_V.MP4,132.629,132.633,0.004,2026-09-08 10:08:17.316,2026-09-08 10:08:17.376,46.30,1.93,47.00,1.96
B90,uav-01,DJI_202609080945_004,DJI_20260908100604_0001,@raw/90_短视频_试拍_补拍/无人机01_1581F7K3C251800CYBVP/DJI_202609080945_004/DJI_20260908100604_0001_S.MP4,@raw/90_短视频_试拍_补拍/无人机01_1581F7K3C251800CYBVP/DJI_202609080945_004/DJI_20260908100604_0001_V.MP4,132.633,132.662,0.029,2026-09-08 10:08:17.316,2026-09-08 10:08:17.411,46.30,1.93,47.30,1.97
B90,uav-01,DJI_202609080945_004,DJI_20260908100604_0001,@raw/90_短视频_试拍_补拍/无人机01_1581F7K3C251800CYBVP/DJI_202609080945_004/DJI_20260908100604_0001_S.MP4,@raw/90_短视频_试拍_补拍/无人机01_1581F7K3C251800CYBVP/DJI_202609080945_004/DJI_20260908100604_0001_V.MP4,132.662,132.666,0.004,2026-09-08 10:08:17.349,2026-09-08 10:08:17.411,46.70,1.94,47.30,1.97
B90,uav-01,DJI_202609080945_004,DJI_20260908100604_0001,@raw/90_短视频_试拍_补拍/无人机01_1581F7K3C251800CYBVP/DJI_202609080945_004/DJI_20260908100604_0001_S.MP4,@raw/90_短视频_试拍_补拍/无人机01_1581F7K3C251800CYBVP/DJI_202609080945_004/DJI_20260908100604_0001_V.MP4,132.666,132.696,0.03,2026-09-08 10:08:17.349,2026-09-08 10:08:17.444,46.70,1.94,47.60,1.98
B90,uav-01,DJI_202609080945_004,DJI_20260908100604_0001,@raw/90_短视频_试拍_补拍/无人机01_1581F7K3C251800CYBVP/DJI_202609080945_004/DJI_20260908100604_0001_S.MP4,@raw/90_短视频_试拍_补拍/无人机01_1581F7K3C251800CYBVP/DJI_202609080945_004/DJI_20260908100604_0001_V.MP4,132.696,132.699,0.003,2026-09-08 10:08:17.382,2026-09-08 10:08:17.444,47.00,1.96,47.60,1.98
B90,uav-01,DJI_202609080945_004,DJI_20260908100604_0001,@raw/90_短视频_试拍_补拍/无人机01_1581F7K3C251800CYBVP/DJI_202609080945_004/DJI_20260908100604_0001_S.MP4,@raw/90_短视频_试拍_补拍/无人机01_1581F7K3C251800CYBVP/DJI_202609080945_004/DJI_20260908100604_0001_V.MP4,132.699,132.729,0.03,2026-09-08 10:08:17.382,2026-09-08 10:08:17.479,47.00,1.96,47.90,1.99
B90,uav-01,DJI_202609080945_004,DJI_20260908100604_0001,@raw/90_短视频_试拍_补拍/无人机01_1581F7K3C251800CYBVP/DJI_202609080945_004/DJI_20260908100604_0001_S.MP4,@raw/90_短视频_试拍_补拍/无人机01_1581F7K3C251800CYBVP/DJI_202609080945_004/DJI_20260908100604_0001_V.MP4,132.729,132.762,0.033,2026-09-08 10:08:17.414,2026-09-08 10:08:17.479,47.30,1.97,47.90,1.99
B90,uav-01,DJI_202609080945_004,DJI_20260908100604_0001,@raw/90_短视频_试拍_补拍/无人机01_1581F7K3C251800CYBVP/DJI_202609080945_004/DJI_20260908100604_0001_S.MP4,@raw/90_短视频_试拍_补拍/无人机01_1581F7K3C251800CYBVP/DJI_202609080945_004/DJI_20260908100604_0001_V.MP4,132.762,132.796,0.034,2026-09-08 10:08:17.447,2026-09-08 10:08:17.479,47.60,1.98,47.90,1.99
B90,uav-01,DJI_202609080945_004,DJI_20260908100604_0001,@raw/90_短视频_试拍_补拍/无人机01_1581F7K3C251800CYBVP/DJI_202609080945_004/DJI_20260908100604_0001_S.MP4,@raw/90_短视频_试拍_补拍/无人机01_1581F7K3C251800CYBVP/DJI_202609080945_004/DJI_20260908100604_0001_V.MP4,133.8,133.834,0.034,2026-09-08 10:08:17.487,2026-09-08 10:08:18.578,47.90,1.99,48.20,2.01
B90,uav-01,DJI_202609080945_004,DJI_20260908100604_0001,@raw/90_短视频_试拍_补拍/无人机01_1581F7K3C251800CYBVP/DJI_202609080945_004/DJI_20260908100604_0001_S.MP4,@raw/90_短视频_试拍_补拍/无人机01_1581F7K3C251800CYBVP/DJI_202609080945_004/DJI_20260908100604_0001_V.MP4,133.834,133.867,0.033,2026-09-08 10:08:17.487,2026-09-08 10:08:18.611,47.90,1.99,48.50,2.02
B90,uav-01,DJI_202609080945_004,DJI_20260908100604_0001,@raw/90_短视频_试拍_补拍/无人机01_1581F7K3C251800CYBVP/DJI_202609080945_004/DJI_20260908100604_0001_S.MP4,@raw/90_短视频_试拍_补拍/无人机01_1581F7K3C251800CYBVP/DJI_202609080945_004/DJI_20260908100604_0001_V.MP4,133.867,133.897,0.03,2026-09-08 10:08:17.487,2026-09-08 10:08:18.645,47.90,1.99,48.80,2.03
B90,uav-01,DJI_202609080945_004,DJI_20260908100604_0001,@raw/90_短视频_试拍_补拍/无人机01_1581F7K3C251800CYBVP/DJI_202609080945_004/DJI_20260908100604_0001_S.MP4,@raw/90_短视频_试拍_补拍/无人机01_1581F7K3C251800CYBVP/DJI_202609080945_004/DJI_20260908100604_0001_V.MP4,133.897,133.9,0.003,2026-09-08 10:08:18.585,2026-09-08 10:08:18.645,48.20,2.01,48.80,2.03
B90,uav-01,DJI_202609080945_004,DJI_20260908100604_0001,@raw/90_短视频_试拍_补拍/无人机01_1581F7K3C251800CYBVP/DJI_202609080945_004/DJI_20260908100604_0001_S.MP4,@raw/90_短视频_试拍_补拍/无人机01_1581F7K3C251800CYBVP/DJI_202609080945_004/DJI_20260908100604_0001_V.MP4,133.9,133.93,0.03,2026-09-08 10:08:18.585,2026-09-08 10:08:18.678,48.20,2.01,49.10,2.05
B90,uav-01,DJI_202609080945_004,DJI_20260908100604_0001,@raw/90_短视频_试拍_补拍/无人机01_1581F7K3C251800CYBVP/DJI_202609080945_004/DJI_20260908100604_0001_S.MP4,@raw/90_短视频_试拍_补拍/无人机01_1581F7K3C251800CYBVP/DJI_202609080945_004/DJI_20260908100604_0001_V.MP4,133.93,133.934,0.004,2026-09-08 10:08:18.614,2026-09-08 10:08:18.678,48.50,2.02,49.10,2.05
B90,uav-01,DJI_202609080945_004,DJI_20260908100604_0001,@raw/90_短视频_试拍_补拍/无人机01_1581F7K3C251800CYBVP/DJI_202609080945_004/DJI_20260908100604_0001_S.MP4,@raw/90_短视频_试拍_补拍/无人机01_1581F7K3C251800CYBVP/DJI_202609080945_004/DJI_20260908100604_0001_V.MP4,133.934,133.964,0.03,2026-09-08 10:08:18.614,2026-09-08 10:08:18.712,48.50,2.02,49.40,2.06
B90,uav-01,DJI_202609080945_004,DJI_20260908100604_0001,@raw/90_短视频_试拍_补拍/无人机01_1581F7K3C251800CYBVP/DJI_202609080945_004/DJI_20260908100604_0001_S.MP4,@raw/90_短视频_试拍_补拍/无人机01_1581F7K3C251800CYBVP/DJI_202609080945_004/DJI_20260908100604_0001_V.MP4,133.964,133.967,0.003,2026-09-08 10:08:18.649,2026-09-08 10:08:18.712,48.80,2.03,49.40,2.06
B90,uav-01,DJI_202609080945_004,DJI_20260908100604_0001,@raw/90_短视频_试拍_补拍/无人机01_1581F7K3C251800CYBVP/DJI_202609080945_004/DJI_20260908100604_0001_S.MP4,@raw/90_短视频_试拍_补拍/无人机01_1581F7K3C251800CYBVP/DJI_202609080945_004/DJI_20260908100604_0001_V.MP4,133.967,133.997,0.03,2026-09-08 10:08:18.649,2026-09-08 10:08:18.745,48.80,2.03,49.80,2.07
B90,uav-01,DJI_202609080945_004,DJI_20260908100604_0001,@raw/90_短视频_试拍_补拍/无人机01_1581F7K3C251800CYBVP/DJI_202609080945_004/DJI_20260908100604_0001_S.MP4,@raw/90_短视频_试拍_补拍/无人机01_1581F7K3C251800CYBVP/DJI_202609080945_004/DJI_20260908100604_0001_V.MP4,133.997,134.001,0.004,2026-09-08 10:08:18.681,2026-09-08 10:08:18.745,49.10,2.05,49.80,2.07
B90,uav-01,DJI_202609080945_004,DJI_20260908100604_0001,@raw/90_短视频_试拍_补拍/无人机01_1581F7K3C251800CYBVP/DJI_202609080945_004/DJI_20260908100604_0001_S.MP4,@raw/90_短视频_试拍_补拍/无人机01_1581F7K3C251800CYBVP/DJI_202609080945_004/DJI_20260908100604_0001_V.MP4,134.001,134.03,0.029,2026-09-08 10:08:18.681,2026-09-08 10:08:18.779,49.10,2.05,50.10,2.09
B90,uav-01,DJI_202609080945_004,DJI_20260908100604_0001,@raw/90_短视频_试拍_补拍/无人机01_1581F7K3C251800CYBVP/DJI_202609080945_004/DJI_20260908100604_0001_S.MP4,@raw/90_短视频_试拍_补拍/无人机01_1581F7K3C251800CYBVP/DJI_202609080945_004/DJI_20260908100604_0001_V.MP4,134.03,134.064,0.034,2026-09-08 10:08:18.717,2026-09-08 10:08:18.779,49.40,2.06,50.10,2.09
B90,uav-01,DJI_202609080945_004,DJI_20260908100604_0001,@raw/90_短视频_试拍_补拍/无人机01_1581F7K3C251800CYBVP/DJI_202609080945_004/DJI_20260908100604_0001_S.MP4,@raw/90_短视频_试拍_补拍/无人机01_1581F7K3C251800CYBVP/DJI_202609080945_004/DJI_20260908100604_0001_V.MP4,134.064,134.097,0.033,2026-09-08 10:08:18.752,2026-09-08 10:08:18.779,49.80,2.07,50.10,2.09
B90,uav-01,DJI_202609080945_004,DJI_20260908100604_0001,@raw/90_短视频_试拍_补拍/无人机01_1581F7K3C251800CYBVP/DJI_202609080945_004/DJI_20260908100604_0001_S.MP4,@raw/90_短视频_试拍_补拍/无人机01_1581F7K3C251800CYBVP/DJI_202609080945_004/DJI_20260908100604_0001_V.MP4,134.501,134.534,0.033,2026-09-08 10:08:18.782,2026-09-08 10:08:19.279,50.10,2.09,50.40,2.10
B90,uav-01,DJI_202609080945_004,DJI_20260908100604_0001,@raw/90_短视频_试拍_补拍/无人机01_1581F7K3C251800CYBVP/DJI_202609080945_004/DJI_20260908100604_0001_S.MP4,@raw/90_短视频_试拍_补拍/无人机01_1581F7K3C251800CYBVP/DJI_202609080945_004/DJI_20260908100604_0001_V.MP4,134.534,134.568,0.034,2026-09-08 10:08:18.782,2026-09-08 10:08:19.312,50.10,2.09,50.70,2.11
B90,uav-01,DJI_202609080945_004,DJI_20260908100604_0001,@raw/90_短视频_试拍_补拍/无人机01_1581F7K3C251800CYBVP/DJI_202609080945_004/DJI_20260908100604_0001_S.MP4,@raw/90_短视频_试拍_补拍/无人机01_1581F7K3C251800CYBVP/DJI_202609080945_004/DJI_20260908100604_0001_V.MP4,134.568,134.598,0.03,2026-09-08 10:08:18.782,2026-09-08 10:08:19.346,50.10,2.09,51.10,2.13
B90,uav-01,DJI_202609080945_004,DJI_20260908100604_0001,@raw/90_短视频_试拍_补拍/无人机01_1581F7K3C251800CYBVP/DJI_202609080945_004/DJI_20260908100604_0001_S.MP4,@raw/90_短视频_试拍_补拍/无人机01_1581F7K3C251800CYBVP/DJI_202609080945_004/DJI_20260908100604_0001_V.MP4,134.598,134.601,0.003,2026-09-08 10:08:19.282,2026-09-08 10:08:19.346,50.40,2.10,51.10,2.13
B90,uav-01,DJI_202609080945_004,DJI_20260908100604_0001,@raw/90_短视频_试拍_补拍/无人机01_1581F7K3C251800CYBVP/DJI_202609080945_004/DJI_20260908100604_0001_S.MP4,@raw/90_短视频_试拍_补拍/无人机01_1581F7K3C251800CYBVP/DJI_202609080945_004/DJI_20260908100604_0001_V.MP4,134.601,134.631,0.03,2026-09-08 10:08:19.282,2026-09-08 10:08:19.379,50.40,2.10,51.70,2.15
B90,uav-01,DJI_202609080945_004,DJI_20260908100604_0001,@raw/90_短视频_试拍_补拍/无人机01_1581F7K3C251800CYBVP/DJI_202609080945_004/DJI_20260908100604_0001_S.MP4,@raw/90_短视频_试拍_补拍/无人机01_1581F7K3C251800CYBVP/DJI_202609080945_004/DJI_20260908100604_0001_V.MP4,134.631,134.635,0.004,2026-09-08 10:08:19.315,2026-09-08 10:08:19.379,50.70,2.11,51.70,2.15
B90,uav-01,DJI_202609080945_004,DJI_20260908100604_0001,@raw/90_短视频_试拍_补拍/无人机01_1581F7K3C251800CYBVP/DJI_202609080945_004/DJI_20260908100604_0001_S.MP4,@raw/90_短视频_试拍_补拍/无人机01_1581F7K3C251800CYBVP/DJI_202609080945_004/DJI_20260908100604_0001_V.MP4,134.635,134.664,0.029,2026-09-08 10:08:19.315,2026-09-08 10:08:19.413,50.70,2.11,52.20,2.18
B90,uav-01,DJI_202609080945_004,DJI_20260908100604_0001,@raw/90_短视频_试拍_补拍/无人机01_1581F7K3C251800CYBVP/DJI_202609080945_004/DJI_20260908100604_0001_S.MP4,@raw/90_短视频_试拍_补拍/无人机01_1581F7K3C251800CYBVP/DJI_202609080945_004/DJI_20260908100604_0001_V.MP4,134.664,134.668,0.004,2026-09-08 10:08:19.350,2026-09-08 10:08:19.413,51.10,2.13,52.20,2.18
B90,uav-01,DJI_202609080945_004,DJI_20260908100604_0001,@raw/90_短视频_试拍_补拍/无人机01_1581F7K3C251800CYBVP/DJI_202609080945_004/DJI_20260908100604_0001_S.MP4,@raw/90_短视频_试拍_补拍/无人机01_1581F7K3C251800CYBVP/DJI_202609080945_004/DJI_20260908100604_0001_V.MP4,134.668,134.698,0.03,2026-09-08 10:08:19.350,2026-09-08 10:08:19.447,51.10,2.13,52.80,2.20
B90,uav-01,DJI_202609080945_004,DJI_20260908100604_0001,@raw/90_短视频_试拍_补拍/无人机01_1581F7K3C251800CYBVP/DJI_202609080945_004/DJI_20260908100604_0001_S.MP4,@raw/90_短视频_试拍_补拍/无人机01_1581F7K3C251800CYBVP/DJI_202609080945_004/DJI_20260908100604_0001_V.MP4,134.698,134.701,0.003,2026-09-08 10:08:19.383,2026-09-08 10:08:19.447,51.70,2.15,52.80,2.20
B90,uav-01,DJI_202609080945_004,DJI_20260908100604_0001,@raw/90_短视频_试拍_补拍/无人机01_1581F7K3C251800CYBVP/DJI_202609080945_004/DJI_20260908100604_0001_S.MP4,@raw/90_短视频_试拍_补拍/无人机01_1581F7K3C251800CYBVP/DJI_202609080945_004/DJI_20260908100604_0001_V.MP4,134.701,134.731,0.03,2026-09-08 10:08:19.383,2026-09-08 10:08:19.479,51.70,2.15,53.30,2.22
B90,uav-01,DJI_202609080945_004,DJI_20260908100604_0001,@raw/90_短视频_试拍_补拍/无人机01_1581F7K3C251800CYBVP/DJI_202609080945_004/DJI_20260908100604_0001_S.MP4,@raw/90_短视频_试拍_补拍/无人机01_1581F7K3C251800CYBVP/DJI_202609080945_004/DJI_20260908100604_0001_V.MP4,134.731,134.764,0.033,2026-09-08 10:08:19.416,2026-09-08 10:08:19.479,52.20,2.18,53.30,2.22
B90,uav-01,DJI_202609080945_004,DJI_20260908100604_0001,@raw/90_短视频_试拍_补拍/无人机01_1581F7K3C251800CYBVP/DJI_202609080945_004/DJI_20260908100604_0001_S.MP4,@raw/90_短视频_试拍_补拍/无人机01_1581F7K3C251800CYBVP/DJI_202609080945_004/DJI_20260908100604_0001_V.MP4,134.764,134.798,0.034,2026-09-08 10:08:19.453,2026-09-08 10:08:19.479,52.80,2.20,53.30,2.22
B90,uav-02,DJI_202609071516_002,DJI_20260907152749_0001,@raw/90_短视频_试拍_补拍/无人机02_1581F7K3C267500D2DQD/DJI_202609071516_002/DJI_20260907152749_0001_S.MP4,@raw/90_短视频_试拍_补拍/无人机02_1581F7K3C267500D2DQD/DJI_202609071516_002/DJI_20260907152749_0001_V.MP4,0.0,102.97,102.97,2026-09-07 15:27:49.709,2026-09-07 15:27:49.796,52.70,1.00,24.00,1.00
B90,uav-02,DJI_202609071534_003,DJI_20260907155619_0001,@raw/90_短视频_试拍_补拍/无人机02_1581F7K3C267500D2DQD/DJI_202609071534_003/DJI_20260907155619_0001_S.MP4,@raw/90_短视频_试拍_补拍/无人机02_1581F7K3C267500D2DQD/DJI_202609071534_003/DJI_20260907155619_0001_V.MP4,4.705,4.738,0.033,2026-09-07 15:56:24.181,2026-09-07 15:56:19.385,52.00,2.17,51.70,2.15
B90,uav-02,DJI_202609071534_003,DJI_20260907155619_0001,@raw/90_短视频_试拍_补拍/无人机02_1581F7K3C267500D2DQD/DJI_202609071534_003/DJI_20260907155619_0001_S.MP4,@raw/90_短视频_试拍_补拍/无人机02_1581F7K3C267500D2DQD/DJI_202609071534_003/DJI_20260907155619_0001_V.MP4,4.738,4.771,0.033,2026-09-07 15:56:24.217,2026-09-07 15:56:19.385,52.40,2.18,51.70,2.15
B90,uav-02,DJI_202609071534_003,DJI_20260907155619_0001,@raw/90_短视频_试拍_补拍/无人机02_1581F7K3C267500D2DQD/DJI_202609071534_003/DJI_20260907155619_0001_S.MP4,@raw/90_短视频_试拍_补拍/无人机02_1581F7K3C267500D2DQD/DJI_202609071534_003/DJI_20260907155619_0001_V.MP4,4.771,4.805,0.034,2026-09-07 15:56:24.247,2026-09-07 15:56:19.385,52.70,2.20,51.70,2.15
B90,uav-02,DJI_202609071534_003,DJI_20260907155619_0001,@raw/90_短视频_试拍_补拍/无人机02_1581F7K3C267500D2DQD/DJI_202609071534_003/DJI_20260907155619_0001_S.MP4,@raw/90_短视频_试拍_补拍/无人机02_1581F7K3C267500D2DQD/DJI_202609071534_003/DJI_20260907155619_0001_V.MP4,4.805,4.838,0.033,2026-09-07 15:56:24.280,2026-09-07 15:56:24.177,53.10,2.21,52.00,2.17
B90,uav-02,DJI_202609071534_003,DJI_20260907155619_0001,@raw/90_短视频_试拍_补拍/无人机02_1581F7K3C267500D2DQD/DJI_202609071534_003/DJI_20260907155619_0001_S.MP4,@raw/90_短视频_试拍_补拍/无人机02_1581F7K3C267500D2DQD/DJI_202609071534_003/DJI_20260907155619_0001_V.MP4,4.838,4.872,0.034,2026-09-07 15:56:24.314,2026-09-07 15:56:24.212,53.40,2.22,52.40,2.18
B90,uav-02,DJI_202609071534_003,DJI_20260907155619_0001,@raw/90_短视频_试拍_补拍/无人机02_1581F7K3C267500D2DQD/DJI_202609071534_003/DJI_20260907155619_0001_S.MP4,@raw/90_短视频_试拍_补拍/无人机02_1581F7K3C267500D2DQD/DJI_202609071534_003/DJI_20260907155619_0001_V.MP4,4.872,4.905,0.033,2026-09-07 15:56:24.351,2026-09-07 15:56:24.244,53.70,2.24,52.70,2.20
B90,uav-02,DJI_202609071534_003,DJI_20260907155619_0001,@raw/90_短视频_试拍_补拍/无人机02_1581F7K3C267500D2DQD/DJI_202609071534_003/DJI_20260907155619_0001_S.MP4,@raw/90_短视频_试拍_补拍/无人机02_1581F7K3C267500D2DQD/DJI_202609071534_003/DJI_20260907155619_0001_V.MP4,4.905,4.938,0.033,2026-09-07 15:56:24.381,2026-09-07 15:56:24.277,54.10,2.25,53.10,2.21
B90,uav-02,DJI_202609071534_003,DJI_20260907155619_0001,@raw/90_短视频_试拍_补拍/无人机02_1581F7K3C267500D2DQD/DJI_202609071534_003/DJI_20260907155619_0001_S.MP4,@raw/90_短视频_试拍_补拍/无人机02_1581F7K3C267500D2DQD/DJI_202609071534_003/DJI_20260907155619_0001_V.MP4,4.938,4.972,0.034,2026-09-07 15:56:24.381,2026-09-07 15:56:24.311,54.10,2.25,53.40,2.22
B90,uav-02,DJI_202609071534_003,DJI_20260907155619_0001,@raw/90_短视频_试拍_补拍/无人机02_1581F7K3C267500D2DQD/DJI_202609071534_003/DJI_20260907155619_0001_S.MP4,@raw/90_短视频_试拍_补拍/无人机02_1581F7K3C267500D2DQD/DJI_202609071534_003/DJI_20260907155619_0001_V.MP4,4.972,5.005,0.033,2026-09-07 15:56:24.381,2026-09-07 15:56:24.344,54.10,2.25,53.70,2.24
B90,uav-03,DJI_202609071609_002,DJI_20260907161154_0001,@raw/90_短视频_试拍_补拍/无人机03_1581F7K3C255900D76E8/DJI_202609071609_002/DJI_20260907161154_0001_S.MP4,@raw/90_短视频_试拍_补拍/无人机03_1581F7K3C255900D76E8/DJI_202609071609_002/DJI_20260907161154_0001_V.MP4,73.34,73.373,0.033,2026-09-07 16:11:54.752,2026-09-07 16:13:08.163,49.80,2.07,49.20,2.05
B90,uav-03,DJI_202609071609_002,DJI_20260907161154_0001,@raw/90_短视频_试拍_补拍/无人机03_1581F7K3C255900D76E8/DJI_202609071609_002/DJI_20260907161154_0001_S.MP4,@raw/90_短视频_试拍_补拍/无人机03_1581F7K3C255900D76E8/DJI_202609071609_002/DJI_20260907161154_0001_V.MP4,73.373,73.407,0.034,2026-09-07 16:13:08.170,2026-09-07 16:13:08.196,49.20,2.05,48.60,2.02
B90,uav-03,DJI_202609071609_002,DJI_20260907161154_0001,@raw/90_短视频_试拍_补拍/无人机03_1581F7K3C255900D76E8/DJI_202609071609_002/DJI_20260907161154_0001_S.MP4,@raw/90_短视频_试拍_补拍/无人机03_1581F7K3C255900D76E8/DJI_202609071609_002/DJI_20260907161154_0001_V.MP4,74.141,74.174,0.033,2026-09-07 16:13:08.199,2026-09-07 16:13:08.964,48.60,2.02,49.20,2.05
B90,uav-03,DJI_202609071609_002,DJI_20260907161154_0001,@raw/90_短视频_试拍_补拍/无人机03_1581F7K3C255900D76E8/DJI_202609071609_002/DJI_20260907161154_0001_S.MP4,@raw/90_短视频_试拍_补拍/无人机03_1581F7K3C255900D76E8/DJI_202609071609_002/DJI_20260907161154_0001_V.MP4,74.174,74.207,0.033,2026-09-07 16:13:08.970,2026-09-07 16:13:08.997,49.20,2.05,49.90,2.08
B90,uav-03,DJI_202609071609_002,DJI_20260907161154_0001,@raw/90_短视频_试拍_补拍/无人机03_1581F7K3C255900D76E8/DJI_202609071609_002/DJI_20260907161154_0001_S.MP4,@raw/90_短视频_试拍_补拍/无人机03_1581F7K3C255900D76E8/DJI_202609071609_002/DJI_20260907161154_0001_V.MP4,74.207,74.241,0.034,2026-09-07 16:13:09.000,2026-09-07 16:13:09.031,49.90,2.08,50.50,2.11
B90,uav-03,DJI_202609071609_002,DJI_20260907161154_0001,@raw/90_短视频_试拍_补拍/无人机03_1581F7K3C255900D76E8/DJI_202609071609_002/DJI_20260907161154_0001_S.MP4,@raw/90_短视频_试拍_补拍/无人机03_1581F7K3C255900D76E8/DJI_202609071609_002/DJI_20260907161154_0001_V.MP4,74.508,74.541,0.033,2026-09-07 16:13:09.038,2026-09-07 16:13:09.331,50.50,2.11,50.90,2.12
B90,uav-03,DJI_202609071609_002,DJI_20260907161154_0001,@raw/90_短视频_试拍_补拍/无人机03_1581F7K3C255900D76E8/DJI_202609071609_002/DJI_20260907161154_0001_S.MP4,@raw/90_短视频_试拍_补拍/无人机03_1581F7K3C255900D76E8/DJI_202609071609_002/DJI_20260907161154_0001_V.MP4,74.541,74.575,0.034,2026-09-07 16:13:09.337,2026-09-07 16:13:09.365,50.90,2.12,51.50,2.15
B90,uav-03,DJI_202609071609_002,DJI_20260907161154_0001,@raw/90_短视频_试拍_补拍/无人机03_1581F7K3C255900D76E8/DJI_202609071609_002/DJI_20260907161154_0001_S.MP4,@raw/90_短视频_试拍_补拍/无人机03_1581F7K3C255900D76E8/DJI_202609071609_002/DJI_20260907161154_0001_V.MP4,74.575,74.608,0.033,2026-09-07 16:13:09.372,2026-09-07 16:13:09.397,51.50,2.15,52.20,2.18
B90,uav-03,DJI_202609071609_002,DJI_20260907161154_0001,@raw/90_短视频_试拍_补拍/无人机03_1581F7K3C255900D76E8/DJI_202609071609_002/DJI_20260907161154_0001_S.MP4,@raw/90_短视频_试拍_补拍/无人机03_1581F7K3C255900D76E8/DJI_202609071609_002/DJI_20260907161154_0001_V.MP4,74.608,74.641,0.033,2026-09-07 16:13:09.405,2026-09-07 16:13:09.431,52.20,2.18,52.90,2.20
B90,uav-03,DJI_202609071609_002,DJI_20260907161154_0001,@raw/90_短视频_试拍_补拍/无人机03_1581F7K3C255900D76E8/DJI_202609071609_002/DJI_20260907161154_0001_S.MP4,@raw/90_短视频_试拍_补拍/无人机03_1581F7K3C255900D76E8/DJI_202609071609_002/DJI_20260907161154_0001_V.MP4,84.351,98.732,14.381,2026-09-07 16:13:19.155,2026-09-07 16:13:09.431,52.70,1.00,52.90,2.20
B90,uav-05,DJI_202609071622_002,DJI_20260907162723_0002,@raw/90_短视频_试拍_补拍/无人机05_1581F7K3C251400CFB45/DJI_202609071622_002/DJI_20260907162723_0002_S.MP4,@raw/90_短视频_试拍_补拍/无人机05_1581F7K3C251400CFB45/DJI_202609071622_002/DJI_20260907162723_0002_V.MP4,0.0,3.337,3.337,2026-09-07 16:27:23.940,2026-09-07 16:27:24.043,52.70,1.00,172.10,2.46
B90,uav-09,DJI_202609071543_001,DJI_20260907154450_0001,@raw/90_短视频_试拍_补拍/无人机09_1581F7K3C24CS00AX535/DJI_202609071543_001/DJI_20260907154450_0001_S.MP4,@raw/90_短视频_试拍_补拍/无人机09_1581F7K3C24CS00AX535/DJI_202609071543_001/DJI_20260907154450_0001_V.MP4,0.0,1.833,1.833,2026-09-07 15:44:50.842,2026-09-07 15:44:50.798,52.70,1.00,24.00,1.00
