sensor,frame_seq,pts_s,detection_index,track_id,class_name,confidence,image_x_normalized,image_y_normalized,image_point_semantics,point_id,point_name_zh,latitude,longitude,coordinate_source,association_method,association_status,reason_zh,anchor_distance_normalized
T,1,55.0,0,T_hotspot_1,hotspot,0.33199888467788696,0.8246364116668701,0.3510897010564804,hotspot_box_center_candidate,B4_video_east_near_road,东侧靠道路火源,,,,human_scene_anchor_lookup,thermal_candidate_only,仅有热像候选，缺少近期同区域明火,0.0330403931094445
T,1,55.0,1,T_hotspot_2,hotspot,0.16768726706504822,0.8202378273010253,0.3435363471508026,hotspot_box_center_candidate,,,,,,,unavailable,未落入已核对火源区域,
V,1,55.0216,0,V_flame_1,flame,0.8484026789665222,0.8783927917480469,0.3593201248734086,flame_box_bottom_midpoint,B4_video_east_near_road,东侧靠道路火源,31.2887792678,120.4727584031,provisional_visual,human_scene_anchor_lookup,provisional_visual_lookup,匹配已核对的画面火源区域；坐标是既有影像近似值,0.03327664847451288
T,2,55.2,0,T_hotspot_1,hotspot,0.30661675333976746,0.818753457069397,0.35531528294086456,hotspot_box_center_candidate,B4_video_east_near_road,东侧靠道路火源,31.2887792678,120.4727584031,provisional_visual,human_scene_anchor_lookup,provisional_visual_lookup,匹配已核对的画面火源区域；坐标是既有影像近似值,0.02649849319191452
V,2,55.2218,0,V_flame_1,flame,0.6203382015228271,0.8754666010538737,0.36313631976092303,flame_box_bottom_midpoint,B4_video_east_near_road,东侧靠道路火源,31.2887792678,120.4727584031,provisional_visual,human_scene_anchor_lookup,provisional_visual_lookup,匹配已核对的画面火源区域；坐标是既有影像近似值,0.035069432973689835
T,3,55.4,0,T_hotspot_1,hotspot,0.37924623489379883,0.8160410165786743,0.36367203295230865,hotspot_box_center_candidate,B4_video_east_near_road,东侧靠道路火源,31.2887792678,120.4727584031,provisional_visual,human_scene_anchor_lookup,provisional_visual_lookup,匹配已核对的画面火源区域；坐标是既有影像近似值,0.017831574323800007
V,3,55.422,0,V_flame_1,flame,0.6132808923721313,0.8769246737162272,0.3922374584056713,flame_box_bottom_midpoint,B4_video_east_near_road,东侧靠道路火源,31.2887792678,120.4727584031,provisional_visual,human_scene_anchor_lookup,provisional_visual_lookup,匹配已核对的画面火源区域；坐标是既有影像近似值,0.06280833855130259
T,4,55.6,0,T_hotspot_1,hotspot,0.3538668155670166,0.8187042713165283,0.36687880754470825,hotspot_box_center_candidate,B4_video_east_near_road,东侧靠道路火源,31.2887792678,120.4727584031,provisional_visual,human_scene_anchor_lookup,provisional_visual_lookup,匹配已核对的画面火源区域；坐标是既有影像近似值,0.016810755867715934
V,4,55.6222,0,V_flame_1,flame,0.5574873685836792,0.8741058985392253,0.40610165066189235,flame_box_bottom_midpoint,B4_video_east_near_road,东侧靠道路火源,31.2887792678,120.4727584031,provisional_visual,human_scene_anchor_lookup,provisional_visual_lookup,匹配已核对的画面火源区域；坐标是既有影像近似值,0.07563812600254968
T,5,55.8,0,T_hotspot_1,hotspot,0.289459764957428,0.8275783777236938,0.3675317168235779,hotspot_box_center_candidate,B4_video_east_near_road,东侧靠道路火源,31.2887792678,120.4727584031,provisional_visual,human_scene_anchor_lookup,provisional_visual_lookup,匹配已核对的画面火源区域；坐标是既有影像近似值,0.02342784300550285
V,5,55.8224,0,V_flame_1,flame,0.4204748868942261,0.8761874198913574,0.4221915633590133,flame_box_bottom_midpoint,B4_video_east_near_road,东侧靠道路火源,31.2887792678,120.4727584031,provisional_visual,human_scene_anchor_lookup,provisional_visual_lookup,匹配已核对的画面火源区域；坐标是既有影像近似值,0.09183426707256301
T,6,56.0,0,,hotspot,0.29474687576293945,0.8410656213760376,0.3592608869075775,hotspot_box_center_candidate,B4_video_east_near_road,东侧靠道路火源,31.2887792678,120.4727584031,provisional_visual,human_scene_anchor_lookup,provisional_visual_lookup,匹配已核对的画面火源区域；坐标是既有影像近似值,0.03924507273481931
V,6,56.0226,0,V_flame_1,flame,0.4298696517944336,0.8911369641621908,0.42777280454282407,flame_box_bottom_midpoint,B4_video_east_near_road,东侧靠道路火源,31.2887792678,120.4727584031,provisional_visual,human_scene_anchor_lookup,provisional_visual_lookup,匹配已核对的画面火源区域；坐标是既有影像近似值,0.10095988597856581
T,7,56.2,0,,hotspot,0.3056812286376953,0.8356175184249878,0.3568349629640579,hotspot_box_center_candidate,B4_video_east_near_road,东侧靠道路火源,31.2887792678,120.4727584031,provisional_visual,human_scene_anchor_lookup,provisional_visual_lookup,匹配已核对的画面火源区域；坐标是既有影像近似值,0.03611169325453023
V,7,56.2228,0,V_flame_1,flame,0.5695038437843323,0.8977314949035644,0.43290238557038485,flame_box_bottom_midpoint,B4_video_east_near_road,东侧靠道路火源,31.2887792678,120.4727584031,provisional_visual,human_scene_anchor_lookup,provisional_visual_lookup,匹配已核对的画面火源区域；坐标是既有影像近似值,0.10799429003693138
T,8,56.4,0,,hotspot,0.27337419986724854,0.8300318479537964,0.35779234766960144,hotspot_box_center_candidate,,,,,,,unavailable,未落入已核对火源区域,
T,8,56.4,1,,hotspot,0.14920808374881744,0.8225605010986328,0.3596865087747574,hotspot_box_center_candidate,B4_video_east_near_road,东侧靠道路火源,31.2887792678,120.4727584031,provisional_visual,human_scene_anchor_lookup,provisional_visual_lookup,匹配已核对的画面火源区域；坐标是既有影像近似值,0.024790702573784754
V,8,56.423,0,V_flame_1,flame,0.7230093479156494,0.890876293182373,0.42609173810040507,flame_box_bottom_midpoint,B4_video_east_near_road,东侧靠道路火源,31.2887792678,120.4727584031,provisional_visual,human_scene_anchor_lookup,provisional_visual_lookup,匹配已核对的画面火源区域；坐标是既有影像近似值,0.09928195869760649
T,9,56.6,0,T_hotspot_2,hotspot,0.34555837512016296,0.8220130681991578,0.36164799332618713,hotspot_box_center_candidate,B4_video_east_near_road,东侧靠道路火源,31.2887792678,120.4727584031,provisional_visual,human_scene_anchor_lookup,provisional_visual_lookup,匹配已核对的画面火源区域；坐标是既有影像近似值,0.02292289115894937
V,9,56.6232,0,V_flame_1,flame,0.6275240182876587,0.8799114545186361,0.4037497061270255,flame_box_bottom_midpoint,B4_video_east_near_road,东侧靠道路火源,31.2887792678,120.4727584031,provisional_visual,human_scene_anchor_lookup,provisional_visual_lookup,匹配已核对的画面火源区域；坐标是既有影像近似值,0.07469836570720396
T,10,56.8,0,T_hotspot_2,hotspot,0.3464481234550476,0.8240234375,0.35693003237247467,hotspot_box_center_candidate,B4_video_east_near_road,东侧靠道路火源,31.2887792678,120.4727584031,provisional_visual,human_scene_anchor_lookup,provisional_visual_lookup,匹配已核对的画面火源区域；坐标是既有影像近似值,0.027867813957165
V,10,56.8234,0,V_flame_1,flame,0.790993869304657,0.8793280601501465,0.38677077116789643,flame_box_bottom_midpoint,B4_video_east_near_road,东侧靠道路火源,31.2887792678,120.4727584031,provisional_visual,human_scene_anchor_lookup,provisional_visual_lookup,匹配已核对的画面火源区域；坐标是既有影像近似值,0.05834305232796485
T,11,57.0,0,T_hotspot_2,hotspot,0.4422116279602051,0.8299031496047974,0.35454443097114563,hotspot_box_center_candidate,B4_video_east_near_road,东侧靠道路火源,31.2887792678,120.4727584031,provisional_visual,human_scene_anchor_lookup,provisional_visual_lookup,匹配已核对的画面火源区域；坐标是既有影像近似值,0.03347005234114292
V,11,57.0236,0,V_flame_1,flame,0.5152292847633362,0.8869224866231282,0.38648161711516205,flame_box_bottom_midpoint,B4_video_east_near_road,东侧靠道路火源,31.2887792678,120.4727584031,provisional_visual,human_scene_anchor_lookup,provisional_visual_lookup,匹配已核对的画面火源区域；坐标是既有影像近似值,0.06107260534486773
T,12,57.2,0,T_hotspot_2,hotspot,0.37131381034851074,0.8339687347412109,0.35339558124542236,hotspot_box_center_candidate,B4_video_east_near_road,东侧靠道路火源,31.2887792678,120.4727584031,provisional_visual,human_scene_anchor_lookup,provisional_visual_lookup,匹配已核对的画面火源区域；坐标是既有影像近似值,0.037132986217306485
T,13,57.4,0,,hotspot,0.2696685194969177,0.844545316696167,0.3584340661764145,hotspot_box_center_candidate,B4_video_east_near_road,东侧靠道路火源,31.2887792678,120.4727584031,provisional_visual,human_scene_anchor_lookup,provisional_visual_lookup,匹配已核对的画面火源区域；坐标是既有影像近似值,0.042675620298467096
V,13,57.424,0,V_flame_1,flame,0.4622117877006531,0.8928968747456868,0.37865306712962965,flame_box_bottom_midpoint,B4_video_east_near_road,东侧靠道路火源,31.2887792678,120.4727584031,provisional_visual,human_scene_anchor_lookup,provisional_visual_lookup,匹配已核对的画面火源区域；坐标是既有影像近似值,0.05743261990747177
T,14,57.6,0,,hotspot,0.2753286361694336,0.8530877590179443,0.3557984232902527,hotspot_box_center_candidate,B4_video_east_near_road,东侧靠道路火源,31.2887792678,120.4727584031,provisional_visual,human_scene_anchor_lookup,provisional_visual_lookup,匹配已核对的画面火源区域；坐标是既有影像近似值,0.051454840444012384
V,14,57.6242,0,V_flame_1,flame,0.5692357420921326,0.893852170308431,0.38732593677662036,flame_box_bottom_midpoint,B4_video_east_near_road,东侧靠道路火源,31.2887792678,120.4727584031,provisional_visual,human_scene_anchor_lookup,provisional_visual_lookup,匹配已核对的画面火源区域；坐标是既有影像近似值,0.0651901437063709
T,15,57.8,0,T_hotspot_2,hotspot,0.2893615961074829,0.8337230205535888,0.35605305433273315,hotspot_box_center_candidate,B4_video_east_near_road,东侧靠道路火源,31.2887792678,120.4727584031,provisional_visual,human_scene_anchor_lookup,provisional_visual_lookup,匹配已核对的画面火源区域；坐标是既有影像近似值,0.035153345683595655
V,15,57.8244,0,V_flame_1,flame,0.4812506139278412,0.8903588612874349,0.39948563752350985,flame_box_bottom_midpoint,B4_video_east_near_road,东侧靠道路火源,31.2887792678,120.4727584031,provisional_visual,human_scene_anchor_lookup,provisional_visual_lookup,匹配已核对的画面火源区域；坐标是既有影像近似值,0.07428995272230818
T,16,58.0,0,T_hotspot_2,hotspot,0.3509889543056488,0.8353282451629639,0.3582058399915695,hotspot_box_center_candidate,B4_video_east_near_road,东侧靠道路火源,31.2887792678,120.4727584031,provisional_visual,human_scene_anchor_lookup,provisional_visual_lookup,匹配已核对的画面火源区域；坐标是既有影像近似值,0.035047357376173656
T,17,58.2,0,T_hotspot_2,hotspot,0.3005155026912689,0.8414427280426026,0.3589232861995697,hotspot_box_center_candidate,B4_video_east_near_road,东侧靠道路火源,31.2887792678,120.4727584031,provisional_visual,human_scene_anchor_lookup,provisional_visual_lookup,匹配已核对的画面火源区域；坐标是既有影像近似值,0.03974150028303653
V,17,58.2248,0,V_flame_1,flame,0.6636121273040771,0.8915992736816406,0.384613941333912,flame_box_bottom_midpoint,B4_video_east_near_road,东侧靠道路火源,31.2887792678,120.4727584031,provisional_visual,human_scene_anchor_lookup,provisional_visual_lookup,匹配已核对的画面火源区域；坐标是既有影像近似值,0.06170072418776325
T,18,58.4,0,T_hotspot_2,hotspot,0.3239603638648987,0.8477784156799316,0.3594808578491211,hotspot_box_center_candidate,B4_video_east_near_road,东侧靠道路火源,31.2887792678,120.4727584031,provisional_visual,human_scene_anchor_lookup,provisional_visual_lookup,匹配已核对的画面火源区域；坐标是既有影像近似值,0.04506011694710208
V,18,58.425,0,V_flame_1,flame,0.37898868322372437,0.896381155649821,0.3859877409758391,flame_box_bottom_midpoint,B4_video_east_near_road,东侧靠道路火源,31.2887792678,120.4727584031,provisional_visual,human_scene_anchor_lookup,provisional_visual_lookup,匹配已核对的画面火源区域；坐标是既有影像近似值,0.06544362224310897
T,19,58.6,0,,hotspot,0.2843874990940094,0.8579610586166382,0.3567884862422943,hotspot_box_center_candidate,B4_video_east_near_road,东侧靠道路火源,31.2887792678,120.4727584031,provisional_visual,human_scene_anchor_lookup,provisional_visual_lookup,匹配已核对的画面火源区域；坐标是既有影像近似值,0.0554319589641487
T,20,58.8,0,,hotspot,0.2861434519290924,0.8516348838806153,0.35750529170036316,hotspot_box_center_candidate,B4_video_east_near_road,东侧靠道路火源,31.2887792678,120.4727584031,provisional_visual,human_scene_anchor_lookup,provisional_visual_lookup,匹配已核对的画面火源区域；坐标是既有影像近似值,0.04939230591492176
T,21,59.0,0,,hotspot,0.2924596071243286,0.8314551115036011,0.35556618869304657,hotspot_box_center_candidate,B4_video_east_near_road,东侧靠道路火源,31.2887792678,120.4727584031,provisional_visual,human_scene_anchor_lookup,provisional_visual_lookup,匹配已核对的画面火源区域；坐标是既有影像近似值,0.03381750947655256
V,21,59.0256,0,V_flame_1,flame,0.5630874037742615,0.8862905820210775,0.38947539152922456,flame_box_bottom_midpoint,B4_video_east_near_road,东侧靠道路火源,31.2887792678,120.4727584031,provisional_visual,human_scene_anchor_lookup,provisional_visual_lookup,匹配已核对的画面火源区域；坐标是既有影像近似值,0.06349529117669092
T,22,59.2,0,T_hotspot_2,hotspot,0.34887170791625977,0.8407248497009278,0.35492122173309326,hotspot_box_center_candidate,B4_video_east_near_road,东侧靠道路火源,31.2887792678,120.4727584031,provisional_visual,human_scene_anchor_lookup,provisional_visual_lookup,匹配已核对的画面火源区域；坐标是既有影像近似值,0.04134072340380853
V,22,59.2258,0,V_flame_1,flame,0.6739872097969055,0.8734802563985189,0.3983913845486111,flame_box_bottom_midpoint,B4_video_east_near_road,东侧靠道路火源,31.2887792678,120.4727584031,provisional_visual,human_scene_anchor_lookup,provisional_visual_lookup,匹配已核对的画面火源区域；坐标是既有影像近似值,0.06795674557275977
T,23,59.4,0,T_hotspot_2,hotspot,0.28155460953712463,0.833165454864502,0.35340772569179535,hotspot_box_center_candidate,B4_video_east_near_road,东侧靠道路火源,31.2887792678,120.4727584031,provisional_visual,human_scene_anchor_lookup,provisional_visual_lookup,匹配已核对的画面火源区域；坐标是既有影像近似值,0.03655084256195142
V,23,59.426,0,V_flame_1,flame,0.881467342376709,0.8673761367797852,0.3938135782877604,flame_box_bottom_midpoint,B4_video_east_near_road,东侧靠道路火源,31.2887792678,120.4727584031,provisional_visual,human_scene_anchor_lookup,provisional_visual_lookup,匹配已核对的画面火源区域；坐标是既有影像近似值,0.062430870712297436
T,24,59.6,0,T_hotspot_2,hotspot,0.2888176143169403,0.8243881464004517,0.35030753910541534,hotspot_box_center_candidate,B4_video_east_near_road,东侧靠道路火源,31.2887792678,120.4727584031,provisional_visual,human_scene_anchor_lookup,provisional_visual_lookup,匹配已核对的画面火源区域；坐标是既有影像近似值,0.033580797404809674
V,24,59.6262,0,V_flame_1,flame,0.850827693939209,0.8713592529296875,0.3871681495949074,flame_box_bottom_midpoint,B4_video_east_near_road,东侧靠道路火源,31.2887792678,120.4727584031,provisional_visual,human_scene_anchor_lookup,provisional_visual_lookup,匹配已核对的画面火源区域；坐标是既有影像近似值,0.05653738487705922
T,25,59.8,0,T_hotspot_2,hotspot,0.44641175866127014,0.8189926147460938,0.3448231369256973,hotspot_box_center_candidate,B4_video_east_near_road,东侧靠道路火源,31.2887792678,120.4727584031,provisional_visual,human_scene_anchor_lookup,provisional_visual_lookup,匹配已核对的画面火源区域；坐标是既有影像近似值,0.036315402373366626
V,25,59.8264,0,V_flame_1,flame,0.7359811067581177,0.8732006708780925,0.386704593234592,flame_box_bottom_midpoint,B4_video_east_near_road,东侧靠道路火源,31.2887792678,120.4727584031,provisional_visual,human_scene_anchor_lookup,provisional_visual_lookup,匹配已核对的画面火源区域；坐标是既有影像近似值,0.05649950477222711
T,26,60.0,0,T_hotspot_2,hotspot,0.4765368700027466,0.8169519186019898,0.3441167324781418,hotspot_box_center_candidate,B4_video_east_near_road,东侧靠道路火源,31.2887792678,120.4727584031,provisional_visual,human_scene_anchor_lookup,provisional_visual_lookup,匹配已核对的画面火源区域；坐标是既有影像近似值,0.03638859224792732
V,26,60.0266,0,V_flame_1,flame,0.7112470269203186,0.8695727030436198,0.38409200597692417,flame_box_bottom_midpoint,B4_video_east_near_road,东侧靠道路火源,31.2887792678,120.4727584031,provisional_visual,human_scene_anchor_lookup,provisional_visual_lookup,匹配已核对的画面火源区域；坐标是既有影像近似值,0.05316805468905213
T,27,60.2,0,T_hotspot_2,hotspot,0.36976510286331177,0.816925835609436,0.343203529715538,hotspot_box_center_candidate,B4_video_east_near_road,东侧靠道路火源,31.2887792678,120.4727584031,provisional_visual,human_scene_anchor_lookup,provisional_visual_lookup,匹配已核对的画面火源区域；坐标是既有影像近似值,0.03726280751784713
V,27,60.2268,0,V_flame_1,flame,0.7361565232276917,0.8689080556233724,0.3686332702636719,flame_box_bottom_midpoint,B4_video_east_near_road,东侧靠道路火源,31.2887792678,120.4727584031,provisional_visual,human_scene_anchor_lookup,provisional_visual_lookup,匹配已核对的画面火源区域；坐标是既有影像近似值,0.03792680210377275
T,28,60.4,0,,hotspot,0.26956290006637573,0.8269858360290527,0.35742661356925964,hotspot_box_center_candidate,B4_video_east_near_road,东侧靠道路火源,31.2887792678,120.4727584031,provisional_visual,human_scene_anchor_lookup,provisional_visual_lookup,匹配已核对的画面火源区域；坐标是既有影像近似值,0.029374568719877602
V,28,60.427,0,V_flame_1,flame,0.8207169771194458,0.8725854555765787,0.37733640317563655,flame_box_bottom_midpoint,B4_video_east_near_road,东侧靠道路火源,31.2887792678,120.4727584031,provisional_visual,human_scene_anchor_lookup,provisional_visual_lookup,匹配已核对的画面火源区域；坐标是既有影像近似值,0.047288475665554164
T,29,60.6,0,T_hotspot_2,hotspot,0.3509015142917633,0.8261788368225098,0.3574916273355484,hotspot_box_center_candidate,B4_video_east_near_road,东侧靠道路火源,31.2887792678,120.4727584031,provisional_visual,human_scene_anchor_lookup,provisional_visual_lookup,匹配已核对的画面火源区域；坐标是既有影像近似值,0.028789740106003738
V,29,60.6272,0,V_flame_1,flame,0.8497557044029236,0.8764997800191243,0.3951787312825521,flame_box_bottom_midpoint,B4_video_east_near_road,东侧靠道路火源,31.2887792678,120.4727584031,provisional_visual,human_scene_anchor_lookup,provisional_visual_lookup,匹配已核对的画面火源区域；坐标是既有影像近似值,0.06552928203864891
T,30,60.8,0,T_hotspot_2,hotspot,0.33537253737449646,0.8274511575698853,0.3625142276287079,hotspot_box_center_candidate,B4_video_east_near_road,东侧靠道路火源,31.2887792678,120.4727584031,provisional_visual,human_scene_anchor_lookup,provisional_visual_lookup,匹配已核对的画面火源区域；坐标是既有影像近似值,0.026189250809152333
V,30,60.8274,0,V_flame_1,flame,0.5093379020690918,0.8802812576293946,0.42085706922743055,flame_box_bottom_midpoint,B4_video_east_near_road,东侧靠道路火源,31.2887792678,120.4727584031,provisional_visual,human_scene_anchor_lookup,provisional_visual_lookup,匹配已核对的画面火源区域；坐标是既有影像近似值,0.09136181128688631
T,31,61.0,0,T_hotspot_2,hotspot,0.3228299915790558,0.8278180360794067,0.36517076194286346,hotspot_box_center_candidate,B4_video_east_near_road,东侧靠道路火源,31.2887792678,120.4727584031,provisional_visual,human_scene_anchor_lookup,provisional_visual_lookup,匹配已核对的画面火源区域；坐标是既有影像近似值,0.024885450828848764
V,31,61.0276,0,V_flame_1,flame,0.47047159075737,0.883187993367513,0.4059131763599537,flame_box_bottom_midpoint,B4_video_east_near_road,东侧靠道路火源,31.2887792678,120.4727584031,provisional_visual,human_scene_anchor_lookup,provisional_visual_lookup,匹配已核对的画面火源区域；坐标是既有影像近似值,0.07771425417109244
T,32,61.2,0,T_hotspot_2,hotspot,0.31250399351119995,0.8292137622833252,0.3664470613002777,hotspot_box_center_candidate,B4_video_east_near_road,东侧靠道路火源,31.2887792678,120.4727584031,provisional_visual,human_scene_anchor_lookup,provisional_visual_lookup,匹配已核对的画面火源区域；坐标是既有影像近似值,0.0253864332737595
V,32,61.2278,0,V_flame_1,flame,0.4690482020378113,0.8730620702107748,0.39094981440791376,flame_box_bottom_midpoint,B4_video_east_near_road,东侧靠道路火源,31.2887792678,120.4727584031,provisional_visual,human_scene_anchor_lookup,provisional_visual_lookup,匹配已核对的画面火源区域；坐标是既有影像近似值,0.060597181358479385
T,33,61.4,0,,hotspot,0.24071070551872253,0.8179339408874512,0.3659801483154297,hotspot_box_center_candidate,B4_video_east_near_road,东侧靠道路火源,31.2887792678,120.4727584031,provisional_visual,human_scene_anchor_lookup,provisional_visual_lookup,匹配已核对的画面火源区域；坐标是既有影像近似值,0.016985113213943543
V,33,61.428,0,V_flame_1,flame,0.4494001865386963,0.8737587292989095,0.403157071714048,flame_box_bottom_midpoint,B4_video_east_near_road,东侧靠道路火源,31.2887792678,120.4727584031,provisional_visual,human_scene_anchor_lookup,provisional_visual_lookup,匹配已核对的画面火源区域；坐标是既有影像近似值,0.0726820305967255
T,34,61.6,0,T_hotspot_2,hotspot,0.2883489727973938,0.8255947351455688,0.3671513795852661,hotspot_box_center_candidate,B4_video_east_near_road,东侧靠道路火源,31.2887792678,120.4727584031,provisional_visual,human_scene_anchor_lookup,provisional_visual_lookup,匹配已核对的画面火源区域；坐标是既有影像近似值,0.021936094211421873
V,34,61.6282,0,V_flame_1,flame,0.5920141935348511,0.8771400769551595,0.4016606648763021,flame_box_bottom_midpoint,B4_video_east_near_road,东侧靠道路火源,31.2887792678,120.4727584031,provisional_visual,human_scene_anchor_lookup,provisional_visual_lookup,匹配已核对的画面火源区域；坐标是既有影像近似值,0.07196448918800476
T,35,61.8,0,T_hotspot_2,hotspot,0.3532271087169647,0.8190113306045532,0.36607393622398376,hotspot_box_center_candidate,B4_video_east_near_road,东侧靠道路火源,31.2887792678,120.4727584031,provisional_visual,human_scene_anchor_lookup,provisional_visual_lookup,匹配已核对的画面火源区域；坐标是既有影像近似值,0.017612253883026924
V,35,61.8284,0,V_flame_1,flame,0.7109537124633789,0.8768423716227214,0.39877454969618054,flame_box_bottom_midpoint,B4_video_east_near_road,东侧靠道路火源,31.2887792678,120.4727584031,provisional_visual,human_scene_anchor_lookup,provisional_visual_lookup,匹配已核对的画面火源区域；坐标是既有影像近似值,0.06909421628767921
T,36,62.0,0,T_hotspot_2,hotspot,0.2549924850463867,0.8220501661300659,0.365385502576828,hotspot_box_center_candidate,B4_video_east_near_road,东侧靠道路火源,31.2887792678,120.4727584031,provisional_visual,human_scene_anchor_lookup,provisional_visual_lookup,匹配已核对的画面火源区域；坐标是既有影像近似值,0.02023354018992642
V,36,62.0286,0,V_flame_1,flame,0.5463646054267883,0.8742729822794596,0.39535177725332754,flame_box_bottom_midpoint,B4_video_east_near_road,东侧靠道路火源,31.2887792678,120.4727584031,provisional_visual,human_scene_anchor_lookup,provisional_visual_lookup,匹配已核对的画面火源区域；坐标是既有影像近似值,0.06515853271943298
T,37,62.2,0,,hotspot,0.23920266330242157,0.8279135465621948,0.35959264636039734,hotspot_box_center_candidate,,,,,,,unavailable,未落入已核对火源区域,
T,37,62.2,1,,hotspot,0.21946455538272858,0.8150699615478516,0.3725029230117798,hotspot_box_center_candidate,B4_video_east_near_road,东侧靠道路火源,31.2887792678,120.4727584031,provisional_visual,human_scene_anchor_lookup,provisional_visual_lookup,匹配已核对的画面火源区域；坐标是既有影像近似值,0.01028378040603192
V,37,62.2288,0,V_flame_1,flame,0.4932114779949188,0.8734232266743978,0.41099590725368923,flame_box_bottom_midpoint,B4_video_east_near_road,东侧靠道路火源,31.2887792678,120.4727584031,provisional_visual,human_scene_anchor_lookup,provisional_visual_lookup,匹配已核对的画面火源区域；坐标是既有影像近似值,0.0803263246529295
T,38,62.4,0,T_hotspot_2,hotspot,0.30199089646339417,0.8171502828598023,0.36497727036476135,hotspot_box_center_candidate,B4_video_east_near_road,东侧靠道路火源,31.2887792678,120.4727584031,provisional_visual,human_scene_anchor_lookup,provisional_visual_lookup,匹配已核对的画面火源区域；坐标是既有影像近似值,0.017316939183063984
V,38,62.429,0,V_flame_1,flame,0.5815064311027527,0.8666808128356933,0.4089588306568287,flame_box_bottom_midpoint,B4_video_east_near_road,东侧靠道路火源,31.2887792678,120.4727584031,provisional_visual,human_scene_anchor_lookup,provisional_visual_lookup,匹配已核对的画面火源区域；坐标是既有影像近似值,0.07741380470747466
T,39,62.6,0,,hotspot,0.2656017243862152,0.827414584159851,0.3656480461359024,hotspot_box_center_candidate,B4_video_east_near_road,东侧靠道路火源,31.2887792678,120.4727584031,provisional_visual,human_scene_anchor_lookup,provisional_visual_lookup,匹配已核对的画面火源区域；坐标是既有影像近似值,0.02428380659837686
V,39,62.6292,0,V_flame_1,flame,0.5605527758598328,0.874139912923177,0.39519387704354747,flame_box_bottom_midpoint,B4_video_east_near_road,东侧靠道路火源,31.2887792678,120.4727584031,provisional_visual,human_scene_anchor_lookup,provisional_visual_lookup,匹配已核对的画面火源区域；坐标是既有影像近似值,0.06497476171621884
T,40,62.8,0,,hotspot,0.18799328804016113,0.8253589868545532,0.36396174132823944,hotspot_box_center_candidate,B4_video_east_near_road,东侧靠道路火源,31.2887792678,120.4727584031,provisional_visual,human_scene_anchor_lookup,provisional_visual_lookup,匹配已核对的画面火源区域；坐标是既有影像近似值,0.023655321436408853
V,40,62.8294,0,V_flame_1,flame,0.5218683481216431,0.8764946619669597,0.40613510696976274,flame_box_bottom_midpoint,B4_video_east_near_road,东侧靠道路火源,31.2887792678,120.4727584031,provisional_visual,human_scene_anchor_lookup,provisional_visual_lookup,匹配已核对的画面火源区域；坐标是既有影像近似值,0.07616557855362488
T,41,63.0,0,,hotspot,0.23000000417232513,0.8270591735839844,0.3623836636543274,hotspot_box_center_candidate,,,,,,,unavailable,未落入已核对火源区域,
T,41,63.0,1,,hotspot,0.15290498733520508,0.8219123363494873,0.3754924237728119,hotspot_box_center_candidate,B4_video_east_near_road,东侧靠道路火源,31.2887792678,120.4727584031,provisional_visual,human_scene_anchor_lookup,provisional_visual_lookup,匹配已核对的画面火源区域；坐标是既有影像近似值,0.015114305161463908
V,41,63.0296,0,V_flame_1,flame,0.5204893350601196,0.8843390464782714,0.3967227229365596,flame_box_bottom_midpoint,B4_video_east_near_road,东侧靠道路火源,31.2887792678,120.4727584031,provisional_visual,human_scene_anchor_lookup,provisional_visual_lookup,匹配已核对的画面火源区域；坐标是既有影像近似值,0.06941674822322355
T,42,63.2,0,T_hotspot_2,hotspot,0.3107593357563019,0.8289963722229003,0.3632027804851532,hotspot_box_center_candidate,B4_video_east_near_road,东侧靠道路火源,31.2887792678,120.4727584031,provisional_visual,human_scene_anchor_lookup,provisional_visual_lookup,匹配已核对的画面火源区域；坐标是既有影像近似值,0.026984842391055096
V,42,63.2298,0,V_flame_1,flame,0.43981605768203735,0.8834065437316895,0.3933082863136574,flame_box_bottom_midpoint,B4_video_east_near_road,东侧靠道路火源,31.2887792678,120.4727584031,provisional_visual,human_scene_anchor_lookup,provisional_visual_lookup,匹配已核对的画面火源区域；坐标是既有影像近似值,0.0658951912727208
T,43,63.4,0,T_hotspot_2,hotspot,0.30839401483535767,0.8369325637817383,0.3605644404888153,hotspot_box_center_candidate,B4_video_east_near_road,东侧靠道路火源,31.2887792678,120.4727584031,provisional_visual,human_scene_anchor_lookup,provisional_visual_lookup,匹配已核对的画面火源区域；坐标是既有影像近似值,0.03503621330475924
V,43,63.43,0,V_flame_1,flame,0.5401878952980042,0.8944077809651693,0.39863512957537617,flame_box_bottom_midpoint,B4_video_east_near_road,东侧靠道路火源,31.2887792678,120.4727584031,provisional_visual,human_scene_anchor_lookup,provisional_visual_lookup,匹配已核对的画面火源区域；坐标是既有影像近似值,0.07530165047371515
T,44,63.6,0,,hotspot,0.2902134358882904,0.8472186088562011,0.36310920119285583,hotspot_box_center_candidate,B4_video_east_near_road,东侧靠道路火源,31.2887792678,120.4727584031,provisional_visual,human_scene_anchor_lookup,provisional_visual_lookup,匹配已核对的画面火源区域；坐标是既有影像近似值,0.04307551829511883
T,45,63.8,0,,hotspot,0.27357059717178345,0.8178682804107666,0.3655579090118408,hotspot_box_center_candidate,B4_video_east_near_road,东侧靠道路火源,31.2887792678,120.4727584031,provisional_visual,human_scene_anchor_lookup,provisional_visual_lookup,匹配已核对的画面火源区域；坐标是既有影像近似值,0.01727513158667792
V,45,63.8304,0,V_flame_1,flame,0.442584753036499,0.8799427032470704,0.42068877043547453,flame_box_bottom_midpoint,B4_video_east_near_road,东侧靠道路火源,31.2887792678,120.4727584031,provisional_visual,human_scene_anchor_lookup,provisional_visual_lookup,匹配已核对的画面火源区域；坐标是既有影像近似值,0.09112164683393782
T,46,64.0,0,T_hotspot_2,hotspot,0.38272976875305176,0.8255049705505371,0.3600182682275772,hotspot_box_center_candidate,B4_video_east_near_road,东侧靠道路火源,31.2887792678,120.4727584031,provisional_visual,human_scene_anchor_lookup,provisional_visual_lookup,匹配已核对的画面火源区域；坐标是既有影像近似值,0.026467664546466155
V,46,64.0306,0,V_flame_1,flame,0.489021360874176,0.8805147488911946,0.4036426120334201,flame_box_bottom_midpoint,B4_video_east_near_road,东侧靠道路火源,31.2887792678,120.4727584031,provisional_visual,human_scene_anchor_lookup,provisional_visual_lookup,匹配已核对的画面火源区域；坐标是既有影像近似值,0.07476200070698195
T,47,64.2,0,T_hotspot_2,hotspot,0.46101972460746765,0.8269856214523316,0.3566063642501831,hotspot_box_center_candidate,B4_video_east_near_road,东侧靠道路火源,31.2887792678,120.4727584031,provisional_visual,human_scene_anchor_lookup,provisional_visual_lookup,匹配已核对的画面火源区域；坐标是既有影像近似值,0.029987208675343918
V,47,64.2308,0,V_flame_1,flame,0.7577220797538757,0.8829090754191081,0.3933518586335359,flame_box_bottom_midpoint,B4_video_east_near_road,东侧靠道路火源,31.2887792678,120.4727584031,provisional_visual,human_scene_anchor_lookup,provisional_visual_lookup,匹配已核对的画面火源区域；坐标是既有影像近似值,0.06575769313179643
T,48,64.4,0,T_hotspot_2,hotspot,0.4121623635292053,0.8257169008255005,0.352103054523468,hotspot_box_center_candidate,B4_video_east_near_road,东侧靠道路火源,31.2887792678,120.4727584031,provisional_visual,human_scene_anchor_lookup,provisional_visual_lookup,匹配已核对的画面火源区域；坐标是既有影像近似值,0.032779053473704016
T,49,64.6,0,T_hotspot_2,hotspot,0.43537139892578125,0.8295310497283935,0.3470733314752579,hotspot_box_center_candidate,B4_video_east_near_road,东侧靠道路火源,31.2887792678,120.4727584031,provisional_visual,human_scene_anchor_lookup,provisional_visual_lookup,匹配已核对的画面火源区域；坐标是既有影像近似值,0.039084631766657586
V,49,64.6312,0,V_flame_1,flame,0.41015946865081787,0.8775575319925945,0.39444043194806133,flame_box_bottom_midpoint,B4_video_east_near_road,东侧靠道路火源,31.2887792678,120.4727584031,provisional_visual,human_scene_anchor_lookup,provisional_visual_lookup,匹配已核对的画面火源区域；坐标是既有影像近似值,0.06510041228910204
T,50,64.8,0,,hotspot,0.2982640564441681,0.8163242340087891,0.3614043891429901,hotspot_box_center_candidate,B4_video_east_near_road,东侧靠道路火源,31.2887792678,120.4727584031,provisional_visual,human_scene_anchor_lookup,provisional_visual_lookup,匹配已核对的画面火源区域；坐标是既有影像近似值,0.019963516143534282
T,50,64.8,1,,hotspot,0.1994842141866684,0.8206081867218018,0.34591448307037354,hotspot_box_center_candidate,,,,,,,unavailable,未落入已核对火源区域,
T,50,64.8,2,,hotspot,0.1830841600894928,0.8169089078903198,0.3601332753896713,hotspot_box_center_candidate,,,,,,,unavailable,未落入已核对火源区域,
V,50,64.8314,0,,flame,0.3978014588356018,0.8609326680501302,0.3852102209020544,flame_box_bottom_midpoint,B4_video_east_near_road,东侧靠道路火源,31.2887792678,120.4727584031,provisional_visual,human_scene_anchor_lookup,provisional_visual_lookup,匹配已核对的画面火源区域；坐标是既有影像近似值,0.053356033748508426
T,51,65.0,0,,hotspot,0.296560138463974,0.8157617092132569,0.36017364263534546,hotspot_box_center_candidate,B4_video_east_near_road,东侧靠道路火源,31.2887792678,120.4727584031,provisional_visual,human_scene_anchor_lookup,provisional_visual_lookup,匹配已核对的画面火源区域；坐标是既有影像近似值,0.02083151381546246
V,51,65.0316,0,V_flame_6,flame,0.5770710110664368,0.8651840845743816,0.38035399825484667,flame_box_bottom_midpoint,B4_video_east_near_road,东侧靠道路火源,31.2887792678,120.4727584031,provisional_visual,human_scene_anchor_lookup,provisional_visual_lookup,匹配已核对的画面火源区域；坐标是既有影像近似值,0.04880542002856377
T,52,65.2,0,T_hotspot_31,hotspot,0.316043883562088,0.8147728443145752,0.3596760183572769,hotspot_box_center_candidate,B4_video_east_near_road,东侧靠道路火源,31.2887792678,120.4727584031,provisional_visual,human_scene_anchor_lookup,provisional_visual_lookup,匹配已核对的画面火源区域；坐标是既有影像近似值,0.020911342674972452
V,52,65.2318,0,V_flame_6,flame,0.5512176156044006,0.8662454605102539,0.3719693501790365,flame_box_bottom_midpoint,B4_video_east_near_road,东侧靠道路火源,31.2887792678,120.4727584031,provisional_visual,human_scene_anchor_lookup,provisional_visual_lookup,匹配已核对的画面火源区域；坐标是既有影像近似值,0.04064815242109255
T,53,65.4,0,T_hotspot_31,hotspot,0.33187875151634216,0.8151102781295776,0.35649776458740234,hotspot_box_center_candidate,B4_video_east_near_road,东侧靠道路火源,31.2887792678,120.4727584031,provisional_visual,human_scene_anchor_lookup,provisional_visual_lookup,匹配已核对的画面火源区域；坐标是既有影像近似值,0.024012769899856966
V,53,65.432,0,V_flame_6,flame,0.5577260255813599,0.8647698084513347,0.3832236961082176,flame_box_bottom_midpoint,B4_video_east_near_road,东侧靠道路火源,31.2887792678,120.4727584031,provisional_visual,human_scene_anchor_lookup,provisional_visual_lookup,匹配已核对的画面火源区域；坐标是既有影像近似值,0.051613896448763776
T,54,65.6,0,T_hotspot_31,hotspot,0.32193508744239807,0.8155461549758911,0.3548533022403717,hotspot_box_center_candidate,B4_video_east_near_road,东侧靠道路火源,31.2887792678,120.4727584031,provisional_visual,human_scene_anchor_lookup,provisional_visual_lookup,匹配已核对的画面火源区域；坐标是既有影像近似值,0.025709662501036467
V,54,65.6322,0,V_flame_6,flame,0.7249972820281982,0.868769359588623,0.38599658542209203,flame_box_bottom_midpoint,B4_video_east_near_road,东侧靠道路火源,31.2887792678,120.4727584031,provisional_visual,human_scene_anchor_lookup,provisional_visual_lookup,匹配已核对的画面火源区域；坐标是既有影像近似值,0.05489970429265012
T,55,65.8,0,T_hotspot_31,hotspot,0.3791790306568146,0.8117273569107055,0.34563080966472626,hotspot_box_center_candidate,B4_video_east_near_road,东侧靠道路火源,31.2887792678,120.4727584031,provisional_visual,human_scene_anchor_lookup,provisional_visual_lookup,匹配已核对的画面火源区域；坐标是既有影像近似值,0.03385573075967332
V,55,65.8324,0,V_flame_6,flame,0.7134976983070374,0.8572412490844726,0.38260913425021703,flame_box_bottom_midpoint,B4_video_east_near_road,东侧靠道路火源,31.2887792678,120.4727584031,provisional_visual,human_scene_anchor_lookup,provisional_visual_lookup,匹配已核对的画面火源区域；坐标是既有影像近似值,0.0507917146278127
T,56,66.0,0,T_hotspot_31,hotspot,0.42193126678466797,0.8122307062149048,0.3396087735891342,hotspot_box_center_candidate,B4_video_east_near_road,东侧靠道路火源,31.2887792678,120.4727584031,provisional_visual,human_scene_anchor_lookup,provisional_visual_lookup,匹配已核对的画面火源区域；坐标是既有影像近似值,0.03989260434629967
V,56,66.0326,0,V_flame_6,flame,0.7330938577651978,0.868032709757487,0.38295485885054975,flame_box_bottom_midpoint,B4_video_east_near_road,东侧靠道路火源,31.2887792678,120.4727584031,provisional_visual,human_scene_anchor_lookup,provisional_visual_lookup,匹配已核对的画面火源区域；坐标是既有影像近似值,0.05177804535175962
T,57,66.2,0,T_hotspot_31,hotspot,0.45246046781539917,0.8118713855743408,0.33486712723970413,hotspot_box_center_candidate,B4_video_east_near_road,东侧靠道路火源,31.2887792678,120.4727584031,provisional_visual,human_scene_anchor_lookup,provisional_visual_lookup,匹配已核对的画面火源区域；坐标是既有影像近似值,0.044562539485697696
V,57,66.2328,0,V_flame_6,flame,0.6994717717170715,0.8660836219787598,0.38273001776801213,flame_box_bottom_midpoint,B4_video_east_near_road,东侧靠道路火源,31.2887792678,120.4727584031,provisional_visual,human_scene_anchor_lookup,provisional_visual_lookup,匹配已核对的画面火源区域；坐标是既有影像近似值,0.05127276392202035
T,58,66.4,0,,hotspot,0.27239295840263367,0.8142614364624023,0.3501807153224945,hotspot_box_center_candidate,,,,,,,unavailable,未落入已核对火源区域,
T,58,66.4,1,,hotspot,0.15028074383735657,0.8131451606750488,0.35259222984313965,hotspot_box_center_candidate,B4_video_east_near_road,东侧靠道路火源,31.2887792678,120.4727584031,provisional_visual,human_scene_anchor_lookup,provisional_visual_lookup,匹配已核对的画面火源区域；坐标是既有影像近似值,0.027241804461430756
T,58,66.4,2,,hotspot,0.14394354820251465,0.24280154705047607,0.6618810594081879,hotspot_box_center_candidate,B4_video_west_near_tree,西侧靠树木火源,,,,human_scene_anchor_lookup,thermal_candidate_only,仅有热像候选，缺少近期同区域明火,0.011160203567565858
V,58,66.433,0,V_flame_6,flame,0.5252119898796082,0.8562613487243652,0.3909926237883391,flame_box_bottom_midpoint,B4_video_east_near_road,东侧靠道路火源,31.2887792678,120.4727584031,provisional_visual,human_scene_anchor_lookup,provisional_visual_lookup,匹配已核对的画面火源区域；坐标是既有影像近似值,0.05921440615476975
T,59,66.6,0,,hotspot,0.300410658121109,0.811580228805542,0.3474145829677582,hotspot_box_center_candidate,B4_video_east_near_road,东侧靠道路火源,31.2887792678,120.4727584031,provisional_visual,human_scene_anchor_lookup,provisional_visual_lookup,匹配已核对的画面火源区域；坐标是既有影像近似值,0.032068273292515
V,59,66.6332,0,V_flame_6,flame,0.7949084639549255,0.8593731880187988,0.3885704605667679,flame_box_bottom_midpoint,B4_video_east_near_road,东侧靠道路火源,31.2887792678,120.4727584031,provisional_visual,human_scene_anchor_lookup,provisional_visual_lookup,匹配已核对的画面火源区域；坐标是既有影像近似值,0.05669951904555807
T,60,66.8,0,T_hotspot_2,hotspot,0.3323517441749573,0.813743782043457,0.34718257188796997,hotspot_box_center_candidate,B4_video_east_near_road,东侧靠道路火源,31.2887792678,120.4727584031,provisional_visual,human_scene_anchor_lookup,provisional_visual_lookup,匹配已核对的画面火源区域；坐标是既有影像近似值,0.03265821685882425
V,60,66.8334,0,V_flame_6,flame,0.8383431434631348,0.8591848373413086,0.39556692617910877,flame_box_bottom_midpoint,B4_video_east_near_road,东侧靠道路火源,31.2887792678,120.4727584031,provisional_visual,human_scene_anchor_lookup,provisional_visual_lookup,匹配已核对的画面火源区域；坐标是既有影像近似值,0.06369683478785068
V,60,66.8334,1,V_flame_8,flame,0.6514509916305542,0.22688777446746827,0.8197085910373264,flame_box_bottom_midpoint,B4_video_west_near_tree,西侧靠树木火源,31.2888262887,120.472489068,provisional_visual,human_scene_anchor_lookup,provisional_visual_lookup,匹配已核对的画面火源区域；坐标是既有影像近似值,0.03844618481402471
T,61,67.0,0,T_hotspot_2,hotspot,0.3628605306148529,0.8089289426803589,0.35334138572216034,hotspot_box_center_candidate,B4_video_east_near_road,东侧靠道路火源,31.2887792678,120.4727584031,provisional_visual,human_scene_anchor_lookup,provisional_visual_lookup,匹配已核对的画面火源区域；坐标是既有影像近似值,0.025902759640498006
V,61,67.0336,0,V_flame_6,flame,0.8932421207427979,0.8568324406941732,0.40213216145833336,flame_box_bottom_midpoint,B4_video_east_near_road,东侧靠道路火源,31.2887792678,120.4727584031,provisional_visual,human_scene_anchor_lookup,provisional_visual_lookup,匹配已核对的画面火源区域；坐标是既有影像近似值,0.07031456538804721
T,62,67.2,0,T_hotspot_2,hotspot,0.37690550088882446,0.8090703010559082,0.35467538237571716,hotspot_box_center_candidate,B4_video_east_near_road,东侧靠道路火源,31.2887792678,120.4727584031,provisional_visual,human_scene_anchor_lookup,provisional_visual_lookup,匹配已核对的画面火源区域；坐标是既有影像近似值,0.02458171563409671
V,62,67.2338,0,V_flame_6,flame,0.8502784967422485,0.8565968831380208,0.3909426653826678,flame_box_bottom_midpoint,B4_video_east_near_road,东侧靠道路火源,31.2887792678,120.4727584031,provisional_visual,human_scene_anchor_lookup,provisional_visual_lookup,匹配已核对的画面火源区域；坐标是既有影像近似值,0.05914665092942654
T,63,67.4,0,T_hotspot_2,hotspot,0.4376913607120514,0.8087852239608765,0.35137927532196045,hotspot_box_center_candidate,B4_video_east_near_road,东侧靠道路火源,31.2887792678,120.4727584031,provisional_visual,human_scene_anchor_lookup,provisional_visual_lookup,匹配已核对的画面火源区域；坐标是既有影像近似值,0.02785281441871261
V,63,67.434,0,V_flame_6,flame,0.6928249001502991,0.853651777903239,0.3905702379014757,flame_box_bottom_midpoint,B4_video_east_near_road,东侧靠道路火源,31.2887792678,120.4727584031,provisional_visual,human_scene_anchor_lookup,provisional_visual_lookup,匹配已核对的画面火源区域；坐标是既有影像近似值,0.05899757460747762
T,64,67.6,0,T_hotspot_2,hotspot,0.42536836862564087,0.8099357128143311,0.34825170040130615,hotspot_box_center_candidate,B4_video_east_near_road,东侧靠道路火源,31.2887792678,120.4727584031,provisional_visual,human_scene_anchor_lookup,provisional_visual_lookup,匹配已核对的画面火源区域；坐标是既有影像近似值,0.031054169664995464
V,64,67.6342,0,V_flame_6,flame,0.8122772574424744,0.8557616551717122,0.38799497816297746,flame_box_bottom_midpoint,B4_video_east_near_road,东侧靠道路火源,31.2887792678,120.4727584031,provisional_visual,human_scene_anchor_lookup,provisional_visual_lookup,匹配已核对的画面火源区域；坐标是既有影像近似值,0.05625343774270445
V,64,67.6342,1,V_flame_8,flame,0.3908447325229645,0.22636024157206217,0.8141924822771991,flame_box_bottom_midpoint,B4_video_west_near_tree,西侧靠树木火源,31.2888262887,120.472489068,provisional_visual,human_scene_anchor_lookup,provisional_visual_lookup,匹配已核对的画面火源区域；坐标是既有影像近似值,0.03290491271890554
T,65,67.8,0,T_hotspot_2,hotspot,0.3982681930065155,0.8119110107421875,0.34696556627750397,hotspot_box_center_candidate,B4_video_east_near_road,东侧靠道路火源,31.2887792678,120.4727584031,provisional_visual,human_scene_anchor_lookup,provisional_visual_lookup,匹配已核对的画面火源区域；坐标是既有影像近似值,0.03255887859571201
V,65,67.8344,0,V_flame_6,flame,0.6535217761993408,0.860088030497233,0.3905530293782552,flame_box_bottom_midpoint,B4_video_east_near_road,东侧靠道路火源,31.2887792678,120.4727584031,provisional_visual,human_scene_anchor_lookup,provisional_visual_lookup,匹配已核对的画面火源区域；坐标是既有影像近似值,0.058683902345715175
T,66,68.0,0,T_hotspot_2,hotspot,0.29755476117134094,0.8146861314773559,0.3501012921333313,hotspot_box_center_candidate,B4_video_east_near_road,东侧靠道路火源,31.2887792678,120.4727584031,provisional_visual,human_scene_anchor_lookup,provisional_visual_lookup,匹配已核对的画面火源区域；坐标是既有影像近似值,0.030022470503219066
V,66,68.0346,0,V_flame_6,flame,0.8356596231460571,0.8645517985026042,0.3852873343008536,flame_box_bottom_midpoint,B4_video_east_near_road,东侧靠道路火源,31.2887792678,120.4727584031,provisional_visual,human_scene_anchor_lookup,provisional_visual_lookup,匹配已核对的画面火源区域；坐标是既有影像近似值,0.05364683854346928
T,67,68.2,0,T_hotspot_2,hotspot,0.33489811420440674,0.8217151880264282,0.34715786576271057,hotspot_box_center_candidate,B4_video_east_near_road,东侧靠道路火源,31.2887792678,120.4727584031,provisional_visual,human_scene_anchor_lookup,provisional_visual_lookup,匹配已核对的画面火源区域；坐标是既有影像近似值,0.03514394408421529
V,67,68.2348,0,V_flame_6,flame,0.6550837159156799,0.8722740173339844,0.38707425152813946,flame_box_bottom_midpoint,B4_video_east_near_road,东侧靠道路火源,31.2887792678,120.4727584031,provisional_visual,human_scene_anchor_lookup,provisional_visual_lookup,匹配已核对的画面火源区域；坐标是既有影像近似值,0.05664350228045286
V,67,68.2348,1,V_flame_8,flame,0.4871184229850769,0.22419647375742593,0.8196542810510706,flame_box_bottom_midpoint,B4_video_west_near_tree,西侧靠树木火源,31.2888262887,120.472489068,provisional_visual,human_scene_anchor_lookup,provisional_visual_lookup,匹配已核对的画面火源区域；坐标是既有影像近似值,0.03823272042875744
T,68,68.4,0,T_hotspot_2,hotspot,0.311477392911911,0.8247354745864868,0.3489576131105423,hotspot_box_center_candidate,B4_video_east_near_road,东侧靠道路火源,31.2887792678,120.4727584031,provisional_visual,human_scene_anchor_lookup,provisional_visual_lookup,匹配已核对的画面火源区域；坐标是既有影像近似值,0.03492122128809866
V,68,68.435,0,V_flame_6,flame,0.626711368560791,0.8669889450073243,0.38596403333875867,flame_box_bottom_midpoint,B4_video_east_near_road,东侧靠道路火源,31.2887792678,120.4727584031,provisional_visual,human_scene_anchor_lookup,provisional_visual_lookup,匹配已核对的画面火源区域；坐标是既有影像近似值,0.0545976656084612
V,68,68.435,1,V_flame_8,flame,0.5320286154747009,0.22440829277038574,0.8189922756618924,flame_box_bottom_midpoint,B4_video_west_near_tree,西侧靠树木火源,31.2888262887,120.472489068,provisional_visual,human_scene_anchor_lookup,provisional_visual_lookup,匹配已核对的画面火源区域；坐标是既有影像近似值,0.037576714469606934
T,69,68.6,0,T_hotspot_2,hotspot,0.3149968385696411,0.8161704778671265,0.356170192360878,hotspot_box_center_candidate,B4_video_east_near_road,东侧靠道路火源,31.2887792678,120.4727584031,provisional_visual,human_scene_anchor_lookup,provisional_visual_lookup,匹配已核对的画面火源区域；坐标是既有影像近似值,0.024685271129093057
V,69,68.6352,0,V_flame_6,flame,0.6153864860534668,0.8654425938924154,0.39850136085792826,flame_box_bottom_midpoint,B4_video_east_near_road,东侧靠道路火源,31.2887792678,120.4727584031,provisional_visual,human_scene_anchor_lookup,provisional_visual_lookup,匹配已核对的画面火源区域；坐标是既有影像近似值,0.06688740672048496
V,69,68.6352,1,V_flame_8,flame,0.42246904969215393,0.22457523345947267,0.8194490785951968,flame_box_bottom_midpoint,B4_video_west_near_tree,西侧靠树木火源,31.2888262887,120.472489068,provisional_visual,human_scene_anchor_lookup,provisional_visual_lookup,匹配已核对的画面火源区域；坐标是既有影像近似值,0.03803866043604959
T,70,68.8,0,T_hotspot_2,hotspot,0.31910157203674316,0.8176721334457397,0.35773591697216034,hotspot_box_center_candidate,B4_video_east_near_road,东侧靠道路火源,31.2887792678,120.4727584031,provisional_visual,human_scene_anchor_lookup,provisional_visual_lookup,匹配已核对的画面火源区域；坐标是既有影像近似值,0.023848525714812753
V,70,68.8354,0,V_flame_6,flame,0.8258034586906433,0.8687858581542969,0.394666431568287,flame_box_bottom_midpoint,B4_video_east_near_road,东侧靠道路火源,31.2887792678,120.4727584031,provisional_visual,human_scene_anchor_lookup,provisional_visual_lookup,匹配已核对的画面火源区域；坐标是既有影像近似值,0.06346623252267289
V,70,68.8354,1,V_flame_8,flame,0.5677135586738586,0.22501358191172283,0.8233144124348958,flame_box_bottom_midpoint,B4_video_west_near_tree,西侧靠树木火源,31.2888262887,120.472489068,provisional_visual,human_scene_anchor_lookup,provisional_visual_lookup,匹配已核对的画面火源区域；坐标是既有影像近似值,0.04191785014218613
T,71,69.0,0,T_hotspot_2,hotspot,0.2895033061504364,0.8183697700500489,0.35465967655181885,hotspot_box_center_candidate,B4_video_east_near_road,东侧靠道路火源,31.2887792678,120.4727584031,provisional_visual,human_scene_anchor_lookup,provisional_visual_lookup,匹配已核对的画面火源区域；坐标是既有影像近似值,0.026930101834402035
V,71,69.0356,0,V_flame_6,flame,0.6916521191596985,0.8739347775777181,0.3955558776855469,flame_box_bottom_midpoint,B4_video_east_near_road,东侧靠道路火源,31.2887792678,120.4727584031,provisional_visual,human_scene_anchor_lookup,provisional_visual_lookup,匹配已核对的画面火源区域；坐标是既有影像近似值,0.06528219618198719
V,71,69.0356,1,V_flame_8,flame,0.5358845591545105,0.22469616731007894,0.8248682092737268,flame_box_bottom_midpoint,B4_video_west_near_tree,西侧靠树木火源,31.2888262887,120.472489068,provisional_visual,human_scene_anchor_lookup,provisional_visual_lookup,匹配已核对的画面火源区域；坐标是既有影像近似值,0.04345880282290463
T,72,69.2,0,T_hotspot_2,hotspot,0.30641233921051025,0.8242668867111206,0.3535916954278946,hotspot_box_center_candidate,B4_video_east_near_road,东侧靠道路火源,31.2887792678,120.4727584031,provisional_visual,human_scene_anchor_lookup,provisional_visual_lookup,匹配已核对的画面火源区域；坐标是既有影像近似值,0.030734439311592185
V,72,69.2358,0,V_flame_6,flame,0.8786612749099731,0.8662813822428386,0.3851679766619647,flame_box_bottom_midpoint,B4_video_east_near_road,东侧靠道路火源,31.2887792678,120.4727584031,provisional_visual,human_scene_anchor_lookup,provisional_visual_lookup,匹配已核对的画面火源区域；坐标是既有影像近似值,0.05371623568026302
T,73,69.4,0,T_hotspot_2,hotspot,0.3046227693557739,0.8207518577575683,0.35301367938518524,hotspot_box_center_candidate,B4_video_east_near_road,东侧靠道路火源,31.2887792678,120.4727584031,provisional_visual,human_scene_anchor_lookup,provisional_visual_lookup,匹配已核对的画面火源区域；坐标是既有影像近似值,0.029450123972291985
V,73,69.436,0,V_flame_6,flame,0.8700872659683228,0.8750724156697591,0.3935696637188947,flame_box_bottom_midpoint,B4_video_east_near_road,东侧靠道路火源,31.2887792678,120.4727584031,provisional_visual,human_scene_anchor_lookup,provisional_visual_lookup,匹配已核对的画面火源区域；坐标是既有影像近似值,0.0636135347772723
V,73,69.436,1,V_flame_8,flame,0.7604514360427856,0.2229876200358073,0.8257267704716436,flame_box_bottom_midpoint,B4_video_west_near_tree,西侧靠树木火源,31.2888262887,120.472489068,provisional_visual,human_scene_anchor_lookup,provisional_visual_lookup,匹配已核对的画面火源区域；坐标是既有影像近似值,0.04429497559774684
T,74,69.6,0,T_hotspot_2,hotspot,0.3466741144657135,0.820277214050293,0.35073868930339813,hotspot_box_center_candidate,B4_video_east_near_road,东侧靠道路火源,31.2887792678,120.4727584031,provisional_visual,human_scene_anchor_lookup,provisional_visual_lookup,匹配已核对的画面火源区域；坐标是既有影像近似值,0.03128902231675663
V,74,69.6362,0,V_flame_6,flame,0.8273352980613708,0.8773255983988444,0.3916322496202257,flame_box_bottom_midpoint,B4_video_east_near_road,东侧靠道路火源,31.2887792678,120.4727584031,provisional_visual,human_scene_anchor_lookup,provisional_visual_lookup,匹配已核对的画面火源区域；坐标是既有影像近似值,0.06233982282172953
V,74,69.6362,1,V_flame_8,flame,0.5236308574676514,0.22455179691314697,0.8291611848054109,flame_box_bottom_midpoint,B4_video_west_near_tree,西侧靠树木火源,31.2888262887,120.472489068,provisional_visual,human_scene_anchor_lookup,provisional_visual_lookup,匹配已核对的画面火源区域；坐标是既有影像近似值,0.047745598119131254
T,75,69.8,0,T_hotspot_2,hotspot,0.28602197766304016,0.8218904495239258,0.3522569090127945,hotspot_box_center_candidate,B4_video_east_near_road,东侧靠道路火源,31.2887792678,120.4727584031,provisional_visual,human_scene_anchor_lookup,provisional_visual_lookup,匹配已核对的画面火源区域；坐标是既有影像近似值,0.030651713719774022
V,75,69.8364,0,V_flame_6,flame,0.5069330334663391,0.8756346384684245,0.3983990987141927,flame_box_bottom_midpoint,B4_video_east_near_road,东侧靠道路火源,31.2887792678,120.4727584031,provisional_visual,human_scene_anchor_lookup,provisional_visual_lookup,匹配已核对的画面火源区域；坐标是既有影像近似值,0.06843739706972135
V,75,69.8364,1,V_flame_8,flame,0.4011809229850769,0.22576460838317872,0.8318954467773437,flame_box_bottom_midpoint,B4_video_west_near_tree,西侧靠树木火源,31.2888262887,120.472489068,provisional_visual,human_scene_anchor_lookup,provisional_visual_lookup,匹配已核对的画面火源区域；坐标是既有影像近似值,0.05052420543319318
T,76,70.0,0,T_hotspot_2,hotspot,0.3757625222206116,0.8255647897720337,0.35166701674461365,hotspot_box_center_candidate,B4_video_east_near_road,东侧靠道路火源,31.2887792678,120.4727584031,provisional_visual,human_scene_anchor_lookup,provisional_visual_lookup,匹配已核对的画面火源区域；坐标是既有影像近似值,0.0330557982936974
V,76,70.0366,0,V_flame_6,flame,0.7223681211471558,0.8726880709330241,0.4075581303349248,flame_box_bottom_midpoint,B4_video_east_near_road,东侧靠道路火源,31.2887792678,120.4727584031,provisional_visual,human_scene_anchor_lookup,provisional_visual_lookup,匹配已核对的画面火源区域；坐标是既有影像近似值,0.07681340294859051
T,77,70.2,0,T_hotspot_2,hotspot,0.29953309893608093,0.826259446144104,0.3462715595960617,hotspot_box_center_candidate,B4_video_east_near_road,东侧靠道路火源,31.2887792678,120.4727584031,provisional_visual,human_scene_anchor_lookup,provisional_visual_lookup,匹配已核对的画面火源区域；坐标是既有影像近似值,0.0380093918966189
V,77,70.2368,0,V_flame_6,flame,0.6728295683860779,0.8826058705647787,0.39837864063404227,flame_box_bottom_midpoint,B4_video_east_near_road,东侧靠道路火源,31.2887792678,120.4727584031,provisional_visual,human_scene_anchor_lookup,provisional_visual_lookup,匹配已核对的画面火源区域；坐标是既有影像近似值,0.07038029969041
T,78,70.4,0,T_hotspot_2,hotspot,0.30930134654045105,0.8263408660888671,0.3443171828985214,hotspot_box_center_candidate,B4_video_east_near_road,东侧靠道路火源,31.2887792678,120.4727584031,provisional_visual,human_scene_anchor_lookup,provisional_visual_lookup,匹配已核对的画面火源区域；坐标是既有影像近似值,0.039753050812706046
V,78,70.437,0,V_flame_6,flame,0.8308802247047424,0.8759055137634277,0.3824330365216291,flame_box_bottom_midpoint,B4_video_east_near_road,东侧靠道路火源,31.2887792678,120.4727584031,provisional_visual,human_scene_anchor_lookup,provisional_visual_lookup,匹配已核对的画面火源区域；坐标是既有影像近似值,0.05313181570890348
V,78,70.437,1,V_flame_8,flame,0.3879348635673523,0.22229297955830893,0.8268634372287327,flame_box_bottom_midpoint,B4_video_west_near_tree,西侧靠树木火源,31.2888262887,120.472489068,provisional_visual,human_scene_anchor_lookup,provisional_visual_lookup,匹配已核对的画面火源区域；坐标是既有影像近似值,0.04544129260800434
T,79,70.6,0,T_hotspot_2,hotspot,0.2996577024459839,0.8263663530349732,0.34336160123348236,hotspot_box_center_candidate,B4_video_east_near_road,东侧靠道路火源,31.2887792678,120.4727584031,provisional_visual,human_scene_anchor_lookup,provisional_visual_lookup,匹配已核对的画面火源区域；坐标是既有影像近似值,0.04060590517753264
V,79,70.6372,0,V_flame_6,flame,0.5330935120582581,0.875524393717448,0.38004565768771703,flame_box_bottom_midpoint,B4_video_east_near_road,东侧靠道路火源,31.2887792678,120.4727584031,provisional_visual,human_scene_anchor_lookup,provisional_visual_lookup,匹配已核对的画面火源区域；坐标是既有影像近似值,0.050744174334221646
T,80,70.8,0,T_hotspot_2,hotspot,0.299295574426651,0.8263042211532593,0.3431638926267624,hotspot_box_center_candidate,B4_video_east_near_road,东侧靠道路火源,31.2887792678,120.4727584031,provisional_visual,human_scene_anchor_lookup,provisional_visual_lookup,匹配已核对的画面火源区域；坐标是既有影像近似值,0.04075138220328383
V,80,70.8374,0,V_flame_6,flame,0.6533472537994385,0.8797419548034668,0.39996665672019677,flame_box_bottom_midpoint,B4_video_east_near_road,东侧靠道路火源,31.2887792678,120.4727584031,provisional_visual,human_scene_anchor_lookup,provisional_visual_lookup,匹配已核对的画面火源区域；坐标是既有影像近似值,0.07101728606150985
V,80,70.8374,1,V_flame_8,flame,0.4047764837741852,0.22242652575174968,0.840368143717448,flame_box_bottom_midpoint,B4_video_west_near_tree,西侧靠树木火源,31.2888262887,120.472489068,provisional_visual,human_scene_anchor_lookup,provisional_visual_lookup,匹配已核对的画面火源区域；坐标是既有影像近似值,0.05894150827547962
T,81,71.0,0,T_hotspot_2,hotspot,0.3198584020137787,0.8178423166275024,0.3497776836156845,hotspot_box_center_candidate,B4_video_east_near_road,东侧靠道路火源,31.2887792678,120.4727584031,provisional_visual,human_scene_anchor_lookup,provisional_visual_lookup,匹配已核对的画面火源区域；坐标是既有影像近似值,0.03125915984991182
V,81,71.0376,0,V_flame_6,flame,0.8570509552955627,0.8695637702941894,0.40492302223488136,flame_box_bottom_midpoint,B4_video_east_near_road,东侧靠道路火源,31.2887792678,120.4727584031,provisional_visual,human_scene_anchor_lookup,provisional_visual_lookup,匹配已核对的画面火源区域；坐标是既有影像近似值,0.07373069051335855
V,81,71.0376,1,V_flame_8,flame,0.47923851013183594,0.2230565627415975,0.8420285260235821,flame_box_bottom_midpoint,B4_video_west_near_tree,西侧靠树木火源,31.2888262887,120.472489068,provisional_visual,human_scene_anchor_lookup,provisional_visual_lookup,匹配已核对的画面火源区域；坐标是既有影像近似值,0.06059619828493974
T,82,71.2,0,T_hotspot_2,hotspot,0.3328709602355957,0.8171878814697265,0.35234230756759644,hotspot_box_center_candidate,B4_video_east_near_road,东侧靠道路火源,31.2887792678,120.4727584031,provisional_visual,human_scene_anchor_lookup,provisional_visual_lookup,匹配已核对的画面火源区域；坐标是既有影像近似值,0.028625555895027105
V,82,71.2378,0,V_flame_6,flame,0.802457332611084,0.86915709177653,0.4064216896339699,flame_box_bottom_midpoint,B4_video_east_near_road,东侧靠道路火源,31.2887792678,120.4727584031,provisional_visual,human_scene_anchor_lookup,provisional_visual_lookup,匹配已核对的画面火源区域；坐标是既有影像近似值,0.07516293395724397
V,82,71.2378,1,V_flame_8,flame,0.44369539618492126,0.22190231482187908,0.8453453911675347,flame_box_bottom_midpoint,B4_video_west_near_tree,西侧靠树木火源,31.2888262887,120.472489068,provisional_visual,human_scene_anchor_lookup,provisional_visual_lookup,匹配已核对的画面火源区域；坐标是既有影像近似值,0.06392737370876324
T,83,71.4,0,T_hotspot_2,hotspot,0.33976879715919495,0.8177154779434204,0.34918150305747986,hotspot_box_center_candidate,B4_video_east_near_road,东侧靠道路火源,31.2887792678,120.4727584031,provisional_visual,human_scene_anchor_lookup,provisional_visual_lookup,匹配已核对的画面火源区域；坐标是既有影像近似值,0.031778793350335476
V,83,71.438,0,V_flame_6,flame,0.7718925476074219,0.8715083440144856,0.3999981067798756,flame_box_bottom_midpoint,B4_video_east_near_road,东侧靠道路火源,31.2887792678,120.4727584031,provisional_visual,human_scene_anchor_lookup,provisional_visual_lookup,匹配已核对的画面火源区域；坐标是既有影像近似值,0.06916306811736751
V,83,71.438,1,V_flame_8,flame,0.4943513870239258,0.221835986773173,0.8486030861183449,flame_box_bottom_midpoint,B4_video_west_near_tree,西侧靠树木火源,31.2888262887,120.472489068,provisional_visual,human_scene_anchor_lookup,provisional_visual_lookup,匹配已核对的画面火源区域；坐标是既有影像近似值,0.06718574199573946
T,84,71.6,0,T_hotspot_2,hotspot,0.3386786878108978,0.8160745859146118,0.3443901836872101,hotspot_box_center_candidate,B4_video_east_near_road,东侧靠道路火源,31.2887792678,120.4727584031,provisional_visual,human_scene_anchor_lookup,provisional_visual_lookup,匹配已核对的画面火源区域；坐标是既有影像近似值,0.03589960512617451
V,84,71.6382,0,V_flame_6,flame,0.8674072623252869,0.8692190170288085,0.391578448260272,flame_box_bottom_midpoint,B4_video_east_near_road,东侧靠道路火源,31.2887792678,120.4727584031,provisional_visual,human_scene_anchor_lookup,provisional_visual_lookup,匹配已核对的画面火源区域；坐标是既有影像近似值,0.0604800802579699
V,84,71.6382,1,V_flame_8,flame,0.6600515246391296,0.22231210867563883,0.8480118928132234,flame_box_bottom_midpoint,B4_video_west_near_tree,西侧靠树木火源,31.2888262887,120.472489068,provisional_visual,human_scene_anchor_lookup,provisional_visual_lookup,匹配已核对的画面火源区域；坐标是既有影像近似值,0.06658611242146226
T,85,71.8,0,T_hotspot_2,hotspot,0.4145277738571167,0.8140597820281983,0.34081999957561493,hotspot_box_center_candidate,B4_video_east_near_road,东侧靠道路火源,31.2887792678,120.4727584031,provisional_visual,human_scene_anchor_lookup,provisional_visual_lookup,匹配已核对的画面火源区域；坐标是既有影像近似值,0.0389684721689334
V,85,71.8384,0,V_flame_6,flame,0.8728194832801819,0.8718496958414713,0.3963894596806279,flame_box_bottom_midpoint,B4_video_east_near_road,东侧靠道路火源,31.2887792678,120.4727584031,provisional_visual,human_scene_anchor_lookup,provisional_visual_lookup,匹配已核对的画面火源区域；坐标是既有影像近似值,0.06567435498795743
V,85,71.8384,1,V_flame_8,flame,0.6435784697532654,0.22227623462677001,0.8462475811993634,flame_box_bottom_midpoint,B4_video_west_near_tree,西侧靠树木火源,31.2888262887,120.472489068,provisional_visual,human_scene_anchor_lookup,provisional_visual_lookup,匹配已核对的画面火源区域；坐标是既有影像近似值,0.06482253125596024
T,86,72.0,0,T_hotspot_70,hotspot,0.37451431155204773,0.8066663026809693,0.3556182533502579,hotspot_box_center_candidate,B4_video_east_near_road,东侧靠道路火源,31.2887792678,120.4727584031,provisional_visual,human_scene_anchor_lookup,provisional_visual_lookup,匹配已核对的画面火源区域；坐标是既有影像近似值,0.023579306598163503
V,86,72.0386,0,V_flame_6,flame,0.9010120630264282,0.8666035016377767,0.3915700841833044,flame_box_bottom_midpoint,B4_video_east_near_road,东侧靠道路火源,31.2887792678,120.4727584031,provisional_visual,human_scene_anchor_lookup,provisional_visual_lookup,匹配已核对的画面火源区域；坐标是既有影像近似值,0.06011042722785654
V,86,72.0386,1,V_flame_8,flame,0.6981652975082397,0.22305010159810384,0.8438322279188368,flame_box_bottom_midpoint,B4_video_west_near_tree,西侧靠树木火源,31.2888262887,120.472489068,provisional_visual,human_scene_anchor_lookup,provisional_visual_lookup,匹配已核对的画面火源区域；坐标是既有影像近似值,0.0623999117524873
T,87,72.2,0,T_hotspot_70,hotspot,0.4166663587093353,0.809052586555481,0.35361941158771515,hotspot_box_center_candidate,B4_video_east_near_road,东侧靠道路火源,31.2887792678,120.4727584031,provisional_visual,human_scene_anchor_lookup,provisional_visual_lookup,匹配已核对的画面火源区域；坐标是既有影像近似值,0.025633682140518258
V,87,72.2388,0,V_flame_6,flame,0.8894807696342468,0.8687918663024903,0.3823510629159433,flame_box_bottom_midpoint,B4_video_east_near_road,东侧靠道路火源,31.2887792678,120.4727584031,provisional_visual,human_scene_anchor_lookup,provisional_visual_lookup,匹配已核对的画面火源区域；坐标是既有影像近似值,0.051313270699030585
V,87,72.2388,1,V_flame_8,flame,0.6187241673469543,0.2212708552678426,0.842911614312066,flame_box_bottom_midpoint,B4_video_west_near_tree,西侧靠树木火源,31.2888262887,120.472489068,provisional_visual,human_scene_anchor_lookup,provisional_visual_lookup,匹配已核对的画面火源区域；坐标是既有影像近似值,0.061511493502765496
T,88,72.4,0,T_hotspot_70,hotspot,0.4023990333080292,0.8075696229934692,0.35106487572193146,hotspot_box_center_candidate,B4_video_east_near_road,东侧靠道路火源,31.2887792678,120.4727584031,provisional_visual,human_scene_anchor_lookup,provisional_visual_lookup,匹配已核对的画面火源区域；坐标是既有影像近似值,0.02812700938110274
V,88,72.439,0,V_flame_6,flame,0.8169674873352051,0.8664137840270996,0.37531955860279226,flame_box_bottom_midpoint,B4_video_east_near_road,东侧靠道路火源,31.2887792678,120.4727584031,provisional_visual,human_scene_anchor_lookup,provisional_visual_lookup,匹配已核对的画面火源区域；坐标是既有影像近似值,0.04398228894054541
V,88,72.439,1,V_flame_8,flame,0.7168206572532654,0.2189738670984904,0.8444772790979456,flame_box_bottom_midpoint,B4_video_west_near_tree,西侧靠树木火源,31.2888262887,120.472489068,provisional_visual,human_scene_anchor_lookup,provisional_visual_lookup,匹配已核对的画面火源区域；坐标是既有影像近似值,0.06319097977649277
T,89,72.6,0,T_hotspot_70,hotspot,0.4049972593784332,0.8093139410018921,0.34569644927978516,hotspot_box_center_candidate,B4_video_east_near_road,东侧靠道路火源,31.2887792678,120.4727584031,provisional_visual,human_scene_anchor_lookup,provisional_visual_lookup,匹配已核对的画面火源区域；坐标是既有影像近似值,0.03355678332651051
V,89,72.6392,0,V_flame_6,flame,0.6767567992210388,0.8667239824930827,0.38383817319516783,flame_box_bottom_midpoint,B4_video_east_near_road,东侧靠道路火源,31.2887792678,120.4727584031,provisional_visual,human_scene_anchor_lookup,provisional_visual_lookup,匹配已核对的画面火源区域；坐标是既有影像近似值,0.05245552046219807
V,89,72.6392,1,V_flame_8,flame,0.724073588848114,0.2205628474553426,0.8472430193865741,flame_box_bottom_midpoint,B4_video_west_near_tree,西侧靠树木火源,31.2888262887,120.472489068,provisional_visual,human_scene_anchor_lookup,provisional_visual_lookup,匹配已核对的画面火源区域；坐标是既有影像近似值,0.0658660862966758
T,90,72.8,0,T_hotspot_70,hotspot,0.37681421637535095,0.810457992553711,0.3399554193019867,hotspot_box_center_candidate,B4_video_east_near_road,东侧靠道路火源,31.2887792678,120.4727584031,provisional_visual,human_scene_anchor_lookup,provisional_visual_lookup,匹配已核对的画面火源区域；坐标是既有影像近似值,0.0393650658139606
V,90,72.8394,0,V_flame_6,flame,0.7765644788742065,0.8720489501953125,0.38324969256365743,flame_box_bottom_midpoint,B4_video_east_near_road,东侧靠道路火源,31.2887792678,120.4727584031,provisional_visual,human_scene_anchor_lookup,provisional_visual_lookup,匹配已核对的画面火源区域；坐标是既有影像近似值,0.052869620664224015
V,90,72.8394,1,V_flame_8,flame,0.7274319529533386,0.22005136013031007,0.8443605776186343,flame_box_bottom_midpoint,B4_video_west_near_tree,西侧靠树木火源,31.2888262887,120.472489068,provisional_visual,human_scene_anchor_lookup,provisional_visual_lookup,匹配已核对的画面火源区域；坐标是既有影像近似值,0.06301027785964249
T,91,73.0,0,T_hotspot_70,hotspot,0.4249510169029236,0.8106103897094726,0.34082499146461487,hotspot_box_center_candidate,B4_video_east_near_road,东侧靠道路火源,31.2887792678,120.4727584031,provisional_visual,human_scene_anchor_lookup,provisional_visual_lookup,匹配已核对的画面火源区域；坐标是既有影像近似值,0.03851140697645926
V,91,73.0396,0,V_flame_6,flame,0.7663120627403259,0.8730314572652181,0.3832611083984375,flame_box_bottom_midpoint,B4_video_east_near_road,东侧靠道路火源,31.2887792678,120.4727584031,provisional_visual,human_scene_anchor_lookup,provisional_visual_lookup,匹配已核对的画面火源区域；坐标是既有影像近似值,0.053120954196161634
V,91,73.0396,1,V_flame_8,flame,0.7000870108604431,0.21821727752685546,0.8461500379774306,flame_box_bottom_midpoint,B4_video_west_near_tree,西侧靠树木火源,31.2888262887,120.472489068,provisional_visual,human_scene_anchor_lookup,provisional_visual_lookup,匹配已核对的画面火源区域；坐标是既有影像近似值,0.064914502128347
T,92,73.2,0,T_hotspot_70,hotspot,0.40100568532943726,0.8113214254379273,0.3411816656589508,hotspot_box_center_candidate,B4_video_east_near_road,东侧靠道路火源,31.2887792678,120.4727584031,provisional_visual,human_scene_anchor_lookup,provisional_visual_lookup,匹配已核对的画面火源区域；坐标是既有影像近似值,0.038225146334641025
V,92,73.2398,0,V_flame_6,flame,0.7294701337814331,0.8703070322672526,0.381362462926794,flame_box_bottom_midpoint,B4_video_east_near_road,东侧靠道路火源,31.2887792678,120.4727584031,provisional_visual,human_scene_anchor_lookup,provisional_visual_lookup,匹配已核对的画面火源区域；坐标是既有影像近似值,0.05064019601100081
V,92,73.2398,1,V_flame_8,flame,0.6150370240211487,0.21948935985565185,0.849390552662037,flame_box_bottom_midpoint,B4_video_west_near_tree,西侧靠树木火源,31.2888262887,120.472489068,provisional_visual,human_scene_anchor_lookup,provisional_visual_lookup,匹配已核对的画面火源区域；坐标是既有影像近似值,0.06806308785890613
T,93,73.4,0,T_hotspot_70,hotspot,0.38736608624458313,0.8106985807418823,0.3414919674396515,hotspot_box_center_candidate,B4_video_east_near_road,东侧靠道路火源,31.2887792678,120.4727584031,provisional_visual,human_scene_anchor_lookup,provisional_visual_lookup,匹配已核对的画面火源区域；坐标是既有影像近似值,0.037854923596205355
V,93,73.44,0,V_flame_6,flame,0.8072674870491028,0.8719239234924316,0.37981940375434026,flame_box_bottom_midpoint,B4_video_east_near_road,东侧靠道路火源,31.2887792678,120.4727584031,provisional_visual,human_scene_anchor_lookup,provisional_visual_lookup,匹配已核对的画面火源区域；坐标是既有影像近似值,0.0495113748790607
V,93,73.44,1,V_flame_8,flame,0.6596295833587646,0.2221517562866211,0.852285710087529,flame_box_bottom_midpoint,B4_video_west_near_tree,西侧靠树木火源,31.2888262887,120.472489068,provisional_visual,human_scene_anchor_lookup,provisional_visual_lookup,匹配已核对的画面火源区域；坐标是既有影像近似值,0.0708618674014926
T,94,73.6,0,T_hotspot_70,hotspot,0.42346909642219543,0.8098704099655152,0.3354383707046509,hotspot_box_center_candidate,B4_video_east_near_road,东侧靠道路火源,31.2887792678,120.4727584031,provisional_visual,human_scene_anchor_lookup,provisional_visual_lookup,匹配已核对的画面火源区域；坐标是既有影像近似值,0.04382974413998717
V,94,73.6402,0,V_flame_6,flame,0.7172427177429199,0.8672728856404622,0.3711211593062789,flame_box_bottom_midpoint,B4_video_east_near_road,东侧靠道路火源,31.2887792678,120.4727584031,provisional_visual,human_scene_anchor_lookup,provisional_visual_lookup,匹配已核对的画面火源区域；坐标是既有影像近似值,0.03999651293956476
V,94,73.6402,1,V_flame_8,flame,0.6374009251594543,0.22347713311513265,0.8510021633572049,flame_box_bottom_midpoint,B4_video_west_near_tree,西侧靠树木火源,31.2888262887,120.472489068,provisional_visual,human_scene_anchor_lookup,provisional_visual_lookup,匹配已核对的画面火源区域；坐标是既有影像近似值,0.06956974838730183
T,95,73.8,0,T_hotspot_70,hotspot,0.4582940936088562,0.8103501796722412,0.32855889946222305,hotspot_box_center_candidate,B4_video_east_near_road,东侧靠道路火源,31.2887792678,120.4727584031,provisional_visual,human_scene_anchor_lookup,provisional_visual_lookup,匹配已核对的画面火源区域；坐标是既有影像近似值,0.050725628205522205
T,95,73.8,1,T_hotspot_86,hotspot,0.3325707018375397,0.23284293413162233,0.6674832403659821,hotspot_box_center_candidate,B4_video_west_near_tree,西侧靠树木火源,31.2888262887,120.472489068,provisional_visual,human_scene_anchor_lookup,provisional_visual_lookup,匹配已核对的画面火源区域；坐标是既有影像近似值,0.002499476096351179
V,95,73.8404,0,V_flame_6,flame,0.6127299666404724,0.865022087097168,0.3655181319625289,flame_box_bottom_midpoint,B4_video_east_near_road,东侧靠道路火源,31.2887792678,120.4727584031,provisional_visual,human_scene_anchor_lookup,provisional_visual_lookup,匹配已核对的画面火源区域；坐标是既有影像近似值,0.0340839794947529
V,95,73.8404,1,V_flame_8,flame,0.6298801898956299,0.22324992815653483,0.8506542064525463,flame_box_bottom_midpoint,B4_video_west_near_tree,西侧靠树木火源,31.2888262887,120.472489068,provisional_visual,human_scene_anchor_lookup,provisional_visual_lookup,匹配已核对的画面火源区域；坐标是既有影像近似值,0.06922149593229215
T,96,74.0,0,T_hotspot_70,hotspot,0.3622572422027588,0.8098990678787231,0.3212575390934944,hotspot_box_center_candidate,B4_video_east_near_road,东侧靠道路火源,31.2887792678,120.4727584031,provisional_visual,human_scene_anchor_lookup,provisional_visual_lookup,匹配已核对的画面火源区域；坐标是既有影像近似值,0.057992812646316234
T,96,74.0,1,T_hotspot_86,hotspot,0.34919941425323486,0.23102301359176636,0.6683631241321564,hotspot_box_center_candidate,B4_video_west_near_tree,西侧靠树木火源,31.2888262887,120.472489068,provisional_visual,human_scene_anchor_lookup,provisional_visual_lookup,匹配已核对的画面火源区域；坐标是既有影像近似值,0.0034475107168023588
V,96,74.0406,0,V_flame_6,flame,0.7760819792747498,0.8620647112528483,0.3671480532045718,flame_box_bottom_midpoint,B4_video_east_near_road,东侧靠道路火源,31.2887792678,120.4727584031,provisional_visual,human_scene_anchor_lookup,provisional_visual_lookup,匹配已核对的画面火源区域；坐标是既有影像近似值,0.035364086905499276
V,96,74.0406,1,V_flame_8,flame,0.4772641062736511,0.22282570997873943,0.8510704323097512,flame_box_bottom_midpoint,B4_video_west_near_tree,西侧靠树木火源,31.2888262887,120.472489068,provisional_visual,human_scene_anchor_lookup,provisional_visual_lookup,匹配已核对的画面火源区域；坐标是既有影像近似值,0.06963915459410944
T,97,74.2,0,T_hotspot_70,hotspot,0.338316410779953,0.8094268321990967,0.3239869177341461,hotspot_box_center_candidate,B4_video_east_near_road,东侧靠道路火源,31.2887792678,120.4727584031,provisional_visual,human_scene_anchor_lookup,provisional_visual_lookup,匹配已核对的画面火源区域；坐标是既有影像近似值,0.05524584802103735
T,97,74.2,1,T_hotspot_86,hotspot,0.333639532327652,0.23006354570388793,0.6681457459926605,hotspot_box_center_candidate,B4_video_west_near_tree,西侧靠树木火源,31.2888262887,120.472489068,provisional_visual,human_scene_anchor_lookup,provisional_visual_lookup,匹配已核对的画面火源区域；坐标是既有影像近似值,0.0036774567990723052
V,97,74.2408,0,V_flame_8,flame,0.5614470839500427,0.22240525881449383,0.8558630484121817,flame_box_bottom_midpoint,B4_video_west_near_tree,西侧靠树木火源,31.2888262887,120.472489068,provisional_visual,human_scene_anchor_lookup,provisional_visual_lookup,匹配已核对的画面火源区域；坐标是既有影像近似值,0.07443539244345204
T,98,74.4,0,T_hotspot_70,hotspot,0.3921236991882324,0.809370470046997,0.3352404236793518,hotspot_box_center_candidate,B4_video_east_near_road,东侧靠道路火源,31.2887792678,120.4727584031,provisional_visual,human_scene_anchor_lookup,provisional_visual_lookup,匹配已核对的画面火源区域；坐标是既有影像近似值,0.04400049890854162
T,98,74.4,1,T_hotspot_86,hotspot,0.32183733582496643,0.2298344612121582,0.6700326502323151,hotspot_box_center_candidate,B4_video_west_near_tree,西侧靠树木火源,31.2888262887,120.472489068,provisional_visual,human_scene_anchor_lookup,provisional_visual_lookup,匹配已核对的画面火源区域；坐标是既有影像近似值,0.005440382935766798
T,99,74.6,0,T_hotspot_70,hotspot,0.47028306126594543,0.8105019569396973,0.3323480263352394,hotspot_box_center_candidate,B4_video_east_near_road,东侧靠道路火源,31.2887792678,120.4727584031,provisional_visual,human_scene_anchor_lookup,provisional_visual_lookup,匹配已核对的画面火源区域；坐标是既有影像近似值,0.04695436345461075
T,99,74.6,1,T_hotspot_86,hotspot,0.3339992165565491,0.22866372466087342,0.6692441999912262,hotspot_box_center_candidate,B4_video_west_near_tree,西侧靠树木火源,31.2888262887,120.472489068,provisional_visual,human_scene_anchor_lookup,provisional_visual_lookup,匹配已核对的画面火源区域；坐标是既有影像近似值,0.005397793785159525
V,99,74.6412,0,V_flame_8,flame,0.5685355067253113,0.2189064582188924,0.854065845630787,flame_box_bottom_midpoint,B4_video_west_near_tree,西侧靠树木火源,31.2888262887,120.472489068,provisional_visual,human_scene_anchor_lookup,provisional_visual_lookup,匹配已核对的画面火源区域；坐标是既有影像近似值,0.07276426792887261
T,100,74.8,0,T_hotspot_70,hotspot,0.40783169865608215,0.8097274780273438,0.3322921618819237,hotspot_box_center_candidate,B4_video_east_near_road,东侧靠道路火源,,,,human_scene_anchor_lookup,thermal_candidate_only,仅有热像候选，缺少近期同区域明火,0.04696299633242843
T,100,74.8,1,T_hotspot_86,hotspot,0.3169718384742737,0.22591280341148376,0.6681937277317047,hotspot_box_center_candidate,B4_video_west_near_tree,西侧靠树木火源,31.2888262887,120.472489068,provisional_visual,human_scene_anchor_lookup,provisional_visual_lookup,匹配已核对的画面火源区域；坐标是既有影像近似值,0.006932863562181534
V,100,74.8414,0,V_flame_8,flame,0.6298288702964783,0.21668851375579834,0.8554319593641493,flame_box_bottom_midpoint,B4_video_west_near_tree,西侧靠树木火源,31.2888262887,120.472489068,provisional_visual,human_scene_anchor_lookup,provisional_visual_lookup,匹配已核对的画面火源区域；坐标是既有影像近似值,0.07429161518022902
V,100,74.8414,1,V_flame_6,flame,0.6280278563499451,0.8585599899291992,0.3709960372359664,flame_box_bottom_midpoint,B4_video_east_near_road,东侧靠道路火源,31.2887792678,120.4727584031,provisional_visual,human_scene_anchor_lookup,provisional_visual_lookup,匹配已核对的画面火源区域；坐标是既有影像近似值,0.03913802597480657
T,101,75.0,0,T_hotspot_70,hotspot,0.44228288531303406,0.8092508316040039,0.3318934664130211,hotspot_box_center_candidate,B4_video_east_near_road,东侧靠道路火源,31.2887792678,120.4727584031,provisional_visual,human_scene_anchor_lookup,provisional_visual_lookup,匹配已核对的画面火源区域；坐标是既有影像近似值,0.04733867803075688
T,101,75.0,1,T_hotspot_86,hotspot,0.3182779848575592,0.22595873475074768,0.6678383052349091,hotspot_box_center_candidate,B4_video_west_near_tree,西侧靠树木火源,31.2888262887,120.472489068,provisional_visual,human_scene_anchor_lookup,provisional_visual_lookup,匹配已核对的画面火源区域；坐标是既有影像近似值,0.0067393622181823815
V,101,75.0416,0,V_flame_8,flame,0.5094746947288513,0.21835908095041912,0.8510713365342882,flame_box_bottom_midpoint,B4_video_west_near_tree,西侧靠树木火源,31.2888262887,120.472489068,provisional_visual,human_scene_anchor_lookup,provisional_visual_lookup,匹配已核对的画面火源区域；坐标是既有影像近似值,0.0698117796029731
V,101,75.0416,1,V_flame_6,flame,0.41535407304763794,0.8602571169535319,0.37045892786096646,flame_box_bottom_midpoint,B4_video_east_near_road,东侧靠道路火源,31.2887792678,120.4727584031,provisional_visual,human_scene_anchor_lookup,provisional_visual_lookup,匹配已核对的画面火源区域；坐标是既有影像近似值,0.03859353681969518
T,102,75.2,0,T_hotspot_70,hotspot,0.47768253087997437,0.8101865291595459,0.3318059593439102,hotspot_box_center_candidate,B4_video_east_near_road,东侧靠道路火源,31.2887792678,120.4727584031,provisional_visual,human_scene_anchor_lookup,provisional_visual_lookup,匹配已核对的画面火源区域；坐标是既有影像近似值,0.04747464408826704
T,102,75.2,1,T_hotspot_86,hotspot,0.34245383739471436,0.22651069164276122,0.6691922843456268,hotspot_box_center_candidate,B4_video_west_near_tree,西侧靠树木火源,31.2888262887,120.472489068,provisional_visual,human_scene_anchor_lookup,provisional_visual_lookup,匹配已核对的画面火源区域；坐标是既有影像近似值,0.006942474330258372
V,102,75.2418,0,V_flame_8,flame,0.5251515507698059,0.218112317721049,0.8626160798249422,flame_box_bottom_midpoint,B4_video_west_near_tree,西侧靠树木火源,31.2888262887,120.472489068,provisional_visual,human_scene_anchor_lookup,provisional_visual_lookup,匹配已核对的画面火源区域；坐标是既有影像近似值,0.08134722955225565
V,102,75.2418,1,V_flame_6,flame,0.5199395418167114,0.8595296541849772,0.37485396773726853,flame_box_bottom_midpoint,B4_video_east_near_road,东侧靠道路火源,31.2887792678,120.4727584031,provisional_visual,human_scene_anchor_lookup,provisional_visual_lookup,匹配已核对的画面火源区域；坐标是既有影像近似值,0.04298267703676037
T,103,75.4,0,T_hotspot_70,hotspot,0.48410212993621826,0.8117435455322266,0.32448697835206985,hotspot_box_center_candidate,B4_video_east_near_road,东侧靠道路火源,31.2887792678,120.4727584031,provisional_visual,human_scene_anchor_lookup,provisional_visual_lookup,匹配已核对的画面火源区域；坐标是既有影像近似值,0.05488682190988399
T,103,75.4,1,T_hotspot_86,hotspot,0.32086554169654846,0.22632406949996947,0.6691838800907135,hotspot_box_center_candidate,B4_video_west_near_tree,西侧靠树木火源,31.2888262887,120.472489068,provisional_visual,human_scene_anchor_lookup,provisional_visual_lookup,匹配已核对的画面火源区域；坐标是既有影像近似值,0.00708908477184838
V,103,75.442,0,V_flame_8,flame,0.5455530285835266,0.21777180830637613,0.8599545514142072,flame_box_bottom_midpoint,B4_video_west_near_tree,西侧靠树木火源,31.2888262887,120.472489068,provisional_visual,human_scene_anchor_lookup,provisional_visual_lookup,匹配已核对的画面火源区域；坐标是既有影像近似值,0.07871430816282415
T,104,75.6,0,T_hotspot_70,hotspot,0.3734016716480255,0.8115593910217285,0.3179965913295746,hotspot_box_center_candidate,B4_video_east_near_road,东侧靠道路火源,31.2887792678,120.4727584031,provisional_visual,human_scene_anchor_lookup,provisional_visual_lookup,匹配已核对的画面火源区域；坐标是既有影像近似值,0.06134459612580429
T,104,75.6,1,T_hotspot_86,hotspot,0.3155820965766907,0.22631065249443055,0.6682203710079193,hotspot_box_center_candidate,B4_video_west_near_tree,西侧靠树木火源,31.2888262887,120.472489068,provisional_visual,human_scene_anchor_lookup,provisional_visual_lookup,匹配已核对的画面火源区域；坐标是既有影像近似值,0.006592042530184265
V,104,75.6422,0,V_flame_8,flame,0.7662475109100342,0.21532365481058757,0.8581214057074653,flame_box_bottom_midpoint,B4_video_west_near_tree,西侧靠树木火源,31.2888262887,120.472489068,provisional_visual,human_scene_anchor_lookup,provisional_visual_lookup,匹配已核对的画面火源区域；坐标是既有影像近似值,0.07709959734994282
V,104,75.6422,1,V_flame_6,flame,0.4703178405761719,0.8632759730021159,0.3767768012152778,flame_box_bottom_midpoint,B4_video_east_near_road,东侧靠道路火源,31.2887792678,120.4727584031,provisional_visual,human_scene_anchor_lookup,provisional_visual_lookup,匹配已核对的画面火源区域；坐标是既有影像近似值,0.04505727390525246
T,105,75.8,0,T_hotspot_70,hotspot,0.4380359649658203,0.8095833539962769,0.3265545666217804,hotspot_box_center_candidate,B4_video_east_near_road,东侧靠道路火源,31.2887792678,120.4727584031,provisional_visual,human_scene_anchor_lookup,provisional_visual_lookup,匹配已核对的画面火源区域；坐标是既有影像近似值,0.05268695424011688
T,105,75.8,1,T_hotspot_86,hotspot,0.31982341408729553,0.22456617951393126,0.6666063666343689,hotspot_box_center_candidate,B4_video_west_near_tree,西侧靠树木火源,31.2888262887,120.472489068,provisional_visual,human_scene_anchor_lookup,provisional_visual_lookup,匹配已核对的画面火源区域；坐标是既有影像近似值,0.007697548816048495
V,105,75.8424,0,V_flame_8,flame,0.713390052318573,0.20670866171518962,0.8560169361255787,flame_box_bottom_midpoint,B4_video_west_near_tree,西侧靠树木火源,31.2888262887,120.472489068,provisional_visual,human_scene_anchor_lookup,provisional_visual_lookup,匹配已核对的画面火源区域；坐标是既有影像近似值,0.07640146832798798
V,105,75.8424,1,V_flame_6,flame,0.5061537623405457,0.8644521077473958,0.3804005375614873,flame_box_bottom_midpoint,B4_video_east_near_road,东侧靠道路火源,31.2887792678,120.4727584031,provisional_visual,human_scene_anchor_lookup,provisional_visual_lookup,匹配已核对的画面火源区域；坐标是既有影像近似值,0.048773111868292536
T,106,76.0,0,T_hotspot_70,hotspot,0.5193913578987122,0.8117381572723389,0.32082661986351013,hotspot_box_center_candidate,B4_video_east_near_road,东侧靠道路火源,31.2887792678,120.4727584031,provisional_visual,human_scene_anchor_lookup,provisional_visual_lookup,匹配已核对的画面火源区域；坐标是既有影像近似值,0.05853528486985736
T,106,76.0,1,T_hotspot_86,hotspot,0.34565627574920654,0.21843693852424623,0.6667332649230957,hotspot_box_center_candidate,B4_video_west_near_tree,西侧靠树木火源,31.2888262887,120.472489068,provisional_visual,human_scene_anchor_lookup,provisional_visual_lookup,匹配已核对的画面火源区域；坐标是既有影像近似值,0.013774534096474339
V,106,76.0426,0,V_flame_8,flame,0.56586092710495,0.20330750942230225,0.8542322794596354,flame_box_bottom_midpoint,B4_video_west_near_tree,西侧靠树木火源,31.2888262887,120.472489068,provisional_visual,human_scene_anchor_lookup,provisional_visual_lookup,匹配已核对的画面火源区域；坐标是既有影像近似值,0.0754877381188615
T,107,76.2,0,T_hotspot_70,hotspot,0.50572669506073,0.812012505531311,0.3123210072517395,hotspot_box_center_candidate,B4_video_east_near_road,东侧靠道路火源,31.2887792678,120.4727584031,provisional_visual,human_scene_anchor_lookup,provisional_visual_lookup,匹配已核对的画面火源区域；坐标是既有影像近似值,0.06703800473557833
V,107,76.2428,0,V_flame_8,flame,0.6600987911224365,0.19697020053863526,0.8569098578559028,flame_box_bottom_midpoint,B4_video_west_near_tree,西侧靠树木火源,31.2888262887,120.472489068,provisional_visual,human_scene_anchor_lookup,provisional_visual_lookup,匹配已核对的画面火源区域；坐标是既有影像近似值,0.07992895543836542
V,107,76.2428,1,V_flame_6,flame,0.6017118692398071,0.8715762456258138,0.3882168805157697,flame_box_bottom_midpoint,B4_video_east_near_road,东侧靠道路火源,31.2887792678,120.4727584031,provisional_visual,human_scene_anchor_lookup,provisional_visual_lookup,匹配已核对的画面火源区域；坐标是既有影像近似值,0.05760831156912983
T,108,76.4,0,T_hotspot_70,hotspot,0.27610573172569275,0.8104682445526123,0.30723030120134354,hotspot_box_center_candidate,,,,,,,unavailable,未落入已核对火源区域,
T,108,76.4,1,T_hotspot_2,hotspot,0.3495509624481201,0.8080203294754028,0.3321254029870033,hotspot_box_center_candidate,B4_video_east_near_road,东侧靠道路火源,31.2887792678,120.4727584031,provisional_visual,human_scene_anchor_lookup,provisional_visual_lookup,匹配已核对的画面火源区域；坐标是既有影像近似值,0.04707093269534611
V,108,76.443,0,V_flame_6,flame,0.5805914998054504,0.8645541826883952,0.383020669442636,flame_box_bottom_midpoint,B4_video_east_near_road,东侧靠道路火源,31.2887792678,120.4727584031,provisional_visual,human_scene_anchor_lookup,provisional_visual_lookup,匹配已核对的画面火源区域；坐标是既有影像近似值,0.05139058634203948
T,109,76.6,0,T_hotspot_2,hotspot,0.41557663679122925,0.8078162193298339,0.3246859237551689,hotspot_box_center_candidate,B4_video_east_near_road,东侧靠道路火源,31.2887792678,120.4727584031,provisional_visual,human_scene_anchor_lookup,provisional_visual_lookup,匹配已核对的画面火源区域；坐标是既有影像近似值,0.05450709297727719
V,109,76.6432,0,V_flame_6,flame,0.5644773840904236,0.8640269915262858,0.38106536865234375,flame_box_bottom_midpoint,B4_video_east_near_road,东侧靠道路火源,31.2887792678,120.4727584031,provisional_visual,human_scene_anchor_lookup,provisional_visual_lookup,匹配已核对的画面火源区域；坐标是既有影像近似值,0.04939458186012664
V,109,76.6432,1,V_flame_8,flame,0.7641081809997559,0.20835637251536052,0.8597605387369792,flame_box_bottom_midpoint,B4_video_west_near_tree,西侧靠树木火源,31.2888262887,120.472489068,provisional_visual,human_scene_anchor_lookup,provisional_visual_lookup,匹配已核对的画面火源区域；坐标是既有影像近似值,0.07973552958651303
T,110,76.8,0,T_hotspot_2,hotspot,0.43568897247314453,0.8080206394195557,0.32947810739278793,hotspot_box_center_candidate,B4_video_east_near_road,东侧靠道路火源,31.2887792678,120.4727584031,provisional_visual,human_scene_anchor_lookup,provisional_visual_lookup,匹配已核对的画面火源区域；坐标是既有影像近似值,0.04971790375942768
T,110,76.8,1,T_hotspot_86,hotspot,0.3177666664123535,0.22389757633209229,0.6683439910411835,hotspot_box_center_candidate,B4_video_west_near_tree,西侧靠树木火源,31.2888262887,120.472489068,provisional_visual,human_scene_anchor_lookup,provisional_visual_lookup,匹配已核对的画面火源区域；坐标是既有影像近似值,0.00883581166274498
V,110,76.8434,0,V_flame_6,flame,0.649614691734314,0.8683409055074056,0.37815650657371236,flame_box_bottom_midpoint,B4_video_east_near_road,东侧靠道路火源,31.2887792678,120.4727584031,provisional_visual,human_scene_anchor_lookup,provisional_visual_lookup,匹配已核对的画面火源区域；坐标是既有影像近似值,0.04710691388613508
V,110,76.8434,1,V_flame_8,flame,0.7095159292221069,0.20696112314860027,0.8624656959816261,flame_box_bottom_midpoint,B4_video_west_near_tree,西侧靠树木火源,31.2888262887,120.472489068,provisional_visual,human_scene_anchor_lookup,provisional_visual_lookup,匹配已核对的画面火源区域；坐标是既有影像近似值,0.08265846808459608
T,111,77.0,0,T_hotspot_2,hotspot,0.435024231672287,0.8088721513748169,0.32900650799274445,hotspot_box_center_candidate,B4_video_east_near_road,东侧靠道路火源,31.2887792678,120.4727584031,provisional_visual,human_scene_anchor_lookup,provisional_visual_lookup,匹配已核对的画面火源区域；坐标是既有影像近似值,0.050209617573043784
T,111,77.0,1,T_hotspot_86,hotspot,0.3544037342071533,0.22319594621658326,0.6671116352081299,hotspot_box_center_candidate,B4_video_west_near_tree,西侧靠树木火源,31.2888262887,120.472489068,provisional_visual,human_scene_anchor_lookup,provisional_visual_lookup,匹配已核对的画面火源区域；坐标是既有影像近似值,0.009143181087587089
V,111,77.0436,0,V_flame_6,flame,0.5757694840431213,0.8746877352396647,0.37293980916341146,flame_box_bottom_midpoint,B4_video_east_near_road,东侧靠道路火源,31.2887792678,120.4727584031,provisional_visual,human_scene_anchor_lookup,provisional_visual_lookup,匹配已核对的画面火源区域；坐标是既有影像近似值,0.04375895579200569
V,111,77.0436,1,V_flame_8,flame,0.7289019227027893,0.20423389275868734,0.8641277171947338,flame_box_bottom_midpoint,B4_video_west_near_tree,西侧靠树木火源,31.2888262887,120.472489068,provisional_visual,human_scene_anchor_lookup,provisional_visual_lookup,匹配已核对的画面火源区域；坐标是既有影像近似值,0.08485842421306329
T,112,77.2,0,T_hotspot_2,hotspot,0.4192741811275482,0.8103554010391235,0.32486386597156525,hotspot_box_center_candidate,B4_video_east_near_road,东侧靠道路火源,31.2887792678,120.4727584031,provisional_visual,human_scene_anchor_lookup,provisional_visual_lookup,匹配已核对的画面火源区域；坐标是既有影像近似值,0.054414550422987616
T,112,77.2,1,T_hotspot_86,hotspot,0.3615245819091797,0.21920135021209716,0.6670290529727936,hotspot_box_center_candidate,B4_video_west_near_tree,西侧靠树木火源,31.2888262887,120.472489068,provisional_visual,human_scene_anchor_lookup,provisional_visual_lookup,匹配已核对的画面火源区域；坐标是既有影像近似值,0.013056464680187806
V,112,77.2438,0,V_flame_6,flame,0.6483370065689087,0.8800940831502279,0.37312113444010414,flame_box_bottom_midpoint,B4_video_east_near_road,东侧靠道路火源,31.2887792678,120.4727584031,provisional_visual,human_scene_anchor_lookup,provisional_visual_lookup,匹配已核对的画面火源区域；坐标是既有影像近似值,0.0460689704477925
V,112,77.2438,1,V_flame_8,flame,0.7770123481750488,0.20398597717285155,0.8620669329607928,flame_box_bottom_midpoint,B4_video_west_near_tree,西侧靠树木火源,31.2888262887,120.472489068,provisional_visual,human_scene_anchor_lookup,provisional_visual_lookup,匹配已核对的画面火源区域；坐标是既有影像近似值,0.08290879045282706
T,113,77.4,0,T_hotspot_2,hotspot,0.375405877828598,0.8082935810089111,0.3199910297989845,hotspot_box_center_candidate,B4_video_east_near_road,东侧靠道路火源,31.2887792678,120.4727584031,provisional_visual,human_scene_anchor_lookup,provisional_visual_lookup,匹配已核对的画面火源区域；坐标是既有影像近似值,0.05920819035641342
T,113,77.4,1,T_hotspot_86,hotspot,0.2713914215564728,0.2152552306652069,0.6655642688274384,hotspot_box_center_candidate,B4_video_west_near_tree,西侧靠树木火源,31.2888262887,120.472489068,provisional_visual,human_scene_anchor_lookup,provisional_visual_lookup,匹配已核对的画面火源区域；坐标是既有影像近似值,0.016864780951271634
V,113,77.444,0,V_flame_6,flame,0.40719112753868103,0.877025286356608,0.371859939010055,flame_box_bottom_midpoint,B4_video_east_near_road,东侧靠道路火源,31.2887792678,120.4727584031,provisional_visual,human_scene_anchor_lookup,provisional_visual_lookup,匹配已核对的画面火源区域；坐标是既有影像近似值,0.04362804832922687
V,113,77.444,1,V_flame_8,flame,0.8318042755126953,0.20452295144399008,0.8555861296477141,flame_box_bottom_midpoint,B4_video_west_near_tree,西侧靠树木火源,31.2888262887,120.472489068,provisional_visual,human_scene_anchor_lookup,provisional_visual_lookup,匹配已核对的画面火源区域；坐标是既有影像近似值,0.07648721700599125
T,114,77.6,0,T_hotspot_2,hotspot,0.46105068922042847,0.8077644824981689,0.3158963695168495,hotspot_box_center_candidate,B4_video_east_near_road,东侧靠道路火源,31.2887792678,120.4727584031,provisional_visual,human_scene_anchor_lookup,provisional_visual_lookup,匹配已核对的画面火源区域；坐标是既有影像近似值,0.06329581365527799
T,114,77.6,1,T_hotspot_86,hotspot,0.27259543538093567,0.21392868757247924,0.663737952709198,hotspot_box_center_candidate,B4_video_west_near_tree,西侧靠树木火源,31.2888262887,120.472489068,provisional_visual,human_scene_anchor_lookup,provisional_visual_lookup,匹配已核对的画面火源区域；坐标是既有影像近似值,0.01823511310183608
V,114,77.6442,0,V_flame_6,flame,0.44905614852905273,0.8679390907287597,0.37260058367693866,flame_box_bottom_midpoint,B4_video_east_near_road,东侧靠道路火源,31.2887792678,120.4727584031,provisional_visual,human_scene_anchor_lookup,provisional_visual_lookup,匹配已核对的画面火源区域；坐标是既有影像近似值,0.04157808539816915
V,114,77.6442,1,V_flame_8,flame,0.7802335619926453,0.20442030429840088,0.8580903795030382,flame_box_bottom_midpoint,B4_video_west_near_tree,西侧靠树木火源,31.2888262887,120.472489068,provisional_visual,human_scene_anchor_lookup,provisional_visual_lookup,匹配已核对的画面火源区域；坐标是既有影像近似值,0.07894189516156318
T,115,77.8,0,T_hotspot_2,hotspot,0.366537481546402,0.8086859464645386,0.3096853122115135,hotspot_box_center_candidate,B4_video_east_near_road,东侧靠道路火源,31.2887792678,120.4727584031,provisional_visual,human_scene_anchor_lookup,provisional_visual_lookup,匹配已核对的画面火源区域；坐标是既有影像近似值,0.06951951957690944
T,115,77.8,1,T_hotspot_86,hotspot,0.3288719058036804,0.21753433346748352,0.6647602915763855,hotspot_box_center_candidate,B4_video_west_near_tree,西侧靠树木火源,31.2888262887,120.472489068,provisional_visual,human_scene_anchor_lookup,provisional_visual_lookup,匹配已核对的画面火源区域；坐标是既有影像近似值,0.014582867645559897
V,115,77.8444,0,V_flame_6,flame,0.4899533987045288,0.8671736081441244,0.3747186166268808,flame_box_bottom_midpoint,B4_video_east_near_road,东侧靠道路火源,31.2887792678,120.4727584031,provisional_visual,human_scene_anchor_lookup,provisional_visual_lookup,匹配已核对的画面火源区域；坐标是既有影像近似值,0.04351487674570303
V,115,77.8444,1,V_flame_8,flame,0.716172456741333,0.20558199882507325,0.8650822957356771,flame_box_bottom_midpoint,B4_video_west_near_tree,西侧靠树木火源,31.2888262887,120.472489068,provisional_visual,human_scene_anchor_lookup,provisional_visual_lookup,匹配已核对的画面火源区域；坐标是既有影像近似值,0.0854998536435927
T,116,78.0,0,T_hotspot_2,hotspot,0.4457630515098572,0.8102354526519775,0.31903938204050064,hotspot_box_center_candidate,B4_video_east_near_road,东侧靠道路火源,31.2887792678,120.4727584031,provisional_visual,human_scene_anchor_lookup,provisional_visual_lookup,匹配已核对的画面火源区域；坐标是既有影像近似值,0.0602244488228561
T,116,78.0,1,T_hotspot_86,hotspot,0.29357632994651794,0.2149557054042816,0.6654360592365265,hotspot_box_center_candidate,B4_video_west_near_tree,西侧靠树木火源,31.2888262887,120.472489068,provisional_visual,human_scene_anchor_lookup,provisional_visual_lookup,匹配已核对的画面火源区域；坐标是既有影像近似值,0.017161146447319708
V,116,78.0446,0,V_flame_6,flame,0.5676266551017761,0.8736926714579264,0.36847161187065974,flame_box_bottom_midpoint,B4_video_east_near_road,东侧靠道路火源,31.2887792678,120.4727584031,provisional_visual,human_scene_anchor_lookup,provisional_visual_lookup,匹配已核对的画面火源区域；坐标是既有影像近似值,0.03922667220083259
V,116,78.0446,1,V_flame_8,flame,0.708716630935669,0.20709466139475505,0.8654864841037326,flame_box_bottom_midpoint,B4_video_west_near_tree,西侧靠树木火源,31.2888262887,120.472489068,provisional_visual,human_scene_anchor_lookup,provisional_visual_lookup,匹配已核对的画面火源区域；坐标是既有影像近似值,0.08559658725553394
T,117,78.2,0,T_hotspot_2,hotspot,0.40670961141586304,0.8117584228515625,0.3145893067121506,hotspot_box_center_candidate,B4_video_east_near_road,东侧靠道路火源,31.2887792678,120.4727584031,provisional_visual,human_scene_anchor_lookup,provisional_visual_lookup,匹配已核对的画面火源区域；坐标是既有影像近似值,0.06475746227043551
T,117,78.2,1,T_hotspot_86,hotspot,0.2832354009151459,0.2114889144897461,0.6666716933250427,hotspot_box_center_candidate,B4_video_west_near_tree,西侧靠树木火源,31.2888262887,120.472489068,provisional_visual,human_scene_anchor_lookup,provisional_visual_lookup,匹配已核对的画面火源区域；坐标是既有影像近似值,0.020684862785479236
V,117,78.2448,0,V_flame_6,flame,0.4188343286514282,0.8788752555847168,0.3692556310583044,flame_box_bottom_midpoint,B4_video_east_near_road,东侧靠道路火源,31.2887792678,120.4727584031,provisional_visual,human_scene_anchor_lookup,provisional_visual_lookup,匹配已核对的画面火源区域；坐标是既有影像近似值,0.042069826649945484
V,117,78.2448,1,V_flame_8,flame,0.6748501658439636,0.20998930136362712,0.8643494217484086,flame_box_bottom_midpoint,B4_video_west_near_tree,西侧靠树木火源,31.2888262887,120.472489068,provisional_visual,human_scene_anchor_lookup,provisional_visual_lookup,匹配已核对的画面火源区域；坐标是既有影像近似值,0.08397403023260876
T,118,78.4,0,T_hotspot_2,hotspot,0.34423062205314636,0.812076997756958,0.31753064692020416,hotspot_box_center_candidate,B4_video_east_near_road,东侧靠道路火源,31.2887792678,120.4727584031,provisional_visual,human_scene_anchor_lookup,provisional_visual_lookup,匹配已核对的画面火源区域；坐标是既有影像近似值,0.061847583900648706
V,118,78.445,0,V_flame_6,flame,0.6093703508377075,0.8760823885599772,0.36344997264720774,flame_box_bottom_midpoint,B4_video_east_near_road,东侧靠道路火源,31.2887792678,120.4727584031,provisional_visual,human_scene_anchor_lookup,provisional_visual_lookup,匹配已核对的画面火源区域；坐标是既有影像近似值,0.03563032718878023
V,118,78.445,1,V_flame_8,flame,0.587105393409729,0.21020375887552897,0.8662462022569445,flame_box_bottom_midpoint,B4_video_west_near_tree,西侧靠树木火源,31.2888262887,120.472489068,provisional_visual,human_scene_anchor_lookup,provisional_visual_lookup,匹配已核对的画面火源区域；坐标是既有影像近似值,0.08581452977605435
T,119,78.6,0,T_hotspot_2,hotspot,0.44038358330726624,0.8113364219665528,0.3246394619345665,hotspot_box_center_candidate,B4_video_east_near_road,东侧靠道路火源,31.2887792678,120.4727584031,provisional_visual,human_scene_anchor_lookup,provisional_visual_lookup,匹配已核对的画面火源区域；坐标是既有影像近似值,0.054702985891837766
V,119,78.6452,0,V_flame_6,flame,0.7336345314979553,0.8792739550272624,0.3630160578974971,flame_box_bottom_midpoint,B4_video_east_near_road,东侧靠道路火源,31.2887792678,120.4727584031,provisional_visual,human_scene_anchor_lookup,provisional_visual_lookup,匹配已核对的画面火源区域；坐标是既有影像近似值,0.03684864729742712
V,119,78.6452,1,V_flame_8,flame,0.5252304077148438,0.20704750219980875,0.8796353940610533,flame_box_bottom_midpoint,B4_video_west_near_tree,西侧靠树木火源,31.2888262887,120.472489068,provisional_visual,human_scene_anchor_lookup,provisional_visual_lookup,匹配已核对的画面火源区域；坐标是既有影像近似值,0.09953408452982922
T,120,78.8,0,T_hotspot_2,hotspot,0.4631427526473999,0.8104223251342774,0.328122116625309,hotspot_box_center_candidate,B4_video_east_near_road,东侧靠道路火源,31.2887792678,120.4727584031,provisional_visual,human_scene_anchor_lookup,provisional_visual_lookup,匹配已核对的画面火源区域；坐标是既有影像近似值,0.05116601737530717
V,120,78.8454,0,V_flame_6,flame,0.6485722064971924,0.8770680109659831,0.3721246224862558,flame_box_bottom_midpoint,B4_video_east_near_road,东侧靠道路火源,31.2887792678,120.4727584031,provisional_visual,human_scene_anchor_lookup,provisional_visual_lookup,匹配已核对的画面火源区域；坐标是既有影像近似值,0.04388778612927087
T,121,79.0,0,T_hotspot_2,hotspot,0.45391514897346497,0.8089133977890015,0.3242456540465355,hotspot_box_center_candidate,B4_video_east_near_road,东侧靠道路火源,31.2887792678,120.4727584031,provisional_visual,human_scene_anchor_lookup,provisional_visual_lookup,匹配已核对的画面火源区域；坐标是既有影像近似值,0.05496944908634943
V,121,79.0456,0,V_flame_6,flame,0.4461272954940796,0.8762904485066731,0.3781121713143808,flame_box_bottom_midpoint,B4_video_east_near_road,东侧靠道路火源,31.2887792678,120.4727584031,provisional_visual,human_scene_anchor_lookup,provisional_visual_lookup,匹配已核对的画面火源区域；坐标是既有影像近似值,0.0491674203851862
T,122,79.2,0,T_hotspot_2,hotspot,0.4367946982383728,0.8111148118972779,0.30978451669216156,hotspot_box_center_candidate,B4_video_east_near_road,东侧靠道路火源,31.2887792678,120.4727584031,provisional_visual,human_scene_anchor_lookup,provisional_visual_lookup,匹配已核对的画面火源区域；坐标是既有影像近似值,0.069512748848412
V,122,79.2458,0,V_flame_6,flame,0.5362311005592346,0.8729918162027995,0.37579461556893806,flame_box_bottom_midpoint,B4_video_east_near_road,东侧靠道路火源,31.2887792678,120.4727584031,provisional_visual,human_scene_anchor_lookup,provisional_visual_lookup,匹配已核对的画面火源区域；坐标是既有影像近似值,0.04592511828047738
T,123,79.4,0,T_hotspot_2,hotspot,0.371425062417984,0.8090703964233399,0.32127489894628525,hotspot_box_center_candidate,B4_video_east_near_road,东侧靠道路火源,31.2887792678,120.4727584031,provisional_visual,human_scene_anchor_lookup,provisional_visual_lookup,匹配已核对的画面火源区域；坐标是既有影像近似值,0.05794362482438073
V,123,79.446,0,V_flame_6,flame,0.5141706466674805,0.8654752413431803,0.37334105880172164,flame_box_bottom_midpoint,B4_video_east_near_road,东侧靠道路火源,31.2887792678,120.4727584031,provisional_visual,human_scene_anchor_lookup,provisional_visual_lookup,匹配已核对的画面火源区域；坐标是既有影像近似值,0.04188658422960414
T,124,79.6,0,T_hotspot_2,hotspot,0.3506949543952942,0.807419753074646,0.31789088249206543,hotspot_box_center_candidate,B4_video_east_near_road,东侧靠道路火源,31.2887792678,120.4727584031,provisional_visual,human_scene_anchor_lookup,provisional_visual_lookup,匹配已核对的画面火源区域；坐标是既有影像近似值,0.06129948410535053
T,125,79.8,0,T_hotspot_2,hotspot,0.31927722692489624,0.8084254026412964,0.29992471635341644,hotspot_box_center_candidate,B4_video_east_near_road,东侧靠道路火源,31.2887792678,120.4727584031,provisional_visual,human_scene_anchor_lookup,provisional_visual_lookup,匹配已核对的画面火源区域；坐标是既有影像近似值,0.07927404100458767
V,125,79.8464,0,V_flame_6,flame,0.4278283417224884,0.8620733261108399,0.38434682775426793,flame_box_bottom_midpoint,B4_video_east_near_road,东侧靠道路火源,31.2887792678,120.4727584031,provisional_visual,human_scene_anchor_lookup,provisional_visual_lookup,匹配已核对的画面火源区域；坐标是既有影像近似值,0.05253467897574474
T,126,80.0,0,T_hotspot_131,hotspot,0.37404105067253113,0.8055375337600708,0.3303017020225525,hotspot_box_center_candidate,B4_video_east_near_road,东侧靠道路火源,31.2887792678,120.4727584031,provisional_visual,human_scene_anchor_lookup,provisional_visual_lookup,匹配已核对的画面火源区域；坐标是既有影像近似值,0.04891868973863394
V,126,80.0466,0,V_flame_6,flame,0.3765414357185364,0.8663539250691732,0.384550052218967,flame_box_bottom_midpoint,B4_video_east_near_road,东侧靠道路火源,31.2887792678,120.4727584031,provisional_visual,human_scene_anchor_lookup,provisional_visual_lookup,匹配已核对的画面火源区域；坐标是既有影像近似值,0.05311239632322597
V,126,80.0466,1,V_flame_8,flame,0.563133955001831,0.21866242885589598,0.9016945167824074,flame_box_bottom_midpoint,,,,,,,unavailable,未落入已核对火源区域,
T,127,80.2,0,T_hotspot_2,hotspot,0.473177433013916,0.8091942310333252,0.3050897419452667,hotspot_box_center_candidate,B4_video_east_near_road,东侧靠道路火源,31.2887792678,120.4727584031,provisional_visual,human_scene_anchor_lookup,provisional_visual_lookup,匹配已核对的画面火源区域；坐标是既有影像近似值,0.0741257192044339
V,127,80.2468,0,V_flame_6,flame,0.44555366039276123,0.8686607042948405,0.3729151690447772,flame_box_bottom_midpoint,B4_video_east_near_road,东侧靠道路火源,31.2887792678,120.4727584031,provisional_visual,human_scene_anchor_lookup,provisional_visual_lookup,匹配已核对的画面火源区域；坐标是既有影像近似值,0.04203624309838413
T,128,80.4,0,T_hotspot_137,hotspot,0.3513041138648987,0.22911487221717836,0.6711736619472504,hotspot_box_center_candidate,B4_video_west_near_tree,西侧靠树木火源,,,,human_scene_anchor_lookup,thermal_candidate_only,仅有热像候选，缺少近期同区域明火,0.006780163865324922
T,128,80.4,1,T_hotspot_2,hotspot,0.4393794536590576,0.8109395742416382,0.28723303973674774,hotspot_box_center_candidate,B4_video_east_near_road,东侧靠道路火源,31.2887792678,120.4727584031,provisional_visual,human_scene_anchor_lookup,provisional_visual_lookup,匹配已核对的画面火源区域；坐标是既有影像近似值,0.09203080608302026
V,128,80.447,0,V_flame_6,flame,0.4899323582649231,0.868728510538737,0.3657093471950955,flame_box_bottom_midpoint,B4_video_east_near_road,东侧靠道路火源,31.2887792678,120.4727584031,provisional_visual,human_scene_anchor_lookup,provisional_visual_lookup,匹配已核对的画面火源区域；坐标是既有影像近似值,0.03505276393884829
T,129,80.6,0,T_hotspot_137,hotspot,0.39977729320526123,0.2300288498401642,0.6737292408943176,hotspot_box_center_candidate,B4_video_west_near_tree,西侧靠树木火源,,,,human_scene_anchor_lookup,thermal_candidate_only,仅有热像候选，缺少近期同区域明火,0.008884652469222636
T,129,80.6,1,T_hotspot_2,hotspot,0.34824374318122864,0.8089674711227417,0.2853688970208168,hotspot_box_center_candidate,B4_video_east_near_road,东侧靠道路火源,31.2887792678,120.4727584031,provisional_visual,human_scene_anchor_lookup,provisional_visual_lookup,匹配已核对的画面火源区域；坐标是既有影像近似值,0.09383683893077882
V,129,80.6472,0,V_flame_6,flame,0.46456092596054077,0.8657128651936848,0.37665249859845196,flame_box_bottom_midpoint,B4_video_east_near_road,东侧靠道路火源,31.2887792678,120.4727584031,provisional_visual,human_scene_anchor_lookup,provisional_visual_lookup,匹配已核对的画面火源区域；坐标是既有影像近似值,0.04519909879530439
T,130,80.8,0,T_hotspot_137,hotspot,0.42701444029808044,0.2306467652320862,0.6736332178115845,hotspot_box_center_candidate,B4_video_west_near_tree,西侧靠树木火源,,,,human_scene_anchor_lookup,thermal_candidate_only,仅有热像候选，缺少近期同区域明火,0.008665638213151295
T,131,81.0,0,T_hotspot_137,hotspot,0.3720044493675232,0.2307097375392914,0.675866574048996,hotspot_box_center_candidate,B4_video_west_near_tree,西侧靠树木火源,,,,human_scene_anchor_lookup,thermal_candidate_only,仅有热像候选，缺少近期同区域明火,0.010865031886386786
T,131,81.0,1,T_hotspot_131,hotspot,0.31250205636024475,0.8070929288864136,0.32569145411252975,hotspot_box_center_candidate,B4_video_east_near_road,东侧靠道路火源,31.2887792678,120.4727584031,provisional_visual,human_scene_anchor_lookup,provisional_visual_lookup,匹配已核对的画面火源区域；坐标是既有影像近似值,0.05349894993752219
V,131,81.0476,0,V_flame_6,flame,0.44003814458847046,0.8700108846028646,0.37389760900426794,flame_box_bottom_midpoint,B4_video_east_near_road,东侧靠道路火源,31.2887792678,120.4727584031,provisional_visual,human_scene_anchor_lookup,provisional_visual_lookup,匹配已核对的画面火源区域；坐标是既有影像近似值,0.043301266648775046
V,131,81.0476,1,V_flame_8,flame,0.45007893443107605,0.21643431186676027,0.9003269901982061,flame_box_bottom_midpoint,B4_video_west_near_tree,西侧靠树木火源,31.2888262887,120.472489068,provisional_visual,human_scene_anchor_lookup,provisional_visual_lookup,匹配已核对的画面火源区域；坐标是既有影像近似值,0.11909079251217206
T,132,81.2,0,T_hotspot_137,hotspot,0.40190646052360535,0.22994773387908934,0.6739650070667267,hotspot_box_center_candidate,B4_video_west_near_tree,西侧靠树木火源,31.2888262887,120.472489068,provisional_visual,human_scene_anchor_lookup,provisional_visual_lookup,匹配已核对的画面火源区域；坐标是既有影像近似值,0.009132899619573141
T,132,81.2,1,T_hotspot_131,hotspot,0.39026954770088196,0.8090123414993287,0.3107644245028496,hotspot_box_center_candidate,B4_video_east_near_road,东侧靠道路火源,31.2887792678,120.4727584031,provisional_visual,human_scene_anchor_lookup,provisional_visual_lookup,匹配已核对的画面火源区域；坐标是既有影像近似值,0.06844822970148591
V,132,81.2478,0,V_flame_6,flame,0.49057093262672424,0.8797214190165202,0.3663286844889323,flame_box_bottom_midpoint,B4_video_east_near_road,东侧靠道路火源,31.2887792678,120.4727584031,provisional_visual,human_scene_anchor_lookup,provisional_visual_lookup,匹配已核对的画面火源区域；坐标是既有影像近似值,0.039911933396336294
V,132,81.2478,1,V_flame_8,flame,0.5405035018920898,0.21608668168385822,0.891649995026765,flame_box_bottom_midpoint,B4_video_west_near_tree,西侧靠树木火源,31.2888262887,120.472489068,provisional_visual,human_scene_anchor_lookup,provisional_visual_lookup,匹配已核对的画面火源区域；坐标是既有影像近似值,0.11045131292519002
T,133,81.4,0,T_hotspot_137,hotspot,0.3512871563434601,0.22776673436164857,0.6716132462024689,hotspot_box_center_candidate,B4_video_west_near_tree,西侧靠树木火源,31.2888262887,120.472489068,provisional_visual,human_scene_anchor_lookup,provisional_visual_lookup,匹配已核对的画面火源区域；坐标是既有影像近似值,0.007836613465065295
T,133,81.4,1,T_hotspot_131,hotspot,0.49642783403396606,0.8097481727600098,0.301410511136055,hotspot_box_center_candidate,B4_video_east_near_road,东侧靠道路火源,31.2887792678,120.4727584031,provisional_visual,human_scene_anchor_lookup,provisional_visual_lookup,匹配已核对的画面火源区域；坐标是既有影像近似值,0.07781951369192465
V,133,81.448,0,V_flame_6,flame,0.5307615399360657,0.874300765991211,0.36281136406792536,flame_box_bottom_midpoint,B4_video_east_near_road,东侧靠道路火源,31.2887792678,120.4727584031,provisional_visual,human_scene_anchor_lookup,provisional_visual_lookup,匹配已核对的画面火源区域；坐标是既有影像近似值,0.03426323843241564
V,133,81.448,1,V_flame_8,flame,0.6715294718742371,0.21064987977345784,0.8808875189887153,flame_box_bottom_midpoint,B4_video_west_near_tree,西侧靠树木火源,31.2888262887,120.472489068,provisional_visual,human_scene_anchor_lookup,provisional_visual_lookup,匹配已核对的画面火源区域；坐标是既有影像近似值,0.10025269088909305
T,134,81.6,0,T_hotspot_137,hotspot,0.3406473398208618,0.22569960355758667,0.6683865785598755,hotspot_box_center_candidate,B4_video_west_near_tree,西侧靠树木火源,31.2888262887,120.472489068,provisional_visual,human_scene_anchor_lookup,provisional_visual_lookup,匹配已核对的画面火源区域；坐标是既有影像近似值,0.007210221444947938
V,134,81.6482,0,V_flame_6,flame,0.6150395274162292,0.8686466217041016,0.36153957225658273,flame_box_bottom_midpoint,B4_video_east_near_road,东侧靠道路火源,31.2887792678,120.4727584031,provisional_visual,human_scene_anchor_lookup,provisional_visual_lookup,匹配已核对的画面火源区域；坐标是既有影像近似值,0.031022537892851
V,134,81.6482,1,V_flame_8,flame,0.777681827545166,0.20823798179626465,0.874594963921441,flame_box_bottom_midpoint,B4_video_west_near_tree,西侧靠树木火源,31.2888262887,120.472489068,provisional_visual,human_scene_anchor_lookup,provisional_visual_lookup,匹配已核对的画面火源区域；坐标是既有影像近似值,0.09436767112318947
T,135,81.8,0,T_hotspot_137,hotspot,0.36702653765678406,0.22613440752029418,0.6688874661922455,hotspot_box_center_candidate,B4_video_west_near_tree,西侧靠树木火源,31.2888262887,120.472489068,provisional_visual,human_scene_anchor_lookup,provisional_visual_lookup,匹配已核对的画面火源区域；坐标是既有影像近似值,0.007081635822573594
V,135,81.8484,0,V_flame_6,flame,0.4999062120914459,0.8636435508728028,0.3695446155689381,flame_box_bottom_midpoint,B4_video_east_near_road,东侧靠道路火源,31.2887792678,120.4727584031,provisional_visual,human_scene_anchor_lookup,provisional_visual_lookup,匹配已核对的画面火源区域；坐标是既有影像近似值,0.037891749596340875
V,135,81.8484,1,V_flame_8,flame,0.8569014072418213,0.21145285765329996,0.8680776525426794,flame_box_bottom_midpoint,B4_video_west_near_tree,西侧靠树木火源,31.2888262887,120.472489068,provisional_visual,human_scene_anchor_lookup,provisional_visual_lookup,匹配已核对的画面火源区域；坐标是既有影像近似值,0.08744747987101484
T,136,82.0,0,T_hotspot_137,hotspot,0.35295915603637695,0.2255668044090271,0.6677561104297638,hotspot_box_center_candidate,B4_video_west_near_tree,西侧靠树木火源,31.2888262887,120.472489068,provisional_visual,human_scene_anchor_lookup,provisional_visual_lookup,匹配已核对的画面火源区域；坐标是既有影像近似值,0.00706770215959931
T,136,82.0,1,T_hotspot_2,hotspot,0.4621540606021881,0.8059228897094727,0.3021790087223053,hotspot_box_center_candidate,B4_video_east_near_road,东侧靠道路火源,31.2887792678,120.4727584031,provisional_visual,human_scene_anchor_lookup,provisional_visual_lookup,匹配已核对的画面火源区域；坐标是既有影像近似值,0.07702270346114638
V,136,82.0486,0,V_flame_6,flame,0.4565381407737732,0.8643371264139811,0.3608064156991464,flame_box_bottom_midpoint,B4_video_east_near_road,东侧靠道路火源,31.2887792678,120.4727584031,provisional_visual,human_scene_anchor_lookup,provisional_visual_lookup,匹配已核对的画面火源区域；坐标是既有影像近似值,0.02932344179243759
V,136,82.0486,1,V_flame_8,flame,0.7441862225532532,0.2109913428624471,0.8669904355649595,flame_box_bottom_midpoint,B4_video_west_near_tree,西侧靠树木火源,31.2888262887,120.472489068,provisional_visual,human_scene_anchor_lookup,provisional_visual_lookup,匹配已核对的画面火源区域；坐标是既有影像近似值,0.08643473516860577
T,137,82.2,0,T_hotspot_137,hotspot,0.36732393503189087,0.22647327780723572,0.6680869162082672,hotspot_box_center_candidate,B4_video_west_near_tree,西侧靠树木火源,31.2888262887,120.472489068,provisional_visual,human_scene_anchor_lookup,provisional_visual_lookup,匹配已核对的画面火源区域；坐标是既有影像近似值,0.006385694690980908
T,137,82.2,1,T_hotspot_2,hotspot,0.3497927486896515,0.8072707891464234,0.2742318697273731,hotspot_box_center_candidate,,,,,,,unavailable,未落入已核对火源区域,
V,137,82.2488,0,V_flame_6,flame,0.6125687956809998,0.8672639528910319,0.36229719939055266,flame_box_bottom_midpoint,B4_video_east_near_road,东侧靠道路火源,31.2887792678,120.4727584031,provisional_visual,human_scene_anchor_lookup,provisional_visual_lookup,匹配已核对的画面火源区域；坐标是既有影像近似值,0.03138101285073299
V,137,82.2488,1,V_flame_8,flame,0.5754325985908508,0.2141029119491577,0.8629633020471643,flame_box_bottom_midpoint,B4_video_west_near_tree,西侧靠树木火源,31.2888262887,120.472489068,provisional_visual,human_scene_anchor_lookup,provisional_visual_lookup,匹配已核对的画面火源区域；坐标是既有影像近似值,0.08204466925734756
T,138,82.4,0,T_hotspot_137,hotspot,0.342072993516922,0.2261227250099182,0.6674534678459167,hotspot_box_center_candidate,B4_video_west_near_tree,西侧靠树木火源,31.2888262887,120.472489068,provisional_visual,human_scene_anchor_lookup,provisional_visual_lookup,匹配已核对的画面火源区域；坐标是既有影像近似值,0.006439105320361627
V,138,82.449,0,V_flame_6,flame,0.622143030166626,0.8683197021484375,0.3594006008572049,flame_box_bottom_midpoint,B4_video_east_near_road,东侧靠道路火源,31.2887792678,120.4727584031,provisional_visual,human_scene_anchor_lookup,provisional_visual_lookup,匹配已核对的画面火源区域；坐标是既有影像近似值,0.028883094218563037
V,138,82.449,1,V_flame_8,flame,0.6852620244026184,0.2095189571380615,0.8622894852249711,flame_box_bottom_midpoint,B4_video_west_near_tree,西侧靠树木火源,31.2888262887,120.472489068,provisional_visual,human_scene_anchor_lookup,provisional_visual_lookup,匹配已核对的画面火源区域；坐标是既有影像近似值,0.08201824099560061
T,139,82.6,0,T_hotspot_137,hotspot,0.3570359945297241,0.22361378669738768,0.6667897999286652,hotspot_box_center_candidate,B4_video_west_near_tree,西侧靠树木火源,31.2888262887,120.472489068,provisional_visual,human_scene_anchor_lookup,provisional_visual_lookup,匹配已核对的画面火源区域；坐标是既有影像近似值,0.008667420279412977
T,139,82.6,1,T_hotspot_157,hotspot,0.32925671339035034,0.8069597244262695,0.295475609600544,hotspot_box_center_candidate,B4_video_east_near_road,东侧靠道路火源,31.2887792678,120.4727584031,provisional_visual,human_scene_anchor_lookup,provisional_visual_lookup,匹配已核对的画面火源区域；坐标是既有影像近似值,0.08371507084425601
V,139,82.6492,0,V_flame_6,flame,0.5359879732131958,0.872612984975179,0.35985796893084493,flame_box_bottom_midpoint,B4_video_east_near_road,东侧靠道路火源,31.2887792678,120.4727584031,provisional_visual,human_scene_anchor_lookup,provisional_visual_lookup,匹配已核对的画面火源区域；坐标是既有影像近似值,0.030872244520548247
V,139,82.6492,1,V_flame_8,flame,0.7206698060035706,0.21395580768585204,0.8698334870515047,flame_box_bottom_midpoint,B4_video_west_near_tree,西侧靠树木火源,31.2888262887,120.472489068,provisional_visual,human_scene_anchor_lookup,provisional_visual_lookup,匹配已核对的画面火源区域；坐标是既有影像近似值,0.08889042244903246
T,140,82.8,0,T_hotspot_137,hotspot,0.36693036556243896,0.2273397922515869,0.6668655872344971,hotspot_box_center_candidate,B4_video_west_near_tree,西侧靠树木火源,31.2888262887,120.472489068,provisional_visual,human_scene_anchor_lookup,provisional_visual_lookup,匹配已核对的画面火源区域；坐标是既有影像近似值,0.0050922458635737815
T,140,82.8,1,T_hotspot_157,hotspot,0.4060212969779968,0.8073671817779541,0.32093289494514465,hotspot_box_center_candidate,B4_video_east_near_road,东侧靠道路火源,31.2887792678,120.4727584031,provisional_visual,human_scene_anchor_lookup,provisional_visual_lookup,匹配已核对的画面火源区域；坐标是既有影像近似值,0.05825736004320994
V,140,82.8494,0,V_flame_6,flame,0.5064187049865723,0.8782366752624512,0.3605943185311777,flame_box_bottom_midpoint,B4_video_east_near_road,东侧靠道路火源,31.2887792678,120.4727584031,provisional_visual,human_scene_anchor_lookup,provisional_visual_lookup,匹配已核对的画面火源区域；坐标是既有影像近似值,0.034249958736156265
V,140,82.8494,1,V_flame_8,flame,0.6738631129264832,0.21383368174235026,0.8768821433738426,flame_box_bottom_midpoint,B4_video_west_near_tree,西侧靠树木火源,31.2888262887,120.472489068,provisional_visual,human_scene_anchor_lookup,provisional_visual_lookup,匹配已核对的画面火源区域；坐标是既有影像近似值,0.0959150392428159
T,141,83.0,0,T_hotspot_137,hotspot,0.31418246030807495,0.22713611721992494,0.6666433811187744,hotspot_box_center_candidate,B4_video_west_near_tree,西侧靠树木火源,31.2888262887,120.472489068,provisional_visual,human_scene_anchor_lookup,provisional_visual_lookup,匹配已核对的画面火源区域；坐标是既有影像近似值,0.0052132929332660395
T,141,83.0,1,T_hotspot_2,hotspot,0.5102391242980957,0.8078642129898072,0.295157715678215,hotspot_box_center_candidate,B4_video_east_near_road,东侧靠道路火源,31.2887792678,120.4727584031,provisional_visual,human_scene_anchor_lookup,provisional_visual_lookup,匹配已核对的画面火源区域；坐标是既有影像近似值,0.08403462713591142
V,141,83.0496,0,V_flame_6,flame,0.6056609153747559,0.8758783976236979,0.35964493928132235,flame_box_bottom_midpoint,B4_video_east_near_road,东侧靠道路火源,31.2887792678,120.4727584031,provisional_visual,human_scene_anchor_lookup,provisional_visual_lookup,匹配已核对的画面火源区域；坐标是既有影像近似值,0.03220236062408221
V,141,83.0496,1,V_flame_8,flame,0.5209904313087463,0.21281755765279134,0.8767182526765046,flame_box_bottom_midpoint,B4_video_west_near_tree,西侧靠树木火源,31.2888262887,120.472489068,provisional_visual,human_scene_anchor_lookup,provisional_visual_lookup,匹配已核对的画面火源区域；坐标是既有影像近似值,0.09585744972845354
T,142,83.2,0,T_hotspot_137,hotspot,0.33309611678123474,0.2254062831401825,0.6668581068515778,hotspot_box_center_candidate,B4_video_west_near_tree,西侧靠树木火源,31.2888262887,120.472489068,provisional_visual,human_scene_anchor_lookup,provisional_visual_lookup,匹配已核对的画面火源区域；坐标是既有影像近似值,0.006935606689471167
T,142,83.2,1,T_hotspot_2,hotspot,0.3039938509464264,0.8081296205520629,0.28006207942962646,hotspot_box_center_candidate,B4_video_east_near_road,东侧靠道路火源,31.2887792678,120.4727584031,provisional_visual,human_scene_anchor_lookup,provisional_visual_lookup,匹配已核对的画面火源区域；坐标是既有影像近似值,0.0991319097898443
V,142,83.2498,0,V_flame_6,flame,0.5846688151359558,0.8733643531799317,0.36141238742404513,flame_box_bottom_midpoint,B4_video_east_near_road,东侧靠道路火源,31.2887792678,120.4727584031,provisional_visual,human_scene_anchor_lookup,provisional_visual_lookup,匹配已核对的画面火源区域；坐标是既有影像近似值,0.03259856463305267
V,142,83.2498,1,V_flame_8,flame,0.6261206269264221,0.2098733107248942,0.8668221367730035,flame_box_bottom_midpoint,B4_video_west_near_tree,西侧靠树木火源,31.2888262887,120.472489068,provisional_visual,human_scene_anchor_lookup,provisional_visual_lookup,匹配已核对的画面火源区域；坐标是既有影像近似值,0.0864344021730684
T,143,83.4,0,T_hotspot_137,hotspot,0.31139639019966125,0.22516223788261414,0.6677700281143188,hotspot_box_center_candidate,B4_video_west_near_tree,西侧靠树木火源,31.2888262887,120.472489068,provisional_visual,human_scene_anchor_lookup,provisional_visual_lookup,匹配已核对的画面火源区域；坐标是既有影像近似值,0.0074489932264724095
T,143,83.4,1,T_hotspot_2,hotspot,0.4178233742713928,0.8080206871032715,0.3060593381524086,hotspot_box_center_candidate,B4_video_east_near_road,东侧靠道路火源,31.2887792678,120.4727584031,provisional_visual,human_scene_anchor_lookup,provisional_visual_lookup,匹配已核对的画面火源区域；坐标是既有影像近似值,0.07313479715780283
V,143,83.45,0,V_flame_6,flame,0.5992408990859985,0.8714223225911458,0.36027224505389177,flame_box_bottom_midpoint,B4_video_east_near_road,东侧靠道路火源,31.2887792678,120.4727584031,provisional_visual,human_scene_anchor_lookup,provisional_visual_lookup,匹配已核对的画面火源区域；坐标是既有影像近似值,0.03077074660131624
V,143,83.45,1,V_flame_8,flame,0.4513879418373108,0.21122236251831056,0.8644659536856192,flame_box_bottom_midpoint,B4_video_west_near_tree,西侧靠树木火源,31.2888262887,120.472489068,provisional_visual,human_scene_anchor_lookup,provisional_visual_lookup,匹配已核对的画面火源区域；坐标是既有影像近似值,0.08390314277559133
T,144,83.6,0,T_hotspot_137,hotspot,0.3621068000793457,0.22731354236602783,0.6676119267940521,hotspot_box_center_candidate,B4_video_west_near_tree,西侧靠树木火源,31.2888262887,120.472489068,provisional_visual,human_scene_anchor_lookup,provisional_visual_lookup,匹配已核对的画面火源区域；坐标是既有影像近似值,0.005420867201080476
T,144,83.6,1,T_hotspot_2,hotspot,0.4425938129425049,0.8076735973358155,0.30517733842134476,hotspot_box_center_candidate,B4_video_east_near_road,东侧靠道路火源,31.2887792678,120.4727584031,provisional_visual,human_scene_anchor_lookup,provisional_visual_lookup,匹配已核对的画面火源区域；坐标是既有影像近似值,0.07401398356274276
V,144,83.6502,0,V_flame_6,flame,0.4955514669418335,0.871873124440511,0.3633106938114873,flame_box_bottom_midpoint,B4_video_east_near_road,东侧靠道路火源,31.2887792678,120.4727584031,provisional_visual,human_scene_anchor_lookup,provisional_visual_lookup,匹配已核对的画面火源区域；坐标是既有影像近似值,0.03375707754465366
V,144,83.6502,1,V_flame_8,flame,0.7059661746025085,0.21028567949930826,0.8665863037109375,flame_box_bottom_midpoint,B4_video_west_near_tree,西侧靠树木火源,31.2888262887,120.472489068,provisional_visual,human_scene_anchor_lookup,provisional_visual_lookup,匹配已核对的画面火源区域；坐标是既有影像近似值,0.08613828995527242
T,145,83.8,0,T_hotspot_137,hotspot,0.3013193905353546,0.22736101746559143,0.6670325398445129,hotspot_box_center_candidate,B4_video_west_near_tree,西侧靠树木火源,31.2888262887,120.472489068,provisional_visual,human_scene_anchor_lookup,provisional_visual_lookup,匹配已核对的画面火源区域；坐标是既有影像近似值,0.005133094625431936
T,145,83.8,1,T_hotspot_2,hotspot,0.36886802315711975,0.8061099290847779,0.29732512682676315,hotspot_box_center_candidate,B4_video_east_near_road,东侧靠道路火源,31.2887792678,120.4727584031,provisional_visual,human_scene_anchor_lookup,provisional_visual_lookup,匹配已核对的画面火源区域；坐标是既有影像近似值,0.08187306514523622
V,145,83.8504,0,V_flame_6,flame,0.5354616045951843,0.8709314982096354,0.36182850025318286,flame_box_bottom_midpoint,B4_video_east_near_road,东侧靠道路火源,31.2887792678,120.4727584031,provisional_visual,human_scene_anchor_lookup,provisional_visual_lookup,匹配已核对的画面火源区域；坐标是既有影像近似值,0.03203553411988329
V,145,83.8504,1,V_flame_8,flame,0.6401915550231934,0.20772356192270916,0.8715648509837963,flame_box_bottom_midpoint,B4_video_west_near_tree,西侧靠树木火源,31.2888262887,120.472489068,provisional_visual,human_scene_anchor_lookup,provisional_visual_lookup,匹配已核对的画面火源区域；坐标是既有影像近似值,0.09146358807309521
T,146,84.0,0,T_hotspot_137,hotspot,0.28052887320518494,0.22556908130645753,0.6643584668636322,hotspot_box_center_candidate,B4_video_west_near_tree,西侧靠树木火源,31.2888262887,120.472489068,provisional_visual,human_scene_anchor_lookup,provisional_visual_lookup,匹配已核对的画面火源区域；坐标是既有影像近似值,0.006585380905229242
V,146,84.0506,0,V_flame_6,flame,0.5100656151771545,0.8701574643452962,0.36239149305555557,flame_box_bottom_midpoint,B4_video_east_near_road,东侧靠道路火源,31.2887792678,120.4727584031,provisional_visual,human_scene_anchor_lookup,provisional_visual_lookup,匹配已核对的画面火源区域；坐标是既有影像近似值,0.03230094320335995
V,146,84.0506,1,V_flame_8,flame,0.7951385378837585,0.20300156275431316,0.8794839929651331,flame_box_bottom_midpoint,B4_video_west_near_tree,西侧靠树木火源,31.2888262887,120.472489068,provisional_visual,human_scene_anchor_lookup,provisional_visual_lookup,匹配已核对的画面火源区域；坐标是既有影像近似值,0.10012484973305621
T,147,84.2,0,T_hotspot_137,hotspot,0.2944132685661316,0.22704068422317505,0.6668791472911835,hotspot_box_center_candidate,B4_video_west_near_tree,西侧靠树木火源,31.2888262887,120.472489068,provisional_visual,human_scene_anchor_lookup,provisional_visual_lookup,匹配已核对的画面火源区域；坐标是既有影像近似值,0.005378137094828774
T,147,84.2,1,T_hotspot_2,hotspot,0.3967988193035126,0.8063688516616822,0.31769831478595734,hotspot_box_center_candidate,B4_video_east_near_road,东侧靠道路火源,31.2887792678,120.4727584031,provisional_visual,human_scene_anchor_lookup,provisional_visual_lookup,匹配已核对的画面火源区域；坐标是既有影像近似值,0.061498255085445826
V,147,84.2508,0,V_flame_6,flame,0.6486180424690247,0.8686048825581868,0.3610373037832755,flame_box_bottom_midpoint,B4_video_east_near_road,东侧靠道路火源,31.2887792678,120.4727584031,provisional_visual,human_scene_anchor_lookup,provisional_visual_lookup,匹配已核对的画面火源区域；坐标是既有影像近似值,0.030530185105762126
V,147,84.2508,1,V_flame_8,flame,0.5964924693107605,0.20783450603485107,0.8736785888671875,flame_box_bottom_midpoint,B4_video_west_near_tree,西侧靠树木火源,31.2888262887,120.472489068,provisional_visual,human_scene_anchor_lookup,provisional_visual_lookup,匹配已核对的画面火源区域；坐标是既有影像近似值,0.09352886890987767
T,148,84.4,0,T_hotspot_137,hotspot,0.31758230924606323,0.22673210501670837,0.6671770513057709,hotspot_box_center_candidate,B4_video_west_near_tree,西侧靠树木火源,31.2888262887,120.472489068,provisional_visual,human_scene_anchor_lookup,provisional_visual_lookup,匹配已核对的画面火源区域；坐标是既有影像近似值,0.005770913831762021
T,148,84.4,1,T_hotspot_2,hotspot,0.44905614852905273,0.8070276975631714,0.32361188530921936,hotspot_box_center_candidate,B4_video_east_near_road,东侧靠道路火源,31.2887792678,120.4727584031,provisional_visual,human_scene_anchor_lookup,provisional_visual_lookup,匹配已核对的画面火源区域；坐标是既有影像近似值,0.05557874052977915
V,148,84.451,0,V_flame_6,flame,0.742888331413269,0.8712518692016602,0.36398815578884547,flame_box_bottom_midpoint,B4_video_east_near_road,东侧靠道路火源,31.2887792678,120.4727584031,provisional_visual,human_scene_anchor_lookup,provisional_visual_lookup,匹配已核对的画面火源区域；坐标是既有影像近似值,0.03417176566057076
V,148,84.451,1,V_flame_8,flame,0.6839783787727356,0.21107011636098225,0.8637387311017072,flame_box_bottom_midpoint,B4_video_west_near_tree,西侧靠树木火源,31.2888262887,120.472489068,provisional_visual,human_scene_anchor_lookup,provisional_visual_lookup,匹配已核对的画面火源区域；坐标是既有影像近似值,0.08320571759514614
T,149,84.6,0,T_hotspot_137,hotspot,0.31953075528144836,0.22640730142593385,0.6662989556789398,hotspot_box_center_candidate,B4_video_west_near_tree,西侧靠树木火源,31.2888262887,120.472489068,provisional_visual,human_scene_anchor_lookup,provisional_visual_lookup,匹配已核对的画面火源区域；坐标是既有影像近似值,0.005832240594786783
T,149,84.6,1,T_hotspot_2,hotspot,0.36171719431877136,0.8061366558074952,0.32681313157081604,hotspot_box_center_candidate,B4_video_east_near_road,东侧靠道路火源,31.2887792678,120.4727584031,provisional_visual,human_scene_anchor_lookup,provisional_visual_lookup,匹配已核对的画面火源区域；坐标是既有影像近似值,0.05238900775709279
V,149,84.6512,0,V_flame_6,flame,0.8191718459129333,0.8683097839355469,0.36531784622757524,flame_box_bottom_midpoint,B4_video_east_near_road,东侧靠道路火源,31.2887792678,120.4727584031,provisional_visual,human_scene_anchor_lookup,provisional_visual_lookup,匹配已核对的画面火源区域；坐标是既有影像近似值,0.034566872567260924
V,149,84.6512,1,V_flame_8,flame,0.7514712810516357,0.21391518910725912,0.866036535192419,flame_box_bottom_midpoint,B4_video_west_near_tree,西侧靠树木火源,31.2888262887,120.472489068,provisional_visual,human_scene_anchor_lookup,provisional_visual_lookup,匹配已核对的画面火源区域；坐标是既有影像近似值,0.0851197723482755
T,150,84.8,0,T_hotspot_137,hotspot,0.32792866230010986,0.22579073905944824,0.6651346981525421,hotspot_box_center_candidate,B4_video_west_near_tree,西侧靠树木火源,31.2888262887,120.472489068,provisional_visual,human_scene_anchor_lookup,provisional_visual_lookup,匹配已核对的画面火源区域；坐标是既有影像近似值,0.006322815582822396
T,150,84.8,1,T_hotspot_2,hotspot,0.45194104313850403,0.8059546232223511,0.3181532174348831,hotspot_box_center_candidate,B4_video_east_near_road,东侧靠道路火源,31.2887792678,120.4727584031,provisional_visual,human_scene_anchor_lookup,provisional_visual_lookup,匹配已核对的画面火源区域；坐标是既有影像近似值,0.06105083433100308
V,150,84.8514,0,V_flame_6,flame,0.5135601758956909,0.8679330190022786,0.3628188239203559,flame_box_bottom_midpoint,B4_video_east_near_road,东侧靠道路火源,31.2887792678,120.4727584031,provisional_visual,human_scene_anchor_lookup,provisional_visual_lookup,匹配已核对的画面火源区域；坐标是既有影像近似值,0.03205480959330231
V,150,84.8514,1,V_flame_8,flame,0.5752425789833069,0.20916667779286702,0.8579603972258392,flame_box_bottom_midpoint,B4_video_west_near_tree,西侧靠树木火源,31.2888262887,120.472489068,provisional_visual,human_scene_anchor_lookup,provisional_visual_lookup,匹配已核对的画面火源区域；坐标是既有影像近似值,0.07781693489910763
